ppo_step,t_wall_s,t_sim_s,ppo_step_sim_dt,inner_ticks,x,y,yaw,goal_distance_m,goal_distance_norm,ppo_reward,ppo_reward_cumulative,navigation_reward,terminal_reward,frame_cost_reward,fresh_observation,frame_consumed,episode_frame_count,current_fps,scan_divisor_k,obs_age_ratio,fps_ratio,frame_count_ratio,action_linear,action_angular,outcome,done
1,0.08721212390810251,0.08000000000000185,0.10000000000000142,67,-1.8289267525901907,-2.1618540503836363,-2.745710594875014,3.832346022758898,0.645209014415741,-0.0024005249429384793,-0.0024005249429384793,-0.0024005249429384793,0.0,-0.0,False,False,1,10.0,5,0.016,1.0,0.002,0.845342218875885,-0.3138645887374878,0,False
2,0.28792318189516664,0.26000000000000156,0.1819999999999986,317,-1.8583661366819701,-2.172674189680721,-2.844409535772086,3.862228222646819,0.6502399444580078,-0.0078160825447954,-0.01021660748773388,-0.0078160825447954,0.0,-0.0,True,True,2,0.2,250,0.032,0.02,0.004,0.8373731374740601,-0.33425652980804443,0,False
3,0.3878596848808229,0.35999999999999943,0.10000000000000142,163,-1.876355412049348,-2.177523776211671,-2.9127050070821903,3.8804181112558056,0.6533023715019226,-0.004757804692483183,-0.014974412180217063,-0.004757804692483183,0.0,-0.0,False,False,2,0.2,250,0.052,0.02,0.004,0.8559750914573669,-0.344523549079895,0,False
4,0.5880000789184123,0.5599999999999987,0.1999999999999993,340,-1.9142854338781716,-2.1836309385961057,-3.0532445539561115,3.9185903602234675,0.65972900390625,-0.009984453954888645,-0.024958866135105708,-0.009984453954888645,0.0,-0.0,False,False,2,0.2,250,0.092,0.02,0.004,0.8892012238502502,-0.36689314246177673,0,False
5,0.6880279418546706,0.6600000000000001,0.10000000000000142,170,-1.9336159421373027,-2.184654660382597,-3.12767803277609,3.937947497372593,0.6629879474639893,-0.005063113905802124,-0.03002198004090783,-0.005063113905802124,0.0,-0.0,False,False,2,0.2,250,0.112,0.02,0.004,0.5746120810508728,-0.9608142971992493,0,False
6,0.888131545856595,0.8599999999999994,0.1999999999999993,334,-1.9638664202409004,-2.1807568051872255,2.8216067750829166,3.9679854720126104,0.6680451035499573,-0.007856827480755444,-0.037878807521663276,-0.007856827480755444,0.0,-0.0,False,False,2,0.2,250,0.152,0.02,0.004,0.6552065014839172,-0.9256523847579956,0,False
7,1.087989771971479,1.0599999999999987,0.1999999999999993,338,-1.99031779028183,-2.1662260504982105,2.4613769120365814,3.9937785846580045,0.6723875999450684,-0.0067465279758434716,-0.044625335497506746,-0.0067465279758434716,0.0,-0.0,False,False,2,0.2,250,0.192,0.02,0.004,0.7156450152397156,-0.8387744426727295,0,False
8,1.1881960628088564,1.1600000000000001,0.10000000000000142,170,-2.0020164924078583,-2.155038635823776,2.2962086826415127,4.005018441088805,0.6742799282073975,-0.002939932333773695,-0.04756526783128044,-0.002939932333773695,0.0,-0.0,False,False,2,0.2,250,0.212,0.02,0.004,0.7488462328910828,-0.7991706728935242,0,False
9,1.3880283809266984,1.3599999999999994,0.1999999999999993,336,-2.020265692765912,-2.1263526974839655,1.97964965124757,4.022250669005927,0.6771811246871948,-0.004507315938455828,-0.052072583769736266,-0.004507315938455828,0.0,-0.0,False,False,2,0.2,250,0.252,0.02,0.004,0.7843428254127502,-0.7735404968261719,0,False
10,1.5882210838608444,1.5599999999999987,0.1999999999999993,335,-2.0291787505594545,-2.0927164620270786,1.6718189168451636,4.03024545412374,0.6785271167755127,-0.002091141236023616,-0.05416372500575988,-0.002091141236023616,0.0,-0.0,False,False,2,0.2,250,0.292,0.02,0.004,0.7959188222885132,-0.7560840845108032,0,False
11,1.6884272848255932,1.6600000000000001,0.10000000000000142,169,-2.0295275539696727,-2.0757995987916056,1.5100175913824903,4.030240497654355,0.6785262823104858,1.2964297806160774e-06,-0.05416242857597926,1.2964297806160774e-06,0.0,-0.0,False,False,2,0.2,250,0.312,0.02,0.004,0.7886190414428711,-0.7646602392196655,0,False
12,1.7892515999265015,1.7600000000000016,0.10099999999999909,164,-2.0272042998463946,-2.05929938780347,1.3452739775608578,4.027640829461985,0.6780886054039001,0.00067997741989724,-0.05348245115608202,0.00067997741989724,0.0,-0.0,False,False,2,0.2,250,0.332,0.02,0.004,0.7775062918663025,-0.7154203057289124,0,False
13,1.8902449139859527,1.8599999999999994,0.10099999999999909,169,-2.0222525255659445,-2.0433697861121294,1.1972364921901515,4.022486455335236,0.6772208213806152,0.0013481943696425948,-0.05213425678643943,0.0013481943696425948,0.0,-0.0,False,False,2,0.2,250,0.352,0.02,0.004,0.8141525387763977,-0.5192440152168274,0,False
14,1.9904925739392638,1.9600000000000009,0.10000000000000142,168,-2.015874352794538,-2.029782926261039,1.0495253196527872,4.015984629602855,0.6761261820793152,0.001700638065697043,-0.05043361872074239,0.001700638065697043,0.0,-0.0,False,False,2,0.2,250,0.372,0.02,0.004,0.840872049331665,-0.33637839555740356,0,False
15,2.09150610701181,2.0599999999999987,0.10099999999999909,170,-2.0065123657041704,-2.014866178578182,0.9773791991945748,4.006540077189963,0.6745361089706421,0.0024703469468339554,-0.04796327177390843,0.0024703469468339554,0.0,-0.0,False,False,2,0.2,250,0.392,0.02,0.004,0.8455946445465088,-0.3109591007232666,0,False
16,2.1922179739922285,2.16,0.10099999999999909,167,-1.995710601440254,-1.9999143977443992,0.9125510652775223,3.9957105456175257,0.6727128624916077,0.002832606468369597,-0.04513066530553884,0.002832606468369597,0.0,-0.0,False,False,2,0.2,250,0.412,0.02,0.004,0.8473269939422607,-0.28992730379104614,0,False
17,2.2925322738010436,2.2600000000000016,0.10000000000000142,168,-1.983794413892571,-1.985405295557135,0.8555280064843118,3.983821037663778,0.6707111597061157,0.0031098572371526106,-0.04202080806838623,0.0031098572371526106,0.0,-0.0,False,False,2,0.2,250,0.432,0.02,0.004,0.8545541763305664,-0.27133163809776306,0,False
18,2.3931637909263372,2.3599999999999994,0.10099999999999909,167,-1.9709893992188412,-1.9714567657037432,0.8015144490599109,3.9710921162163486,0.6685681343078613,0.0033294168807009965,-0.038691391187685234,0.0033294168807009965,0.0,-0.0,False,False,2,0.2,250,0.452,0.02,0.004,0.8638607263565063,-0.25634729862213135,0,False
19,2.4935200698673725,2.460000000000001,0.10000000000000142,168,-1.9573023263395637,-1.9580245003717758,0.7507185839084727,3.957524843375819,0.6662839651107788,0.0035486987178680375,-0.035142692469817195,0.0035486987178680375,0.0,-0.0,False,False,2,0.2,250,0.472,0.02,0.004,0.8796765208244324,-0.24101771414279938,0,False
20,2.69385330285877,2.66,0.1999999999999993,338,-1.9273342760220746,-1.9325907511651659,0.6589057954622676,3.927912771069374,0.6612985134124756,0.007745427121755424,-0.02739726534806177,0.007745427121755424,0.0,-0.0,False,False,2,0.2,250,0.512,0.02,0.004,0.9055324792861938,-0.2065010368824005,0,False
21,2.7936523279640824,2.7600000000000016,0.10000000000000142,168,-1.911245033594873,-1.9206475693301448,0.6182299673108222,3.9120499448365895,0.6586278676986694,0.004149130910515994,-0.023248134437545778,0.004149130910515994,0.0,-0.0,False,False,2,0.2,250,0.532,0.02,0.004,0.9126643538475037,-0.19214381277561188,0,False
22,2.994068699888885,2.960000000000001,0.1999999999999993,336,-1.8774776012252863,-1.8984794608965025,0.5449799059132012,3.878806550638664,0.653031051158905,0.008695247140261177,-0.0145528872972846,0.008695247140261177,0.0,-0.0,False,False,2,0.2,250,0.572,0.02,0.004,0.9194585084915161,-0.16707032918930054,0,False
23,3.1937909389380366,3.16,0.1999999999999993,337,-1.8420454665707127,-1.878543701288755,0.4810987805371078,3.843964695064115,0.6471651196479797,0.009113345744487675,-0.005439541552796925,0.009113345744487675,0.0,-0.0,False,False,2,0.2,250,0.612,0.02,0.004,0.9244927167892456,-0.14581449329853058,0,False
24,3.2939046318642795,3.2600000000000016,0.10000000000000142,167,-1.8238213691609824,-1.8693598285283857,0.45231741217922006,3.8260523687406818,0.6441494226455688,0.004685204624772516,-0.0007543369280244095,0.004685204624772516,0.0,-0.0,False,False,2,0.2,250,0.632,0.02,0.004,0.9269195199012756,-0.1359231323003769,0,False
25,3.494141235947609,3.460000000000001,0.1999999999999993,338,-1.7865395959023138,-1.8524400023803222,0.40051609480196165,3.7894137930141127,0.6379809975624084,0.009583301539936378,0.008828964611911967,0.009583301539936378,0.0,-0.0,False,False,2,0.2,250,0.672,0.02,0.004,0.930770754814148,-0.11708339303731918,0,False
26,3.695239271968603,3.66,0.1999999999999993,342,-1.7483461657016062,-1.8372737589759984,0.3562886377073357,3.7518766801947705,0.6316612958908081,0.00981832573872419,0.018647290350636156,0.00981832573872419,0.0,-0.0,False,False,2,0.2,250,0.712,0.02,0.004,0.9348036646842957,-0.09807325899600983,0,False
27,3.7953931628726423,3.7600000000000016,0.10000000000000142,170,-1.7289580904493855,-1.8302680847692447,0.33704151841650254,3.7328190554099026,0.6284527778625488,0.004984772506206186,0.023632062856842342,0.004984772506206186,0.0,-0.0,False,False,2,0.2,250,0.732,0.02,0.004,0.937422513961792,-0.08813197910785675,0,False
28,3.996661707991734,3.960000000000001,0.20099999999999696,338,-1.6896774298155357,-1.8172373772892476,0.30451012672948913,3.6942010782311288,0.6219511032104492,0.01010104003301078,0.03373310288985312,0.01010104003301078,0.0,-0.0,False,False,2,0.2,250,0.772,0.02,0.004,0.9421956539154053,-0.0670660212635994,0,False
29,4.096611371962354,4.059999999999999,0.10000000000000142,170,-1.6698318678758584,-1.8111415529583386,0.29149045012960484,3.6746881663299065,0.6186659336090088,0.005103858841762285,0.03883696173161541,0.005103858841762285,0.0,-0.0,False,False,2,0.2,250,0.792,0.02,0.004,0.9441300630569458,-0.05687260255217552,0,False
30,4.1968695528339595,4.16,0.10000000000000142,169,-1.6498788580132704,-1.8052748590120624,0.2804614821842648,3.6550693984039646,0.6153629422187805,0.005131546877789598,0.04396850860940501,0.005131546877789598,0.0,-0.0,False,False,2,0.2,250,0.812,0.02,0.004,0.9456190466880798,-0.04770811274647713,0,False
31,4.39690670883283,4.359999999999999,0.1999999999999993,339,-1.6097303116209216,-1.7940940200154871,0.26358627443994315,3.615598200423936,0.6087176203727722,0.010324211159519437,0.05429271976892445,0.010324211159519437,0.0,-0.0,False,False,2,0.2,250,0.852,0.02,0.004,0.9477241635322571,-0.03252178058028221,0,False
32,4.597026085015386,4.559999999999999,0.1999999999999993,340,-1.5693663684482584,-1.7834607335565147,0.25225771681399345,3.5759287436685123,0.6020389199256897,0.010376068350741292,0.06466878811966574,0.010376068350741292,0.0,-0.0,False,False,2,0.2,250,0.892,0.02,0.004,0.9487058520317078,-0.02107793092727661,0,False
33,4.696963828988373,4.66,0.10000000000000142,169,-1.549137330029568,-1.7782917451334732,0.24819702535456808,3.556055425636304,0.5986930727958679,0.0051981278072334176,0.06986691592689916,0.0051981278072334176,0.0,-0.0,False,False,2,0.2,250,0.912,0.02,0.004,0.9487898349761963,-0.01741156540811062,0,False
34,4.896827156888321,4.859999999999999,0.1999999999999993,339,-1.5086251137792976,-1.768166294927127,0.24207441175843356,3.5162758644538306,0.5919958353042603,0.010404867612294914,0.08027178353919406,0.010404867612294914,0.0,-0.0,False,False,2,0.2,250,0.952,0.02,0.004,0.9489338397979736,-0.011533345095813274,0,False
35,5.097234810004011,5.059999999999999,0.1999999999999993,343,-1.4680544156050381,-1.7582424245654358,0.23813172356596077,3.476470812857378,0.5852943062782288,0.010411534965451953,0.09068331850464602,0.010411534965451953,0.0,-0.0,False,False,2,0.2,250,0.992,0.02,0.004,0.9492239952087402,-0.0068747359327971935,0,False
36,5.197329903021455,5.16,0.10000000000000142,166,-1.4486379925600723,-1.7535665542987378,0.2278635829641088,3.457431597815939,0.5820888876914978,0.004979957195592801,0.09566327570023882,0.004979957195592801,0.0,-0.0,True,True,3,0.2,250,0.012,0.02,0.006,0.6096490621566772,0.846488893032074,0,False
37,5.397317849798128,5.359999999999999,0.1999999999999993,332,-1.4167221780065218,-1.744208835537281,0.42314255840511017,3.426283728067236,0.5768448710441589,0.00814713514947096,0.10381041084970978,0.00814713514947096,0.0,-0.0,False,False,3,0.2,250,0.052,0.02,0.006,0.5470618009567261,0.8608893156051636,0,False
38,5.597075329860672,5.559999999999999,0.1999999999999993,323,-1.4001565136029395,-1.7333826872324432,0.7788295903629411,3.4105936701958672,0.5742033123970032,0.004103941072451178,0.10791435192216096,0.004103941072451178,0.0,-0.0,False,False,3,0.2,250,0.092,0.02,0.006,0.23929965496063232,0.9447490572929382,0,False
39,5.697347800945863,5.66,0.10000000000000142,167,-1.3970554031180233,-1.729861258378638,0.9667334780573886,3.4077794576858373,0.5737295150756836,0.0007360943089695582,0.10865044623113053,0.0007360943089695582,0.0,-0.0,False,False,3,0.2,250,0.112,0.02,0.006,0.1189703717827797,0.972215473651886,0,False
40,5.897182310000062,5.859999999999999,0.1999999999999993,324,-1.3952637853120227,-1.7258887384333925,1.359281886957976,3.4063109266138025,0.5734822750091553,0.0003841136235508784,0.10903455985468141,0.0003841136235508784,0.0,-0.0,False,False,3,0.2,250,0.152,0.02,0.006,0.17208653688430786,0.9880284070968628,0,False
41,6.097657812992111,6.059999999999999,0.1999999999999993,326,-1.3956205251202753,-1.7121628988095727,1.7523606078004774,3.4077982214627944,0.5737326741218567,-0.00038902153629153324,0.10864553831838988,-0.00038902153629153324,0.0,-0.0,False,False,3,0.2,250,0.192,0.02,0.006,0.5578403472900391,0.9841323494911194,0,False
42,6.197409188840538,6.16,0.10000000000000142,160,-1.3989991956187935,-1.700395152382657,1.9484421167332853,3.412177970231392,0.574470043182373,-0.001145580915368326,0.10749995740302155,-0.001145580915368326,0.0,-0.0,False,False,3,0.2,250,0.212,0.02,0.006,0.637093722820282,0.9746881127357483,0,False
43,6.397681694012135,6.359999999999999,0.1999999999999993,326,-1.4154692767760622,-1.6751648216153259,2.330044328955731,3.430881561488768,0.5776189565658569,-0.004892170379024168,0.10260778702399738,-0.004892170379024168,0.0,-0.0,False,False,3,0.2,250,0.252,0.02,0.006,0.8154580593109131,0.877275288105011,0,False
44,6.597656501922756,6.559999999999999,0.1999999999999993,330,-1.4448947023771792,-1.6531403475036135,2.64451889988797,3.462313012092992,0.5829107165336609,-0.008221309453343704,0.09438647757065367,-0.008221309453343704,0.0,-0.0,False,False,3,0.2,250,0.292,0.02,0.006,0.8907695412635803,0.535530149936676,0,False
45,6.698484297841787,6.68,0.10099999999999909,166,-1.4602683917594912,-1.6460971858218048,2.834639915240198,3.4760587178313775,0.5852249264717102,-0.0035953701899677773,0.0907911073806859,-0.0035953701899677773,0.0,-0.0,False,False,3,0.2,250,0.312,0.02,0.006,0.9412342309951782,0.18177302181720734,0,False
46,6.798718578880653,6.780000000000001,0.10000000000000142,156,-1.4736750012137128,-1.6425119162083253,2.913931238964303,3.4920217355524423,0.5879124402999878,-0.0041753373125084986,0.0866157700681774,-0.0041753373125084986,0.0,-0.0,False,False,3,0.2,250,0.336,0.02,0.006,0.9679451584815979,-0.23859348893165588,0,False
47,6.999187022913247,6.98,0.1999999999999993,332,-1.5107167160490838,-1.633390909193469,2.865570603858321,3.5298066718410284,0.5942738652229309,-0.009883147227751509,0.0767326228404259,-0.009883147227751509,0.0,-0.0,False,False,3,0.2,250,0.376,0.02,0.006,0.958643913269043,-0.009207473136484623,0,False
48,7.098906008992344,7.080000000000002,0.10000000000000142,166,-1.530964570397088,-1.6276330109912422,2.87093887669289,3.5505448937808985,0.597765326499939,-0.005424354803939074,0.07130826803648682,-0.005424354803939074,0.0,-0.0,False,False,3,0.2,250,0.392,0.02,0.006,0.9569469690322876,0.019633905962109566,0,False
49,7.299109005834907,7.280000000000001,0.1999999999999993,330,-1.5715966536230626,-1.6164769560251975,2.877446940822576,3.592129317886524,0.6047664284706116,-0.010876953256668731,0.06043131477981809,-0.010876953256668731,0.0,-0.0,False,False,3,0.2,250,0.436,0.02,0.006,0.957294762134552,0.02460319921374321,0,False
50,7.498923234874383,7.48,0.1999999999999993,328,-1.6122902602756495,-1.6057089140629628,2.8879817349917354,3.629579692491631,0.6110715270042419,-0.009795638217564571,0.05063567656225352,-0.009795638217564571,0.0,-0.0,False,False,3,0.2,250,0.472,0.02,0.006,0.9579675197601318,0.025027047842741013,0,False
51,7.59925715602003,7.580000000000002,0.10000000000000142,164,-1.6326888169091789,-1.600475826463726,2.8928704044673026,3.6545925152424337,0.6152826547622681,-0.006542432887534396,0.044093243674719125,-0.006542432887534396,0.0,-0.0,False,False,3,0.2,250,0.496,0.02,0.006,0.9582703113555908,0.025667617097496986,0,False
52,7.79948792187497,7.780000000000001,0.1999999999999993,328,-1.6735937653044024,-1.590313090787322,2.9031727437434736,3.6963677634193766,0.6223158836364746,-0.010926865803219664,0.03316637787149946,-0.010926865803219664,0.0,-0.0,False,False,3,0.2,250,0.536,0.02,0.006,0.9589587450027466,0.025667928159236908,0,False
53,7.999127192888409,7.98,0.1999999999999993,327,-1.7146427808979223,-1.580560610724053,2.9134942371850108,3.7340556945214303,0.6286609768867493,-0.009857774244903736,0.023308603626595724,-0.009857774244903736,0.0,-0.0,False,False,3,0.2,250,0.572,0.02,0.006,0.959626317024231,0.025991031900048256,0,False
54,8.09927392587997,8.080000000000002,0.10000000000000142,163,-1.7352189030418697,-1.5758404420940875,2.9187036937929456,3.7592250000913845,0.6328984498977661,-0.006583363027748865,0.01672524059884686,-0.006583363027748865,0.0,-0.0,False,False,3,0.2,250,0.592,0.02,0.006,0.9597492814064026,0.026019815355539322,0,False
55,8.299158145906404,8.280000000000001,0.1999999999999993,326,-1.776451951725427,-1.566719663206286,2.9291646732544434,3.7970240977210703,0.6392622590065002,-0.009886851312838818,0.006838389286008042,-0.009886851312838818,0.0,-0.0,False,False,3,0.2,250,0.632,0.02,0.006,0.959730327129364,0.02639072574675083,0,False
56,8.49970277887769,8.48,0.1999999999999993,328,-1.8177559896675213,-1.5580497327209568,2.940659970012156,3.843251317506219,0.6470450162887573,-0.012091337552533147,-0.005252948266525104,-0.012091337552533147,0.0,-0.0,False,False,3,0.2,250,0.676,0.02,0.006,0.9597780108451843,0.030312323942780495,0,False
57,8.599676133831963,8.580000000000002,0.10000000000000142,163,-1.8384394304471552,-1.5539016736057871,2.9467813175716584,3.8642748904692477,0.6505845189094543,-0.0054989921184478196,-0.010751940384972923,-0.0054989921184478196,0.0,-0.0,False,False,3,0.2,250,0.696,0.02,0.006,0.9598413705825806,0.030656026676297188,0,False
58,8.799368624808267,8.780000000000001,0.1999999999999993,324,-1.879894402897127,-1.545985571036076,2.9591533226229956,3.9021557698437843,0.6569620966911316,-0.009908242404217938,-0.02066018278919086,-0.009908242404217938,0.0,-0.0,False,False,3,0.2,250,0.732,0.02,0.006,0.9599725008010864,0.03121577389538288,0,False
59,8.999716579914093,8.98,0.1999999999999993,324,-1.9214631522106598,-1.5385835880919119,2.971728486611972,3.94851610623527,0.6647672653198242,-0.012126155952353616,-0.03278633874154448,-0.012126155952353616,0.0,-0.0,False,False,3,0.2,250,0.776,0.02,0.006,0.9601085782051086,0.0316317155957222,0,False
60,9.099782693898305,9.080000000000002,0.10000000000000142,163,-1.9422884339813318,-1.535078214397603,2.9780761599578702,3.9696083617026314,0.6683183312416077,-0.005516956931120975,-0.03830329567266545,-0.005516956931120975,0.0,-0.0,False,False,3,0.2,250,0.796,0.02,0.006,0.9601767659187317,0.03183388710021973,0,False
61,9.30001428979449,9.280000000000001,0.1999999999999993,328,-1.9588360033249181,-1.5316547126564932,3.0659520863822136,3.9864433640019077,0.671152651309967,-0.004403416351757694,-0.042706712024423145,-0.004403416351757694,0.0,-0.0,False,False,3,0.2,250,0.836,0.02,0.006,0.9884684681892395,0.3005355894565582,0,False
62,9.500299846986309,9.48,0.1999999999999993,323,-1.9593887221472954,-1.5300698352453985,-3.093880935722586,3.987178691638508,0.6712764501571655,-0.00019233461815707447,-0.04289904664258022,-0.00019233461815707447,0.0,-0.0,False,False,3,0.2,250,0.876,0.02,0.006,0.986497163772583,0.3018943667411804,0,False
63,9.599751975852996,9.580000000000002,0.10000000000000142,163,-1.9568886666867091,-1.528320143657486,-3.0529381399624276,3.98540710786694,0.6709781885147095,0.000463381044418701,-0.04243566559816152,0.000463381044418701,0.0,-0.0,False,False,3,0.2,250,0.892,0.02,0.006,0.9860066771507263,0.30060458183288574,0,False
64,9.800239100819454,9.780000000000001,0.1999999999999993,326,-1.9525524782810346,-1.5267460544456781,-2.971546465026445,3.9807837840314284,0.6701998114585876,0.0012092911788695688,-0.04122637441929195,0.0012092911788695688,0.0,-0.0,False,False,3,0.2,250,0.936,0.02,0.006,0.985162615776062,0.2984834611415863,0,False
65,9.999946971889585,9.98,0.1999999999999993,327,-1.9520024076074542,-1.5246976550516893,-2.9673480955398985,3.980501973343545,0.6701523661613464,7.371129323685972e-05,-0.04115266312605509,7.371129323685972e-05,0.0,-0.0,False,False,3,0.2,250,0.972,0.02,0.006,0.985069215297699,0.29830801486968994,0,False
66,10.100069514941424,10.080000000000002,0.10000000000000142,165,-1.9518570108428566,-1.5234634195909678,-2.9645756868227804,3.9804545328508616,0.6701443791389465,1.2408685042309466e-05,-0.04114025444101278,1.2408685042309466e-05,0.0,-0.0,False,False,3,0.2,250,0.992,0.02,0.006,0.9850350022315979,0.2982446551322937,0,False
67,10.300574149936438,10.280000000000001,0.1999999999999993,324,-1.952011658558332,-1.5218816769913153,-2.9660254370824943,3.9808283922558925,0.6702073216438293,-9.778784630413309e-05,-0.041238042287316916,-9.778784630413309e-05,0.0,-0.0,True,True,4,0.2,250,0.036,0.02,0.008,-0.9382773041725159,-1.0,0,False
68,10.500589689007029,10.48,0.1999999999999993,323,-1.9525164625954041,-1.522255801309243,-2.975588951191286,3.9812843874393016,0.6702840924263,-0.00011927153981040662,-0.041357313827127325,-0.00011927153981040662,0.0,-0.0,False,False,4,0.2,250,0.076,0.02,0.008,-0.9375342726707458,-1.0,0,False
69,10.600289096822962,10.580000000000002,0.10000000000000142,160,-1.9527461551285232,-1.522395255877368,-2.979732313628071,3.981462112270102,0.6703140139579773,-4.6486267845315976e-05,-0.04140380009497264,-4.6486267845315976e-05,0.0,-0.0,False,False,4,0.2,250,0.092,0.02,0.008,-0.9371929168701172,-1.0,0,False
70,10.800381474895403,10.780000000000001,0.1999999999999993,320,-1.952579515975778,-1.5220053673631586,-2.988665286953434,3.9814090072409787,0.670305073261261,1.3890319077232893e-05,-0.041389909775895406,1.3890319077232893e-05,0.0,-0.0,False,False,4,0.2,250,0.132,0.02,0.008,-0.9365319013595581,-1.0,0,False
71,11.000447833910584,10.98,0.1999999999999993,337,-1.9521884164025944,-1.5207774859407563,-3.0023092643764526,3.9818642943573326,0.6703817248344421,-0.00011908633555598312,-0.04150899611145139,-0.00011908633555598312,0.0,-0.0,False,False,4,0.2,250,0.172,0.02,0.008,-0.9354578852653503,-1.0,0,False
72,11.100766415009275,11.080000000000002,0.10000000000000142,168,-1.9481161800405977,-1.520056640743446,-3.006449605502804,3.9771807848221474,0.6695932149887085,0.001225033540490456,-0.04028396257096093,0.001225033540490456,0.0,-0.0,False,False,4,0.2,250,0.196,0.02,0.008,-0.9351710081100464,-1.0,0,False
73,11.201508102938533,11.18,0.10099999999999909,170,-1.9426070974370182,-1.5187128622919968,-3.0201370025179526,3.9718745303121046,0.6686998605728149,0.0013879206822036015,-0.03889604188875733,0.0013879206822036015,0.0,-0.0,False,False,4,0.2,250,0.216,0.02,0.008,-0.9341560006141663,-1.0,0,False
74,11.40192781900987,11.379999999999999,0.1999999999999993,338,-1.9058291792859554,-1.5210824971041677,2.8879755477599374,3.935081241934022,0.6625053882598877,0.009623768669514848,-0.029272273219242483,0.009623768669514848,0.0,-0.0,False,False,4,0.2,250,0.256,0.02,0.008,-0.9970055818557739,-0.3045084476470947,0,False
75,11.502284169895574,11.48,0.10099999999999909,168,-1.8865170532550954,-1.5275659019241836,2.8089824144243773,3.9151257881234356,0.659145712852478,0.005219611500739691,-0.02405266171850279,0.005219611500739691,0.0,-0.0,False,False,4,0.2,250,0.276,0.02,0.008,-0.9969140887260437,-0.2706027328968048,0,False
76,11.603163736872375,11.580000000000002,0.10100000000000264,170,-1.8667041148950725,-1.535520392822275,2.7521682642210146,3.894501564979418,0.6556734442710876,0.005394536918986415,-0.018658124799516375,0.005394536918986415,0.0,-0.0,False,False,4,0.2,250,0.296,0.02,0.008,-0.9968538880348206,-0.2507353127002716,0,False
77,11.804397084983066,11.780000000000001,0.20099999999999696,339,-1.8408577537774666,-1.5492191555788803,2.6542977883357888,3.8672200953844493,0.6510803699493408,0.007135827318516582,-0.011522297480999793,0.007135827318516582,0.0,-0.0,False,False,4,0.2,250,0.336,0.02,0.008,-0.996796190738678,-0.1957152932882309,0,False
78,11.904313280014321,11.879999999999999,0.10000000000000142,169,-1.839145367846171,-1.5521140496328585,2.607037226920496,3.8651829864672633,0.6507374048233032,0.0005328326398050978,-0.010989464841194695,0.0005328326398050978,0.0,-0.0,False,False,4,0.2,250,0.356,0.02,0.008,-0.9967389702796936,-0.16668172180652618,0,False
79,12.004676942015067,11.98,0.10000000000000142,171,-1.8375048160556018,-1.5550074571462782,2.562123519333051,3.863219162490268,0.6504067778587341,0.0005136639994784792,-0.010475800841716216,0.0005136639994784792,0.0,-0.0,False,False,4,0.2,250,0.376,0.02,0.008,-0.996679961681366,-0.13892126083374023,0,False
80,12.105297380825505,12.080000000000002,0.10099999999999909,165,-1.8406122165087708,-1.5546860171265793,2.5182034435752345,3.8663428003033253,0.6509326696395874,-0.0008170285681266116,-0.011292829409842827,-0.0008170285681266116,0.0,-0.0,False,False,4,0.2,250,0.396,0.02,0.008,-0.9966504573822021,-0.11347451061010361,0,False
81,12.206111597828567,12.18,0.10099999999999909,166,-1.844619362950355,-1.5537064002141265,2.4708963774964245,3.8704361359481823,0.6516218185424805,-0.0010706657944781202,-0.012363495204320948,-0.0010706657944781202,0.0,-0.0,False,False,4,0.2,250,0.416,0.02,0.008,-0.9966416358947754,-0.06640906631946564,0,False
82,12.30727686197497,12.280000000000001,0.10099999999999909,167,-1.8486271377718524,-1.552654232149988,2.4194887843924566,3.874538676464754,0.6523125171661377,-0.0010730734497848126,-0.01343656865410576,-0.0010730734497848126,0.0,-0.0,False,False,4,0.2,250,0.436,0.02,0.008,-0.996612012386322,0.028562553226947784,0,False
83,12.408329666825011,12.379999999999999,0.10100000000000264,167,-1.848515237854641,-1.5552520644004522,2.366712105994774,3.8741283516063914,0.652243435382843,0.00010732586540386553,-0.013329242788701895,0.00010732586540386553,0.0,-0.0,False,False,4,0.2,250,0.456,0.02,0.008,-0.996574878692627,0.11740944534540176,0,False
84,12.509273162810132,12.48,0.10099999999999909,171,-1.8475998727390615,-1.5585658391401882,2.3171823751929006,3.8728400235998497,0.6520265340805054,0.00033697914081525437,-0.01299226364788664,0.00033697914081525437,0.0,-0.0,False,False,4,0.2,250,0.476,0.02,0.008,-0.9964534044265747,0.17628002166748047,0,False
85,12.609585715923458,12.580000000000002,0.10000000000000142,170,-1.846706574453405,-1.5618577465104622,2.2713468236879115,3.8715786021413976,0.6518141627311707,0.0003299413791493681,-0.012662322268737272,0.0003299413791493681,0.0,-0.0,False,False,4,0.2,250,0.496,0.02,0.008,-0.9963478446006775,0.21445800364017487,0,False
86,12.710459941998124,12.68,0.10099999999999909,171,-1.8458249231982948,-1.5651353367574574,2.229578783031909,3.870332758158155,0.651604413986206,0.0003258668855534448,-0.012336455383183828,0.0003258668855534448,0.0,-0.0,False,False,4,0.2,250,0.516,0.02,0.008,-0.9962942004203796,0.23956891894340515,0,False
87,12.911654160823673,12.879999999999999,0.2010000000000005,337,-1.8520218330897602,-1.5613358908037747,2.1424358735923694,3.8769188438700795,0.6527132391929626,-0.0017226773719664708,-0.014059132755150298,-0.0017226773719664708,0.0,-0.0,False,False,4,0.2,250,0.556,0.02,0.008,-0.9963505864143372,0.31156712770462036,0,False
88,13.111697560874745,13.080000000000002,0.1999999999999993,332,-1.8565216979455588,-1.5604847016483385,2.039170330173738,3.88148587637472,0.6534821391105652,-0.0011945674406476045,-0.015253700195797902,-0.0011945674406476045,0.0,-0.0,False,False,4,0.2,250,0.596,0.02,0.008,-0.9965323805809021,0.4060140550136566,0,False
89,13.212735355831683,13.18,0.10099999999999909,162,-1.8565315476811963,-1.5641861309244758,1.9901738041365329,3.881078383784577,0.6534135341644287,0.00010658504838651998,-0.015147115147411383,0.00010658504838651998,0.0,-0.0,False,False,4,0.2,250,0.616,0.02,0.008,-0.9967060685157776,0.4593248963356018,0,False
90,13.31284725992009,13.280000000000001,0.10000000000000142,162,-1.8565545443516758,-1.5678729074609743,1.9457503138184504,3.8806889469043364,0.6533479690551758,0.00010186233990017251,-0.015045252807511211,0.00010186233990017251,0.0,-0.0,False,False,4,0.2,250,0.636,0.02,0.008,-0.9968686103820801,0.525140106678009,0,False
91,13.514523884980008,13.48,0.2010000000000005,328,-1.8593767682289715,-1.5676454263775437,1.8640611182893334,3.8835190909231034,0.6538244485855103,-0.0007402614046927514,-0.015785514212203963,-0.0007402614046927514,0.0,-0.0,False,False,4,0.2,250,0.676,0.02,0.008,-0.9970572590827942,0.6173774600028992,0,False
92,13.715303677832708,13.68,0.20099999999999696,341,-1.8638439194965934,-1.5628343668794478,1.7700441079274614,3.888496448286107,0.6546624302864075,-0.0013018933060515861,-0.01708740751825555,-0.0013018933060515861,0.0,-0.0,False,False,4,0.2,250,0.716,0.02,0.008,-0.9969301819801331,0.7565828561782837,0,False
93,13.815408021910116,13.780000000000001,0.10000000000000142,171,-1.8656223322375567,-1.5629209101801065,1.7193099867617094,3.890253870716575,0.6549583077430725,-0.0004596769593313924,-0.01754708447758694,-0.0004596769593313924,0.0,-0.0,False,False,4,0.2,250,0.736,0.02,0.008,-0.9968019723892212,0.8164536356925964,0,False
94,13.916405327850953,13.879999999999999,0.10099999999999909,170,-1.8667951409035204,-1.5667099945039138,1.6720097803478144,3.890995216923142,0.6550831198692322,-0.0001939088543190354,-0.017740993331905975,-0.0001939088543190354,0.0,-0.0,False,False,4,0.2,250,0.756,0.02,0.008,-0.9966253042221069,0.857460618019104,0,False
95,14.017455742927268,13.98,0.10099999999999909,171,-1.868020193056431,-1.5704527624895144,1.6285169196680047,3.891797810929965,0.655218243598938,-0.00020992902232149977,-0.017950922354227475,-0.00020992902232149977,0.0,-0.0,False,False,4,0.2,250,0.776,0.02,0.008,-0.9964624047279358,0.8839561343193054,0,False
96,14.117588076973334,14.080000000000002,0.10000000000000142,166,-1.8694539173380704,-1.570392554662978,1.58746475983631,3.8932295225151408,0.6554592847824097,-0.0003744830023239923,-0.01832540535655147,-0.0003744830023239923,0.0,-0.0,False,False,4,0.2,250,0.796,0.02,0.008,-0.9963143467903137,0.9032031893730164,0,False
97,14.218424594961107,14.18,0.10099999999999909,170,-1.8709333131391586,-1.5681557319045352,1.5445246486632829,3.8949472931905293,0.6557484865188599,-0.00044930552108692843,-0.018774710877638396,-0.00044930552108692843,0.0,-0.0,False,False,4,0.2,250,0.816,0.02,0.008,-0.9962403774261475,0.918125331401825,0,False
98,14.318410369800404,14.280000000000001,0.10000000000000142,168,-1.8714400350679334,-1.5721826298844075,1.50031994782536,3.8950064167896206,0.6557584404945374,-1.5464555239426153e-05,-0.018790175432877823,-1.5464555239426153e-05,0.0,-0.0,False,False,4,0.2,250,0.836,0.02,0.008,-0.9961674809455872,0.9292970895767212,0,False
99,14.419614885002375,14.379999999999999,0.10099999999999909,170,-1.8728807681373458,-1.5841316511521062,1.4760308413151295,3.8951444898653422,0.6557816863059998,-3.611482960096814e-05,-0.01882629026247879,-3.611482960096814e-05,0.0,-0.0,False,False,4,0.2,250,0.856,0.02,0.008,-0.996115505695343,0.9356156587600708,0,False
100,14.52055008080788,14.48,0.10099999999999909,171,-1.8745787180455673,-1.6059437986716232,1.5280443763145486,3.894565645047894,0.655684232711792,0.00015140447794248903,-0.018674885784536303,0.00015140447794248903,0.0,-0.0,False,False,4,0.2,250,0.876,0.02,0.008,-0.9962018728256226,0.9248565435409546,0,False
101,14.62135637900792,14.599999999999998,0.10099999999999909,171,-1.8727827645681807,-1.6325504323459812,1.7377162079874937,3.891205158804944,0.655118465423584,0.0008789793912114699,-0.01779590639332483,0.0008789793912114699,0.0,-0.0,False,False,4,0.2,250,0.896,0.02,0.008,-0.9966679811477661,0.8456041812896729,0,False
102,14.721802609972656,14.7,0.10000000000000142,170,-1.8674053380695976,-1.6523533298429072,1.9176298747862448,3.8829990156712184,0.6537368893623352,0.0021464247059512025,-0.01564948168737363,0.0021464247059512025,0.0,-0.0,False,False,4,0.2,250,0.92,0.02,0.008,-0.9970619678497314,0.621238648891449,0,False
103,14.822142291814089,14.8,0.10099999999999909,170,-1.8601787622233301,-1.6679868962276292,2.0951623454775814,3.874430696238869,0.6522943377494812,0.002241156682058335,-0.013408325005315296,0.002241156682058335,0.0,-0.0,False,False,4,0.2,250,0.94,0.02,0.008,-0.996487021446228,0.3635360300540924,0,False
104,14.923459644895047,14.900000000000002,0.10099999999999909,172,-1.8521013874821444,-1.6798963044850697,2.27098854819515,3.865378412974439,0.6507703065872192,0.002367743789916089,-0.011040581215399206,0.002367743789916089,0.0,-0.0,False,False,4,0.2,250,0.96,0.02,0.008,-0.9962706565856934,0.21850977838039398,0,False
105,15.024256792850792,15.000000000000004,0.1010000000000062,167,-1.8436898068704646,-1.6888835917512608,2.4449950760206116,3.8562606335074223,0.6492352485656738,0.002384875183444862,-0.008655706031954345,0.002384875183444862,0.0,-0.0,False,False,4,0.2,250,0.98,0.02,0.008,-0.9966252446174622,0.026982581242918968,0,False
106,15.125638355966657,15.099999999999998,0.10099999999999909,168,-1.836738441202801,-1.694563604584,2.615080652999811,3.8488769102580593,0.6479921340942383,0.0019313099645074706,-0.006724396067446874,0.0019313099645074706,0.0,-0.0,True,True,5,0.2,250,0.0,0.02,0.01,-0.2612576186656952,-0.985578179359436,0,False
107,15.226120696868747,15.2,0.10099999999999909,170,-1.8304907477034726,-1.7032934781132014,2.7789578635549983,3.841964759667315,0.6468284130096436,0.0018079639311010247,-0.00491643213634585,0.0018079639311010247,0.0,-0.0,False,False,5,0.2,250,0.02,0.02,0.01,-0.23527958989143372,-0.9724187254905701,0,False
108,15.3273993099574,15.3,0.10099999999999909,167,-1.8453106414279175,-1.7157727329009236,2.9390126745396605,3.8558007439552107,0.6491578221321106,-0.00361898373239905,-0.0085354158687449,-0.00361898373239905,0.0,-0.0,False,False,5,0.2,250,0.04,0.02,0.01,-0.18367436528205872,-0.9500327110290527,0,False
109,15.427226747851819,15.400000000000002,0.10000000000000142,168,-1.8581391849182747,-1.7302814076781667,3.0984826182641196,3.8675557191685113,0.6511368751525879,-0.0030746684288234117,-0.011610084297568312,-0.0030746684288234117,0.0,-0.0,False,False,5,0.2,250,0.06,0.02,0.01,-0.9414737820625305,-0.9988411664962769,0,False
110,15.528058554977179,15.500000000000004,0.10000000000000142,170,-1.8687150057115647,-1.7464940805688514,-3.026147719549577,3.8770119546878097,0.6527289152145386,-0.0024734028170308397,-0.014083487114599152,-0.0024734028170308397,0.0,-0.0,False,False,5,0.2,250,0.08,0.02,0.01,-0.9402737617492676,-0.9979297518730164,0,False
111,15.72959223180078,15.7,0.2009999999999934,338,-1.8850833267355767,-1.7584177485695116,-2.727627359321427,3.892586951662744,0.6553511023521423,-0.004073845381117058,-0.01815733249571621,-0.004073845381117058,0.0,-0.0,False,False,5,0.2,250,0.12,0.02,0.01,-0.934198260307312,-0.9965106248855591,0,False
112,15.82919881097041,15.8,0.10000000000000142,168,-1.8907251903779903,-1.7611644901853627,-2.5937698101075624,3.898048980924883,0.6562706828117371,-0.0014286656181636474,-0.019585998113879857,-0.0014286656181636474,0.0,-0.0,False,False,5,0.2,250,0.14,0.02,0.01,-0.9320316910743713,-0.9969145059585571,0,False
113,15.929255126975477,15.900000000000002,0.10000000000000142,170,-1.8955029381143078,-1.764083422497988,-2.466798027925611,3.9026400877093925,0.6570436358451843,-0.0012008643852959129,-0.02078686249917577,-0.0012008643852959129,0.0,-0.0,False,False,5,0.2,250,0.16,0.02,0.01,-0.9276970624923706,-0.9977214932441711,0,False
114,16.030602098908275,16.000000000000004,0.10099999999999909,171,-1.8876600014014633,-1.7555526419586487,-2.3818006420317217,3.895337438137825,0.6558141708374023,0.0019101040773827744,-0.018876758421792997,0.0019101040773827744,0.0,-0.0,False,False,5,0.2,250,0.18,0.02,0.01,-0.9254104495048523,-0.9981803297996521,0,False
115,16.130638574948534,16.099999999999998,0.10000000000000142,168,-1.8621060480004283,-1.7307952387911716,-2.3933395867214617,3.8714769945190075,0.6517970561981201,0.006241012963556955,-0.012635745458236041,0.006241012963556955,0.0,-0.0,False,False,5,0.2,250,0.2,0.02,0.01,-0.9266350865364075,-0.9981877207756042,0,False
116,16.23123212484643,16.2,0.10099999999999909,167,-1.8364726919746117,-1.706659171637838,-2.4047036778828246,3.8476710720634233,0.6477891206741333,0.006226752235970991,-0.00640899322226505,0.006226752235970991,0.0,-0.0,False,False,5,0.2,250,0.22,0.02,0.01,-0.9279460906982422,-0.9981998801231384,0,False
117,16.3313334598206,16.3,0.10000000000000142,170,-1.8104635317110984,-1.6828895884640849,-2.4154705886891352,3.8236357358820245,0.643742561340332,0.006286758414384926,-0.0001222348078801245,0.006286758414384926,0.0,-0.0,False,False,5,0.2,250,0.24,0.02,0.01,-0.9293133616447449,-0.998217761516571,0,False
118,16.43248549499549,16.400000000000002,0.10099999999999909,171,-1.784046677964821,-1.6595145548179402,-2.425948861612091,3.7993341664879523,0.6396511793136597,0.006356395214025746,0.006234160406145621,0.006356395214025746,0.0,-0.0,False,False,5,0.2,250,0.26,0.02,0.01,-0.9306613206863403,-0.9982367753982544,0,False
119,16.532566039822996,16.500000000000004,0.10000000000000142,169,-1.7572064396921796,-1.636547821095892,-2.43640547454695,3.7747447678360295,0.6355113387107849,0.0064316807434246824,0.012665841149570305,0.0064316807434246824,0.0,-0.0,False,False,5,0.2,250,0.28,0.02,0.01,-0.9319980144500732,-0.9982560276985168,0,False
120,16.633651164826006,16.599999999999998,0.10099999999999909,170,-1.729943207019146,-1.6139903545637455,-2.4471067165395946,3.7498639995909815,0.63132244348526,0.006507892294095389,0.019173733443665693,0.006507892294095389,0.0,-0.0,False,False,5,0.2,250,0.3,0.02,0.01,-0.9333315491676331,-0.9982745051383972,0,False
121,16.733216714812443,16.7,0.10000000000000142,168,-1.7022700150443846,-1.5918287721918336,-2.4582840255084535,3.7247021287251045,0.6270862221717834,0.0065814183830780575,0.02575515182674375,0.0065814183830780575,0.0,-0.0,False,False,5,0.2,250,0.32,0.02,0.01,-0.9346674680709839,-0.9982911348342896,0,False
122,16.83422549185343,16.8,0.10099999999999909,171,-1.6742123747843511,-1.5700361321850544,-2.470147573041005,3.6992842916188517,0.6228069067001343,0.006648369721030492,0.03240352154777424,0.006648369721030492,0.0,-0.0,False,False,5,0.2,250,0.34,0.02,0.01,-0.9360094666481018,-0.9983051419258118,0,False
123,16.93543521594256,16.900000000000002,0.10099999999999909,171,-1.6458084999990452,-1.5485725410067657,-2.4828967869118235,3.6736501400273016,0.6184911727905273,0.006704949620738695,0.03910847116851293,0.006704949620738695,0.0,-0.0,False,False,5,0.2,250,0.36,0.02,0.01,-0.937359631061554,-0.9983158111572266,0,False
124,17.035314342938364,17.000000000000004,0.10000000000000142,169,-1.6194576103234841,-1.5299281836831915,-2.517286566228857,3.649854838577542,0.6144850254058838,0.006223974172155569,0.0453324453406685,0.006223974172155569,0.0,-0.0,False,False,5,0.2,250,0.38,0.02,0.01,-0.9392340183258057,-0.9982300996780396,0,False
125,17.136167670832947,17.099999999999998,0.10099999999999909,171,-1.5998262724707588,-1.520661671362091,-2.7477955655124098,3.63159945376597,0.6114115715026855,0.004774936086011723,0.050107381426680225,0.004774936086011723,0.0,-0.0,False,False,5,0.2,250,0.4,0.02,0.01,-0.9441674947738647,-0.9970172643661499,0,False
126,17.236643992830068,17.2,0.10000000000000142,171,-1.5768804443170645,-1.5151324915228825,-2.992034901410037,3.6095941458312075,0.6077067852020264,0.005755777817123483,0.05586315924380371,0.005755777817123483,0.0,-0.0,False,False,5,0.2,250,0.42,0.02,0.01,-0.9463852643966675,-0.9972909092903137,0,False
127,17.336129443952814,17.3,0.10000000000000142,168,-1.5534343595424245,-1.5150584957951878,3.0509681097478083,3.586372024662457,0.6037971377372742,0.006074051328247887,0.06193721057205159,0.006074051328247887,0.0,-0.0,False,False,5,0.2,250,0.44,0.02,0.01,-0.9468559622764587,-0.9986628890037537,0,False
128,17.43723614886403,17.400000000000002,0.10099999999999909,168,-1.5331111222129716,-1.5195943589739307,2.814544066212896,3.5656224736497073,0.6003037691116333,0.005427318072008806,0.0673645286440604,0.005427318072008806,0.0,-0.0,False,False,5,0.2,250,0.46,0.02,0.01,-0.21742190420627594,-0.9624589681625366,0,False
129,17.53831997490488,17.500000000000004,0.10099999999999909,171,-1.522830598749928,-1.5244885055184978,2.580787923442928,3.5547780726691145,0.5984780192375183,0.0028364957577114453,0.07020102440177184,0.0028364957577114453,0.0,-0.0,False,False,5,0.2,250,0.48,0.02,0.01,-0.30378052592277527,-0.987793505191803,0,False
130,17.638547788839787,17.599999999999998,0.10000000000000142,170,-1.5155436670272546,-1.5302924526764716,2.349960934631643,3.5467832875513015,0.5971320271492004,0.0020911412360234997,0.07229216563779534,0.0020911412360234997,0.0,-0.0,False,False,5,0.2,250,0.5,0.02,0.01,-0.3789161443710327,-0.9955189228057861,0,False
131,17.838785647880286,17.8,0.19999999999999574,337,-1.50452763005966,-1.5471350942773643,1.9296681402267295,3.5336666993912687,0.594923734664917,0.0034308162099652845,0.07572298184776062,0.0034308162099652845,0.0,-0.0,False,False,5,0.2,250,0.54,0.02,0.01,-0.47525548934936523,-0.9993167519569397,0,False
132,17.939448777819052,17.900000000000002,0.10099999999999909,169,-1.501627429523729,-1.5572834786744925,1.735864354724632,3.5295032651079685,0.5942227840423584,0.0010890010156601234,0.07681198286342074,0.0010890010156601234,0.0,-0.0,False,False,5,0.2,250,0.56,0.02,0.01,-0.4839199185371399,-0.9997400045394897,0,False
133,18.0392366158776,18.000000000000004,0.10000000000000142,167,-1.5008115087524156,-1.5682563366218678,1.544077991579233,3.5273337476515003,0.5938575267791748,0.0005674658353712587,0.077379448698792,0.0005674658353712587,0.0,-0.0,False,False,5,0.2,250,0.58,0.02,0.01,-0.5038455724716187,-0.9998371005058289,0,False
134,18.139530799817294,18.099999999999998,0.10000000000000142,168,-1.502329879176144,-1.5797598530126826,1.3542848232816538,3.5274519948496823,0.5938774347305298,-3.0929110478736146e-05,0.07734851958831326,-3.0929110478736146e-05,0.0,-0.0,False,False,5,0.2,250,0.6,0.02,0.01,-0.5224437713623047,-0.9998752474784851,0,False
135,18.24023836897686,18.2,0.10099999999999909,168,-1.5063226222451174,-1.5912229805615612,1.1662664070427387,3.5300704268190097,0.5943182706832886,-0.000684885332638011,0.07666363425567525,-0.000684885332638011,0.0,-0.0,False,False,5,0.2,250,0.62,0.02,0.01,-0.5251318216323853,-0.9999138712882996,0,False
136,18.34144153399393,18.3,0.10099999999999909,171,-1.512647624534589,-1.601885258569286,0.9798143325275416,3.5351362925638856,0.5951711535453796,-0.0013250438378469742,0.07533859041782828,-0.0013250438378469742,0.0,-0.0,False,False,5,0.2,250,0.64,0.02,0.01,-0.5268052220344543,-0.9999359846115112,0,False
137,18.44149044994265,18.400000000000002,0.10000000000000142,168,-1.5210494887366435,-1.6112844417149357,0.7949431154840296,3.542441066336618,0.5964009761810303,-0.0019106596901459288,0.07342793072768235,-0.0019106596901459288,0.0,-0.0,False,False,5,0.2,250,0.66,0.02,0.01,-0.5197166204452515,-0.9999578595161438,0,False
138,18.542402386898175,18.52,0.10099999999999909,170,-1.5325974240932005,-1.6197602334763674,0.5674559307158017,3.5512511906682445,0.5978842377662659,-0.002304403934923693,0.07112352679275866,-0.002304403934923693,0.0,-0.0,False,False,5,0.2,250,0.68,0.02,0.01,-0.5038177371025085,-0.9999764561653137,0,False
139,18.642429682891816,18.62,0.10000000000000142,172,-1.5422267961743688,-1.6239832277256057,0.36570505795528274,3.56029568519507,0.5994069576263428,-0.0023657065431181273,0.06875782024964053,-0.0023657065431181273,0.0,-0.0,False,False,5,0.2,250,0.7,0.02,0.01,-0.47895461320877075,-0.9999807476997375,0,False
140,18.743497289018705,18.720000000000002,0.10099999999999909,173,-1.5518599366753454,-1.6262650842804585,0.1686538433876851,3.571468275255647,0.6012879610061646,-0.0029223379296090374,0.06583548232003149,-0.0029223379296090374,0.0,-0.0,False,False,5,0.2,250,0.724,0.02,0.01,-0.46636760234832764,-0.9999794960021973,0,False
141,18.843210317892954,18.820000000000004,0.10000000000000142,172,-1.5613792784436684,-1.6268270360920183,-0.025615527121405413,3.5808770702822614,0.6028720140457153,-0.0024609941319884143,0.06337448818804307,-0.0024609941319884143,0.0,-0.0,False,False,5,0.2,250,0.744,0.02,0.01,-0.4606415629386902,-0.9999774098396301,0,False
142,18.944473592797294,18.919999999999998,0.10099999999999909,173,-1.570681917447301,-1.6258015420103475,-0.21736804852466818,3.5902359465814992,0.6044476628303528,-0.0024479372320556805,0.060926550955987396,-0.0024479372320556805,0.0,-0.0,False,False,5,0.2,250,0.764,0.02,0.01,-0.4842180907726288,-0.9999779462814331,0,False
143,19.044426218839362,19.02,0.10000000000000142,167,-1.5800758545235514,-1.6229588143782103,-0.40732029071871967,3.599875571468038,0.6060705780982971,-0.0025213707189110793,0.05840518023707632,-0.0025213707189110793,0.0,-0.0,False,False,5,0.2,250,0.784,0.02,0.01,-0.5190209150314331,-0.9999780058860779,0,False
144,19.145091408863664,19.12,0.10099999999999909,170,-1.5897205205316487,-1.6179203459682883,-0.6139576296396048,3.609997035985493,0.6077746152877808,-0.002647402214005795,0.055757778023070526,-0.002647402214005795,0.0,-0.0,False,False,5,0.2,250,0.804,0.02,0.01,-0.5723555088043213,-0.9999769926071167,0,False
145,19.245388743001968,19.220000000000002,0.10000000000000142,172,-1.5992132867385631,-1.6100615928918462,-0.8202803066229738,3.6202746292885717,0.6095049381256104,-0.0026882397520929945,0.05306953827097753,-0.0026882397520929945,0.0,-0.0,False,False,5,0.2,250,0.824,0.02,0.01,-0.6671932339668274,-0.9999753832817078,0,False
146,19.34548959787935,19.320000000000004,0.10000000000000142,174,-1.6082835390449337,-1.5985326975095375,-1.0207696298781508,3.6305490362899024,0.611234724521637,-0.002687406332948263,0.05038213193802927,-0.002687406332948263,0.0,-0.0,False,False,5,0.2,250,0.844,0.02,0.01,-0.7434993982315063,-0.999965488910675,0,False
147,19.546568481018767,19.52,0.19999999999999574,346,-1.6205077100676644,-1.5659329372879567,-1.408766613021892,3.6464352287355015,0.6139093041419983,-0.004155242650909995,0.04622688928711927,-0.004155242650909995,0.0,-0.0,False,False,5,0.2,250,0.884,0.02,0.01,-0.8686503767967224,-0.9999297857284546,0,False
148,19.647202951833606,19.62,0.10000000000000142,172,-1.621800073280361,-1.5461923484266684,-1.5982205699756593,3.6501200096896333,0.6145296692848206,-0.0009638029397101392,0.04526308634740914,-0.0009638029397101392,0.0,-0.0,False,False,5,0.2,250,0.904,0.02,0.01,-0.908720850944519,-0.9999102354049683,0,False
149,19.747657503932714,19.720000000000002,0.10000000000000142,170,-1.6191685937260107,-1.5254552650192883,-1.7837018997513587,3.6501472702712503,0.6145342588424683,-7.1303637930399535e-06,0.0452559559836161,-7.1303637930399535e-06,0.0,-0.0,False,False,5,0.2,250,0.924,0.02,0.01,-0.929468035697937,-0.9998791217803955,0,False
150,19.84854194195941,19.820000000000004,0.10099999999999909,167,-1.6129149492649506,-1.5058038970020515,-1.97652177198671,3.646557724336014,0.6139299273490906,0.0009388929674981342,0.04619484895111423,0.0009388929674981342,0.0,-0.0,False,False,5,0.2,250,0.944,0.02,0.01,-0.9356099367141724,-0.9998075366020203,0,False
151,19.948478578822687,19.919999999999998,0.10000000000000142,169,-1.6030857499712237,-1.4882746676750742,-2.1752330676497147,3.6392430376245115,0.6126984357833862,0.0019132525497070447,0.04810810150082128,0.0019132525497070447,0.0,-0.0,False,False,5,0.2,250,0.964,0.02,0.01,-0.9370318055152893,-0.9995480179786682,0,False
152,20.149103475967422,20.12,0.19999999999999574,337,-1.5752624523726486,-1.461107554999794,-2.557134794655003,3.6156474110842574,0.608725905418396,0.006171746572424866,0.054279848073246144,0.006171746572424866,0.0,-0.0,True,True,6,0.2,250,0.004,0.02,0.012,0.6093388199806213,-0.907088041305542,0,False
153,20.248801104957238,20.220000000000002,0.10000000000000142,167,-1.5763861831168031,-1.4613787220885672,-2.7442373416737134,3.6167183625049195,0.6089062094688416,-0.0002801214347255906,0.053999726638520554,-0.0002801214347255906,0.0,-0.0,False,False,6,0.2,250,0.024,0.02,0.012,0.6119682788848877,-0.963036298751831,0,False
154,20.348780211992562,20.320000000000004,0.10000000000000142,169,-1.5868767665751524,-1.4642230244595948,-2.9327933933166137,3.6266709530297607,0.6105818152427673,-0.002603230999339902,0.05139649563918065,-0.002603230999339902,0.0,-0.0,False,False,6,0.2,250,0.044,0.02,0.012,0.6229218244552612,-0.9820399880409241,0,False
155,20.44886878784746,20.419999999999998,0.10000000000000142,168,-1.601312835462548,-1.4655361116911787,-3.1250471788212106,3.6407561769210104,0.6129531860351562,-0.003684175629935216,0.04771232000924544,-0.003684175629935216,0.0,-0.0,False,False,6,0.2,250,0.064,0.02,0.012,0.6443494558334351,-0.9916294813156128,0,False
156,20.649320676922798,20.62,0.19999999999999574,339,-1.6321155118318833,-1.4591496280265166,2.7724346226957506,3.672163199211837,0.6182408332824707,-0.008214919906568125,0.03949740010267731,-0.008214919906568125,0.0,-0.0,False,False,6,0.2,250,0.104,0.02,0.012,0.8900578022003174,-0.9997624754905701,0,False
157,20.74904608586803,20.720000000000002,0.10000000000000142,167,-1.6486682454802115,-1.4509222680169864,2.588934893876084,3.6897515848576155,0.6212019920349121,-0.004600473678401,0.03489692642427631,-0.004600473678401,0.0,-0.0,False,False,6,0.2,250,0.124,0.02,0.012,0.8473201990127563,-0.9998933672904968,0,False
158,20.849392368923873,20.820000000000004,0.10000000000000142,167,-1.6631442376685632,-1.4399216089535525,2.39848252492978,3.7057135404780976,0.6238893270492554,-0.004175059506126922,0.03072186691814939,-0.004175059506126922,0.0,-0.0,False,False,6,0.2,250,0.144,0.02,0.012,0.7913181781768799,-0.9999483823776245,0,False
159,20.949011120013893,20.919999999999998,0.10000000000000142,168,-1.6749641275038851,-1.4268533509876347,2.1976978078611156,3.719389501611567,0.6261917948722839,-0.0035771275709128116,0.027144739347236577,-0.0035771275709128116,0.0,-0.0,False,False,6,0.2,250,0.164,0.02,0.012,0.748802900314331,-0.9999649524688721,0,False
160,21.14905415289104,21.12,0.19999999999999574,338,-1.688708310884382,-1.3973712810827452,1.7948860268048856,3.737610191137445,0.6292594075202942,-0.004765861077547992,0.022378878269688585,-0.004765861077547992,0.0,-0.0,False,False,6,0.2,250,0.204,0.02,0.012,0.6798957586288452,-0.9999435544013977,0,False
161,21.249144828878343,21.220000000000002,0.10000000000000142,168,-1.6907019280748694,-1.3826854590401723,1.5910689555918622,3.7419725922631955,0.6299938559532166,-0.001141043411136402,0.021237834858552185,-0.001141043411136402,0.0,-0.0,False,False,6,0.2,250,0.224,0.02,0.012,0.6193166375160217,-0.9998921155929565,0,False
162,21.349119326798245,21.320000000000004,0.10000000000000142,168,-1.6897360134942707,-1.3694581931187895,1.3869021097815277,3.7432251628834607,0.6302047371864319,-0.00032762632596994545,0.02091020853258224,-0.00032762632596994545,0.0,-0.0,False,False,6,0.2,250,0.244,0.02,0.012,0.5316578149795532,-0.9996943473815918,0,False
163,21.449160932796076,21.419999999999998,0.10000000000000142,170,-1.6866277462798258,-1.3588460822530457,1.176749346727877,3.741965157559118,0.6299926042556763,0.00032957097064075343,0.02123977950322299,0.00032957097064075343,0.0,-0.0,False,False,6,0.2,250,0.264,0.02,0.012,0.5053466558456421,-0.9987495541572571,0,False
164,21.649517932906747,21.62,0.19999999999999574,332,-1.6747974723250874,-1.3409684813381484,0.7805388228002328,3.733424452741913,0.6285547018051147,0.0022339337161381414,0.023473713219361134,0.0022339337161381414,0.0,-0.0,False,False,6,0.2,250,0.304,0.02,0.012,0.4764639735221863,-0.9833294153213501,0,False
165,21.749290362000465,21.720000000000002,0.10000000000000142,165,-1.6660978924214707,-1.3339043976755631,0.5845629875598878,3.7261182628350706,0.627324640750885,0.0019110300986546595,0.025384743318015792,0.0019110300986546595,0.0,-0.0,False,False,6,0.2,250,0.324,0.02,0.012,0.5724847316741943,-0.9582918882369995,0,False
166,21.849248938960955,21.820000000000004,0.10000000000000142,170,-1.6538495452884083,-1.3274453537429916,0.3882362061150312,3.715231731864707,0.6254917979240417,0.002847515410845985,0.028232258728861776,0.002847515410845985,0.0,-0.0,False,False,6,0.2,250,0.344,0.02,0.012,0.6544596552848816,-0.9007488489151001,0,False
167,21.950395445805043,21.919999999999998,0.10099999999999909,176,-1.6389849850387634,-1.322915275098869,0.20387043892071507,3.70143964773422,0.6231697797775269,0.0036075010686285095,0.031839759797490284,0.0036075010686285095,0.0,-0.0,False,False,6,0.2,250,0.364,0.02,0.012,0.6966146230697632,-0.7749851942062378,0,False
168,22.050625539850444,22.02,0.10000000000000142,168,-1.6224944648276172,-1.3208972000833994,0.04135299517019717,3.6855998336807225,0.6205030083656311,0.004143111772249146,0.03598287156973943,0.004143111772249146,0.0,-0.0,False,False,6,0.2,250,0.384,0.02,0.012,0.6831815838813782,-0.5765354633331299,0,False
169,22.15151211898774,22.12,0.10099999999999909,164,-1.6053411161604567,-1.3213418757688626,-0.09059844161708232,3.6686593293902536,0.6176509261131287,0.004431011785657969,0.0404138833553974,0.004431011785657969,0.0,-0.0,False,False,6,0.2,250,0.404,0.02,0.012,0.6698790788650513,-0.34912437200546265,0,False
170,22.251538855955005,22.220000000000002,0.10000000000000142,167,-1.5867190977950374,-1.3243111269626267,-0.2210331576600978,3.649809522286023,0.6144773960113525,0.004930415057550369,0.045344298412947764,0.004930415057550369,0.0,-0.0,False,False,6,0.2,250,0.424,0.02,0.012,0.6824705600738525,-0.18423788249492645,0,False
171,22.352278425823897,22.320000000000004,0.10099999999999909,169,-1.5677610616044857,-1.3295131832715679,-0.3107106222989388,3.6302165988075883,0.6111787557601929,0.005124786922505288,0.05046908533545305,0.005124786922505288,0.0,-0.0,False,False,6,0.2,250,0.444,0.02,0.012,0.6577746868133545,-0.03463098779320717,0,False
172,22.45248890086077,22.419999999999998,0.10000000000000142,170,-1.552521196107396,-1.334592037542553,-0.3361227502121535,3.614301375612735,0.60849928855896,0.00416283602533892,0.05463192136079197,0.00416283602533892,0.0,-0.0,False,False,6,0.2,250,0.464,0.02,0.012,0.6478701233863831,0.01917191408574581,0,False
173,22.553440978983417,22.52,0.10099999999999909,170,-1.5390847088660788,-1.3392773850798663,-0.331852187331263,3.600232791297277,0.6061307191848755,0.0036798233299577157,0.058311744690749685,0.0036798233299577157,0.0,-0.0,False,False,6,0.2,250,0.484,0.02,0.012,0.64811772108078,0.019929734990000725,0,False
174,22.653295947005972,22.62,0.10000000000000142,169,-1.5256766415355292,-1.3438264229943946,-0.32794547805730717,3.586218020077998,0.6037712097167969,0.003665747806626059,0.06197749249737575,0.003665747806626059,0.0,-0.0,False,False,6,0.2,250,0.504,0.02,0.012,0.648799479007721,0.01950848661363125,0,False
175,22.754283864982426,22.720000000000002,0.10099999999999909,170,-1.512220735617835,-1.3483844483287715,-0.3240321599113468,3.5721558083660354,0.6014037132263184,0.0036781564916683685,0.06565564898904412,0.0036781564916683685,0.0,-0.0,False,False,6,0.2,250,0.524,0.02,0.012,0.6498874425888062,0.01762593537569046,0,False
176,22.955033281818032,22.919999999999998,0.19999999999999574,340,-1.4859162916121464,-1.3571596451072485,-0.3253791825498353,3.544694135705574,0.5967803001403809,0.00718296180125209,0.07283861079029622,0.00718296180125209,0.0,-0.0,False,False,6,0.2,250,0.564,0.02,0.012,0.648632824420929,0.03522133454680443,0,False
177,23.05495467898436,23.02,0.10000000000000142,167,-1.4733347402401844,-1.361337282024546,-0.3305287397469203,3.5315640942714963,0.594569742679596,0.0034343350907982857,0.0762729458810945,0.0034343350907982857,0.0,-0.0,False,False,6,0.2,250,0.584,0.02,0.012,0.6490022540092468,0.05536019429564476,0,False
178,23.154842196963727,23.12,0.10000000000000142,169,-1.460393065434124,-1.3657186500004148,-0.3279746805905524,3.518043907890123,0.5922935009002686,0.0035363826349527655,0.07980932851604726,0.0035363826349527655,0.0,-0.0,False,False,6,0.2,250,0.604,0.02,0.012,0.64944988489151,0.05620903894305229,0,False
179,23.255151801975444,23.220000000000002,0.10000000000000142,170,-1.4468839895219792,-1.370265640730385,-0.3172171870606809,3.5039370879536964,0.5899184942245483,0.0036898243596933324,0.0834991528757406,0.0036898243596933324,0.0,-0.0,False,False,6,0.2,250,0.624,0.02,0.012,0.6499899625778198,0.03693673387169838,0,False
180,23.45533635490574,23.419999999999998,0.19999999999999574,337,-1.4195910327812606,-1.3790455524321532,-0.30527678383788964,3.475512444098458,0.5851329565048218,0.007434839587187098,0.0909339924629277,0.007434839587187098,0.0,-0.0,False,False,6,0.2,250,0.664,0.02,0.012,0.6539222598075867,0.022013548761606216,0,False
181,23.55514506297186,23.52,0.10000000000000142,169,-1.4058347991737639,-1.3833590039352566,-0.30109377633675366,3.461207365386636,0.5827245712280273,0.003741681550915304,0.09467567401384301,0.003741681550915304,0.0,-0.0,False,False,6,0.2,250,0.684,0.02,0.012,0.655126690864563,0.019540995359420776,0,False
182,23.655364848906174,23.62,0.10000000000000142,167,-1.3920517634089924,-1.3876422875125163,-0.29713343415856885,3.446882106763747,0.5803127884864807,0.0037469598721645734,0.09842263388600758,0.0037469598721645734,0.0,-0.0,False,False,6,0.2,250,0.704,0.02,0.012,0.656237006187439,0.01754188910126686,0,False
183,23.75503051886335,23.720000000000002,0.10000000000000142,167,-1.3781977620819679,-1.3918551529143854,-0.2939381012365561,3.432500556809987,0.5778915286064148,0.003761683610386538,0.10218431749639412,0.003761683610386538,0.0,-0.0,False,False,6,0.2,250,0.724,0.02,0.012,0.6570324301719666,0.017164526507258415,0,False
184,23.955169301945716,23.919999999999998,0.19999999999999574,339,-1.3504030389736805,-1.4001859433955144,-0.2872426844715201,3.403671252632826,0.57303786277771,0.007540683818556156,0.10972500131495028,0.007540683818556156,0.0,-0.0,False,False,6,0.2,250,0.764,0.02,0.012,0.6587527990341187,0.015739690512418747,0,False
185,24.05531104793772,24.02,0.10000000000000142,170,-1.3364507660581522,-1.4042892991288143,-0.2841084830021303,3.3892146475712375,0.5706039667129517,0.003781315261349157,0.11350631657629943,0.003781315261349157,0.0,-0.0,False,False,6,0.2,250,0.784,0.02,0.012,0.6595271825790405,0.015469263307750225,0,False
186,24.155449393903837,24.12,0.10000000000000142,169,-1.3224664805674624,-1.4083467024400134,-0.28096280043361166,3.3747350303303625,0.568166196346283,0.0037873343996158884,0.11729365097591532,0.0037873343996158884,0.0,-0.0,False,False,6,0.2,250,0.804,0.02,0.012,0.6603091359138489,0.015160263516008854,0,False
187,24.25539625179954,24.220000000000002,0.10000000000000142,166,-1.3084565304233378,-1.4123734182630436,-0.27786321466312985,3.36023664931253,0.5657252669334412,0.0037922423123566596,0.12108589328827198,0.0037922423123566596,0.0,-0.0,False,False,6,0.2,250,0.824,0.02,0.012,0.6610730290412903,0.014943455345928669,0,False
188,24.455517744878307,24.419999999999998,0.19999999999999574,333,-1.2803747272724113,-1.4202972594793937,-0.27185713526431854,3.3312030677900064,0.5608372092247009,0.007594115245940089,0.12868000853421208,0.007594115245940089,0.0,-0.0,False,False,6,0.2,250,0.864,0.02,0.012,0.6625287532806396,0.014874650165438652,0,False
189,24.555589011870325,24.52,0.10000000000000142,170,-1.2663084967777374,-1.4241979464566545,-0.26886406099757154,3.3166728237546996,0.5583909153938293,0.0038005765038030457,0.13248058503801513,0.0038005765038030457,0.0,-0.0,False,False,6,0.2,250,0.884,0.02,0.012,0.6630131006240845,0.016034167259931564,0,False
190,24.6556591889821,24.62,0.10000000000000142,170,-1.2522311414087575,-1.428054555260209,-0.2655916581427145,3.3021401014847007,0.5559442043304443,0.0038012247186932375,0.13628180975670837,0.0038012247186932375,0.0,-0.0,False,False,6,0.2,250,0.904,0.02,0.012,0.6634686589241028,0.017302745953202248,0,False
191,24.755684915930033,24.720000000000002,0.10000000000000142,168,-1.2381411849837318,-1.431863065509915,-0.2620972297259079,3.287603838879427,0.5534968972206116,0.0038021507399650066,0.14008396049667338,0.0038021507399650066,0.0,-0.0,False,False,6,0.2,250,0.924,0.02,0.012,0.6639969944953918,0.018183760344982147,0,False
192,24.95554491202347,24.919999999999998,0.19999999999999574,334,-1.2099181420641125,-1.4393259384160184,-0.2546481617395673,3.2585164442607244,0.5485997796058655,0.007608190769271861,0.14769215126594523,0.007608190769271861,0.0,-0.0,False,False,6,0.2,250,0.964,0.02,0.012,0.66474848985672,0.019898299127817154,0,False
193,25.055546219926327,25.02,0.10000000000000142,170,-1.195791016354886,-1.4429737208303581,-0.2506522549239661,3.243972746951373,0.5461512207984924,0.0038040953846359307,0.15149624665058117,0.0038040953846359307,0.0,-0.0,False,False,6,0.2,250,0.984,0.02,0.012,0.6649962067604065,0.020640168339014053,0,False
194,25.155952802859247,25.12,0.10000000000000142,171,-1.1816547264679165,-1.4465618479846234,-0.24651411758795963,3.229430465776132,0.5437029004096985,0.0038037249761270838,0.15529997162670825,0.0038037249761270838,0.0,-0.0,True,True,7,0.2,250,0.004,0.02,0.014,0.934165358543396,0.48332756757736206,0,False
195,25.255586723797023,25.220000000000002,0.10000000000000142,169,-1.165995423106308,-1.450327829235253,-0.21023584896892358,3.2133573436280174,0.5409968495368958,0.00420413657406212,0.15950410820077038,0.00420413657406212,0.0,-0.0,False,False,7,0.2,250,0.024,0.02,0.014,0.9262832999229431,0.48615095019340515,0,False
196,25.455671848962083,25.419999999999998,0.19999999999999574,338,-1.1266109400887911,-1.4549082150205894,-0.019548071438339892,3.1737707307180267,0.5343320965766907,0.010354399452980712,0.1698585076537511,0.010354399452980712,0.0,-0.0,False,False,7,0.2,250,0.064,0.02,0.014,0.9178097248077393,0.48769304156303406,0,False
197,25.55572175583802,25.52,0.10000000000000142,170,-1.1066913505114417,-1.4542982445126906,0.07815179644707307,3.154254632515057,0.5310463905334473,0.0051046922609069,0.174963199914658,0.0051046922609069,0.0,-0.0,False,False,7,0.2,250,0.084,0.02,0.014,0.9165846109390259,0.4798918068408966,0,False
198,25.655802582856268,25.62,0.10000000000000142,168,-1.0869462742334113,-1.451771014173247,0.17409819708272617,3.135250112759313,0.5278468132019043,0.004970882187128837,0.17993408210178685,0.004970882187128837,0.0,-0.0,False,False,7,0.2,250,0.104,0.02,0.014,0.9175001978874207,0.4725537598133087,0,False
199,25.755666340934113,25.720000000000002,0.10000000000000142,168,-1.0675091337436462,-1.4473616728594303,0.26840385289851243,3.1168927662918233,0.5247561931610107,0.004801605498640229,0.18473568760042708,0.004801605498640229,0.0,-0.0,False,False,7,0.2,250,0.124,0.02,0.014,0.9187135100364685,0.46390828490257263,0,False
200,25.95607187296264,25.919999999999998,0.19999999999999574,342,-1.0300288713165406,-1.4331933951585423,0.45522951571142317,3.0825872715114233,0.5189805626869202,0.008973053521807113,0.19370874112223418,0.008973053521807113,0.0,-0.0,False,False,7,0.2,250,0.164,0.02,0.014,0.9173362255096436,0.47225603461265564,0,False
201,26.056115199811757,26.02,0.10000000000000142,169,-1.012571880881745,-1.4235761152660213,0.5486745823898062,3.0672225704518192,0.516393780708313,0.004018839717570931,0.19772758083980513,0.004018839717570931,0.0,-0.0,False,False,7,0.2,250,0.184,0.02,0.014,0.9167638421058655,0.46342933177948,0,False
202,26.155965788988397,26.12,0.10000000000000142,169,-0.996049777422528,-1.4123301530182895,0.6417325692355961,3.0531408868958447,0.5140230059623718,0.0036832496086633307,0.20141083044846847,0.0036832496086633307,0.0,-0.0,False,False,7,0.2,250,0.204,0.02,0.014,0.9168633818626404,0.4286031424999237,0,False
203,26.25582760781981,26.220000000000002,0.10000000000000142,168,-0.9805550586323339,-1.399658282479763,0.7249194991115157,3.04041408964958,0.5118803381919861,0.0033288612679379585,0.20473969171640644,0.0033288612679379585,0.0,-0.0,False,False,7,0.2,250,0.224,0.02,0.014,0.9195115566253662,0.3543055057525635,0,False
204,26.45622021984309,26.419999999999998,0.19999999999999574,337,-0.9521446935572764,-1.371088698348809,0.841106079909489,3.01839143407197,0.5081726312637329,0.005760315321355406,0.21050000703776184,0.005760315321355406,0.0,-0.0,False,False,7,0.2,250,0.264,0.02,0.014,0.9273614883422852,0.1788385957479477,0,False
205,26.556251358008012,26.52,0.10000000000000142,167,-0.9391066550178432,-1.3560175906186862,0.8792834955844657,3.008830404628535,0.5065629482269287,0.0025008130466765747,0.2130008200844384,0.0025008130466765747,0.0,-0.0,False,False,7,0.2,250,0.284,0.02,0.014,0.9299072623252869,0.11046260595321655,0,False
206,26.656527052866295,26.62,0.10000000000000142,169,-0.9267933162741423,-1.3406042459862872,0.9081646254023381,3.000153750936773,0.5051021575927734,0.0022694929329760715,0.21527031301741448,0.0022694929329760715,0.0,-0.0,False,False,7,0.2,250,0.304,0.02,0.014,0.9317802786827087,0.05693155899643898,0,False
207,26.75659854989499,26.720000000000002,0.10000000000000142,167,-0.9146336031784336,-1.3246405736826758,0.9243159440962214,2.991855559085899,0.5037050843238831,0.002170501259018592,0.21744081427643308,0.002170501259018592,0.0,-0.0,False,False,7,0.2,250,0.324,0.02,0.014,0.9324288964271545,0.021747557446360588,0,False
208,26.95643042679876,26.919999999999998,0.19999999999999574,322,-0.8899720029878397,-1.2917234264692379,0.9279644434686031,2.975498856082264,0.5009512901306152,0.004278310877934748,0.22171912515436784,0.004278310877934748,0.0,-0.0,False,False,7,0.2,250,0.364,0.02,0.014,0.9331498742103577,-0.0068919463083148,0,False
209,27.056645762873814,27.02,0.10000000000000142,161,-0.8776262592689417,-1.275255104800532,0.9261838372794253,2.967488493489241,0.49960267543792725,0.002095215729619655,0.2238143408839875,0.002095215729619655,0.0,-0.0,False,False,7,0.2,250,0.384,0.02,0.014,0.9335401058197021,-0.017224544659256935,0,False
210,27.156278973910958,27.12,0.10000000000000142,159,-0.8652234470748703,-1.2588109955977058,0.9225214152872544,2.959538316595892,0.4982641935348511,0.002079473367998536,0.22589381425198604,0.002079473367998536,0.0,-0.0,False,False,7,0.2,250,0.404,0.02,0.014,0.9338858723640442,-0.023839158937335014,0,False
211,27.25733360182494,27.220000000000002,0.10099999999999909,169,-0.8527445296489942,-1.2424153154306958,0.9175771930031027,2.9516242511223467,0.496931791305542,0.002070027951026073,0.2279638422030121,0.002070027951026073,0.0,-0.0,False,False,7,0.2,250,0.424,0.02,0.014,0.9342016577720642,-0.027930384501814842,0,False
212,27.358490818878636,27.320000000000004,0.10099999999999909,171,-0.8401802612357866,-1.226087737654434,0.9118717386661348,2.9437330208113246,0.4956032335758209,0.0020640551138228604,0.23002789731683496,0.0020640551138228604,0.0,-0.0,False,False,7,0.2,250,0.444,0.02,0.014,0.9344992637634277,-0.030533386394381523,0,False
213,27.459370558848605,27.419999999999998,0.10099999999999909,171,-0.827521342361164,-1.2098372115860663,0.9056943192489204,2.935853296589946,0.49427661299705505,0.0020610455446893787,0.23208894286152434,0.0020610455446893787,0.0,-0.0,False,False,7,0.2,250,0.464,0.02,0.014,0.9347854852676392,-0.03222562372684479,0,False
214,27.560448546893895,27.52,0.10099999999999909,172,-0.8147620362844727,-1.193669863900012,0.8992028475664015,2.9279778207708973,0.4929507076740265,0.0020599343191633024,0.23414887718068764,0.0020599343191633024,0.0,-0.0,False,False,7,0.2,250,0.484,0.02,0.014,0.9350640177726746,-0.033322449773550034,0,False
215,27.6614648248069,27.62,0.1010000000000062,169,-0.8152659150293633,-1.1936441579522221,0.8941056791786103,2.9284692193070554,0.49303343892097473,-0.00012853175252856188,0.23402034542815908,-0.00012853175252856188,0.0,-0.0,False,False,7,0.2,250,0.504,0.02,0.014,0.9349374175071716,-0.02297050878405571,0,False
216,27.762344194808975,27.720000000000002,0.10099999999999909,168,-0.8177931896174548,-1.1963972028667453,0.8947013692575584,2.9301425587747443,0.4933151602745056,-0.0004376839541257156,0.23358266147403337,-0.0004376839541257156,0.0,-0.0,False,False,7,0.2,250,0.524,0.02,0.014,0.9348665475845337,-0.021644966676831245,0,False
217,27.86319542489946,27.820000000000004,0.10099999999999909,168,-0.821037433970017,-1.2005204790715172,0.8984476578284879,2.9321357675345214,0.49365073442459106,-0.0005213499760345574,0.2330613114979988,-0.0005213499760345574,0.0,-0.0,False,False,7,0.2,250,0.544,0.02,0.014,0.9348406195640564,-0.025554100051522255,0,False
218,27.96429123193957,27.919999999999998,0.10099999999999909,170,-0.8241737635816013,-1.2046261835960925,0.9005474361187107,2.9340376356442057,0.49397093057632446,-0.0004974586272215913,0.23256385287077722,-0.0004974586272215913,0.0,-0.0,False,False,7,0.2,250,0.564,0.02,0.014,0.9347830414772034,-0.02621389739215374,0,False
219,28.064863704843447,28.02,0.10000000000000142,166,-0.8272147017980205,-1.2085043847497405,0.9003129397063669,2.9359170226248943,0.4942873418331146,-0.0004915783921455325,0.23207227447863168,-0.0004915783921455325,0.0,-0.0,False,False,7,0.2,250,0.584,0.02,0.014,0.9346781969070435,-0.022373488172888756,0,False
220,28.26491668098606,28.220000000000002,0.19999999999999574,326,-0.8319734430274203,-1.2132196022193324,0.8922914576401727,2.939234139760726,0.49484580755233765,-0.0008676356306316019,0.23120463884800008,-0.0008676356306316019,0.0,-0.0,False,False,7,0.2,250,0.624,0.02,0.014,0.9343693256378174,-0.0025237149093300104,0,False
221,28.365018547978252,28.320000000000004,0.10000000000000142,169,-0.8329086558129616,-1.2142911773574703,0.8865579247312164,2.9398485649476878,0.49494925141334534,-0.00016071099172439537,0.23104392785627567,-0.00016071099172439537,0.0,-0.0,False,False,7,0.2,250,0.644,0.02,0.014,0.9343186616897583,0.007067651953548193,0,False
222,28.465190114919096,28.419999999999998,0.10000000000000142,167,-0.8331204113088703,-1.2155393142434139,0.8797809190852891,2.9397193427101533,0.4949274957180023,3.3799776421429326e-05,0.2310777276326971,3.3799776421429326e-05,0.0,-0.0,False,False,7,0.2,250,0.664,0.02,0.014,0.9342894554138184,0.01815486140549183,0,False
223,28.56521630194038,28.52,0.10000000000000142,169,-0.8330679282609986,-1.216746535479455,0.8714532070082418,2.9393468994392324,0.4948647916316986,9.741743779540223e-05,0.2311751450704925,9.741743779540223e-05,0.0,-0.0,False,False,7,0.2,250,0.684,0.02,0.014,0.9342618584632874,0.03153613209724426,0,False
224,28.76524251885712,28.720000000000002,0.19999999999999574,336,-0.8320843798274538,-1.2189983595312326,0.8497080029831888,2.9377994188905667,0.4946042597293854,0.0004047638979125366,0.23157990896840502,0.0004047638979125366,0.0,-0.0,False,False,7,0.2,250,0.724,0.02,0.014,0.934213399887085,0.0657620057463646,0,False
225,28.86500556883402,28.820000000000004,0.10000000000000142,164,-0.8318701975687623,-1.2194854881132053,0.8368386761505637,2.9374634410729774,0.49454769492149353,8.787941869566979e-05,0.2316677883871007,8.787941869566979e-05,0.0,-0.0,False,False,7,0.2,250,0.744,0.02,0.014,0.933712363243103,0.08538531512022018,0,False
226,28.9651007859502,28.919999999999998,0.10000000000000142,169,-0.8320282631306101,-1.2196600235766597,0.8237508976355283,2.937569474114461,0.49456554651260376,-2.773433709094703e-05,0.23164005405000976,-2.773433709094703e-05,0.0,-0.0,False,False,7,0.2,250,0.764,0.02,0.014,0.9331761598587036,0.10521233826875687,0,False
227,29.064908345928416,29.02,0.10000000000000142,167,-0.8314710849037356,-1.22015154280991,0.8113205928784382,2.936901766881612,0.4944531321525574,0.000174647611865147,0.2318147016618749,0.000174647611865147,0.0,-0.0,False,False,7,0.2,250,0.784,0.02,0.014,0.9326304793357849,0.12459368258714676,0,False
228,29.265546846901998,29.220000000000002,0.19999999999999574,339,-0.8160754493838562,-1.2056091628998864,0.7961560963097446,2.925976292223224,0.4926137328147888,0.0028577016448360255,0.23467240330671094,0.0028577016448360255,0.0,-0.0,False,False,7,0.2,250,0.824,0.02,0.014,0.9327197074890137,0.1359664499759674,0,False
229,29.365461815847084,29.320000000000004,0.10000000000000142,167,-0.7996305279553624,-1.1890076909817997,0.7946223466009917,2.9147281160045275,0.4907200038433075,0.002942108483762445,0.23761451179047338,0.002942108483762445,0.0,-0.0,False,False,7,0.2,250,0.844,0.02,0.014,0.9334852695465088,0.12645894289016724,0,False
230,29.465479973936453,29.419999999999998,0.10000000000000142,170,-0.7877086145771743,-1.1811759792799879,0.7923771294320214,2.905476157830592,0.4891623556613922,0.0024199713896467913,0.24003448318012016,0.0024199713896467913,0.0,-0.0,False,False,7,0.2,250,0.864,0.02,0.014,0.9339732527732849,0.12278139591217041,0,False
231,29.565435593016446,29.52,0.10000000000000142,167,-0.7714351683979617,-1.164484827682096,0.7902519718099776,2.894639545587604,0.4873379170894623,0.002834458510913368,0.24286894169103354,0.002834458510913368,0.0,-0.0,False,False,7,0.2,250,0.884,0.02,0.014,0.9346863031387329,0.11398012936115265,0,False
232,29.76545596984215,29.720000000000002,0.19999999999999574,339,-0.7402572396948499,-1.132649800319078,0.7979722681350435,2.874248807554967,0.48390495777130127,0.0053334658161099235,0.24820240750714345,0.0053334658161099235,0.0,-0.0,False,False,7,0.2,250,0.924,0.02,0.014,0.9363664984703064,0.079325370490551,0,False
233,29.86549336789176,29.820000000000004,0.10000000000000142,168,-0.7258954545671047,-1.117521958387,0.8074924392523088,2.8651828939997284,0.48237863183021545,0.002371308971812609,0.25057371647895604,0.002371308971812609,0.0,-0.0,False,False,7,0.2,250,0.944,0.02,0.014,0.9367474913597107,0.053489722311496735,0,False
234,29.966273228870705,29.919999999999998,0.10099999999999909,169,-0.7116384756228552,-1.1021599027811404,0.8140057063635835,2.856413837557291,0.4809022843837738,0.0022936620881706146,0.25286737856712665,0.0022936620881706146,0.0,-0.0,False,False,7,0.2,250,0.964,0.02,0.014,0.9371047616004944,0.03208048641681671,0,False
235,30.066302757011726,30.02,0.10000000000000142,168,-0.6972492689009585,-1.086498111927583,0.8214418715367637,2.847742848401969,0.47944244742393494,0.0022680112989411478,0.2551353898660678,0.0022680112989411478,0.0,-0.0,False,False,7,0.2,250,0.984,0.02,0.014,0.937462329864502,0.00898989662528038,0,False
236,30.167267345823348,30.12,0.10099999999999909,169,-0.6828186731500648,-1.0706346678429173,0.8297336120026656,2.8392315283675456,0.47800949215888977,0.0022262477395820633,0.2573616376056499,0.0022262477395820633,0.0,-0.0,True,True,8,0.2,250,0.004,0.02,0.016,0.9999903440475464,-0.5932396054267883,0,False
237,30.267369103850797,30.220000000000002,0.10000000000000142,167,-0.6744919583626717,-1.0601586253996576,0.8393830988590255,2.8348208016652925,0.47726690769195557,0.0011536836014967701,0.25851532120714665,0.0011536836014967701,0.0,-0.0,False,False,8,0.2,250,0.024,0.02,0.016,0.999990701675415,-0.585797905921936,0,False
238,30.367408531950787,30.320000000000004,0.10000000000000142,169,-0.6736261358076285,-1.059898845180389,0.8518928729310645,2.83409007646455,0.47714388370513916,0.00019113079050361205,0.25870645199765024,0.00019113079050361205,0.0,-0.0,False,False,8,0.2,250,0.044,0.02,0.016,0.9999909996986389,-0.5790730118751526,0,False
239,30.46785170584917,30.419999999999998,0.10000000000000142,170,-0.6730902191485778,-1.0601021599927276,0.8665319160282268,2.833517073200305,0.4770474135875702,0.00014987654284404683,0.2588563285404943,0.00014987654284404683,0.0,-0.0,False,False,8,0.2,250,0.064,0.02,0.016,0.9999912977218628,-0.5712413191795349,0,False
240,30.667783073848113,30.62,0.19999999999999574,335,-0.6728534818946061,-1.0611954157977934,0.8899951985186252,2.8329313247290706,0.4769487977027893,0.00015321021942250838,0.2590095387599168,0.00015321021942250838,0.0,-0.0,False,False,8,0.2,250,0.104,0.02,0.016,0.999991774559021,-0.5586622357368469,0,False
241,30.767676943913102,30.720000000000002,0.10000000000000142,166,-0.672893151905167,-1.0616940028257413,0.8978643381429746,2.832803518625646,0.4769272804260254,3.342936791269847e-05,0.25904296812782945,3.342936791269847e-05,0.0,-0.0,False,False,8,0.2,250,0.124,0.02,0.016,0.9999919533729553,-0.5544179081916809,0,False
242,30.868059118976817,30.820000000000004,0.10000000000000142,168,-0.6730553341711152,-1.0621626178064156,0.9030093329830228,2.832801394424481,0.47692692279815674,5.556127631543639e-07,0.2590435237405926,5.556127631543639e-07,0.0,-0.0,False,False,8,0.2,250,0.144,0.02,0.016,0.9999920129776001,-0.5516112446784973,0,False
243,30.967852238798514,30.919999999999998,0.10000000000000142,167,-0.6733339804632681,-1.062606219561555,0.9054259624467025,2.832917517421498,0.47694647312164307,-3.0373497715697943e-05,0.2590131502428769,-3.0373497715697943e-05,0.0,-0.0,False,False,8,0.2,250,0.164,0.02,0.016,0.9999920725822449,-0.5502752065658569,0,False
244,31.167794366832823,31.12,0.19999999999999574,335,-0.6736544338093778,-1.0628938871173566,0.9043154933504295,2.8331248040518444,0.47698137164115906,-5.4218545465029056e-05,0.25895893169741185,-5.4218545465029056e-05,0.0,-0.0,False,False,8,0.2,250,0.204,0.02,0.016,0.9999920129776001,-0.5510459542274475,0,False
245,31.2678242449183,31.220000000000002,0.10000000000000142,166,-0.6734541223245804,-1.0627025332032547,0.9062134460258369,2.8329989451328212,0.4769601821899414,3.2920056213179026e-05,0.25899185175362505,3.2920056213179026e-05,0.0,-0.0,False,False,8,0.2,250,0.224,0.02,0.016,0.9999920725822449,-0.5498361587524414,0,False
246,31.36810040101409,31.320000000000004,0.10000000000000142,166,-0.6628757940484102,-1.043217786596669,0.907785452805433,2.8295476492900704,0.4763791263103485,0.0009027318368335311,0.2598945835904586,0.0009027318368335311,0.0,-0.0,False,False,8,0.2,250,0.244,0.02,0.016,0.9999922513961792,-0.5438358783721924,0,False
247,31.468162369914353,31.419999999999998,0.10000000000000142,168,-0.6449367435974093,-1.0191276984172428,0.9091153132966991,2.820957379779016,0.47493287920951843,0.0022468980139437214,0.2621414816044023,0.0022468980139437214,0.0,-0.0,False,False,8,0.2,250,0.264,0.02,0.016,0.9999925494194031,-0.5358787178993225,0,False
248,31.668343734927475,31.62,0.19999999999999574,335,-0.6081657363741291,-0.9714055467690812,0.9146943154285441,2.8036646121286934,0.4720214903354645,0.004523150902203985,0.2666646325066063,0.004523150902203985,0.0,-0.0,False,False,8,0.2,250,0.304,0.02,0.016,0.9999932050704956,-0.5259302258491516,0,False
249,31.768293334869668,31.720000000000002,0.10000000000000142,168,-0.5934372612761655,-0.9531977023724425,0.8302371047690393,2.7967322816268823,0.47085437178611755,0.0018132422523504104,0.26847787475895674,0.0018132422523504104,0.0,-0.0,False,False,8,0.2,250,0.324,0.02,0.016,0.999991774559021,-0.5624831914901733,0,False
250,31.868038875982165,31.820000000000004,0.10000000000000142,167,-0.578437306576824,-0.9383565440074868,0.7323665508932798,2.788445064815361,0.4694591462612152,0.002167630593075899,0.27064550535203263,0.002167630593075899,0.0,-0.0,False,False,8,0.2,250,0.344,0.02,0.016,0.9999898076057434,-0.6084250211715698,0,False
251,31.967962834984064,31.919999999999998,0.10000000000000142,168,-0.5629552669528184,-0.9256965801383459,0.6330967778281886,2.7790047608048,0.4678697884082794,0.002469235721307531,0.27311474107334016,0.002469235721307531,0.0,-0.0,False,False,8,0.2,250,0.364,0.02,0.016,0.999987781047821,-0.6475621461868286,0,False
252,32.16841721883975,32.120000000000005,0.19999999999999574,338,-0.5300749112986024,-0.9061335589469978,0.4349268057063185,2.756414766499385,0.4640665650367737,0.00590871023016453,0.2790234513035047,0.00590871023016453,0.0,-0.0,False,False,8,0.2,250,0.404,0.02,0.016,0.9999809265136719,-0.6692531108856201,0,False
253,32.268631915794685,32.22,0.10000000000000142,168,-0.5126732644403739,-0.8989715830679934,0.33669710940165154,2.743317473166601,0.4618615210056305,0.003425769394033841,0.28244922069753853,0.003425769394033841,0.0,-0.0,False,False,8,0.2,250,0.424,0.02,0.016,0.9999761581420898,-0.6692702174186707,0,False
254,32.368468086002395,32.32000000000001,0.10000000000000142,169,-0.494721566832465,-0.8935282068127098,0.23957409329750462,2.7290869185123157,0.4594656825065613,0.003722188803143473,0.286171409500682,0.003722188803143473,0.0,-0.0,False,False,8,0.2,250,0.444,0.02,0.016,0.9999706745147705,-0.6587942838668823,0,False
255,32.4682311268989,32.42,0.10000000000000142,167,-0.4764724805452054,-0.8899017718365635,0.14583644185815692,2.7138964019482374,0.4569082260131836,0.003973279470997385,0.2901446889716794,0.003973279470997385,0.0,-0.0,False,False,8,0.2,250,0.464,0.02,0.016,0.999963104724884,-0.6476243734359741,0,False
256,32.66827497491613,32.620000000000005,0.19999999999999574,337,-0.44974067325497663,-0.8878988765364675,-0.015901869743572838,2.6903528183365246,0.45294445753097534,0.006158134059729094,0.2963028230314085,0.006158134059729094,0.0,-0.0,False,False,8,0.2,250,0.504,0.02,0.016,0.9999509453773499,-0.588687539100647,0,False
257,32.76996266795322,32.739999999999995,0.10099999999999909,170,-0.44278670745126325,-0.8868379846788174,-0.10353876558514348,2.6844620544725935,0.4519526958465576,0.001540806794181014,0.2978436298255895,0.001540806794181014,0.0,-0.0,False,False,8,0.2,250,0.528,0.02,0.016,0.999946117401123,-0.5554348230361938,0,False
258,32.86987102800049,32.84,0.10000000000000142,164,-0.4370540883759562,-0.8866169901669148,-0.172548424995889,2.6793384812627363,0.45109009742736816,0.0013401379845776695,0.29918376781016714,0.0013401379845776695,0.0,-0.0,False,False,8,0.2,250,0.548,0.02,0.016,0.9999474287033081,-0.5242511630058289,0,False
259,32.97035044198856,32.94,0.10099999999999909,163,-0.43405277503858997,-0.8881729735912668,-0.23837482521160347,2.675961886494286,0.4505216181278229,0.0008831927879981818,0.30006696059816534,0.0008831927879981818,0.0,-0.0,False,False,8,0.2,250,0.568,0.02,0.016,0.9999458193778992,-0.4717317521572113,0,False
260,33.070920024998486,33.040000000000006,0.10000000000000142,164,-0.43325301634273705,-0.890404800206839,-0.3015014678671802,2.674307664837082,0.45024311542510986,0.00043268343925779095,0.30049964403742313,0.00043268343925779095,0.0,-0.0,False,False,8,0.2,250,0.588,0.02,0.016,0.9999339580535889,-0.39912930130958557,0,False
261,33.17178735695779,33.14,0.10099999999999909,166,-0.43450207229686916,-0.8926910170744512,-0.3634614048267379,2.6744968957575264,0.4502749741077423,-4.9495836978797745e-05,0.30045014820044436,-4.9495836978797745e-05,0.0,-0.0,False,False,8,0.2,250,0.608,0.02,0.016,0.9984602332115173,0.732302725315094,0,False
262,33.27135817985982,33.239999999999995,0.10000000000000142,163,-0.43638943673389324,-0.8957231840206981,-0.4248007285104277,2.6749617417791227,0.4503532350063324,-0.00012158659298994545,0.3003285616074544,-0.00012158659298994545,0.0,-0.0,False,False,8,0.2,250,0.628,0.02,0.016,0.9981017112731934,0.7865298390388489,0,False
263,33.3722915397957,33.34,0.10099999999999909,165,-0.42152609082467657,-0.9046217843576554,-0.48147415058948434,2.6577512869239417,0.4474557042121887,0.004501620907634193,0.3048301825150886,0.004501620907634193,0.0,-0.0,False,False,8,0.2,250,0.648,0.02,0.016,0.9977380633354187,0.8206493854522705,0,False
264,33.47327174991369,33.44,0.10099999999999909,165,-0.391575932589075,-0.9208881155168898,-0.5323705367659018,2.623760173915954,0.4417330026626587,0.00889082283286956,0.31372100534795816,0.00889082283286956,0.0,-0.0,False,False,8,0.2,250,0.668,0.02,0.016,0.9973574280738831,0.8407719135284424,0,False
265,33.57355363597162,33.540000000000006,0.10000000000000142,163,-0.36967377165811316,-0.9332824464558016,-0.45907560170959905,2.598699733655704,0.4375138580799103,0.006554887873640224,0.3202758932215984,0.006554887873640224,0.0,-0.0,False,False,8,0.2,250,0.688,0.02,0.016,0.9979211091995239,0.8139409422874451,0,False
266,33.673704833956435,33.64,0.10000000000000142,165,-0.3491606369868245,-0.9412592845151075,-0.2985305961017475,2.5767202701684484,0.4338134229183197,0.005749017861839173,0.32602491108343756,0.005749017861839173,0.0,-0.0,False,False,8,0.2,250,0.708,0.02,0.016,0.9988391995429993,0.6595324873924255,0,False
267,33.77365878387354,33.739999999999995,0.10000000000000142,163,-0.3277756676322718,-0.9464212546308594,-0.17329377947677624,2.555106169281564,0.43017449975013733,0.005653452466587309,0.3316783635500249,0.005653452466587309,0.0,-0.0,False,False,8,0.2,250,0.728,0.02,0.016,0.9997414946556091,-0.11893880367279053,0,False
268,33.97386367991567,33.94,0.19999999999999574,327,-0.2857882624572466,-0.9513809035979702,-0.1097410903617325,2.514841936199955,0.42339566349983215,0.010531639924406975,0.34221000347443187,0.010531639924406975,0.0,-0.0,False,False,8,0.2,250,0.768,0.02,0.016,0.9999494552612305,-0.5708048343658447,0,False
269,34.07410495681688,34.040000000000006,0.10000000000000142,163,-0.26593449343845577,-0.9542213638963207,-0.19389398923004908,2.495618623724221,0.420159250497818,0.005028110301727348,0.3472381137761592,0.005028110301727348,0.0,-0.0,False,False,8,0.2,250,0.788,0.02,0.016,0.9999547004699707,-0.5421420335769653,0,False
270,34.174104935955256,34.14,0.10000000000000142,164,-0.2443166094193664,-0.9593977627528699,-0.29818200423042457,2.4738250278388985,0.4164901077747345,0.005700401745068626,0.35293851552122785,0.005700401745068626,0.0,-0.0,False,False,8,0.2,250,0.808,0.02,0.016,0.9999533295631409,-0.4874734878540039,0,False
271,34.27419208502397,34.239999999999995,0.10000000000000142,163,-0.22304183696027888,-0.966694228737033,-0.39308572723159607,2.451455773437875,0.4127240478992462,0.0058509728038665,0.35878948832509433,0.0058509728038665,0.0,-0.0,False,False,8,0.2,250,0.828,0.02,0.016,0.9994861483573914,0.1632814258337021,0,False
272,34.47403253498487,34.44,0.19999999999999574,329,-0.1822873310064026,-0.9839907877170206,-0.309244952619328,2.407208486155222,0.4052746295928955,0.011573460156267956,0.3703629484813623,0.011573460156267956,0.0,-0.0,False,False,8,0.2,250,0.868,0.02,0.016,0.9989198446273804,0.6546190977096558,0,False
273,34.57410126295872,34.540000000000006,0.10000000000000142,162,-0.16110066105950616,-0.989795223668524,-0.1874573592821326,2.3855543794797316,0.4016289710998535,0.005663916506958811,0.3760268649883211,0.005663916506958811,0.0,-0.0,False,False,8,0.2,250,0.888,0.02,0.016,0.9999526739120483,-0.5608354210853577,0,False
274,34.67409915290773,34.64,0.10000000000000142,169,-0.13925993901655537,-0.9934985055992894,-0.16357434359181466,2.3642077509228674,0.39803507924079895,0.005583491559501276,0.3816103565478224,0.005583491559501276,0.0,-0.0,False,False,8,0.2,250,0.908,0.02,0.016,0.9999502301216125,-0.5730577707290649,0,False
275,34.77415149193257,34.739999999999995,0.10000000000000142,168,-0.11771708687467616,-0.9973719873063618,-0.2543080741462561,2.3430724803819154,0.3944767713546753,0.00552820808957369,0.3871385646373961,0.00552820808957369,0.0,-0.0,False,False,8,0.2,250,0.928,0.02,0.016,0.9999560713768005,-0.544048547744751,0,False
276,34.97418416989967,34.94,0.19999999999999574,336,-0.11556867605338435,-0.9900549954569912,-0.49876389597488147,2.3442738931574576,0.3946790397167206,-0.0003142453185919997,0.3868243193188041,-0.0003142453185919997,0.0,-0.0,False,False,8,0.2,250,0.968,0.02,0.016,0.9979668259620667,0.8064346313476562,0,False
277,35.07428270787932,35.040000000000006,0.10000000000000142,169,-0.10787072933205936,-0.9961207718779801,-0.6086789533672463,2.3347146338816596,0.39306965470314026,0.00250035003604069,0.38932466935484483,0.00250035003604069,0.0,-0.0,False,False,8,0.2,250,0.988,0.02,0.016,0.9969561100006104,0.8440054059028625,0,False
278,35.17422357783653,35.14,0.10000000000000142,169,-0.11019525037037868,-0.9939789543802661,-0.7063953843068314,2.3377343628543983,0.39357805252075195,-0.0007898498437987028,0.3885348195110461,-0.0007898498437987028,0.0,-0.0,True,True,9,0.2,250,0.008,0.02,0.018,0.9466511011123657,-0.9999861717224121,0,False
279,35.274275857023895,35.239999999999995,0.10000000000000142,170,-0.10270654071617634,-1.0050093372018878,-0.7955579461011297,2.326237478082639,0.3916424512863159,0.0030071614781077066,0.3915419809891538,0.0030071614781077066,0.0,-0.0,False,False,9,0.2,250,0.028,0.02,0.018,0.9446586966514587,-0.9999904036521912,0,False
280,35.47538966592401,35.44,0.2010000000000005,341,-0.0787595930494333,-1.0352133561267127,-0.9695440479777816,2.2917362027615367,0.38583385944366455,0.009024262498138659,0.4005662434872925,0.009024262498138659,0.0,-0.0,False,False,9,0.2,250,0.068,0.02,0.018,0.9320111870765686,-0.9999935626983643,0,False
281,35.67670310288668,35.64,0.2009999999999934,340,-0.061584681990658266,-1.067760646863081,-1.3186259842709984,2.262565256230346,0.38092267513275146,0.007630044871286749,0.40819628835857924,0.007630044871286749,0.0,-0.0,False,False,9,0.2,250,0.108,0.02,0.018,0.8796977400779724,-0.999995231628418,0,False
282,35.77727230684832,35.739999999999995,0.1010000000000062,167,-0.05767020442610947,-1.086681206618325,-1.5204856971931218,2.2512568943119757,0.3790188133716583,0.0029578508453834487,0.4111541392039627,0.0029578508453834487,0.0,-0.0,False,False,9,0.2,250,0.128,0.02,0.018,0.8252733945846558,-0.999994695186615,0,False
283,35.97742130397819,35.94,0.19999999999999574,338,-0.061374088580820226,-1.122200180306985,-1.9236726979567287,2.2404900266739043,0.37720611691474915,0.0028162158918584018,0.4139703550958211,0.0028162158918584018,0.0,-0.0,False,False,9,0.2,250,0.168,0.02,0.018,0.7613912224769592,-0.9999958276748657,0,False
284,36.077651681844145,36.040000000000006,0.10000000000000142,169,-0.06818776138273414,-1.1377635034770521,-2.1257644390403834,2.2407258130032135,0.37724581360816956,-6.167301670316495e-05,0.4139086820791179,-6.167301670316495e-05,0.0,-0.0,False,False,9,0.2,250,0.188,0.02,0.018,0.7436636090278625,-0.999997615814209,0,False
285,36.177796319825575,36.14,0.10000000000000142,168,-0.07770227543475725,-1.1512504744409051,-2.3266744457372615,2.244375721654887,0.37786030769348145,-0.0009546816301826564,0.41295400044893527,-0.0009546816301826564,0.0,-0.0,False,False,9,0.2,250,0.208,0.02,0.018,0.7317851781845093,-0.9999988675117493,0,False
286,36.277709929971024,36.239999999999995,0.10000000000000142,169,-0.08960497309395192,-1.162449689184061,-2.5289089432763756,2.2512083917187096,0.3790106475353241,-0.001787174753548694,0.4111668256953866,-0.001787174753548694,0.0,-0.0,False,False,9,0.2,250,0.228,0.02,0.018,0.7259023785591125,-0.9999993443489075,0,False
287,36.47802139702253,36.44,0.19999999999999574,336,-0.11927892642625092,-1.1763835866229577,-2.936670614433653,2.273694654200569,0.38279640674591064,-0.005881577806900139,0.40528524788848647,-0.005881577806900139,0.0,-0.0,False,False,9,0.2,250,0.268,0.02,0.018,0.7376156449317932,-0.9999998807907104,0,False
288,36.5782573139295,36.540000000000006,0.10000000000000142,170,-0.13534400896416401,-1.1784143162059089,-3.1345977139928074,2.287946096832976,0.3851957619190216,-0.0037276523286471665,0.4015575955598393,-0.0037276523286471665,0.0,-0.0,False,False,9,0.2,250,0.288,0.02,0.018,0.7350232601165771,-0.9999999403953552,0,False
289,36.677873058011755,36.64,0.10000000000000142,168,-0.1516896589330085,-1.1770916412375474,2.946212726635184,2.3036811169623364,0.38784489035606384,-0.004115701542603296,0.39744189401723595,-0.004115701542603296,0.0,-0.0,False,False,9,0.2,250,0.308,0.02,0.018,0.724834680557251,-1.0,0,False
290,36.77825414389372,36.739999999999995,0.10000000000000142,168,-0.16733038349439922,-1.1724439995753448,2.742007710234229,2.319950373684681,0.39058396220207214,-0.004255438152520821,0.3931864558647151,-0.004255438152520821,0.0,-0.0,False,False,9,0.2,250,0.328,0.02,0.018,0.7916079163551331,-0.9999886751174927,0,False
291,36.97826424287632,36.94,0.19999999999999574,338,-0.19741702597629104,-1.1522022508511356,2.3389312064775902,2.355292478633576,0.39653411507606506,-0.009244192550195892,0.38394226331451925,-0.009244192550195892,0.0,-0.0,False,False,9,0.2,250,0.368,0.02,0.018,0.7463287115097046,-0.9999980330467224,0,False
292,37.07804418494925,37.040000000000006,0.10000000000000142,167,-0.20701810622437283,-1.13996769382818,2.1462688121686386,2.36866715723515,0.39878585934638977,-0.0034983231606809896,0.38044394015383826,-0.0034983231606809896,0.0,-0.0,False,False,9,0.2,250,0.388,0.02,0.018,0.7134010791778564,-0.999999463558197,0,False
293,37.178381291916594,37.14,0.10000000000000142,170,-0.21344346965155245,-1.1272508782994373,1.962011618391017,2.3792904642778243,0.40057438611984253,-0.0027786657292862616,0.377665274424552,-0.0027786657292862616,0.0,-0.0,False,False,9,0.2,250,0.408,0.02,0.018,0.6679890155792236,-0.9999997019767761,0,False
294,37.27811773400754,37.239999999999995,0.10000000000000142,168,-0.20710144880299886,-1.1203893517085273,1.7857821214466365,2.3759232513978525,0.4000074863433838,0.0008807388316278543,0.37854601325617987,0.0008807388316278543,0.0,-0.0,False,False,9,0.2,250,0.428,0.02,0.018,0.6160447597503662,-0.999999463558197,0,False
295,37.47839632094838,37.44,0.19999999999999574,336,-0.19388973874852958,-1.1011026868351188,1.4455573094030691,2.370900400726567,0.39916184544563293,0.001313792679394376,0.3798598059355742,0.001313792679394376,0.0,-0.0,False,False,9,0.2,250,0.468,0.02,0.018,0.6878447532653809,-0.9999985694885254,0,False
296,37.57826581201516,37.540000000000006,0.10000000000000142,166,-0.19191189669254785,-1.0923458462286164,1.2761023816284718,2.372406813386043,0.3994154632091522,-0.0003940220511593417,0.3794657838844149,-0.0003940220511593417,0.0,-0.0,False,False,9,0.2,250,0.488,0.02,0.018,0.7511029243469238,-0.9999985098838806,0,False
297,37.67844964982942,37.64,0.10000000000000142,169,-0.1862589712327695,-1.0857049751400527,1.1089568564256462,2.3697391707563944,0.39896634221076965,0.0006977570283163211,0.3801635409127312,0.0006977570283163211,0.0,-0.0,False,False,9,0.2,250,0.508,0.02,0.018,0.8013479709625244,-0.999998152256012,0,False
298,37.778251631883904,37.739999999999995,0.10000000000000142,163,-0.1823220594090417,-1.078119604717143,0.9451831121313913,2.36904898239455,0.39885014295578003,0.0001805278469412058,0.3803440687596724,0.0001805278469412058,0.0,-0.0,False,False,9,0.2,250,0.528,0.02,0.018,0.83162921667099,-0.9999971985816956,0,False
299,37.978534418856725,37.94,0.19999999999999574,338,-0.1597779879993071,-1.0572797872247488,0.6171074849221919,2.3565572634105396,0.39674705266952515,0.003267373455489101,0.3836114422151615,0.003267373455489101,0.0,-0.0,False,False,9,0.2,250,0.568,0.02,0.018,0.8691911697387695,-0.9999927878379822,0,False
300,38.07840195996687,38.040000000000006,0.10000000000000142,167,-0.14447650080475094,-1.048312031462179,0.43741629738244187,2.34616478622779,0.39499738812446594,0.0027182891423635966,0.38632973135752513,0.0027182891423635966,0.0,-0.0,False,False,9,0.2,250,0.588,0.02,0.018,0.888369083404541,-0.9999867677688599,0,False
301,38.17868469795212,38.14,0.10000000000000142,166,-0.12646830513865145,-1.042178340299413,0.2260548982881073,2.3322284334348504,0.3926510810852051,0.0036452364354551898,0.3899749677929803,0.0036452364354551898,0.0,-0.0,False,False,9,0.2,250,0.608,0.02,0.018,0.8981096148490906,-0.99997878074646,0,False
302,38.278722267830744,38.239999999999995,0.10000000000000142,167,-0.10701137161953338,-1.039790698913293,0.015476287650764682,2.3154909673723982,0.3898331820964813,0.0043779044657190165,0.3943528722586993,0.0043779044657190165,0.0,-0.0,False,False,9,0.2,250,0.628,0.02,0.018,0.913305938243866,-0.9999591708183289,0,False
303,38.47898222482763,38.44,0.19999999999999574,338,-0.06784284776954719,-1.0474711097838132,-0.406664371228287,2.276683051206125,0.3832995295524597,0.010150721074244001,0.4045035933329433,0.010150721074244001,0.0,-0.0,False,False,9,0.2,250,0.668,0.02,0.018,0.9463363289833069,-0.9999629259109497,0,False
304,38.57889771601185,38.540000000000006,0.10000000000000142,168,-0.049879330080959676,-1.0574432290172562,-0.6169365460054655,2.2561956620204824,0.379850298166275,0.005358746196830659,0.4098623395297739,0.005358746196830659,0.0,-0.0,False,False,9,0.2,250,0.688,0.02,0.018,0.948386549949646,-0.9999805688858032,0,False
305,38.67867429787293,38.64,0.10000000000000142,168,-0.03449864620898581,-1.070789555014232,-0.8290345276226543,2.236653011302951,0.37656012177467346,0.005111637420445517,0.4149739769502194,0.005111637420445517,0.0,-0.0,False,False,9,0.2,250,0.708,0.02,0.018,0.9434015154838562,-0.9999918937683105,0,False
306,38.77906314493157,38.739999999999995,0.10000000000000142,168,-0.02217756106748828,-1.0871592134193822,-1.0380528781123572,2.218666337938745,0.37353190779685974,0.004704651071480712,0.41967862802170014,0.004704651071480712,0.0,-0.0,False,False,9,0.2,250,0.728,0.02,0.018,0.9238799214363098,-0.9999938011169434,0,False
307,38.97896992601454,38.94,0.19999999999999574,333,-0.008252948436439483,-1.1253401533267806,-1.4355858142960884,2.190458716635859,0.3687829077243805,0.007378074483224472,0.4270567025049246,0.007378074483224472,0.0,-0.0,False,False,9,0.2,250,0.768,0.02,0.018,0.848944365978241,-0.9999947547912598,0,False
308,39.079170553945005,39.040000000000006,0.10000000000000142,168,-0.007167730631179964,-1.1441072684461506,-1.6359933150928399,2.1820344888491983,0.3673646152019501,0.002203467616295406,0.42926017012122003,0.002203467616295406,0.0,-0.0,False,False,9,0.2,250,0.788,0.02,0.018,0.7900764346122742,-0.9999938011169434,0,False
309,39.1788524268195,39.14,0.10000000000000142,169,-0.009622894437791017,-1.1611022280893288,-1.8434732107455145,2.1776899664165863,0.36663317680358887,0.0011363670037136896,0.4303965371249337,0.0011363670037136896,0.0,-0.0,False,False,9,0.2,250,0.808,0.02,0.018,0.7689687013626099,-0.9999948740005493,0,False
310,39.27877872786485,39.239999999999995,0.10000000000000142,169,-0.01529834244633715,-1.1765905477249277,-2.052987261316375,2.1770233212843197,0.3665209412574768,0.00017436980548368597,0.4305709069304174,0.00017436980548368597,0.0,-0.0,False,False,9,0.2,250,0.828,0.02,0.018,0.7438597083091736,-0.9999972581863403,0,False
311,39.47893857699819,39.44,0.19999999999999574,336,-0.03549262991878571,-1.2026933032167244,-2.454470865382671,2.1860759585822778,0.36804503202438354,-0.0023678363920433586,0.42820307053837403,-0.0023678363920433586,0.0,-0.0,False,False,9,0.2,250,0.868,0.02,0.018,0.7218056917190552,-0.9999991655349731,0,False
312,39.5790048269555,39.540000000000006,0.10000000000000142,168,-0.04895753868659923,-1.2122404933634534,-2.6518853367433293,2.1951747972555733,0.36957690119743347,-0.0023799209696405725,0.42582314956873346,-0.0023799209696405725,0.0,-0.0,False,False,9,0.2,250,0.888,0.02,0.018,0.7212061882019043,-0.9999995827674866,0,False
313,39.67919305502437,39.64,0.10000000000000142,169,-0.06406052196406903,-1.218981243777931,-2.8492570474566605,2.2068837481103,0.37154820561408997,-0.003062630152289717,0.42276051941644377,-0.003062630152289717,0.0,-0.0,False,False,9,0.2,250,0.908,0.02,0.018,0.7325016856193542,-0.9999998211860657,0,False
314,39.77904635691084,39.739999999999995,0.10000000000000142,168,-0.08039237369336977,-1.2226693978302687,-3.0465612897088565,2.220872674882072,0.3739033639431,-0.00365898785134175,0.419101531565102,-0.00365898785134175,0.0,-0.0,False,False,9,0.2,250,0.928,0.02,0.018,0.7375795245170593,-0.9999999403953552,0,False
315,39.97924798587337,39.94,0.19999999999999574,332,-0.11343976736132962,-1.220293216134845,2.8420369457998538,2.252680640142783,0.37925851345062256,-0.00831979181560178,0.4107817397495002,-0.00831979181560178,0.0,-0.0,False,False,9,0.2,250,0.968,0.02,0.018,0.7204105854034424,-1.0,0,False
316,40.07914623687975,40.040000000000006,0.10000000000000142,165,-0.12944107486671994,-1.214003812922976,2.643305724975781,2.2698698529863144,0.3821524679660797,-0.0044960647800032305,0.40628567496949697,-0.0044960647800032305,0.0,-0.0,False,False,9,0.2,250,0.988,0.02,0.018,0.7856658697128296,-0.999988853931427,0,False
317,40.179556622868404,40.14,0.10000000000000142,168,-0.14416520731613194,-1.204365442825939,2.440065631628207,2.2870240165106246,0.3850405216217041,-0.004486897169412345,0.4017987778000846,-0.004486897169412345,0.0,-0.0,True,True,10,0.2,250,0.008,0.02,0.02,0.9977599382400513,-0.7464715242385864,0,False
318,40.27920297696255,40.239999999999995,0.10000000000000142,165,-0.15951198617143003,-1.1894729737008116,2.284073088434541,2.306609151251455,0.3883378505706787,-0.005122749675707326,0.3966760281243773,-0.005122749675707326,0.0,-0.0,False,False,10,0.2,250,0.028,0.02,0.02,0.9974480271339417,-0.7674041390419006,0,False
319,40.47954285494052,40.44,0.19999999999999574,327,-0.18343254848859128,-1.1522495843178846,1.9733054551918194,2.3422335979385243,0.39433553814888,-0.009318042746623541,0.38735798537775373,-0.009318042746623541,0.0,-0.0,False,False,10,0.2,250,0.068,0.02,0.02,0.9996102452278137,-0.8018046021461487,0,False
320,40.58036227780394,40.540000000000006,0.10099999999999909,164,-0.19075285950276386,-1.1312720107512182,1.8118147607402497,2.3567109139614706,0.39677292108535767,-0.0037867324857892154,0.38357125289196453,-0.0037867324857892154,0.0,-0.0,False,False,10,0.2,250,0.088,0.02,0.02,0.9999223947525024,-0.84907466173172,0,False
321,40.680621195817366,40.64,0.10000000000000142,162,-0.1944847226480358,-1.1093589348964523,1.6410502799229594,2.3683336576522533,0.39872971177101135,-0.003040081534321002,0.3805311713576435,-0.003040081534321002,0.0,-0.0,False,False,10,0.2,250,0.108,0.02,0.02,0.99998539686203,-0.888633668422699,0,False
322,40.780706244986504,40.739999999999995,0.10000000000000142,164,-0.19422916224603576,-1.0866492398464398,1.455929668114147,2.376731155907588,0.40014350414276123,-0.0021964761556930385,0.3783346952019505,-0.0021964761556930385,0.0,-0.0,False,False,10,0.2,250,0.128,0.02,0.02,0.9999979734420776,-0.912388265132904,0,False
323,40.88086976390332,40.84,0.10000000000000142,164,-0.18977850967191404,-1.0645005070347133,1.269646392155094,2.3812369406119727,0.4009020924568176,-0.00117854727264514,0.37715614792930535,-0.00117854727264514,0.0,-0.0,False,False,10,0.2,250,0.148,0.02,0.02,0.9999992251396179,-0.900577962398529,0,False
324,40.98056519799866,40.94,0.10000000000000142,160,-0.1814589543346109,-1.043811050258189,1.0904642552949624,2.381818794714405,0.401000052690506,-0.00015219159602358566,0.37700395633328176,-0.00015219159602358566,0.0,-0.0,False,False,10,0.2,250,0.168,0.02,0.02,0.999999463558197,-0.8464294672012329,0,False
325,41.1808110459242,41.14,0.19999999999999574,327,-0.15442324028473592,-1.0079259548154538,0.7484765988369668,2.371866381206327,0.3993244767189026,0.002603184698276383,0.3796071410315581,0.002603184698276383,0.0,-0.0,False,False,10,0.2,250,0.208,0.02,0.02,0.9999992847442627,-0.7967231869697571,0,False
326,41.28066540788859,41.239999999999995,0.10000000000000142,164,-0.13657115621310478,-0.9937664316738443,0.5837952647459113,2.361660833726093,0.3976062834262848,0.0026693952192114716,0.38227653625076957,0.0026693952192114716,0.0,-0.0,False,False,10,0.2,250,0.228,0.02,0.02,0.9999977946281433,-0.7260097861289978,0,False
327,41.38088356680237,41.34,0.10000000000000142,163,-0.1167776957228674,-0.9826622176015734,0.4334008470113219,2.348557875856869,0.3954002857208252,0.0034272510280687644,0.38570378727883836,0.0034272510280687644,0.0,-0.0,False,False,10,0.2,250,0.248,0.02,0.02,0.9999944567680359,-0.6723877787590027,0,False
328,41.481053575873375,41.44,0.10000000000000142,164,-0.0957763198108052,-0.9746344889200185,0.2953856549894601,2.333163612997719,0.3928085267543793,0.004026571995190645,0.389730359274029,0.004026571995190645,0.0,-0.0,False,False,10,0.2,250,0.268,0.02,0.02,0.9999866485595703,-0.6251658797264099,0,False
329,41.68090581893921,41.64,0.19999999999999574,334,-0.05035101771299613,-0.9669542972011644,0.048154025892757066,2.295892556374287,0.38653361797332764,0.009748735240146888,0.3994790945141759,0.009748735240146888,0.0,-0.0,False,False,10,0.2,250,0.308,0.02,0.02,0.9997765421867371,-0.3947003185749054,0,False
330,41.78121066582389,41.739999999999995,0.10000000000000142,170,-0.026889976071806692,-0.9669121884496398,-0.04587907345516265,2.274984221324457,0.383013516664505,0.0054688501260500635,0.404947944640226,0.0054688501260500635,0.0,-0.0,False,False,10,0.2,250,0.328,0.02,0.02,0.9993314743041992,-0.2972477376461029,0,False
331,41.88088181987405,41.84,0.10000000000000142,171,-0.004935068134908208,-0.968548371074652,-0.10537067898218938,2.2546966840650833,0.379597932100296,0.005306472296036438,0.4102544169362624,0.005306472296036438,0.0,-0.0,False,False,10,0.2,250,0.348,0.02,0.02,0.9988409876823425,-0.26514095067977905,0,False
332,41.98088260088116,41.94,0.10000000000000142,169,0.011539911017874105,-0.9652168779780086,-0.1537718248094305,2.241595319346733,0.3773922026157379,0.0034268343184963987,0.4136812512547588,0.0034268343184963987,0.0,-0.0,False,False,10,0.2,250,0.368,0.02,0.02,0.9983909130096436,-0.24062924087047577,0,False
333,42.18125456897542,42.14,0.19999999999999574,338,0.047577468336136235,-0.9596318997408995,-0.26022866015658824,2.212310905069981,0.3724619150161743,0.007659723853048621,0.42134097510780744,0.007659723853048621,0.0,-0.0,False,False,10,0.2,250,0.408,0.02,0.02,0.9963380098342896,-0.17691496014595032,0,False
334,42.28115303092636,42.239999999999995,0.10000000000000142,174,0.06926027100590336,-0.9595778672604761,-0.3177959342823687,2.1932246035693863,0.36924856901168823,0.0049922732785079565,0.42633324838631537,0.0049922732785079565,0.0,-0.0,False,False,10,0.2,250,0.428,0.02,0.02,0.9905351400375366,-0.1194600909948349,0,False
335,42.38100396282971,42.34,0.10000000000000142,168,0.09171585755031632,-0.9612403895509973,-0.3727775174398909,2.1726872956563676,0.3657909333705902,0.005371803096763277,0.43170505148307864,0.005371803096763277,0.0,-0.0,False,False,10,0.2,250,0.448,0.02,0.02,0.9771548509597778,-0.06672944873571396,0,False
336,42.481040203012526,42.44,0.10000000000000142,170,0.11117835147780979,-0.9645604866898916,-0.4258131966881001,2.1540153903997017,0.3626473546028137,0.004883882488641417,0.43658893397172005,0.004883882488641417,0.0,-0.0,False,False,10,0.2,250,0.468,0.02,0.02,0.9577190279960632,-0.03352031484246254,0,False
337,42.68110937392339,42.64,0.19999999999999574,338,0.15086274126548682,-0.9808868373503974,-0.5220623236539419,2.1113739991977507,0.3554683029651642,0.011153416907370416,0.4477423508790905,0.011153416907370416,0.0,-0.0,False,False,10,0.2,250,0.508,0.02,0.02,0.939105212688446,0.048787277191877365,0,False
338,42.78107366594486,42.739999999999995,0.10000000000000142,170,0.1689671148403589,-0.9897309421904643,-0.5457678728934523,2.0912496713945505,0.35208019614219666,0.005263782715405584,0.45300613359449604,0.005263782715405584,0.0,-0.0,False,False,10,0.2,250,0.528,0.02,0.02,0.9352284669876099,0.07211051136255264,0,False
339,42.8813517538365,42.84,0.10000000000000142,170,0.18846249434271953,-0.9997485383923593,-0.5490374728574287,2.069340660579266,0.3483916223049164,0.0057305900385299004,0.4587367236330259,0.0057305900385299004,0.0,-0.0,False,False,10,0.2,250,0.548,0.02,0.02,0.9345701336860657,0.07642360031604767,0,False
340,42.98133083479479,42.94,0.10000000000000142,166,0.20646767501973343,-1.0103608101052686,-0.5323048388938588,2.048449142121992,0.3448743522167206,0.005464451525008812,0.4642011751580347,0.005464451525008812,0.0,-0.0,False,False,10,0.2,250,0.568,0.02,0.02,0.936906099319458,0.0623965710401535,0,False
341,43.18170692282729,43.14,0.19999999999999574,338,0.24251001308377215,-1.0310293856888706,-0.5080990702754794,2.006906848006138,0.33788034319877625,0.010865933603534076,0.47506710876156877,0.010865933603534076,0.0,-0.0,False,False,10,0.2,250,0.608,0.02,0.02,0.9402836561203003,0.04266988858580589,0,False
342,43.28139678691514,43.239999999999995,0.10000000000000142,169,0.2607325461405571,-1.0410291526822997,-0.49996533309394897,1.9861210085568204,0.3343808650970459,0.005436809790045019,0.4805039185516138,0.005436809790045019,0.0,-0.0,False,False,10,0.2,250,0.628,0.02,0.02,0.9413517713546753,0.036338623613119125,0,False
343,43.38145801681094,43.34,0.10000000000000142,169,0.27901989822318507,-1.050946863660806,-0.49298315479041466,1.9653178214646556,0.33087846636772156,0.005441347294276943,0.4859452658458907,0.005441347294276943,0.0,-0.0,False,False,10,0.2,250,0.648,0.02,0.02,0.9421871900558472,0.03218933194875717,0,False
344,43.48188024479896,43.44,0.10000000000000142,169,0.297387636579262,-1.0607508202582947,-0.4866878096707958,1.9444994109308087,0.3273735046386719,0.005445329185745771,0.49139059503163646,0.005445329185745771,0.0,-0.0,False,False,10,0.2,250,0.668,0.02,0.02,0.9429221749305725,0.028829727321863174,0,False
345,43.68150268984027,43.64,0.19999999999999574,337,0.33430745089545116,-1.08005116787894,-0.47618139704014933,1.9028498446561248,0.3203614354133606,0.010893992048070176,0.5022845870797066,0.010893992048070176,0.0,-0.0,False,False,10,0.2,250,0.708,0.02,0.02,0.9441662430763245,0.0211428701877594,0,False
346,43.78152194083668,43.739999999999995,0.10000000000000142,168,0.35284047146297,-1.0895730546127942,-0.4720407893102576,1.8820232913511457,0.3168551027774811,0.005447459034670944,0.5077320461143775,0.005447459034670944,0.0,-0.0,False,False,10,0.2,250,0.728,0.02,0.02,0.9446214437484741,0.018065741285681725,0,False
347,43.88200307684019,43.84,0.10000000000000142,171,0.37141012784061705,-1.099024077233045,-0.4684929343123516,1.8611992162808588,0.313349187374115,0.005446810819780694,0.5131788569341582,0.005446810819780694,0.0,-0.0,False,False,10,0.2,250,0.748,0.02,0.02,0.9449700117111206,0.01548414584249258,0,False
348,43.98159989202395,43.94,0.10000000000000142,169,0.39000936353386395,-1.108413223572496,-0.465446030700888,1.8403795666296656,0.3098440170288086,0.005445653293190925,0.5186245102273491,0.005445653293190925,0.0,-0.0,False,False,10,0.2,250,0.768,0.02,0.02,0.9453520178794861,0.013264899142086506,0,False
349,44.18170941295102,44.14,0.19999999999999574,333,0.42728688051504443,-1.1270422580253916,-0.4605882392626361,1.798744515729609,0.3028343915939331,0.010890195360855715,0.5295147055882048,0.010890195360855715,0.0,-0.0,False,False,10,0.2,250,0.808,0.02,0.02,0.9473303556442261,0.009775331243872643,0,False
350,44.281790263950825,44.239999999999995,0.10000000000000142,170,0.445979746981156,-1.1363066259774859,-0.4586619754705934,1.7779046861673486,0.2993258237838745,0.00545093161444031,0.5349656372026451,0.00545093161444031,0.0,-0.0,False,False,10,0.2,250,0.828,0.02,0.02,0.948777437210083,0.008253256790339947,0,False
351,44.3817767649889,44.34,0.10000000000000142,170,0.4647088347598947,-1.145547282976905,-0.4570621728682648,1.7570453847610765,0.29581397771835327,0.005456024731435273,0.5404216619340804,0.005456024731435273,0.0,-0.0,False,False,10,0.2,250,0.848,0.02,0.02,0.9501491189002991,0.006346103269606829,0,False
352,44.482080693822354,44.44,0.10000000000000142,170,0.48346917954605995,-1.1547700332757185,-0.4558387962883862,1.736168027644902,0.2922990918159485,0.00546074743992162,0.545882409374002,0.00546074743992162,0.0,-0.0,False,False,10,0.2,250,0.868,0.02,0.02,0.9514836072921753,0.004858571104705334,0,False
353,44.68193921679631,44.64,0.19999999999999574,335,0.521068429232273,-1.173183081999359,-0.4542397295129763,1.6943626866181223,0.28526079654693604,0.010934736984030165,0.5568171463580321,0.010934736984030165,0.0,-0.0,False,False,10,0.2,250,0.908,0.02,0.02,0.9538290500640869,0.002552466467022896,0,False
354,44.7819525077939,44.739999999999995,0.10000000000000142,169,0.5398971552069617,-1.1823801444400401,-0.45377199584703704,1.6734403672439564,0.2817383408546448,0.0054725079100737374,0.5622896542681058,0.0054725079100737374,0.0,-0.0,False,False,10,0.2,250,0.928,0.02,0.02,0.9548066258430481,0.0016922487411648035,0,False
355,44.88234699587338,44.84,0.10000000000000142,170,0.5587397012796322,-1.1915743487554988,-0.4534782515913951,1.6525081349310209,0.2782142162322998,0.005475100769634795,0.5677647550377406,0.005475100769634795,0.0,-0.0,False,False,10,0.2,250,0.948,0.02,0.02,0.9557030200958252,0.0009685006807558239,0,False
356,44.98213712894358,44.94,0.10000000000000142,167,0.5775930649590661,-1.2007677788385005,-0.45333189471824986,1.6315677598469531,0.274688720703125,0.0054772306185599685,0.5732419856563006,0.0054772306185599685,0.0,-0.0,False,False,10,0.2,250,0.968,0.02,0.02,0.95653235912323,0.00035840642522089183,0,False
357,45.182131371926516,45.14,0.19999999999999574,334,0.6151235382018866,-1.2190683334863857,-0.46042005922970464,1.589885799504504,0.2676711976528168,0.010902465142707294,0.5841444507990079,0.010902465142707294,0.0,-0.0,True,True,11,0.2,250,0.008,0.02,0.022,0.22760100662708282,-0.9067529439926147,0,False
358,45.282122902804986,45.239999999999995,0.10000000000000142,167,0.6276767577057676,-1.2262459459023658,-0.6236228557051922,1.5754258311244045,0.2652367353439331,0.0037821949815573493,0.5879266457805652,0.0037821949815573493,0.0,-0.0,False,False,11,0.2,250,0.028,0.02,0.022,0.23389270901679993,-0.9203023314476013,0,False
359,45.382133413804695,45.34,0.10000000000000142,168,0.632883816652469,-1.2305366992559648,-0.7990952624037363,1.5687831000480812,0.26411837339401245,0.001737493712315589,0.5896641394928808,0.001737493712315589,0.0,-0.0,False,False,11,0.2,250,0.048,0.02,0.022,0.2323048710823059,-0.9464472532272339,0,False
360,45.48216722486541,45.44,0.10000000000000142,168,0.636334079850892,-1.2347818889370357,-0.9892457456312335,1.5636954612412646,0.2632618248462677,0.0013307388686686675,0.5909948783615494,0.0013307388686686675,0.0,-0.0,False,False,11,0.2,250,0.068,0.02,0.022,0.23800206184387207,-0.961671769618988,0,False
361,45.682611603988335,45.64,0.19999999999999574,337,0.6403228397587178,-1.2447146420832964,-1.3694200795333518,1.555370716875829,0.26186028122901917,0.0021774464185572084,0.5931723247801066,0.0021774464185572084,0.0,-0.0,False,False,11,0.2,250,0.108,0.02,0.022,0.26595425605773926,-0.9789384007453918,0,False
362,45.78269646479748,45.739999999999995,0.10000000000000142,166,0.6409272389991952,-1.2512098892608097,-1.568194757055068,1.5516976190281047,0.2612418830394745,0.0009607470695130805,0.5941330718496197,0.0009607470695130805,0.0,-0.0,False,False,11,0.2,250,0.128,0.02,0.022,0.299466073513031,-0.9828810691833496,0,False
363,45.883599957916886,45.84,0.10099999999999909,164,0.6401473186588617,-1.2586631240622055,-1.7705662871208079,1.5487995005720592,0.26075395941734314,0.0007580410131117163,0.5948911128627314,0.0007580410131117163,0.0,-0.0,False,False,11,0.2,250,0.148,0.02,0.022,0.34805718064308167,-0.9843103885650635,0,False
364,45.983385510975495,45.94,0.10000000000000142,165,0.6377863091299885,-1.2662333359751126,-1.9682297025760112,1.5472684825824221,0.26049619913101196,0.0004004578989984968,0.5952915707617299,0.0004004578989984968,0.0,-0.0,False,False,11,0.2,250,0.168,0.02,0.022,0.34257128834724426,-0.9878854155540466,0,False
365,46.08360095997341,46.040000000000006,0.10000000000000142,168,0.634561774766682,-1.272207272842084,-2.1544135122673094,1.5472891935437805,0.2604996860027313,-5.417224440174261e-06,0.5952861535372898,-5.417224440174261e-06,0.0,-0.0,False,False,11,0.2,250,0.188,0.02,0.022,0.31805750727653503,-0.9938127994537354,0,False
366,46.28360803402029,46.239999999999995,0.19999999999999574,337,0.6258325700981164,-1.2809484609158548,-2.5300126015135023,1.550926002954937,0.2611119747161865,-0.000951255351476925,0.5943348981858129,-0.000951255351476925,0.0,-0.0,False,False,11,0.2,250,0.228,0.02,0.022,0.3085254430770874,-0.997657299041748,0,False
367,46.38391566183418,46.34,0.10000000000000142,169,0.6195216800744526,-1.2843484084261316,-2.7307477484296765,1.5549526032798617,0.26178988814353943,-0.0010532102935043091,0.5932816878923085,-0.0010532102935043091,0.0,-0.0,False,False,11,0.2,250,0.248,0.02,0.022,0.3275928199291229,-0.9983769655227661,0,False
368,46.483788184821606,46.44,0.10000000000000142,169,0.6128429004876742,-1.2863232790691306,-2.937885480029316,1.559980587437296,0.2626363933086395,-0.001315135410238511,0.59196655248207,-0.001315135410238511,0.0,-0.0,False,False,11,0.2,250,0.268,0.02,0.022,0.3510705232620239,-0.998846173286438,0,False
369,46.583960155025125,46.540000000000006,0.10000000000000142,168,0.6059532695195596,-1.2869167791367713,3.1299064782991204,1.5658396653005169,0.26362282037734985,-0.0015325189037982629,0.5904340335782717,-0.0015325189037982629,0.0,-0.0,False,False,11,0.2,250,0.288,0.02,0.022,0.37343907356262207,-0.9989523887634277,0,False
370,46.68362719984725,46.64,0.09999999999999432,168,0.5985482466669224,-1.2860521396747795,2.9156509812928952,1.572828287133199,0.26479941606521606,-0.0018279659905723166,0.5886060675876994,-0.0018279659905723166,0.0,-0.0,False,False,11,0.2,250,0.308,0.02,0.022,0.39220619201660156,-0.9989932179450989,0,False
371,46.78358766180463,46.74000000000001,0.10000000000000853,169,0.5906934268583006,-1.283122922204626,2.7053857178317866,1.5811571028842006,0.2662016451358795,-0.002178511343019766,0.5864275562446797,-0.002178511343019766,0.0,-0.0,False,False,11,0.2,250,0.328,0.02,0.022,0.41020575165748596,-0.999020516872406,0,False
372,46.88369699195027,46.84,0.09999999999999432,169,0.5825976032089742,-1.278148098459032,2.512850297524484,1.590628738861945,0.26779627799987793,-0.0024774310095632443,0.5839501252351165,-0.0024774310095632443,0.0,-0.0,False,False,11,0.2,250,0.348,0.02,0.022,0.5873199701309204,-0.9279657602310181,0,False
373,46.9836267339997,46.94,0.09999999999999432,170,0.5727893598596215,-1.2693695519126322,2.3272747908291467,1.6033562441752647,0.2699390649795532,-0.003329046472192324,0.5806210787629241,-0.003329046472192324,0.0,-0.0,False,False,11,0.2,250,0.368,0.02,0.022,0.5706858038902283,-0.9414992332458496,0,False
374,47.08397666295059,47.040000000000006,0.10000000000000853,168,0.5650177885213408,-1.2592266053553025,2.1384540273390202,1.6149053488923288,0.27188345789909363,-0.0030208202918670553,0.5776002584710571,-0.0030208202918670553,0.0,-0.0,False,False,11,0.2,250,0.388,0.02,0.022,0.5441687107086182,-0.9567173719406128,0,False
375,47.18401663401164,47.14,0.09999999999999432,167,0.5595703460395139,-1.2483609846432047,1.9467925297220068,1.6247457107889554,0.2735401690006256,-0.0025738761250232427,0.5750263823460339,-0.0025738761250232427,0.0,-0.0,False,False,11,0.2,250,0.408,0.02,0.022,0.5084863901138306,-0.9686388969421387,0,False
376,47.28374777780846,47.24000000000001,0.10000000000000853,169,0.5565437581110502,-1.2376489463871025,1.7518916785833885,1.632404695105943,0.274829626083374,-0.0020033081183914647,0.5730230742276424,-0.0020033081183914647,0.0,-0.0,False,False,11,0.2,250,0.428,0.02,0.022,0.4720137417316437,-0.9752206802368164,0,False
377,47.38419364602305,47.34,0.09999999999999432,162,0.5559076406973946,-1.2282500304815023,1.5394837656393099,1.6373762109157426,0.27566662430763245,-0.0013003653709530278,0.5717227088566894,-0.0013003653709530278,0.0,-0.0,False,False,11,0.2,250,0.448,0.02,0.022,0.45452120900154114,-0.9731214046478271,0,False
378,47.484162288019434,47.44,0.09999999999999432,169,0.5572491146324708,-1.21871339887938,1.3358704325464148,1.64071297691235,0.2762283980846405,-0.000872775048690199,0.5708499338079992,-0.000872775048690199,0.0,-0.0,False,False,11,0.2,250,0.468,0.02,0.022,0.44905203580856323,-0.9739562273025513,0,False
379,47.584049810888246,47.540000000000006,0.10000000000000853,169,0.5605651869918449,-1.2092391336365527,1.1381991454937839,1.6423383448370634,0.2765020430088043,-0.0004251363658924433,0.5704247974421067,-0.0004251363658924433,0.0,-0.0,False,False,11,0.2,250,0.488,0.02,0.022,0.44481438398361206,-0.9753077030181885,0,False
380,47.68417339096777,47.64,0.09999999999999432,168,0.5656279598245588,-1.2005375821545594,0.942389000313251,1.642121499301475,0.2764655351638794,5.6718802898933294e-05,0.5704815162450056,5.6718802898933294e-05,0.0,-0.0,False,False,11,0.2,250,0.508,0.02,0.022,0.44124168157577515,-0.976185142993927,0,False
381,47.78420667280443,47.74000000000001,0.10000000000000853,168,0.5723216160298403,-1.1930573750806015,0.7468120385788162,1.6399457862582758,0.27609923481941223,0.0005690863725969125,0.5710506026176025,0.0005690863725969125,0.0,-0.0,False,False,11,0.2,250,0.528,0.02,0.022,0.4257185757160187,-0.9723857641220093,0,False
382,47.884468141943216,47.84,0.09999999999999432,168,0.5800564122624434,-1.1871753573933521,0.5538883211440684,1.6361307209660274,0.2754569351673126,0.0009978805225130294,0.5720484831401156,0.0009978805225130294,0.0,-0.0,False,False,11,0.2,250,0.548,0.02,0.022,0.3931216895580292,-0.9632787704467773,0,False
383,47.98446700396016,47.94,0.09999999999999432,169,0.5880947790030362,-1.18318295626907,0.3632311876293147,1.6311549567538979,0.2746192216873169,0.0013014765964792204,0.5733499597365947,0.0013014765964792204,0.0,-0.0,False,False,11,0.2,250,0.568,0.02,0.022,0.3469804525375366,-0.9483411908149719,0,False
384,48.084046659991145,48.040000000000006,0.10000000000000853,168,0.5956939861369477,-1.1810470008973268,0.17531300666821106,1.625656639055191,0.2736935317516327,0.001438157336199803,0.5747881170727945,0.001438157336199803,0.0,-0.0,False,False,11,0.2,250,0.588,0.02,0.022,0.29858607053756714,-0.9338169097900391,0,False
385,48.1842362198513,48.14,0.09999999999999432,168,0.6024763571091106,-1.1804270248641413,-0.009951193100229584,1.6201149522493665,0.2727605402469635,0.0014495010967795548,0.5762376181695741,0.0014495010967795548,0.0,-0.0,False,False,11,0.2,250,0.608,0.02,0.022,0.2681125998497009,-0.913637101650238,0,False
386,48.284569318871945,48.24000000000001,0.10000000000000853,167,0.6087240875522159,-1.181017678316222,-0.19177014711820745,1.614428996781089,0.27180325984954834,0.001487236463606293,0.5777248546331804,0.001487236463606293,0.0,-0.0,False,False,11,0.2,250,0.628,0.02,0.022,0.25487345457077026,-0.9034860134124756,0,False
387,48.384240214014426,48.34,0.09999999999999432,166,0.6144113519645864,-1.1826094372847686,-0.3708160989248008,1.6087209142173435,0.2708422541618347,0.001493024096555082,0.5792178787297354,0.001493024096555082,0.0,-0.0,False,False,11,0.2,250,0.648,0.02,0.022,0.22967563569545746,-0.8953345417976379,0,False
388,48.484417613828555,48.44,0.09999999999999432,167,0.619395614444396,-1.1850440266451236,-0.5483558047813039,1.6031910875346898,0.2699112594127655,0.0014463989255190355,0.5806642776552544,0.0014463989255190355,0.0,-0.0,False,False,11,0.2,250,0.668,0.02,0.022,0.22728323936462402,-0.9107807278633118,0,False
389,48.58454474480823,48.540000000000006,0.10000000000000853,168,0.6240077509967211,-1.1884125085789612,-0.7266346470804073,1.5975070792508137,0.2689543068408966,0.0014867271519067155,0.5821510048071611,0.0014867271519067155,0.0,-0.0,False,False,11,0.2,250,0.688,0.02,0.022,0.23233455419540405,-0.9300315380096436,0,False
390,48.68430549884215,48.64,0.09999999999999432,168,0.6279943366332219,-1.1926824291440907,-0.9085316923472626,1.591904852711788,0.2680111229419708,0.0014653360605277118,0.5836163408676888,0.0014653360605277118,0.0,-0.0,False,False,11,0.2,250,0.708,0.02,0.022,0.23153840005397797,-0.9536566734313965,0,False
391,48.785294672008604,48.74000000000001,0.10099999999999909,170,0.6310702952790721,-1.1974672997039093,-1.0962834931399046,1.586829251044906,0.26715660095214844,0.0013275903963445134,0.5849439312640333,0.0013275903963445134,0.0,-0.0,False,False,11,0.2,250,0.728,0.02,0.022,0.24040380120277405,-0.9666519165039062,0,False
392,48.885323902824894,48.84,0.10000000000000853,167,0.6331496562985848,-1.2027847350679968,-1.2900351930387415,1.582350195871847,0.2664025127887726,0.0011715558120428888,0.5861154870760762,0.0011715558120428888,0.0,-0.0,False,False,11,0.2,250,0.748,0.02,0.022,0.2563169300556183,-0.9753095507621765,0,False
393,48.986256915843114,48.94,0.10099999999999909,170,0.6342293329319074,-1.2087647741683256,-1.4855068411629346,1.5784113958617403,0.265739381313324,0.0010302449659631704,0.5871457320420393,0.0010302449659631704,0.0,-0.0,False,False,11,0.2,250,0.768,0.02,0.022,0.2824641764163971,-0.9807317852973938,0,False
394,49.08643615688197,49.040000000000006,0.09999999999999432,168,0.6341169293669748,-1.2154778995066744,-1.6817773922341384,1.5751544644255822,0.26519104838371277,0.0008518932690106567,0.58799762531105,0.0008518932690106567,0.0,-0.0,False,False,11,0.2,250,0.788,0.02,0.022,0.3183368742465973,-0.983278214931488,0,False
395,49.1865548978094,49.14,0.10000000000000853,168,0.6325157551545576,-1.222900215395731,-1.8783547154138143,1.5728628054021296,0.26480522751808167,0.0005994135692489756,0.588597038880299,0.0005994135692489756,0.0,-0.0,False,False,11,0.2,250,0.808,0.02,0.022,0.34883731603622437,-0.984406054019928,0,False
396,49.28684572689235,49.24000000000001,0.09999999999999432,169,0.6291231593127229,-1.2307275013678216,-2.0819504709848284,1.5719679856613948,0.26465457677841187,0.00023405187645246614,0.5888310907567514,0.00023405187645246614,0.0,-0.0,False,False,11,0.2,250,0.828,0.02,0.022,0.3310978412628174,-0.9908857941627502,0,False
397,49.38703833799809,49.34,0.09999999999999432,170,0.6244425342345382,-1.2374118583213312,-2.288335764280554,1.572799787434236,0.26479461789131165,-0.00021756869781405916,0.5886135220589374,-0.00021756869781405916,0.0,-0.0,False,False,11,0.2,250,0.848,0.02,0.022,0.30664998292922974,-0.9955500364303589,0,False
398,49.48710112902336,49.44,0.10000000000000853,169,0.6193099216843988,-1.242291083441006,-2.4866253107968905,1.5749374418732298,0.26515451073646545,-0.0005591316439248143,0.5880543904150125,-0.0005591316439248143,0.0,-0.0,False,False,11,0.2,250,0.868,0.02,0.022,0.3012614846229553,-0.997348964214325,0,False
399,49.58712619100697,49.540000000000006,0.09999999999999432,168,0.6132949984231224,-1.246069822897048,-2.6863785658536754,1.578404669224718,0.26573824882507324,-0.0009068989325567823,0.5871474914824557,-0.0009068989325567823,0.0,-0.0,False,False,11,0.2,250,0.888,0.02,0.022,0.3215554654598236,-0.9980658888816833,0,False
400,49.68704612390138,49.64,0.10000000000000853,169,0.6062643443350866,-1.2487246166747108,-2.8862079279517032,1.583323611055685,0.2665663957595825,-0.0012866139550664674,0.5858608775273892,-0.0012866139550664674,0.0,-0.0,False,False,11,0.2,250,0.908,0.02,0.022,0.34317201375961304,-0.9986657500267029,0,False
401,49.78682325780392,49.74000000000001,0.09999999999999432,168,0.5983810404181292,-1.2499945772923704,-3.0858546012987254,1.589667891868333,0.2676345109939575,-0.0016594301191011707,0.584201447408288,-0.0016594301191011707,0.0,-0.0,False,False,11,0.2,250,0.928,0.02,0.022,0.3647633194923401,-0.9988718032836914,0,False
402,49.8867528908886,49.84,0.09999999999999432,168,0.5899368060480746,-1.2496415858186862,2.997731725705837,1.5972838611117302,0.2689167261123657,-0.0019920569599388084,0.5822093904483493,-0.0019920569599388084,0.0,-0.0,False,False,11,0.2,250,0.948,0.02,0.022,0.3837282955646515,-0.9989262819290161,0,False
403,49.98687405185774,49.94,0.10000000000000853,170,0.5813434437898781,-1.247511628245829,2.798125574726107,1.6058720064216192,0.27036261558532715,-0.002246342401180567,0.5799630480471687,-0.002246342401180567,0.0,-0.0,False,False,11,0.2,250,0.968,0.02,0.022,0.4002760946750641,-0.9989513754844666,0,False
404,50.08692875294946,50.040000000000006,0.09999999999999432,167,0.5730116848218516,-1.2435492082135557,2.5984757095137527,1.6150892693098609,0.27191442251205444,-0.0024108963811830014,0.5775521516659857,-0.0024108963811830014,0.0,-0.0,False,False,11,0.2,250,0.988,0.02,0.022,0.5878016352653503,-0.9402948617935181,0,False
405,50.18720054300502,50.14,0.10000000000000853,168,0.5620238059550892,-1.2354500554407555,2.4140591243550378,1.628592108048387,0.27418774366378784,-0.0035318451307208417,0.5740203065352649,-0.0035318451307208417,0.0,-0.0,True,True,12,0.2,250,0.008,0.02,0.024,1.0,0.9219063520431519,0,False
406,50.28699136688374,50.24000000000001,0.09999999999999432,168,0.5527399593979748,-1.2261726260074697,2.325472321587646,1.6411491462182195,0.2763018310070038,-0.003284458547954181,0.5707358479873107,-0.003284458547954181,0.0,-0.0,False,False,12,0.2,250,0.028,0.02,0.024,1.0,0.9120530486106873,0,False
407,50.38719747797586,50.34,0.09999999999999432,169,0.5437510569020373,-1.2167334346973038,2.35997648623149,1.6535318228757625,0.27838656306266785,-0.003238852000317057,0.5674969959869937,-0.003238852000317057,0.0,-0.0,False,False,12,0.2,250,0.048,0.02,0.024,1.0,0.916451096534729,0,False
408,50.4873040788807,50.44,0.10000000000000853,168,0.5314689549708363,-1.2058665343780084,2.4759908679900215,1.6695003281165035,0.28107500076293945,-0.004176772645479845,0.5633202233415138,-0.004176772645479845,0.0,-0.0,False,False,12,0.2,250,0.068,0.02,0.024,1.0,0.9289261698722839,0,False
409,50.5870812239591,50.540000000000006,0.09999999999999432,165,0.5140713635170405,-1.1945479676126312,2.654416356737844,1.6901884543122336,0.2845580279827118,-0.005411251602942822,0.5579089717385709,-0.005411251602942822,0.0,-0.0,False,False,12,0.2,250,0.088,0.02,0.024,0.9979121088981628,0.2679356634616852,0,False
410,50.58878813800402,50.540000000000006,0.0,1,0.5140713635170405,-1.1945479676126312,2.654416356737844,1.6901884543122336,0.2845580279827118,-1.5,-0.9420910282614291,0.0,-1.5,-0.0,False,False,12,0.2,250,0.088,0.02,0.024,0.9979121088981628,0.2679356038570404,4,True
