ppo_step,t_wall_s,t_sim_s,ppo_step_sim_dt,inner_ticks,x,y,yaw,goal_distance_m,goal_distance_norm,ppo_reward,ppo_reward_cumulative,navigation_reward,terminal_reward,frame_cost_reward,fresh_observation,frame_consumed,episode_frame_count,current_fps,scan_divisor_k,obs_age_ratio,fps_ratio,frame_count_ratio,action_linear,action_angular,outcome,done
1,0.08328722743317485,0.0799999999999983,0.10000000000000142,72,-0.8614575464949682,0.8790481568108849,2.32019144012634,2.1648390804189357,0.36446961760520935,-0.0024907399559281843,-0.0024907399559281843,-0.0024907399559281843,0.0,-0.0,False,False,1,10.0,5,0.016,1.0,0.002,-0.19620053470134735,-0.9996379017829895,0,False
2,0.28381641022861004,0.2799999999999976,0.1999999999999993,323,-0.8661456046018229,0.8843998835415712,2.1182457407014748,2.1692280340592482,0.36520853638648987,-0.004532430688408369,-0.007023170644336553,-0.0020324306884083685,0.0,-0.0025,True,True,2,1.0,50,0.036,0.1,0.004,-0.24097727239131927,-0.9989844560623169,0,False
3,0.38384631322696805,0.379999999999999,0.10000000000000142,161,-0.8645026351022018,0.8808293608606172,1.930620074448761,2.1677807449988626,0.36496487259864807,0.0006702086516265724,-0.006352961992709981,0.0006702086516265724,0.0,-0.0,False,False,2,1.0,50,0.056,0.1,0.004,-0.2623700797557831,-0.9983115792274475,0,False
4,0.5835800813511014,0.5799999999999983,0.1999999999999993,319,-0.8628333565842712,0.8696063861465949,1.5325686591776702,2.1667604203726323,0.3647930920124054,0.00047249054158195837,-0.005880471451128023,0.00047249054158195837,0.0,-0.0,False,False,2,1.0,50,0.096,0.1,0.004,-0.2930428385734558,-0.9974746108055115,0,False
5,0.6847317782230675,0.6799999999999997,0.10099999999999909,161,-0.863743907106454,0.8633845818864002,1.333318805536857,2.1680524657312126,0.3650106191635132,-0.0005983186091268856,-0.006478790060254909,-0.0005983186091268856,0.0,-0.0,False,False,2,1.0,50,0.116,0.1,0.004,-0.32484686374664307,-0.9934259653091431,0,False
6,0.7848168914206326,0.7799999999999976,0.10000000000000142,159,-0.8659771989593161,0.8570415084230661,1.1356092529245985,2.1706898384942606,0.36545464396476746,-0.0012213109956680634,-0.007700101055922972,-0.0012213109956680634,0.0,-0.0,False,False,2,1.0,50,0.136,0.1,0.004,-0.30534932017326355,-0.9691296815872192,0,False
7,0.9849789850413799,0.9800000000000004,0.1999999999999993,321,-0.8719218285160008,0.8483884099016887,0.7733915475370363,2.177207064685088,0.36655187606811523,-0.00301798824937994,-0.010718089305302912,-0.00301798824937994,0.0,-0.0,False,False,2,1.0,50,0.176,0.1,0.004,-0.027994617819786072,-0.4137404263019562,0,False
8,1.0849983282387257,1.0799999999999983,0.10000000000000142,159,-0.873247070329714,0.8472015757576871,0.6910229017618505,2.1786120467389383,0.36678841710090637,-0.0006506171805234231,-0.011368706485826335,-0.0006506171805234231,0.0,-0.0,False,False,2,1.0,50,0.196,0.1,0.004,-0.03034515120089054,0.0007499157218262553,0,False
9,1.2852148921228945,1.2799999999999976,0.1999999999999993,312,-0.8690735780481055,0.8502750536062732,0.6000985162106756,2.174234953221797,0.36605149507522583,-0.000473061481315156,-0.011841767967141491,0.002026938518684844,0.0,-0.0025,True,True,3,1.0,50,0.036,0.1,0.006,0.6845934987068176,-0.999998152256012,0,False
10,1.4854902462102473,1.4800000000000004,0.1999999999999993,321,-0.8449314195936959,0.8613532367445353,0.27292393684681704,2.1494078210561636,0.3618716299533844,0.011496914630205605,-0.0003448533369358863,0.011496914630205605,0.0,-0.0,False,False,3,1.0,50,0.076,0.1,0.006,0.8407818078994751,-0.999996542930603,0,False
11,1.585319560021162,1.5799999999999983,0.10000000000000142,165,-0.8261116094699511,0.8646155232675152,0.07395442692814873,2.1304176396582823,0.35867446660995483,0.008793947399441417,0.008449094062505531,0.008793947399441417,0.0,-0.0,False,False,3,1.0,50,0.096,0.1,0.006,0.9008195996284485,-0.9999966025352478,0,False
12,1.7854029550217092,1.7799999999999976,0.1999999999999993,321,-0.7879695276071457,0.8599415202569664,-0.3256973957443363,2.0926617341189506,0.3523179292678833,0.017483953437548872,0.0259330475000544,0.017483953437548872,0.0,-0.0,False,False,3,1.0,50,0.136,0.1,0.006,0.7509468793869019,-0.999997079372406,0,False
13,1.9856903981417418,1.9800000000000004,0.1999999999999993,325,-0.7631154182501385,0.8460957734208949,-0.724606612281461,2.068847845908998,0.34830865263938904,0.011027702995921259,0.036960750495975664,0.011027702995921259,0.0,-0.0,False,False,3,1.0,50,0.176,0.1,0.006,0.43355515599250793,-0.9999966621398926,0,False
14,2.085885549429804,2.0799999999999983,0.10000000000000142,161,-0.7567757540883588,0.8393187780981202,-0.9240560408203224,2.0630425811419557,0.34733128547668457,0.0026882941206077637,0.039649044616583425,0.0026882941206077637,0.0,-0.0,False,False,3,1.0,50,0.196,0.1,0.006,0.30587270855903625,-0.9999971985816956,0,False
15,2.2857527444139123,2.2799999999999976,0.1999999999999993,326,-0.7425539005839569,0.8120462439364667,-1.1540009438356547,2.051183343054809,0.3453346788883209,0.002991759860043064,0.042640804476626486,0.005491759860043064,0.0,-0.0025,True,True,4,1.0,50,0.036,0.1,0.008,0.9999079704284668,0.16012495756149292,0,False
16,2.4859013883396983,2.4800000000000004,0.1999999999999993,327,-0.7241332687951658,0.7731205333015236,-1.0981976579824315,2.036808696754835,0.3429145812988281,0.006656591677510316,0.0492973961541368,0.006656591677510316,0.0,-0.0,False,False,4,1.0,50,0.076,0.1,0.008,0.9999114274978638,0.1583448201417923,0,False
17,2.5862228884361684,2.5799999999999983,0.10000000000000142,163,-0.7138376494794485,0.7537345010164707,-1.0664004744042161,2.028839225034237,0.3415728509426117,0.0036904921361147376,0.05298788829025154,0.0036904921361147376,0.0,-0.0,False,False,4,1.0,50,0.096,0.1,0.008,0.9999135136604309,0.15719124674797058,0,False
18,2.786106653045863,2.7799999999999976,0.1999999999999993,326,-0.6914471353255522,0.7159672976065441,-1.0038731371036749,2.011600447496857,0.338670551776886,0.007982909679383424,0.06097079796963496,0.007982909679383424,0.0,-0.0,False,False,4,1.0,50,0.136,0.1,0.008,0.9999176263809204,0.1549295336008072,0,False
19,2.9863091660663486,2.9800000000000004,0.1999999999999993,320,-0.6667649686149225,0.6796608506867348,-0.942389557915473,1.992681957888293,0.33548545837402344,0.008760748463053233,0.0697315464326882,0.008760748463053233,0.0,-0.0,False,False,4,1.0,50,0.176,0.1,0.008,0.9999234080314636,0.15183264017105103,0,False
20,3.086289088241756,3.0799999999999983,0.10000000000000142,156,-0.6536122256639664,0.6621015002250711,-0.9120951215455114,1.982618554869347,0.33379119634628296,0.00466014699669305,0.07439169342938125,0.00466014699669305,0.0,-0.0,False,False,4,1.0,50,0.196,0.1,0.008,0.9999261498451233,0.15034620463848114,0,False
21,3.286737418267876,3.2799999999999976,0.1999999999999993,307,-0.6258797518808383,0.6281151738000955,-0.8617739026094773,1.9614563777803058,0.33022835850715637,0.007299752212975455,0.0816914456423567,0.009799752212975455,0.0,-0.0025,True,True,5,1.0,50,0.036,0.1,0.01,0.9998495578765869,0.11694011092185974,0,False
22,3.4878678964450955,3.4800000000000004,0.19399999999999906,309,-0.5965636754125876,0.595470530119285,-0.8157362519845911,1.9392260815388225,0.32648569345474243,0.01029437537881634,0.09198582102117303,0.01029437537881634,0.0,-0.0,False,False,5,1.0,50,0.076,0.1,0.01,0.9998530149459839,0.1142805814743042,0,False
23,3.5877667982131243,3.5799999999999983,0.10000000000000142,154,-0.5813441470428604,0.5796611280233918,-0.792959520727584,1.927729373783827,0.3245501220226288,0.0053238798064067115,0.09730970082757974,0.0053238798064067115,0.0,-0.0,False,False,5,1.0,50,0.096,0.1,0.01,0.9998546838760376,0.11298734694719315,0,False
24,3.7875356622971594,3.7799999999999976,0.1999999999999993,312,-0.5498434085579992,0.5490878403551894,-0.7481542885012362,1.9040070032407308,0.32055625319480896,0.01098532311909997,0.10829502394667971,0.01098532311909997,0.0,-0.0,False,False,5,1.0,50,0.136,0.1,0.01,0.999858021736145,0.11046949774026871,0,False
25,3.987651765346527,3.9800000000000004,0.1999999999999993,310,-0.5170062518754331,0.5199319145603434,-0.7043565849984726,1.8793554717047334,0.3164059519767761,0.011415597729225466,0.11971062167590518,0.011415597729225466,0.0,-0.0,False,False,5,1.0,50,0.176,0.1,0.01,0.9998610615730286,0.10817879438400269,0,False
26,4.0880913231521845,4.079999999999998,0.10000000000000142,158,-0.5001153616185756,0.5058933717824543,-0.6827889793320467,1.8666966488957468,0.31427472829818726,0.005862030466622999,0.1255726521425282,0.005862030466622999,0.0,-0.0,False,False,5,1.0,50,0.196,0.1,0.01,0.9998623728752136,0.10714104026556015,0,False
27,4.287822407204658,4.279999999999998,0.1999999999999993,307,-0.4676146564873978,0.47945754363713167,-0.7029313703522846,1.8426682163681345,0.3102293312549591,0.00862705388703795,0.13419970602956613,0.01112705388703795,0.0,-0.0025,True,True,6,1.0,50,0.036,0.1,0.012,0.9215885400772095,-0.11107921600341797,0,False
28,4.487920499406755,4.48,0.1999999999999993,313,-0.43712499004684546,0.45247669656828376,-0.7443828949678452,1.8213690283039539,0.30664342641830444,0.00986319906918387,0.14406290509875,0.00986319906918387,0.0,-0.0,False,False,6,1.0,50,0.076,0.1,0.012,0.9248794317245483,-0.08371996134519577,0,False
29,4.587877451442182,4.579999999999998,0.10000000000000142,150,-0.4222374879907408,0.43855123729857315,-0.7602729524199994,1.811443344327202,0.3049723505973816,0.004596372249754976,0.14865927734850498,0.004596372249754976,0.0,-0.0,False,False,6,1.0,50,0.096,0.1,0.012,0.9261528849601746,-0.07213973999023438,0,False
30,4.788354790303856,4.779999999999998,0.1999999999999993,310,-0.39304127034882397,0.41003922796171643,-0.785981201227968,1.7928866769837344,0.3018481731414795,0.008593196300146643,0.15725247364865164,0.008593196300146643,0.0,-0.0,False,False,6,1.0,50,0.136,0.1,0.012,0.9284000992774963,-0.052368782460689545,0,False
31,4.988132754340768,4.98,0.1999999999999993,308,-0.3644298209471298,0.3808239504228372,-0.8054672310656148,1.7758675772501626,0.2989828586578369,0.007881181580475887,0.1651336552291275,0.007881181580475887,0.0,-0.0,False,False,6,1.0,50,0.176,0.1,0.012,0.9305927157402039,-0.042498644441366196,0,False
32,5.08823380433023,5.079999999999998,0.10000000000000142,161,-0.3502976712600629,0.36599330193432794,-0.8137570458899405,1.7678933260769438,0.297640323638916,0.003692705398540548,0.16882636062766807,0.003692705398540548,0.0,-0.0,False,False,6,1.0,50,0.196,0.1,0.012,0.9316318035125732,-0.03811308741569519,0,False
33,5.288275595288724,5.279999999999998,0.1999999999999993,324,-0.321710832127494,0.3371391363861111,-0.722535861132791,1.751950488266946,0.2949562072753906,0.004882787671243007,0.17370914829891107,0.007382787671243007,0.0,-0.0025,True,True,7,1.0,50,0.036,0.1,0.014,0.9209021925926208,0.4005044102668762,0,False
34,5.488852123264223,5.48,0.1999999999999993,313,-0.28955659154582014,0.3130015826558733,-0.5624450479955846,1.7316631280243364,0.29154065251350403,0.00939464321635884,0.1831037915152699,0.00939464321635884,0.0,-0.0,False,False,7,1.0,50,0.076,0.1,0.014,0.9218875765800476,0.40515461564064026,0,False
35,5.5885135950520635,5.579999999999998,0.10000000000000142,154,-0.27210539842387654,0.3029432693300522,-0.4817878605918343,1.7197102480691682,0.2895282804965973,0.005535123409053637,0.18863891492432353,0.005535123409053637,0.0,-0.0,False,False,7,1.0,50,0.096,0.1,0.014,0.923423707485199,0.40355151891708374,0,False
36,5.788950744085014,5.779999999999998,0.1999999999999993,311,-0.23497464570700966,0.2871404768264998,-0.3216895357960014,1.6924289554909635,0.28493523597717285,0.012633383899548779,0.2012722988238723,0.012633383899548779,0.0,-0.0,False,False,7,1.0,50,0.136,0.1,0.014,0.9270481467247009,0.39507877826690674,0,False
37,5.989040495362133,5.98,0.1999999999999993,310,-0.19570101603113732,0.27737498938798677,-0.16377424345898495,1.6611166371687407,0.2796635329723358,0.014500065824063983,0.21577236464793628,0.014500065824063983,0.0,-0.0,False,False,7,1.0,50,0.176,0.1,0.014,0.9297671914100647,0.39876866340637207,0,False
38,6.189252914395183,6.18,0.19900000000000162,309,-0.15519239608210178,0.2738456963658887,-0.029260117188004947,1.6263101849469404,0.27380356192588806,0.013618124602739907,0.22939048925067618,0.016118124602739908,0.0,-0.0025,True,True,8,1.0,50,0.016,0.1,0.016,0.7263493537902832,-0.6372021436691284,0,False
39,6.389302624389529,6.379999999999999,0.1999999999999993,308,-0.11934664421944315,0.27022971164479137,-0.22104301989233402,1.595966679372698,0.2686949670314789,0.014051429333071864,0.24344191858374803,0.014051429333071864,0.0,-0.0,False,False,8,1.0,50,0.056,0.1,0.016,0.6809717416763306,-0.6199407577514648,0,False
40,6.589098856318742,6.579999999999998,0.1999999999999993,310,-0.0914534331507296,0.2603334931257545,-0.4681204673622342,1.575832792664256,0.2653052508831024,0.00932357290068371,0.2527654914844317,0.00932357290068371,0.0,-0.0,False,False,8,1.0,50,0.096,0.1,0.016,0.6348116397857666,-0.6268478631973267,0,False
41,6.6888998271897435,6.68,0.10000000000000142,156,-0.07927100542993448,0.25322139141147715,-0.5935726457159215,1.5684600444542451,0.2640639841556549,0.003414162223610694,0.2561796537080424,0.003414162223610694,0.0,-0.0,False,False,8,1.0,50,0.116,0.1,0.016,0.6161459684371948,-0.6298660635948181,0,False
42,6.889550904277712,6.879999999999999,0.1999999999999993,311,-0.058995473315653135,0.23558886859804756,-0.8446777416699733,1.5592284432081402,0.2625097632408142,0.0042749573619092415,0.26045461106995166,0.0042749573619092415,0.0,-0.0,False,False,8,1.0,50,0.156,0.1,0.016,0.5779213905334473,-0.6342051029205322,0,False
43,7.0896764122880995,7.079999999999998,0.1999999999999993,322,-0.04413148886752634,0.21381454922667548,-1.1008386727028414,1.5571695612290135,0.2621631324291229,0.0009534242694552911,0.26140803533940693,0.0009534242694552911,0.0,-0.0,False,False,8,1.0,50,0.196,0.1,0.016,0.6215993165969849,-0.6685508489608765,0,False
44,7.189221255015582,7.18,0.10000000000000142,164,-0.038081560381010855,0.19976390933341,-1.209211897851984,1.5591151524793432,0.2624906897544861,-0.0034009617526940274,0.2580070735867129,-0.0009009617526940273,0.0,-0.0025,True,True,9,1.0,50,0.016,0.1,0.018,0.9999995827674866,-0.03607004135847092,0,False
45,7.389062365051359,7.379999999999999,0.1999999999999993,328,-0.02419668497274612,0.16005676458548276,-1.2458030382821699,1.5681203492846172,0.2640067934989929,-0.004170114301068923,0.2538369592856439,-0.004170114301068923,0.0,-0.0,False,False,9,1.0,50,0.056,0.1,0.018,0.9999995827674866,-0.03976044803857803,0,False
46,7.589503162074834,7.579999999999998,0.1999999999999993,328,-0.010433956115441834,0.1182289209621344,-1.260745712396779,1.5794800460644733,0.2659192979335785,-0.005260432950198399,0.24857652633544552,-0.005260432950198399,0.0,-0.0,False,False,9,1.0,50,0.096,0.1,0.018,0.9999996423721313,-0.040073052048683167,0,False
47,7.689612771384418,7.68,0.10000000000000142,163,-0.0038008707836551373,0.09722830397964431,-1.269055243180378,1.5858414975032047,0.2669903039932251,-0.0029458522888331125,0.2456306740466124,-0.0029458522888331125,0.0,-0.0,False,False,9,1.0,50,0.116,0.1,0.018,0.9999996423721313,-0.04003865644335747,0,False
48,7.890317206270993,7.879999999999999,0.1999999999999993,325,0.008957891634592765,0.05505975350570153,-1.2854104439739855,1.599906895516915,0.2693583369255066,-0.006513385401288255,0.23911728864532414,-0.006513385401288255,0.0,-0.0,False,False,9,1.0,50,0.156,0.1,0.018,0.9999996423721313,-0.04350212588906288,0,False
49,8.089782748371363,8.079999999999998,0.1999999999999993,306,0.020987348761083904,0.012679698455077255,-1.3034857418179995,1.615758215660056,0.27202704548835754,-0.007340407794421718,0.23177688085090242,-0.007340407794421718,0.0,-0.0,False,False,9,1.0,50,0.196,0.1,0.018,0.9999997019767761,-0.04654204472899437,0,False
50,8.190352424047887,8.18,0.10000000000000142,155,0.026717986842819744,-0.008329068976585042,-1.2906057058728577,1.6241842136143538,0.27344563603401184,-0.00640189968412639,0.22537498116677604,-0.0039018996841263896,0.0,-0.0025,True,True,10,1.0,50,0.016,0.1,0.02,0.9663712978363037,0.22598996758460999,0,False
51,8.389825975056738,8.379999999999999,0.1999999999999993,321,0.040343376030742915,-0.04833617438480317,-1.1996922855677077,1.6388238540096554,0.275910347700119,-0.006779304783122461,0.21859567638365357,-0.006779304783122461,0.0,-0.0,False,False,10,1.0,50,0.056,0.1,0.02,0.9630221128463745,0.20732703804969788,0,False
52,8.590803328435868,8.579999999999998,0.2010000000000005,328,0.057197397453363684,-0.08697358326187836,-1.1189850157344265,1.6510813798152302,0.277974009513855,-0.005676198395532302,0.21291947798812128,-0.005676198395532302,0.0,-0.0,False,False,10,1.0,50,0.096,0.1,0.02,0.9603670239448547,0.19111871719360352,0,False
53,8.692152610048652,8.68,0.10099999999999909,165,0.06673619011655596,-0.10573883953460217,-1.0812681481214246,1.6563810847050142,0.2788662612438202,-0.0024541801395600777,0.2104652978485612,-0.0024541801395600777,0.0,-0.0,False,False,10,1.0,50,0.116,0.1,0.02,0.9592236280441284,0.18344683945178986,0,False
54,8.792699186131358,8.779999999999998,0.10099999999999909,157,0.0769547751704836,-0.12412118904470597,-1.0448778341668687,1.661170627281683,0.27967262268066406,-0.0022179348687690983,0.2082473629797921,-0.0022179348687690983,0.0,-0.0,False,False,10,1.0,50,0.136,0.1,0.02,0.9580828547477722,0.17632609605789185,0,False
55,8.892843534238636,8.879999999999999,0.10000000000000142,155,0.08781147532752483,-0.14211281920707136,-1.009869449130471,1.665479746361546,0.28039810061454773,-0.001995461008627983,0.2062519019711641,-0.001995461008627983,0.0,-0.0,False,False,10,1.0,50,0.156,0.1,0.02,0.9570881128311157,0.16962678730487823,0,False
56,9.093044300097972,9.079999999999998,0.1999999999999993,309,0.11129726020907255,-0.1769072220599636,-0.94384385399792,1.6727595607705903,0.2816237211227417,-0.0033711265653298818,0.20288077540583424,-0.0033711265653298818,0.0,-0.0,False,False,10,1.0,50,0.196,0.1,0.02,0.9558897614479065,0.15705175697803497,0,False
57,9.193018999416381,9.18,0.10000000000000142,154,0.1239969922552093,-0.19369574597048755,-0.8803799747341486,1.6756767970371202,0.2821148633956909,-0.003850909806605089,0.19902986559922914,-0.0013509098066050891,0.0,-0.0025,True,True,11,1.0,50,0.016,0.1,0.022,0.7671833634376526,0.9995562434196472,0,False
58,9.393187956418842,9.379999999999999,0.1999999999999993,311,0.15091162014498127,-0.21672728839074415,-0.5030496825381164,1.6735678193138535,0.2817597985267639,0.0009766225385857098,0.20000648813781485,0.0009766225385857098,0.0,-0.0,False,False,11,1.0,50,0.056,0.1,0.022,0.8027604222297668,0.9998766183853149,0,False
59,9.593254153151065,9.579999999999998,0.1999999999999993,311,0.18437997866411893,-0.2271889442964899,-0.10354458436376143,1.6584936027635562,0.27922192215919495,0.006980547718511724,0.20698703585632658,0.006980547718511724,0.0,-0.0,False,False,11,1.0,50,0.096,0.1,0.022,0.84965580701828,0.9992772936820984,0,False
60,9.693449730053544,9.68,0.10000000000000142,155,0.20277034126156737,-0.2272776158424444,0.09556181374247336,1.646245281829696,0.27715981006622314,0.00567193581604551,0.21265897167237208,0.00567193581604551,0.0,-0.0,False,False,11,1.0,50,0.116,0.1,0.022,0.8773387670516968,0.9844706058502197,0,False
61,9.89336452819407,9.879999999999999,0.1999999999999993,311,0.236495905005314,-0.21809752481959727,0.3925985681879891,1.617035037576954,0.27224200963974,0.013526640220093368,0.22618561189246544,0.013526640220093368,0.0,-0.0,False,False,11,1.0,50,0.156,0.1,0.022,0.8305195569992065,0.034522607922554016,0,False
62,10.093594483099878,10.079999999999998,0.1999999999999993,328,0.26995003211669916,-0.20393744565572872,0.40606879973766385,1.5844457203210693,0.2667553126811981,0.015091416755183471,0.2412770286476489,0.015091416755183471,0.0,-0.0,False,False,11,1.0,50,0.196,0.1,0.022,0.830601155757904,0.039926815778017044,0,False
63,10.193572662305087,10.18,0.10000000000000142,162,0.2882735738065143,-0.19594678304537366,0.4173905758800002,1.5664861305217164,0.2637316584587097,0.005816702442277666,0.24709373108992658,0.008316702442277666,0.0,-0.0025,True,True,12,1.0,50,0.016,0.1,0.024,0.999999463558197,0.11520001292228699,0,False
64,10.39371631713584,10.379999999999999,0.1999999999999993,324,0.32793491743601705,-0.1771657296303801,0.4655914467330752,1.5266400110360743,0.2570232152938843,0.01845188687179627,0.2655456179617228,0.01845188687179627,0.0,-0.0,False,False,12,1.0,50,0.056,0.1,0.024,0.9999995231628418,0.1161578893661499,0,False
65,10.593945152126253,10.579999999999998,0.1999999999999993,324,0.36669323286677064,-0.15655791216768994,0.5117915620039013,1.486165482039135,0.2502089738845825,0.018742889894456844,0.28428850785617965,0.018742889894456844,0.0,-0.0,False,False,12,1.0,50,0.096,0.1,0.024,0.9999995827674866,0.11639909446239471,0,False
66,10.69413869921118,10.68,0.10000000000000142,164,0.3857066987997724,-0.14558135502222905,0.5349815415971488,1.465704202826145,0.24676413834095,0.009475181376855784,0.2937636892330354,0.009475181376855784,0.0,-0.0,False,False,12,1.0,50,0.116,0.1,0.024,0.9999995827674866,0.11424174159765244,0,False
67,10.894240955356508,10.879999999999999,0.1999999999999993,324,0.42297037185473546,-0.1223379325101807,0.5800684490262944,1.4243676906981457,0.23980477452278137,0.019142055871596706,0.31290574510463215,0.019142055871596706,0.0,-0.0,False,False,12,1.0,50,0.156,0.1,0.024,0.9999996423721313,0.10990642011165619,0,False
68,11.094520309008658,11.079999999999998,0.1999999999999993,319,0.4591892775106026,-0.09746597727621935,0.6233392083064918,1.3825318142796197,0.23276133835315704,0.01937330080875885,0.332279045913391,0.01937330080875885,0.0,-0.0,False,False,12,1.0,50,0.196,0.1,0.024,0.9999996423721313,0.10211127251386642,0,False
69,11.194157009012997,11.18,0.10000000000000142,161,0.4768976515098223,-0.08446659430055149,0.6432847976678655,1.3614570834718687,0.22921322286128998,0.0072592577078504205,0.33953830362124143,0.009759257707850421,0.0,-0.0025,True,True,13,1.0,50,0.016,0.1,0.026,0.9996784329414368,0.09715434163808823,0,False
70,11.39432733412832,11.379999999999999,0.1999999999999993,323,0.5115164467612007,-0.05746936881734425,0.6815084573858508,1.3190707734264753,0.2220771163702011,0.019628194864804854,0.3591664984860463,0.019628194864804854,0.0,-0.0,False,False,13,1.0,50,0.056,0.1,0.026,0.9996461868286133,0.09243057668209076,0,False
71,11.594306329265237,11.579999999999998,0.1999999999999993,318,0.5451019223999831,-0.029199647961009448,0.7178864349916858,1.2763710552008698,0.21488824486732483,0.019773327499064325,0.37893982598511067,0.019773327499064325,0.0,-0.0,False,False,13,1.0,50,0.096,0.1,0.026,0.9996163249015808,0.08713221549987793,0,False
72,11.694348137360066,11.68,0.10000000000000142,163,0.5615173386321355,-0.014616090262198468,0.7350619814133991,1.254911312931972,0.21127530932426453,0.009937548292156508,0.38887737427726715,0.009937548292156508,0.0,-0.0,False,False,13,1.0,50,0.116,0.1,0.026,0.9995625615119934,0.08080246299505234,0,False
73,11.794392354320735,11.779999999999998,0.10000000000000142,157,0.577692825805483,0.00024057617046994192,0.7509790963343569,1.233388287170035,0.20765171945095062,0.009966853526128715,0.39884422780339585,0.009966853526128715,0.0,-0.0,False,False,13,1.0,50,0.136,0.1,0.026,0.9995039701461792,0.07494780421257019,0,False
74,11.996150289196521,11.98,0.19899999999999807,330,0.6093762165459519,0.030680747324475368,0.7794270097638871,1.1901853102851006,0.20037811994552612,0.020006375835240106,0.41885060363863597,0.020006375835240106,0.0,-0.0,False,False,13,1.0,50,0.176,0.1,0.026,0.9993729591369629,0.06457773596048355,0,False
75,12.096639023162425,12.080000000000002,0.10099999999999909,163,0.6249039371962727,0.04621778065233557,0.7921352555239534,1.16852695520728,0.19673174619674683,0.010029521641853832,0.4288801252804898,0.010029521641853832,0.0,-0.0,False,False,13,1.0,50,0.196,0.1,0.026,0.9993695020675659,0.05977698415517807,0,False
76,12.19680876005441,12.179999999999996,0.10000000000000142,162,0.6399621662424314,0.0616731770702728,0.8064061797335982,1.1472171461372747,0.1931440532207489,0.007368117430130184,0.43624824271061996,0.009868117430130184,0.0,-0.0025,True,True,14,1.0,50,0.016,0.1,0.028,0.9720261096954346,0.07788199186325073,0,False
77,12.297050776425749,12.279999999999998,0.10000000000000142,164,0.6546168052460722,0.077198534760837,0.8216847150784651,1.126091434501565,0.18958735466003418,0.009782865840393016,0.44603110855101297,0.009782865840393016,0.0,-0.0,False,False,14,1.0,50,0.036,0.1,0.028,0.9724056124687195,0.07264848798513412,0,False
78,12.497185849118978,12.48,0.19999999999999574,328,0.6832740133307362,0.10890950097195745,0.8494815607292915,1.083694237925201,0.18244941532611847,0.019633236184774944,0.4656643447357879,0.019633236184774944,0.0,-0.0,False,False,14,1.0,50,0.076,0.1,0.028,0.9731728434562683,0.0623772069811821,0,False
79,12.59753488516435,12.580000000000002,0.10000000000000142,164,0.6973022712754041,0.12505959850569623,0.8617584719374056,1.0624336395155172,0.17887000739574432,0.009845329024411941,0.4755096737601998,0.009845329024411941,0.0,-0.0,False,False,14,1.0,50,0.096,0.1,0.028,0.9735053181648254,0.05637394264340401,0,False
80,12.697258053347468,12.679999999999996,0.10000000000000142,163,0.7111481489922702,0.14138124205072908,0.8727498199487548,1.0411401159877767,0.17528505623340607,0.00986057594334568,0.4853702497035455,0.00986057594334568,0.0,-0.0,False,False,14,1.0,50,0.116,0.1,0.028,0.9738070964813232,0.05028773099184036,0,False
81,12.797648548148572,12.779999999999998,0.10000000000000142,162,0.7248267774795931,0.15785068279667747,0.8825082627114555,1.0198234032639852,0.17169620096683502,0.00987131436474538,0.49524156406829084,0.00987131436474538,0.0,-0.0,False,False,14,1.0,50,0.136,0.1,0.028,0.9741610288619995,0.042808640748262405,0,False
82,12.997406944166869,12.98,0.19999999999999574,326,0.7517691301441692,0.19115317041893987,0.897808057428291,0.9771336864855316,0.16450901329517365,0.01976869604250641,0.5150102601107972,0.01976869604250641,0.0,-0.0,False,False,14,1.0,50,0.176,0.1,0.028,0.9743848443031311,0.029213055968284607,0,False
83,13.097354581113905,13.080000000000002,0.10000000000000142,161,0.7650721184092291,0.20794212417246719,0.9033721700971624,0.9557737816713863,0.16091288626194,0.009891315699260604,0.5249015758100578,0.009891315699260604,0.0,-0.0,False,False,14,1.0,50,0.196,0.1,0.028,0.9735215902328491,0.02180931530892849,0,False
84,13.197406937368214,13.179999999999996,0.10000000000000142,154,0.7785412625185988,0.2250582849339261,0.8970392480820395,0.9340524086256722,0.15725590288639069,0.007558703916802315,0.5324602797268602,0.010058703916802315,0.0,-0.0025,True,True,15,5.0,10,0.016,0.5,0.03,0.9996851086616516,-0.18712402880191803,0,False
85,13.297526423353702,13.279999999999998,0.10000000000000142,151,0.7927156245749919,0.24197648730710372,0.8564697560541131,0.9121058702564735,0.15356101095676422,0.010162973168865526,0.5426232528957257,0.010162973168865526,0.0,-0.0,False,False,15,5.0,10,0.036,0.5,0.03,0.9996470808982849,-0.17940354347229004,0,False
86,13.497550677042454,13.48,0.19999999999999574,306,0.8218499997980757,0.2744458334691952,0.834771042915879,0.868939712858398,0.14629361033439636,0.017489325517292736,0.5601125784130184,0.019989325517292735,0.0,-0.0025,True,True,16,5.0,10,0.036,0.5,0.032,0.9867889285087585,-0.004134027753025293,0,False
87,13.597675973083824,13.580000000000002,0.10000000000000142,156,0.8364801410447751,0.290630024380574,0.8321008365208291,0.8473820803191487,0.14266419410705566,0.007482879185545648,0.5675954575985641,0.009982879185545648,0.0,-0.0025,True,True,17,5.0,10,0.016,0.5,0.034,0.9946812987327576,-0.03495365381240845,0,False
88,13.697720259428024,13.679999999999996,0.10000000000000142,155,0.8512780046444844,0.3067662249321858,0.8258433218617498,0.825787185751131,0.13902850449085236,0.01000013443519921,0.5775955920337633,0.01000013443519921,0.0,-0.0,False,False,17,5.0,10,0.036,0.5,0.034,0.9945570826530457,-0.03376075252890587,0,False
89,13.79807784408331,13.779999999999998,0.10000000000000142,154,0.8662101127893771,0.3228095556193936,0.8149580271194178,0.8042142412618177,0.13539651036262512,0.007489969822576667,0.58508556185634,0.009989969822576668,0.0,-0.0025,True,True,18,5.0,10,0.016,0.5,0.036,0.9954711198806763,-0.06597740948200226,0,False
90,13.99800928728655,13.98,0.19999999999999574,305,0.896653137126696,0.35436143945339255,0.803319266286274,0.7612738687459,0.12816712260246277,0.017384769360840973,0.602470331217181,0.019884769360840972,0.0,-0.0025,True,True,19,5.0,10,0.016,0.5,0.038,0.9999748468399048,0.02163318544626236,0,False
91,14.098015333060175,14.080000000000002,0.10000000000000142,153,0.9118995981107296,0.37021215776295685,0.8052898199561279,0.7397665974759364,0.12454618513584137,0.009959557957391556,0.6124298891745725,0.009959557957391556,0.0,-0.0,False,False,19,5.0,10,0.036,0.5,0.038,0.9999733567237854,0.019282357767224312,0,False
92,14.19841927709058,14.179999999999996,0.10000000000000142,152,0.9271689910292976,0.38609718862955983,0.78891368474838,0.7182475988453746,0.12092327326536179,0.007464988647603244,0.6198948778221758,0.009964988647603245,0.0,-0.0025,True,True,20,5.0,10,0.016,0.5,0.04,0.9999394416809082,-0.34988608956336975,0,False
93,14.298551543150097,14.279999999999998,0.10000000000000142,153,0.9433940817635573,0.40115437539659404,0.7121724942263155,0.696981955457924,0.11734301596879959,0.009847665245861477,0.6297425430680372,0.009847665245861477,0.0,-0.0,False,False,20,5.0,10,0.036,0.5,0.04,0.9998252987861633,-0.4285534620285034,0,False
94,14.498308627400547,14.48,0.19999999999999574,304,0.9787021828183191,0.427753629315301,0.5851534499149147,0.656276021296578,0.11048981547355652,0.01635004868357607,0.6460925917516133,0.01885004868357607,0.0,-0.0025,True,True,21,5.0,10,0.036,0.5,0.042,0.99913090467453,-0.3376949727535248,0,False
95,14.598635611124337,14.580000000000002,0.10000000000000142,152,0.9973661122440398,0.4394797774321245,0.5554375224126842,0.6370009314174483,0.10724468529224396,0.006425882431827875,0.6525184741834411,0.008925882431827875,0.0,-0.0025,True,True,22,5.0,10,0.016,0.5,0.044,0.998672366142273,0.18756400048732758,0,False
96,14.698413199279457,14.679999999999996,0.10000000000000142,151,1.015643390037699,0.4515299713465392,0.5981996906688951,0.6178009851545287,0.10401220619678497,0.008891085028132196,0.6614095592115733,0.008891085028132196,0.0,-0.0,False,False,22,5.0,10,0.036,0.5,0.044,0.9987395405769348,0.18877330422401428,0,False
97,14.798475394025445,14.779999999999998,0.10000000000000142,147,1.0334653663016242,0.4642513528661692,0.6417718161673602,0.5983872911493863,0.10074374079704285,0.006490067042178022,0.6678996262537513,0.008990067042178022,0.0,-0.0025,True,True,23,5.0,10,0.016,0.5,0.046,0.9993346929550171,0.21236491203308105,0,False
98,14.99856674624607,14.98,0.19999999999999574,306,1.067545600154424,0.4918721974645324,0.6983484681231709,0.5587744797583611,0.09407457709312439,0.01584384687634081,0.6837434731300921,0.01834384687634081,0.0,-0.0025,True,True,24,5.0,10,0.016,0.5,0.048,0.9979318380355835,-0.6714004874229431,0,False
99,15.098867710214108,15.080000000000002,0.10000000000000142,161,1.0852340057932015,0.5052784796862254,0.5822443595493526,0.5393271968222979,0.0908004567027092,0.009005621358670942,0.692749094488763,0.009005621358670942,0.0,-0.0,False,False,24,5.0,10,0.036,0.5,0.048,0.9976038932800293,-0.7726687788963318,0,False
100,15.198685517068952,15.179999999999996,0.10000000000000142,159,1.104616210301735,0.5160950542229321,0.4562208836344133,0.5218609084893133,0.0878598541021347,0.005588265069489066,0.698337359558252,0.008088265069489066,0.0,-0.0025,True,True,25,5.0,10,0.016,0.5,0.05,0.999635636806488,0.02797395922243595,0,False
101,15.299881386104971,15.279999999999998,0.10099999999999909,161,1.1244391809799903,0.5256625379367045,0.45248342123583263,0.5057841574975419,0.08515319228172302,0.007444800005508602,0.7057821595637607,0.007444800005508602,0.0,-0.0,False,False,25,5.0,10,0.036,0.5,0.05,0.9996342062950134,0.008740552701056004,0,False
102,15.400900906417519,15.379999999999999,0.10099999999999909,161,1.14426543015662,0.5352197836400815,0.4329999325930765,0.49017743026770655,0.08252566307783127,0.004727142040460704,0.7105093016042213,0.007227142040460705,0.0,-0.0025,True,True,26,5.0,10,0.016,0.5,0.052,0.994848906993866,-0.27629923820495605,0,False
103,15.5016436772421,15.48,0.10099999999999909,161,1.164506356205376,0.5438219236460046,0.37350167782585786,0.4758749625531498,0.08011771738529205,0.006623167316245543,0.7171324689204669,0.006623167316245543,0.0,-0.0,False,False,26,5.0,10,0.036,0.5,0.052,0.9948257207870483,-0.34182244539260864,0,False
104,15.602725757285953,15.580000000000002,0.10099999999999909,161,1.1853569108986504,0.551137853159483,0.29451894007799634,0.4632712804660702,0.07799577713012695,0.0033364959760429935,0.7204689648965099,0.0058364959760429935,0.0,-0.0025,True,True,27,1.0,50,0.016,0.1,0.054,0.9572296738624573,-0.9038340449333191,0,False
105,15.7029352420941,15.679999999999996,0.10000000000000142,158,1.2066253725962848,0.5556894163674186,0.11149305152951342,0.45401622449876905,0.07643760740756989,0.004285818742332463,0.7247547836388424,0.004285818742332463,0.0,-0.0,False,False,27,1.0,50,0.036,0.1,0.054,0.9566663503646851,-0.9805752635002136,0,False
106,15.80393878230825,15.779999999999998,0.10099999999999909,161,1.2279924952118524,0.5560681533387186,-0.08343129229831686,0.44973387920442265,0.07571663707494736,0.0019830626404089744,0.7267378462792513,0.0019830626404089744,0.0,-0.0,False,False,27,1.0,50,0.056,0.1,0.054,0.9519614577293396,-0.9973338842391968,0,False
107,15.903960307128727,15.879999999999999,0.10000000000000142,159,1.2489133479542844,0.5522455674248444,-0.28164997506768674,0.4506593670994764,0.07587245106697083,-0.00042857367696501,0.7263092726022863,-0.00042857367696501,0.0,-0.0,False,False,27,1.0,50,0.076,0.1,0.054,0.9470747113227844,-0.9997381567955017,0,False
108,16.003950213082135,15.98,0.10000000000000142,159,1.2685621877774607,0.544398175713356,-0.48111858518917816,0.45668519475414565,0.07688695192337036,-0.002790432082927502,0.7235188405193588,-0.002790432082927502,0.0,-0.0,False,False,27,1.0,50,0.096,0.1,0.054,0.9407100081443787,-0.9999834299087524,0,False
109,16.103946198243648,16.080000000000002,0.10000000000000142,159,1.2862184720680863,0.5328399835288922,-0.6807314527071626,0.467363244231008,0.07868469506502151,-0.004944776643294063,0.7185740638760647,-0.004944776643294063,0.0,-0.0,False,False,27,1.0,50,0.116,0.1,0.054,0.9452568888664246,-0.9999988675117493,0,False
110,16.304642914328724,16.279999999999998,0.2010000000000005,320,1.3129622123953837,0.500662778863341,-1.0797712657775496,0.49950541714167096,0.08409611135721207,-0.014884353759341,0.7036897101167237,-0.014884353759341,0.0,-0.0,False,False,27,1.0,50,0.156,0.1,0.054,0.9318027496337891,-1.0,0,False
111,16.40572120435536,16.38,0.10099999999999909,161,1.3205382634575384,0.48245454053523357,-1.293588707837805,0.5179528208877163,0.08720189332962036,-0.008542598661910695,0.695147111454813,-0.008542598661910695,0.0,-0.0,False,False,27,1.0,50,0.176,0.1,0.054,0.9181239008903503,-1.0,0,False
112,16.6065259501338,16.580000000000002,0.19999999999999574,321,1.3231318133318355,0.443981264937028,-1.6939272458037484,0.5564996815816554,0.09369159489870071,-0.02035022787585994,0.6747968835789531,-0.01785022787585994,0.0,-0.0025,True,True,28,1.0,50,0.016,0.1,0.056,0.9999985098838806,-0.11713886260986328,0,False
113,16.706281336024404,16.679999999999996,0.10000000000000142,159,1.3198782573813952,0.42280536266136076,-1.736031330231547,0.5775368405813013,0.09723338484764099,-0.009741859006002555,0.6650550245729505,-0.009741859006002555,0.0,-0.0,False,False,28,1.0,50,0.036,0.1,0.056,0.9999984502792358,-0.12097574770450592,0,False
114,16.806381931062788,16.779999999999998,0.10000000000000142,159,1.315971808859224,0.4011176734638371,-1.7617804793671152,0.5990952696959874,0.10086293518543243,-0.009983248062616617,0.6550717765103339,-0.009983248062616617,0.0,-0.0,False,False,28,1.0,50,0.056,0.1,0.056,0.9999984502792358,-0.1216471791267395,0,False
115,16.90656086523086,16.88,0.10000000000000142,159,1.3115395239138867,0.37952956890326284,-1.7860081924111888,0.6205777143648357,0.10447969287633896,-0.009948061288679443,0.6451237152216545,-0.009948061288679443,0.0,-0.0,False,False,28,1.0,50,0.076,0.1,0.056,0.9999983906745911,-0.12199022620916367,0,False
116,17.10652987519279,17.080000000000002,0.19999999999999574,319,1.3010943878040595,0.33673570479879655,-1.8347797439879874,0.6632652184337425,0.11166650801897049,-0.01976767138397592,0.6253560438376785,-0.01976767138397592,0.0,-0.0,False,False,28,1.0,50,0.116,0.1,0.056,0.9999983906745911,-0.12261904031038284,0,False
117,17.20682649826631,17.179999999999996,0.10000000000000142,160,1.2950791065998724,0.31552940835757026,-1.8592769883586568,0.6844882892895123,0.11523959785699844,-0.009827950815734756,0.6155280930219438,-0.009827950815734756,0.0,-0.0,False,False,28,1.0,50,0.136,0.1,0.056,0.9999983906745911,-0.12290115654468536,0,False
118,17.306623194366693,17.279999999999998,0.10000000000000142,159,1.2885450802412333,0.29447397737000824,-1.883885746182795,0.7056190016487978,0.11879713833332062,-0.009785181568671869,0.6057429114532719,-0.009785181568671869,0.0,-0.0,False,False,28,1.0,50,0.156,0.1,0.056,0.9999983906745911,-0.12317739427089691,0,False
119,17.406620339024812,17.38,0.10000000000000142,159,1.2814945130306827,0.273582696741331,-1.9085356833315121,0.7266529743466962,0.12233839184045792,-0.00974038349771863,0.5960025279555532,-0.00974038349771863,0.0,-0.0,False,False,28,1.0,50,0.176,0.1,0.056,0.9999983906745911,-0.12343776226043701,0,False
120,17.606647598091513,17.580000000000002,0.19999999999999574,320,1.2657695131524036,0.23233068984811864,-1.9795317269173263,0.7684320726382509,0.1293722689151764,-0.021847008070866383,0.5741555198846868,-0.019347008070866385,0.0,-0.0025,True,True,29,5.0,10,0.016,0.5,0.058,0.9998711943626404,-0.544597864151001,0,False
121,17.70665897335857,17.679999999999996,0.10000000000000142,159,1.2557207022538328,0.21252928142157174,-2.094127643285415,0.7887146534282394,0.13278701901435852,-0.009392429953932978,0.5647630899307539,-0.009392429953932978,0.0,-0.0,False,False,29,5.0,10,0.036,0.5,0.058,0.9998626112937927,-0.5426165461540222,0,False
122,17.80711385514587,17.779999999999998,0.10000000000000142,159,1.2436748024241504,0.1939207545242863,-2.188694221180604,0.8080447070125121,0.13604140281677246,-0.011451334949725313,0.5533117549810286,-0.008951334949725312,0.0,-0.0025,True,True,30,5.0,10,0.016,0.5,0.06,0.9998109340667725,-0.37912294268608093,0,False
123,17.907213329337537,17.88,0.10000000000000142,160,1.230247302378822,0.17632853617325284,-2.2641694142209214,0.8266196955910273,0.1391686648130417,-0.00860168047277912,0.5447100745082495,-0.00860168047277912,0.0,-0.0,False,False,30,5.0,10,0.036,0.5,0.06,0.9997887015342712,-0.3838980495929718,0,False
124,18.106882499996573,18.080000000000002,0.19999999999999574,317,1.199743553298326,0.14432223595752527,-2.4001933368301764,0.8615310302453469,0.14504629373550415,-0.018666693417085347,0.5260433810911641,-0.016166693417085348,0.0,-0.0025,True,True,31,5.0,10,0.036,0.5,0.062,0.9998854994773865,-0.34222617745399475,0,False
125,18.207216322422028,18.179999999999996,0.10000000000000142,155,1.182951698865624,0.12993327775637245,-2.4637190159362086,0.8779045498415381,0.1478029191493988,-0.010082227207618635,0.5159611538835455,-0.007582227207618635,0.0,-0.0025,True,True,32,1.0,50,0.016,0.1,0.064,0.9999609589576721,-0.25485551357269287,0,False
126,18.30723466631025,18.279999999999998,0.10000000000000142,160,1.1654312304168497,0.11646897400541759,-2.513232276050101,0.8937202011067844,0.15046562254428864,-0.0073238902989100916,0.5086372635846353,-0.0073238902989100916,0.0,-0.0,False,False,32,1.0,50,0.036,0.1,0.064,0.9999727606773376,-0.25814124941825867,0,False
127,18.40699868230149,18.38,0.10000000000000142,159,1.1472351745026712,0.10392506224623071,-2.5640699434221768,0.9090034744550654,0.15303869545459747,-0.007077357456472896,0.5015599061281625,-0.007077357456472896,0.0,-0.0,False,False,32,1.0,50,0.056,0.1,0.064,0.9999810457229614,-0.26199376583099365,0,False
128,18.607112480327487,18.580000000000002,0.19999999999999574,321,1.1090012486719953,0.0817758371445354,-2.669987229010219,0.9378785374656549,0.15790006518363953,-0.013371424945893974,0.4881884811822685,-0.013371424945893974,0.0,-0.0,False,False,32,1.0,50,0.096,0.1,0.064,0.9999911785125732,-0.26994556188583374,0,False
129,18.707438802346587,18.679999999999996,0.10000000000000142,161,1.0890550443009683,0.07226435435546374,-2.7241488689240194,0.9514153634228202,0.16017910838127136,-0.006268614971523487,0.481919866210745,-0.006268614971523487,0.0,-0.0,False,False,32,1.0,50,0.116,0.1,0.064,0.9999940991401672,-0.2739050090312958,0,False
130,18.90766088012606,18.88,0.19899999999999807,320,1.0477435370872767,0.05658345206884008,-2.834755335264357,0.9765593555955584,0.16441231966018677,-0.011643645731772572,0.47027622047897244,-0.011643645731772572,0.0,-0.0,False,False,32,1.0,50,0.156,0.1,0.064,0.9999973773956299,-0.2820144295692444,0,False
131,19.008631817996502,18.98,0.10099999999999909,161,1.0264904702110713,0.050494099960096024,-2.8912623075478563,0.9881138593239169,0.16635762155056,-0.005350643887223295,0.46492557659174916,-0.005350643887223295,0.0,-0.0,False,False,32,1.0,50,0.176,0.1,0.064,0.9999982714653015,-0.286128968000412,0,False
132,19.109056709334254,19.080000000000002,0.10000000000000142,161,1.0049249038399695,0.04562164935442089,-2.9485972017287487,0.9989531268183608,0.16818250715732574,-0.0050194332638259865,0.4599061433279232,-0.0050194332638259865,0.0,-0.0,False,False,32,1.0,50,0.196,0.1,0.064,0.9999988079071045,-0.29019373655319214,0,False
133,19.20882095443085,19.179999999999996,0.10000000000000142,159,0.9831686342535807,0.04192569080908437,-2.9866559816711864,1.009102825509633,0.16989129781723022,-0.007200108679382389,0.4527060346485408,-0.0047001086793823895,0.0,-0.0025,True,True,33,1.0,50,0.016,0.1,0.066,0.9997782707214355,-0.10202828049659729,0,False
134,19.308885388076305,19.279999999999998,0.10000000000000142,160,0.9613728704442394,0.03870515662609804,-3.0076889800731386,1.0191938431437235,0.17159020900726318,-0.00467293473515363,0.4480330999133872,-0.00467293473515363,0.0,-0.0,False,False,33,1.0,50,0.036,0.1,0.066,0.9997797012329102,-0.10205475986003876,0,False
135,19.409186890348792,19.38,0.10000000000000142,161,0.9395157356583888,0.035942584502949744,-3.0267872389871036,1.029249988475356,0.17328324913978577,-0.004656786116713024,0.4433763137966742,-0.004656786116713024,0.0,-0.0,False,False,33,1.0,50,0.056,0.1,0.066,0.9997804760932922,-0.10177284479141235,0,False
136,19.60901680914685,19.580000000000002,0.19999999999999574,319,0.8956485966968046,0.03176252383096007,-3.066887696997772,1.0492777536339326,0.1766550987958908,-0.00927443027756111,0.4341018835191131,-0.00927443027756111,0.0,-0.0,False,False,33,1.0,50,0.096,0.1,0.066,0.9997826218605042,-0.10184760391712189,0,False
137,19.709085542242974,19.679999999999996,0.10000000000000142,158,0.8736587493276842,0.030341188825734187,-3.08737186603681,1.0592474262764755,0.178333580493927,-0.004616742461341321,0.4294851410577718,-0.004616742461341321,0.0,-0.0,False,False,33,1.0,50,0.116,0.1,0.066,0.9997837543487549,-0.10208985954523087,0,False
138,19.80913975602016,19.779999999999998,0.10000000000000142,159,0.8516455674202597,0.029369018194685504,-3.107827793425117,1.0691801909237773,0.18000584840774536,-0.004599651157052587,0.4248854899007192,-0.004599651157052587,0.0,-0.0,False,False,33,1.0,50,0.136,0.1,0.066,0.9997850060462952,-0.10235577821731567,0,False
139,19.909188899211586,19.88,0.10000000000000142,159,0.829618533482155,0.02884767382154476,-3.1282923487226872,1.0790716221567445,0.1816711574792862,-0.0045805105357029745,0.42030497936501626,-0.0045805105357029745,0.0,-0.0,False,False,33,1.0,50,0.156,0.1,0.066,0.9997861981391907,-0.10265126079320908,0,False
140,20.109301725402474,20.080000000000002,0.19999999999999574,319,0.785554896704867,0.029162292632541244,3.113779448435105,1.0987172966307759,0.1849786788225174,-0.009097492242515222,0.41120748712250105,-0.009097492242515222,0.0,-0.0,False,False,33,1.0,50,0.196,0.1,0.066,0.9997888803482056,-0.10335521399974823,0,False
141,20.209379298146814,20.179999999999996,0.10000000000000142,158,0.7635648251091872,0.029971150025587517,3.100290857127967,1.10847578827417,0.18662160634994507,-0.007018949051190814,0.4041885380713102,-0.004518949051190814,0.0,-0.0025,True,True,34,1.0,50,0.016,0.1,0.068,0.9985029101371765,-0.026128245517611504,0,False
142,20.309765039011836,20.279999999999998,0.10000000000000142,160,0.7416068884738161,0.03091296144430486,3.0952197691218584,1.118450948436389,0.18830101191997528,-0.004619283614496892,0.39956925445681335,-0.004619283614496892,0.0,-0.0,False,False,34,1.0,50,0.036,0.1,0.068,0.9984806776046753,-0.025614676997065544,0,False
143,20.40934553509578,20.38,0.10000000000000142,159,0.719656747962374,0.03197388334361017,3.090728316790055,1.128659770726752,0.19001975655555725,-0.004727487555317134,0.3948417669014962,-0.004727487555317134,0.0,-0.0,False,False,34,1.0,50,0.056,0.1,0.068,0.9984575510025024,-0.025088289752602577,0,False
144,20.609570380300283,20.580000000000002,0.19999999999999574,320,0.6757775132696516,0.03442819766911613,3.0809721436655684,1.149775038373401,0.1935746967792511,-0.009778029452129116,0.38506373744936706,-0.009778029452129116,0.0,-0.0,False,False,34,1.0,50,0.096,0.1,0.068,0.9984143972396851,-0.024107955396175385,0,False
145,20.70983375236392,20.679999999999996,0.10000000000000142,160,0.6538471477116244,0.03581556971610172,3.0761296134795173,1.1606744030591363,0.19540970027446747,-0.005047262989514165,0.38001647445985287,-0.005047262989514165,0.0,-0.0,False,False,34,1.0,50,0.116,0.1,0.068,0.9983929395675659,-0.023656930774450302,0,False
146,20.809690826106817,20.779999999999998,0.10000000000000142,159,0.6319236754096779,0.03730730205642926,3.0714145602614304,1.1717948616827902,0.19728192687034607,-0.0051496468698813275,0.37486682758997153,-0.0051496468698813275,0.0,-0.0,False,False,34,1.0,50,0.136,0.1,0.068,0.998371422290802,-0.0232224278151989,0,False
147,20.909626960288733,20.88,0.10000000000000142,158,0.6100080139652299,0.03890131632717777,3.0667970342844115,1.183131280758214,0.19919051229953766,-0.005249653542457644,0.3696171740475139,-0.005249653542457644,0.0,-0.0,False,False,34,1.0,50,0.156,0.1,0.068,0.9983468055725098,-0.02285529486835003,0,False
148,21.10984625434503,21.080000000000002,0.19999999999999574,320,0.5662040755105572,0.04238877061863265,3.0577649841878145,1.206431023777867,0.20311322808265686,-0.010789613339775283,0.3588275607077386,-0.010789613339775283,0.0,-0.0,False,False,34,1.0,50,0.196,0.1,0.068,0.9982820749282837,-0.022122707217931747,0,False
149,21.209972436074167,21.179999999999996,0.10000000000000142,159,0.5442851688361948,0.04437535894160732,3.029294133621647,1.2183281434524555,0.20511621236801147,-0.008009302014085232,0.35081825869365335,-0.005509302014085233,0.0,-0.0025,True,True,35,1.0,50,0.016,0.1,0.07,0.9973045587539673,-0.2841215431690216,0,False
150,21.309982079081237,21.279999999999998,0.10000000000000142,159,0.5224668415307767,0.04755218687541996,2.9723921466988954,1.2295180811558797,0.20700013637542725,-0.005181821147738866,0.3456364375459145,-0.005181821147738866,0.0,-0.0,False,False,35,1.0,50,0.036,0.1,0.07,0.9977809190750122,-0.27250561118125916,0,False
151,21.41040696017444,21.38,0.10000000000000142,163,0.5008449637422863,0.051905678197167654,2.9157122466856324,1.2399724256975584,0.20876021683216095,-0.004841183665861002,0.3407952538800535,-0.004841183665861002,0.0,-0.0,False,False,35,1.0,50,0.056,0.1,0.07,0.9981104731559753,-0.2731930911540985,0,False
152,21.61015351722017,21.580000000000002,0.19999999999999574,318,0.45845659522122245,0.0641103730370328,2.8058537978101086,1.2586042366572359,0.21189704537391663,-0.008627993703842167,0.33216726017621134,-0.008627993703842167,0.0,-0.0,False,False,35,1.0,50,0.096,0.1,0.07,0.9986123442649841,-0.27456679940223694,0,False
153,21.71128489309922,21.679999999999996,0.10000000000000142,163,0.4378210595324565,0.07193814922761202,2.751117150344709,1.2667483354152687,0.21326817572116852,-0.0037713581873413393,0.32839590198887003,-0.0037713581873413393,0.0,-0.0,False,False,35,1.0,50,0.116,0.1,0.07,0.9988079071044922,-0.2752087414264679,0,False
154,21.811046817339957,21.779999999999998,0.10000000000000142,160,0.4176415873332598,0.08088893746119605,2.6961151110832313,1.274096389786737,0.21450528502464294,-0.0034027270344104163,0.3249931749544596,-0.0034027270344104163,0.0,-0.0,False,False,35,1.0,50,0.136,0.1,0.07,0.9989771842956543,-0.2757109999656677,0,False
155,21.911557757295668,21.88,0.10000000000000142,164,0.39798058767121225,0.09093868072356309,2.640975949417431,1.2806371592071426,0.2156064808368683,-0.003028890616144369,0.32196428433831525,-0.003028890616144369,0.0,-0.0,False,False,35,1.0,50,0.156,0.1,0.07,0.9991099834442139,-0.27601516246795654,0,False
156,22.111689321231097,22.080000000000002,0.19999999999999574,324,0.3604601254407296,0.11421427306975122,2.5304852847837433,1.2912596696743797,0.2173948734998703,-0.004919057714178598,0.31704522662413664,-0.004919057714178598,0.0,-0.0,False,False,35,1.0,50,0.196,0.1,0.07,0.999278724193573,-0.27719026803970337,0,False
157,22.211296636145562,22.179999999999996,0.10000000000000142,159,0.34463444215640143,0.1259171961171521,2.4728767935550735,1.2948915226161513,0.21800632774829865,-0.0041818335256138955,0.31286339309852274,-0.0016818335256138955,0.0,-0.0025,True,True,36,1.0,50,0.016,0.1,0.072,-0.2191944718360901,0.9995677471160889,0,False
158,22.311434727162123,22.279999999999998,0.10000000000000142,162,0.3345971161865339,0.1341333482004017,2.448900811547092,1.2968144557207215,0.21833007037639618,-0.0008904692493417745,0.31197292384918096,-0.0008904692493417745,0.0,-0.0,False,False,36,1.0,50,0.036,0.1,0.072,-0.22690200805664062,0.9996057748794556,0,False
159,22.411434130277485,22.38,0.10000000000000142,162,0.32852217983381676,0.13906172242196388,2.487138494026506,1.2980693275589152,0.21854133903980255,-0.0005811043458145813,0.31139181950336636,-0.0005811043458145813,0.0,-0.0,False,False,36,1.0,50,0.056,0.1,0.072,-0.20875751972198486,0.9994940161705017,0,False
160,22.611590904183686,22.580000000000002,0.19999999999999574,326,0.32741267995699475,0.14023023760777645,2.766908816904059,1.2981256188897863,0.21855081617832184,-2.606731301575137e-05,0.3113657521903506,-2.606731301575137e-05,0.0,-0.0,False,False,36,1.0,50,0.096,0.1,0.072,-0.07153048366308212,0.9961462020874023,0,False
161,22.71164309605956,22.679999999999996,0.10000000000000142,163,0.32936367369487096,0.13970906878215558,2.96642081043636,1.2970101477530425,0.21836301684379578,0.0005165508583933122,0.3118823030487439,0.0005165508583933122,0.0,-0.0,False,False,36,1.0,50,0.116,0.1,0.072,-0.08052844554185867,0.9835415482521057,0,False
162,22.812867161352187,22.779999999999998,0.10099999999999909,164,0.3313446697229919,0.13957148553235219,-3.1211324019978575,1.2956196810738194,0.21812891960144043,0.0006438954205633717,0.3125261984693073,0.0006438954205633717,0.0,-0.0,False,False,36,1.0,50,0.136,0.1,0.072,0.006995116826146841,0.8593841195106506,0,False
163,22.913062582258135,22.88,0.10000000000000142,161,0.3322008789348235,0.13965950001365873,-2.9568240368015775,1.2949211729240788,0.21801131963729858,0.0003234642049067153,0.312849662674214,0.0003234642049067153,0.0,-0.0,False,False,36,1.0,50,0.156,0.1,0.072,0.6157284379005432,-0.9032942056655884,0,False
164,23.013020714279264,22.98,0.10000000000000142,161,0.3324022040749051,0.13971102443138905,-2.9184895148399916,1.294736544439492,0.21798023581504822,8.549750778451598e-05,0.3129351601819985,8.549750778451598e-05,0.0,-0.0,False,False,36,1.0,50,0.176,0.1,0.072,0.6183088421821594,-0.9033507704734802,0,False
165,23.11333505436778,23.080000000000002,0.10000000000000142,163,0.3294266699692503,0.13912443073778585,-2.967830128922597,1.297350905023253,0.2184203863143921,-0.0012106545469508787,0.31172450563504767,-0.0012106545469508787,0.0,-0.0,False,False,36,1.0,50,0.196,0.1,0.072,0.6147474050521851,-0.9037108421325684,0,False
166,23.31336827808991,23.279999999999998,0.19999999999999574,322,0.30153357409392406,0.13760220828393835,3.119761572216095,1.3193426711755887,0.2221228927373886,-0.012683917189228825,0.2990405884458188,-0.010183917189228824,0.0,-0.0025,True,True,37,1.0,50,0.036,0.1,0.074,0.9999927282333374,-0.37094396352767944,0,False
167,23.413155711255968,23.38,0.10000000000000142,160,0.2794389367580595,0.13884293275417733,3.049197443235886,1.3353412692661664,0.22481639683246613,-0.007408609066211515,0.29163197937960733,-0.007408609066211515,0.0,-0.0,False,False,37,1.0,50,0.056,0.1,0.074,0.9999931454658508,-0.3734285235404968,0,False
168,23.51331150205806,23.48,0.10000000000000142,164,0.25748982970257306,0.14172086854312133,2.974745415045757,1.350359371502356,0.2273448258638382,-0.006954562378178285,0.28467741700142907,-0.006954562378178285,0.0,-0.0,False,False,37,1.0,50,0.076,0.1,0.074,0.9999934434890747,-0.3755464553833008,0,False
169,23.61319010425359,23.580000000000002,0.10000000000000142,159,0.2358108068288119,0.14622572269303905,2.8991085701234733,1.3643420141790152,0.22969892621040344,-0.006475063172247772,0.2782023538291813,-0.006475063172247772,0.0,-0.0,False,False,37,1.0,50,0.096,0.1,0.074,0.9999936819076538,-0.3773995637893677,0,False
170,23.813368117436767,23.779999999999998,0.19999999999999574,327,0.1937729189826374,0.16004522307362676,2.7478042940469205,1.3889789418320038,0.2338467687368393,-0.011408834982924259,0.266793518846257,-0.011408834982924259,0.0,-0.0,False,False,37,1.0,50,0.136,0.1,0.074,0.999995768070221,-0.37903690338134766,0,False
171,23.9137103674002,23.88,0.10000000000000142,163,0.1736642986521216,0.16929172014560018,2.6721540952256397,1.3995386113481112,0.23562458157539368,-0.0048899574119125825,0.26190356143434446,-0.0048899574119125825,0.0,-0.0,False,False,37,1.0,50,0.156,0.1,0.074,0.9999964833259583,-0.37865719199180603,0,False
172,24.013423280324787,23.98,0.10000000000000142,162,0.15431339240696113,0.18003061378035926,2.5965429786361245,1.408881644646994,0.23719756305217743,-0.004326559165504998,0.25757700226883945,-0.004326559165504998,0.0,-0.0,False,False,37,1.0,50,0.176,0.1,0.074,0.999997079372406,-0.3780836760997772,0,False
173,24.1137361000292,24.080000000000002,0.10000000000000142,163,0.13582508569955762,0.19220028941523115,2.521040072341786,1.4169839674487827,0.23856166005134583,-0.0037520126342855363,0.2538249896345539,-0.0037520126342855363,0.0,-0.0,False,False,37,1.0,50,0.196,0.1,0.074,0.9999972581863403,-0.3765298128128052,0,False
174,24.31397921126336,24.279999999999998,0.19999999999999574,323,0.10123898171298541,0.21845510741042418,2.5315787821308215,1.431027769417316,0.24092605710029602,-0.009003384734030593,0.24482160490052332,-0.006503384734030593,0.0,-0.0025,True,True,38,1.0,50,0.036,0.1,0.076,0.9553601741790771,0.3029833734035492,0,False
175,24.413683474063873,24.38,0.10000000000000142,157,0.08377402671041936,0.22993557373415047,2.589515977098725,1.4395154577137794,0.24235503375530243,-0.003930467163956762,0.24089113773656656,-0.003930467163956762,0.0,-0.0,False,False,38,1.0,50,0.056,0.1,0.076,0.9526262283325195,0.2694631516933441,0,False
176,24.513663346413523,24.48,0.10000000000000142,158,0.06574202622094089,0.24039450098830892,2.641831579971206,1.4492733297985003,0.24399785697460175,-0.004518662146802209,0.23637247558976435,-0.004518662146802209,0.0,-0.0,False,False,38,1.0,50,0.076,0.1,0.076,0.9501094222068787,0.2401226907968521,0,False
177,24.613725527189672,24.580000000000002,0.10000000000000142,162,0.04725915682973465,0.24992246669795168,2.688752123234078,1.4601287058184451,0.24582545459270477,-0.005026892777928026,0.23134558281183631,-0.005026892777928026,0.0,-0.0,False,False,38,1.0,50,0.096,0.1,0.076,0.9476258754730225,0.2110912948846817,0,False
178,24.814075258094817,24.779999999999998,0.19999999999999574,324,0.00926865500875969,0.2665528019162142,2.7670779696509755,1.4845646309362002,0.2499394565820694,-0.01131575500201398,0.22002982780982233,-0.01131575500201398,0.0,-0.0,False,False,38,1.0,50,0.136,0.1,0.076,0.9444552063941956,0.17188884317874908,0,False
179,24.914132319390774,24.88,0.10000000000000142,160,-0.010126193810803666,0.27380328705369106,2.8007936296402405,1.4979293080906229,0.2521895170211792,-0.006188896537850998,0.21384093127197135,-0.006188896537850998,0.0,-0.0,False,False,38,1.0,50,0.156,0.1,0.076,0.9424325823783875,0.1535419225692749,0,False
180,25.01410268014297,24.98,0.10000000000000142,163,-0.029710599036821998,0.280421518269163,2.8307659221739714,1.5119270857005822,0.2545461654663086,-0.006482071836596326,0.20735885943537502,-0.006482071836596326,0.0,-0.0,False,False,38,1.0,50,0.176,0.1,0.076,0.9396387934684753,0.131235271692276,0,False
181,25.113891371991485,25.080000000000002,0.10000000000000142,162,-0.04939756164625005,0.28647107695511415,2.8554824089181596,1.5264329014224918,0.2569883465766907,-0.006717333435198022,0.20064152600017698,-0.006717333435198022,0.0,-0.0,False,False,38,1.0,50,0.196,0.1,0.076,0.9325070977210999,0.0906299352645874,0,False
182,25.314277072437108,25.279999999999998,0.19999999999999574,323,-0.09027186294159875,0.29841973943986616,2.8095579203016645,1.55726391116409,0.26217901706695557,-0.01677718210051069,0.1838643438996663,-0.014277182100510693,0.0,-0.0025,True,True,39,1.0,50,0.036,0.1,0.078,0.9999999403953552,-0.3399035930633545,0,False
183,25.41399614419788,25.38,0.10000000000000142,161,-0.11095836162058538,0.3062383865106263,2.7445396541622995,1.5722940505402145,0.26470947265625,-0.006960136520584224,0.17690420737908208,-0.006960136520584224,0.0,-0.0,False,False,39,1.0,50,0.056,0.1,0.078,0.9999999403953552,-0.34133246541023254,0,False
184,25.514057675376534,25.48,0.10000000000000142,162,-0.13106783988712478,0.3154582811430593,2.6778246287297294,1.5863645820400734,0.26707836985588074,-0.006515762609078998,0.1703884447700031,-0.006515762609078998,0.0,-0.0,False,False,39,1.0,50,0.076,0.1,0.078,0.9999999403953552,-0.34308817982673645,0,False
185,25.614251054357737,25.580000000000002,0.10000000000000142,164,-0.1505075537583265,0.32603073511302744,2.609175603396104,1.599439571260626,0.2692796587944031,-0.006054748243038473,0.1643336965269646,-0.006054748243038473,0.0,-0.0,False,False,39,1.0,50,0.096,0.1,0.078,0.9999999403953552,-0.3450703024864197,0,False
186,25.814592864364386,25.779999999999998,0.19999999999999574,328,-0.18697967837127885,0.35104795261629407,2.4704124276401136,1.6224202415636275,0.27314865589141846,-0.010641857579677928,0.1536918389472867,-0.010641857579677928,0.0,-0.0,False,False,39,1.0,50,0.136,0.1,0.078,0.9999999403953552,-0.34958311915397644,0,False
187,25.91430684737861,25.88,0.10000000000000142,163,-0.2038240740421097,0.3653910004434194,2.400495756811784,1.6322423707335882,0.2748022973537445,-0.0045484182305278505,0.14914342071675885,-0.0045484182305278505,0.0,-0.0,False,False,39,1.0,50,0.156,0.1,0.078,0.9999999403953552,-0.3517204523086548,0,False
188,26.014412736985832,25.98,0.10000000000000142,162,-0.21962461192788854,0.3808802988741911,2.3301673935589475,1.6409046860674867,0.2762606739997864,-0.004011333215183364,0.14513208750157547,-0.004011333215183364,0.0,-0.0,False,False,39,1.0,50,0.176,0.1,0.078,0.9999999403953552,-0.3536241352558136,0,False
189,26.114535686094314,26.080000000000002,0.10000000000000142,163,-0.2342975037095242,0.3974477701768504,2.259467011920221,1.64837443946403,0.27751827239990234,-0.003459083253587555,0.14167300424798793,-0.003459083253587555,0.0,-0.0,False,False,39,1.0,50,0.196,0.1,0.078,0.9999998807907104,-0.3549621105194092,0,False
190,26.314906965009868,26.279999999999998,0.19999999999999574,327,-0.26056398488457116,0.4328855196478127,2.1675512278249234,1.66041529675078,0.27954545617103577,-0.00807586383222612,0.13359714041576182,-0.005575863832226121,0.0,-0.0025,True,True,40,1.0,50,0.036,0.1,0.08,0.9981856346130371,-0.18941017985343933,0,False
191,26.414530328009278,26.38,0.10000000000000142,162,-0.27263712951617675,0.4513113719914582,2.1308809898721486,1.6656070214146792,0.2804195284843445,-0.0024041768032719707,0.13119296361248983,-0.0024041768032719707,0.0,-0.0,False,False,40,1.0,50,0.056,0.1,0.08,0.998201310634613,-0.19020973145961761,0,False
192,26.514855556190014,26.48,0.10000000000000142,163,-0.28399746363163236,0.47018579449833464,2.0933109915030363,1.6702547735635878,0.2812020182609558,-0.0021522747501349754,0.12904068886235487,-0.0021522747501349754,0.0,-0.0,False,False,40,1.0,50,0.076,0.1,0.08,0.9981992840766907,-0.1909075528383255,0,False
193,26.615712302271277,26.580000000000002,0.10099999999999909,165,-0.2946306044848635,0.489481085943197,2.0550779466199267,1.6743585531975056,0.28189292550086975,-0.0019003726969979802,0.1271403161653569,-0.0019003726969979802,0.0,-0.0,False,False,40,1.0,50,0.096,0.1,0.08,0.9981231093406677,-0.19151246547698975,0,False
194,26.716061080340296,26.679999999999996,0.10000000000000142,163,-0.30451955600143815,0.5091694978672054,2.01668417808442,1.677914642964394,0.28249162435531616,-0.001646749217529765,0.12549356694782712,-0.001646749217529765,0.0,-0.0,False,False,40,1.0,50,0.116,0.1,0.08,0.9980335235595703,-0.19215081632137299,0,False
195,26.81613940000534,26.779999999999998,0.10000000000000142,162,-0.3136451635526464,0.5292223979389813,1.9782486243332287,1.680917024294286,0.28299710154533386,-0.0013903386668586315,0.1241032282809685,-0.0013903386668586315,0.0,-0.0,False,False,40,1.0,50,0.136,0.1,0.08,0.9979392290115356,-0.1927749514579773,0,False
196,27.016286420170218,26.98,0.19999999999999574,324,-0.32953923630381265,0.5702988557807596,1.901077969386921,1.6852422518996497,0.2837252914905548,-0.0020029205227299713,0.12210030775823852,-0.0020029205227299713,0.0,-0.0,False,False,40,1.0,50,0.176,0.1,0.08,0.9976622462272644,-0.19387014210224152,0,False
197,27.11597887100652,27.080000000000002,0.10000000000000142,163,-0.3362799828500527,0.5912613735073667,1.8623217901999563,1.686558548554863,0.2839469015598297,-0.0006095488666210752,0.12149075889161744,-0.0006095488666210752,0.0,-0.0,False,False,40,1.0,50,0.196,0.1,0.08,0.997497022151947,-0.19435657560825348,0,False
198,27.21629874035716,27.179999999999996,0.10000000000000142,164,-0.3421641330189973,0.6125119121598264,1.8132189271409196,1.68726112809017,0.2840651869773865,-0.0028253495766028675,0.11866540931501457,-0.0003253495766028674,0.0,-0.0025,True,True,41,1.0,50,0.016,0.1,0.082,0.9976038336753845,-0.2708480656147003,0,False
199,27.31636207923293,27.279999999999998,0.10000000000000142,164,-0.34688161219216446,0.6340507236062342,1.7601120561053278,1.687050124107785,0.28402966260910034,9.771143746798889e-05,0.11876312075248256,9.771143746798889e-05,0.0,-0.0,False,False,41,1.0,50,0.036,0.1,0.082,0.9975029826164246,-0.2716401517391205,0,False
200,27.51644709939137,27.48,0.19999999999999574,328,-0.35279343634281907,0.6777295110194206,1.650740818608707,1.6839194056241775,0.28350257873535156,0.001449768861627396,0.12021288961410996,0.001449768861627396,0.0,-0.0,False,False,41,1.0,50,0.076,0.1,0.082,0.9972183108329773,-0.2730645537376404,0,False
201,27.616381498984993,27.580000000000002,0.10000000000000142,164,-0.3539607337287422,0.6997379773230942,1.59610951647742,1.6809947346535703,0.28301018476486206,0.0013543526592675293,0.1215672422733775,0.0013543526592675293,0.0,-0.0,False,False,41,1.0,50,0.096,0.1,0.082,0.9970333576202393,-0.2742188572883606,0,False
202,27.71641370933503,27.679999999999996,0.10000000000000142,163,-0.3539220199512534,0.7217727954925244,1.541331432715641,1.6771609055843646,0.28236472606658936,0.00177536435627761,0.1233426066296551,0.00177536435627761,0.0,-0.0,False,False,41,1.0,50,0.116,0.1,0.082,0.9968228340148926,-0.2751923203468323,0,False
203,27.816568908281624,27.779999999999998,0.10000000000000142,163,-0.3526744777429956,0.743768608557025,1.486345772495477,1.6724196885841984,0.2815665006637573,0.002195556326463031,0.12553816295611814,0.002195556326463031,0.0,-0.0,False,False,41,1.0,50,0.136,0.1,0.082,0.996587872505188,-0.2763400077819824,0,False
204,28.01665724720806,27.98,0.19999999999999574,326,-0.3465560052209762,0.7873747166019566,1.375628674580917,1.6602278359979732,0.2795138955116272,0.005645786530347242,0.1311839494864654,0.005645786530347242,0.0,-0.0,False,False,41,1.0,50,0.176,0.1,0.082,0.9959483742713928,-0.2785783112049103,0,False
205,28.11651029717177,28.080000000000002,0.10000000000000142,160,-0.3416948276686902,0.808844679361798,1.3199387514475207,1.6527862282668655,0.2782610356807709,0.0034460495970796276,0.134629999083545,0.0034460495970796276,0.0,-0.0,False,False,41,1.0,50,0.196,0.1,0.082,0.9954896569252014,-0.2796823978424072,0,False
206,28.2166459960863,28.179999999999996,0.10000000000000142,160,-0.33571009991728656,0.8300409193966396,1.2843163212452213,1.6445161820814276,0.27686870098114014,0.001329681750897147,0.13595968083444215,0.003829681750897147,0.0,-0.0025,True,True,42,1.0,50,0.016,0.1,0.084,0.9996102452278137,0.1510874330997467,0,False
207,28.316802234388888,28.279999999999998,0.10000000000000142,164,-0.32997341023559573,0.8512039458190905,1.3204862600186642,1.6367509877061925,0.2755613625049591,0.003595895660579325,0.13955557649502148,0.003595895660579325,0.0,-0.0,False,False,42,1.0,50,0.036,0.1,0.084,0.999639093875885,0.14586135745048523,0,False
208,28.516629544086754,28.48,0.19999999999999574,326,-0.32034462866290225,0.8939951189190367,1.3793128169283706,1.6238084070249217,0.27338236570358276,0.005993432676573659,0.14554900917159513,0.005993432676573659,0.0,-0.0,False,False,42,1.0,50,0.076,0.1,0.084,0.9994422793388367,0.1452505737543106,0,False
209,28.616653454024345,28.580000000000002,0.10000000000000142,162,-0.3164662849190288,0.9155796115138121,1.4079430516308422,1.6186692563398548,0.2725171446800232,0.0023798309165874395,0.14792884008818258,0.0023798309165874395,0.0,-0.0,False,False,42,1.0,50,0.096,0.1,0.084,0.9992707967758179,0.15031540393829346,0,False
210,28.71693088207394,28.679999999999996,0.10000000000000142,154,-0.3132300968553377,0.9372653999330811,1.438087163922017,1.6144493537089197,0.2718066871166229,0.0019541467766783912,0.14988298686486096,0.0019541467766783912,0.0,-0.0,False,False,42,1.0,50,0.116,0.1,0.084,0.9991949796676636,0.1574862003326416,0,False
211,28.816929301247,28.779999999999998,0.10000000000000142,154,-0.3106651916819964,0.9590366836306345,1.4699395982920322,1.611186049669267,0.27125728130340576,0.0015111664007745218,0.1513941532656355,0.0015111664007745218,0.0,-0.0,False,False,42,1.0,50,0.136,0.1,0.084,0.9991300106048584,0.16578496992588043,0,False
212,29.017331397160888,28.98,0.19999999999999574,310,-0.30770154840532116,1.0027593438173494,1.5379914073266803,1.6077039529096242,0.2706710398197174,0.0016124846362699857,0.15300663790190547,0.0016124846362699857,0.0,-0.0,False,False,42,1.0,50,0.176,0.1,0.084,0.9990391135215759,0.17887204885482788,0,False
213,29.117248327005655,29.080000000000002,0.10000000000000142,154,-0.3073635153757221,1.024665483896119,1.5739409328581153,1.6075527805933851,0.2706455886363983,7.000467080353478e-05,0.153076642572709,7.000467080353478e-05,0.0,-0.0,False,False,42,1.0,50,0.196,0.1,0.084,0.9989878535270691,0.18088246881961823,0,False
214,29.217033807188272,29.179999999999996,0.10000000000000142,154,-0.3077299788705957,1.0466243283055807,1.5856062844893712,1.608405824377876,0.2707892060279846,-0.002895026356676641,0.15018161621603238,-0.00039502635667664106,0.0,-0.0025,True,True,43,1.0,50,0.016,0.1,0.086,0.9999998807907104,-0.4234435260295868,0,False
215,29.317083646077663,29.279999999999998,0.10000000000000142,154,-0.3070751943156498,1.06877175067644,1.4966397991265616,1.6085460216547627,0.2708128094673157,-6.492236449218612e-05,0.1501166938515402,-6.492236449218612e-05,0.0,-0.0,False,False,43,1.0,50,0.036,0.1,0.086,0.9999998807907104,-0.430275022983551,0,False
216,29.517238923348486,29.48,0.19999999999999574,309,-0.3000724505513025,1.112483360274371,1.3232588905448848,1.6040212961566573,0.2700510323047638,0.0020953037358394707,0.15221199758737966,0.0020953037358394707,0.0,-0.0,False,False,43,1.0,50,0.076,0.1,0.086,0.9999998211860657,-0.4489341080188751,0,False
217,29.61744562117383,29.580000000000002,0.10000000000000142,155,-0.2936995222533532,1.1337069982430799,1.2335246131468367,1.5992984888999207,0.2692559063434601,0.0021870311674893447,0.154399028754869,0.0021870311674893447,0.0,-0.0,False,False,43,1.0,50,0.096,0.1,0.086,0.9999998211860657,-0.45703190565109253,0,False
218,29.717191461008042,29.679999999999996,0.10000000000000142,154,-0.285430490566471,1.1542698055605023,1.1418688240357036,1.5929184507009961,0.26818177103996277,0.002954459420489213,0.1573534881753582,0.002954459420489213,0.0,-0.0,False,False,43,1.0,50,0.116,0.1,0.086,0.9999997019767761,-0.4633917808532715,0,False
219,29.81751802843064,29.779999999999998,0.10000000000000142,155,-0.27530331107060013,1.1739878211684478,1.0491083555193688,1.58488242067723,0.26682883501052856,0.0037213138647119734,0.1610748020400702,0.0037213138647119734,0.0,-0.0,False,False,43,1.0,50,0.136,0.1,0.086,0.9999995827674866,-0.4671366810798645,0,False
220,30.017611725255847,29.98,0.19999999999999574,310,-0.24978878407853547,1.2101901044591534,0.863427293776113,1.5639772719291478,0.2633092701435089,0.009680727878073097,0.17075552991814327,0.009680727878073097,0.0,-0.0,False,False,43,1.0,50,0.176,0.1,0.086,0.9999988079071045,-0.4525732398033142,0,False
221,30.117438335437328,30.080000000000002,0.10000000000000142,154,-0.2346547247635436,1.2263839836724908,0.7734889992528748,1.551262334806054,0.26116859912872314,0.005888015806956335,0.1766435457250996,0.005888015806956335,0.0,-0.0,False,False,43,1.0,50,0.196,0.1,0.086,0.9999980330467224,-0.4390643239021301,0,False
222,30.21823449898511,30.179999999999996,0.10000000000000142,155,-0.21821528634366316,1.2412032353355065,0.7013353949983295,1.5372562374081986,0.25881054997444153,0.003985924552670942,0.18062947027777054,0.0064859245526709425,0.0,-0.0025,True,True,44,1.0,50,0.016,0.1,0.088,0.9999246597290039,-0.30171579122543335,0,False
223,30.317541911266744,30.279999999999998,0.10000000000000142,154,-0.20092316111386607,1.2549829556833705,0.640232893308396,1.522427897142744,0.25631406903266907,0.006866687662603129,0.18749615794037366,0.006866687662603129,0.0,-0.0,False,False,44,1.0,50,0.036,0.1,0.088,0.999897837638855,-0.29921555519104004,0,False
224,30.517839716281742,30.48,0.19999999999999574,310,-0.16417845736950218,1.2792512235123195,0.5208263436468776,1.4905703671881843,0.25095057487487793,0.014752541685978086,0.20224869962635175,0.014752541685978086,0.0,-0.0,False,False,44,1.0,50,0.076,0.1,0.088,0.9998142123222351,-0.2945791780948639,0,False
225,30.617803105153143,30.580000000000002,0.10000000000000142,154,-0.1449387109267634,1.2895500744439952,0.4583264525897093,1.4736645581834098,0.24810433387756348,0.007828719063714521,0.21007741869006627,0.007828719063714521,0.0,-0.0,False,False,44,1.0,50,0.096,0.1,0.088,0.9996660947799683,-0.2886568009853363,0,False
226,30.717933753039688,30.679999999999996,0.10000000000000142,154,-0.1250524504454742,1.298658346470939,0.3977224156929796,1.4560120924691555,0.24513238668441772,0.008174479838244993,0.21825189852831126,0.008174479838244993,0.0,-0.0,False,False,44,1.0,50,0.116,0.1,0.088,0.9993855953216553,-0.27536651492118835,0,False
227,30.8178590121679,30.779999999999998,0.10000000000000142,149,-0.10448069365719365,1.306650916265232,0.3433149204054152,1.4375676537539028,0.24202710390090942,0.008541225619479866,0.22679312414779113,0.008541225619479866,0.0,-0.0,False,False,44,1.0,50,0.136,0.1,0.088,0.9991551041603088,-0.2577908933162689,0,False
228,30.918656796216965,30.88,0.10099999999999909,152,-0.08354243699990115,1.3135367059004763,0.29207897113438286,1.4186242932900328,0.2388378232717514,0.008772265624935926,0.23556538977272706,0.008772265624935926,0.0,-0.0,False,False,44,1.0,50,0.156,0.1,0.088,0.9988530874252319,-0.2385704070329666,0,False
229,31.118685582187027,31.080000000000002,0.19999999999999574,316,-0.04097070959371162,1.3241506008232582,0.20082973114023475,1.379592716442767,0.23226651549339294,0.0180746895735502,0.25364007934627725,0.0180746895735502,0.0,-0.0,False,False,44,1.0,50,0.196,0.1,0.088,0.9970583915710449,-0.1907743364572525,0,False
230,31.21980836428702,31.179999999999996,0.10099999999999909,161,-0.019295914478445888,1.328147981626673,0.16607291692004464,1.3594936135284008,0.22888265550136566,0.006807465268584362,0.26044754461486164,0.009307465268584362,0.0,-0.0025,True,True,45,5.0,10,0.016,0.5,0.09,0.9998835325241089,-0.15702040493488312,0,False
231,31.320902705192566,31.279999999999998,0.1010000000000062,159,0.0025101132972162855,1.3314603621404977,0.13448421839016506,1.3391587242847254,0.22545909881591797,0.009416652881593887,0.2698641974964555,0.009416652881593887,0.0,-0.0,False,False,45,5.0,10,0.036,0.5,0.09,0.9998854994773865,-0.1530720740556717,0,False
232,31.421540400013328,31.38,0.10099999999999909,161,0.024236373190471776,1.3340865140158786,0.10863182218136831,1.3187822361015697,0.22202853858470917,0.006935916461967173,0.2768001139584227,0.009435916461967174,0.0,-0.0025,True,True,46,5.0,10,0.016,0.5,0.092,0.9999699592590332,0.28760766983032227,0,False
233,31.62233732128516,31.580000000000002,0.19999999999999574,315,0.0675376656761861,1.3413269640245673,0.2072829352867988,1.2788539808375496,0.21530626714229584,0.015989922196448254,0.2927900361548709,0.018489922196448252,0.0,-0.0025,True,True,47,5.0,10,0.016,0.5,0.094,0.9977937936782837,-0.25134944915771484,0,False
234,31.722144211176783,31.679999999999996,0.10000000000000142,159,0.08918626347408137,1.3452142012282564,0.15047860013723377,1.2590642147178293,0.21197448670864105,0.009164218006021043,0.30195425416089194,0.009164218006021043,0.0,-0.0,False,False,47,5.0,10,0.036,0.5,0.094,0.9975839257240295,-0.23830081522464752,0,False
235,31.82229771837592,31.779999999999998,0.10000000000000142,158,0.11100225051115233,1.3480749306729778,0.11371444013803542,1.2388994385841134,0.20857957005500793,0.006837877133769422,0.3087921312946614,0.009337877133769422,0.0,-0.0025,True,True,48,5.0,10,0.016,0.5,0.096,0.9957864880561829,-0.15504945814609528,0,False
236,31.922329435124993,31.88,0.10000000000000142,158,0.13285861496391368,1.3502548669081833,0.08238400762621242,1.2185636642566193,0.2051558643579483,0.009417062745006062,0.31820919403966746,0.009417062745006062,0.0,-0.0,False,False,48,5.0,10,0.036,0.5,0.096,0.9953728914260864,-0.15034723281860352,0,False
237,32.122396550141275,32.08,0.19999999999999574,319,0.17684413141376756,1.3524003528068185,0.012476416391514044,1.177142803640695,0.19818229973316193,0.01668111585477923,0.3348903098944467,0.01918111585477923,0.0,-0.0025,True,True,49,5.0,10,0.036,0.5,0.098,0.9980737566947937,-0.17036007344722748,0,False
238,32.222693626303226,32.17999999999999,0.10000000000000142,157,0.19880127335769576,1.352320396940094,-0.015605782198116789,1.1561869395897995,0.1946541965007782,0.0072042130515921204,0.3420945229460388,0.009704213051592121,0.0,-0.0025,True,True,50,5.0,10,0.016,0.5,0.1,0.9930115342140198,-0.1057242602109909,0,False
239,32.322419855277985,32.28,0.10000000000000142,157,0.22067179800944203,1.3517597025487578,-0.03687043080303896,1.1352023103147952,0.19112125039100647,0.00971753361248855,0.3518120565585274,0.00971753361248855,0.0,-0.0,False,False,50,5.0,10,0.036,0.5,0.1,0.9916414022445679,-0.09336978942155838,0,False
240,32.42263480136171,32.379999999999995,0.10000000000000142,159,0.2421220378676561,1.3507876227323163,-0.051617516297901705,1.114521264789615,0.18763941526412964,0.007076950462104579,0.358889007020632,0.00957695046210458,0.0,-0.0025,True,True,51,5.0,10,0.016,0.5,0.102,0.9652262330055237,-0.037220802158117294,0,False
241,32.622977905441076,32.58,0.19999999999999574,320,0.2843662711740111,1.348296136693002,-0.06997833208080374,1.073695534533404,0.1807660460472107,0.01640552369641712,0.3752945307170491,0.01890552369641712,0.0,-0.0025,True,True,52,5.0,10,0.016,0.5,0.104,0.9545446038246155,-0.06872449815273285,0,False
242,32.7229346530512,32.67999999999999,0.10000000000000142,160,0.3053293871663839,1.3466730543063048,-0.08358329327531921,1.05335267953536,0.17734114825725555,0.009420341652303675,0.38471487236935276,0.009420341652303675,0.0,-0.0,False,False,52,5.0,10,0.036,0.5,0.104,0.9542104601860046,-0.06809426099061966,0,False
243,32.82364684622735,32.78,0.10099999999999909,160,0.32647405949722513,1.3448245699753454,-0.07552668502089088,1.0327907662921805,0.17387937009334564,0.0070217828468228105,0.39173665521617557,0.009521782846822811,0.0,-0.0025,True,True,53,5.0,10,0.016,0.5,0.106,0.9577106237411499,0.30725327134132385,0,False
244,32.92418243037537,32.879999999999995,0.10000000000000142,160,0.3474380830421393,1.3440229357260125,-0.009644916265794834,1.0127813223686517,0.17051060497760773,0.00926594610492858,0.40100260132110416,0.00926594610492858,0.0,-0.0,False,False,53,5.0,10,0.036,0.5,0.106,0.963516354560852,0.303725928068161,0,False
245,33.023943949025124,32.980000000000004,0.10000000000000142,161,0.36867118421133827,1.34440751229062,0.03167203958059311,0.9929702257288999,0.16717523336410522,0.0066740957142550315,0.4076766970353592,0.009174095714255032,0.0,-0.0025,True,True,54,5.0,10,0.016,0.5,0.108,0.9742372035980225,0.026551278308033943,0,False
246,33.12423561420292,33.08,0.10000000000000142,160,0.3900842556575379,1.3450214928246358,0.03520098241863472,0.9731323110494406,0.163835346698761,0.009186514575644645,0.4168632116110038,0.009186514575644645,0.0,-0.0,False,False,54,5.0,10,0.036,0.5,0.108,0.9751130938529968,0.027098270133137703,0,False
247,33.32415189919993,33.28,0.19999999999999574,305,0.43337606596594125,1.3461321423665435,0.011452782051596229,0.9331905140029941,0.157110795378685,0.01599619310665482,0.43285940471765866,0.018496193106654818,0.0,-0.0025,True,True,55,5.0,10,0.036,0.5,0.11,0.9844421148300171,-0.07597268372774124,0,False
248,33.424190286081284,33.379999999999995,0.10000000000000142,153,0.4550137191254064,1.3462473352771032,0.005846489797311296,0.9131752285262617,0.1537410467863083,0.006768651203449135,0.4396280559211078,0.009268651203449135,0.0,-0.0025,True,True,56,5.0,10,0.016,0.5,0.112,0.9826738834381104,0.0006409249035641551,0,False
249,33.52451942116022,33.480000000000004,0.10000000000000142,151,0.47663358892006097,1.346374084220097,0.0048946382813543545,0.8932565056941524,0.15038755536079407,0.009223935105178362,0.4488519910262862,0.009223935105178362,0.0,-0.0,False,False,56,5.0,10,0.036,0.5,0.112,0.9829586148262024,3.777444362640381e-06,0,False
250,33.624576098285615,33.58,0.10000000000000142,153,0.4982970692453601,1.3465023178420583,0.006613758676314254,0.8733792932931416,0.14704105257987976,0.006704712511146231,0.45555670353743244,0.009204712511146232,0.0,-0.0025,True,True,57,5.0,10,0.016,0.5,0.114,0.9864404201507568,0.00887749157845974,0,False
251,33.824349764268845,33.78,0.19999999999999574,303,0.5416576247193033,1.3468782562630999,0.012601962988351471,0.8339111045980968,0.14039623737335205,0.01577687519478759,0.47133357873222004,0.01827687519478759,0.0,-0.0025,True,True,58,5.0,10,0.016,0.5,0.116,0.9841643571853638,0.026745008304715157,0,False
252,33.92461666930467,33.879999999999995,0.10000000000000142,153,0.5633008678511365,1.3472094364618694,0.017575997176838328,0.8144200542671973,0.1371147483587265,0.009025889104404192,0.48035946783662425,0.009025889104404192,0.0,-0.0,False,False,58,5.0,10,0.036,0.5,0.116,0.9844409227371216,0.02129826508462429,0,False
253,34.024640556424856,33.980000000000004,0.10000000000000142,153,0.5848456400831317,1.347690552387501,0.03467207330212835,0.7951946175902984,0.1338779777288437,0.006402889094403492,0.48676235693102776,0.008902889094403493,0.0,-0.0025,True,True,59,5.0,10,0.016,0.5,0.118,0.9802358746528625,0.13808780908584595,0,False
254,34.12460730224848,34.08,0.10000000000000142,153,0.6063327975160665,1.3487426305618018,0.06225151198675869,0.776399154632538,0.1307135969400406,0.008703777448757626,0.4954661343797854,0.008703777448757626,0.0,-0.0,False,False,59,5.0,10,0.036,0.5,0.118,0.9805474281311035,0.15582697093486786,0,False
255,34.32481567421928,34.28,0.19999999999999574,306,0.6465528180329011,1.3532726200387188,0.18155868232189595,0.7428288989803561,0.1250617504119873,0.013045668374922737,0.5085118027547081,0.015545668374922737,0.0,-0.0025,True,True,60,5.0,10,0.036,0.5,0.12,0.9079035520553589,0.39312994480133057,0,False
256,34.42481156112626,34.379999999999995,0.10000000000000142,153,0.6658177627159675,1.3576518906196389,0.27533982944196056,0.7280810128340242,0.12257881462574005,0.004329431078434242,0.5128412338331423,0.006829431078434241,0.0,-0.0025,True,True,61,5.0,10,0.016,0.5,0.122,0.9177343845367432,0.6082397103309631,0,False
257,34.52467892924324,34.480000000000004,0.10000000000000142,154,0.6847370362937822,1.364293028673455,0.40146515950011114,0.715023017222791,0.12038038671016693,0.006046878865524309,0.5188881126986666,0.006046878865524309,0.0,-0.0,False,False,61,5.0,10,0.036,0.5,0.122,0.9453640580177307,0.7000208497047424,0,False
258,34.624708655290306,34.58,0.10000000000000142,153,0.7026856928379548,1.3732651677923633,0.5036932928594812,0.7043516501287601,0.11858376860618591,0.002441682174531961,0.5213297948731986,0.004941682174531961,0.0,-0.0025,True,True,62,5.0,10,0.016,0.5,0.124,0.9999836683273315,-0.28156954050064087,0,False
259,34.82477633841336,34.78,0.19999999999999574,307,0.7409037842272888,1.3925568859608357,0.4319669746394273,0.6831467677454651,0.1150137409567833,0.007319528122614114,0.5286493229958128,0.009819528122614114,0.0,-0.0025,True,True,63,5.0,10,0.016,0.5,0.126,0.9999966025352478,-0.09240671992301941,0,False
260,34.92496369313449,34.879999999999995,0.10000000000000142,154,0.760983330030112,1.401630154724625,0.41253334707894307,0.6721947405725153,0.11316987127065659,0.0050716498625400066,0.5337209728583528,0.0050716498625400066,0.0,-0.0,False,False,63,5.0,10,0.036,0.5,0.126,0.9999964833259583,-0.09125002473592758,0,False
261,35.02513337833807,34.980000000000004,0.10000000000000142,152,0.7812689625339769,1.4102789765117267,0.3830635645804979,0.6613703424862262,0.1113474890589714,0.002512547558501003,0.5362335204168539,0.005012547558501003,0.0,-0.0025,True,True,64,5.0,10,0.016,0.5,0.128,0.9999616742134094,-0.20283910632133484,0,False
262,35.12519624410197,35.08,0.10000000000000142,151,0.8019042126919567,1.418108053784302,0.3439234572909336,0.650318212333378,0.10948676615953445,0.005118005414459637,0.5413515258313135,0.005118005414459637,0.0,-0.0,False,False,64,5.0,10,0.036,0.5,0.128,0.9999620914459229,-0.20133362710475922,0,False
263,35.32536244625226,35.28,0.19999999999999574,305,0.8430786582356838,1.4330597884228715,0.43363475559353853,0.6295378604037364,0.10598821192979813,0.00712293713695324,0.5484744629682667,0.00962293713695324,0.0,-0.0025,True,True,65,5.0,10,0.036,0.5,0.13,0.9995642304420471,0.7074348330497742,0,False
264,35.42633841605857,35.379999999999995,0.10000000000000142,155,0.8621680749106441,1.4435175933205515,0.5494992497014665,0.6232211942062329,0.1049247458577156,0.0004251132001757991,0.5488995761684425,0.002925113200175799,0.0,-0.0025,True,True,66,5.0,10,0.016,0.5,0.132,0.9923270344734192,-0.35107675194740295,0,False
265,35.52548732701689,35.480000000000004,0.10000000000000142,152,0.8809325775321984,1.455060621563492,0.535445066864108,0.6186256177484384,0.10415104031562805,0.0021281133019859025,0.5510276894704285,0.0021281133019859025,0.0,-0.0,False,False,66,5.0,10,0.036,0.5,0.132,0.9913954734802246,-0.3716418445110321,0,False
266,35.62563388328999,35.58,0.10000000000000142,153,0.9002768342828797,1.465534310933544,0.4730430562219571,0.6135966157446124,0.10330436378717422,-0.00017117658506068294,0.5508565128853677,0.002328823414939317,0.0,-0.0025,True,True,67,5.0,10,0.016,0.5,0.134,0.9995233416557312,-0.19606871902942657,0,False
267,35.82568784523755,35.78,0.19999999999999574,307,0.9401774260813494,1.4842187831239633,0.41875583716831727,0.6032745027254518,0.10156654566526413,0.0022799500720786033,0.5531364629574463,0.004779950072078603,0.0,-0.0025,True,True,68,5.0,10,0.016,0.5,0.136,0.9949789643287659,0.6822915077209473,0,False
268,35.92577532026917,35.879999999999995,0.10000000000000142,153,0.9595975370056201,1.4940011602037773,0.5313298016936747,0.5999258323514824,0.1010027676820755,0.001550697726881108,0.5546871606843274,0.001550697726881108,0.0,-0.0,False,False,68,5.0,10,0.036,0.5,0.136,0.9960770010948181,0.707995593547821,0,False
269,36.02572595607489,35.980000000000004,0.10000000000000142,152,0.9775289915682367,1.5062577445676792,0.6492383748519591,0.6002369835679565,0.10105515271425247,-0.0026440874825582484,0.5520430732017692,-0.00014408748255824845,0.0,-0.0025,True,True,69,5.0,10,0.016,0.5,0.138,0.9877866506576538,-0.35139572620391846,0,False
270,36.125753002241254,36.08,0.10000000000000142,154,0.9950140174297618,1.5196279176208098,0.638247149385902,0.6025193934655033,0.10143941640853882,-0.0010569352742059875,0.5509861379275631,-0.0010569352742059875,0.0,-0.0,False,False,69,5.0,10,0.036,0.5,0.138,0.9858644008636475,-0.3481174111366272,0,False
271,36.3259324519895,36.28,0.19999999999999574,307,1.0254293754643147,1.5387226861967769,0.45950102183101005,0.6046578887341248,0.10179945081472397,-0.0034902914833825813,0.5474958464441806,-0.0009902914833825813,0.0,-0.0025,True,True,70,5.0,10,0.036,0.5,0.14,0.7474554777145386,-0.49569961428642273,0,False
272,36.427012872416526,36.379999999999995,0.10099999999999909,154,1.0412260432887417,1.5456752897323356,0.37528198483134073,0.6039250835864084,0.1016760766506195,-0.0021606535878705515,0.54533519285631,0.0003393464121294485,0.0,-0.0025,True,True,71,5.0,10,0.016,0.5,0.142,0.9221601486206055,-0.21421030163764954,0,False
273,36.527047767303884,36.480000000000004,0.10000000000000142,153,1.0601997567643158,1.5527557580561335,0.33532268571555107,0.6025305455216193,0.10144129395484924,0.0006457807922594209,0.5459809736485695,0.0006457807922594209,0.0,-0.0,False,False,71,5.0,10,0.036,0.5,0.142,0.9231995344161987,-0.21659429371356964,0,False
274,36.627829768229276,36.599999999999994,0.10099999999999909,154,1.0829834089707249,1.5602422183659441,0.3237886195697609,0.6010249294375798,0.1011878103017807,-0.0018027813495097031,0.5441781922990597,0.000697218650490297,0.0,-0.0025,True,True,72,5.0,10,0.016,0.5,0.144,0.932914137840271,0.28838029503822327,0,False
275,36.72784390440211,36.7,0.10000000000000142,152,1.1020855107941523,1.5674043204531396,0.3879694775394661,0.6007532529594211,0.10114207118749619,0.00012580757437419499,0.5443039998734339,0.00012580757437419499,0.0,-0.0,False,False,72,5.0,10,0.036,0.5,0.144,0.9344955086708069,0.32861950993537903,0,False
276,36.829011023044586,36.8,0.10099999999999909,154,1.1207354564655079,1.5759688392157705,0.4902431445970811,0.6032212649337553,0.10155758261680603,-0.003642883631743938,0.54066111624169,-0.001142883631743938,0.0,-0.0025,True,True,73,5.0,10,0.02,0.5,0.146,0.9563179612159729,0.6540562510490417,0,False
277,36.92968782503158,36.900000000000006,0.10000000000000142,153,1.1384033606610053,1.5869415656862351,0.6205172743508355,0.6087806534159544,0.10249355435371399,-0.005074434064699066,0.5355866821769909,-0.0025744340646990656,0.0,-0.0025,True,True,74,5.0,10,0.0,0.5,0.148,0.958910346031189,0.6868739724159241,0,False
278,37.030407946091145,37.0,0.10099999999999909,154,1.1546722476066469,1.6000151832864273,0.7050120669478921,0.6173640635274134,0.10393864661455154,-0.003974793891985938,0.5316118882850049,-0.003974793891985938,0.0,-0.0,False,False,74,5.0,10,0.02,0.5,0.148,0.9574204683303833,-0.3731870949268341,0,False
279,37.13002413325012,37.099999999999994,0.10000000000000142,152,1.1709261291966795,1.613481608910129,0.6605718594229736,0.6269128788141506,0.10554627329111099,-0.006921852408841038,0.5246900358761639,-0.004421852408841038,0.0,-0.0025,True,True,75,5.0,10,0.0,0.5,0.15,0.9583524465560913,-0.376359760761261,0,False
280,37.2310109231621,37.2,0.10099999999999909,154,1.1882972672248804,1.6256604368907916,0.5482743253635881,0.635553686611254,0.10700102895498276,-0.0040013735342669604,0.5206886623418969,-0.0040013735342669604,0.0,-0.0,False,False,75,5.0,10,0.02,0.5,0.15,0.9556373953819275,-0.6815412640571594,0,False
281,37.33081304933876,37.3,0.10000000000000142,151,1.2072131669876247,1.6354846245806667,0.41125646607508376,0.6422227931853753,0.10812383145093918,-0.0055883208109131334,0.5151003415309838,-0.0030883208109131334,0.0,-0.0025,True,True,76,5.0,10,0.0,0.5,0.152,0.9888941049575806,-0.475619912147522,0,False
282,37.43099071411416,37.400000000000006,0.10000000000000142,153,1.227568569445683,1.642920045612192,0.30599212751266885,0.6469872436357832,0.1089259684085846,-0.0022063152410332597,0.5128940262899506,-0.0022063152410332597,0.0,-0.0,False,False,76,5.0,10,0.02,0.5,0.152,0.989155650138855,-0.5002533197402954,0,False
283,37.63156214123592,37.599999999999994,0.2010000000000005,307,1.270366296624835,1.651960674780533,0.14763225299670651,0.6526338128741271,0.1098766177892685,-0.005114805610800582,0.50777922067915,-0.0026148056108005815,0.0,-0.0025,True,True,77,5.0,10,0.02,0.5,0.154,0.9999249577522278,0.034647516906261444,0,False
284,37.732759109232575,37.7,0.10099999999999909,155,1.2920700444248352,1.6554009242334253,0.15979404391483493,0.6554489104679759,0.11035056412220001,-0.003803611568837486,0.5039756091103126,-0.0013036115688374857,0.0,-0.0025,True,True,78,5.0,10,0.0,0.5,0.156,0.9997121095657349,0.012467371299862862,0,False
285,37.833535999991,37.8,0.10099999999999909,153,1.313712151568239,1.659021074664189,0.16499414350208286,0.6591636957635625,0.11097598075866699,-0.001720237727336896,0.5022553713829757,-0.001720237727336896,0.0,-0.0,False,False,78,5.0,10,0.02,0.5,0.156,0.9997833371162415,0.05320731922984123,0,False
286,37.934883907437325,37.900000000000006,0.10099999999999909,156,1.3353580999543322,1.662805398605267,0.18024492586471075,0.6637478546400953,0.11174776405096054,-0.004622826063968518,0.4976325453190072,-0.0021228260639685175,0.0,-0.0025,True,True,79,5.0,10,0.0,0.5,0.158,0.9999812245368958,-0.41066044569015503,0,False
287,38.035923436284065,38.0,0.10099999999999909,155,1.357092008869668,1.6666714367841675,0.14359726121354613,0.6691115953441645,0.1126507967710495,-0.0024838337574326747,0.49514871156157453,-0.0024838337574326747,0.0,-0.0,False,False,79,5.0,10,0.02,0.5,0.158,0.9999813437461853,-0.41098135709762573,0,False
288,38.13672892609611,38.099999999999994,0.10099999999999909,155,1.3791361490193905,1.6688848165090355,0.062073375562249955,0.673549892407371,0.11339802294969559,-0.004555280573638294,0.49059343098793623,-0.002055280573638294,0.0,-0.0025,True,True,80,5.0,10,0.0,0.5,0.16,0.9999544620513916,-0.4306599199771881,0,False
289,38.23689178004861,38.2,0.10000000000000142,153,1.4012866390685894,1.669277355619226,-0.02547515880578035,0.6768982087478128,0.11396174132823944,-0.0015505337815162276,0.48904289720642,-0.0015505337815162276,0.0,-0.0,False,False,80,5.0,10,0.02,0.5,0.16,0.9999433755874634,-0.4272875189781189,0,False
290,38.337607401423156,38.3,0.10000000000000142,154,1.423384472760579,1.6677780109586884,-0.11124600778811544,0.6790811352241345,0.1143292561173439,-0.0035108666266749113,0.4855320305797451,-0.0010108666266749112,0.0,-0.0025,True,True,81,5.0,10,0.0,0.5,0.162,0.9841850996017456,-0.21402797102928162,0,False
291,38.437708475161344,38.400000000000006,0.10000000000000142,154,1.4450406360842567,1.6646708789853641,-0.1610729652745014,0.6803118000198859,0.11453644931316376,-0.0005698945814909183,0.48496213599825416,-0.0005698945814909183,0.0,-0.0,False,False,81,5.0,10,0.02,0.5,0.162,0.9837978482246399,-0.2170274555683136,0,False
292,38.638555609155446,38.599999999999994,0.2009999999999934,292,1.4875398642613382,1.655695839506214,-0.2615000397609853,0.6819884585518948,0.11481872946023941,-0.003276424754897618,0.4816857112433565,-0.000776424754897618,0.0,-0.0025,True,True,82,5.0,10,0.02,0.5,0.164,0.981731116771698,-0.2784092128276825,0,False
293,38.738648334052414,38.7,0.10000000000000142,155,1.5083509834152755,1.6495457156149684,-0.3157600378597618,0.6821435252369361,0.11484483629465103,-0.0025718080698171183,0.4791139031735394,-7.180806981711807e-05,0.0,-0.0025,True,True,83,5.0,10,0.0,0.5,0.166,0.9936760663986206,-0.435183584690094,0,False
294,38.8389084674418,38.8,0.10000000000000142,155,1.5289979876811566,1.64202687126298,-0.3940310140836144,0.6816440281838365,0.11476074159145355,0.00023130641667403598,0.47934520959021343,0.00023130641667403598,0.0,-0.0,False,False,83,5.0,10,0.02,0.5,0.166,0.9936537146568298,-0.43534043431282043,0,False
295,38.9394198092632,38.900000000000006,0.10000000000000142,155,1.5489507700716627,1.6327178982171284,-0.47924791871537087,0.6799326743661335,0.11447262018918991,-0.0017075085993442417,0.47763770099086916,0.0007924914006557583,0.0,-0.0025,True,True,84,5.0,10,0.0,0.5,0.168,0.9753966927528381,-0.47560784220695496,0,False
296,39.039390753023326,39.0,0.10000000000000142,154,1.5677344378594418,1.6218325138344156,-0.5736680699352681,0.6770209698734705,0.11398240923881531,0.0013483481602788883,0.47898604915114806,0.0013483481602788883,0.0,-0.0,False,False,84,5.0,10,0.02,0.5,0.168,0.9753076434135437,-0.4720674157142639,0,False
297,39.23945438116789,39.2,0.19999999999999574,308,1.6019954209648484,1.5950626275185829,-0.7311953945611545,0.6673085910970321,0.11234724521636963,0.001997595167415289,0.48098364431856333,0.004497595167415289,0.0,-0.0025,True,True,85,5.0,10,0.02,0.5,0.17,0.9982919096946716,-0.26714658737182617,0,False
298,39.33978080423549,39.3,0.10000000000000142,154,1.6180118377166302,1.5798842850563228,-0.7871712101386464,0.6613602082765017,0.11134578287601471,0.0002545690343601502,0.4812382133529235,0.0027545690343601503,0.0,-0.0025,True,True,86,5.0,10,0.0,0.5,0.172,0.9997820854187012,-0.32004380226135254,0,False
299,39.43975602835417,39.400000000000006,0.10000000000000142,153,1.6331749559493776,1.5638034409172252,-0.8493262886883265,0.6548891834610119,0.11025632917881012,0.002996593379263156,0.48423480673218666,0.002996593379263156,0.0,-0.0,False,False,86,5.0,10,0.02,0.5,0.172,0.9997726082801819,-0.3236706554889679,0,False
300,39.539889252278954,39.5,0.10000000000000142,154,1.6472469536328005,1.546849535079493,-0.9131541435835617,0.647784571393885,0.10906020551919937,0.0007899941028852529,0.48502480083507193,0.003289994102885253,0.0,-0.0025,True,True,87,5.0,10,0.0,0.5,0.174,0.9999650120735168,-0.3707493543624878,0,False
301,39.73994315043092,39.7,0.19999999999999574,308,1.6715909400146967,1.510006162340268,-1.0633311956085225,0.6310198890040067,0.10623772442340851,0.005263366342639582,0.4902881671777115,0.0077633663426395815,0.0,-0.0025,True,True,88,5.0,10,0.0,0.5,0.176,0.9999844431877136,-0.27279096841812134,0,False
302,39.83962218603119,39.8,0.10000000000000142,153,1.6817713107865389,1.4903956496808164,-1.113220577525149,0.6214798803012659,0.10463158041238785,0.004417774267889653,0.49470594144560115,0.004417774267889653,0.0,-0.0,False,False,88,5.0,10,0.02,0.5,0.176,0.9999828338623047,-0.27357104420661926,0,False
303,39.939910519402474,39.900000000000006,0.10000000000000142,154,1.6909111219253607,1.4702704025884004,-1.1714578164165734,0.6115273782848064,0.10295598953962326,0.0021087911111446395,0.4968147325567458,0.00460879111114464,0.0,-0.0025,True,True,89,5.0,10,0.0,0.5,0.178,0.999997615814209,-0.2849268615245819,0,False
304,40.04101648600772,40.0,0.10099999999999909,155,1.6989314109112537,1.4496732279538493,-1.2295131494075813,0.6011258289929149,0.10120479762554169,0.004816735313323376,0.5016314678700692,0.004816735313323376,0.0,-0.0,False,False,89,5.0,10,0.02,0.5,0.178,0.999997615814209,-0.28896573185920715,0,False
305,40.14085986139253,40.099999999999994,0.10000000000000142,157,1.705749696447491,1.4286443905752415,-1.2870578629598204,0.5902277919329075,0.09937001764774323,0.002546648194395902,0.504178116064465,0.005046648194395902,0.0,-0.0025,True,True,90,5.0,10,0.0,0.5,0.18,0.9999730587005615,-0.3096058964729309,0,False
306,40.24105681432411,40.2,0.10000000000000142,162,1.7113121710211585,1.407238835720717,-1.3482457696489596,0.5788101221629245,0.09744775295257568,0.005287279003697448,0.5094653950681625,0.005287279003697448,0.0,-0.0,False,False,90,5.0,10,0.02,0.5,0.18,0.9999691247940063,-0.31175515055656433,0,False
307,40.440834323409945,40.400000000000006,0.19999999999999574,323,1.7186519607749902,1.3637348271038725,-1.4200453969972586,0.5545921931897221,0.0933704525232315,0.00871480564358969,0.5181802007117522,0.01121480564358969,0.0,-0.0025,True,True,91,5.0,10,0.02,0.5,0.182,0.9999988675117493,0.37777796387672424,0,False
308,40.540994455106556,40.5,0.10000000000000142,164,1.7228043168732536,1.3422961604882742,-1.3365399747373308,0.5439946420861731,0.09158626198768616,0.0024074995659546477,0.5205877002777068,0.004907499565954648,0.0,-0.0025,True,True,92,5.0,10,0.0,0.5,0.184,0.9999976754188538,-0.30852001905441284,0,False
309,40.641076549421996,40.599999999999994,0.10000000000000142,163,1.7285914309291357,1.321137756144408,-1.3042252615401548,0.5355558546706946,0.09016551822423935,0.003907822210432719,0.5244955224881396,0.003907822210432719,0.0,-0.0,False,False,92,5.0,10,0.02,0.5,0.184,0.9999983906745911,-0.2995922267436981,0,False
310,40.74115720205009,40.7,0.10000000000000142,163,1.7337434400712504,1.2996462343813624,-1.3650850667817314,0.5271823421868472,0.088755764067173,0.0013775947837831172,0.5258731172719227,0.0038775947837831172,0.0,-0.0025,True,True,93,5.0,10,0.0,0.5,0.186,0.999341607093811,-0.36644721031188965,0,False
311,40.94162764726207,40.900000000000006,0.19999999999999574,323,1.739726584224136,1.2558552873749038,-1.5092820898867907,0.5087449398879534,0.08565166592597961,0.006037967205352884,0.5319110844772755,0.008537967205352884,0.0,-0.0025,True,True,94,5.0,10,0.0,0.5,0.188,0.9995938539505005,-0.28068873286247253,0,False
312,41.041673000436276,41.0,0.10000000000000142,163,1.7403851679433122,1.233767536210874,-1.5659592435653356,0.4985843546657109,0.08394104242324829,0.0047051499993524025,0.536616234476628,0.0047051499993524025,0.0,-0.0,False,False,94,5.0,10,0.02,0.5,0.188,0.9995777606964111,-0.2817147672176361,0,False
313,41.14159756433219,41.099999999999994,0.10000000000000142,162,1.7398248797064915,1.2116743791320592,-1.624573429508931,0.488110626788402,0.08217769861221313,0.002350159674588149,0.5389663941512162,0.004850159674588149,0.0,-0.0025,True,True,95,5.0,10,0.0,0.5,0.19,0.9999917149543762,-0.28636860847473145,0,False
314,41.24182898644358,41.2,0.10000000000000142,162,1.7380180592456178,1.189637241251466,-1.6822745517003075,0.47730711668023484,0.0803588330745697,0.005002874781973153,0.5439692689331893,0.005002874781973153,0.0,-0.0,False,False,95,5.0,10,0.02,0.5,0.19,0.9999921917915344,-0.28820815682411194,0,False
315,41.441876992117614,41.400000000000006,0.19999999999999574,326,1.73066979284941,1.1460598627500918,-1.7894151004584227,0.45476363352949456,0.07656344026327133,0.00793940554722256,0.5519086744804119,0.010439405547222561,0.0,-0.0025,True,True,96,5.0,10,0.02,0.5,0.192,0.9993416666984558,-0.2438557744026184,0,False
316,41.54186085611582,41.5,0.10000000000000142,162,1.7253543788098225,1.1246311031611764,-1.8389614220890649,0.4432372312123806,0.07462286949157715,0.0028376307238860234,0.5547463052042979,0.0053376307238860235,0.0,-0.0025,True,True,97,5.0,10,0.0,0.5,0.194,0.9983969926834106,-0.3209463953971863,0,False
317,41.641597661189735,41.599999999999994,0.10000000000000142,162,1.7189176016534566,1.103513031899352,-1.9010537821192823,0.43151699553896516,0.07264966517686844,0.005427390811157382,0.5601736960154553,0.005427390811157382,0.0,-0.0,False,False,97,5.0,10,0.02,0.5,0.194,0.9985513687133789,-0.3230885863304138,0,False
318,41.74165246402845,41.7,0.10000000000000142,162,1.7111201402222225,1.0828542412331783,-1.9643113273885924,0.41938599246527763,0.07060730457305908,0.003117608420758569,0.5632913044362139,0.005617608420758569,0.0,-0.0025,True,True,98,5.0,10,0.0,0.5,0.196,0.8817070722579956,-0.2604740262031555,0,False
319,41.942085528280586,41.900000000000006,0.19999999999999574,326,1.6937896524570717,1.0468840027836464,-2.073470822554598,0.3965707885821876,0.0667661651968956,0.008065233614767412,0.5713565380509813,0.010565233614767413,0.0,-0.0025,True,True,99,5.0,10,0.0,0.5,0.198,0.9999489188194275,-0.344878613948822,0,False
320,42.042224020231515,42.0,0.10000000000000142,162,1.6829588800429505,1.0283936481262257,-2.136909552621701,0.3840100330603163,0.06465145200490952,0.005816617600551393,0.5771731556515327,0.005816617600551393,0.0,-0.0,False,False,99,5.0,10,0.02,0.5,0.198,0.999945342540741,-0.341659277677536,0,False
321,42.142167133279145,42.099999999999994,0.10000000000000142,162,1.6704871066081761,1.0101619928923682,-2.2046173721086997,0.37062643723926836,0.06239820644259453,0.0036976573682866907,0.5808708130198194,0.006197657368286691,0.0,-0.0025,True,True,100,5.0,10,0.0,0.5,0.2,0.9999129176139832,-0.03832874074578285,0,False
322,42.24197978712618,42.2,0.10000000000000142,163,1.656986417357849,0.9927183220891094,-2.2347187961986896,0.3570606690412305,0.060114290565252304,0.006282017505102409,0.5871528305249217,0.006282017505102409,0.0,-0.0,False,False,100,5.0,10,0.02,0.5,0.2,0.9998972415924072,-0.037329547107219696,0,False
323,42.44234560104087,42.400000000000006,0.19999999999999574,324,1.629494777591683,0.9583930072478516,-2.287661241874776,0.3321113510544217,0.05591385439038277,0.00905349627425959,0.5962063267991813,0.01155349627425959,0.0,-0.0025,True,True,101,5.0,10,0.02,0.5,0.202,0.9999685287475586,-0.3153352439403534,0,False
324,42.54228022415191,42.5,0.10000000000000142,164,1.6145357112103051,0.9423381510251257,-2.350542610195599,0.3197774203881951,0.053837329149246216,0.003211579854590301,0.5994179066537716,0.005711579854590301,0.0,-0.0025,True,True,102,5.0,10,0.0,0.5,0.204,0.9998257160186768,-0.204917311668396,0,False
325,42.642376717180014,42.599999999999994,0.10000000000000142,162,1.5986346414936212,0.9270521987201639,-2.3941941788888004,0.30741507853138733,0.05175602063536644,0.005724736470121876,0.6051426431238934,0.005724736470121876,0.0,-0.0,False,False,102,5.0,10,0.02,0.5,0.204,0.9998274445533752,-0.21919749677181244,0,False
326,42.74246116913855,42.7,0.10000000000000142,164,1.582083422687786,0.9124307500371434,-2.4411948841368116,0.29536322407818966,0.04972698539495468,0.003080956385122733,0.6082235995090162,0.005580956385122733,0.0,-0.0025,True,True,103,5.0,10,0.0,0.5,0.206,0.9995514750480652,-0.6025492548942566,0,False
327,42.94222431629896,42.900000000000006,0.19999999999999574,326,1.5460626726726217,0.8869276343063467,-2.639219991748926,0.2707991830776734,0.04559141397476196,0.00887508273092975,0.6170986822399459,0.01137508273092975,0.0,-0.0025,True,True,104,5.0,10,0.0,0.5,0.208,0.997511088848114,-0.4525875151157379,0,False
328,43.04253963707015,43.0,0.10000000000000142,163,1.5264890902708306,0.8775090820559711,-2.7433123462033224,0.25749044322059444,0.04335077106952667,0.0061629931702000505,0.623261675410146,0.0061629931702000505,0.0,-0.0,False,False,104,5.0,10,0.02,0.5,0.208,0.9968649744987488,-0.4404695928096771,0,False
329,43.14274479821324,43.099999999999994,0.10000000000000142,162,1.5061066348239105,0.8699777323816331,-2.8350036342812466,0.2436918758511355,0.04102766141295433,0.003889821829095815,0.6271514972392418,0.006389821829095815,0.0,-0.0025,True,True,105,5.0,10,0.0,0.5,0.21,0.9995834827423096,-0.4454615116119385,0,False
330,43.24275520024821,43.2,0.10000000000000142,162,1.4851169556762953,0.8643847816276884,-2.928491520630585,0.22947718632430125,0.038634493947029114,0.006582519112340763,0.6337340163515826,0.006582519112340763,0.0,-0.0,False,False,105,5.0,10,0.02,0.5,0.21,0.9995332956314087,-0.4401145875453949,0,False
331,43.442834585439414,43.400000000000006,0.19999999999999574,324,1.4419016561921272,0.858998933533284,-3.097066355064907,0.20004343628023474,0.033679064363241196,0.011130140978258724,0.6448641573298413,0.013630140978258725,0.0,-0.0025,True,True,106,5.0,10,0.02,0.5,0.212,0.9999949932098389,-0.3378235995769501,0,False
332,43.45330351404846,43.42,0.0,15,1.4375075899546734,0.8588297047727035,-3.110432101529343,0.19707203288399852,0.03317880257964134,1.5013759934474316,2.146240150777273,0.0013759934474316471,1.5,-0.0,False,False,106,5.0,10,0.024,0.5,0.212,0.9999949932098389,-0.3378235995769501,1,True
