ppo_step,t_wall_s,t_sim_s,ppo_step_sim_dt,inner_ticks,x,y,yaw,goal_distance_m,goal_distance_norm,ppo_reward,ppo_reward_cumulative,navigation_reward,terminal_reward,frame_cost_reward,fresh_observation,frame_consumed,episode_frame_count,current_fps,scan_divisor_k,obs_age_ratio,fps_ratio,frame_count_ratio,action_linear,action_angular,outcome,done
1,0.1682707122527063,0.12000000000000001,0.155,227,2.4941126010426533,2.4988230266451645,-2.944151703990953,2.5435059067197776,0.4282214939594269,-0.0001459167121791831,-0.0001459167121791831,0.002354083287820817,0.0,-0.0025,True,True,2,0.5,100,0.004,0.05,0.004,0.9999992251396179,0.31290268898010254,0,False
2,0.2678538360632956,0.22000000000000003,0.10000000000000003,154,2.478824995316767,2.495760511706295,-2.9418233795803173,2.527914447185815,0.42559653520584106,0.006115478599261861,0.005969561887082678,0.006115478599261861,0.0,-0.0,False,False,2,0.5,100,0.024,0.05,0.004,0.9999992847442627,0.3121243715286255,0,False
3,0.46805384615436196,0.42000000000000004,0.2,305,2.4373886749494647,2.4849527570598595,-2.823001079270312,2.485164544707688,0.41839921474456787,0.01676790509291554,0.02273746697999822,0.01676790509291554,0.0,-0.0,False,False,2,0.5,100,0.064,0.05,0.004,0.9999992251396179,0.33452507853507996,0,False
4,0.5691602979786694,0.52,0.10099999999999998,151,2.4168603200675522,2.4774087435163534,-2.755652061040527,2.4635610648266284,0.41476207971572876,0.008473588928247497,0.031211055908245716,0.008473588928247497,0.0,-0.0,False,False,2,0.5,100,0.084,0.05,0.004,0.9999993443489075,0.35273614525794983,0,False
5,0.669220888055861,0.62,0.09999999999999998,152,2.3969065557974325,2.468468837762748,-2.683963335625101,2.4422579823936457,0.41117551922798157,0.008355763258303945,0.03956681916654966,0.008355763258303945,0.0,-0.0,False,False,2,0.5,100,0.104,0.05,0.004,0.9999995231628418,0.3870980739593506,0,False
6,0.7694522072561085,0.7200000000000001,0.10000000000000009,151,2.3776872978380243,2.458067847896221,-2.605104411543275,2.421409301993198,0.4076654613018036,0.008177531970888099,0.04774435113743776,0.008177531970888099,0.0,-0.0,False,False,2,0.5,100,0.124,0.05,0.004,0.9999997019767761,0.4251932203769684,0,False
7,0.8691594200208783,0.8200000000000001,0.09999999999999998,150,2.3594013603910122,2.446125404036921,-2.518720269978097,2.40120850294806,0.4042644798755646,0.007923411787038395,0.05566776292447616,0.007923411787038395,0.0,-0.0,False,False,2,0.5,100,0.144,0.05,0.004,0.9999998211860657,0.4655044674873352,0,False
8,1.0692372601479292,1.02,0.19999999999999996,307,2.32652799534212,2.4174866175572496,-2.327028956925899,2.3636894458386197,0.3979478180408478,0.014716197051178324,0.07038395997565448,0.014716197051178324,0.0,-0.0,False,False,2,0.5,100,0.184,0.05,0.004,0.9999999403953552,0.5079232454299927,0,False
9,1.1696639880537987,1.1199999999999999,0.10000000000000009,159,2.3123687035130525,2.4008943580332565,-2.2239038911627924,2.3468629403440033,0.395114928483963,0.006599903878693266,0.07698386385434774,0.006599903878693266,0.0,-0.0,False,False,2,0.5,100,0.204,0.05,0.004,1.0,0.5504379272460938,0,False
10,1.369770408142358,1.3199999999999998,0.19999999999999996,316,2.290006910620572,2.3638209002744675,-1.9932806107660652,2.3187275418807256,0.39037808775901794,0.01103562029001082,0.08801948414435856,0.01103562029001082,0.0,-0.0,False,False,2,0.5,100,0.244,0.05,0.004,1.0,0.6074962019920349,0,False
11,1.5699155679903924,1.52,0.19999999999999996,314,2.277420809084699,2.322667900226271,-1.743057863800466,2.300165210000818,0.38725295662879944,0.007280751562526841,0.09530023570688541,0.007280751562526841,0.0,-0.0,False,False,2,0.5,100,0.284,0.05,0.004,1.0,0.6312329173088074,0,False
12,1.6697130701504648,1.6199999999999999,0.10000000000000009,157,2.275006862043576,2.300851906259072,-1.6186350843296626,2.294813285165729,0.38635191321372986,0.002099199354784651,0.09739943506167006,0.002099199354784651,0.0,-0.0,False,False,2,0.5,100,0.304,0.05,0.004,1.0,0.649243950843811,0,False
13,1.769996047951281,1.72,0.10000000000000009,158,2.2753491601273748,2.279186327271082,-1.4878662991798612,2.292413291882864,0.3859478533267975,0.0009413555881514223,0.09834079064982149,0.0009413555881514223,0.0,-0.0,False,False,2,0.5,100,0.324,0.05,0.004,1.0,0.6426955461502075,0,False
14,1.9699285291135311,1.92,0.19999999999999973,312,2.2845258540114877,2.2372254709097823,-1.2299350968247074,2.2968096802272537,0.3866880238056183,-0.0017244067994785838,0.09661638385034291,-0.0017244067994785838,0.0,-0.0,False,False,2,0.5,100,0.364,0.05,0.004,1.0,0.6298189759254456,0,False
15,2.0701808780431747,2.02,0.10000000000000009,159,2.293071935552846,2.2172128699563567,-1.1034572867289094,2.3033368193568506,0.3877869248390198,-0.002560156704669313,0.09405622714567359,-0.002560156704669313,0.0,-0.0,False,False,2,0.5,100,0.384,0.05,0.004,1.0,0.6381665468215942,0,False
16,2.170194128062576,2.12,0.10000000000000009,157,2.304075060240558,2.19844319766163,-0.9753616946104463,2.3126048860562873,0.38934728503227234,-0.006135237832191052,0.08792098931348254,-0.0036352378321910525,0.0,-0.0025,True,True,3,0.5,100,0.004,0.05,0.006,1.0,1.0,0,False
17,2.2702546678483486,2.2199999999999998,0.10000000000000009,158,2.3172480135472884,2.1811385241691665,-0.8452790922192581,2.3243170232127612,0.3913191258907318,-0.004593881924653415,0.08332710738882912,-0.004593881924653415,0.0,-0.0,False,False,3,0.5,100,0.024,0.05,0.006,1.0,1.0,0,False
18,2.4703794880770147,2.42,0.19999999999999973,316,2.3507847838310147,2.156457523576957,-0.4219728607217886,2.3559854992636406,0.3966507911682129,-0.012421408472922427,0.07090569891590669,-0.012421408472922427,0.0,-0.0,False,False,3,0.5,100,0.064,0.05,0.006,1.0,1.0,0,False
19,2.5703218788839877,2.52,0.10000000000000009,157,2.3705854044482733,2.1498685310262853,-0.21336473155123334,2.375318031082606,0.39990559220314026,-0.007582849081633294,0.06332284983427339,-0.007582849081633294,0.0,-0.0,False,False,3,0.5,100,0.084,0.05,0.006,1.0,1.0,0,False
20,2.670186529867351,2.62,0.10000000000000009,158,2.391318136676679,2.1475593275585774,-0.004836030974123537,2.3958664910517404,0.4033651053905487,-0.008059775732688835,0.055263074101584556,-0.008059775732688835,0.0,-0.0,False,False,3,0.5,100,0.104,0.05,0.006,1.0,1.0,0,False
21,2.77039478905499,2.7199999999999998,0.10000000000000009,159,2.41203969660474,2.1496047923182844,0.19958599965202747,2.416674811630054,0.4068683683872223,-0.00816170153320562,0.04710137256837894,-0.00816170153320562,0.0,-0.0,False,False,3,0.5,100,0.124,0.05,0.006,1.0,0.9154921770095825,0,False
22,2.970602017827332,2.92,0.19999999999999973,313,2.4506993358159885,2.1654022095534255,0.5829773734818267,2.4562747007973256,0.41353535652160645,-0.015532367204498904,0.031569005363880034,-0.015532367204498904,0.0,-0.0,False,False,3,0.5,100,0.164,0.05,0.006,1.0,0.9394320249557495,0,False
23,3.070592748001218,3.02,0.10000000000000009,158,2.4669684710502136,2.17856537903442,0.7796845119993562,2.4734224917181407,0.4164223372936249,-0.006725922494454858,0.024843082869425177,-0.006725922494454858,0.0,-0.0,False,False,3,0.5,100,0.184,0.05,0.006,1.0,0.948811948299408,0,False
24,3.170559798832983,3.12,0.10000000000000009,156,2.480376581143956,2.1946808840619343,0.9779689021959252,2.4880049556987522,0.41887742280960083,-0.005719717657200773,0.019123365212224405,-0.005719717657200773,0.0,-0.0,False,False,3,0.5,100,0.204,0.05,0.006,1.0,0.9559575319290161,0,False
25,3.2706204489804804,3.2199999999999998,0.10000000000000009,159,2.4903758696880263,2.213144499376851,1.1769204534003561,2.4994804214420983,0.42080941796302795,-0.004501051682629703,0.014622313529594703,-0.004501051682629703,0.0,-0.0,False,False,3,0.5,100,0.224,0.05,0.006,1.0,0.9695248007774353,0,False
26,3.4714922732673585,3.42,0.19999999999999973,312,2.4984621684910775,2.2546695486811026,1.5763586637108584,2.511407988000051,0.42281752824783325,-0.004678380357370687,0.009943933172224015,-0.004678380357370687,0.0,-0.0,False,False,3,0.5,100,0.264,0.05,0.006,1.0,0.9893626570701599,0,False
27,3.5709341671317816,3.52,0.10000000000000009,160,2.4962729277144953,2.276153147912089,1.7735077240231192,2.511501275834545,0.42283323407173157,-3.6590529204637604e-05,0.009907342643019377,-3.6590529204637604e-05,0.0,-0.0,False,False,3,0.5,100,0.284,0.05,0.006,1.0,0.995297908782959,0,False
28,3.6708126780577004,3.62,0.10000000000000009,160,2.489989546284478,2.2960450026241506,1.9822760159310906,2.5075267184381613,0.42216408252716064,0.001558950952999371,0.011466293596018747,0.001558950952999371,0.0,-0.0,False,False,3,0.5,100,0.304,0.05,0.006,1.0,0.9985893964767456,0,False
29,3.871642982121557,3.82,0.19899999999999984,325,2.4654397635845076,2.330726508432472,2.388305320036264,2.4875234701013635,0.4187963604927063,0.0078459259604875,0.01931221955650625,0.0078459259604875,0.0,-0.0,False,False,3,0.5,100,0.344,0.05,0.006,1.0,0.999950110912323,0,False
30,3.9715514830313623,3.92,0.10000000000000009,161,2.448335910637636,2.3438703283367595,2.5879200680451677,2.4723664097056335,0.4162445366382599,0.005945093098942793,0.025257312655449043,0.005945093098942793,0.0,-0.0,False,False,3,0.5,100,0.364,0.05,0.006,1.0,0.9999789595603943,0,False
31,4.0713583352044225,4.02,0.09999999999999964,161,2.429522083973736,2.353007477152326,2.7964575565948504,2.455033990300232,0.4133264720439911,0.006798339803677497,0.03205565245912654,0.006798339803677497,0.0,-0.0,False,False,3,0.5,100,0.384,0.05,0.006,1.0,0.9999947547912598,0,False
32,4.171533953864127,4.12,0.10000000000000053,161,2.409273181503007,2.3580129928963354,3.005022640843277,2.4357280109958284,0.4100761413574219,0.005072434320000157,0.0371280867791267,0.007572434320000158,0.0,-0.0025,True,True,4,0.5,100,0.004,0.05,0.008,0.998140275478363,0.28847619891166687,0,False
33,4.271406685002148,4.22,0.09999999999999964,160,2.3894889783693842,2.359154588533249,-3.140046245745464,2.4163298059575133,0.40681028366088867,0.007608608258739422,0.04473669503786612,0.007608608258739422,0.0,-0.0,False,False,4,0.5,100,0.024,0.05,0.008,0.9978587031364441,0.3319225311279297,0,False
34,4.371643993072212,4.32,0.10000000000000053,161,2.367728399748129,2.358494243486563,-3.076075269818512,2.3947141119197557,0.4031710922718048,0.008478379718598604,0.053215074756464725,0.008478379718598604,0.0,-0.0,False,False,4,0.5,100,0.044,0.05,0.008,0.9977235198020935,0.33737263083457947,0,False
35,4.471704912837595,4.42,0.09999999999999964,157,2.346149437436932,2.356330100497578,-3.007158030952618,2.3730546947413527,0.3995245397090912,0.008495529359421317,0.06171060411588604,0.008495529359421317,0.0,-0.0,False,False,4,0.5,100,0.064,0.05,0.008,0.9975867867469788,0.34183600544929504,0,False
36,4.571586414240301,4.52,0.09999999999999964,160,2.3246444440269256,2.3526731775597605,-2.938504519115429,2.351244459280238,0.39585259556770325,0.008554685205497837,0.07026528932138387,0.008554685205497837,0.0,-0.0,False,False,4,0.5,100,0.084,0.05,0.008,0.9974667429924011,0.34425845742225647,0,False
37,4.671831781975925,4.62,0.10000000000000053,163,2.303645548429053,2.3475539948001822,-2.8673762372585108,2.329716034507007,0.3922280967235565,0.008444149868697638,0.07870943919008151,0.008444149868697638,0.0,-0.0,False,False,4,0.5,100,0.104,0.05,0.008,0.9973547458648682,0.3408386707305908,0,False
38,4.771772501990199,4.72,0.09999999999999964,161,2.2830426142459133,2.34092739704124,-2.796801126665443,2.3083577228437355,0.38863223791122437,0.008377425962500965,0.08708686515258247,0.008377425962500965,0.0,-0.0,False,False,4,0.5,100,0.124,0.05,0.008,0.9972164034843445,0.3408028781414032,0,False
39,4.871513854246587,4.82,0.10000000000000053,161,2.2627749001438557,2.3328732181283587,-2.7289861123640917,2.287128102367707,0.38505804538726807,0.008326949084452322,0.0954138142370348,0.008326949084452322,0.0,-0.0,False,False,4,0.5,100,0.144,0.05,0.008,0.9971823692321777,0.3396369218826294,0,False
40,4.97182032186538,4.92,0.09999999999999964,163,2.2430994841885568,2.3234594230361223,-2.6612176869664275,2.2663011950292002,0.3815516531467438,0.008168991866348799,0.10358280610338359,0.008168991866348799,0.0,-0.0,False,False,4,0.5,100,0.164,0.05,0.008,0.9971552491188049,0.33505111932754517,0,False
41,5.071934581268579,5.02,0.09999999999999964,162,2.2240991285094105,2.3127434114336927,-2.5946955652102104,2.245979847567951,0.37813037633895874,0.007970694804853143,0.11155350090823674,0.007970694804853143,0.0,-0.0,False,False,4,0.5,100,0.184,0.05,0.008,0.9969416856765747,0.3132844567298889,0,False
42,5.172910904046148,5.12,0.10099999999999998,162,2.205822507577147,2.3008276575889375,-2.533057013050002,2.2262412392929534,0.374807208776474,0.007742125502876704,0.11929562641111344,0.007742125502876704,0.0,-0.0,False,False,4,0.5,100,0.204,0.05,0.008,0.9971925020217896,0.28926411271095276,0,False
43,5.273623867891729,5.22,0.10099999999999998,163,2.188273239209255,2.287844955235848,-2.4759267798994085,2.2071236058251755,0.3715885877609253,0.007498558944148709,0.12679418535526216,0.007498558944148709,0.0,-0.0,False,False,4,0.5,100,0.224,0.05,0.008,0.9975454807281494,0.27331575751304626,0,False
44,5.37396727502346,5.32,0.10000000000000053,163,2.171463661877289,2.273900645624699,-2.421778942266487,2.188669962238208,0.36848175525665283,0.0072381204715748,0.13403230582683695,0.0072381204715748,0.0,-0.0,False,False,4,0.5,100,0.244,0.05,0.008,0.9976282119750977,0.2559451460838318,0,False
45,5.474982576910406,5.42,0.10099999999999998,160,2.155401117714267,2.2590863168981983,-2.3715292673348953,2.1709167739853825,0.3654928505420685,0.00696337905969151,0.14099568488652847,0.00696337905969151,0.0,-0.0,False,False,4,0.5,100,0.264,0.05,0.008,0.9975944757461548,0.22988471388816833,0,False
46,5.576030578929931,5.54,0.10099999999999998,160,2.1370665460284988,2.2403202804530387,-2.3181969275896748,2.1538643951002263,0.362621933221817,0.006688498784319646,0.14768418367084812,0.006688498784319646,0.0,-0.0,False,False,4,0.5,100,0.288,0.05,0.008,0.9975230097770691,0.2048376351594925,0,False
47,5.675799570977688,5.64,0.09999999999999964,162,2.122519548135135,2.2239855023446693,-2.277951834684641,2.137496008990184,0.3598661720752716,0.006420214524648611,0.15410439819549673,0.006420214524648611,0.0,-0.0,False,False,4,0.5,100,0.304,0.05,0.008,0.9975703954696655,0.19559405744075775,0,False
48,5.776253077201545,5.74,0.10000000000000053,162,2.108625555486898,2.207087630147135,-2.239741595678614,2.1187701136205757,0.35671350359916687,0.007344906494187155,0.16144930468968388,0.007344906494187155,0.0,-0.0,False,False,4,0.5,100,0.328,0.05,0.008,0.9976885318756104,0.18692906200885773,0,False
49,5.8774110279046,5.84,0.10099999999999998,163,2.09537346239348,2.1896776692895914,-2.202775249427297,2.1039408882713024,0.35421687364578247,0.0058165055086451915,0.16726581019832906,0.0058165055086451915,0.0,-0.0,False,False,4,0.5,100,0.348,0.05,0.008,0.9978044033050537,0.17784613370895386,0,False
50,5.977156850043684,5.9399999999999995,0.09999999999999964,163,2.08275958923777,2.1717965200618603,-2.1674878383639657,2.0898328292175297,0.35184165835380554,0.005533640582687801,0.17279945078101686,0.005533640582687801,0.0,-0.0,False,False,4,0.5,100,0.368,0.05,0.008,0.9978259801864624,0.1678292453289032,0,False
51,6.077332417946309,6.04,0.09999999999999964,161,2.07076167013105,2.1534863351776705,-2.134231759668564,2.0764422191072183,0.34958723187446594,0.005252233723359221,0.17805168450437608,0.005252233723359221,0.0,-0.0,False,False,4,0.5,100,0.388,0.05,0.008,0.9979407787322998,0.15941503643989563,0,False
52,6.178178310859948,6.14,0.10000000000000053,162,2.0595614976654937,2.1351378578016633,-2.101499129971925,2.0639903288950507,0.3474908471107483,0.0023840371837539833,0.18043572168813007,0.004884037183753983,0.0,-0.0025,True,True,5,0.5,100,0.008,0.05,0.01,-0.9999996423721313,-1.0,0,False
53,6.2777317450381815,6.24,0.09999999999999964,160,2.052929731766826,2.1229969169217218,-2.0335435952826453,2.056611031064781,0.34624847769737244,0.002894401121350558,0.18333012280948063,0.002894401121350558,0.0,-0.0,False,False,5,0.5,100,0.028,0.05,0.01,-0.9999995827674866,-1.0,0,False
54,6.3782505011186,6.34,0.10000000000000053,162,2.05126392554471,2.1195308518230713,-1.9699394022580583,2.054743681224027,0.34593409299850464,0.0007324354697897682,0.1840625582792704,0.0007324354697897682,0.0,-0.0,False,False,5,0.5,100,0.048,0.05,0.01,-0.9999995827674866,-1.0,0,False
55,6.477374487090856,6.44,0.09999999999999964,159,2.0525471595941043,2.1228190899108323,-1.9369959766323455,2.056218407882793,0.34618237614631653,-0.0005784358611071271,0.18348412241816328,-0.0005784358611071271,0.0,-0.0,False,False,5,0.5,100,0.068,0.05,0.01,-0.9999995827674866,-1.0,0,False
56,6.577899572905153,6.54,0.09999999999999964,161,2.055657301116465,2.1306396777579875,-1.9674451812293856,2.059804236465991,0.3467860817909241,-0.0014064788426894782,0.1820776435754738,-0.0014064788426894782,0.0,-0.0,False,False,5,0.5,100,0.088,0.05,0.01,-0.9999995827674866,-1.0,0,False
57,6.677697745151818,6.64,0.10000000000000053,161,2.0613465017194934,2.142658828172355,-2.060757735041255,2.0662770314491183,0.34787583351135254,-0.0025388411591935538,0.17953880241628023,-0.0025388411591935538,0.0,-0.0,False,False,5,0.5,100,0.108,0.05,0.01,-0.9999996423721313,-1.0,0,False
58,6.778176359832287,6.74,0.09999999999999964,161,2.071105846098712,2.157983855334381,-2.2164749052937074,2.0771226715470568,0.34970179200172424,-0.004254013536690488,0.17528478887958973,-0.004254013536690488,0.0,-0.0,False,False,5,0.5,100,0.128,0.05,0.01,-0.9999996423721313,-1.0,0,False
59,6.878047971054912,6.84,0.10000000000000053,161,2.0857117583716622,2.173743470138399,-2.417958932507519,2.0929357560692288,0.35236406326293945,-0.006202407143026743,0.16908238173656298,-0.006202407143026743,0.0,-0.0,False,False,5,0.5,100,0.148,0.05,0.01,-0.9999997019767761,-1.0,0,False
60,6.9781500599347055,6.9399999999999995,0.09999999999999964,158,2.1029745013239705,2.186247688960986,-2.619833108656795,2.111205833272192,0.3554399907588959,-0.007166119752817534,0.16191626198374545,-0.007166119752817534,0.0,-0.0,False,False,5,0.5,100,0.168,0.05,0.01,-0.9999997615814209,-1.0,0,False
61,7.079086473211646,7.04,0.10099999999999998,160,2.1220541309536194,2.194720864476814,-2.828591814424305,2.1309692238941143,0.3587673306465149,-0.007751845947067665,0.1541644160366778,-0.007751845947067665,0.0,-0.0,False,False,5,0.5,100,0.188,0.05,0.01,-0.9999997019767761,-1.0,0,False
62,7.179054352920502,7.14,0.10000000000000053,158,2.142456445977324,2.1990134688137575,-3.0377813836367733,2.15167983121884,0.36225414276123047,-0.008123375210395549,0.14604104082628225,-0.008123375210395549,0.0,-0.0,False,False,5,0.5,100,0.208,0.05,0.01,-0.9999996423721313,-1.0,0,False
63,7.28011409426108,7.24,0.10099999999999998,160,2.1633119885768495,2.198965392149904,3.036320229377311,2.1724424814721073,0.365749716758728,-0.00814378814319662,0.1378972526830856,-0.00814378814319662,0.0,-0.0,False,False,5,0.5,100,0.228,0.05,0.01,-0.9999995231628418,-1.0,0,False
64,7.380115054082125,7.34,0.09999999999999964,160,2.1837815790599393,2.194565730098614,2.8277887479618458,2.1924319225013327,0.36911511421203613,-0.007840510284438157,0.13005674239864745,-0.007840510284438157,0.0,-0.0,False,False,5,0.5,100,0.248,0.05,0.01,-0.999999463558197,-1.0,0,False
65,7.480129553005099,7.44,0.09999999999999964,159,2.203431744494697,2.1858802008998364,2.6264777997797886,2.2112581863759853,0.3722846806049347,-0.007384274293160663,0.12267246810548679,-0.007384274293160663,0.0,-0.0,False,False,5,0.5,100,0.268,0.05,0.01,-0.9999994039535522,-1.0,0,False
66,7.579962604213506,7.54,0.10000000000000053,159,2.22121538579811,2.1733148887091196,2.4286556167006754,2.227966798705947,0.37509772181510925,-0.006553662337041954,0.11611880576844484,-0.006553662337041954,0.0,-0.0,False,False,5,0.5,100,0.288,0.05,0.01,-0.9999993443489075,-1.0,0,False
67,7.680056333076209,7.64,0.09999999999999964,160,2.2362249400192415,2.157455986019445,2.2315409289432333,2.2417613610711262,0.3774201571941376,-0.005410676963672055,0.11070812880477279,-0.005410676963672055,0.0,-0.0,False,False,5,0.5,100,0.308,0.05,0.01,-0.9999992847442627,-1.0,0,False
68,7.7802979508414865,7.74,0.10000000000000053,160,2.247497727266626,2.1394449876839174,2.0276402383088845,2.25181945358716,0.3791135251522064,-0.003945111706650344,0.10676301709812244,-0.003945111706650344,0.0,-0.0,False,False,5,0.5,100,0.328,0.05,0.01,-0.9999992251396179,-1.0,0,False
69,7.880359230097383,7.84,0.09999999999999964,159,2.254749864764485,2.1197310385523376,1.8207562845283811,2.2579265319363886,0.3801417052745819,-0.0023953951756324485,0.10436762192249,-0.0023953951756324485,0.0,-0.0,False,False,5,0.5,100,0.348,0.05,0.01,-0.9999991059303284,-1.0,0,False
70,7.9802954201586545,7.94,0.10000000000000053,159,2.257829037543855,2.098686063029926,1.6159799599752804,2.2599847058484603,0.38048821687698364,-0.000807282890060192,0.1035603390324298,-0.000807282890060192,0.0,-0.0,False,False,5,0.5,100,0.368,0.05,0.01,-0.9999991059303284,-1.0,0,False
71,8.08069489710033,8.040000000000001,0.09999999999999964,159,2.2566410435001396,2.077291215135441,1.4151317731954947,2.2579642365070662,0.3801480531692505,0.0007924939285411492,0.10435283296097095,0.0007924939285411492,0.0,-0.0,False,False,5,0.5,100,0.388,0.05,0.01,-0.9999991059303284,-1.0,0,False
72,8.180332439020276,8.14,0.09999999999999964,159,2.2513695199111314,2.05747107383631,1.2063188713435895,2.2521028574259168,0.3791612386703491,-0.00020097608534659596,0.10415185687562435,0.002299023914653404,0.0,-0.0025,True,True,6,0.5,100,0.008,0.05,0.012,0.983264684677124,-0.48625755310058594,0,False
73,8.28083015512675,8.24,0.09999999999999964,161,2.2456750129130936,2.045888595672359,0.9971945046302576,2.2461437650911797,0.37815797328948975,0.0023373502374634775,0.10648920711308783,0.0023373502374634775,0.0,-0.0,False,False,6,0.5,100,0.028,0.05,0.012,0.9936070442199707,-0.46248412132263184,0,False
74,8.380763035267591,8.340000000000002,0.09999999999999964,159,2.2439735892850154,2.0435485744645656,0.7875417260210111,2.244396078582718,0.37786373496055603,0.0006854996106961075,0.10717470672378394,0.0006854996106961075,0.0,-0.0,False,False,6,0.5,100,0.048,0.05,0.012,0.9965795278549194,-0.4721582531929016,0,False
75,8.48044068692252,8.440000000000001,0.10000000000000142,158,2.249563197958254,2.047903766717709,0.5779206353888817,2.250073183212808,0.3788195252418518,-0.0022267454689189905,0.10494796125486495,-0.0022267454689189905,0.0,-0.0,False,False,6,0.5,100,0.068,0.05,0.012,0.9976657629013062,-0.498526930809021,0,False
76,8.580737364012748,8.540000000000001,0.09999999999999964,160,2.2637474377936817,2.055107529253375,0.37951211921020794,2.264418090696473,0.38123461604118347,-0.005626540256455975,0.09932142099840897,-0.005626540256455975,0.0,-0.0,False,False,6,0.5,100,0.088,0.05,0.012,0.998586893081665,-0.5199647545814514,0,False
77,8.680904473178089,8.64,0.09999999999999964,160,2.283289904555189,2.0612743841923105,0.2489778535060727,2.2841119137302432,0.3845502436161041,-0.007724559271588789,0.09159686172682019,-0.007724559271588789,0.0,-0.0,False,False,6,0.5,100,0.108,0.05,0.012,0.9993361830711365,-0.5001750588417053,0,False
78,8.780891932081431,8.74,0.09999999999999964,160,2.3049768878596057,2.06572459390027,0.15152518813470073,2.305913652386698,0.38822075724601746,-0.008551352481775193,0.083045509245045,-0.008551352481775193,0.0,-0.0,False,False,6,0.5,100,0.128,0.05,0.012,0.999599277973175,-0.49067139625549316,0,False
79,8.880678844172508,8.840000000000002,0.10000000000000142,159,2.327005846113763,2.0680081956288268,0.05444932620690604,2.3279995029489644,0.39193910360336304,-0.008662790431250254,0.07438271881379474,-0.008662790431250254,0.0,-0.0,False,False,6,0.5,100,0.148,0.05,0.012,0.999717652797699,-0.49459409713745117,0,False
80,8.980927931144834,8.940000000000001,0.09999999999999964,161,2.347958851592058,2.068141943739312,-0.04502022181039287,2.3489474897538734,0.3954658806324005,-0.008216483179396234,0.06616623563439851,-0.008216483179396234,0.0,-0.0,False,False,6,0.5,100,0.168,0.05,0.012,0.3249913454055786,-0.9592878818511963,0,False
81,9.080598223023117,9.040000000000001,0.09999999999999964,159,2.36151666007976,2.0668443027923002,-0.16008390959311272,2.362462542649098,0.39774125814437866,-0.005301044239546717,0.06086519139485179,-0.005301044239546717,0.0,-0.0,False,False,6,0.5,100,0.188,0.05,0.012,0.3282231092453003,-0.9705932140350342,0,False
82,9.180618301965296,9.14,0.09999999999999964,159,2.370134505225874,2.0647262583391823,-0.34018828858041517,2.3710181168744575,0.39918166399002075,-0.0033557750617004205,0.05750941633315137,-0.0033557750617004205,0.0,-0.0,False,False,6,0.5,100,0.208,0.05,0.012,0.32375138998031616,-0.9811120629310608,0,False
83,9.281962661072612,9.24,0.10100000000000087,161,2.3769064711333527,2.061532867714556,-0.5370059407588107,2.377702800923789,0.4003070890903473,-0.0026219509570264777,0.05488746537612489,-0.0026219509570264777,0.0,-0.0,False,False,6,0.5,100,0.228,0.05,0.012,0.3281083405017853,-0.9832469820976257,0,False
84,9.382810124196112,9.340000000000002,0.10099999999999909,161,2.383075819294589,2.0569662945392717,-0.7340022303321826,2.3837565972271295,0.4013262987136841,-0.002374496220621715,0.05251296915550318,-0.002374496220621715,0.0,-0.0,False,False,6,0.5,100,0.248,0.05,0.012,0.3479536771774292,-0.9756980538368225,0,False
85,9.483987464103848,9.440000000000001,0.10100000000000087,155,2.388520336187147,2.050995049909407,-0.9288201456663855,2.3890646219048097,0.4022199511528015,-0.002081980282217824,0.05043098887328536,-0.002081980282217824,0.0,-0.0,False,False,6,0.5,100,0.268,0.05,0.012,0.35082894563674927,-0.9674538969993591,0,False
86,9.584524299018085,9.540000000000001,0.10099999999999909,159,2.3927008924853963,2.044139473241198,-1.121855753264935,2.3931080388222905,0.40290069580078125,-0.0015859599015014467,0.04884502897178391,-0.0015859599015014467,0.0,-0.0,False,False,6,0.5,100,0.288,0.05,0.012,0.3381812274456024,-0.9604929685592651,0,False
87,9.685315642040223,9.64,0.09999999999999964,160,2.395351275331181,2.0370596908717093,-1.3132104377497689,2.3956379624097446,0.4033266305923462,-0.0009923184884097285,0.04785271048337418,-0.0009923184884097285,0.0,-0.0,False,False,6,0.5,100,0.308,0.05,0.012,0.326849102973938,-0.9156771302223206,0,False
88,9.785477781202644,9.74,0.10000000000000142,160,2.396673452832741,2.0291819003376017,-1.4945341042647409,2.3968510582916944,0.40353086590766907,-0.00047581574314816625,0.047376894740226015,-0.00047581574314816625,0.0,-0.0,False,False,6,0.5,100,0.328,0.05,0.012,0.9934519529342651,0.9116203188896179,0,False
89,9.885481430217624,9.840000000000002,0.09999999999999964,161,2.396836530595064,2.020640145509651,-1.5883925838963606,2.3969254053324676,0.4035433828830719,-2.9161332572885563e-05,0.04734773340765313,-2.9161332572885563e-05,0.0,-0.0,False,False,6,0.5,100,0.348,0.05,0.012,0.9906115531921387,0.8881022930145264,0,False
90,9.985837647225708,9.940000000000001,0.09999999999999964,160,2.39670563543306,2.011151238122372,-1.5683882916035763,2.396731571976166,0.4035107493400574,7.602775992225924e-05,0.047423761167575386,7.602775992225924e-05,0.0,-0.0,False,False,6,0.5,100,0.368,0.05,0.012,0.9915207028388977,0.8940294981002808,0,False
91,10.085879446007311,10.040000000000001,0.09999999999999964,159,2.397298222281033,1.9967309342437174,-1.4802802322146453,2.397300503854845,0.4036065340042114,-0.0002231536259270968,0.04720060754164829,-0.0002231536259270968,0.0,-0.0,False,False,6,0.5,100,0.388,0.05,0.012,0.9942271113395691,0.9195700883865356,0,False
92,10.18579174624756,10.14,0.09999999999999964,159,2.4004682215190307,1.977768802123089,-1.3260274844244533,2.4005712425985752,0.40415719151496887,-0.0037828903379756714,0.043417717203672615,-0.0012828903379756712,0.0,-0.0025,True,True,7,0.5,100,0.008,0.05,0.014,0.9999991059303284,-0.13668721914291382,0,False
93,10.28563491627574,10.24,0.10000000000000142,160,2.406333367478806,1.9583271281128256,-1.2550599792356218,2.406694252456541,0.40518805384635925,-0.002401644032612365,0.04101607317106025,-0.002401644032612365,0.0,-0.0,False,False,7,0.5,100,0.028,0.05,0.014,0.9999991059303284,-0.15213248133659363,0,False
94,10.385546626057476,10.340000000000002,0.09999999999999964,160,2.412765358425659,1.937865494721591,-1.2832017447530353,2.413565335158096,0.40634486079216003,-0.0026950625836912917,0.038321010587368955,-0.0026950625836912917,0.0,-0.0,False,False,7,0.5,100,0.048,0.05,0.014,0.9999991655349731,-0.14892426133155823,0,False
95,10.485553556121886,10.440000000000001,0.09999999999999964,160,2.4187200518439873,1.9166543007461085,-1.311429576709413,2.4201556692723507,0.40745440125465393,-0.002584943837356466,0.035736066750012487,-0.002584943837356466,0.0,-0.0,False,False,7,0.5,100,0.068,0.05,0.014,0.9999991655349731,-0.14561717212200165,0,False
96,10.586591537110507,10.540000000000001,0.10099999999999909,161,2.4240483485278568,1.8952750350739918,-1.3401837176173683,2.426309480047208,0.40849044919013977,-0.002413725156106824,0.033322341593905666,-0.002413725156106824,0.0,-0.0,False,False,7,0.5,100,0.088,0.05,0.014,0.9999991655349731,-0.14122578501701355,0,False
97,10.686976072844118,10.64,0.10000000000000142,160,2.4287668905323097,1.8737504991992198,-1.3684449048272125,2.432045885293153,0.4094562232494354,-0.002250005103233221,0.031072336490672446,-0.002250005103233221,0.0,-0.0,False,False,7,0.5,100,0.108,0.05,0.014,0.9999991655349731,-0.13701383769512177,0,False
98,10.786920913029462,10.74,0.09999999999999964,159,2.4328903709948904,1.8521020771466334,-1.3958064482232704,2.437381701602741,0.4103545546531677,-0.002092881066060447,0.028979455424612,-0.002092881066060447,0.0,-0.0,False,False,7,0.5,100,0.128,0.05,0.014,0.9999991655349731,-0.13313539326190948,0,False
99,10.887865064200014,10.840000000000002,0.10099999999999909,159,2.4364317518852574,1.830348783275442,-1.422302116864691,2.4423310903170723,0.4111878275871277,-0.0019413115684255898,0.02703814385618641,-0.0019413115684255898,0.0,-0.0,False,False,7,0.5,100,0.148,0.05,0.014,0.9999992251396179,-0.12932860851287842,0,False
100,10.989054733887315,10.940000000000001,0.10100000000000087,157,2.4394049256342822,1.808508513722401,-1.4480218809493144,2.446909274877829,0.41195860505104065,-0.0017957132007938492,0.025242430655392563,-0.0017957132007938492,0.0,-0.0,False,False,7,0.5,100,0.168,0.05,0.014,0.9999992251396179,-0.12563253939151764,0,False
101,11.088814175222069,11.040000000000001,0.09999999999999964,159,2.441824538483414,1.7865979328623998,-1.4730187641969716,2.45113183276022,0.41266950964927673,-0.0016562248266531025,0.02358620582873946,-0.0016562248266531025,0.0,-0.0,False,False,7,0.5,100,0.188,0.05,0.014,0.9999992251396179,-0.12209378927946091,0,False
102,11.188914684113115,11.14,0.09999999999999964,160,2.443704986062472,1.7646324385561676,-1.497317577517859,2.455013633372401,0.4133230447769165,-0.0015225687190274205,0.022063637109712042,-0.0015225687190274205,0.0,-0.0,False,False,7,0.5,100,0.208,0.05,0.014,0.9999992251396179,-0.119139164686203,0,False
103,11.289534368086606,11.24,0.10100000000000087,161,2.4450593773645006,1.7426260000791858,-1.5210549418447914,2.4585679529716518,0.41392144560813904,-0.0013941199922180452,0.020669517117493996,-0.0013941199922180452,0.0,-0.0,False,False,7,0.5,100,0.228,0.05,0.014,0.9999992847442627,-0.11665818095207214,0,False
104,11.390016633085907,11.340000000000002,0.09999999999999964,162,2.445897594924621,1.7205916003442792,-1.5442966887395027,2.4618050585302704,0.4144664406776428,-0.001269698306573664,0.01939981881092033,-0.001269698306573664,0.0,-0.0,False,False,7,0.5,100,0.248,0.05,0.014,0.9999992847442627,-0.1141788437962532,0,False
105,11.49014941090718,11.440000000000001,0.09999999999999964,160,2.446229960321806,1.698541570928085,-1.567055569111762,2.4647348629870267,0.41495969891548157,-0.001149164798605702,0.018250654012314627,-0.001149164798605702,0.0,-0.0,False,False,7,0.5,100,0.268,0.05,0.014,0.9999992847442627,-0.1123407632112503,0,False
106,11.590665397234261,11.540000000000001,0.09999999999999964,160,2.446065626537522,1.6764873213722633,-1.5894711241655846,2.467366571213635,0.41540277004241943,-0.0010322417413370115,0.017218412270977614,-0.0010322417413370115,0.0,-0.0,False,False,7,0.5,100,0.288,0.05,0.014,0.9999992847442627,-0.11071719974279404,0,False
107,11.690367218106985,11.64,0.10000000000000142,160,2.445411954926915,1.6544398624530336,-1.611560500280866,2.4697067328303537,0.41579675674438477,-0.000917887658604679,0.016300524612372934,-0.000917887658604679,0.0,-0.0,False,False,7,0.5,100,0.308,0.05,0.014,0.9999992847442627,-0.10912689566612244,0,False
108,11.790829133242369,11.74,0.09999999999999964,161,2.4442761177730663,1.6324090178042263,-1.6333367587959047,2.4717622514909694,0.4161428213119507,-0.0008062414138969306,0.015494283198476004,-0.0008062414138969306,0.0,-0.0,False,False,7,0.5,100,0.328,0.05,0.014,0.9999992847442627,-0.10743942856788635,0,False
109,11.890686584170908,11.840000000000002,0.09999999999999964,160,2.442665641651626,1.610405066908615,-1.6547618042808838,2.473539853832504,0.4164420962333679,-0.0006972335754694792,0.014797049623006524,-0.0006972335754694792,0.0,-0.0,False,False,7,0.5,100,0.348,0.05,0.014,0.9999992251396179,-0.10547482967376709,0,False
110,11.990493034012616,11.940000000000001,0.09999999999999964,160,2.4405895573974186,1.588437298724179,-1.675800404797872,2.4750476826260903,0.4166959524154663,-0.0005914195972764472,0.014205630025730078,-0.0005914195972764472,0.0,-0.0,False,False,7,0.5,100,0.368,0.05,0.014,0.9999992251396179,-0.10359036177396774,0,False
111,12.091052689123899,12.040000000000001,0.09999999999999964,161,2.438057788047195,1.566520325260509,-1.6964349516216415,2.4762937036260966,0.4169057309627533,-0.0004887300475731993,0.01371689997815688,-0.0004887300475731993,0.0,-0.0,False,False,7,0.5,100,0.388,0.05,0.014,0.9999992251396179,-0.10176531970500946,0,False
112,12.19126129616052,12.14,0.10000000000000142,161,2.435076594745494,1.5446633673524994,-1.7187246952684607,2.4772826962851444,0.41707223653793335,-0.0028879151549641353,0.010828984823192745,-0.0003879151549641354,0.0,-0.0025,True,True,8,0.5,100,0.008,0.05,0.016,0.999999463558197,-0.2985883355140686,0,False
113,12.291631523054093,12.24,0.09999999999999964,161,2.431090026060174,1.5229085180295716,-1.7840169015582095,2.4774614832165276,0.4171023368835449,-7.012606166342987e-05,0.010758858761529315,-7.012606166342987e-05,0.0,-0.0,False,False,8,0.5,100,0.028,0.05,0.016,0.999999463558197,-0.3063170313835144,0,False
114,12.391521733254194,12.340000000000002,0.09999999999999964,160,2.425790603325734,1.5014486029850571,-1.8458986628548593,2.476492139418256,0.4169391393661499,0.0003802082313554091,0.011139066992884724,0.0003802082313554091,0.0,-0.0,False,False,8,0.5,100,0.048,0.05,0.016,0.9999995827674866,-0.3086329400539398,0,False
115,12.491564791183919,12.440000000000001,0.09999999999999964,161,2.419173357980883,1.4803685205292656,-1.9068908586717546,2.474351829727806,0.4165787994861603,0.0008394992193789229,0.011978566212263647,0.0008394992193789229,0.0,-0.0,False,False,8,0.5,100,0.068,0.05,0.016,0.9999996423721313,-0.3099864721298218,0,False
116,12.591407731175423,12.540000000000001,0.09999999999999964,160,2.4112565077954,1.4597428013655869,-1.9685639031345055,2.4710394920445955,0.4160211384296417,0.0012992067978676366,0.013277773010131284,0.0012992067978676366,0.0,-0.0,False,False,8,0.5,100,0.088,0.05,0.016,0.9999997019767761,-0.31084680557250977,0,False
117,12.691509849857539,12.64,0.10000000000000142,160,2.4020700283604226,1.4396450836820276,-2.0308031128618578,2.4665639772068113,0.4152676463127136,0.001755442789145479,0.015033215799276764,0.001755442789145479,0.0,-0.0,False,False,8,0.5,100,0.108,0.05,0.016,0.9999997019767761,-0.31181392073631287,0,False
118,12.791432969272137,12.74,0.09999999999999964,161,2.3916464770081807,1.420155722169533,-2.093281670276749,2.460933250968823,0.4143196642398834,0.002208554351933015,0.017241770151209777,0.002208554351933015,0.0,-0.0,False,False,8,0.5,100,0.128,0.05,0.016,0.9999997019767761,-0.3124947249889374,0,False
119,12.891696866136044,12.840000000000002,0.09999999999999964,161,2.380022493120588,1.4013524566199225,-2.155867017574664,2.4541568722358713,0.41317880153656006,0.002657916600533054,0.01989968675174283,0.002657916600533054,0.0,-0.0,False,False,8,0.5,100,0.148,0.05,0.016,0.9999997019767761,-0.31413331627845764,0,False
120,12.991765873972327,12.940000000000001,0.09999999999999964,160,2.3672376745149197,1.3833124372709866,-2.2187685344663857,2.446245639030546,0.4118468761444092,0.0031030435127352377,0.02300273026447807,0.0031030435127352377,0.0,-0.0,False,False,8,0.5,100,0.168,0.05,0.016,0.9999997019767761,-0.31586021184921265,0,False
121,13.09293167386204,13.040000000000001,0.10100000000000087,163,2.3533364645181676,1.3661115415579448,-2.282029843055937,2.4372130046268916,0.41032615303993225,0.003542893612376654,0.026545623876854725,0.003542893612376654,0.0,-0.0,False,False,8,0.5,100,0.188,0.05,0.016,0.9999996423721313,-0.3180271089076996,0,False
122,13.19283942412585,13.14,0.09999999999999964,161,2.338368909646517,1.3498236045990133,-2.345737878100151,2.427076139650991,0.4086195230484009,0.00397600883282884,0.030521632709683565,0.00397600883282884,0.0,-0.0,False,False,8,0.5,100,0.208,0.05,0.016,0.9999995827674866,-0.3205317258834839,0,False
123,13.29389006504789,13.24,0.10099999999999909,162,2.3223886527069637,1.3345213252777668,-2.4099548176294023,2.415854161913329,0.40673020482063293,0.004401625424904813,0.03492325813458838,0.004401625424904813,0.0,-0.0,False,False,8,0.5,100,0.228,0.05,0.016,0.9999995231628418,-0.3231014311313629,0,False
124,13.39408326195553,13.340000000000002,0.10000000000000142,161,2.305453176598594,1.3202761953132889,-2.4746931217709105,2.403567959392027,0.40466171503067017,0.004819049071163095,0.039742307205751476,0.004819049071163095,0.0,-0.0,False,False,8,0.5,100,0.248,0.05,0.016,0.9999993443489075,-0.32630592584609985,0,False
125,13.493895802181214,13.440000000000001,0.09999999999999964,160,2.287712781298163,1.3072239303787316,-2.5410118177786973,2.3903071025695413,0.40242913365364075,0.0052013402548450275,0.0449436474605965,0.0052013402548450275,0.0,-0.0,False,False,8,0.5,100,0.268,0.05,0.016,0.9999990463256836,-0.32935020327568054,0,False
126,13.594886642880738,13.540000000000001,0.10099999999999909,162,2.269335038914727,1.2955756605255941,-2.61217780042718,2.376151248989557,0.40004587173461914,0.0055523871536275506,0.050496034614224056,0.0055523871536275506,0.0,-0.0,False,False,8,0.5,100,0.288,0.05,0.016,0.9999984502792358,-0.33288830518722534,0,False
127,13.695269089192152,13.64,0.10000000000000142,162,2.250167772878177,1.285246034791906,-2.6837285878441715,2.360959139274605,0.39748814702033997,0.005958840584298748,0.056454875198522804,0.005958840584298748,0.0,-0.0,False,False,8,0.5,100,0.308,0.05,0.016,0.9999975562095642,-0.3352585434913635,0,False
128,13.794864200986922,13.74,0.09999999999999964,160,2.230206936784575,1.2762711724137659,-2.7547516127203586,2.3446974942731016,0.39475035667419434,0.0063783471828832055,0.06283322238140601,0.0063783471828832055,0.0,-0.0,False,False,8,0.5,100,0.328,0.05,0.016,0.9999960064888,-0.3356533348560333,0,False
129,13.895440006162971,13.840000000000002,0.09999999999999964,162,2.20944340289922,1.2685797251428022,-2.8217086043559996,2.3273624196162435,0.3918318450450897,0.006799381279840933,0.06963260366124695,0.006799381279840933,0.0,-0.0,False,False,8,0.5,100,0.348,0.05,0.016,0.9999935626983643,-0.35214963555336,0,False
130,13.995457374025136,13.940000000000001,0.09999999999999964,161,2.188202746051377,1.2623462108471997,-2.8921246694929597,2.309191294784214,0.388772577047348,0.0071273074077978,0.07675991106904474,0.0071273074077978,0.0,-0.0,False,False,8,0.5,100,0.368,0.05,0.016,0.9999892711639404,-0.35557904839515686,0,False
131,14.096439444925636,14.040000000000001,0.10100000000000087,162,2.166583304730663,1.257633973085884,-2.9634874519234664,2.2902381098899562,0.3855816423892975,0.007434056853767134,0.08419396792281188,0.007434056853767134,0.0,-0.0,False,False,8,0.5,100,0.388,0.05,0.016,0.9999818205833435,-0.3612670600414276,0,False
132,14.196441303938627,14.14,0.09999999999999964,160,2.145201777649091,1.2545485155205336,-3.0354019581498424,2.271032499090597,0.3823482096195221,0.00503306652102665,0.08922703444383853,0.0075330665210266495,0.0,-0.0025,True,True,9,0.5,100,0.008,0.05,0.018,0.18414942920207977,-0.793523907661438,0,False
133,14.29643526300788,14.24,0.09999999999999964,160,2.13116567069136,1.25341227941425,-3.0925504340088126,2.2581541754945653,0.3801800310611725,0.005051298255583093,0.09427833269942162,0.005051298255583093,0.0,-0.0,False,False,9,0.5,100,0.028,0.05,0.018,0.21376067399978638,-0.62034672498703,0,False
134,14.396323672961444,14.340000000000002,0.09999999999999964,160,2.1239728945989693,1.2533048157959952,3.0995408883159294,2.2514027561253025,0.3790433704853058,0.002648126724597631,0.09692645942401926,0.002648126724597631,0.0,-0.0,False,False,9,0.5,100,0.048,0.05,0.018,0.2156236618757248,-0.4849260449409485,0,False
135,14.496764497831464,14.440000000000001,0.09999999999999964,161,2.1196175050650976,1.2537608032733147,3.0070596413789006,2.247142847705761,0.3783261775970459,0.0016708749246839194,0.09859733434870317,0.0016708749246839194,0.0,-0.0,False,False,9,0.5,100,0.068,0.05,0.018,0.1280072182416916,0.07316257804632187,0,False
136,14.596586437895894,14.540000000000001,0.10000000000000142,160,2.116168304645391,1.2542246201246392,3.0200760707046066,2.2437356290371824,0.37775254249572754,0.0013364222127703355,0.0999337565614735,0.0013364222127703355,0.0,-0.0,False,False,9,0.5,100,0.088,0.05,0.018,0.12978367507457733,0.05496270954608917,0,False
137,14.696681526023895,14.64,0.09999999999999964,160,2.1133454336413795,1.2545658234854726,3.029371884537729,2.2409598291648853,0.3772852122783661,0.0010887591811330598,0.10102251574260657,0.0010887591811330598,0.0,-0.0,False,False,9,0.5,100,0.108,0.05,0.018,0.13111932575702667,0.04205348342657089,0,False
138,14.7966628652066,14.74,0.09999999999999964,160,2.1104932799381046,1.2548828481878442,3.0368082983060884,2.23816473446534,0.3768146336078644,0.0010963272412532119,0.10211884298385977,0.0010963272412532119,0.0,-0.0,False,False,9,0.5,100,0.128,0.05,0.018,0.1321936398744583,0.031910669058561325,0,False
139,14.896833402104676,14.840000000000002,0.09999999999999964,160,2.1076196481628577,1.2551812215171516,3.0428927550099334,2.235355832458222,0.37634173035621643,0.0011017429173025542,0.10322058590116233,0.0011017429173025542,0.0,-0.0,False,False,9,0.5,100,0.148,0.05,0.018,0.13307631015777588,0.023784054443240166,0,False
140,14.996523713227361,14.940000000000001,0.09999999999999964,160,2.104719293753574,1.2554663171227445,3.0475082568844245,2.2325262194897464,0.3758653402328491,0.0011098664313763061,0.10433045233253864,0.0011098664313763061,0.0,-0.0,False,False,9,0.5,100,0.168,0.05,0.018,0.1341506540775299,0.017078407108783722,0,False
141,15.096917239017785,15.040000000000001,0.10000000000000142,161,2.1017871094578906,1.2557417831864737,3.050706231394227,2.2296702310234724,0.37538450956344604,0.0011202117612653295,0.10545066409380396,0.0011202117612653295,0.0,-0.0,False,False,9,0.5,100,0.188,0.05,0.018,0.13496829569339752,0.012606608681380749,0,False
142,15.196647929959,15.14,0.09999999999999964,160,2.098830129592024,1.2560100281313582,3.0530533696541022,2.2267933545790766,0.3749001622200012,0.0011284047070833686,0.10657906880088733,0.0011284047070833686,0.0,-0.0,False,False,9,0.5,100,0.208,0.05,0.018,0.13553066551685333,0.009672518819570541,0,False
143,15.296711627859622,15.24,0.09999999999999964,159,2.0958544376097494,1.2562726955596315,3.0548774854534337,2.2239010776762345,0.37441322207450867,0.001134445268830772,0.1077135140697181,0.001134445268830772,0.0,-0.0,False,False,9,0.5,100,0.228,0.05,0.018,0.13593623042106628,0.007682440336793661,0,False
144,15.39664628682658,15.340000000000002,0.09999999999999964,161,2.0928654244872393,1.2565311369816214,3.0563873591005946,2.2209978257340404,0.3739244341850281,0.0011387500369723917,0.1088522641066905,0.0011387500369723917,0.0,-0.0,False,False,9,0.5,100,0.248,0.05,0.018,0.13624802231788635,0.006259150803089142,0,False
145,15.496972633060068,15.440000000000001,0.09999999999999964,162,2.0898740081599807,1.2567854577572999,3.0576120239061324,2.218094042741555,0.3734355568885803,0.0011389583322050788,0.10999122243889557,0.0011389583322050788,0.0,-0.0,False,False,9,0.5,100,0.268,0.05,0.018,0.1364748775959015,0.005346962716430426,0,False
146,15.597128910943866,15.540000000000001,0.10000000000000142,154,2.0868872954556936,1.2570362819481615,3.0586450473901543,2.2151961013022734,0.37294766306877136,0.0011366670846456948,0.11112788952354127,0.0011366670846456948,0.0,-0.0,False,False,9,0.5,100,0.288,0.05,0.018,0.13664500415325165,0.004773789085447788,0,False
147,15.697385416831821,15.64,0.09999999999999964,162,2.0839007912578453,1.2572837348018389,3.0595262525959295,2.2122997530138653,0.3724600374698639,0.0011360421989478077,0.11226393172248908,0.0011360421989478077,0.0,-0.0,False,False,9,0.5,100,0.308,0.05,0.018,0.13677068054676056,0.004469245672225952,0,False
148,15.798218838870525,15.74,0.10099999999999909,162,2.0809077033388323,1.2575285746130735,3.0603933763654734,2.2093982712393085,0.3719715476036072,0.0011380557195302175,0.11340198744201929,0.0011380557195302175,0.0,-0.0,False,False,9,0.5,100,0.328,0.05,0.018,0.13689227402210236,0.004188840743154287,0,False
149,15.898229358252138,15.840000000000002,0.10000000000000142,161,2.0779067887983347,1.2577708334404603,3.06120899313915,2.2064905938780206,0.3714820146560669,0.0011404858305780017,0.1145424732725973,0.0011404858305780017,0.0,-0.0,False,False,9,0.5,100,0.348,0.05,0.018,0.13699868321418762,0.004000195302069187,0,False
150,15.998150307219476,15.94,0.09999999999999964,161,2.0748985936661004,1.2580113904690584,3.0620162145002507,2.203576897946766,0.37099146842956543,0.0011428465098813243,0.11568531978247862,0.0011428465098813243,0.0,-0.0,False,False,9,0.5,100,0.368,0.05,0.018,0.1371030956506729,0.003825020045042038,0,False
151,16.1985962302424,16.14,0.1999999999999993,321,2.0688866503518657,1.2584857215238414,3.062918125206373,2.1977569407883326,0.3700116276741028,-0.0002172231134942742,0.11546809666898435,0.002282776886505726,0.0,-0.0025,True,True,10,0.5,100,0.008,0.05,0.02,0.5613535046577454,-0.996736466884613,0,False
152,16.29853508900851,16.24,0.10000000000000142,161,2.0651679460284114,1.2588938779326617,2.984956859915189,2.194118715243066,0.3693991005420685,0.0014270306389789504,0.1168951273079633,0.0014270306389789504,0.0,-0.0,False,False,10,0.5,100,0.028,0.05,0.02,0.5533812046051025,-0.9942135810852051,0,False
153,16.49863450601697,16.439999999999998,0.1999999999999993,322,2.0458720843903127,1.2654769425557484,2.6452045302295595,2.1737332877133415,0.3659670352935791,0.007995829096261035,0.12489095640422433,0.007995829096261035,0.0,-0.0,False,False,10,0.5,100,0.068,0.05,0.02,0.5476229190826416,-0.9619736671447754,0,False
154,16.698676022235304,16.64,0.1999999999999993,321,2.0275452341447497,1.2803317578153317,2.2658356762966565,2.1514790942087525,0.3622203469276428,0.008728820020004751,0.1336197764242291,0.008728820020004751,0.0,-0.0,False,False,10,0.5,100,0.108,0.05,0.02,0.45267319679260254,-0.932544469833374,0,False
155,16.798646251205355,16.74,0.10000000000000142,161,2.0219168659735067,1.2884487588041014,2.0803297307417226,2.143467492498383,0.3608715236186981,0.0031424113117087464,0.13676218773593785,0.0031424113117087464,0.0,-0.0,False,False,10,0.5,100,0.128,0.05,0.02,0.351147323846817,-0.907697319984436,0,False
156,16.998577747959644,16.939999999999998,0.1999999999999993,321,2.01737536588111,1.3008752801974333,1.719681184595995,2.135082916466802,0.35945990681648254,0.0032887039967826616,0.1400508917327205,0.0032887039967826616,0.0,-0.0,False,False,10,0.5,100,0.168,0.05,0.02,0.1811271458864212,-0.8929420113563538,0,False
157,17.09974776720628,17.04,0.10099999999999909,163,2.0170792502921207,1.3050248785788654,1.5426541143623977,2.1334476356033187,0.359184592962265,0.0006414104531157791,0.14069230218583628,0.0006414104531157791,0.0,-0.0,False,False,10,0.5,100,0.188,0.05,0.02,0.1545594036579132,-0.8858731985092163,0,False
158,17.199955514166504,17.14,0.10000000000000142,162,2.017481086080352,1.3087399049334547,1.3645601424760436,2.1326206132830983,0.3590453565120697,0.00032438510900170914,0.141016687294838,0.00032438510900170914,0.0,-0.0,False,False,10,0.5,100,0.208,0.05,0.02,0.1484268456697464,-0.9350974559783936,0,False
159,17.300982165150344,17.24,0.10099999999999909,162,2.0184945251289066,1.312138308524564,1.1763028260176644,2.1324805930229758,0.35902178287506104,5.4920509678838674e-05,0.14107160780451683,5.4920509678838674e-05,0.0,-0.0,False,False,10,0.5,100,0.228,0.05,0.02,0.14542612433433533,-0.9699478149414062,0,False
160,17.40068447496742,17.34,0.10000000000000142,160,2.0202040148586535,1.3153681171335811,0.9820114158471875,2.1330599688907155,0.35911932587623596,-0.0002272500988360293,0.1408443577056808,-0.0002272500988360293,0.0,-0.0,False,False,10,0.5,100,0.248,0.05,0.02,0.1784178763628006,-0.9841809272766113,0,False
161,17.601211678236723,17.54,0.1999999999999993,323,2.0274138796558066,1.322438283617203,0.5865802642502024,2.137638153451472,0.3598901033401489,-0.001795713200793675,0.13904864450488713,-0.001795713200793675,0.0,-0.0,False,False,10,0.5,100,0.288,0.05,0.02,0.24051275849342346,-0.9982385635375977,0,False
162,17.802053668070585,17.74,0.2010000000000005,323,2.037394335148161,1.326583908416119,0.18775442503027606,2.145801635545135,0.36126449704170227,-0.003201983748250466,0.13584666075663668,-0.003201983748250466,0.0,-0.0,False,False,10,0.5,100,0.328,0.05,0.02,0.20962738990783691,-0.9998868107795715,0,False
163,18.00210609426722,17.939999999999998,0.1999999999999993,321,2.0470523099792137,1.326517062947544,-0.211325911518102,2.154994824153507,0.36281225085258484,-0.00360586820438548,0.13224079255225119,-0.00360586820438548,0.0,-0.0,False,False,10,0.5,100,0.368,0.05,0.02,0.19761304557323456,-0.999995768070221,0,False
164,18.20270758587867,18.14,0.1999999999999993,321,2.070182787001604,1.3149086581909877,-0.6059322223720115,2.180597820794638,0.36712273955345154,-0.012542329757181944,0.11969846279506924,-0.010042329757181943,0.0,-0.0025,True,True,11,0.5,100,0.008,0.05,0.022,0.9701088666915894,-0.11728967726230621,0,False
165,18.302880843169987,18.24,0.10000000000000142,160,2.0860864783373456,1.3024078638421919,-0.7032730146416071,2.1996343805846204,0.3703277111053467,-0.007466759205295352,0.11223170358977388,-0.007466759205295352,0.0,-0.0,False,False,11,0.5,100,0.028,0.05,0.022,0.9703600406646729,-0.09934879094362259,0,False
166,18.5028460691683,18.439999999999998,0.1999999999999993,321,2.118060736295292,1.2742198945597247,-0.7412510897192459,2.238959185701031,0.37694838643074036,-0.015424470273979,0.09680723331579488,-0.015424470273979,0.0,-0.0,False,False,11,0.5,100,0.068,0.05,0.022,0.9701201915740967,-0.09525354951620102,0,False
167,18.702819276135415,18.64,0.1999999999999993,319,2.149033688860565,1.2447582912316593,-0.7794532179756405,2.2778796845290463,0.38350099325180054,-0.015265888170177766,0.08154134514561712,-0.015265888170177766,0.0,-0.0,False,False,11,0.5,100,0.108,0.05,0.022,0.969800591468811,-0.09180896729230881,0,False
168,18.80393698485568,18.759999999999998,0.10099999999999909,163,2.1670758019856344,1.2265414194577315,-0.8013630748368487,2.297133974938436,0.38674262166023254,-0.007552160250687486,0.07398918489492963,-0.007552160250687486,0.0,-0.0,False,False,11,0.5,100,0.132,0.05,0.022,0.9695447683334351,-0.09240031987428665,0,False
169,18.90510314423591,18.86,0.10100000000000264,163,2.181797661821306,1.211061085531624,-0.8198683364623238,2.3200572918099835,0.3906019628047943,-0.008991272013160896,0.06499791288176873,-0.008991272013160896,0.0,-0.0,False,False,11,0.5,100,0.152,0.05,0.022,0.9692066311836243,-0.09370743483304977,0,False
170,19.005674968007952,18.959999999999997,0.10099999999999909,162,2.1962253091403676,1.1953108943922708,-0.8386120379836872,2.3390019798995816,0.39379146695137024,-0.007430724130044489,0.057567188751724244,-0.007430724130044489,0.0,-0.0,False,False,11,0.5,100,0.172,0.05,0.022,0.9689203500747681,-0.09476444125175476,0,False
171,19.206337778829038,19.16,0.1999999999999993,322,2.2241589057299054,1.163020431411447,-0.8767380211918395,2.3764295193421656,0.4000927209854126,-0.014680300839416035,0.04288688791230821,-0.014680300839416035,0.0,-0.0,False,False,11,0.5,100,0.212,0.05,0.022,0.9682081937789917,-0.09609437733888626,0,False
172,19.306899993214756,19.259999999999998,0.10099999999999909,161,2.237646003220289,1.1464929015194159,-0.8959094144422455,2.394897501286996,0.40320196747779846,-0.007243744442856655,0.03564314346945155,-0.007243744442856655,0.0,-0.0,False,False,11,0.5,100,0.232,0.05,0.022,0.9676235318183899,-0.09584896266460419,0,False
173,19.40732974698767,19.36,0.10000000000000142,161,2.250806063872317,1.129720448699192,-0.9150357369861458,2.4131959011721587,0.4062826633453369,-0.007177228831892845,0.028465914637558702,-0.007177228831892845,0.0,-0.0,False,False,11,0.5,100,0.252,0.05,0.022,0.9670369625091553,-0.0956142246723175,0,False
174,19.607398802880198,19.56,0.1999999999999993,321,2.276133815916,1.095464713647362,-0.9531482228976306,2.449279352327621,0.4123576283454895,-0.014153105605544189,0.014312809032014514,-0.014153105605544189,0.0,-0.0,False,False,11,0.5,100,0.292,0.05,0.022,0.9658120274543762,-0.09527022391557693,0,False
175,19.707262902054936,19.66,0.10000000000000142,160,2.2882926547823614,1.077997772721991,-0.9721939258403606,2.467057145910607,0.41535067558288574,-0.006973030072138185,0.0073397789598763285,-0.006973030072138185,0.0,-0.0,False,False,11,0.5,100,0.312,0.05,0.022,0.965087354183197,-0.09545782208442688,0,False
176,19.907378206960857,19.86,0.1999999999999993,322,2.3115757567400554,1.042430202951871,-1.010295942998222,2.50206362707544,0.4212443232536316,-0.013730682873702112,-0.006390903913825783,-0.013730682873702112,0.0,-0.0,False,False,11,0.5,100,0.352,0.05,0.022,0.9636408090591431,-0.09476529806852341,0,False
177,20.107491151895374,20.06,0.1999999999999993,322,2.3334618009106634,1.0060622747849501,-1.0480656245215911,2.536327345899596,0.42701292037963867,-0.013439347274949881,-0.019830251188775665,-0.013439347274949881,0.0,-0.0,False,False,11,0.5,100,0.392,0.05,0.022,0.9621368646621704,-0.09395721554756165,0,False
178,20.207397270947695,20.16,0.10000000000000142,161,2.343452575658769,0.9883561459627641,-1.068107290421167,2.552487737312237,0.42973366379737854,-0.008838632225188783,-0.02866888341396445,-0.006338632225188784,0.0,-0.0025,True,True,12,0.5,100,0.012,0.05,0.024,0.3423767387866974,-0.8417648673057556,0,False
179,20.407492076978087,20.36,0.1999999999999993,318,2.3545455760093126,0.9646400201397,-1.268301223856456,2.5721304025012848,0.43304067850112915,-0.007704493497508805,-0.03637337691147326,-0.007704493497508805,0.0,-0.0,False,False,12,0.5,100,0.052,0.05,0.024,0.3198091983795166,-0.8587741255760193,0,False
180,20.607988398056477,20.56,0.1999999999999993,322,2.356411087527749,0.9512049286850383,-1.6262250624684405,2.5792719668178434,0.43424302339553833,-0.002801154288861298,-0.03917453120033455,-0.002801154288861298,0.0,-0.0,False,False,12,0.5,100,0.092,0.05,0.024,0.24249742925167084,-0.9620519876480103,0,False
181,20.70762123912573,20.66,0.10000000000000142,160,2.35562899121825,0.9457972448796435,-1.8193759141102042,2.580761739901528,0.4344938397407532,-0.0005843375593659564,-0.03975886875970051,-0.0005843375593659564,0.0,-0.0,False,False,12,0.5,100,0.112,0.05,0.024,0.1908864825963974,-0.9854941368103027,0,False
182,20.907660204917192,20.86,0.1999999999999993,323,2.352808799655039,0.9393244424036911,-2.214936413981604,2.5808413974452136,0.43450725078582764,-3.1244284899582456e-05,-0.03979011304460009,-3.1244284899582456e-05,0.0,-0.0,False,False,12,0.5,100,0.152,0.05,0.024,0.06998793035745621,-0.9973105788230896,0,False
183,21.107858568895608,21.06,0.1999999999999993,322,2.35123365888465,0.9376056889246509,-2.613298747383344,2.580112619428872,0.4343845546245575,0.0002858504909589488,-0.03950426255364114,0.0002858504909589488,0.0,-0.0,False,False,12,0.5,100,0.192,0.05,0.024,-0.07634222507476807,-0.9992893934249878,0,False
184,21.208838698919863,21.16,0.10099999999999909,162,2.352712157265987,0.9382263222231801,-2.812635610112732,2.5812048128611833,0.4345684349536896,-0.00042839386184501837,-0.039932656415486156,-0.00042839386184501837,0.0,-0.0,False,False,12,0.5,100,0.212,0.05,0.024,-0.13092219829559326,-0.99941086769104,0,False
185,21.309677820187062,21.259999999999998,0.10100000000000264,161,2.3552544847819323,0.9387876692540048,-3.0119561738915284,2.5832914864722185,0.4349197447299957,-0.0008184614008799636,-0.04075111781636612,-0.0008184614008799636,0.0,-0.0,False,False,12,0.5,100,0.232,0.05,0.024,-0.15567933022975922,-0.9986408948898315,0,False
186,21.509674116037786,21.459999999999997,0.1999999999999993,321,2.3616937072718835,0.9382845446025494,2.8732778453982215,2.58936988810572,0.4359430968761444,-0.002384147233068564,-0.043135265049434685,-0.002384147233068564,0.0,-0.0,False,False,12,0.5,100,0.272,0.05,0.024,-0.14052119851112366,-0.9955647587776184,0,False
187,21.71077650319785,21.66,0.2010000000000005,323,2.3654508993979544,0.9364536937013904,2.476672747423393,2.59354748373012,0.436646431684494,-0.0016385891636210756,-0.04477385421305576,-0.0016385891636210756,0.0,-0.0,False,False,12,0.5,100,0.312,0.05,0.024,-0.07603731006383896,-0.9904242753982544,0,False
188,21.91088987700641,21.86,0.1999999999999993,322,2.3667154341052132,0.9350079168912798,2.082576661954899,2.5952937541044716,0.43694043159484863,-0.0006849441567423332,-0.0454587983697981,-0.0006849441567423332,0.0,-0.0,False,False,12,0.5,100,0.352,0.05,0.024,-0.028047535568475723,-0.9891944527626038,0,False
189,22.011911436915398,21.959999999999997,0.10099999999999909,162,2.3667791181680826,0.9348087771586135,1.8851347450556086,2.595433597347831,0.4369639754295349,-5.485107793489995e-05,-0.045513649447733,-5.485107793489995e-05,0.0,-0.0,False,False,12,0.5,100,0.372,0.05,0.024,-0.014196634292602539,-0.9934322834014893,0,False
190,22.11240259092301,22.06,0.10000000000000142,161,2.3667315573691887,0.9349257554595568,1.6869307317483717,2.595342256697738,0.43694859743118286,3.582678001817627e-05,-0.04547782266771482,3.582678001817627e-05,0.0,-0.0,False,False,12,0.5,100,0.392,0.05,0.024,0.004205768462270498,-0.9954319596290588,0,False
191,22.31254740525037,22.259999999999998,0.1999999999999993,321,2.368035750293133,0.9493085539007086,1.4230122324959655,2.5906651197660477,0.4361611604690552,-0.0006654744541865906,-0.04614329712190141,0.0018345255458134095,0.0,-0.0025,True,True,13,0.5,100,0.032,0.05,0.026,0.972992479801178,0.27207523584365845,0,False
192,22.51277346909046,22.459999999999997,0.1999999999999993,322,2.3736436926126445,0.9844673186271895,1.4425448360387025,2.5817611765496364,0.4346621036529541,0.0034924167343278346,-0.04265088038757358,0.0034924167343278346,0.0,-0.0,False,False,13,0.5,100,0.072,0.05,0.026,0.972870409488678,0.27267903089523315,0,False
193,22.612374640069902,22.56,0.10000000000000142,160,2.3757806062038243,1.005641627681107,1.4961708753709693,2.575477081436662,0.4336041212081909,0.0024648269198537043,-0.040186053467719876,0.0024648269198537043,0.0,-0.0,False,False,13,0.5,100,0.092,0.05,0.026,0.9707076549530029,0.27391690015792847,0,False
194,22.812636703252792,22.759999999999998,0.1999999999999993,320,2.3765869310300722,1.048040385092133,1.606403222690619,2.560154864400357,0.4310244917869568,0.0060098729163013415,-0.034176180551418536,0.0060098729163013415,0.0,-0.0,False,False,13,0.5,100,0.132,0.05,0.026,0.9660330414772034,0.2732963562011719,0,False
195,22.912607370875776,22.86,0.10000000000000142,160,2.3752630700866524,1.0691376481414148,1.6609593036683012,2.551152499863303,0.42950886487960815,0.003531020784114882,-0.030645159767303653,0.003531020784114882,0.0,-0.0,False,False,13,0.5,100,0.152,0.05,0.026,0.9634847640991211,0.27300041913986206,0,False
196,23.112923284061253,23.06,0.1999999999999993,321,2.369215794750017,1.1108016714525744,1.7697382533336234,2.5305843910333925,0.4260460436344147,0.008067482656297387,-0.022577677111006264,0.008067482656297387,0.0,-0.0,False,False,13,0.5,100,0.192,0.05,0.026,0.9581235647201538,0.2714109420776367,0,False
197,23.312697221059352,23.259999999999998,0.1999999999999993,321,2.358754158531315,1.151366486142008,1.8776100229304955,2.506770856856967,0.4220368266105652,0.009340444254849584,-0.01323723285615668,0.009340444254849584,0.0,-0.0,False,False,13,0.5,100,0.232,0.05,0.026,0.9548631310462952,0.2683509588241577,0,False
198,23.51330014085397,23.459999999999997,0.1999999999999993,321,2.344057735518867,1.190469823308872,1.9843646921558347,2.479908385941785,0.41751429438591003,0.01053633661731591,-0.0027008962388407696,0.01053633661731591,0.0,-0.0,False,False,13,0.5,100,0.272,0.05,0.026,0.9528235197067261,0.266399085521698,0,False
199,23.61339263804257,23.56,0.10000000000000142,160,2.335189124901551,1.2093303408417495,2.037459092416589,2.465414076309519,0.41507405042648315,0.005685140648578546,0.0029842444097377763,0.005685140648578546,0.0,-0.0,False,False,13,0.5,100,0.292,0.05,0.026,0.9508371949195862,0.263740211725235,0,False
200,23.81328905420378,23.759999999999998,0.1999999999999993,321,2.3145711085189067,1.245430160396975,2.1429182082131777,2.43446393428592,0.40986332297325134,0.012139654454872759,0.015123898864610536,0.012139654454872759,0.0,-0.0,False,False,13,0.5,100,0.332,0.05,0.026,0.9491244554519653,0.2665046453475952,0,False
201,23.91295716399327,23.86,0.10000000000000142,160,2.3028689914152287,1.2625905780842017,2.196161288470412,2.418052533102287,0.4071003198623657,0.006437086438494524,0.02156098530310506,0.006437086438494524,0.0,-0.0,False,False,13,0.5,100,0.352,0.05,0.026,0.9483727216720581,0.2683825194835663,0,False
202,24.11339569510892,24.06,0.1999999999999993,324,2.2768282046765256,1.294866715928324,2.3036289627924007,2.3835183326631277,0.40128618478775024,0.013545438980119888,0.03510642428322495,0.013545438980119888,0.0,-0.0,False,False,13,0.5,100,0.392,0.05,0.026,0.9458488821983337,0.2707039415836334,0,False
203,24.31346430024132,24.259999999999998,0.1999999999999993,323,2.2495782935513478,1.3212117750221541,2.4943130848755706,2.349756633380955,0.39560210704803467,0.0107424388483384,0.04584886313156335,0.0132424388483384,0.0,-0.0025,True,True,14,0.5,100,0.032,0.05,0.028,0.7226475477218628,0.6608926653862,0,False
204,24.513687663245946,24.459999999999997,0.1999999999999993,320,2.2219780814416406,1.3378056189146674,2.6630590791834576,2.318553003351672,0.3903487026691437,0.012239080712597473,0.05808794384416082,0.012239080712597473,0.0,-0.0,False,False,14,0.5,100,0.072,0.05,0.028,0.7576223015785217,0.138706773519516,0,False
205,24.613671959843487,24.56,0.10000000000000142,158,2.2070737610178126,1.3452789377899226,2.686367979518704,2.3021368227154184,0.3875848948955536,0.00643896109558836,0.06452690493974918,0.00643896109558836,0.0,-0.0,False,False,14,0.5,100,0.092,0.05,0.028,0.7664650082588196,0.07382375001907349,0,False
206,24.813579165842384,24.759999999999998,0.1999999999999993,316,2.176562465005069,1.3597289937308041,2.707690427152045,2.2687819079563334,0.38196930289268494,0.013082884700118017,0.0776097896398672,0.013082884700118017,0.0,-0.0,False,False,14,0.5,100,0.132,0.05,0.028,0.7697334289550781,0.022119661793112755,0,False
207,24.91362756304443,24.86,0.10000000000000142,158,2.161195388483377,1.3668114992358873,2.7115632306109547,2.252041963659188,0.37915098667144775,0.006565951755769274,0.08417574139563647,0.006565951755769274,0.0,-0.0,False,False,14,0.5,100,0.152,0.05,0.028,0.770326554775238,0.010268691927194595,0,False
208,25.113764737267047,25.06,0.1999999999999993,317,2.1303584276436545,1.3809015106301603,2.7134586373318474,2.2184926844935102,0.3735026717185974,0.013159120755272962,0.09733486215090943,0.013159120755272962,0.0,-0.0,False,False,14,0.5,100,0.192,0.05,0.028,0.7712607383728027,-0.003019599476829171,0,False
209,25.313854941166937,25.259999999999998,0.1999999999999993,321,2.0994783863197095,1.3950259034005814,2.711315524163937,2.184903399539226,0.36784762144088745,0.013174812329466866,0.1105096744803763,0.013174812329466866,0.0,-0.0,False,False,14,0.5,100,0.232,0.05,0.028,0.7715962529182434,-0.008589924313127995,0,False
210,25.513773155864328,25.459999999999997,0.1999999999999993,322,2.0686241648456676,1.409251666901139,2.7075232265832585,2.151322788406365,0.3621940314769745,0.01317141017400011,0.12368108465437641,0.01317141017400011,0.0,-0.0,False,False,14,0.5,100,0.272,0.05,0.028,0.7719016075134277,-0.011023259721696377,0,False
211,25.613890851847827,25.56,0.10000000000000142,160,2.0532220502546803,1.4164094053584628,2.7052496579482206,2.134548856890581,0.35936999320983887,0.006579282650659681,0.1302603673050361,0.006579282650659681,0.0,-0.0,False,False,14,0.5,100,0.292,0.05,0.028,0.7722387909889221,-0.013259881176054478,0,False
212,25.814002756029367,25.759999999999998,0.1999999999999993,322,2.0224585686234993,1.4308526403081703,2.6995332127224247,2.101015863267168,0.3537244200706482,0.013152733034804472,0.14341310033984056,0.013152733034804472,0.0,-0.0,False,False,14,0.5,100,0.332,0.05,0.028,0.7728148698806763,-0.015605248510837555,0,False
213,25.91383438417688,25.86,0.10000000000000142,159,2.007096233759026,1.4381498634485628,2.696418483711562,2.0842530838074995,0.350902259349823,0.006574908450773774,0.14998800879061433,0.006574908450773774,0.0,-0.0,False,False,14,0.5,100,0.352,0.05,0.028,0.7732470631599426,-0.016186857596039772,0,False
214,26.11419005598873,26.06,0.1999999999999993,320,1.9763903738116617,1.4529165579258918,2.689941304777906,2.050711947412954,0.3452553153038025,0.013155926895038717,0.16314393568565305,0.013155926895038717,0.0,-0.0,False,False,14,0.5,100,0.392,0.05,0.028,0.7742646932601929,-0.0151589410379529,0,False
215,26.31392535287887,26.259999999999998,0.1999999999999993,319,1.9496054754805552,1.4645126788862795,2.8769563204748283,2.0218081191782558,0.34038910269737244,0.008837023491675273,0.17198095917732834,0.011337023491675273,0.0,-0.0025,True,True,15,0.5,100,0.032,0.05,0.03,0.437315970659256,0.963562548160553,0,False
216,26.514363643247634,26.459999999999997,0.1999999999999993,321,1.9320276468134314,1.4661755094425364,-3.1063499123182123,2.004419939492274,0.3374616503715515,0.006820210803107205,0.17880116998043555,0.006820210803107205,0.0,-0.0,False,False,15,0.5,100,0.072,0.05,0.03,0.24405904114246368,0.16704368591308594,0,False
217,26.614360380917788,26.56,0.10000000000000142,160,1.9262193329313584,1.4658632357850423,-3.074433015022532,1.9989055132680664,0.33653324842453003,0.002162937695979764,0.18096410767641533,0.002162937695979764,0.0,-0.0,False,False,15,0.5,100,0.092,0.05,0.03,0.25904902815818787,0.06912301480770111,0,False
218,26.8139828578569,26.759999999999998,0.1999999999999993,319,1.9143570779560088,1.4649506741037657,-3.0587260070239566,1.9877224792184283,0.3346504867076874,0.004386350441176283,0.1853504581175916,0.004386350441176283,0.0,-0.0,False,False,15,0.5,100,0.132,0.05,0.03,0.28697702288627625,0.006594882812350988,0,False
219,26.914621650241315,26.86,0.10000000000000142,161,1.9080427417805936,1.4644246320550538,-3.057981048356797,1.9817840978450494,0.33365070819854736,0.0023292267233896383,0.18767968484098124,0.0023292267233896383,0.0,-0.0,False,False,15,0.5,100,0.152,0.05,0.03,0.2910679578781128,-0.0006017386331222951,0,False
220,27.114327475894243,27.06,0.1999999999999993,320,1.8952087250133025,1.4633567737445952,-3.0590859219747437,1.969721290479595,0.33161982893943787,0.00473142620995569,0.19241111105093694,0.00473142620995569,0.0,-0.0,False,False,15,0.5,100,0.192,0.05,0.03,0.2946239113807678,-0.005973089020699263,0,False
221,27.31450896896422,27.259999999999998,0.1999999999999993,321,1.8822624520022622,1.462303840312197,-3.06160276349132,1.9575568754917505,0.32957184314727783,0.004771280031138773,0.19718239108207572,0.004771280031138773,0.0,-0.0,False,False,15,0.5,100,0.232,0.05,0.03,0.2957039177417755,-0.006502409931272268,0,False
222,27.514442784246057,27.459999999999997,0.1999999999999993,321,1.8692736381706994,1.4612778214328792,-3.064228504653185,1.9453549329499917,0.3275175392627716,0.0047859995609137035,0.20196839064298944,0.0047859995609137035,0.0,-0.0,False,False,15,0.5,100,0.272,0.05,0.03,0.29662826657295227,-0.006723443977534771,0,False
223,27.614636949263513,27.56,0.10000000000000142,160,1.8627644985265603,1.460775618186124,-3.065574181796885,1.9392407739302135,0.3264881670475006,0.0023981724454012325,0.20436656308839066,0.0023981724454012325,0.0,-0.0,False,False,15,0.5,100,0.292,0.05,0.03,0.2970467805862427,-0.006747620180249214,0,False
224,27.814874990843236,27.759999999999998,0.1999999999999993,321,1.8497120982890711,1.4597939503014934,-3.068279845623228,1.9269814779570011,0.32442420721054077,0.004808495446041385,0.20917505853443205,0.004808495446041385,0.0,-0.0,False,False,15,0.5,100,0.332,0.05,0.03,0.29789024591445923,-0.006804957054555416,0,False
225,27.914642069954425,27.86,0.10000000000000142,159,1.843170594262383,1.459315096790969,-3.069640651393719,1.9208377571376773,0.32338985800743103,0.0024097675466862043,0.21158482608111825,0.0024097675466862043,0.0,-0.0,False,False,15,0.5,100,0.352,0.05,0.03,0.29831305146217346,-0.0068335141986608505,0,False
226,28.114707264117897,28.06,0.1999999999999993,320,1.8300608880008014,1.4583828662502543,-3.072374324261446,1.9085260642023962,0.32131707668304443,0.004829047242330857,0.2164138733234491,0.004829047242330857,0.0,-0.0,False,False,15,0.5,100,0.392,0.05,0.03,0.2992129325866699,-0.006788879632949829,0,False
227,28.31529899314046,28.259999999999998,0.1999999999999993,321,1.810227360812338,1.4565407923916183,-3.005870854001416,1.890045160033812,0.31820565462112427,0.004748812960184911,0.22116268628363403,0.00724881296018491,0.0,-0.0025,True,True,16,0.5,100,0.032,0.05,0.032,0.9788874983787537,0.8048492670059204,0,False
228,28.416237521916628,28.36,0.10099999999999909,162,1.7926141848674677,1.4530932215999277,-2.887438340891579,1.8741858741363022,0.31553560495376587,0.006220528828268518,0.22738321511190254,0.006220528828268518,0.0,-0.0,False,False,16,0.5,100,0.052,0.05,0.032,0.9873382449150085,0.7775960564613342,0,False
229,28.515857722144574,28.459999999999997,0.10000000000000142,160,1.772419734078135,1.4461272315156992,-2.7300643981612653,1.8569455034480482,0.31263303756713867,0.006762235296682521,0.23414545040858506,0.006762235296682521,0.0,-0.0,False,False,16,0.5,100,0.072,0.05,0.032,0.9923020601272583,0.7887343764305115,0,False
230,28.716114894021302,28.66,0.1999999999999993,317,1.7361541155306426,1.4230363488902336,-2.420137698644876,1.829513038553605,0.30801454186439514,0.010759906833708295,0.24490535724229334,0.010759906833708295,0.0,-0.0,False,False,16,0.5,100,0.112,0.05,0.032,0.997387707233429,0.7132574915885925,0,False
231,28.81609037099406,28.759999999999998,0.10000000000000142,161,1.72092246287497,1.4076247043411882,-2.280091884710219,1.8200226387989038,0.30641674995422363,0.003722444102932822,0.24862780134522616,0.003722444102932822,0.0,-0.0,False,False,16,0.5,100,0.132,0.05,0.032,0.9982916712760925,0.6728320717811584,0,False
232,29.016253483016044,28.959999999999997,0.1999999999999993,321,1.6972316996568553,1.371330388960157,-2.0204007546851463,1.8099229473433898,0.3047163784503937,0.00396142816654231,0.2525892295117685,0.00396142816654231,0.0,-0.0,False,False,16,0.5,100,0.172,0.05,0.032,0.9990687370300293,0.5565756559371948,0,False
233,29.216600804124027,29.16,0.1999999999999993,321,1.6824457776233022,1.331155465602061,-1.8782960905422048,1.8105184317366303,0.3048166334629059,-0.00023356838756014578,0.2523556611242083,-0.00023356838756014578,0.0,-0.0,False,False,16,0.5,100,0.212,0.05,0.032,0.9222372174263,-0.8761417269706726,0,False
234,29.31647523213178,29.259999999999998,0.10000000000000142,159,1.675222784535604,1.3108556887359522,-1.971012902186525,1.8114334313884322,0.3049706816673279,-0.0003588926858795627,0.25199676843832874,-0.0003588926858795627,0.0,-0.0,False,False,16,0.5,100,0.232,0.05,0.032,0.9739348888397217,-0.6531153917312622,0,False
235,29.516542905010283,29.459999999999997,0.1999999999999993,318,1.6534574664422896,1.2732007949756674,-2.2036423011848427,1.8061447015380003,0.3040802776813507,0.0020744122220976717,0.25407118066042644,0.0020744122220976717,0.0,-0.0,False,False,16,0.5,100,0.272,0.05,0.032,0.9989104270935059,0.6390062570571899,0,False
236,29.716533079277724,29.66,0.1999999999999993,320,1.627380556231833,1.239189008688014,-2.157273098812658,1.7964411735997492,0.3024466037750244,0.0038060399229752333,0.2578772205834017,0.0038060399229752333,0.0,-0.0,False,False,16,0.5,100,0.312,0.05,0.032,0.9990667700767517,0.5886227488517761,0,False
237,29.816735413856804,29.759999999999998,0.10000000000000142,160,1.6164924261598381,1.220356121442534,-2.044546959860115,1.7946844592363362,0.3021508455276489,0.000689040629651527,0.2585662612130532,0.000689040629651527,0.0,-0.0,False,False,16,0.5,100,0.332,0.05,0.032,0.9769197106361389,-0.6449628472328186,0,False
238,30.016762697137892,29.959999999999997,0.1999999999999993,318,1.597877677904775,1.1805159069356084,-2.056177968419208,1.7957637304448941,0.3023325502872467,-0.0004233253445168503,0.25814293586853637,-0.0004233253445168503,0.0,-0.0,False,False,16,0.5,100,0.372,0.05,0.032,0.9746863842010498,-0.6569914221763611,0,False
239,30.216811649966985,30.16,0.1999999999999993,319,1.5729409867803146,1.1448551451329185,-2.2863978807453993,1.7903675514188686,0.3014240562915802,-0.0003834427091600353,0.25775949315937635,0.0021165572908399648,0.0,-0.0025,True,True,17,0.5,100,0.012,0.05,0.034,0.9369133114814758,0.4572545886039734,0,False
240,30.317098225001246,30.259999999999998,0.10000000000000142,161,1.5585867761135797,1.1289975285939347,-2.3002270201657145,1.785451795889649,0.3005964457988739,0.0019281195370235828,0.25968761269639995,0.0019281195370235828,0.0,-0.0,False,False,17,0.5,100,0.032,0.05,0.034,0.9368506669998169,0.4568836987018585,0,False
241,30.51822892902419,30.459999999999997,0.20099999999999696,320,1.5339179890049115,1.0961755991011295,-2.123200012673565,1.7803940729159053,0.29974493384361267,0.00198380379588897,0.2616714164922889,0.00198380379588897,0.0,-0.0,False,False,17,0.5,100,0.072,0.05,0.034,0.9347177743911743,0.4336096942424774,0,False
242,30.61831265501678,30.56,0.10000000000000142,157,1.5239675762681348,1.0783839827607558,-2.0381172866892947,1.7809697314316064,0.29984185099601746,-0.00022579203220739373,0.2614456244600815,-0.00022579203220739373,0.0,-0.0,False,False,17,0.5,100,0.092,0.05,0.034,0.9329915046691895,0.4057921767234802,0,False
243,30.71821484202519,30.66,0.10000000000000142,160,1.5155306835189768,1.0598518250023647,-1.958460568313676,1.7834550467945969,0.3002602756023407,-0.0009748216888661016,0.2604708027712154,-0.0009748216888661016,0.0,-0.0,False,False,17,0.5,100,0.112,0.05,0.034,0.9312804937362671,0.36249491572380066,0,False
244,30.818930333014578,30.759999999999998,0.10099999999999909,161,1.508506800180607,1.0407549327816599,-1.887578510439867,1.7876643284197071,0.3009689450263977,-0.0016510174458366214,0.2588197853253788,-0.0016510174458366214,0.0,-0.0,False,False,17,0.5,100,0.132,0.05,0.034,0.9300071597099304,0.32147714495658875,0,False
245,31.01903601596132,30.959999999999997,0.1999999999999993,319,1.4981938793950842,1.0013912189915086,-1.7697248341029825,1.8005012300930219,0.3031301498413086,-0.00503505122743524,0.25378473409794355,-0.00503505122743524,0.0,-0.0,False,False,17,0.5,100,0.172,0.05,0.034,0.9318490624427795,0.24794147908687592,0,False
246,31.11937190918252,31.06,0.10000000000000142,160,1.494638764988317,0.9812899107663061,-1.7219716307380435,1.8087882698877793,0.30452534556388855,-0.0032504471057168754,0.2505342869922267,-0.0032504471057168754,0.0,-0.0,False,False,17,0.5,100,0.192,0.05,0.034,0.9332858324050903,0.20244500041007996,0,False
247,31.319476421922445,31.259999999999998,0.1999999999999993,320,1.489951704705832,0.9405879419120157,-1.6552357835310394,1.828198512066029,0.3077932298183441,-0.007613329617346416,0.24292095737488026,-0.007613329617346416,0.0,-0.0,False,False,17,0.5,100,0.232,0.05,0.034,0.9354493618011475,0.09789902716875076,0,False
248,31.51974603300914,31.459999999999997,0.1999999999999993,318,1.4871401414045575,0.8995651326321112,-1.629159855672773,1.8500115797953633,0.31146565079689026,-0.008555796113405387,0.23436516126147489,-0.008555796113405387,0.0,-0.0,False,False,17,0.5,100,0.272,0.05,0.034,0.9356228709220886,0.015965163707733154,0,False
249,31.619723848998547,31.56,0.10000000000000142,160,1.485973474412688,0.8790198583045247,-1.6269755373177044,1.8613741088434395,0.31337863206863403,-0.004456754229816513,0.22990840703165838,-0.004456754229816513,0.0,-0.0,False,False,17,0.5,100,0.292,0.05,0.034,0.9356547594070435,-0.007435542531311512,0,False
250,31.819554144050926,31.759999999999998,0.1999999999999993,318,1.4835652865853233,0.8379114515717176,-1.6340203029237639,1.8845201128037794,0.3172754645347595,-0.009078617147391239,0.22082978988426713,-0.009078617147391239,0.0,-0.0,False,False,17,0.5,100,0.332,0.05,0.034,0.9356866478919983,-0.0319066196680069,0,False
251,32.019483387004584,31.959999999999997,0.20000000000000284,321,1.4806958432249866,0.7968140836023061,-1.6482647283325502,1.9079089837639787,0.3212131857872009,-0.009173877500462823,0.2116559123838043,-0.009173877500462823,0.0,-0.0,False,False,17,0.5,100,0.372,0.05,0.034,0.9355353713035583,-0.040658414363861084,0,False
252,32.21980814728886,32.160000000000004,0.19999999999999574,320,1.4772296092208241,0.7557906719395792,-1.6463282965817725,1.9313891953742706,0.3251662850379944,-0.011709704280480912,0.1999462081033234,-0.009209704280480912,0.0,-0.0025,True,True,18,0.5,100,0.012,0.05,0.036,0.9999999403953552,-0.4122872054576874,0,False
253,32.319979093037546,32.260000000000005,0.10000000000000142,161,1.4758230391197462,0.7350521874640964,-1.6692074023001173,1.9437454965340155,0.3272465765476227,-0.004846544041874571,0.19509966406144882,-0.004846544041874571,0.0,-0.0,False,False,18,0.5,100,0.032,0.05,0.036,0.9999999403953552,-0.4123589098453522,0,False
254,32.41976338112727,32.36,0.10000000000000142,160,1.4727785525766968,0.7131184423946081,-1.749215840249895,1.9557967978098265,0.329275518655777,-0.0047269131465813834,0.19037275091486744,-0.0047269131465813834,0.0,-0.0,False,False,18,0.5,100,0.052,0.05,0.036,0.9999999403953552,-0.413940966129303,0,False
255,32.519757367204875,32.46,0.10000000000000142,160,1.4679437191678608,0.6915005686187466,-1.832087920041963,1.9664763961833716,0.331073522567749,-0.0041888865606110265,0.1861838643542564,-0.0041888865606110265,0.0,-0.0,False,False,18,0.5,100,0.072,0.05,0.036,1.0,-0.41554081439971924,0,False
256,32.719561661127955,32.660000000000004,0.19999999999999574,321,1.4530086073579431,0.649828266393546,-1.9989395368838583,1.98348115755908,0.3339364230632782,-0.006669821645124096,0.17951404270913232,-0.006669821645124096,0.0,-0.0,False,False,18,0.5,100,0.112,0.05,0.036,1.0,-0.42002585530281067,0,False
257,32.81955549819395,32.760000000000005,0.10000000000000142,161,1.442991722247053,0.6300700430357769,-2.0827765104036082,1.9897068371400182,0.33498457074165344,-0.002441914444260648,0.17707212826487168,-0.002441914444260648,0.0,-0.0,False,False,18,0.5,100,0.132,0.05,0.036,1.0,-0.4239882826805115,0,False
258,32.91993278125301,32.86,0.10000000000000142,161,1.431346343579427,0.6112243859259234,-2.167393519711291,1.9943545892889267,0.33576706051826477,-0.0018229998762726378,0.17524912838859905,-0.0018229998762726378,0.0,-0.0,False,False,18,0.5,100,0.152,0.05,0.036,1.0,-0.42677631974220276,0,False
259,33.02005223603919,32.96,0.10000000000000142,161,1.4181425448563483,0.5934326263239595,-2.2525727089481387,1.9973883025860015,0.3362778127193451,-0.0011899212324634721,0.17405920715613557,-0.0011899212324634721,0.0,-0.0,False,False,18,0.5,100,0.172,0.05,0.036,1.0,-0.42867588996887207,0,False
260,33.21998853003606,33.160000000000004,0.19999999999999574,321,1.3874335436565086,0.561536764977306,-2.4228458390869925,1.9985366103324202,0.3364711403846741,-0.0004504037247631261,0.17360880343137244,-0.0004504037247631261,0.0,-0.0,False,False,18,0.5,100,0.212,0.05,0.036,1.0,-0.4203251004219055,0,False
261,33.32001771591604,33.260000000000005,0.10000000000000142,161,1.3701732461776848,0.5476470353815945,-2.506324581388527,1.9966731548604686,0.3361574113368988,0.0007309079714169327,0.17433971140278937,0.0007309079714169327,0.0,-0.0,False,False,18,0.5,100,0.232,0.05,0.036,1.0,-0.40983524918556213,0,False
262,33.42020908091217,33.36,0.10000000000000142,161,1.3518300695801084,0.5352309989913916,-2.5876585756915444,1.9932367284258723,0.3355788588523865,0.0013478784505667328,0.17568758985335609,0.0013478784505667328,0.0,-0.0,False,False,18,0.5,100,0.252,0.05,0.036,1.0,-0.39956215023994446,0,False
263,33.52033162582666,33.46,0.10000000000000142,161,1.3325525535957767,0.5243302029823822,-2.666998131838945,1.988290171979761,0.3347460627555847,0.0019402006605180415,0.17762779051387412,0.0019402006605180415,0.0,-0.0,False,False,18,0.5,100,0.272,0.05,0.036,1.0,-0.3918781578540802,0,False
264,33.72037941822782,33.660000000000004,0.19999999999999574,318,1.2917344921278378,0.5072259593894064,-2.8238741455956733,1.974070061314537,0.3323519825935364,0.005577590876779904,0.183205381390654,0.005577590876779904,0.0,-0.0,False,False,18,0.5,100,0.312,0.05,0.036,1.0,-0.3970825970172882,0,False
265,33.82029876485467,33.760000000000005,0.10000000000000142,160,1.2704412429429763,0.5011353550843386,-2.903100749566961,1.9648450096886907,0.330798864364624,0.003618365918345226,0.18682374730899923,0.003618365918345226,0.0,-0.0,False,False,18,0.5,100,0.332,0.05,0.036,1.0,-0.3973793387413025,0,False
266,33.920153671875596,33.86,0.10000000000000142,160,1.2487332543810965,0.49674947987518114,-2.982303689321439,1.9542509104120347,0.32901525497436523,0.004155351028152235,0.19097909833715146,0.004155351028152235,0.0,-0.0,False,False,18,0.5,100,0.352,0.05,0.036,1.0,-0.39717230200767517,0,False
267,34.02033119695261,33.96,0.10000000000000142,160,1.226747261794095,0.494096543491028,-3.0614100801552238,1.9423321946922694,0.3270086348056793,0.004674908770159642,0.1956540071073111,0.004674908770159642,0.0,-0.0,False,False,18,0.5,100,0.372,0.05,0.036,1.0,-0.39174821972846985,0,False
268,34.2201003911905,34.160000000000004,0.19999999999999574,321,1.1825129863960473,0.49394964558570387,3.0740071610538355,1.9148170629691568,0.32237622141838074,0.008292331458259625,0.2039463385655707,0.010792331458259625,0.0,-0.0025,True,True,19,0.5,100,0.012,0.05,0.038,0.44280365109443665,0.9978169202804565,0,False
269,34.320631762966514,34.260000000000005,0.10000000000000142,161,1.1611375439142562,0.49517116792258936,3.1144233564306134,1.900723519290011,0.3200034499168396,0.0055279471796617465,0.20947428574523244,0.0055279471796617465,0.0,-0.0,False,False,19,0.5,100,0.032,0.05,0.038,0.466786652803421,0.9981847405433655,0,False
270,34.52052688598633,34.46,0.1980000000000004,320,1.1311304242849531,0.49282372532065466,-2.8792146366413456,1.8844193902652082,0.3172585070133209,0.006395010801496432,0.21586929654672887,0.006395010801496432,0.0,-0.0,False,False,19,0.5,100,0.072,0.05,0.038,0.5523127913475037,0.9993261098861694,0,False
271,34.62067118100822,34.56,0.10000000000000142,161,1.1199761229332448,0.4886134486413363,-2.6799913527039245,1.8811261703924822,0.31670406460762024,0.0012917081694917717,0.21716100471622066,0.0012917081694917717,0.0,-0.0,False,False,19,0.5,100,0.092,0.05,0.038,0.5936021208763123,0.999530017375946,0,False
272,34.82175569515675,34.760000000000005,0.2010000000000005,323,1.0987077706661699,0.4719150105101013,-2.2809127255754165,1.8820739181455768,0.31686362624168396,-0.0003717375585603957,0.21678926715766025,-0.0003717375585603957,0.0,-0.0,False,False,19,0.5,100,0.132,0.05,0.038,0.7067099809646606,0.9984778165817261,0,False
273,35.02293343702331,34.96,0.2010000000000005,322,1.0834788711262946,0.4446830953189605,-1.8848726408842515,1.8955045340444947,0.3191247880458832,-0.005267925297553212,0.21152134186010704,-0.005267925297553212,0.0,-0.0,False,False,19,0.5,100,0.172,0.05,0.038,0.7585925459861755,0.9505079984664917,0,False
274,35.22318499721587,35.160000000000004,0.19999999999999574,323,1.0791274603813417,0.4185164493956783,-1.6338051560933027,1.914577382271045,0.3223358690738678,-0.007480992712860794,0.20404034914724625,-0.007480992712860794,0.0,-0.0,False,False,19,0.5,100,0.212,0.05,0.038,0.6485679149627686,-0.6014100313186646,0,False
275,35.32282930612564,35.260000000000005,0.10000000000000142,161,1.0781626972299916,0.40617878321105094,-1.6855769331884374,1.924240373370398,0.3239627182483673,-0.003790140053548468,0.20025020909369778,-0.003790140053548468,0.0,-0.0,False,False,19,0.5,100,0.232,0.05,0.038,0.6488856077194214,-0.5829830169677734,0,False
276,35.42332653794438,35.36,0.10000000000000142,161,1.0756779354029178,0.3920169810118765,-1.8023280286083772,1.9346039968206572,0.3257075250148773,-0.004064950897176219,0.19618525819652158,-0.004064950897176219,0.0,-0.0,False,False,19,0.5,100,0.252,0.05,0.038,0.6503694653511047,-0.5417711138725281,0,False
277,35.523319005034864,35.46,0.10000000000000142,160,1.0716180709563563,0.37807672467430575,-1.9091072531930853,1.943965174337824,0.3272835612297058,-0.003671758929651316,0.19251349926687025,-0.003671758929651316,0.0,-0.0,False,False,19,0.5,100,0.272,0.05,0.038,0.6543762683868408,-0.5082542896270752,0,False
278,35.723251997027546,35.660000000000004,0.19999999999999574,320,1.0592280428099046,0.3512865510959755,-2.085558999158486,1.959647974521879,0.3299238979816437,-0.00615130537927995,0.18636219388759032,-0.00615130537927995,0.0,-0.0,False,False,19,0.5,100,0.312,0.05,0.038,0.6800361275672913,-0.21027345955371857,0,False
279,35.823441211134195,35.760000000000005,0.10000000000000142,160,1.0515485603518056,0.33832321237366036,-2.1203773949099993,1.966449666652046,0.3310690224170685,-0.002667845339956529,0.18369434854763378,-0.002667845339956529,0.0,-0.0,False,False,19,0.5,100,0.332,0.05,0.038,0.6874362826347351,-0.08197914808988571,0,False
280,35.92334015807137,35.86,0.10000000000000142,161,1.0435441500344673,0.32547165253269217,-2.134922014147808,1.9730761121861045,0.33218464255332947,-0.0025991079131775343,0.18109524063445626,-0.0025991079131775343,0.0,-0.0,False,False,19,0.5,100,0.352,0.05,0.038,0.6868059635162354,-0.046807482838630676,0,False
281,36.02338054403663,35.96,0.10000000000000142,161,1.0355301887146813,0.3131529001515688,-2.183481498000398,1.979337195119792,0.33323875069618225,-0.0024558007931050037,0.17863943984135125,-0.0024558007931050037,0.0,-0.0,False,False,19,0.5,100,0.372,0.05,0.038,0.7267735004425049,0.9958055019378662,0,False
282,36.223563984036446,36.160000000000004,0.19999999999999574,322,1.020424249897252,0.28929553464078533,-2.0118404618068784,1.9919275124412088,0.3353584408760071,-0.007438332807735022,0.17120110703361624,-0.004938332807735021,0.0,-0.0025,True,True,20,0.5,100,0.012,0.05,0.04,0.9999998211860657,-0.4362623691558838,0,False
283,36.32381503796205,36.260000000000005,0.10000000000000142,161,1.0145397456923966,0.2760764702782948,-1.9828431537158138,2.0003007593999103,0.33676815032958984,-0.0032842603651525547,0.16791684666846368,-0.0032842603651525547,0.0,-0.0,False,False,20,0.5,100,0.032,0.05,0.04,0.9999997615814209,-0.42705002427101135,0,False
284,36.42342281714082,36.36,0.10000000000000142,160,1.0069070623327394,0.2592898088379213,-2.0227652467319523,2.010953451225366,0.33856162428855896,-0.0041783329354894904,0.16373851373297418,-0.0041783329354894904,0.0,-0.0,False,False,20,0.5,100,0.052,0.05,0.04,0.9999998211860657,-0.4352395534515381,0,False
285,36.523366353008896,36.46,0.10000000000000142,161,0.996462148468055,0.2399064268584789,-2.1107717125745924,2.0225889401231383,0.34052056074142456,-0.004563817979405668,0.15917469575356852,-0.004563817979405668,0.0,-0.0,False,False,20,0.5,100,0.072,0.05,0.04,0.9999999403953552,-0.4526256322860718,0,False
286,36.723797901999205,36.660000000000004,0.19999999999999574,321,0.9703885285015743,0.2041265072577036,-2.2943224821823107,2.041277838989124,0.34366700053215027,-0.0073303952596449114,0.1518443004939236,-0.0073303952596449114,0.0,-0.0,False,False,20,0.5,100,0.112,0.05,0.04,1.0,-0.4842880070209503,0,False
287,36.82396327611059,36.760000000000005,0.10000000000000142,161,0.9549301257800007,0.18822892287043713,-2.391378174359931,2.0480248329392934,0.3448029160499573,-0.0026463909309921954,0.1491979095629314,-0.0026463909309921954,0.0,-0.0,False,False,20,0.5,100,0.132,0.05,0.04,1.0,-0.49924251437187195,0,False
288,36.92456680722535,36.86,0.10099999999999909,161,0.9379787837293616,0.17392085328029142,-2.4914818661658975,2.0528929709590655,0.3456225097179413,-0.0019094423978281204,0.1472884671651033,-0.0019094423978281204,0.0,-0.0,False,False,20,0.5,100,0.152,0.05,0.04,1.0,-0.5123013854026794,0,False
289,37.024484244175255,36.96,0.10000000000000142,160,0.9196628742999775,0.16139458801469478,-2.593984559035027,2.0557843627780885,0.3461093008518219,-0.001134098110109511,0.1461543690549938,-0.001134098110109511,0.0,-0.0,False,False,20,0.5,100,0.172,0.05,0.04,1.0,-0.5222766399383545,0,False
290,37.12589068803936,37.06,0.10099999999999909,163,0.9001501591781551,0.1508203623629518,-2.698909086514633,2.056632096059667,0.3462520241737366,-0.0003325086230754612,0.14582186043191833,-0.0003325086230754612,0.0,-0.0,False,False,20,0.5,100,0.192,0.05,0.04,1.0,-0.5481253862380981,0,False
291,37.22555537708104,37.160000000000004,0.10000000000000142,160,0.8796118530921139,0.14239901608011252,-2.8091169508164966,2.0553342091478832,0.34603351354599,0.0005090735486299843,0.1463309339805483,0.0005090735486299843,0.0,-0.0,False,False,20,0.5,100,0.212,0.05,0.04,1.0,-0.570162296295166,0,False
292,37.327015990857035,37.260000000000005,0.10099999999999909,163,0.8582549419379307,0.1363341195200527,-2.923484807208708,2.051792457738858,0.345437228679657,0.0013891903383783644,0.14772012431892667,0.0013891903383783644,0.0,-0.0,False,False,20,0.5,100,0.232,0.05,0.04,1.0,-0.5866563320159912,0,False
293,37.42796750925481,37.36,0.10099999999999909,162,0.8363329257305786,0.1327849001635441,-3.0408021055026433,2.0459581622225618,0.34445497393608093,0.002288400857787581,0.15000852517671426,0.002288400857787581,0.0,-0.0,False,False,20,0.5,100,0.252,0.05,0.04,1.0,-0.5973933339118958,0,False
294,37.52797929523513,37.46,0.10000000000000142,162,0.8141384116650445,0.1318452275228406,3.1228265726682185,2.0378477851580223,0.3430895209312439,0.003181154224984194,0.15318967940169845,0.003181154224984194,0.0,-0.0,False,False,20,0.5,100,0.272,0.05,0.04,1.0,-0.607798159122467,0,False
295,37.6277674222365,37.56,0.10000000000000142,161,0.7919876803951706,0.13358782544436293,3.001911715579655,2.027495667797407,0.3413466513156891,0.004060437833801651,0.1572501172355001,0.004060437833801651,0.0,-0.0,False,False,20,0.5,100,0.292,0.05,0.04,1.0,-0.5992500185966492,0,False
296,37.72864444088191,37.660000000000004,0.10099999999999909,163,0.7702051803350782,0.1379702902129189,2.8828603312114085,2.0150361658643985,0.33924898505210876,0.0048870227487555415,0.16213713998425563,0.0048870227487555415,0.0,-0.0,False,False,20,0.5,100,0.312,0.05,0.04,1.0,-0.5869197249412537,0,False
297,37.828696705866605,37.760000000000005,0.10000000000000142,161,0.7490925268499995,0.14488201948920731,2.7670603292857376,2.000650544525072,0.33682703971862793,0.005642509557626853,0.1677796495418825,0.005642509557626853,0.0,-0.0,False,False,20,0.5,100,0.332,0.05,0.04,1.0,-0.5479203462600708,0,False
298,37.92991480184719,37.86,0.10099999999999909,163,0.728897671944207,0.15410209890389365,2.659699108108581,1.9845984873718432,0.33412453532218933,0.006296139997725403,0.1740757895396079,0.006296139997725403,0.0,-0.0,False,False,20,0.5,100,0.352,0.05,0.04,1.0,-0.5026929974555969,0,False
299,38.130903015844524,38.06,0.2010000000000005,323,0.6918240186985612,0.1783490459264635,2.4684715564508526,1.9485977030450503,0.3280634880065918,0.01412068098099277,0.18819647052060068,0.01412068098099277,0.0,-0.0,False,False,20,0.5,100,0.392,0.05,0.04,1.0,-0.4369394779205322,0,False
300,38.33197581907734,38.260000000000005,0.19599999999999795,323,0.6604414578335174,0.20650325971268502,2.4067265016193096,1.9112335356038876,0.32177290320396423,0.01215544427498468,0.20035191479558537,0.014655444274984681,0.0,-0.0025,True,True,21,0.5,100,0.032,0.05,0.042,0.22432541847229004,1.0,0,False
301,38.431922474876046,38.36,0.10000000000000142,161,0.6491718106815525,0.2161504064031784,2.4803486310824434,1.8983001597943314,0.31959545612335205,0.005072891528035826,0.2054248063236212,0.005072891528035826,0.0,-0.0,False,False,21,0.5,100,0.052,0.05,0.042,0.19744998216629028,1.0,0,False
302,38.53265065420419,38.46,0.10099999999999909,162,0.6415320094893648,0.22149859949367562,2.6103588103591053,1.8906693211427794,0.3183107376098633,0.0029930636298888123,0.20841786995351003,0.0029930636298888123,0.0,-0.0,False,False,21,0.5,100,0.072,0.05,0.042,0.1716456264257431,1.0,0,False
303,38.63289666827768,38.56,0.10000000000000142,162,0.6375857707164028,0.22346369413776554,2.7990008286977974,1.887484258512702,0.3177745044231415,0.0012492853737725918,0.2096671553272826,0.0012492853737725918,0.0,-0.0,False,False,21,0.5,100,0.092,0.05,0.042,0.16182231903076172,0.9999999403953552,0,False
304,38.73352118907496,38.660000000000004,0.10099999999999909,162,0.6347855896450155,0.2242085104554506,2.9971340889891263,1.8858388876936854,0.31749749183654785,0.0006453680625363116,0.21031252338981893,0.0006453680625363116,0.0,-0.0,False,False,21,0.5,100,0.112,0.05,0.042,0.1017761155962944,0.9999998211860657,0,False
305,38.83478364394978,38.760000000000005,0.10099999999999909,163,0.6330283814006448,0.22432407075649574,-3.086580613497721,1.8851393174433622,0.3173797130584717,0.0002743942531622901,0.2105869176429812,0.0002743942531622901,0.0,-0.0,False,False,21,0.5,100,0.132,0.05,0.042,0.08453160524368286,0.9999991059303284,0,False
306,38.93466357095167,38.86,0.10000000000000142,161,0.6314871501447066,0.22410361431474415,-2.8872219312056706,1.8848298921403346,0.317327618598938,0.00012136668889871026,0.2107082843318799,0.00012136668889871026,0.0,-0.0,False,False,21,0.5,100,0.152,0.05,0.042,0.10765994340181351,0.9999920129776001,0,False
307,39.035603559110314,38.96,0.10099999999999909,163,0.6293062905264958,0.22330007029022042,-2.6881380622569924,1.8848578607890063,0.31733232736587524,-1.0970215586910315e-05,0.210697314116293,-1.0970215586910315e-05,0.0,-0.0,False,False,21,0.5,100,0.172,0.05,0.042,0.18404735624790192,0.9999203681945801,0,False
308,39.135902281850576,39.06,0.10000000000000142,161,0.6258512153135004,0.22116581066091148,-2.4891374943108246,1.8857202864619758,0.3174775242805481,-0.00033827145784589055,0.2103590426584471,-0.00033827145784589055,0.0,-0.0,False,False,21,0.5,100,0.192,0.05,0.042,0.2586730718612671,0.9990626573562622,0,False
309,39.33682580618188,39.260000000000005,0.2010000000000005,324,0.6180222071720162,0.21210048416034422,-2.0940199870732883,1.8917018599257085,0.3184845745563507,-0.0023461680689795777,0.20801287458946752,-0.0023461680689795777,0.0,-0.0,False,False,21,0.5,100,0.232,0.05,0.042,0.3289090394973755,0.9039761424064636,0,False
310,39.43756703520194,39.36,0.10099999999999909,162,0.6158786195517503,0.2076856702010759,-1.9241513887352428,1.8951774070650926,0.3190697133541107,-0.001363222866039637,0.2066496517234279,-0.001363222866039637,0.0,-0.0,False,False,21,0.5,100,0.252,0.05,0.042,0.1486273854970932,0.11565270274877548,0,False
311,39.637817224022,39.56,0.19999999999999574,320,0.6135122457237563,0.20031844224718517,-1.8685791685249116,1.90138131358409,0.3201141953468323,-0.0024333743397214344,0.20421627738370646,-0.0024333743397214344,0.0,-0.0,False,False,21,0.5,100,0.292,0.05,0.042,0.18646596372127533,0.022763075307011604,0,False
312,39.739262108225375,39.68,0.10099999999999909,162,0.6120730036298137,0.1955989065099508,-1.864199263099165,1.905386140847074,0.3207884430885315,-0.0015708237812611426,0.20264545360244532,-0.0015708237812611426,0.0,-0.0,False,False,21,0.5,100,0.316,0.05,0.042,0.18959754705429077,0.01572561264038086,0,False
313,39.84021623618901,39.78,0.1010000000000062,162,0.6108659338378423,0.19158521021344507,-1.86165517318928,1.9088009712364935,0.3213633596897125,-0.0013394077777718067,0.2013060458246735,-0.0013394077777718067,0.0,-0.0,False,False,21,0.5,100,0.336,0.05,0.042,0.19247376918792725,0.012791412882506847,0,False
314,40.04069958301261,39.980000000000004,0.2009999999999934,321,0.608441740988395,0.18341122524446785,-1.856841675145283,1.9157756087448399,0.3225376009941101,-0.0027356801540606617,0.19857036567061284,-0.0027356801540606617,0.0,-0.0,False,False,21,0.5,100,0.376,0.05,0.042,0.19645574688911438,0.009174611419439316,0,False
315,40.14067351911217,40.080000000000005,0.10000000000000142,160,0.6072243566434091,0.17925775750564935,-1.855050925431585,1.9193290432602723,0.3231358528137207,-0.0013937728334970452,0.1971765928371158,-0.0013937728334970452,0.0,-0.0,False,False,21,0.5,100,0.396,0.05,0.042,0.19815288484096527,0.007609086576849222,0,False
316,40.241341749206185,40.18,0.10000000000000142,161,0.6054215438851879,0.17304380684178164,-1.8498158380205647,1.924656893815492,0.32403284311294556,-0.004589756637570577,0.19258683619954522,-0.002089756637570576,0.0,-0.0025,True,True,22,0.5,100,0.016,0.05,0.044,0.9997867941856384,-0.10996115207672119,0,False
317,40.34240478603169,40.28,0.10000000000000142,160,0.6011263657412657,0.15779028166123277,-1.8421265642900841,1.937805344992999,0.3262465000152588,-0.005157251097264524,0.1874295851022807,-0.005157251097264524,0.0,-0.0,False,False,22,0.5,100,0.036,0.05,0.044,0.9997852444648743,-0.1092953309416771,0,False
318,40.44218355324119,40.38,0.10000000000000142,157,0.5951782126352411,0.13690118781159646,-1.8617644138375427,1.9558564524592088,0.32928556203842163,-0.0070802326852158265,0.18034935241706487,-0.0070802326852158265,0.0,-0.0,False,False,22,0.5,100,0.056,0.05,0.044,0.9997790455818176,-0.10901328176259995,0,False
319,40.6427276590839,40.580000000000005,0.2010000000000005,314,0.5817097253401444,0.09495362575135717,-1.9028494618020337,1.9918804259820524,0.33535051345825195,-0.014129776539485757,0.16621957587757913,-0.014129776539485757,0.0,-0.0,False,False,22,0.5,100,0.096,0.05,0.044,0.9997671842575073,-0.1090676486492157,0,False
320,40.743529248051345,40.68,0.10099999999999909,161,0.574296422387156,0.07420101454266356,-1.9247969376168694,2.0096065306700246,0.338334858417511,-0.0069527560028255124,0.1592668198747536,-0.0069527560028255124,0.0,-0.0,False,False,22,0.5,100,0.116,0.05,0.044,0.9997623562812805,-0.10980083793401718,0,False
321,40.84376722201705,40.78,0.10000000000000142,162,0.5664327771633063,0.053611399722500126,-1.9468161854333053,2.0271345535993657,0.3412858545780182,-0.006875061881042105,0.1523917579937115,-0.006875061881042105,0.0,-0.0,False,False,22,0.5,100,0.136,0.05,0.044,0.9997574090957642,-0.11053840816020966,0,False
322,41.04387383116409,40.980000000000004,0.19999999999999574,318,0.5493529630498707,0.012967710092388583,-1.9910366400046777,2.0615736960363935,0.3470839858055115,-0.013508154133473076,0.1388836038602384,-0.013508154133473076,0.0,-0.0,False,False,22,0.5,100,0.176,0.05,0.044,0.9997473359107971,-0.1120428591966629,0,False
323,41.144779989961535,41.080000000000005,0.10099999999999909,162,0.5401434473271304,-0.007059990128098261,-2.0133610960542407,2.078471716303563,0.34992891550064087,-0.006627954303358603,0.1322556495568798,-0.006627954303358603,0.0,-0.0,False,False,22,0.5,100,0.196,0.05,0.044,0.9997457265853882,-0.11277105659246445,0,False
324,41.24576611723751,41.18,0.10099999999999909,162,0.5304889789833944,-0.026866879496570482,-2.0358431926756313,2.0951390837275725,0.3527350127696991,-0.006537484740638562,0.12571816481624123,-0.006537484740638562,0.0,-0.0,False,False,22,0.5,100,0.216,0.05,0.044,0.9997442960739136,-0.11352293938398361,0,False
325,41.34600778995082,41.28,0.10000000000000142,161,0.5203919621703432,-0.046445148114207316,-2.058518963499171,2.111574205157547,0.35550200939178467,-0.0064463902922201125,0.11927177452402113,-0.0064463902922201125,0.0,-0.0,False,False,22,0.5,100,0.236,0.05,0.044,0.9997434020042419,-0.11502762138843536,0,False
326,41.446644730865955,41.38,0.10000000000000142,162,0.5098485561089927,-0.06578874708691813,-2.081474883423725,2.1277754874426136,0.3582296371459961,-0.006354670958103949,0.11291710356591718,-0.006354670958103949,0.0,-0.0,False,False,22,0.5,100,0.256,0.05,0.044,0.9997426271438599,-0.11655054241418839,0,False
327,41.54687998397276,41.480000000000004,0.10000000000000142,161,0.49885793306815035,-0.0848860195735538,-2.104736571524649,2.143737089029568,0.3609169125556946,-0.0062606603764282275,0.10665644318948896,-0.0062606603764282275,0.0,-0.0,False,False,22,0.5,100,0.276,0.05,0.044,0.9997420310974121,-0.11809409409761429,0,False
328,41.64693056885153,41.580000000000005,0.10000000000000142,161,0.48742093744839526,-0.10372399068164738,-2.128321921871672,2.159452283281389,0.3635627031326294,-0.0061640113884725576,0.1004924318010164,-0.0061640113884725576,0.0,-0.0,False,False,22,0.5,100,0.296,0.05,0.044,0.9997426867485046,-0.11968035250902176,0,False
329,41.74750497890636,41.68,0.10099999999999909,163,0.4755380130401771,-0.12228901772281014,-2.152224892093208,2.1749131044437067,0.3661656677722931,-0.0060642379720264065,0.09442819382899,-0.0060642379720264065,0.0,-0.0,False,False,22,0.5,100,0.316,0.05,0.044,0.999744176864624,-0.1213005855679512,0,False
330,41.94861383084208,41.88,0.19999999999999574,325,0.4504383876940842,-0.15853978588099063,-2.2009762454705872,2.2050371092309042,0.37123730778694153,-0.011815616504592136,0.08261257732439786,-0.011815616504592136,0.0,-0.0,False,False,22,0.5,100,0.356,0.05,0.044,0.9997473955154419,-0.1245996356010437,0,False
331,42.04897466301918,41.980000000000004,0.10000000000000142,161,0.43723047229335416,-0.17618678682947275,-2.2258464671717753,2.2196755105088597,0.373701810836792,-0.005741658088374768,0.0768709192360231,-0.005741658088374768,0.0,-0.0,False,False,22,0.5,100,0.376,0.05,0.044,0.9997491240501404,-0.12628056108951569,0,False
332,42.14966492308304,42.080000000000005,0.10099999999999909,162,0.42359028582390074,-0.1934944113916452,-2.251089752227703,2.2340202409757604,0.37611687183380127,-0.005626470824711513,0.07124444841131158,-0.005626470824711513,0.0,-0.0,False,False,22,0.5,100,0.396,0.05,0.044,0.9997501969337463,-0.12792497873306274,0,False
333,42.2500114752911,42.18,0.10000000000000142,161,0.40954422671855306,-0.21031562765637485,-2.295083026569776,2.247937121924688,0.3784599006175995,-0.007958654298928978,0.06328579411238261,-0.005458654298928977,0.0,-0.0025,True,True,23,0.5,100,0.016,0.05,0.046,0.8983091115951538,-0.9992752075195312,0,False
334,42.35025438806042,42.28,0.10000000000000142,161,0.39415776287837784,-0.22533738349353097,-2.4607476967160493,2.2599749699264544,0.3804865777492523,-0.004721636334020615,0.05856415777836199,-0.004721636334020615,0.0,-0.0,False,False,23,0.5,100,0.036,0.05,0.046,0.8918090462684631,-0.9995113015174866,0,False
335,42.44987290725112,42.38,0.10000000000000142,160,0.37726157509953057,-0.23641476722948415,-2.6609410488050536,2.2680117080172755,0.3818396329879761,-0.0031522706193881085,0.05541188715897388,-0.0031522706193881085,0.0,-0.0,False,False,23,0.5,100,0.056,0.05,0.046,0.935066819190979,-0.9996579885482788,0,False
336,42.65022162394598,42.580000000000005,0.19999999999999574,323,0.3365210544704149,-0.2481876901338476,-3.0594642881801715,2.27323441061483,0.38271892070770264,-0.0020485141815031445,0.053363372977470735,-0.0020485141815031445,0.0,-0.0,False,False,23,0.5,100,0.096,0.05,0.046,0.973594605922699,-0.9957932829856873,0,False
337,42.751128491945565,42.68,0.10099999999999909,162,0.3147348597755266,-0.2478552027114648,3.026027960248432,2.2697822296882606,0.3821377158164978,0.0013540578758023624,0.054717430853273095,0.0013540578758023624,0.0,-0.0,False,False,23,0.5,100,0.116,0.05,0.046,0.9795791506767273,-0.9743236303329468,0,False
338,42.8519975701347,42.78,0.10099999999999909,162,0.2933165372790788,-0.24327163859431422,2.835085201406044,2.2623664664046594,0.3808892071247101,0.002908704060660114,0.05762613491393321,0.002908704060660114,0.0,-0.0,False,False,23,0.5,100,0.136,0.05,0.046,0.9890036582946777,-0.819267213344574,0,False
339,42.95242889225483,42.88,0.10000000000000142,162,0.27382227855407987,-0.2352970569557068,2.668480753284105,2.252006206272912,0.37914496660232544,0.004063631694035897,0.061689766607969106,0.004063631694035897,0.0,-0.0,False,False,23,0.5,100,0.156,0.05,0.046,0.9974759817123413,-0.27828267216682434,0,False
340,43.052160079125315,42.980000000000004,0.10000000000000142,160,0.2560015365305135,-0.225206467799321,2.6063206800916414,2.2398840982916024,0.37710410356521606,0.00475468584426992,0.06644445245223903,0.00475468584426992,0.0,-0.0,False,False,23,0.5,100,0.176,0.05,0.046,0.9993956685066223,0.240700826048851,0,False
341,43.152361582033336,43.080000000000005,0.10000000000000142,159,0.23754242196941974,-0.2146253959784256,2.647318616997727,2.2273284762558796,0.3749902546405792,0.004924724185867728,0.07136917663810675,0.004924724185867728,0.0,-0.0,False,False,23,0.5,100,0.196,0.05,0.046,0.9977833032608032,-0.2600763738155365,0,False
342,43.2521280888468,43.18,0.10000000000000142,160,0.21836409734113804,-0.20428927902871147,2.624599423564825,2.2150787391879097,0.3729279041290283,0.004804746131853365,0.07617392276996011,0.004804746131853365,0.0,-0.0,False,False,23,0.5,100,0.216,0.05,0.046,0.9986360669136047,-0.06525703519582748,0,False
343,43.45253262622282,43.38,0.19999999999999574,323,0.18037108506559096,-0.18228902470205388,2.619001355865899,2.1897302926530453,0.3686602711677551,0.00994248690899168,0.08611640967895179,0.00994248690899168,0.0,-0.0,False,False,23,0.5,100,0.256,0.05,0.046,0.997756838798523,-0.29021310806274414,0,False
344,43.55230298312381,43.480000000000004,0.10000000000000142,161,0.16165336113451187,-0.17069404054017942,2.5780348028981304,2.1767048681263415,0.36646732687950134,0.005108996035030802,0.09122540571398259,0.005108996035030802,0.0,-0.0,False,False,23,0.5,100,0.276,0.05,0.046,0.9994558691978455,0.21252650022506714,0,False
345,43.652252547908574,43.580000000000005,0.10000000000000142,161,0.14286137638239937,-0.15944726103633897,2.615704088868324,2.1641676558340484,0.3643565773963928,0.004917503284468662,0.09614290899845125,0.004917503284468662,0.0,-0.0,False,False,23,0.5,100,0.296,0.05,0.046,0.9973370432853699,-0.4149031937122345,0,False
346,43.752488621044904,43.68,0.10000000000000142,162,0.12410709293928415,-0.14780523094024792,2.5496745215990475,2.1513879305754235,0.36220499873161316,0.005012624774051758,0.10115553377250301,0.005012624774051758,0.0,-0.0,False,False,23,0.5,100,0.316,0.05,0.046,0.9994869232177734,0.21393167972564697,0,False
347,43.95247366093099,43.88,0.19999999999999574,323,0.08722289013853567,-0.12396497920966822,2.547825131350759,2.125755195117983,0.3578895032405853,0.010053994290211202,0.11120952806271421,0.010053994290211202,0.0,-0.0,False,False,23,0.5,100,0.356,0.05,0.046,0.9990134239196777,-0.013002646155655384,0,False
348,44.05266877403483,43.980000000000004,0.10000000000000142,162,0.06919713132109886,-0.11141360969147786,2.5479672461603875,2.1125472663078573,0.35566583275794983,0.005180580163322868,0.11639010822603708,0.005180580163322868,0.0,-0.0,False,False,23,0.5,100,0.376,0.05,0.046,0.9987421631813049,-0.165800079703331,0,False
349,44.152544720098376,44.080000000000005,0.10000000000000142,162,0.05087556120815242,-0.09924907452507038,2.5336321222974094,2.099865431319584,0.35353073477745056,0.004974229019497398,0.12136433724553448,0.004974229019497398,0.0,-0.0,False,False,23,0.5,100,0.396,0.05,0.046,0.9986310601234436,-0.1745111346244812,0,False
350,44.25278808316216,44.18,0.10000000000000142,161,0.03403056267892473,-0.08677195764615808,2.4840308662839172,2.0870494176243914,0.3513730466365814,0.002526858281617027,0.12389119552715151,0.005026858281617027,0.0,-0.0025,True,True,24,0.5,100,0.016,0.05,0.048,0.9142821431159973,-0.2422986775636673,0,False
351,44.4536595758982,44.38,0.2010000000000005,325,0.0034101013858870034,-0.06055688674587015,2.3854990871398964,2.060559744013658,0.34691327810287476,0.010390113363986108,0.13428130889113762,0.010390113363986108,0.0,-0.0,False,False,24,0.5,100,0.056,0.05,0.048,0.9091736078262329,-0.22693853080272675,0,False
352,44.654794447124004,44.580000000000005,0.2010000000000005,326,-0.024542695894446475,-0.03181181849467228,2.2987073079847473,2.031960030579075,0.34209826588630676,0.011217739755103085,0.14549904864624072,0.011217739755103085,0.0,-0.0,False,False,24,0.5,100,0.096,0.05,0.048,0.9055477380752563,-0.204737588763237,0,False
353,44.85569005925208,44.78,0.2009999999999934,323,-0.04991011842012994,-0.0009645752669401231,2.2199674338611333,2.001586963205287,0.33698469400405884,0.011913306968711417,0.15741235561495215,0.011913306968711417,0.0,-0.0,False,False,24,0.5,100,0.136,0.05,0.048,0.9022722840309143,-0.18474112451076508,0,False
354,44.956657805945724,44.88,0.1010000000000062,164,-0.06165821663641883,0.015112885921671086,2.1835032018710923,1.9858445083718497,0.3343343138694763,0.006174703877082494,0.16358705949203464,0.006174703877082494,0.0,-0.0,False,False,24,0.5,100,0.156,0.05,0.048,0.9009999632835388,-0.17333494126796722,0,False
355,45.15788300614804,45.080000000000005,0.2010000000000005,325,-0.08343016878349631,0.04838387101191718,2.1189298150023026,1.953398574694599,0.3288717567920685,0.012726352693542038,0.17631341218557667,0.012726352693542038,0.0,-0.0,False,False,24,0.5,100,0.196,0.05,0.048,0.9014197587966919,-0.14202925562858582,0,False
356,45.25866350485012,45.18,0.10099999999999909,163,-0.09355184069769695,0.06549869275101232,2.0911298576035824,1.9367620081874817,0.3260708451271057,0.00652540361714393,0.1828388158027206,0.00652540361714393,0.0,-0.0,False,False,24,0.5,100,0.216,0.05,0.048,0.9010647535324097,-0.1289120763540268,0,False
357,45.45951313804835,45.38,0.2010000000000005,323,-0.11243616316254308,0.1004348255601076,2.043034285789837,1.9028898504447314,0.3203681707382202,0.013285764256732528,0.19612458005945313,0.013285764256732528,0.0,-0.0,False,False,24,0.5,100,0.256,0.05,0.048,0.8997167944908142,-0.10648905485868454,0,False
358,45.66092690592632,45.580000000000005,0.2010000000000005,325,-0.1297428400713991,0.13610729221922163,2.002978300456494,1.8684029134814923,0.31456199288368225,0.013526900704412738,0.20965148076386586,0.013526900704412738,0.0,-0.0,False,False,24,0.5,100,0.296,0.05,0.048,0.899111270904541,-0.09115254878997803,0,False
359,45.86191058717668,45.78,0.2009999999999934,324,-0.14569776908862495,0.17237397743855976,1.9682165126829594,1.833424400965331,0.30867305397987366,0.013719712658115201,0.22337119342198106,0.013719712658115201,0.0,-0.0,False,False,24,0.5,100,0.336,0.05,0.048,0.8989691138267517,-0.08022487908601761,0,False
360,45.962796475272626,45.900000000000006,0.1010000000000062,162,-0.15469032109251052,0.19437625044921503,1.949355369440604,1.8157783078545717,0.30570217967033386,0.006921372854437617,0.23029256627641867,0.006921372854437617,0.0,-0.0,False,False,24,0.5,100,0.356,0.05,0.048,0.8990084528923035,-0.07561662048101425,0,False
361,46.163293399848044,46.1,0.19999999999999574,324,-0.16879797509363031,0.23139375427152814,1.9206532659697895,1.7766430876921326,0.2991134226322174,0.01285010887591815,0.2431426751523368,0.01535010887591815,0.0,-0.0025,True,True,25,0.5,100,0.0,0.05,0.05,0.8992785811424255,-0.0678219199180603,0,False
362,46.26430274685845,46.2,0.10099999999999909,163,-0.17557861908676684,0.2502821291906005,1.9218950290387418,1.7585052420116878,0.2960597574710846,0.007114254239884106,0.25025692939222094,0.007114254239884106,0.0,-0.0,False,False,25,0.5,100,0.02,0.05,0.05,0.9646207094192505,0.7314618825912476,0,False
363,46.36450231028721,46.300000000000004,0.10000000000000142,161,-0.1835534505570343,0.2688300920405148,2.0469452192944475,1.7408736642755556,0.2930913269519806,0.006915679451411475,0.2571726088436324,0.006915679451411475,0.0,-0.0,False,False,25,0.5,100,0.04,0.05,0.05,0.9422916173934937,0.7669994831085205,0,False
364,46.46381558012217,46.400000000000006,0.10000000000000142,161,-0.1941716456482813,0.2860632027530479,2.2011684366582642,1.7249005565989572,0.2904021143913269,0.0062651734398027955,0.26343778228343523,0.0062651734398027955,0.0,-0.0,False,False,25,0.5,100,0.06,0.05,0.05,0.897351086139679,0.7610652446746826,0,False
365,46.56475851684809,46.5,0.10099999999999909,162,-0.20662764999029873,0.3007063466095301,2.3497817061392046,1.7118101669199588,0.28819823265075684,0.005134477485159956,0.26857225976859517,0.005134477485159956,0.0,-0.0,False,False,25,0.5,100,0.08,0.05,0.05,0.8426869511604309,0.6483057141304016,0,False
366,46.66586490301415,46.6,0.10099999999999909,162,-0.22093344522027664,0.31346270334071114,2.4724132031054618,1.7009466481288817,0.286369264125824,0.004261026142856953,0.2728332859114521,0.004261026142856953,0.0,-0.0,False,False,25,0.5,100,0.1,0.05,0.05,0.8161807656288147,-0.024210400879383087,0,False
367,46.766491692047566,46.7,0.10000000000000142,162,-0.23721626864404552,0.3255898347353857,2.505725696955641,1.6911300064785972,0.28471654653549194,0.003850406807532536,0.27668369271898463,0.003850406807532536,0.0,-0.0,False,False,25,0.5,100,0.12,0.05,0.05,0.7778750658035278,-0.22251175343990326,0,False
368,46.867127722129226,46.800000000000004,0.10000000000000142,163,-0.25134448089031797,0.3363858785315305,2.4686547569190966,1.6824940666424968,0.28326261043548584,0.003387297073576977,0.2800709897925616,0.003387297073576977,0.0,-0.0,False,False,25,0.5,100,0.14,0.05,0.05,0.7975078821182251,-0.14462047815322876,0,False
369,46.96697745798156,46.900000000000006,0.10000000000000142,161,-0.2649837616609381,0.34755698253362177,2.442668384029249,1.6735543660398087,0.28175753355026245,0.00350644194666059,0.28357743173922223,0.00350644194666059,0.0,-0.0,False,False,25,0.5,100,0.16,0.05,0.05,0.8043954968452454,-0.11947467178106308,0,False
370,47.06780412606895,47.0,0.10099999999999909,163,-0.2784491842906798,0.3591562577316177,2.420127657186458,1.6643022308491093,0.2801998555660248,0.003628988975211049,0.28720642071443325,0.003628988975211049,0.0,-0.0,False,False,25,0.5,100,0.18,0.05,0.05,0.8098363876342773,-0.09175259619951248,0,False
371,47.168706353288144,47.1,0.10099999999999909,162,-0.291754895429661,0.37107195697827083,2.402357566610861,1.6548497126818498,0.27860844135284424,0.0037075857096694922,0.29091400642410276,0.0037075857096694922,0.0,-0.0,False,False,25,0.5,100,0.2,0.05,0.05,0.8123776912689209,-0.08054791390895844,0,False
372,47.268815606832504,47.2,0.10000000000000142,161,-0.3048948783923778,0.3832364174752854,2.3865025298213807,1.6452614226567972,0.27699416875839233,0.0037608398574871826,0.29467484628158996,0.0037608398574871826,0.0,-0.0,False,False,25,0.5,100,0.22,0.05,0.05,0.8136805295944214,-0.07750585675239563,0,False
373,47.46899787383154,47.400000000000006,0.19999999999999574,323,-0.3306575246253155,0.40822493592826037,2.3558422562319405,1.6257559454596524,0.2737102508544922,0.007650683895737427,0.3023255301773274,0.007650683895737427,0.0,-0.0,False,False,25,0.5,100,0.26,0.05,0.05,0.8155035376548767,-0.07676851004362106,0,False
374,47.568903799168766,47.5,0.10000000000000142,161,-0.34326965854201275,0.42103171038121207,2.3405102734017613,1.6158511494610224,0.2720426917076111,0.003884983816154764,0.30621051399348215,0.003884983816154764,0.0,-0.0,False,False,25,0.5,100,0.28,0.05,0.05,0.8163789510726929,-0.0768728256225586,0,False
375,47.66954015893862,47.6,0.10099999999999909,162,-0.35569594505017454,0.43404285184046887,2.3251790095506197,1.6058459849573488,0.27035823464393616,0.003924351615128098,0.31013486560861026,0.003924351615128098,0.0,-0.0,False,False,25,0.5,100,0.3,0.05,0.05,0.8171681761741638,-0.07750212401151657,0,False
376,47.76987776113674,47.7,0.10000000000000142,162,-0.36793393294724797,0.44725597168844494,2.3097372326159245,1.5957409829989222,0.26865696907043457,0.003963511118869007,0.31409837672747926,0.003963511118869007,0.0,-0.0,False,False,25,0.5,100,0.32,0.05,0.05,0.8180977702140808,-0.07673106342554092,0,False
377,47.86982487514615,47.800000000000004,0.10000000000000142,161,-0.3799788138418449,0.46067254111228917,2.2944758129187663,1.5855324262337045,0.2669382691383362,0.004004128689238377,0.31810250541671764,0.004004128689238377,0.0,-0.0,False,False,25,0.5,100,0.34,0.05,0.05,0.8189606070518494,-0.07639458030462265,0,False
378,47.97097171097994,47.900000000000006,0.10099999999999909,164,-0.39182974344030685,0.47428766195719974,2.2792536397553818,1.5752233239466793,0.2652026414871216,0.004043565919955999,0.3221460713366736,0.004043565919955999,0.0,-0.0,False,False,25,0.5,100,0.36,0.05,0.05,0.8197745084762573,-0.07646767050027847,0,False
379,48.070653098169714,48.0,0.10000000000000142,161,-0.4034832656683119,0.488095783666091,2.264008569066722,1.5648172164731213,0.2634506821632385,0.004081614515789272,0.32622768585246287,0.004081614515789272,0.0,-0.0,False,False,25,0.5,100,0.38,0.05,0.05,0.8205667734146118,-0.07674199342727661,0,False
380,48.27150287013501,48.2,0.2010000000000005,323,-0.42709151577564447,0.5178333619592002,2.1936577868861904,1.542473629502841,0.25968894362449646,0.006263883050836378,0.33249156890329923,0.008763883050836379,0.0,-0.0025,True,True,26,0.5,100,0.02,0.05,0.052,0.9999998211860657,-0.36915069818496704,0,False
381,48.37285914318636,48.300000000000004,0.10099999999999909,163,-0.4393571570338054,0.5362528766576277,2.1221743771764356,1.5282637858099142,0.2572965919971466,0.005573563835615084,0.3380651327389143,0.005573563835615084,0.0,-0.0,False,False,26,0.5,100,0.04,0.05,0.052,0.9999996423721313,-0.36637717485427856,0,False
382,48.47358027193695,48.400000000000006,0.10099999999999909,162,-0.4502490825093038,0.5555207168563733,2.0491747715387563,1.5130249436693333,0.2547309994697571,0.005977170564773124,0.34404230330368746,0.005977170564773124,0.0,-0.0,False,False,26,0.5,100,0.06,0.05,0.052,0.9999994039535522,-0.3623354732990265,0,False
383,48.57482452597469,48.5,0.10099999999999909,162,-0.4597242454833194,0.5755254437252864,1.9767699717851197,1.4968213601663383,0.2520029842853546,0.006355573570778723,0.35039787687446616,0.006355573570778723,0.0,-0.0,False,False,26,0.5,100,0.08,0.05,0.052,0.9999989867210388,-0.358201801776886,0,False
384,48.67448964295909,48.6,0.10000000000000142,160,-0.46774617190673623,0.5961549525925772,1.9054868991044462,1.4797187085202783,0.24912360310554504,0.006708217399678457,0.35710609427414464,0.006708217399678457,0.0,-0.0,False,False,26,0.5,100,0.1,0.05,0.052,0.9999979734420776,-0.3525373935699463,0,False
385,48.77595579624176,48.7,0.10099999999999909,162,-0.4742901564430494,0.6172940709548795,1.8356646245597477,1.4617889460456164,0.24610497057437897,0.007032637224552135,0.3641387314986968,0.007032637224552135,0.0,-0.0,False,False,26,0.5,100,0.12,0.05,0.052,0.9999948143959045,-0.34594473242759705,0,False
386,48.875923560000956,48.800000000000004,0.10000000000000142,161,-0.4793560846465441,0.6388293708152436,1.7670422872971205,1.44311040266031,0.24296027421951294,0.0073263335026078616,0.37146506500130466,0.0073263335026078616,0.0,-0.0,False,False,26,0.5,100,0.14,0.05,0.052,0.9999863505363464,-0.33351820707321167,0,False
387,48.97685007704422,48.900000000000006,0.10099999999999909,162,-0.4829584971726163,0.6606509125445776,1.7014900042808647,1.4237643290589184,0.2397031933069229,0.007588160610066206,0.3790532256113709,0.007588160610066206,0.0,-0.0,False,False,26,0.5,100,0.16,0.05,0.052,0.9999629855155945,-0.3076533079147339,0,False
388,49.07691143127158,49.0,0.10000000000000142,160,-0.48518019594247114,0.6826490706428969,1.6412493003602073,1.4038565812661614,0.23635154962539673,0.0078084675344801445,0.38686169314585106,0.0078084675344801445,0.0,-0.0,False,False,26,0.5,100,0.18,0.05,0.052,0.9999150037765503,-0.271131306886673,0,False
389,49.27761688409373,49.2,0.19999999999999574,323,-0.48607359149719953,0.7268024764567426,1.5466714971088913,1.3628277242735523,0.2294439822435379,0.016092854959724713,0.4029545481055758,0.016092854959724713,0.0,-0.0,False,False,26,0.5,100,0.22,0.05,0.052,0.999689519405365,-0.17766550183296204,0,False
390,49.37795008625835,49.300000000000004,0.10000000000000142,163,-0.48515783877683155,0.7488400721601042,1.5126374363239712,1.3419311608385114,0.22592586278915405,0.008196313257699993,0.4111508613632758,0.008196313257699993,0.0,-0.0,False,False,26,0.5,100,0.24,0.05,0.052,0.9995124340057373,-0.14599205553531647,0,False
391,49.47868328401819,49.400000000000006,0.10099999999999909,163,-0.4835604275186229,0.7708213143367858,1.4845709339191233,1.3208751052993357,0.2223808914422989,0.00825887125924327,0.41940973262251907,0.00825887125924327,0.0,-0.0,False,False,26,0.5,100,0.26,0.05,0.052,0.999297022819519,-0.11923637241125107,0,False
392,49.57958688121289,49.5,0.10099999999999909,163,-0.48140339689449796,0.7927410289953544,1.4614246118839358,1.2997013336122691,0.2188161015510559,0.008305043369150384,0.42771477599166946,0.008305043369150384,0.0,-0.0,False,False,26,0.5,100,0.28,0.05,0.052,0.9990886449813843,-0.10501694679260254,0,False
393,49.680910155177116,49.6,0.10099999999999909,164,-0.4787706824669098,0.8146005636954204,1.4409528293132128,1.278433920057181,0.21523554623126984,0.00834177276184342,0.4360565487535129,0.00834177276184342,0.0,-0.0,False,False,26,0.5,100,0.3,0.05,0.052,0.9988536238670349,-0.09309893846511841,0,False
394,49.78195860097185,49.7,0.1010000000000062,164,-0.47571858518320553,0.8363973452016831,1.422816266317463,1.2570916284110285,0.21164238452911377,0.008371142389648993,0.4444276911431619,0.008371142389648993,0.0,-0.0,False,False,26,0.5,100,0.32,0.05,0.052,0.9986004829406738,-0.08266716450452805,0,False
395,49.9826759332791,49.900000000000006,0.2009999999999934,325,-0.4685459840360527,0.8797959535670704,1.392381626347127,1.2142456058301871,0.20442888140678406,0.016805606530027814,0.4612332976731897,0.016805606530027814,0.0,-0.0,False,False,26,0.5,100,0.36,0.05,0.052,0.9980654716491699,-0.06557641178369522,0,False
396,50.08394148712978,50.0,0.1010000000000062,164,-0.4645026901738284,0.9013994900583282,1.3796034480791042,1.192763913482585,0.20081225037574768,0.008425819888223175,0.4696591175614129,0.008425819888223175,0.0,-0.0,False,False,26,0.5,100,0.38,0.05,0.052,0.997799813747406,-0.05787895619869232,0,False
397,50.184971953276545,50.120000000000005,0.10099999999999909,162,-0.4593147980527465,0.9272481261630711,1.3662452461210757,1.1712526593354369,0.19719064235687256,0.005937414989508234,0.4755965325509211,0.008437414989508235,0.0,-0.0025,True,True,27,0.5,100,0.004,0.05,0.054,0.9813537001609802,-0.0615868978202343,0,False
398,50.284986436832696,50.220000000000006,0.10000000000000142,162,-0.45480071990539345,0.9483779079833347,1.3538727936482113,1.1499946276688273,0.19361166656017303,0.008338092879399689,0.4839346254303208,0.008338092879399689,0.0,-0.0,False,False,27,0.5,100,0.024,0.05,0.054,0.9805492758750916,-0.06150829419493675,0,False
399,50.386285201180726,50.32,0.10099999999999909,163,-0.4500314947546219,0.9694341486261625,1.341751405595131,1.1245418297517347,0.1893264651298523,0.009983416922210168,0.49391804235253095,0.009983416922210168,0.0,-0.0,False,False,27,0.5,100,0.044,0.05,0.054,0.9797691106796265,-0.061315976083278656,0,False
400,50.58674343628809,50.52,0.2010000000000005,320,-0.43973523639298057,1.0113222846982193,1.3174190054455206,1.0820585145198085,0.18217402696609497,0.016663340886118455,0.5105813832386494,0.016663340886118455,0.0,-0.0,False,False,27,0.5,100,0.084,0.05,0.054,0.9784844517707825,-0.06000891327857971,0,False
401,50.78817486204207,50.720000000000006,0.19999999999999574,325,-0.4284540821798216,1.0528913660861599,1.2944022981775865,1.0395131549121894,0.17501114308834076,0.016687676712468003,0.5272690599511174,0.016687676712468003,0.0,-0.0,False,False,27,0.5,100,0.124,0.05,0.054,0.9770047068595886,-0.05339503660798073,0,False
402,50.88806157698855,50.82,0.10000000000000142,162,-0.4224758670170913,1.0735554601572637,1.2838810329327286,1.018226535038235,0.17142735421657562,0.008349306106091428,0.5356183660572088,0.008349306106091428,0.0,-0.0,False,False,27,0.5,100,0.144,0.05,0.054,0.9762340784072876,-0.05047409236431122,0,False
403,50.989236982073635,50.92,0.10000000000000142,162,-0.4162909671609802,1.0941397444660288,1.2739323651108712,0.9969357552703323,0.16784286499023438,-1.4916490622479193,-0.9560306961907105,0.008350937752080652,-1.5,-0.0,False,False,27,0.5,100,0.164,0.05,0.054,0.9754418730735779,-0.04777483642101288,4,True
