ppo_step,t_wall_s,t_sim_s,ppo_step_sim_dt,inner_ticks,x,y,yaw,goal_distance_m,goal_distance_norm,ppo_reward,ppo_reward_cumulative,navigation_reward,terminal_reward,frame_cost_reward,fresh_observation,frame_consumed,episode_frame_count,current_fps,scan_divisor_k,obs_age_ratio,fps_ratio,frame_count_ratio,action_linear,action_angular,outcome,done
1,0.0378915318287909,0.040000000000000036,0.10000000000000003,31,0.02606493239075584,0.00014215759892012724,0.01930888111046101,2.2593483305827946,0.3803810775279999,-0.00017968560582731533,-0.00017968560582731533,-0.00017968560582731533,0.0,-0.0,False,False,1,10.0,5,0.008,1.0,0.002,0.9994568824768066,0.07256024330854416,0,False
2,0.13849037792533636,0.14,0.09999999999999998,156,0.03431616580382468,0.00032521599212791114,0.023623892669075296,2.266669743931319,0.38161370158195496,-0.005741080094643303,-0.005920765700470618,-0.0032410800946433027,0.0,-0.0025,True,True,2,10.0,5,0.008,1.0,0.004,0.9994722008705139,0.06998744606971741,0,False
3,0.23836061777547002,0.24,0.09999999999999998,165,0.052446844615312696,0.0007785811861974547,0.02713196730561906,2.2827573814540605,0.3843221962451935,-0.009621756314346417,-0.015542522014817036,-0.007121756314346417,0.0,-0.0025,True,True,3,10.0,5,0.008,1.0,0.006,0.9995110630989075,0.07108612358570099,0,False
4,0.33839687798172235,0.3400000000000001,0.10000000000000009,165,0.07439662876073269,0.001538628576792109,0.042517664180254634,2.302183024090756,0.3875926733016968,-0.011099441211461843,-0.02664196322627888,-0.008599441211461842,0.0,-0.0025,True,True,4,10.0,5,0.008,1.0,0.008,0.9996572732925415,0.07162592560052872,0,False
5,0.43793675070628524,0.44000000000000006,0.09999999999999998,161,0.09627786867691525,0.0026133301028121933,0.05779602293372563,2.321456609327394,0.39083755016326904,-0.011032127676614233,-0.037674090902893115,-0.008532127676614232,0.0,-0.0025,True,True,5,10.0,5,0.008,1.0,0.01,0.9997172951698303,0.19871610403060913,0,False
6,0.5386829348281026,0.54,0.09999999999999998,162,0.11812712633671897,0.004355662604221907,0.10041240313030499,2.3404636073178304,0.39403754472732544,-0.01091411349328404,-0.048588204396177156,-0.00841411349328404,0.0,-0.0025,True,True,6,10.0,5,0.008,1.0,0.012,0.9993128180503845,0.17991282045841217,0,False
7,0.6383169377222657,0.64,0.09999999999999998,163,0.13990822861372237,0.006913003297636046,0.13579119981966845,2.359116217747248,0.39717787504196167,-0.010757231424873106,-0.059345435821050264,-0.008257231424873106,0.0,-0.0025,True,True,7,10.0,5,0.008,1.0,0.014,0.9997722506523132,0.17562764883041382,0,False
8,0.8386453138664365,0.8400000000000001,0.19999999999999996,326,0.18315867059935736,0.014302775434129007,0.20288062067627044,2.3953665957109225,0.40328094363212585,-0.018547499690075655,-0.07789293551112592,-0.016047499690075656,0.0,-0.0025,True,True,9,10.0,5,0.008,1.0,0.018,0.9970912933349609,0.17708899080753326,0,False
9,0.938245486933738,0.94,0.10000000000000009,162,0.2045003557857771,0.0190861232933146,0.23913970355435227,2.4128848827182576,0.40623030066490173,-0.010255083425683858,-0.08814801893680978,-0.007755083425683857,0.0,-0.0025,True,True,10,10.0,5,0.008,1.0,0.02,0.9958866238594055,0.20506589114665985,0,False
10,1.0379091990180314,1.04,0.10000000000000009,163,0.22555798229148932,0.024679094081595913,0.27930557721068494,2.4298887590101472,0.40909305214881897,-0.010027361502206086,-0.09817538043901586,-0.007527361502206086,0.0,-0.0025,True,True,11,10.0,5,0.008,1.0,0.022,0.999406635761261,0.07562704384326935,0,False
11,1.2389017096720636,1.24,0.19999999999999973,322,0.26750151140731593,0.037367891355616786,0.31887022897941425,2.4633764363420414,0.4147309958934784,-0.017324493475445492,-0.11549987391446134,-0.014824493475445491,0.0,-0.0025,True,True,13,10.0,5,0.008,1.0,0.026,0.9994678497314453,0.14380216598510742,0,False
12,1.3381210057996213,1.34,0.10000000000000009,161,0.28821060889598654,0.04453824726001498,0.34811143711448067,2.4796803883500806,0.4174759089946747,-0.009717515498961092,-0.12521738941342245,-0.007217515498961093,0.0,-0.0025,True,True,14,10.0,5,0.008,1.0,0.028,0.9978029131889343,0.13937728106975555,0,False
13,1.438418042846024,1.4400000000000002,0.10000000000000009,162,0.30868687914241877,0.05228170425147145,0.37599481187522305,2.4956372104844142,0.4201623797416687,-0.009563846300082952,-0.1347812357135054,-0.007063846300082952,0.0,-0.0025,True,True,15,10.0,5,0.008,1.0,0.03,0.997765302658081,0.1514064520597458,0,False
14,1.5381720350123942,1.54,0.10000000000000009,163,0.32888704391703066,0.06060777678144567,0.4051286053405248,2.5112093751911284,0.42278409004211426,-0.009393564214839781,-0.14417479992834517,-0.006893564214839782,0.0,-0.0025,True,True,16,10.0,5,0.008,1.0,0.032,0.9995775818824768,0.061849918216466904,0,False
15,1.7381907626986504,1.74,0.19999999999999973,324,0.3691241533663903,0.07827431565032165,0.42456776036592,2.5421108376046972,0.42798662185668945,-0.016179614844334854,-0.16035441477268003,-0.013679614844334853,0.0,-0.0025,True,True,18,10.0,5,0.008,1.0,0.036,0.9995707273483276,0.016040490940213203,0,False
16,1.8391232560388744,1.84,0.10000000000000009,165,0.38911123593468616,0.08733552199348907,0.42588218232280156,2.557500498027989,0.4305776059627533,-0.009312772300488131,-0.16966718707316816,-0.006812772300488132,0.0,-0.0025,True,True,19,10.0,5,0.008,1.0,0.038,0.9999637007713318,-0.07820822298526764,0,False
17,1.938934575766325,1.9400000000000002,0.10000000000000009,164,0.4092663204371314,0.09625314421739155,0.40802242610976097,2.5731930341340505,0.4332195818424225,-0.00944685083148288,-0.17911403790465105,-0.006946850831482881,0.0,-0.0025,True,True,20,10.0,5,0.008,1.0,0.04,0.9995960593223572,-0.04915352910757065,0,False
18,2.0387369566597044,2.04,0.10000000000000009,163,0.42950769638995867,0.1049239256505937,0.39977502926609226,2.589144368748708,0.4359051287174225,-0.009561417057265455,-0.1886754549619165,-0.007061417057265455,0.0,-0.0025,True,True,21,10.0,5,0.008,1.0,0.042,0.9997748136520386,0.009901677258312702,0,False
19,2.238638105802238,2.24,0.19999999999999973,323,0.4699604190498857,0.12211519404108304,0.40051402076894266,2.621332920051472,0.4413243532180786,-0.01674938982905795,-0.20542484479097445,-0.01424938982905795,0.0,-0.0025,True,True,23,10.0,5,0.008,1.0,0.046,0.9985666275024414,0.16278263926506042,0,False
20,2.338500597048551,2.34,0.10000000000000009,161,0.4899831855871066,0.1309870829712412,0.43530031989502194,2.6372713324423764,0.4440077245235443,-0.009555696582243556,-0.214980541373218,-0.007055696582243556,0.0,-0.0025,True,True,24,10.0,5,0.008,1.0,0.048,0.9998724460601807,0.08840201050043106,0,False
21,2.4390474716201425,2.4400000000000004,0.10000000000000009,159,0.5098478418036813,0.14034232813568645,0.44978434732738626,2.6529884738785983,0.4466538429260254,-0.00945774324282601,-0.224438284616044,-0.006957743242826011,0.0,-0.0025,True,True,25,10.0,5,0.008,1.0,0.05,0.9996746182441711,0.08236489444971085,0,False
22,2.539066410623491,2.54,0.10000000000000009,161,0.529539262157836,0.15003477565021053,0.46514544094796706,2.6685220489308157,0.44926905632019043,-0.0093764811524453,-0.2338147657684893,-0.006876481152445301,0.0,-0.0025,True,True,26,10.0,5,0.008,1.0,0.052,0.9977037310600281,0.09952463209629059,0,False
23,2.738812050782144,2.74,0.19999999999999973,319,0.5684061675736038,0.1704025247728887,0.49424087283066254,2.699063282230162,0.45441094040870667,-0.016020146807763404,-0.2498349125762527,-0.013520146807763403,0.0,-0.0025,True,True,28,10.0,5,0.008,1.0,0.056,0.9990658760070801,0.047299712896347046,0,False
24,2.838812609668821,2.84,0.10000000000000009,165,0.5876932739745369,0.1809157510504194,0.5035180024421874,2.7142320257322994,0.45696473121643066,-0.009214975686413803,-0.2590498882626665,-0.006714975686413803,0.0,-0.0025,True,True,29,10.0,5,0.008,1.0,0.058,0.9988181591033936,0.04954003915190697,0,False
25,2.9388786288909614,2.9400000000000004,0.10000000000000009,165,0.6068741526304553,0.1916126511075571,0.5136546974615761,2.729337397233016,0.45950785279273987,-0.009186921850004779,-0.2682368101126713,-0.006686921850004779,0.0,-0.0025,True,True,30,10.0,5,0.008,1.0,0.06,0.9982452392578125,0.05185072869062424,0,False
26,3.0396762620657682,3.04,0.10000000000000009,166,0.6259262055416726,0.20249262839383433,0.5240832022079115,2.744359039804481,0.4620368778705597,-0.009149856306369258,-0.2773866664190406,-0.006649856306369258,0.0,-0.0025,True,True,31,10.0,5,0.008,1.0,0.062,0.9959011077880859,0.04406670480966568,0,False
27,3.239072473719716,3.24,0.19999999999999973,323,0.663660225735861,0.22470695047373515,0.5394743901333248,2.7741962774344104,0.46706023812294006,-0.01570849846307299,-0.29309516488211357,-0.013208498463072992,0.0,-0.0025,True,True,33,10.0,5,0.008,1.0,0.066,0.999788224697113,0.02384020760655403,0,False
28,3.3393180719576776,3.34,0.10000000000000009,161,0.6824952360498852,0.23603774910133202,0.543647891385422,2.789160920607949,0.46957966685295105,-0.009124623526135182,-0.30221978840824876,-0.006624623526135183,0.0,-0.0025,True,True,34,10.0,5,0.008,1.0,0.068,0.9996564388275146,0.004017428494989872,0,False
29,3.4393789297901094,3.4400000000000004,0.10000000000000009,158,0.7013107480773373,0.247414411039232,0.5456703571701832,2.804186988598507,0.47210943698883057,-0.009151815373157499,-0.31137160378140627,-0.006651815373157499,0.0,-0.0025,True,True,35,10.0,5,0.008,1.0,0.07,0.9998383522033691,0.08760429918766022,0,False
30,3.5391986407339573,3.54,0.10000000000000009,166,0.7199172335874825,0.2590696149577295,0.5675954511170079,2.8190294902050614,0.47460830211639404,-0.009070553282776984,-0.3204421570641833,-0.006570553282776985,0.0,-0.0025,True,True,36,10.0,5,0.008,1.0,0.072,0.9994630217552185,0.09022192656993866,0,False
31,3.7400084920227528,3.74,0.20000000000000018,330,0.7565269895888983,0.2833364142104801,0.6018322457548185,2.8481657414505577,0.47951364517211914,-0.015398182283798545,-0.3358403393479818,-0.012898182283798545,0.0,-0.0025,True,True,38,10.0,5,0.008,1.0,0.076,0.9988803863525391,0.07638835906982422,0,False
32,3.8395720538683236,3.84,0.09999999999999964,166,0.7745328227340226,0.2958927450023971,0.6162089072543878,2.8624812641514406,0.48192378878593445,-0.008837267609620334,-0.34467760695760213,-0.006337267609620334,0.0,-0.0025,True,True,39,10.0,5,0.008,1.0,0.078,0.9997319579124451,0.030914563685655594,0,False
33,3.9398045809939504,3.9400000000000004,0.09999999999999964,168,0.7924456335909185,0.30863067819112205,0.6208518262642765,2.8767592592984093,0.48432761430740356,-0.00882065472325511,-0.35349826168085724,-0.006320654723255109,0.0,-0.0025,True,True,40,10.0,5,0.008,1.0,0.08,0.9997013807296753,0.01912759058177471,0,False
34,4.03960976190865,4.04,0.10000000000000053,163,0.8102999607724924,0.3214512335671522,0.6244236722065956,2.891057611373209,0.48673486709594727,-0.008829666430481607,-0.36232792811133885,-0.006329666430481606,0.0,-0.0025,True,True,41,10.0,5,0.008,1.0,0.082,0.9992402195930481,0.033824291080236435,0,False
35,4.139447911642492,4.140000000000001,0.09999999999999964,164,0.8280700569539362,0.33436454079118466,0.6316034876476196,2.9053487057606953,0.48914089798927307,-0.008826453560948813,-0.37115438167228765,-0.006326453560948813,0.0,-0.0025,True,True,42,10.0,5,0.008,1.0,0.084,0.998458206653595,0.012503445148468018,0,False
36,4.24013803480193,4.24,0.10000000000000053,161,0.845795219097369,0.3473501919841881,0.6331688144689187,2.9196750264841667,0.49155285954475403,-0.008842047732583918,-0.37999642940487155,-0.006342047732583917,0.0,-0.0025,True,True,43,10.0,5,0.008,1.0,0.086,0.9997570514678955,-0.028447307646274567,0,False
37,4.3400711650028825,4.34,0.09999999999999964,163,0.8635863047449555,0.3603050636277021,0.6265059385581022,2.934167034898504,0.49399271607398987,-0.008915395193139664,-0.3889118245980112,-0.006415395193139663,0.0,-0.0025,True,True,44,10.0,5,0.008,1.0,0.088,0.9991825222969055,0.008815816603600979,0,False
38,4.440089362673461,4.44,0.10000000000000053,159,0.8813634927570937,0.3732286742170275,0.6298616920128081,2.948745073460022,0.49644705653190613,-0.00895347945150511,-0.3978653040495163,-0.006453479451505109,0.0,-0.0025,True,True,45,10.0,5,0.008,1.0,0.09,0.9999074935913086,0.05668316408991814,0,False
39,4.539561115670949,4.54,0.09999999999999964,165,0.8990283652920298,0.38628981525752804,0.6429875241932022,2.9632762025791473,0.49889349937438965,-0.008932713343548773,-0.4067980173930651,-0.006432713343548773,0.0,-0.0025,True,True,46,10.0,5,0.008,1.0,0.092,0.9997490048408508,0.06355668604373932,0,False
40,4.641031493898481,4.640000000000001,0.10099999999999998,168,0.9165248524256114,0.3995648419474052,0.6571916284804769,2.9776903236174364,0.5013202428817749,-0.008880915617664659,-0.4156789330107298,-0.006380915617664659,0.0,-0.0025,True,True,47,10.0,5,0.008,1.0,0.094,0.9990591406822205,0.14638961851596832,0,False
41,4.740671644918621,4.74,0.09999999999999964,165,0.9336459632346478,0.4132485382004285,0.6892930982343541,2.9917479328935417,0.5036869645118713,-0.008723093197195409,-0.42440202620792516,-0.006223093197195408,0.0,-0.0025,True,True,48,10.0,5,0.008,1.0,0.096,0.998717725276947,0.1577376127243042,0,False
42,4.841156729962677,4.84,0.10000000000000053,164,0.950328926490628,0.4274415353138944,0.7214518428494238,3.005372559165525,0.5059807896614075,-0.008531418102623431,-0.4329334443105486,-0.006031418102623431,0.0,-0.0025,True,True,49,10.0,5,0.008,1.0,0.098,0.9964700937271118,0.1375146359205246,0,False
43,4.941072308924049,4.94,0.09999999999999964,166,0.9665701537965848,0.4420924492266987,0.7486296685737924,3.0185758855397933,0.5082036852836609,-0.008344914944372683,-0.44127835925492126,-0.005844914944372683,0.0,-0.0025,True,True,50,10.0,5,0.008,1.0,0.1,0.9965328574180603,0.18853922188282013,0,False
44,5.040877438616008,5.04,0.09999999999999964,166,0.9822960381609764,0.4572878560140821,0.7867315562610193,3.0312747141373864,0.5103416442871094,-0.008121581330501042,-0.4493999405854223,-0.005621581330501043,0.0,-0.0025,True,True,51,10.0,5,0.008,1.0,0.102,0.9979650378227234,0.12338552623987198,0,False
45,5.141405662987381,5.140000000000001,0.10000000000000053,166,0.99761763850543,0.472956200020943,0.8089765674946882,3.0435975591287834,0.5124163031578064,-0.007955139016162944,-0.4573550796015853,-0.005455139016162944,0.0,-0.0025,True,True,52,10.0,5,0.008,1.0,0.104,0.9988158941268921,0.08339445292949677,0,False
46,5.241336922626942,5.24,0.09999999999999964,166,1.0126511533159972,0.4889413381070857,0.8240698513459331,3.055690990394366,0.514452338218689,-0.007853580993854957,-0.46520866059544025,-0.005353580993854957,0.0,-0.0025,True,True,53,10.0,5,0.008,1.0,0.106,0.9986736178398132,0.09382026642560959,0,False
47,5.340967894066125,5.34,0.10000000000000053,167,1.0273851744773805,0.5051841678684754,0.8440648153043462,3.067556778101771,0.516450047492981,-0.007752806598262267,-0.4729614671937025,-0.005252806598262267,0.0,-0.0025,True,True,54,10.0,5,0.008,1.0,0.108,0.9956632256507874,0.15857896208763123,0,False
48,5.44146431889385,5.44,0.09999999999999964,165,1.041603216548697,0.5217635904561595,0.8788134331273304,3.07897046499457,0.5183716416358948,-0.007552668335164657,-0.4805141355288672,-0.005052668335164656,0.0,-0.0025,True,True,55,10.0,5,0.008,1.0,0.11,0.9958977103233337,0.20713043212890625,0,False
49,5.541026941034943,5.54,0.09999999999999964,166,1.05514673991981,0.538832494712872,0.9225626921764611,3.089756804476654,0.5201876163482666,-0.00727495102724858,-0.48778908655611575,-0.0047749510272485805,0.0,-0.0025,True,True,56,10.0,5,0.008,1.0,0.112,0.9867193698883057,0.2544824779033661,0,False
50,5.641065458767116,5.640000000000001,0.10000000000000053,167,1.0677823930091686,0.556420074718543,0.9724686264021372,3.0996856747551536,0.5218592286109924,-0.006895362246338086,-0.4946844488024538,-0.004395362246338086,0.0,-0.0025,True,True,57,10.0,5,0.008,1.0,0.114,0.9954817295074463,-0.0995904728770256,0,False
51,5.741668182890862,5.74,0.09999999999999964,165,1.080392868069589,0.5743901774845892,0.9445858036975999,3.1096566750234245,0.5235379338264465,-0.00691401256216316,-0.5015984613646169,-0.004414012562163161,0.0,-0.0025,True,True,58,10.0,5,0.008,1.0,0.116,0.9916684031486511,-0.19035516679286957,0,False
52,5.842213126830757,5.84,0.10000000000000053,163,1.0935202596623423,0.5919126991867337,0.9067071559958573,3.1203208729385237,0.5253333449363708,-0.00722088078388999,-0.5088193421485069,-0.00472088078388999,0.0,-0.0025,True,True,59,10.0,5,0.008,1.0,0.118,0.9680536389350891,0.039363835006952286,0,False
53,5.941823777742684,5.94,0.09999999999999964,163,1.1064174476521338,0.6087347229490525,0.9213541893156455,3.1309613506072806,0.5271247625350952,-0.007210380185904312,-0.5160297223344112,-0.004710380185904311,0.0,-0.0025,True,True,60,10.0,5,0.008,1.0,0.12,0.9486218690872192,-0.06315504759550095,0,False
54,6.041254120878875,6.04,0.09999999999999964,164,1.1193168739353136,0.6253782150357301,0.9059026806175596,3.1417317585806277,0.5289380550384521,-0.007267898386810521,-0.5232976207212218,-0.004767898386810521,0.0,-0.0025,True,True,61,10.0,5,0.008,1.0,0.122,0.9809653162956238,-0.1358376443386078,0,False
55,6.14144572801888,6.140000000000001,0.10000000000000053,166,1.1329490047839406,0.6422164276443437,0.8769215189945773,3.153312195264875,0.5308877229690552,-0.007626485971749659,-0.5309241066929714,-0.005126485971749658,0.0,-0.0025,True,True,62,10.0,5,0.008,1.0,0.124,0.9849560260772705,-0.02379285730421543,0,False
56,6.241772823035717,6.24,0.09999999999999964,166,1.1467956662874947,0.6589054194329982,0.8741137721568834,3.1652279016996565,0.5328938364982605,-0.0077749048716347635,-0.5386990115646062,-0.005274904871634763,0.0,-0.0025,True,True,63,10.0,5,0.008,1.0,0.126,0.9873778820037842,-0.22406631708145142,0,False
57,6.3420271896757185,6.34,0.10000000000000053,165,1.1611846258681806,0.6752922756296037,0.8274175838735193,3.177817333937255,0.5350133776664734,-0.008073153199493135,-0.5467721647640993,-0.0055731531994931355,0.0,-0.0025,True,True,64,10.0,5,0.008,1.0,0.128,0.42401960492134094,0.9960654377937317,0,False
58,6.441756129730493,6.44,0.09999999999999964,160,1.1752002377559407,0.6909674266528967,0.8744411311407349,3.1902035509300726,0.5370987057685852,-0.007983192852571968,-0.5547553576166713,-0.0054831928525719675,0.0,-0.0025,True,True,65,10.0,5,0.008,1.0,0.13,0.7896994352340698,0.9952461123466492,0,False
59,6.542687111068517,6.54,0.10099999999999998,171,1.1868142439902583,0.7068371263901487,1.027407446020583,3.2002701402507663,0.5387935042381287,-0.006956328404791521,-0.5617116860214628,-0.004456328404791521,0.0,-0.0025,True,True,66,10.0,5,0.008,1.0,0.132,0.9910637736320496,-0.7117498517036438,0,False
60,6.642519691027701,6.640000000000001,0.10000000000000053,168,1.1959462958031266,0.72375997895426,1.1003576984616508,3.2078623892478215,0.5400717258453369,-0.005860974982090128,-0.567572661003553,-0.0033609749820901276,0.0,-0.0025,True,True,67,10.0,5,0.008,1.0,0.134,0.9988924860954285,-0.7525482177734375,0,False
61,6.7440280970185995,6.74,0.10099999999999909,168,1.204953490398181,0.7410074364375692,1.052851323908256,3.215401179182226,0.5413409471511841,-0.005837309455287038,-0.57340997045884,-0.003337309455287038,0.0,-0.0025,True,True,68,10.0,5,0.008,1.0,0.136,0.9990274310112,-0.794897198677063,0,False
62,6.844881208613515,6.84,0.10100000000000087,169,1.2167197309739624,0.7586258853508951,0.9045529835062264,3.2257630324648474,0.5430854558944702,-0.007087037340910065,-0.5804970077997501,-0.0045870373409100645,0.0,-0.0025,True,True,69,10.0,5,0.008,1.0,0.138,0.9815188646316528,-0.6792259216308594,0,False
63,6.9448842369019985,6.94,0.09999999999999964,164,1.2312928823072715,0.7749039776177257,0.7740889540653487,3.239123549725322,0.5453348159790039,-0.008414500996694772,-0.5889115087964448,-0.0059145009966947715,0.0,-0.0025,True,True,70,10.0,5,0.008,1.0,0.14,0.9874194264411926,-0.3422001898288727,0,False
64,7.044970223680139,7.04,0.09999999999999964,167,1.2474596978549135,0.7895801571909231,0.7111588847127159,3.254269812098464,0.5478848218917847,-0.009205023627129187,-0.598116532423574,-0.006705023627129186,0.0,-0.0025,True,True,71,10.0,5,0.008,1.0,0.142,0.9787778854370117,-0.06396874785423279,0,False
65,7.14496618276462,7.140000000000001,0.10000000000000053,165,1.2639925839727846,0.8035408884123577,0.6980584846008737,3.269899684270159,0.5505162477493286,-0.009419110445759701,-0.6075356428693337,-0.006919110445759701,0.0,-0.0025,True,True,72,10.0,5,0.008,1.0,0.144,0.9954294562339783,-0.2692887783050537,0,False
66,7.244938120711595,7.24,0.09999999999999964,165,1.2813227393775999,0.8171247081984785,0.6378240565767109,3.286414640260583,0.553296685218811,-0.009810923803429487,-0.6173465666727632,-0.0073109238034294866,0.0,-0.0025,True,True,73,10.0,5,0.008,1.0,0.146,0.9986701011657715,-0.15171943604946136,0,False
67,7.344764449633658,7.34,0.10000000000000053,164,1.29916574888165,0.830043721277577,0.6094344782522338,3.303540658119457,0.5561800003051758,-0.010081431745564482,-0.6274279984183277,-0.007581431745564481,0.0,-0.0025,True,True,74,10.0,5,0.008,1.0,0.148,0.9983027577400208,-0.1564832478761673,0,False
68,7.444996595848352,7.44,0.09999999999999964,165,1.317392371587909,0.8423908001653911,0.5782147260599115,3.321134354268148,0.5591420531272888,-0.01028846592375733,-0.6377164643420851,-0.007788465923757329,0.0,-0.0025,True,True,75,10.0,5,0.008,1.0,0.15,0.9965758323669434,-0.2515607476234436,0,False
69,7.54512574383989,7.54,0.09999999999999964,167,1.3361512780501463,0.8539272827028277,0.5265967617973926,3.3393476090899483,0.5622084140777588,-0.010562735274125786,-0.6482791996162108,-0.008062735274125786,0.0,-0.0025,True,True,76,10.0,5,0.008,1.0,0.152,0.9998040795326233,-0.14386345446109772,0,False
70,7.6450289520435035,7.640000000000001,0.10000000000000053,165,1.3553303143049935,0.8647929202727296,0.49932269918604016,3.35805332454849,0.5653576850891113,-0.010780740226333373,-0.6590599398425442,-0.008280740226333372,0.0,-0.0025,True,True,77,10.0,5,0.008,1.0,0.154,0.9994369149208069,-0.26892971992492676,0,False
71,7.744961320888251,7.74,0.10000000000000053,165,1.3750224937904347,0.8748011643005249,0.4427409062945045,3.3773439033944475,0.5686054229736328,-0.01103965049308155,-0.6700995903356257,-0.008539650493081549,0.0,-0.0025,True,True,78,10.0,5,0.008,1.0,0.156,0.9995954036712646,-0.25608187913894653,0,False
72,7.8452628259547055,7.84,0.09999999999999964,165,1.395196516219376,0.88376994595755,0.3926467807680442,3.3971853584091813,0.5719459056854248,-0.011283515126894897,-0.6813831054625206,-0.008783515126894896,0.0,-0.0025,True,True,79,10.0,5,0.008,1.0,0.158,0.9985871911048889,-0.1216343492269516,0,False
73,7.9450868046842515,7.9399999999999995,0.09999999999999964,166,1.415607622136134,0.8920195354206352,0.37197716229209365,3.4173139346147114,0.5753347277641296,-0.011410619380123194,-0.6927937248426438,-0.008910619380123193,0.0,-0.0025,True,True,80,10.0,5,0.008,1.0,0.16,0.9976212978363037,-0.150645911693573,0,False
74,8.045268141664565,8.040000000000001,0.09999999999999964,165,1.4362246057776333,0.8996873489508782,0.34096291985544747,3.4376885641218475,0.5787649750709534,-0.011519543493555084,-0.7043132683361989,-0.009019543493555084,0.0,-0.0025,True,True,81,10.0,5,0.008,1.0,0.162,0.9950553774833679,-0.1773233860731125,0,False
75,8.14559520687908,8.14,0.09999999999999964,165,1.4570706286860962,0.9066501580415747,0.3030804066173331,3.4583308429757675,0.5822402834892273,-0.011638027852914533,-0.7159512961891135,-0.009138027852914532,0.0,-0.0025,True,True,82,10.0,5,0.008,1.0,0.164,0.9084804058074951,-0.8728346824645996,0,False
76,8.245288796722889,8.24,0.10000000000000142,159,1.4785344970631218,0.912222133417858,0.18040456725824214,3.4796418911631193,0.5858281850814819,-0.01193408202596984,-0.7278853782150833,-0.009434082025969839,0.0,-0.0025,True,True,83,10.0,5,0.008,1.0,0.166,0.9769863486289978,-0.061531342566013336,0,False
77,8.345441323705018,8.34,0.09999999999999964,161,1.5001013039566649,0.9152773615018258,0.12416516220847372,3.5011264157789412,0.5894452929496765,-0.012010877444072811,-0.7398962556591561,-0.00951087744407281,0.0,-0.0025,True,True,84,10.0,5,0.008,1.0,0.168,0.9897174835205078,0.26462504267692566,0,False
78,8.545578429009765,8.540000000000001,0.19899999999999984,325,1.5429441633013141,0.9227427631182455,0.23286312037866694,3.543786393741086,0.5966274738311768,-0.021384933663647725,-0.7612811893228038,-0.018884933663647727,0.0,-0.0025,True,True,86,10.0,5,0.008,1.0,0.172,0.9966719150543213,0.29293957352638245,0,False
79,8.645638715941459,8.64,0.09999999999999964,167,1.5640371324422737,0.9283669639412188,0.288393401022921,3.5647568616749905,0.6001580357551575,-0.011783312245938453,-0.7730645015687422,-0.009283312245938452,0.0,-0.0025,True,True,87,10.0,5,0.008,1.0,0.174,0.986659049987793,-0.15147730708122253,0,False
80,8.745703862980008,8.74,0.09999999999999964,166,1.5850674764745305,0.9343569207361804,0.25720182044308215,3.5856685600433313,0.6036787033081055,-0.01175729583898908,-0.7848217974077313,-0.00925729583898908,0.0,-0.0025,True,True,88,10.0,5,0.008,1.0,0.176,0.9801496267318726,-0.06694763153791428,0,False
81,8.845758999697864,8.84,0.09999999999999964,164,1.605974149726007,0.9398845928106065,0.25177452848695336,3.6064751104540074,0.6071816682815552,-0.011710748412098002,-0.7965325458198292,-0.009210748412098001,0.0,-0.0025,True,True,89,10.0,5,0.008,1.0,0.178,0.9859059453010559,0.2137690633535385,0,False
82,8.94596434570849,8.94,0.10000000000000142,165,1.626814816721474,0.9458016357364245,0.30306476397290133,3.6272197049973727,0.6106742024421692,-0.011683321477061255,-0.8082158672968905,-0.009183321477061255,0.0,-0.0025,True,True,90,10.0,5,0.008,1.0,0.18,0.9955956339836121,0.21794487535953522,0,False
83,9.046058362815529,9.040000000000001,0.09999999999999964,163,1.6475185592973522,0.9526742326312214,0.3444209617207556,3.6478255183979607,0.6141433715820312,-0.011621885142578366,-0.8198377524394689,-0.009121885142578365,0.0,-0.0025,True,True,91,10.0,5,0.008,1.0,0.182,0.995743989944458,-0.01698324643075466,0,False
84,9.146224478725344,9.14,0.09999999999999964,162,1.6681982684813061,0.9599424707465201,0.3349606142634686,3.668416816423922,0.6176100969314575,-0.01161545940351278,-0.8314532118429817,-0.00911545940351278,0.0,-0.0025,True,True,92,10.0,5,0.008,1.0,0.184,0.9958909749984741,0.1565990149974823,0,False
85,9.246188926976174,9.24,0.09999999999999964,164,1.6886726449123701,0.9675300440177669,0.3712246113092319,3.6888155202109276,0.621044397354126,-0.011530200816883782,-0.8429834126598655,-0.009030200816883781,0.0,-0.0025,True,True,93,10.0,5,0.008,1.0,0.186,0.9942846894264221,0.19669033586978912,0,False
86,9.346194974612445,9.34,0.09999999999999964,162,1.7088442341489456,0.9758518129292331,0.41162815505085953,3.708922854404808,0.6244296431541443,-0.011401215859539049,-0.8543846285194046,-0.008901215859539048,0.0,-0.0025,True,True,94,10.0,5,0.008,1.0,0.188,0.9981294274330139,0.1369302123785019,0,False
87,9.446337010711432,9.44,0.10000000000000142,157,1.728837825476141,0.9847971662155478,0.4363353981456511,3.7288687493101524,0.627787709236145,-0.011329749103100131,-0.8657143776225047,-0.00882974910310013,0.0,-0.0025,True,True,95,10.0,5,0.008,1.0,0.19,0.9978057146072388,0.158915713429451,0,False
88,9.546453278046101,9.540000000000001,0.09999999999999964,165,1.7485542184743579,0.9943416649727448,0.46545835976184696,3.7485583239415927,0.6311026215553284,-0.011216279954718893,-0.8769306575772235,-0.008716279954718893,0.0,-0.0025,True,True,96,10.0,5,0.008,1.0,0.192,0.996307373046875,0.025624386966228485,0,False
89,9.646104107610881,9.64,0.09999999999999964,164,1.7681978960314633,1.0041335371017726,0.4654923025321054,3.7682001040468216,0.634409487247467,-0.011195122033404713,-0.8881257796106282,-0.008695122033404713,0.0,-0.0025,True,True,97,10.0,5,0.008,1.0,0.194,0.9989691972732544,0.1315944343805313,0,False
90,9.746161394752562,9.74,0.09999999999999964,163,1.7876568684827072,1.0142439102493932,0.493958196974215,3.7876836311652617,0.6376897096633911,-0.01112506580505337,-0.8992508454156816,-0.008625065805053369,0.0,-0.0025,True,True,98,10.0,5,0.008,1.0,0.196,0.9996692538261414,0.2166021317243576,0,False
91,9.846698147710413,9.84,0.09999999999999964,164,1.806705395764826,1.025064022172347,0.5384227196739001,3.806787988375759,0.6409060955047607,-0.010957212962627893,-0.9102080583783094,-0.008457212962627893,0.0,-0.0025,True,True,99,10.0,5,0.008,1.0,0.198,0.9984215497970581,0.08676815032958984,0,False
92,9.946186929009855,9.94,0.10000000000000142,164,1.8255002390760204,1.036402272830492,0.5507627653528546,3.8256735528662658,0.6440856456756592,-0.010860356700611685,-0.9210684150789211,-0.008360356700611684,0.0,-0.0025,True,True,100,10.0,5,0.008,1.0,0.2,0.9994987845420837,-0.01699976809322834,0,False
93,10.046659112907946,10.040000000000001,0.09999999999999964,165,1.8443021173241683,1.0478377240445351,0.5425054764915804,3.8445998312124345,0.6472720503807068,-0.01087838011506468,-0.9319467951939858,-0.00837838011506468,0.0,-0.0025,True,True,101,10.0,5,0.008,1.0,0.202,0.9990441799163818,-0.1121397390961647,0,False
94,10.146675150841475,10.14,0.09999999999999964,163,1.8633024693103664,1.0589836901406036,0.5188493694199299,3.8637526910161974,0.6504966020584106,-0.010978684334627918,-0.9429254795286137,-0.008478684334627918,0.0,-0.0025,True,True,102,10.0,5,0.008,1.0,0.204,0.9993197917938232,0.023584023118019104,0,False
95,10.246733007021248,10.24,0.09999999999999964,161,1.8823136352178131,1.0700075730873664,0.5266139499607589,3.8829448485415123,0.6537277698516846,-0.010996080847708636,-0.9539215603763224,-0.008496080847708636,0.0,-0.0025,True,True,103,10.0,5,0.008,1.0,0.206,0.993929386138916,-0.20347443222999573,0,False
96,10.34669922478497,10.34,0.09999999999999964,166,1.9015333705355901,1.080606325186547,0.4825287195610639,3.902366065759114,0.6569975018501282,-0.011097482144673406,-0.9650190425209958,-0.008597482144673405,0.0,-0.0025,True,True,104,10.0,5,0.008,1.0,0.208,0.9734688401222229,0.017181463539600372,0,False
97,10.44688162067905,10.44,0.10000000000000142,166,1.920565872842084,1.0907056809666795,0.4904609672521928,3.9216148686488275,0.6602382063865662,-0.011021156902599494,-0.9760401994235953,-0.008521156902599494,0.0,-0.0025,True,True,105,10.0,5,0.008,1.0,0.21,0.996996283531189,-0.04790785536170006,0,False
98,10.546941387932748,10.540000000000001,0.09999999999999964,167,1.9400266151283296,1.1009083392193661,0.47992621412501935,3.9413186046213675,0.6635555028915405,-0.011222548968441657,-0.987262748392037,-0.008722548968441657,0.0,-0.0025,True,True,106,10.0,5,0.008,1.0,0.212,0.997158944606781,0.3309987485408783,0,False
99,10.646847595926374,10.64,0.09999999999999964,164,1.9591417388913561,1.1115322999066433,0.5454836282616393,3.9607125612573526,0.6668206453323364,-0.011085414293257332,-0.9983481626852944,-0.008585414293257331,0.0,-0.0025,True,True,107,10.0,5,0.008,1.0,0.214,0.9971581101417542,0.22921660542488098,0,False
100,10.747063900809735,10.74,0.09999999999999964,166,1.9776563000204082,1.1231472086338223,0.5848772142104688,3.9795620143280552,0.6699941158294678,-0.010844370715618735,-1.009192533400913,-0.008344370715618735,0.0,-0.0025,True,True,108,10.0,5,0.008,1.0,0.216,0.9898263812065125,0.31043368577957153,0,False
101,10.846794330049306,10.84,0.09999999999999964,165,1.9952294341729442,1.1355718244077204,0.647156814058857,3.9975288618147222,0.6730189919471741,-0.010453654435350877,-1.019646187836264,-0.007953654435350876,0.0,-0.0025,True,True,109,10.0,5,0.008,1.0,0.218,0.957933247089386,0.3190698027610779,0,False
102,10.946903606876731,10.94,0.10000000000000142,173,2.0116667031576916,1.1488356901766321,0.7094174338403442,4.014426882081891,0.6758639216423035,-0.009980500624628574,-1.0296266884608924,-0.007480500624628575,0.0,-0.0025,True,True,110,10.0,5,0.008,1.0,0.22,0.9798707365989685,0.16790562868118286,0,False
103,11.04718870203942,11.040000000000001,0.09999999999999964,170,2.0278314776369966,1.1630582514753545,0.739180535743553,4.0311305379424685,0.6786761283874512,-0.009894458411284675,-1.0395211468721772,-0.007394458411284674,0.0,-0.0025,True,True,111,10.0,5,0.008,1.0,0.222,0.9656400680541992,0.2888606786727905,0,False
104,11.146936740726233,11.14,0.09999999999999964,166,2.0429864570991834,1.1777546037069848,0.798670631263447,4.04689211058639,0.6813297271728516,-0.00947741227338101,-1.0489985591455582,-0.00697741227338101,0.0,-0.0025,True,True,112,10.0,5,0.008,1.0,0.224,0.9592148065567017,0.2474653422832489,0,False
105,11.247273904737085,11.24,0.09999999999999964,171,2.0573201714717966,1.1931749519127368,0.847499817947408,4.061916231392548,0.6838591694831848,-0.009150953383770791,-1.058149512529329,-0.006650953383770791,0.0,-0.0025,True,True,113,10.0,5,0.008,1.0,0.226,0.9709402918815613,0.24264273047447205,0,False
106,11.347087793983519,11.34,0.09999999999999964,170,2.071077585270754,1.209509548682262,0.8952337156146503,4.076464885171284,0.6863085627555847,-0.008940471248030718,-1.0670899837773598,-0.006440471248030718,0.0,-0.0025,True,True,114,10.0,5,0.008,1.0,0.228,0.9904071092605591,0.220583975315094,0,False
107,11.44712092075497,11.44,0.10000000000000142,167,2.084221974676804,1.2266403306107676,0.9402310298747519,4.09050550083807,0.6886724233627319,-0.008715570380728092,-1.0758055541580878,-0.006215570380728092,0.0,-0.0025,True,True,115,10.0,5,0.008,1.0,0.23,0.9904953837394714,0.2952563464641571,0,False
108,11.547177366912365,11.540000000000001,0.09999999999999964,169,2.0963957106634066,1.2445551619349786,1.0023786096161504,4.103689355368326,0.6908920407295227,-0.008336295050503834,-1.0841418492085917,-0.005836295050503834,0.0,-0.0025,True,True,116,10.0,5,0.008,1.0,0.232,0.9871804714202881,0.2709890305995941,0,False
109,11.647274562623352,11.64,0.09999999999999964,166,2.107551472221077,1.263089858626973,1.0572686634240702,4.115968300202314,0.6929593086242676,-0.007935705073622573,-1.0920775542822143,-0.005435705073622572,0.0,-0.0025,True,True,117,10.0,5,0.008,1.0,0.234,0.9917558431625366,0.2605147063732147,0,False
110,11.747370468918234,11.74,0.09999999999999964,164,2.117729767888628,1.2822229328725887,1.1091816954130018,4.127390129866245,0.6948822736740112,-0.007556273018055098,-1.0996338273002695,-0.005056273018055097,0.0,-0.0025,True,True,118,10.0,5,0.008,1.0,0.236,0.9808650016784668,0.30011656880378723,0,False
111,11.847424285952002,11.84,0.09999999999999964,165,2.1266878266759317,1.3016759726526306,1.169897253112351,4.137699940220325,0.6966180205345154,-0.007063998715479055,-1.1066978260157485,-0.004563998715479055,0.0,-0.0025,True,True,119,10.0,5,0.008,1.0,0.238,0.9699378609657288,0.28096702694892883,0,False
112,11.947578211780638,11.94,0.10000000000000142,168,2.134437682732338,1.3214230784347776,1.2255769728940111,4.146912954706237,0.6981691122055054,-0.006578463602655033,-1.1132762896184036,-0.004078463602655033,0.0,-0.0025,True,True,120,10.0,5,0.008,1.0,0.24,0.9653487801551819,0.2832786738872528,0,False
113,12.04749575862661,12.040000000000001,0.09999999999999964,165,2.1410190375063105,1.3414515291641964,1.2825609137129343,4.155072365414334,0.6995428204536438,-0.006112048981684949,-1.1193883386000887,-0.0036120489816849483,0.0,-0.0025,True,True,121,10.0,5,0.008,1.0,0.242,0.9533498883247375,0.3253936171531677,0,False
114,12.14749220572412,12.14,0.09999999999999964,164,2.1462737999413077,1.3615864113479272,1.348652050526407,4.162010360452585,0.7007108926773071,-0.005571346548100604,-1.1249596851481893,-0.003071346548100605,0.0,-0.0025,True,True,122,10.0,5,0.008,1.0,0.244,0.9450141787528992,0.30421072244644165,0,False
115,12.248704382684082,12.24,0.10100000000000087,169,2.1502926800345676,1.38213426336442,1.4098006501621532,4.167848019287392,0.7016937136650085,-0.00508424418184599,-1.1300439293300353,-0.0025842441818459895,0.0,-0.0025,True,True,123,10.0,5,0.008,1.0,0.246,0.989987850189209,0.2670845091342926,0,False
116,12.34902726765722,12.34,0.09999999999999964,167,2.1531829375705582,1.4034996784055955,1.46334555842573,4.172737930369105,0.7025169730186462,-0.004664690438453221,-1.1347086197684886,-0.0021646904384532203,0.0,-0.0025,True,True,124,10.0,5,0.008,1.0,0.248,0.980099618434906,0.278860479593277,0,False
117,12.44995264802128,12.44,0.10099999999999909,164,2.154889250193971,1.4249371778631172,1.5193095615669412,4.176562908600124,0.7031609416007996,-0.004193260606505318,-1.138901880374994,-0.0016932606065053178,0.0,-0.0025,True,True,125,10.0,5,0.008,1.0,0.25,0.990938127040863,0.27708160877227783,0,False
118,12.549606367014349,12.540000000000001,0.10000000000000142,164,2.1554114452733764,1.4466441698431762,1.5752492138712038,4.179346320193262,0.7036295533180237,-0.003732174647199484,-1.1426340550221934,-0.001232174647199484,0.0,-0.0025,True,True,126,10.0,5,0.008,1.0,0.252,0.995467483997345,0.3155685067176819,0,False
119,12.649624093901366,12.64,0.09999999999999964,163,2.1546183331200046,1.4684016986726787,1.6390944618934635,4.180939471066973,0.7038977742195129,-0.003205264043805221,-1.1458393190659986,-0.0007052640438052209,0.0,-0.0025,True,True,127,10.0,5,0.008,1.0,0.254,0.9941087961196899,0.2823091149330139,0,False
120,12.749992907978594,12.74,0.09999999999999964,159,2.1525543629758173,1.4900503945015031,1.694516086656599,4.181370329869931,0.7039703130722046,-0.002690734742513662,-1.1485300538085121,-0.00019073474251366185,0.0,-0.0025,True,True,128,10.0,5,0.008,1.0,0.256,0.9896562099456787,0.2675386667251587,0,False
121,12.849697956815362,12.84,0.09999999999999964,164,2.14932042637287,1.5114874493049961,1.7457790432894902,4.180727050950479,0.7038620114326477,-0.002215230051645668,-1.1507452838601577,0.0002847699483543318,0.0,-0.0025,True,True,129,10.0,5,0.008,1.0,0.258,0.9966227412223816,0.046230316162109375,0,False
122,12.949831051751971,12.94,0.09999999999999964,165,2.145450701636967,1.5330621193735912,1.7499706473972931,4.179583168623154,0.7036694288253784,-0.0019936204165478372,-1.1527389042767056,0.0005063795834521628,0.0,-0.0025,True,True,130,10.0,5,0.008,1.0,0.26,0.9962304830551147,0.03870492801070213,0,False
123,13.04982635891065,13.040000000000001,0.09999999999999964,166,2.1414145143059105,1.5545968841036066,1.7588425278378264,4.17838405706554,0.7034675478935242,-0.001969171263029255,-1.1547080755397348,0.0005308287369707449,0.0,-0.0025,True,True,131,10.0,5,0.008,1.0,0.262,0.9981030821800232,0.09848048537969589,0,False
124,13.150079033803195,13.14,0.10000000000000142,164,2.13704500677259,1.5760689986005334,1.7813985339132996,4.176960134217969,0.7032278180122375,-0.001869650670181118,-1.156577726209916,0.0006303493298188822,0.0,-0.0025,True,True,132,10.0,5,0.008,1.0,0.264,0.997934103012085,0.09702987968921661,0,False
125,13.250199148897082,13.24,0.09999999999999964,159,2.1322635096987343,1.5974564864608531,1.8011492223772898,4.175231388503228,0.7029367685317993,-0.0017347101497994636,-1.1583124363597155,0.0007652898502005364,0.0,-0.0025,True,True,133,10.0,5,0.008,1.0,0.266,0.9977343678474426,0.07304927706718445,0,False
126,13.350368354935199,13.34,0.09999999999999964,159,2.127127340356839,1.618778776066443,1.8136902109487387,4.173256235453353,0.7026042342185974,-0.001625629311024554,-1.15993806567074,0.0008743706889754461,0.0,-0.0025,True,True,134,10.0,5,0.008,1.0,0.268,0.9996941685676575,-0.24423497915267944,0,False
127,13.44999331375584,13.44,0.09999999999999964,157,2.1222565877727853,1.640319205835106,1.762248569646651,4.17169140726184,0.7023407816886902,-0.0018072739836399133,-1.16174533965438,0.0006927260163600866,0.0,-0.0025,True,True,135,10.0,5,0.008,1.0,0.27,0.9997499585151672,-0.30110102891921997,0,False
128,13.551118711940944,13.540000000000001,0.10100000000000087,165,2.1186544589933445,1.662121677576892,1.7045326027053442,4.171536694610326,0.7023147344589233,-0.0024315110250792485,-1.1641768506794592,6.848897492075166e-05,0.0,-0.0025,True,True,136,10.0,5,0.008,1.0,0.272,0.9953128099441528,0.13166852295398712,0,False
129,13.650995659641922,13.64,0.09999999999999964,164,2.115686811484942,1.6838140525246788,1.723985959787318,4.172107396656643,0.7024108171463013,-0.00275264125302561,-1.1669294919324849,-0.00025264125302560986,0.0,-0.0025,True,True,137,10.0,5,0.008,1.0,0.274,0.9948047995567322,0.062273602932691574,0,False
130,13.751231813803315,13.74,0.09999999999999964,156,2.1123179026717773,1.7054258762392995,1.7304002890944423,4.172383542808086,0.7024573087692261,-0.0026222457675929103,-1.1695517377000777,-0.0001222457675929102,0.0,-0.0025,True,True,138,10.0,5,0.008,1.0,0.276,0.9949575066566467,-0.00689468951895833,0,False
131,13.851122040767223,13.84,0.09999999999999964,162,2.108862616146945,1.7270506589549854,1.7259101882230825,4.172691551977004,0.7025091648101807,-0.0026363510484690303,-1.1721880887485467,-0.00013635104846903035,0.0,-0.0025,True,True,139,10.0,5,0.008,1.0,0.278,0.9952232241630554,-0.055687759071588516,0,False
132,13.951451944652945,13.94,0.10000000000000142,164,2.1055829880306094,1.7487095368238237,1.7154936606670812,4.1732934089737395,0.7026104927062988,-0.002766433083215297,-1.174954521831762,-0.00026643308321529696,0.0,-0.0025,True,True,140,10.0,5,0.008,1.0,0.28,0.9924481511116028,0.02095731720328331,0,False
133,14.051216702908278,14.040000000000001,0.09999999999999964,161,2.1022876667268044,1.770282875406752,1.7233251640580558,4.173978817882963,0.702725887298584,-0.0028034202641794067,-1.1777579420959414,-0.0003034202641794065,0.0,-0.0025,True,True,141,10.0,5,0.008,1.0,0.282,0.9930346012115479,0.021744927391409874,0,False
134,14.151416917797178,14.14,0.09999999999999964,162,2.0989107292012497,1.7918566153466953,1.7284648653691017,4.174698214010826,0.7028470039367676,-0.0028184658971140393,-1.1805764079930554,-0.0003184658971140395,0.0,-0.0025,True,True,142,10.0,5,0.008,1.0,0.284,0.9930358529090881,-0.03038901463150978,0,False
135,14.251355684828013,14.24,0.09999999999999964,163,2.095583417514417,1.81345826898261,1.7204191953544592,4.175585776064247,0.7029964327812195,-0.0028929104350711218,-1.1834693184281266,-0.0003929104350711218,0.0,-0.0025,True,True,143,10.0,5,0.008,1.0,0.286,0.9930792450904846,-0.48049139976501465,0,False
136,14.35148135991767,14.34,0.09999999999999964,159,2.0928615035781504,1.8352824128499838,1.6450840502034558,4.17722530533006,0.7032724618911743,-0.0032257950637469284,-1.1866951134918735,-0.0007257950637469282,0.0,-0.0025,True,True,144,10.0,5,0.008,1.0,0.288,0.9984764456748962,-0.43686890602111816,0,False
137,14.451407226733863,14.44,0.10000000000000142,154,2.0921198644625405,1.8573598804338889,1.5633812271537442,4.180970271983865,0.7039029598236084,-0.004157840678971801,-1.1908529541708452,-0.001657840678971801,0.0,-0.0025,True,True,145,10.0,5,0.008,1.0,0.29,0.9980131387710571,-0.3210594058036804,0,False
138,14.551352323964238,14.540000000000001,0.09999999999999964,161,2.0930311438064195,1.8794180560818767,1.4996749674507812,4.186440089983609,0.7048238515853882,-0.0049214065503985285,-1.1957743607212439,-0.002421406550398528,0.0,-0.0025,True,True,146,10.0,5,0.008,1.0,0.292,0.9985203146934509,-0.4000858664512634,0,False
139,14.651792636606842,14.64,0.09999999999999964,163,2.0955922506278615,1.9013847993941135,1.4166594661386986,4.193610685049422,0.706031084060669,-0.0056743150984963605,-1.2014486758197402,-0.0031743150984963604,0.0,-0.0025,True,True,147,10.0,5,0.008,1.0,0.294,0.9950274229049683,-0.2251836359500885,0,False
140,14.751950131729245,14.74,0.09999999999999964,162,2.099421419542122,1.9230113155248227,1.3734804039637047,4.202047658043073,0.7074515223503113,-0.006234921650650331,-1.2076835974703906,-0.0037349216506503313,0.0,-0.0025,True,True,148,10.0,5,0.008,1.0,0.296,0.9931560754776001,-0.21329352259635925,0,False
141,14.851632260717452,14.84,0.09999999999999964,161,2.104184743518176,1.9444525983268406,1.3300352283120083,4.211451496600302,0.7090347409248352,-0.006662938562568143,-1.2143465360329586,-0.004162938562568144,0.0,-0.0025,True,True,149,10.0,5,0.008,1.0,0.298,0.9987949728965759,-0.29026710987091064,0,False
142,14.951630576979369,14.94,0.10000000000000142,163,2.110120232409817,1.9657354151253508,1.2682793563385437,4.222053030581035,0.7108196020126343,-0.007193140398167201,-1.2215396764311257,-0.004693140398167202,0.0,-0.0025,True,True,150,10.0,5,0.008,1.0,0.3,0.9991015791893005,-0.37004753947257996,0,False
143,15.051812551915646,15.040000000000001,0.09999999999999964,165,2.1175194625835854,1.9865834673550384,1.1909914306875464,4.2340657422023495,0.7128420472145081,-0.0078178476156354,-1.2293575240467611,-0.0053178476156354,0.0,-0.0025,True,True,151,10.0,5,0.008,1.0,0.302,0.9994843006134033,-0.4027116000652313,0,False
144,15.151541179977357,15.14,0.09999999999999964,161,2.126532096043277,2.006796616113258,1.1104577413836112,4.247576723712008,0.7151167392730713,-0.008481109267498694,-1.23783863331426,-0.005981109267498693,0.0,-0.0025,True,True,152,10.0,5,0.008,1.0,0.304,0.998818576335907,-0.34335455298423767,0,False
145,15.251719854772091,15.24,0.09999999999999964,165,2.13697374914337,2.0262985837012835,1.042361411079467,4.262374971127626,0.7176081538200378,-0.009050962614893398,-1.2468895959291533,-0.006550962614893397,0.0,-0.0025,True,True,153,10.0,5,0.008,1.0,0.306,0.9996307492256165,-0.42108261585235596,0,False
146,15.351635980885476,15.34,0.09999999999999964,164,2.1489138906952063,2.0448345251052684,0.9562187194097623,4.27845375781218,0.720315158367157,-0.00961783818076974,-1.256507434109923,-0.007117838180769739,0.0,-0.0025,True,True,154,10.0,5,0.008,1.0,0.308,0.9757155179977417,-0.3697783350944519,0,False
147,15.451773965731263,15.44,0.10000000000000142,162,2.1619949762540847,2.0620540857239718,0.883117513423863,4.2953652313533945,0.7231623530387878,-0.009986456187665495,-1.2664938902975884,-0.007486456187665495,0.0,-0.0025,True,True,155,10.0,5,0.008,1.0,0.31,0.9884732961654663,-0.29502981901168823,0,False
148,15.551581013947725,15.540000000000001,0.09999999999999964,165,2.1759394665831113,2.0780669677929478,0.8216676510328369,4.312852717443838,0.7261065244674683,-0.010241448320836994,-1.2767353386184255,-0.007741448320836994,0.0,-0.0025,True,True,156,10.0,5,0.008,1.0,0.312,0.7615912556648254,-0.4695030450820923,0,False
149,15.651636600028723,15.64,0.09999999999999964,165,2.188327201940007,2.0903882710494157,0.7293852743232692,4.327936315882614,0.7286459803581238,-0.009177283241406006,-1.2859126218598316,-0.006677283241406005,0.0,-0.0025,True,True,157,10.0,5,0.008,1.0,0.314,0.8761500120162964,-0.3520287275314331,0,False
150,15.751485737040639,15.74,0.10000000000000142,163,2.203222599421514,2.1028153098602838,0.6600670308088455,4.34548965220917,0.7316012382507324,-0.010270599234647354,-1.296183221094479,-0.007770599234647354,0.0,-0.0025,True,True,158,10.0,5,0.008,1.0,0.316,0.9438269734382629,-0.4552151560783386,0,False
151,15.951857445761561,15.94,0.1999999999999993,330,2.2383100034088215,2.1249323696105713,0.46996421968310326,4.385059271509841,0.7382631301879883,-0.020016878144008467,-1.3162000992384875,-0.017516878144008468,0.0,-0.0025,True,True,160,10.0,5,0.008,1.0,0.32,0.9325269460678101,-0.40602654218673706,0,False
152,16.053062052000314,16.04,0.10099999999999909,168,2.2568476684160803,2.1333823180523988,0.38370247130773294,4.405145717725599,0.7416448593139648,-0.011391969064297727,-1.327592068302785,-0.008891969064297726,0.0,-0.0025,True,True,161,10.0,5,0.008,1.0,0.322,0.9520232677459717,-0.5260065793991089,0,False
153,16.15322500700131,16.139999999999997,0.10000000000000142,165,2.276771565783214,2.140203395793004,0.2746098732015778,4.426154067246945,0.7451817989349365,-0.011800081857646697,-1.3393921501604318,-0.009300081857646697,0.0,-0.0025,True,True,162,10.0,5,0.008,1.0,0.324,0.9417980909347534,-0.7107035517692566,0,False
154,16.353493086993694,16.34,0.1999999999999993,327,2.3125590663758677,2.1450052492598166,-0.024444881020348315,4.4619730553573715,0.7512122392654419,-0.01835652985954756,-1.3577486800199794,-0.015856529859547563,0.0,-0.0025,True,True,164,10.0,5,0.008,1.0,0.328,0.9878720641136169,-0.33279669284820557,0,False
155,16.554251042660326,16.54,0.2010000000000005,316,2.3534976145817375,2.1398361654739353,-0.21594989107167095,4.500240893377456,0.7576549649238586,-0.019440599057547782,-1.377189279077527,-0.016940599057547783,0.0,-0.0025,True,True,166,10.0,5,0.008,1.0,0.332,0.9981851577758789,-0.42374294996261597,0,False
156,16.754226323682815,16.74,0.1999999999999993,316,2.394008298889976,2.127009447798813,-0.40314585738494546,4.536238314385738,0.7637154459953308,-0.018435519432453598,-1.3956247985099808,-0.0159355194324536,0.0,-0.0025,True,True,168,10.0,5,0.008,1.0,0.336,0.9961085319519043,-0.4146391451358795,0,False
157,16.854400299023837,16.84,0.10000000000000142,157,2.413621987873225,2.1176934499002473,-0.485723341810737,4.552943740413952,0.7665279507637024,-0.00989524203799997,-1.4055200405479809,-0.00739524203799997,0.0,-0.0025,True,True,169,10.0,5,0.008,1.0,0.338,0.883503794670105,-0.46081265807151794,0,False
158,17.05430798092857,17.04,0.1999999999999993,316,2.44878506064375,2.0945684536301963,-0.6724627186679505,4.5814593708857565,0.7713288068771362,-0.015123442757400832,-1.4206434833053816,-0.012623442757400832,0.0,-0.0025,True,True,171,10.0,5,0.008,1.0,0.342,0.9685086607933044,-0.43237051367759705,0,False
159,17.254345571622252,17.24,0.1999999999999993,314,2.480306960734324,2.0645963696732648,-0.8524341445712338,4.605053227258373,0.7753010392189026,-0.012944647038071098,-1.4335881303434528,-0.010444647038071098,0.0,-0.0025,True,True,173,10.0,5,0.008,1.0,0.346,0.9984170198440552,-0.37397998571395874,0,False
160,17.35425047762692,17.34,0.10000000000000142,159,2.494321335133767,2.0474901780481933,-0.923285672818498,4.6147764040574,0.7769380211830139,-0.006804304822015779,-1.4403924351654687,-0.0043043048220157785,0.0,-0.0025,True,True,174,10.0,5,0.008,1.0,0.348,0.9997375011444092,-0.4167746603488922,0,False
161,17.554407537914813,17.54,0.1999999999999993,318,2.5177788045165066,2.0103810289555355,-1.0955410411584425,4.629383827401699,0.7793973088264465,-0.0089664876549795,-1.4493589228204482,-0.006466487654979499,0.0,-0.0025,True,True,176,10.0,5,0.008,1.0,0.352,0.9999457001686096,-0.349955677986145,0,False
162,17.75459526805207,17.74,0.1999999999999993,315,2.5349989804065167,1.9699497025968031,-1.2498401991725785,4.6375658962555555,0.7807748317718506,-0.00612207940364137,-1.4554810022240896,-0.00362207940364137,0.0,-0.0025,True,True,178,10.0,5,0.008,1.0,0.356,0.9999985098838806,-0.39307713508605957,0,False
163,17.85456632403657,17.84,0.10000000000000142,158,2.5411705315498914,1.9486859169851,-1.328011953659119,4.639206133588424,0.781050980091095,-0.0032261085144333615,-1.458707110738523,-0.0007261085144333613,0.0,-0.0025,True,True,179,10.0,5,0.008,1.0,0.358,0.999494731426239,-0.379427433013916,0,False
164,18.054585003759712,18.04,0.1999999999999993,317,2.5485404870174806,1.9054467045931753,-1.4766922619146796,4.637785397042601,0.7808117866516113,-0.0018710611982688872,-1.4605781719367918,0.0006289388017311129,0.0,-0.0025,True,True,181,10.0,5,0.008,1.0,0.362,0.9999969601631165,-0.35477229952812195,0,False
165,18.25597400497645,18.24,0.2010000000000005,312,2.549737946737495,1.861248587228312,-1.6065664758396985,4.630536206533685,0.7795913219451904,0.0007091081246574042,-1.4598690638121345,0.003209108124657404,0.0,-0.0025,True,True,183,10.0,5,0.008,1.0,0.366,0.9999995231628418,-0.3473343551158905,0,False
166,18.456316652707756,18.439999999999998,0.1999999999999993,315,2.545095728589178,1.8176688743999667,-1.7434446596223778,4.618060065024883,0.7774908542633057,0.0030230010897116153,-1.456846062722423,0.005523001089711615,0.0,-0.0025,True,True,185,10.0,5,0.008,1.0,0.37,0.999845564365387,-0.2839829921722412,0,False
167,18.65593084692955,18.639999999999997,0.1999999999999993,325,2.5352537293093733,1.7746228345684707,-1.843262844849275,4.6009312148977894,0.7746070623397827,0.0050826855483088376,-1.451763377174114,0.007582685548308837,0.0,-0.0025,True,True,187,10.0,5,0.008,1.0,0.374,0.9962188005447388,-0.1847214251756668,0,False
168,18.756203019991517,18.74,0.10000000000000142,165,2.5290102377635693,1.753690178262533,-1.878905971733011,4.591294068245943,0.7729845643043518,0.0017662205636503323,-1.4499971566104637,0.004266220563650332,0.0,-0.0025,True,True,188,10.0,5,0.008,1.0,0.376,0.9631462097167969,-0.19615891575813293,0,False
169,18.956397198606282,18.939999999999998,0.1999999999999993,328,2.514666311514847,1.7139884149404183,-1.949443003837978,4.570775701126645,0.7695301175117493,0.006583173982840643,-1.443413982627623,0.009083173982840644,0.0,-0.0025,True,True,190,10.0,5,0.008,1.0,0.38,0.9324854612350464,-0.16004233062267303,0,False
170,19.156120280735195,19.139999999999997,0.1999999999999993,326,2.4984400292666384,1.6768315189783112,-2.0156754153828635,4.5490727378243605,0.7658762335777283,0.007107576980745801,-1.4363064056468773,0.009607576980745802,0.0,-0.0025,True,True,192,10.0,5,0.008,1.0,0.384,0.8763565421104431,-0.21802888810634613,0,False
171,19.256315045058727,19.24,0.10000000000000142,164,2.4897716413007847,1.659658091488444,-2.0600188994343394,4.537973078670446,0.7640075087547302,0.0024136529558636964,-1.4338927526910137,0.0049136529558636965,0.0,-0.0025,True,True,193,10.0,5,0.008,1.0,0.386,0.8463462591171265,-0.13912466168403625,0,False
172,19.456260565668344,19.439999999999998,0.1999999999999993,314,2.4714166556981394,1.6270772199046364,-2.106775585274836,4.51517367353352,0.7601690292358398,0.007592955368227001,-1.4262997973227867,0.010092955368227002,0.0,-0.0025,True,True,195,10.0,5,0.008,1.0,0.39,0.8486388921737671,-0.13099689781665802,0,False
173,19.6563910250552,19.639999999999997,0.1999999999999993,326,2.451726053005364,1.5951196800458851,-2.118992374330119,4.4913284533563855,0.756154477596283,0.008055922031649074,-1.4182438752911375,0.010555922031649075,0.0,-0.0025,True,True,197,10.0,5,0.008,1.0,0.394,0.8580143451690674,-0.1373315006494522,0,False
174,19.756313730031252,19.74,0.10000000000000142,166,2.441591604003132,1.579168762395734,-2.1509490815351016,4.4791932461345585,0.7541114091873169,0.002872074584337208,-1.4153718007068004,0.005372074584337208,0.0,-0.0025,True,True,198,10.0,5,0.008,1.0,0.396,0.8526678681373596,-0.08897700160741806,0,False
175,19.95658812765032,19.939999999999998,0.1999999999999993,328,2.420559804920411,1.5487664354864894,-2.214413400292852,4.454491264820893,0.7499526143074036,0.008435197361873726,-1.4069366033449267,0.010935197361873726,0.0,-0.0025,True,True,200,10.0,5,0.008,1.0,0.4,0.7742992043495178,0.24136807024478912,0,False
176,20.15654794778675,20.139999999999997,0.1999999999999993,318,2.400258102166342,1.5203293361634616,-2.170031665785386,4.430915818191706,0.7459834814071655,0.007936497320231701,-1.399000106024695,0.010436497320231702,0.0,-0.0025,True,True,202,10.0,5,0.008,1.0,0.404,0.8634945750236511,-0.1401720643043518,0,False
177,20.2566508827731,20.24,0.10000000000000142,163,2.3896279186321316,1.5050961741061553,-2.1990889021648106,4.418591911099727,0.7439086437225342,0.002955609192191807,-1.3960444968325032,0.005455609192191807,0.0,-0.0025,True,True,203,10.0,5,0.008,1.0,0.406,0.8210265636444092,-0.1089361310005188,0,False
178,20.456309344619513,20.439999999999998,0.1999999999999993,322,2.368562521105734,1.477155543372396,-2.240589123425514,4.394543829711338,0.739859938621521,0.008145725653227616,-1.3878987711792756,0.010645725653227616,0.0,-0.0025,True,True,205,10.0,5,0.008,1.0,0.41,0.7737138867378235,-0.08881868422031403,0,False
179,20.656597713008523,20.639999999999997,0.1999999999999993,321,2.346640078246191,1.4504754410003997,-2.275894416787093,4.369920797874304,0.7357144355773926,0.008400247610369465,-1.3794985235689061,0.010900247610369465,0.0,-0.0025,True,True,207,10.0,5,0.008,1.0,0.414,0.7809408903121948,-0.07212343066930771,0,False
180,20.75673695607111,20.74,0.10000000000000142,163,2.335429473581523,1.4374915294557504,-2.291289512012626,4.357447488633723,0.733614444732666,0.0030217472869666696,-1.3764767762819394,0.00552174728696667,0.0,-0.0025,True,True,208,10.0,5,0.008,1.0,0.416,0.7788938879966736,-0.13329902291297913,0,False
181,20.956990523729473,20.939999999999998,0.1999999999999993,336,2.3107513370661295,1.4108481327075417,-2.3330519122062214,4.330285682371047,0.7290415167808533,0.009524125045509335,-1.36695265123643,0.012024125045509336,0.0,-0.0025,True,True,210,10.0,5,0.008,1.0,0.42,0.810644805431366,0.06984714418649673,0,False
182,21.156699884682894,21.139999999999997,0.1999999999999993,339,2.286097836612528,1.3843234407983234,-2.309124595517618,4.303294166235094,0.7244972586631775,0.009448740155493346,-1.3575039110809368,0.011948740155493347,0.0,-0.0025,True,True,212,10.0,5,0.008,1.0,0.424,0.8770533800125122,-0.22796626389026642,0,False
183,21.257097906898707,21.24,0.10000000000000142,172,2.273011793282864,1.3705374697513348,-2.3553477508334746,4.289047503055309,0.722098708152771,0.0038067845303936163,-1.3536971265505433,0.006306784530393616,0.0,-0.0025,True,True,213,10.0,5,0.008,1.0,0.426,0.8414233326911926,-0.05346406251192093,0,False
184,21.457264134660363,21.439999999999998,0.1999999999999993,341,2.247201584565373,1.3449740813395468,-2.3700800604867913,4.261188604777002,0.7174084186553955,0.009832717246009776,-1.3438644093045335,0.012332717246009777,0.0,-0.0025,True,True,215,10.0,5,0.008,1.0,0.43,0.811928391456604,-0.03027919866144657,0,False
185,21.657453052699566,21.639999999999997,0.1999999999999993,327,2.22091683364989,1.3200330133330482,-2.4004191301429674,4.233031964302074,0.7126680016517639,0.009964523259529852,-1.3338998860450038,0.012464523259529852,0.0,-0.0025,True,True,217,10.0,5,0.008,1.0,0.434,0.87685227394104,-0.05112120136618614,0,False
186,21.756901101674885,21.74,0.10000000000000142,145,2.2065668912686527,1.3070386650532142,-2.410485650684636,4.217757541791981,0.7100964188575745,0.004261758201319511,-1.3296381278436842,0.00676175820131951,0.0,-0.0025,True,True,218,10.0,5,0.008,1.0,0.436,0.8882995843887329,-0.030049238353967667,0,False
187,21.957232967950404,21.939999999999998,0.1999999999999993,321,2.177549452468205,1.2813651506595325,-2.4268782996651175,4.187013978331673,0.7049204707145691,0.011109715341326726,-1.3185284125023575,0.013609715341326727,0.0,-0.0025,True,True,220,10.0,5,0.008,1.0,0.44,0.77931809425354,-0.1719789206981659,0,False
188,22.15742156561464,22.139999999999997,0.1999999999999993,334,2.1513702988891166,1.2598436586542665,-2.4684226101997613,4.159494598206231,0.7002873420715332,0.00968241764200745,-1.3088459948603501,0.01218241764200745,0.0,-0.0025,True,True,222,10.0,5,0.008,1.0,0.444,0.7743899822235107,-0.16997207701206207,0,False
189,22.257225021719933,22.24,0.10000000000000142,167,2.137929519165714,1.2495630046971968,-2.505579157436675,4.145448318003004,0.6979225277900696,0.003718077986217591,-1.3051279168741325,0.006218077986217591,0.0,-0.0025,True,True,223,10.0,5,0.008,1.0,0.446,0.7139194011688232,-0.23549890518188477,0,False
190,22.4576949570328,22.439999999999998,0.1999999999999993,337,2.108985574683559,1.2303910754171508,-2.60592454896479,4.115439374112242,0.6928702592849731,0.010784510254460667,-1.294343406619672,0.013284510254460667,0.0,-0.0025,True,True,225,10.0,5,0.008,1.0,0.45,0.9287301898002625,-0.46564725041389465,0,False
191,22.55851934477687,22.54,0.10099999999999909,172,2.0910014761244287,1.220776861173017,-2.6995354480883114,4.0969545755748555,0.6897581815719604,0.005682943612258845,-1.2886604630074132,0.008182943612258846,0.0,-0.0025,True,True,226,10.0,5,0.008,1.0,0.452,0.772182285785675,-0.018680514767766,0,False
192,22.658595039043576,22.639999999999997,0.10000000000000142,171,2.0739511947587124,1.2129699580467408,-2.7179412124509597,4.079514175943569,0.6868219375610352,0.005220603850208854,-1.2834398591572043,0.007720603850208853,0.0,-0.0025,True,True,227,10.0,5,0.008,1.0,0.454,0.8804981112480164,-0.21492785215377808,0,False
193,22.859806057997048,22.84,0.20099999999999696,333,2.038049135409364,1.1985130889600637,-2.7952194374208554,4.042925872977904,0.6806619763374329,0.0136970940300339,-1.2697427651271704,0.0161970940300339,0.0,-0.0025,True,True,229,10.0,5,0.008,1.0,0.458,0.9086097478866577,0.19568701088428497,0,False
194,22.959978160914034,22.939999999999998,0.10000000000000142,173,2.019759704659767,1.1916157423862752,-2.7563496958799725,4.024324243376444,0.6775302290916443,0.005734662975471549,-1.264008102151699,0.00823466297547155,0.0,-0.0025,True,True,230,10.0,5,0.008,1.0,0.46,0.9069544076919556,0.18221940100193024,0,False
195,23.06054351106286,23.04,0.10099999999999909,175,2.001509499171336,1.1839135014270818,-2.724082933512109,4.005733588814338,0.6744003295898438,0.005729804489836161,-1.2582782976618627,0.008229804489836162,0.0,-0.0025,True,True,231,10.0,5,0.008,1.0,0.462,0.7557584047317505,-0.10431353002786636,0,False
196,23.1607166538015,23.139999999999997,0.10000000000000142,174,1.985562828022041,1.1769018576216872,-2.742351485497398,3.9894869902377526,0.6716650724411011,0.0046921259933839984,-1.2535861716684786,0.007192125993383998,0.0,-0.0025,True,True,232,10.0,5,0.008,1.0,0.464,0.6769751310348511,-0.44732022285461426,0,False
197,23.260888896882534,23.24,0.10000000000000142,165,1.9709593887376586,1.1713481818121614,-2.826647484599844,3.974654401569968,0.6691678762435913,0.0040661649731710495,-1.2495200066953076,0.00656616497317105,0.0,-0.0025,True,True,233,10.0,5,0.008,1.0,0.466,0.828298032283783,0.62380051612854,0,False
198,23.460992265027016,23.439999999999998,0.1999999999999993,329,1.9391561602095366,1.1609136953291537,-2.83468989253242,3.9424415989705706,0.6637445688247681,0.011760125515058256,-1.2377598811802493,0.014260125515058257,0.0,-0.0025,True,True,235,10.0,5,0.008,1.0,0.47,0.8769770264625549,-0.08791816979646683,0,False
199,23.660942923743278,23.639999999999997,0.1999999999999993,341,1.9015971455922964,1.1498081979744907,-2.879260638422866,3.904472211214161,0.657352089881897,0.014308479593341668,-1.2234514015869076,0.01680847959334167,0.0,-0.0025,True,True,237,10.0,5,0.008,1.0,0.474,0.9072266817092896,0.08130254596471786,0,False
200,23.761192905716598,23.74,0.10000000000000142,171,1.882432899435723,1.1444879760398248,-2.8599468502591057,3.885120738601475,0.6540940999984741,0.006066607252089039,-1.2173847943348186,0.00856660725208904,0.0,-0.0025,True,True,238,10.0,5,0.008,1.0,0.476,0.9044209122657776,0.10975449532270432,0,False
201,23.961263322737068,23.939999999999998,0.1999999999999993,347,1.8443689760001758,1.1327116461979312,-2.824984907027336,3.846658890208325,0.6476187109947205,0.014526484545549058,-1.2028583097892696,0.01702648454554906,0.0,-0.0025,True,True,240,10.0,5,0.008,1.0,0.48,0.8763367533683777,0.20456062257289886,0,False
202,24.161016752943397,24.139999999999997,0.1999999999999993,346,1.8076728333266348,1.1197534916929852,-2.8362090508150337,3.80955546846016,0.64137202501297,0.013925129404197515,-1.188933180385072,0.016425129404197516,0.0,-0.0025,True,True,242,10.0,5,0.008,1.0,0.484,0.8661407828330994,-0.0402558334171772,0,False
203,24.261371333617717,24.24,0.10000000000000142,174,1.7894172538744557,1.1140122056855832,-2.8341367180389354,3.791131917723029,0.6382702589035034,0.0056558301279083355,-1.1832773502571636,0.008155830127908336,0.0,-0.0025,True,True,243,10.0,5,0.008,1.0,0.486,0.8595470190048218,0.6408392786979675,0,False
204,24.461336352862418,24.439999999999998,0.1999999999999993,335,1.754221145909119,1.1000479596462782,-2.724008811983537,3.755554026444825,0.6322804093360901,0.013249799900918147,-1.1700275503562454,0.015749799900918147,0.0,-0.0025,True,True,245,10.0,5,0.008,1.0,0.49,0.7832723259925842,0.21944868564605713,0,False
205,24.66147195873782,24.639999999999997,0.1999999999999993,350,1.7226532184106613,1.0850348046643903,-2.7284748370845002,3.7236244506674208,0.6269047856330872,0.011634745240603964,-1.1583928051156414,0.014134745240603964,0.0,-0.0025,True,True,247,10.0,5,0.008,1.0,0.494,0.8580379486083984,-0.2542351484298706,0,False
206,24.761293114628643,24.74,0.10000000000000142,172,1.705225575918923,1.077971147346493,-2.7658948158572034,3.7060459779604122,0.6239452958106995,0.005281726734005308,-1.153111078381636,0.007781726734005309,0.0,-0.0025,True,True,248,10.0,5,0.008,1.0,0.496,0.9916172027587891,-0.4297947883605957,0,False
207,24.961538389790803,24.939999999999998,0.1999999999999993,347,1.6649512765608332,1.0650597234647907,-2.8887502634909508,3.6655286109066463,0.6171238422393799,0.01543643188740104,-1.137674646494235,0.01793643188740104,0.0,-0.0025,True,True,250,10.0,5,0.008,1.0,0.5,0.921722412109375,0.23554202914237976,0,False
208,25.161397608928382,25.139999999999997,0.1999999999999993,346,1.6251008463822,1.0541671448314347,-2.8907973240749314,3.6255054746572584,0.6103855967521667,0.015217643308478355,-1.1224570031857568,0.017717643308478356,0.0,-0.0025,True,True,252,10.0,5,0.008,1.0,0.504,0.9364679455757141,-0.10210811346769333,0,False
209,25.261291213799268,25.24,0.10000000000000142,170,1.6051431039732573,1.0491483737866767,-2.906039060966197,3.6054781520405914,0.6070138216018677,0.0063657959320055305,-1.1160912072537512,0.008865795932005531,0.0,-0.0025,True,True,253,10.0,5,0.008,1.0,0.506,0.9200342297554016,-0.02733912691473961,0,False
210,25.461465949658304,25.439999999999998,0.1999999999999993,343,1.5659454204106653,1.0392537821686425,-2.827068329583509,3.5661613126785494,0.6003944873809814,0.014904976249057822,-1.1011862310046934,0.017404976249057822,0.0,-0.0025,True,True,255,10.0,5,0.008,1.0,0.51,0.9846166372299194,-0.4764726758003235,0,False
211,25.56245514564216,25.54,0.10099999999999909,175,1.5469304391254757,1.0326886899413048,-2.815362143541162,3.547081029747922,0.5971821546554565,0.005946555639299194,-1.0952396753653941,0.008446555639299195,0.0,-0.0025,True,True,256,10.0,5,0.008,1.0,0.512,0.8768371939659119,-0.011076072230935097,0,False
212,25.66261333785951,25.639999999999997,0.10000000000000142,172,1.5286756376683919,1.0264899052844583,-2.8147565921300974,3.528775018141918,0.5941001772880554,0.005603797314009789,-1.0896358780513844,0.00810379731400979,0.0,-0.0025,True,True,257,10.0,5,0.008,1.0,0.514,0.8708357214927673,-0.058032382279634476,0,False
213,25.863002101890743,25.84,0.1999999999999993,336,1.4932733117550996,1.0147395926065936,-2.816602469068949,3.493304399022544,0.588128387928009,0.013202312121968556,-1.0764335659294157,0.015702312121968556,0.0,-0.0025,True,True,259,10.0,5,0.008,1.0,0.518,0.7588151097297668,-0.06634967029094696,0,False
214,26.063142347615212,26.04,0.1999999999999993,339,1.46014413212447,1.0038551965219056,-2.8208689760569987,3.460146326904744,0.5825459361076355,0.012178582181049492,-1.0642549837483664,0.014678582181049492,0.0,-0.0025,True,True,261,10.0,5,0.008,1.0,0.522,0.7861722111701965,0.1854950487613678,0,False
215,26.163140951655805,26.139999999999997,0.10000000000000142,169,1.4438191091378776,0.9980884070192225,-2.7845690854623752,3.4438197167509457,0.5797972083091736,0.004727545920917318,-1.059527437827449,0.007227545920917318,0.0,-0.0025,True,True,262,10.0,5,0.008,1.0,0.524,0.8736161589622498,-0.4344380497932434,0,False
216,26.362988649867475,26.34,0.1999999999999993,334,1.4101921984226125,0.9877064381821592,-2.9175295668221675,3.410214500287924,0.5741394758224487,0.012376526289344235,-1.0471509115381048,0.014876526289344235,0.0,-0.0025,True,True,264,10.0,5,0.008,1.0,0.528,0.7940942049026489,-0.15670575201511383,0,False
217,26.56329334480688,26.54,0.1999999999999993,338,1.374926446595475,0.9815730406068841,-3.0696935204216658,3.374976835229639,0.5682069063186646,0.013099186846229977,-1.0340517246918748,0.015599186846229978,0.0,-0.0025,True,True,266,10.0,5,0.008,1.0,0.532,0.8960760831832886,0.013629009947180748,0,False
218,26.663293668068945,26.639999999999997,0.10000000000000142,168,1.3565120964939639,0.9810559400281655,-3.13932339337381,3.3565656756659705,0.5651072263717651,0.005650344740900868,-1.028401379950974,0.008150344740900869,0.0,-0.0025,True,True,267,10.0,5,0.008,1.0,0.534,0.6372261643409729,-0.7450492978096008,0,False
219,26.863174995873123,26.84,0.1999999999999993,336,1.323645449843886,0.9840511932074202,2.9909883705836324,3.3236837496996143,0.5595712661743164,0.012056336413456386,-1.0163450435375174,0.014556336413456387,0.0,-0.0025,True,True,269,10.0,5,0.008,1.0,0.538,0.9935536980628967,-0.7670052647590637,0,False
220,27.063519219867885,27.04,0.1999999999999993,334,1.2869499557786324,0.9930582944439855,2.857500665794137,3.286957373658227,0.5533880591392517,0.013758216913830551,-1.0025868266236868,0.016258216913830552,0.0,-0.0025,True,True,271,10.0,5,0.008,1.0,0.542,0.9359492063522339,-0.9796350002288818,0,False
221,27.16350909275934,27.139999999999997,0.10000000000000142,170,1.2681559782251792,0.9993803142137935,2.7510545689659787,3.2681560691472633,0.5502226948738098,0.0058230560689615345,-0.9967637705547253,0.008323056068961535,0.0,-0.0025,True,True,272,10.0,5,0.008,1.0,0.544,0.7099849581718445,-0.6367835402488708,0,False
222,27.364889728836715,27.34,0.20099999999999696,342,1.242394649099071,1.014280041089295,2.433719445317796,3.242425974469763,0.5458908081054688,0.008890327758142637,-0.9878734427965826,0.011390327758142638,0.0,-0.0025,True,True,274,10.0,5,0.008,1.0,0.548,0.8064759969711304,-0.9770671129226685,0,False
223,27.464643593877554,27.439999999999998,0.10000000000000142,167,1.2297778955774905,1.0274201838637629,2.239045010856101,3.229894249697146,0.5437809824943542,0.0030476069685730204,-0.9848258358280096,0.0055476069685730205,0.0,-0.0025,True,True,275,10.0,5,0.008,1.0,0.55,0.99757319688797,-0.8191385269165039,0,False
224,27.56577008869499,27.54,0.10099999999999909,172,1.2178172725295946,1.045550105591326,2.07288450268007,3.2181396285173727,0.5418019890785217,0.0027035948405390625,-0.9821222409874706,0.005203594840539063,0.0,-0.0025,True,True,276,10.0,5,0.008,1.0,0.552,0.9785783886909485,-0.9287382960319519,0,False
225,27.666783244814724,27.639999999999997,0.10100000000000264,169,1.2092086567763085,1.065540385987391,1.8829014957837595,3.209877902119831,0.5404110550880432,0.001157342605831474,-0.9809648983816391,0.003657342605831474,0.0,-0.0025,True,True,277,10.0,5,0.008,1.0,0.554,0.9816568493843079,-0.6003836989402771,0,False
226,27.867589653935283,27.84,0.20099999999999696,331,1.2007962002893846,1.1080832041735953,1.6506556606125147,3.2026205688397824,0.5391892194747925,0.0007127128075480427,-0.9802521855740911,0.0032127128075480427,0.0,-0.0025,True,True,279,10.0,5,0.008,1.0,0.558,0.9255968332290649,-0.7875745296478271,0,False
227,27.967972844839096,27.939999999999998,0.10000000000000142,168,1.2008129652039397,1.1289817208636188,1.4870131923512233,3.2034107716731435,0.5393222570419312,-0.002849810965727465,-0.9831019965398186,-0.00034981096572746505,0.0,-0.0025,True,True,280,10.0,5,0.008,1.0,0.56,0.9726688861846924,-0.9271506071090698,0,False
228,28.067598780617118,28.04,0.10000000000000142,169,1.2044034393384533,1.1500377603134129,1.2977812277277372,3.2079140781428355,0.5400804281234741,-0.004493546363823146,-0.9875955429036417,-0.0019935463638231458,0.0,-0.0025,True,True,281,10.0,5,0.008,1.0,0.562,0.8906139731407166,-0.012359585613012314,0,False
229,28.26853585895151,28.24,0.1999999999999993,328,1.2194220376766858,1.1898320712548947,1.152836197886283,3.2250138975206752,0.5429593324661255,-0.010069834070177466,-0.9976653769738192,-0.007569834070177466,0.0,-0.0025,True,True,283,10.0,5,0.008,1.0,0.566,0.997236967086792,-0.19818763434886932,0,False
230,28.467767481692135,28.439999999999998,0.1999999999999993,320,1.23862420339119,1.229317589067555,1.0905638721951798,3.246732792331697,0.5466158986091614,-0.012114629621183863,-1.009780006595003,-0.009614629621183863,0.0,-0.0025,True,True,285,10.0,5,0.008,1.0,0.57,0.9994262456893921,-0.16424307227134705,0,False
231,28.56773146474734,28.54,0.10000000000000142,166,1.2491936426249046,1.2486501722863006,1.0537131357361442,3.2586938150579976,0.548629641532898,-0.007794965715547608,-1.0175749723105507,-0.005294965715547608,0.0,-0.0025,True,True,286,10.0,5,0.008,1.0,0.572,0.9998483061790466,-0.6684809327125549,0,False
232,28.768087287899107,28.74,0.1999999999999993,332,1.274931268883751,1.2846291840865847,0.8882252030438232,3.2872767119000246,0.5534418225288391,-0.015153220572583469,-1.0327281928831342,-0.012653220572583468,0.0,-0.0025,True,True,288,10.0,5,0.008,1.0,0.576,0.9997700452804565,-0.2796143591403961,0,False
233,28.968297231942415,28.939999999999998,0.1999999999999993,332,1.3039907942127063,1.317697742236166,0.8713398467399852,3.319230007923771,0.558821439743042,-0.01664524583858964,-1.049373438721724,-0.014145245838589643,0.0,-0.0025,True,True,290,10.0,5,0.008,1.0,0.58,0.999932587146759,0.12700210511684418,0,False
234,29.06851385300979,29.04,0.10000000000000142,163,1.3180113418255046,1.3345925648133936,0.8906057697090254,3.3348389921173442,0.5614493489265442,-0.009409863650518772,-1.0587833023722428,-0.006909863650518771,0.0,-0.0025,True,True,291,10.0,5,0.008,1.0,0.582,0.9999021887779236,0.13576319813728333,0,False
235,29.268548298627138,29.24,0.1999999999999993,332,1.3445626632743513,1.369492538426257,0.9536844016956872,3.364910599942473,0.5665121674537659,-0.015812250640183847,-1.0745955530124267,-0.013312250640183848,0.0,-0.0025,True,True,293,10.0,5,0.008,1.0,0.586,0.9993290305137634,0.24186775088310242,0,False
236,29.468169827014208,29.439999999999998,0.1999999999999993,322,1.3683998443113154,1.406246508612859,1.028495012691482,3.392809149975859,0.5712091326713562,-0.014850270484433319,-1.08944582349686,-0.012350270484433318,0.0,-0.0025,True,True,295,10.0,5,0.008,1.0,0.59,0.9993029236793518,0.03740096464753151,0,False
237,29.568162869662046,29.54,0.10000000000000142,167,1.379777242694553,1.4250566612823086,1.0284702965595471,3.4064008511297854,0.5734974145889282,-0.008516842645718054,-1.097962666142578,-0.006016842645718054,0.0,-0.0025,True,True,296,10.0,5,0.008,1.0,0.592,0.9998090863227844,-0.1193578913807869,0,False
238,29.768453472759575,29.74,0.1999999999999993,327,1.4033036274578212,1.4623049599672275,0.9989447731630053,3.4345599698394054,0.5782382488250732,-0.014965620336931386,-1.1129282864795096,-0.012465620336931386,0.0,-0.0025,True,True,298,10.0,5,0.008,1.0,0.596,0.9999376535415649,-0.036443524062633514,0,False
239,29.96826606988907,29.939999999999998,0.1999999999999993,331,1.4272400532196658,1.4992192037470635,0.9965272033023562,3.4634080377935232,0.5830950736999512,-0.015270607854541188,-1.1281988943340509,-0.012770607854541188,0.0,-0.0025,True,True,300,10.0,5,0.008,1.0,0.6,0.9999877214431763,-0.07996424287557602,0,False
240,30.06859469972551,30.04,0.10000000000000142,167,1.439437630743107,1.5175683916532212,0.9765439143636553,3.4781616769846773,0.585578978061676,-0.009031215221666986,-1.1372301095557178,-0.006531215221666986,0.0,-0.0025,True,True,301,10.0,5,0.008,1.0,0.602,0.9999792575836182,-0.09583932161331177,0,False
241,30.269558367785066,30.24,0.20099999999999696,337,1.464621943782362,1.5536930601943293,0.9554918096192447,3.5085866102702425,0.5907012820243835,-0.015968662532565524,-1.1531987720882833,-0.013468662532565526,0.0,-0.0025,True,True,303,10.0,5,0.008,1.0,0.606,0.9998231530189514,-0.16601552069187164,0,False
242,30.36955044977367,30.34,0.10000000000000142,166,1.4777209720903342,1.5714482085751593,0.919209332509902,3.524357387785879,0.5933564305305481,-0.009481487132300709,-1.162680259220584,-0.006981487132300708,0.0,-0.0025,True,True,304,10.0,5,0.008,1.0,0.608,0.9999463558197021,-0.07194416970014572,0,False
243,30.47081964276731,30.439999999999998,0.10099999999999909,162,1.491143865538707,1.5888976045811463,0.9081377303658756,3.5404641431191055,0.5960681438446045,-0.009630219482872246,-1.1723104787034564,-0.007130219482872247,0.0,-0.0025,True,True,305,10.0,5,0.008,1.0,0.61,0.9999659061431885,0.07916006445884705,0,False
244,30.571076813619584,30.56,0.10000000000000142,161,1.5071048531458553,1.6098839968793903,0.9243049480324287,3.5597391444898534,0.5993132591247559,-0.011032754577986508,-1.1833432332814429,-0.008532754577986508,0.0,-0.0025,True,True,306,10.0,5,0.012,1.0,0.612,0.9998735189437866,-0.004801348317414522,0,False
245,30.670662719756365,30.66,0.10000000000000142,165,1.5203858164073978,1.6274179936738997,0.9242639129193845,3.572635877829314,0.6014845371246338,-0.00820919079727593,-1.1915524240787188,-0.00570919079727593,0.0,-0.0025,True,True,307,10.0,5,0.008,1.0,0.614,0.9998877644538879,0.004330749623477459,0,False
246,30.871197099797428,30.86,0.1999999999999993,328,1.546817191570313,1.6625603208807076,0.9303420861427001,3.608170931050692,0.6074671745300293,-0.01823083613440703,-1.2097832602131258,-0.015730836134407032,0.0,-0.0025,True,True,309,10.0,5,0.012,1.0,0.618,0.9995641112327576,0.029222048819065094,0,False
247,31.07079686783254,31.06,0.1999999999999993,333,1.5734150657442458,1.6976504743736058,0.9043348403168159,3.6375500492960473,0.6124134063720703,-0.01550569586914306,-1.2252889560822688,-0.013005695869143059,0.0,-0.0025,True,True,311,10.0,5,0.008,1.0,0.622,0.999835729598999,-0.04356573894619942,0,False
248,31.17117046797648,31.16,0.10000000000000142,165,1.5870817425864159,1.7148953630899517,0.8984168582149172,3.6576262285395083,0.6157934069633484,-0.011387424029348968,-1.2366763801116178,-0.008887424029348967,0.0,-0.0025,True,True,312,10.0,5,0.008,1.0,0.624,0.9998306035995483,0.04015404358506203,0,False
249,31.37099835369736,31.36,0.1999999999999993,329,1.6141344754959088,1.7495517060975385,0.9141439661013887,3.6877066872028244,0.6208577156066895,-0.015816168773760526,-1.2524925488853784,-0.013316168773760526,0.0,-0.0025,True,True,314,10.0,5,0.008,1.0,0.628,0.9997993111610413,0.011166756972670555,0,False
250,31.57169700274244,31.56,0.1999999999999993,332,1.640932857674708,1.7844298290114473,0.9171114992893612,3.724476255334565,0.6270481944084167,-0.018777337405684685,-1.2712698862910632,-0.016277337405684687,0.0,-0.0025,True,True,316,10.0,5,0.012,1.0,0.632,0.9996299147605896,-0.01784650795161724,0,False
251,31.671073829755187,31.66,0.10000000000000142,164,1.6543544784891144,1.8018561300735967,0.9134315600796052,3.7379238648428026,0.6293122172355652,-0.008453055431089474,-1.2797229417221527,-0.005953055431089474,0.0,-0.0025,True,True,317,10.0,5,0.008,1.0,0.634,0.9994125962257385,-0.008587782271206379,0,False
252,31.770826963707805,31.74,0.10000000000000142,165,1.6651128324458224,1.8157753818031077,0.9118878678733304,3.7548024132659603,0.6321538686752319,-0.009971880730760118,-1.2896948224529128,-0.007471880730760118,0.0,-0.0025,True,True,318,10.0,5,0.008,1.0,0.636,0.9993776082992554,-0.018456323072314262,0,False
253,31.9712578849867,31.959999999999997,0.19999999999999574,331,1.6950168914866717,1.8538286769137304,0.8933480158335192,3.7889280590143946,0.6378992199897766,-0.017606912543653933,-1.3073017349965668,-0.015106912543653934,0.0,-0.0025,True,True,320,10.0,5,0.008,1.0,0.64,0.9990854263305664,-0.07424549013376236,0,False
254,32.071253777015954,32.06,0.10000000000000142,166,1.7089540672263623,1.8708625116277546,0.8771292715249581,3.80631358344892,0.6408262252807617,-0.010196311422033292,-1.3174980464186001,-0.007696311422033291,0.0,-0.0025,True,True,321,10.0,5,0.008,1.0,0.642,0.9989213347434998,-0.0901477262377739,0,False
255,32.17178555484861,32.160000000000004,0.10000000000000142,166,1.7231869694035986,1.8876472409221308,0.8573545705645753,3.8275368313214537,0.6443993449211121,-0.0118952141408889,-1.3293932605594891,-0.0093952141408889,0.0,-0.0025,True,True,322,10.0,5,0.012,1.0,0.644,0.9981915950775146,-0.11283054947853088,0,False
256,32.271666198037565,32.260000000000005,0.10000000000000142,166,1.7377758881767995,1.9041051167721086,0.8337694660618888,3.8455656346754314,0.647434651851654,-0.010481081370387623,-1.3398743419298769,-0.007981081370387623,0.0,-0.0025,True,True,323,10.0,5,0.012,1.0,0.646,0.9970116019248962,-0.12304841727018356,0,False
257,32.47176993172616,32.46,0.19999999999999574,333,1.768168235447535,1.9358713739157891,0.7794812248854758,3.8826467523113646,0.6536775827407837,-0.01891525570758431,-1.358789597637461,-0.01641525570758431,0.0,-0.0025,True,True,325,10.0,5,0.012,1.0,0.65,0.9984662532806396,-0.14300379157066345,0,False
258,32.57214571069926,32.56,0.10000000000000142,167,1.78405379428409,1.951125802616571,0.748699138244565,3.897903119111556,0.6562461256980896,-0.009253765208823133,-1.3680433628462842,-0.006753765208823133,0.0,-0.0025,True,True,326,10.0,5,0.012,1.0,0.652,0.9984654188156128,-0.18605642020702362,0,False
259,32.671837554778904,32.660000000000004,0.10000000000000142,165,1.8004887240848737,1.965804038596745,0.7077303170533478,3.92128703360237,0.6601830124855042,-0.012851708909631962,-1.3808950717559163,-0.010351708909631961,0.0,-0.0025,True,True,327,10.0,5,0.012,1.0,0.654,0.9976119995117188,-0.23863443732261658,0,False
260,32.77196098584682,32.760000000000005,0.10000000000000142,165,1.8175841619080868,1.979727031539175,0.6629923884096823,3.941295946475608,0.6635516881942749,-0.011357646214166135,-1.3922527179700825,-0.008857646214166135,0.0,-0.0025,True,True,328,10.0,5,0.012,1.0,0.656,0.9921844601631165,-0.6752207279205322,0,False
261,32.9720541597344,32.96,0.19999999999999574,322,1.855535668552355,2.002279951530743,0.3718836616373512,3.983681902487474,0.670687735080719,-0.02126362824811313,-1.4135163462181957,-0.01876362824811313,0.0,-0.0025,True,True,330,10.0,5,0.012,1.0,0.66,0.9985916614532471,-0.7420596480369568,0,False
262,33.07160315476358,33.06,0.10000000000000142,161,1.8766948940714565,2.008900898394767,0.22977970575920667,4.001396324069039,0.6736701130867004,-0.010341909265743252,-1.423858255483939,-0.007841909265743251,0.0,-0.0025,True,True,331,10.0,5,0.008,1.0,0.662,0.9959036111831665,-0.646939218044281,0,False
263,33.17201635381207,33.160000000000004,0.10000000000000142,168,1.8964900724886027,2.0123967540403975,0.11253589664664526,4.025864289221032,0.6777895092964172,-0.01333160191010589,-1.437189857394045,-0.01083160191010589,0.0,-0.0025,True,True,332,10.0,5,0.012,1.0,0.664,0.958920955657959,-0.48770684003829956,0,False
264,33.27182515664026,33.260000000000005,0.10000000000000142,160,1.9179386321036567,2.013855262465571,0.02533662294469026,4.042679465642769,0.6806204915046692,-0.009943826894351094,-1.447133684288396,-0.007443826894351095,0.0,-0.0025,True,True,333,10.0,5,0.008,1.0,0.666,0.9979265928268433,-0.3457656502723694,0,False
265,33.47311622090638,33.46,0.2010000000000005,339,1.961996335233227,2.0119953628284457,-0.11253317289682138,4.089199117121626,0.6884524822235107,-0.023093553353773322,-1.4702272376421692,-0.020593553353773324,0.0,-0.0025,True,True,335,10.0,5,0.012,1.0,0.67,0.9996389746665955,-0.3273354768753052,0,False
266,33.574391482863575,33.56,0.10099999999999909,169,1.983764729603957,2.0088644672005054,-0.17835880917150437,4.109524181934914,0.6918743848800659,-0.011497601945525805,-1.481724839587695,-0.008997601945525804,0.0,-0.0025,True,True,336,10.0,5,0.012,1.0,0.672,0.9999303817749023,-0.3264225125312805,0,False
267,33.774449415970594,33.760000000000005,0.19999999999999574,333,2.0257763627227736,1.998391349948369,-0.3054863944914243,4.14772971005416,0.6983066201210022,-0.019413015397168016,-1.501137854984863,-0.016913015397168017,0.0,-0.0025,True,True,338,10.0,5,0.012,1.0,0.676,0.9835660457611084,-0.2835061848163605,0,False
268,33.87466946570203,33.86,0.10000000000000142,166,2.0464432790182863,1.99124500145518,-0.3592736379987907,4.16608564038754,0.7013970017433167,-0.010625895587382287,-1.5117637505722454,-0.008125895587382286,0.0,-0.0025,True,True,339,10.0,5,0.012,1.0,0.678,0.9997063875198364,-0.21928982436656952,0,False
269,33.97471166681498,33.96,0.10000000000000142,167,2.06690336624672,1.9830816017385962,-0.40302992203559485,4.1840354942648865,0.7044190168380737,-0.010446131618883166,-1.5222098821911285,-0.007946131618883166,0.0,-0.0025,True,True,340,10.0,5,0.012,1.0,0.68,0.9935609102249146,-0.24527931213378906,0,False
270,34.074203352909535,34.06,0.10000000000000142,162,2.086425091375051,1.9741814473388748,-0.4532622154941326,4.200940241169079,0.7072650790214539,-0.009983478406147134,-1.5321933605972757,-0.007483478406147133,0.0,-0.0025,True,True,341,10.0,5,0.012,1.0,0.682,0.9340319633483887,-0.2745421826839447,0,False
271,34.27411897666752,34.260000000000005,0.19999999999999574,334,2.1240151777061866,1.9528268384394576,-0.5815539026495808,4.2326563347294055,0.7126047611236572,-0.016540239858734037,-1.5487336004560097,-0.014040239858734038,0.0,-0.0025,True,True,343,10.0,5,0.012,1.0,0.686,0.9999354481697083,-0.30825868248939514,0,False
272,34.37498685205355,34.36,0.10000000000000142,166,2.14209330778707,1.9402022479785515,-0.6440093131867474,4.247460246681463,0.7150971293449402,-0.009053470220382503,-1.5577870706763923,-0.006553470220382503,0.0,-0.0025,True,True,344,10.0,5,0.012,1.0,0.688,0.9938479661941528,-0.3916286528110504,0,False
273,34.47462423564866,34.46,0.10000000000000142,163,2.1591901697294476,1.9263300681267923,-0.7156691571559862,4.261097264126909,0.7173930406570435,-0.008536903489631095,-1.5663239741660233,-0.006036903489631095,0.0,-0.0025,True,True,345,10.0,5,0.012,1.0,0.69,0.9999991655349731,-0.22134900093078613,0,False
274,34.57465331768617,34.56,0.10000000000000142,172,2.175615056373841,1.911572193734296,-0.7557685881924425,4.273958948147148,0.7195584177970886,-0.00819367498831204,-1.5745176491543353,-0.00569367498831204,0.0,-0.0025,True,True,346,10.0,5,0.012,1.0,0.692,0.9999982118606567,-0.21561314165592194,0,False
275,34.77493599895388,34.760000000000005,0.19999999999999574,346,2.2064029004937087,1.8799364942829995,-0.850075543211369,4.297454383199122,0.7235140800476074,-0.012901077392698579,-1.5874187265470339,-0.010401077392698578,0.0,-0.0025,True,True,348,10.0,5,0.012,1.0,0.696,0.9999998807907104,-0.3386012315750122,0,False
276,34.874792500864714,34.86,0.10000000000000142,170,2.220384308154426,1.862842435533003,-0.9130376889912062,4.307683827942462,0.7252362966537476,-0.007028422062602714,-1.5944471486096365,-0.0045284220626027145,0.0,-0.0025,True,True,349,10.0,5,0.012,1.0,0.698,1.0,-0.21330884099006653,0,False
277,34.97482973197475,34.96,0.10000000000000142,166,2.233569637951495,1.8451254629673117,-0.9556789553329782,4.3170997036396255,0.7268215417861938,-0.006668267224232395,-1.601115415833869,-0.004168267224232395,0.0,-0.0025,True,True,350,10.0,5,0.012,1.0,0.7,1.0,-0.24738118052482605,0,False
278,35.07514303084463,35.06,0.10000000000000142,166,2.245884438163154,1.8267829428348707,-1.0041088479372005,4.3256333277862815,0.7282582521438599,-0.006277707669307948,-1.6073931235031769,-0.003777707669307948,0.0,-0.0025,True,True,351,10.0,5,0.012,1.0,0.702,0.9999999403953552,-0.25201666355133057,0,False
279,35.275048644747585,35.260000000000005,0.19999999999999574,332,2.26771440466567,1.78837942995524,-1.1048525275069634,4.339922474989366,0.7306639552116394,-0.008825591571561514,-1.6162187150747385,-0.0063255915715615145,0.0,-0.0025,True,True,353,10.0,5,0.012,1.0,0.706,1.0,-0.25932079553604126,0,False
280,35.37538858363405,35.36,0.10099999999999909,167,2.2771153319689734,1.768421253023581,-1.1621141793524972,4.34559409209978,0.7316188216209412,-0.00501073999594742,-1.6212294550706858,-0.00251073999594742,0.0,-0.0025,True,True,354,10.0,5,0.012,1.0,0.708,0.9999998807907104,-0.7908547520637512,0,False
281,35.47587464097887,35.46,0.10000000000000142,168,2.2844890090905112,1.7474938253387835,-1.3114341479290652,4.349205942147249,0.7322269082069397,-0.004098911949978214,-1.625328367020664,-0.0015989119499782148,0.0,-0.0025,True,True,355,10.0,5,0.012,1.0,0.71,0.9999995231628418,-0.28441372513771057,0,False
282,35.575769543647766,35.56,0.10000000000000142,165,2.289540629840194,1.725963857969804,-1.3695432031324735,4.350538170311199,0.7324512004852295,-0.0030897574659643308,-1.6284181244866283,-0.0005897574659643309,0.0,-0.0025,True,True,356,10.0,5,0.012,1.0,0.712,0.9981796145439148,-0.3583395481109619,0,False
283,35.675699695944786,35.660000000000004,0.10000000000000142,165,2.293073690923555,1.7042056098844967,-1.446440392421271,4.350446829661106,0.7324358224868774,-0.0024595648614882722,-1.6308776893481165,4.043513851172791e-05,0.0,-0.0025,True,True,357,10.0,5,0.012,1.0,0.714,0.9933298230171204,-0.43019726872444153,0,False
284,35.77596809482202,35.760000000000005,0.10000000000000142,167,2.294800503301206,1.682206144617946,-1.5363308944028862,4.348645507073229,0.7321325540542603,-0.0017025814544707417,-1.6325802708025872,0.0007974185455292583,0.0,-0.0025,True,True,358,10.0,5,0.012,1.0,0.716,0.9992926716804504,-0.45430171489715576,0,False
285,35.97603068687022,35.96,0.19999999999999574,330,2.2933568505991113,1.6388886912588128,-1.6527036071444463,4.340632666245514,0.7307835221290588,0.0010471646896546383,-1.6315331061129326,0.0035471646896546383,0.0,-0.0025,True,True,360,10.0,5,0.012,1.0,0.72,0.9926493763923645,-0.23689395189285278,0,False
286,36.076377565041184,36.06,0.10000000000000142,163,2.291047225484087,1.6170614598673192,-1.7057571782538403,4.335187630592695,0.7298668026924133,-8.956422361640695e-05,-1.631622670336549,0.002410435776383593,0.0,-0.0025,True,True,361,10.0,5,0.012,1.0,0.722,0.7823970913887024,-0.9987883567810059,0,False
287,36.17595900967717,36.160000000000004,0.10000000000000142,162,2.2866052266185974,1.5959304477592728,-1.8555531773068479,4.327830459857894,0.7286281585693359,0.000756909354293232,-1.6308657609822559,0.003256909354293232,0.0,-0.0025,True,True,362,10.0,5,0.012,1.0,0.724,0.9626550674438477,-0.5810425281524658,0,False
288,36.276459756772965,36.260000000000005,0.10000000000000142,161,2.2797027498043976,1.5761480085425006,-1.972676012199206,4.31831014427012,0.7270253300666809,0.0017145012004376298,-1.6291512597818183,0.00421450120043763,0.0,-0.0025,True,True,363,10.0,5,0.012,1.0,0.726,0.7041962742805481,-0.9987035989761353,0,False
289,36.476332291029394,36.46,0.19999999999999574,331,2.2615315703111674,1.5488049373125188,-2.354095694154856,4.296724012031907,0.7233911156654358,0.007055857617533492,-1.6220954021642848,0.009555857617533492,0.0,-0.0025,True,True,365,10.0,5,0.012,1.0,0.73,0.9857999086380005,-0.726399838924408,0,False
290,36.57636165106669,36.56,0.10000000000000142,167,2.245387007329084,1.535092652619687,-2.5079812656460048,4.27897595726523,0.7204030752182007,0.005356798173335059,-1.6167386039909497,0.00785679817333506,0.0,-0.0025,True,True,366,10.0,5,0.012,1.0,0.732,0.9818601608276367,-0.7326748967170715,0,False
291,36.67653590068221,36.660000000000004,0.10000000000000142,166,2.227262997539412,1.5236851387280737,-2.6502791197025877,4.259577398193388,0.7171371579170227,0.006087451722716982,-1.6106511522682327,0.008587451722716983,0.0,-0.0025,True,True,367,10.0,5,0.012,1.0,0.734,0.9202236533164978,-0.5709689259529114,0,False
292,36.77656555175781,36.760000000000005,0.10000000000000142,166,2.208333600597172,1.514774357729808,-2.7561097411737108,4.239700893859432,0.713790774345398,0.006299030935858785,-1.604352121332374,0.008799030935858786,0.0,-0.0025,True,True,368,10.0,5,0.012,1.0,0.736,0.9936622977256775,-0.44161760807037354,0,False
293,36.976807311642915,36.96,0.19999999999999574,330,2.169395414679503,1.5023672924584717,-2.907807289826686,4.19955136764073,0.70703125,0.015273594255953383,-1.5890785270764205,0.017773594255953384,0.0,-0.0025,True,True,370,10.0,5,0.012,1.0,0.74,0.959902822971344,-0.061630696058273315,0,False
294,37.07690693298355,37.06,0.10000000000000142,167,2.1488868604938482,1.4975264775869517,-2.913966643760091,4.178611700623717,0.7035058736801147,0.00676967714109139,-1.582308849935329,0.00926967714109139,0.0,-0.0025,True,True,371,10.0,5,0.012,1.0,0.742,0.9636454582214355,-0.05659094080328941,0,False
295,37.17742996895686,37.160000000000004,0.10099999999999909,167,2.1281567963088044,1.4928820323044691,-2.9242627094722367,4.157476607099529,0.6999475955963135,0.0068561895304651375,-1.575452660404864,0.009356189530465138,0.0,-0.0025,True,True,372,10.0,5,0.012,1.0,0.744,0.966710090637207,-0.04004903510212898,0,False
296,37.27782187703997,37.260000000000005,0.10000000000000142,166,2.1073542903743054,1.4883809988088639,-2.9260865158560905,4.136287700479162,0.6963802576065063,0.006880011782611247,-1.5685726486222527,0.009380011782611247,0.0,-0.0025,True,True,373,10.0,5,0.012,1.0,0.746,0.9903146028518677,0.17942699790000916,0,False
297,37.37760821962729,37.36,0.10000000000000142,165,2.086373846326698,1.4833012859890986,-2.892134978992195,4.114854864758353,0.692771852016449,0.006987995543985213,-1.5615846530782675,0.009487995543985214,0.0,-0.0025,True,True,374,10.0,5,0.012,1.0,0.748,0.9792554378509521,0.06726567447185516,0,False
298,37.5785281448625,37.56,0.2010000000000005,329,2.0455433550321476,1.4725765401475683,-2.873370239932366,4.073051647932738,0.6857339143753052,0.01600565833342347,-1.5455789947448442,0.018505658333423467,0.0,-0.0025,True,True,376,10.0,5,0.012,1.0,0.752,0.885644793510437,0.10473261773586273,0,False
299,37.77880270499736,37.760000000000005,0.19999999999999574,329,2.007236655560775,1.4611908701401108,-2.835972836896113,4.033688430178595,0.6791067719459534,0.014925507268999728,-1.5306534874758444,0.01742550726899973,0.0,-0.0025,True,True,378,10.0,5,0.012,1.0,0.756,0.9215463995933533,0.06650339066982269,0,False
300,37.87864525569603,37.86,0.10000000000000142,163,1.9880684644993416,1.455022359812478,-2.8242032470060634,4.013942564216284,0.6757823824882507,0.006241199284266535,-1.5244122881915778,0.008741199284266536,0.0,-0.0025,True,True,379,10.0,5,0.012,1.0,0.758,0.909229576587677,0.03797184303402901,0,False
301,37.97904982371256,37.96,0.10000000000000142,165,1.969096795899143,1.4487373359573974,-2.8187692137340576,3.9943829198894325,0.6724893450737,0.006158761753813077,-1.5182535264377648,0.008658761753813077,0.0,-0.0025,True,True,380,10.0,5,0.012,1.0,0.76,0.9090230464935303,0.0077511644922196865,0,False
302,38.0792290228419,38.06,0.10000000000000142,164,1.9501595737297315,1.4424097324896956,-2.8183477418381457,3.974856908747693,0.6692019701004028,0.00614387284622166,-1.512109653591543,0.00864387284622166,0.0,-0.0025,True,True,381,10.0,5,0.012,1.0,0.762,0.905986487865448,-0.00018231570720672607,0,False
303,38.27913944562897,38.260000000000005,0.19999999999999574,321,1.9120622362851711,1.4299818992964397,-2.8459462330518552,3.935621497096974,0.6625963449478149,0.014868929420152227,-1.4972407241713908,0.017368929420152227,0.0,-0.0025,True,True,383,10.0,5,0.012,1.0,0.766,0.9421364068984985,-0.13884107768535614,0,False
304,38.379286334849894,38.36,0.10000000000000142,157,1.892620144676961,1.4243520484037242,-2.8742018026904526,3.915681974795125,0.6592393517494202,0.0063269280469247895,-1.490913796124466,0.00882692804692479,0.0,-0.0025,True,True,384,10.0,5,0.012,1.0,0.768,0.8814549446105957,-0.13337574899196625,0,False
305,38.479337385855615,38.46,0.10000000000000142,165,1.8730769568353602,1.419270038705142,-2.901001381382246,3.8957042168723066,0.6558759212493896,0.0063438543839760535,-1.48456994174049,0.008843854383976054,0.0,-0.0025,True,True,385,10.0,5,0.012,1.0,0.77,0.9696133136749268,-0.13937745988368988,0,False
306,38.579368135891855,38.56,0.10000000000000142,168,1.8528990696899152,1.4146023964188037,-2.926487630561774,3.8751419495955997,0.652414083480835,0.006602607925381211,-1.477967333815109,0.009102607925381211,0.0,-0.0025,True,True,386,10.0,5,0.012,1.0,0.772,0.886239767074585,-0.06907801330089569,0,False
307,38.77929481770843,38.760000000000005,0.19999999999999574,335,1.8129677087975211,1.4063579049436745,-2.9552904105013793,3.8345597944063026,0.6455817222595215,0.015465112625182539,-1.4625022211899263,0.01796511262518254,0.0,-0.0025,True,True,388,10.0,5,0.012,1.0,0.776,0.9485116004943848,-0.1838906705379486,0,False
308,38.87935161776841,38.86,0.10000000000000142,162,1.792133170945984,1.402914055999761,-2.994575894713435,3.8134778059112384,0.6420323848724365,0.006832680729004675,-1.4556695404609217,0.009332680729004676,0.0,-0.0025,True,True,389,10.0,5,0.012,1.0,0.778,0.9687951803207397,-0.19076791405677795,0,False
309,38.97936569806188,38.96,0.10000000000000142,162,1.7707887451579711,1.4001935939730261,-3.0308374491811705,3.7919656666802717,0.6384106278419495,0.0070231020208322975,-1.4486464384400894,0.009523102020832298,0.0,-0.0025,True,True,390,10.0,5,0.012,1.0,0.78,0.9934607148170471,-0.10482029616832733,0,False
310,39.07933625904843,39.06,0.10000000000000142,159,1.7490502683700455,1.3979379335099198,-3.0453935822511577,3.7701104689611658,0.634731113910675,0.00717496887826502,-1.4414714695618245,0.00967496887826502,0.0,-0.0025,True,True,391,10.0,5,0.012,1.0,0.782,0.9992812275886536,0.014452970586717129,0,False
311,39.2792782606557,39.260000000000005,0.19999999999999574,324,1.7055600877912018,1.3930902804636207,-3.0114718110786898,3.7263515709296877,0.627363920211792,0.016871409128530263,-1.4246000604332942,0.019371409128530262,0.0,-0.0025,True,True,393,10.0,5,0.012,1.0,0.786,0.9947630167007446,0.08869016915559769,0,False
312,39.379604648798704,39.36,0.10000000000000142,160,1.6840204036856896,1.3901113123031734,-3.001689271023576,3.7046178067105116,0.6237048506736755,0.007121212085592665,-1.4174788483477017,0.009621212085592665,0.0,-0.0025,True,True,394,10.0,5,0.012,1.0,0.788,0.976062536239624,-0.1964939832687378,0,False
313,39.47960980888456,39.46,0.10000000000000142,157,1.6624778309422805,1.3876365192629636,-3.04110125250029,3.682934315252239,0.6200542449951172,0.007098957086877149,-1.4103798912608245,0.00959895708687715,0.0,-0.0025,True,True,395,10.0,5,0.012,1.0,0.79,0.9905698895454407,-0.10642775893211365,0,False
314,39.57977485796437,39.56,0.10000000000000142,156,1.6407059757196578,1.3856167597728135,-3.0611783519106277,3.6610709747620005,0.6163733601570129,0.007178573561155659,-1.403201317699669,0.00967857356115566,0.0,-0.0025,True,True,396,10.0,5,0.012,1.0,0.792,0.9947478771209717,-0.06893086433410645,0,False
315,39.77945210179314,39.760000000000005,0.19999999999999574,326,1.5969943002089664,1.3826279716711598,-3.088714220249728,3.6172880024506533,0.6090021133422852,0.016882066451858763,-1.3863192512478102,0.019382066451858762,0.0,-0.0025,True,True,398,10.0,5,0.012,1.0,0.796,0.9951086640357971,-0.06976860761642456,0,False
316,39.87976836878806,39.86,0.10000000000000142,162,1.5750785275423593,1.3816232540567353,-3.101422811969862,3.595389258607666,0.6053152680397034,0.007194246095462372,-1.3791250051523478,0.009694246095462372,0.0,-0.0025,True,True,399,10.0,5,0.012,1.0,0.798,0.997700572013855,-0.04258018359541893,0,False
317,39.97975395992398,39.96,0.10000000000000142,154,1.553162925067251,1.3808181496537604,-3.1071973496944083,3.5735121108098555,0.6016320586204529,0.007184685849535206,-1.3719403193028126,0.009684685849535206,0.0,-0.0025,True,True,400,10.0,5,0.012,1.0,0.8,0.9955191612243652,0.03214017674326897,0,False
318,40.07998086884618,40.06,0.10000000000000142,161,1.5313968757264869,1.3799536666815022,-3.097825003104113,3.5517783465906794,0.5979729890823364,0.007121212085592665,-1.36481910721722,0.009621212085592665,0.0,-0.0025,True,True,401,10.0,5,0.012,1.0,0.802,0.9837895631790161,0.05322618782520294,0,False
319,40.27989445999265,40.260000000000005,0.19999999999999574,330,1.4881862952068488,1.3776902657170444,-3.0838791359562756,3.50857421909678,0.5906991958618164,0.016625820515943107,-1.348193286701277,0.019125820515943106,0.0,-0.0025,True,True,403,10.0,5,0.012,1.0,0.806,0.9806036353111267,0.0117759695276618,0,False
320,40.38012314774096,40.36,0.10000000000000142,169,1.4664412354271483,1.376440406180893,-3.088032930855407,3.4868213370671195,0.5870369076728821,0.007129675254118298,-1.3410636114471586,0.009629675254118298,0.0,-0.0025,True,True,404,10.0,5,0.012,1.0,0.808,0.996578574180603,-0.08816858381032944,0,False
321,40.480094188824296,40.46,0.10000000000000142,168,1.4445703357245754,1.3755304636429109,-3.1096271471693084,3.4649803006891133,0.5833597779273987,0.007168699864542256,-1.3338949115826164,0.009668699864542257,0.0,-0.0025,True,True,405,10.0,5,0.012,1.0,0.81,0.9876582622528076,-0.1296709179878235,0,False
322,40.580070758704096,40.56,0.10000000000000142,169,1.4228312015861175,1.3751567077753795,-3.13497304952066,3.4433290262818423,0.5797145962715149,0.007084695080658008,-1.3268102165019584,0.009584695080658009,0.0,-0.0025,True,True,406,10.0,5,0.012,1.0,0.812,0.9833706617355347,-0.08055789023637772,0,False
323,40.77983384067193,40.760000000000005,0.19999999999999574,340,1.3792604252775325,1.3754448072591532,3.1233303401601513,3.4000530299818625,0.5724287033081055,0.01665763576058579,-1.3101525807413725,0.019157635760585788,0.0,-0.0025,True,True,408,10.0,5,0.012,1.0,0.816,0.994939923286438,-0.04379547759890556,0,False
324,40.88008334906772,40.86,0.10000000000000142,171,1.3573403950367822,1.3759240616927637,3.1179678017882124,3.3783210359303237,0.5687699317932129,0.007120428458877368,-1.3030321522824952,0.009620428458877369,0.0,-0.0025,True,True,409,10.0,5,0.012,1.0,0.818,0.9980027675628662,0.012681802734732628,0,False
325,40.979947719722986,40.96,0.10000000000000142,168,1.335397119207442,1.3763831737846908,3.121521915418795,3.3565663837330257,0.5651073455810547,0.0071304588808335945,-1.2959016934016616,0.009630458880833595,0.0,-0.0025,True,True,410,10.0,5,0.012,1.0,0.82,0.9978901147842407,0.014267653226852417,0,False
326,41.0809796419926,41.06,0.10000000000000142,168,1.313407836796965,1.376813877442737,3.1147417920966807,3.334765353143626,0.5614369511604309,0.007150989900775695,-1.2887507035008858,0.009650989900775696,0.0,-0.0025,True,True,411,10.0,5,0.012,1.0,0.822,0.9952111840248108,-0.07895506918430328,0,False
327,41.28011656878516,41.260000000000005,0.19999999999999574,319,1.2694708943940811,1.378770893750031,3.084224072002833,3.2913381845274072,0.5541256070137024,0.016724557482075752,-1.27202614601881,0.01922455748207575,0.0,-0.0025,True,True,413,10.0,5,0.012,1.0,0.826,0.9993948936462402,-0.06642933189868927,0,False
328,41.38004306983203,41.36,0.10000000000000142,159,1.2475009592666915,1.3801783980789615,3.07088965904644,3.269678767349004,0.5504790544509888,0.007088299763548451,-1.2649378462552616,0.009588299763548452,0.0,-0.0025,True,True,414,10.0,5,0.012,1.0,0.828,0.9997828006744385,-0.05638737604022026,0,False
329,41.4801314487122,41.46,0.10000000000000142,162,1.225551790721231,1.3818361053427015,3.0619999592422826,3.2480738713338346,0.5468416810035706,0.007064164060716105,-1.2578736821945455,0.009564164060716106,0.0,-0.0025,True,True,415,10.0,5,0.012,1.0,0.83,0.9998301267623901,-0.0156472809612751,0,False
330,41.58044425677508,41.56,0.10000000000000142,163,1.2036212272717217,1.3835894226952858,3.0599216068862383,3.2265043786714145,0.5432102680206299,0.007048491526409196,-1.2508251906681362,0.009548491526409197,0.0,-0.0025,True,True,416,10.0,5,0.012,1.0,0.832,0.9998355507850647,-0.012366699986159801,0,False
331,41.78051974577829,41.760000000000005,0.19999999999999574,323,1.159775685259356,1.3871558123915453,3.062499973180637,3.1834057531687083,0.5359542369842529,0.016579116363708613,-1.2342460743044277,0.019079116363708612,0.0,-0.0025,True,True,418,10.0,5,0.012,1.0,0.836,0.9997860789299011,0.0027127608191221952,0,False
332,41.88085583364591,41.86,0.10000000000000142,160,1.1378499170435346,1.3888927279706758,3.0634025528246,3.16185714848441,0.532326340675354,0.007039244731168267,-1.2272068295732594,0.009539244731168267,0.0,-0.0025,True,True,419,10.0,5,0.012,1.0,0.838,0.9999054074287415,0.010266636498272419,0,False
333,41.98179656593129,41.96,0.10099999999999909,160,1.1159214078875517,1.3905875762213282,3.065644780161921,3.1403064195989465,0.5286980867385864,0.007040185083226779,-1.2201666444900328,0.00954018508322678,0.0,-0.0025,True,True,420,10.0,5,0.012,1.0,0.84,0.9999521970748901,0.014612621627748013,0,False
334,42.08191985497251,42.06,0.10000000000000142,158,1.0939991857385452,1.3922234963794733,3.067795100580606,3.118761001216396,0.5250707268714905,0.007037834203080497,-1.2131288102869522,0.009537834203080497,0.0,-0.0025,True,True,421,10.0,5,0.012,1.0,0.842,0.9985701441764832,-0.002131995279341936,0,False
335,42.18267179885879,42.160000000000004,0.10099999999999909,160,1.0720902781738095,1.3938579010641472,3.067258416528846,3.0972347006443295,0.5214465856552124,0.0070293710345550615,-1.2060994392523972,0.009529371034555062,0.0,-0.0025,True,True,422,10.0,5,0.012,1.0,0.844,0.9986095428466797,1.3329088687896729e-05,0,False
336,42.282593588810414,42.260000000000005,0.10000000000000142,157,1.0501778061291165,1.3954922898882502,3.0673922502061886,3.0757112323404834,0.5178229212760925,0.007028117231810311,-1.1990713220205869,0.009528117231810311,0.0,-0.0025,True,True,423,10.0,5,0.012,1.0,0.846,0.9991110563278198,0.005304867867380381,0,False
337,42.38273811805993,42.36,0.10000000000000142,157,1.0282558398124986,1.3971078275289919,3.0686161415799615,3.054182099500197,0.5141983032226562,0.007030624837299614,-1.1920406971832873,0.009530624837299615,0.0,-0.0025,True,True,424,10.0,5,0.012,1.0,0.848,0.9994928240776062,0.006680359598249197,0,False
338,42.582629648037255,42.56,0.19999999999999574,318,0.9843933660800557,1.4002535080450387,3.0712867814441878,3.011113920880855,0.50694739818573,0.01656563798420477,-1.1754750591990826,0.01906563798420477,0.0,-0.0025,True,True,426,10.0,5,0.012,1.0,0.852,0.9997034072875977,0.00266255927272141,0,False
339,42.68276772694662,42.660000000000004,0.10000000000000142,159,0.9624523779561818,1.4018015077155224,3.070127193539728,2.9895766452694366,0.5033214092254639,0.0070342295201900554,-1.1684408296788926,0.009534229520190056,0.0,-0.0025,True,True,427,10.0,5,0.012,1.0,0.854,0.9996938705444336,-0.027919329702854156,0,False
340,42.78276476683095,42.760000000000005,0.10000000000000142,160,0.9405137119542426,1.4034558819457466,3.063146450431745,2.968062912887596,0.4996993839740753,0.007023807284876182,-1.1614170223940163,0.009523807284876182,0.0,-0.0025,True,True,428,10.0,5,0.012,1.0,0.856,0.9990903735160828,-0.04377548024058342,0,False
341,42.88411595579237,42.86,0.10099999999999909,164,0.9185926733252092,1.4052899959497935,3.0537584226932997,2.946598568182841,0.49608567357063293,0.0070019440995179195,-1.1544150782944984,0.00950194409951792,0.0,-0.0025,True,True,429,10.0,5,0.012,1.0,0.858,0.9990982413291931,-0.044600024819374084,0,False
342,42.9840914956294,42.96,0.10000000000000142,162,0.8966899987278064,1.4073181202747294,3.0446434427579696,2.925187328507209,0.49248090386390686,0.006978435298058047,-1.1474366429964404,0.009478435298058047,0.0,-0.0025,True,True,430,10.0,5,0.012,1.0,0.86,0.9990088939666748,-0.04466298595070839,0,False
343,43.08406776469201,43.06,0.10000000000000142,160,0.8748281980022264,1.4095384298745453,3.03636411039484,2.903852383056752,0.4888889789581299,0.006944660986626732,-1.1404919820098136,0.009444660986626732,0.0,-0.0025,True,True,431,10.0,5,0.012,1.0,0.862,0.9967820048332214,-0.033162157982587814,0,False
344,43.28415455389768,43.260000000000005,0.19999999999999574,321,0.8313228192842045,1.4142007442843123,3.0387528313778787,2.8614597004078637,0.48175179958343506,0.016266606029631495,-1.1242253759801821,0.018766606029631493,0.0,-0.0025,True,True,433,10.0,5,0.012,1.0,0.866,0.9920873641967773,0.010357962921261787,0,False
345,43.383872556034476,43.36,0.10000000000000142,161,0.8096049887146943,1.416441135102048,3.0404658974972074,2.8402998245367512,0.4781893491744995,0.00686716030447968,-1.1173582156757025,0.00936716030447968,0.0,-0.0025,True,True,434,10.0,5,0.012,1.0,0.868,0.9932718873023987,0.0066732666455209255,0,False
346,43.484031033702195,43.46,0.10000000000000142,161,0.7878636047052504,1.418647149282499,3.041308649885881,2.8191220699725004,0.4746238887310028,0.006875074934304644,-1.1104831407413978,0.009375074934304645,0.0,-0.0025,True,True,435,10.0,5,0.012,1.0,0.87,0.9935750365257263,0.008499566465616226,0,False
347,43.58393566403538,43.56,0.10000000000000142,160,0.7661043382862609,1.420814474882327,3.0440801707407186,2.7979310391509684,0.471056193113327,0.006880952134669759,-1.103602188606728,0.00938095213466976,0.0,-0.0025,True,True,436,10.0,5,0.012,1.0,0.872,0.9952232837677002,0.03168487548828125,0,False
348,43.78403140185401,43.760000000000005,0.19999999999999574,322,0.7224260210104518,1.4248718198616328,3.050508208884398,2.7553801035152916,0.4638923704624176,0.016336662257982644,-1.0872655263487454,0.018836662257982643,0.0,-0.0025,True,True,438,10.0,5,0.012,1.0,0.876,0.998325526714325,-0.008779210969805717,0,False
349,43.88509048288688,43.86,0.10000000000000142,168,0.7005552615466742,1.4269047877717613,3.04838909074779,2.7340897662892982,0.4603079557418823,0.0069249135934003215,-1.080340612755345,0.009424913593400322,0.0,-0.0025,True,True,439,10.0,5,0.012,1.0,0.878,0.9981203675270081,-0.005649163853377104,0,False
350,43.98437679791823,43.96,0.10000000000000142,169,0.6786768577065108,1.4289665049382096,3.04613819940982,2.712807040784146,0.4567248225212097,0.006921543998524311,-1.0734190687568206,0.009421543998524311,0.0,-0.0025,True,True,440,10.0,5,0.012,1.0,0.88,0.9995501637458801,-0.022329820320010185,0,False
351,44.08443950675428,44.06,0.10000000000000142,165,0.6568270701086493,1.4310997361286897,3.047550094375752,2.691575119090189,0.4531502425670624,0.006899053911793969,-1.0665200148450267,0.00939905391179397,0.0,-0.0025,True,True,441,10.0,5,0.012,1.0,0.882,0.9982490539550781,0.047176215797662735,0,False
352,44.28435228578746,44.260000000000005,0.19999999999999574,329,0.614849177498717,1.4339751774842484,3.1133323336153658,2.6506169802946964,0.44625458121299744,0.015631554939520443,-1.0508884599055062,0.01813155493952044,0.0,-0.0025,True,True,443,10.0,5,0.012,1.0,0.886,0.88733971118927,0.24448581039905548,0,False
353,44.38529542880133,44.36,0.10099999999999909,165,0.5954840376739553,1.4339959177505552,-3.1197625269947458,2.631518464637403,0.4430391788482666,0.00595462699446718,-1.044933832911039,0.00845462699446718,0.0,-0.0025,True,True,444,10.0,5,0.012,1.0,0.888,0.8818087577819824,0.19511951506137848,0,False
354,44.485762694850564,44.46,0.10000000000000142,172,0.5758765889986849,1.4331990873019096,-3.083724479327334,2.612049275876826,0.43976137042045593,0.006118718428659194,-1.0388151144823796,0.008618718428659194,0.0,-0.0025,True,True,445,10.0,5,0.012,1.0,0.89,0.9394270777702332,0.035343389958143234,0,False
355,44.58547035604715,44.56,0.10000000000000142,172,0.5549508710945733,1.431993466058907,-3.0826388847364505,2.591214402783951,0.4362536370754242,0.0067232864395433325,-1.0320918280428364,0.009223286439543333,0.0,-0.0025,True,True,446,10.0,5,0.012,1.0,0.892,0.9830384850502014,-0.028317969292402267,0,False
356,44.68582417303696,44.660000000000004,0.10000000000000142,172,0.5332818432246472,1.4307982102825685,-3.088167524218038,2.5696505746579703,0.4326231777667999,0.007045983920920287,-1.0250458441219161,0.009545983920920287,0.0,-0.0025,True,True,447,10.0,5,0.012,1.0,0.894,0.9908029437065125,0.01106377225369215,0,False
357,44.785714802797884,44.760000000000005,0.10000000000000142,173,0.5119953017256316,1.4295905679127021,-3.0803270282194233,2.548463969255532,0.42905622720718384,0.006878993067881322,-1.0181668510540347,0.009378993067881322,0.0,-0.0025,True,True,448,10.0,5,0.012,1.0,0.896,0.9344087243080139,0.14996129274368286,0,False
358,44.98586853966117,44.96,0.19999999999999574,331,0.4728137305921735,1.425629394854767,-3.002229010415565,2.5091768687097993,0.42244189977645874,0.014891811320240216,-1.0032750397337944,0.017391811320240216,0.0,-0.0025,True,True,450,10.0,5,0.012,1.0,0.9,0.872780442237854,0.10851553827524185,0,False
359,45.0869470606558,45.06,0.10000000000000142,162,0.453934482288487,1.422822486686465,-2.9797830823516134,2.4900949926282983,0.41922929883003235,0.0059472609033428825,-0.9973277788304515,0.008447260903342883,0.0,-0.0025,True,True,451,10.0,5,0.012,1.0,0.902,0.8650369644165039,0.13678373396396637,0,False
360,45.18702777894214,45.160000000000004,0.10000000000000142,159,0.43493250599482763,1.4194619942003603,-2.957847525355388,2.4707983952123738,0.4159805476665497,0.006042314823913477,-0.991285464006538,0.008542314823913478,0.0,-0.0025,True,True,452,10.0,5,0.012,1.0,0.904,0.8998178839683533,0.04173896834254265,0,False
361,45.28679011994973,45.260000000000005,0.10000000000000142,159,0.41504935268987414,1.4157259457984097,-2.9525762238270383,2.4505696275185636,0.4125748574733734,0.006454972652211403,-0.9848304913543267,0.008954972652211403,0.0,-0.0025,True,True,453,10.0,5,0.012,1.0,0.906,0.9500855207443237,-0.0017258954467251897,0,False
362,45.48702693590894,45.46,0.19999999999999574,318,0.3746042377465619,1.4077936541504454,-2.93502001107558,2.4093652584047005,0.4056377410888672,0.015740557415624138,-0.9690899339387025,0.018240557415624137,0.0,-0.0025,True,True,455,10.0,5,0.012,1.0,0.91,0.9416444897651672,0.09601528942584991,0,False
363,45.58718079375103,45.56,0.10000000000000142,158,0.3541591877205221,1.4032528376321571,-2.9107992379519163,2.388446833399337,0.40211594104766846,0.006760273620507441,-0.962329660318195,0.009260273620507442,0.0,-0.0025,True,True,456,10.0,5,0.012,1.0,0.912,0.9864726066589355,0.18308565020561218,0,False
364,45.686854865867645,45.660000000000004,0.10000000000000142,158,0.333180733017234,1.397853220149701,-2.871536968492565,2.36685857695996,0.3984813690185547,0.007056797969591808,-0.9552728623486032,0.009556797969591808,0.0,-0.0025,True,True,457,10.0,5,0.012,1.0,0.914,0.9930795431137085,0.1756877601146698,0,False
365,45.78699839301407,45.760000000000005,0.10000000000000142,158,0.31258488997352263,1.3917542012169528,-2.835606871761079,2.345531951297399,0.39489084482192993,0.006940977941064682,-0.9483318844075386,0.009440977941064682,0.0,-0.0025,True,True,458,10.0,5,0.012,1.0,0.916,0.9652400016784668,0.1651161164045334,0,False
366,45.987333049066365,45.96,0.19999999999999574,321,0.2716747474283595,1.3781554388550772,-2.826910691367049,2.30293463726962,0.38771921396255493,0.016357193277924745,-0.9319746911296138,0.018857193277924744,0.0,-0.0025,True,True,460,10.0,5,0.012,1.0,0.92,0.9848806858062744,-0.04419378936290741,0,False
367,46.087268128059804,46.06,0.10000000000000142,160,0.251025639250324,1.3715189044530793,-2.8366552911660823,2.281478258319234,0.38410684466362,0.006998417779298891,-0.924976273350315,0.009498417779298891,0.0,-0.0025,True,True,461,10.0,5,0.012,1.0,0.922,0.9846691489219666,-0.04140087962150574,0,False
368,46.18753221491352,46.160000000000004,0.10000000000000142,158,0.23057483627299497,1.3651350565455231,-2.839653865372518,2.260262799184305,0.3805350363254547,0.006891766183341478,-0.9180845071669734,0.009391766183341478,0.0,-0.0025,True,True,462,10.0,5,0.012,1.0,0.924,0.9523465633392334,0.07043293118476868,0,False
369,46.28762334305793,46.260000000000005,0.10000000000000142,160,0.21051988107650288,1.3586593848979172,-2.8217297506965813,2.2394273950411385,0.3770272135734558,0.0067235215275579605,-0.9113609856394155,0.009223521527557961,0.0,-0.0025,True,True,463,10.0,5,0.012,1.0,0.926,0.9679179191589355,0.11538788676261902,0,False
370,46.48790171882138,46.46,0.19999999999999574,322,0.17003027120032776,1.344053049589607,-2.7689340205128685,2.1971354349308214,0.3699069917201996,0.016222017669528657,-0.8951389679698868,0.018722017669528655,0.0,-0.0025,True,True,465,10.0,5,0.012,1.0,0.93,0.9989549517631531,0.13811610639095306,0,False
371,46.58781993901357,46.56,0.10000000000000142,155,0.1498747990298868,1.3358522946554934,-2.746893414955318,2.1759500686457294,0.3663402497768402,0.006878444529180653,-0.8882605234407062,0.009378444529180654,0.0,-0.0025,True,True,466,10.0,5,0.012,1.0,0.932,0.9925959706306458,0.05677732452750206,0,False
372,46.68768513761461,46.660000000000004,0.10000000000000142,161,0.12983429530523563,1.3274216868296684,-2.7360403747790962,2.154854803893384,0.36278867721557617,0.0068385579293697915,-0.8814219655113363,0.009338557929369792,0.0,-0.0025,True,True,467,10.0,5,0.012,1.0,0.934,0.9853158593177795,0.048311058431863785,0,False
373,46.788254101760685,46.760000000000005,0.10000000000000142,161,0.1098750086665693,1.3187730019161734,-2.7303157857667513,2.1338202558910035,0.3592473268508911,0.006811679533033712,-0.8746102859783026,0.009311679533033712,0.0,-0.0025,True,True,468,10.0,5,0.012,1.0,0.936,0.992512583732605,-0.014748070389032364,0,False
374,46.988121329806745,46.96,0.19999999999999574,323,0.06983946722195239,1.3015243824764282,-2.7390933821624,2.091686548767475,0.3521537482738495,0.016151961441177313,-0.8584583245371252,0.01865196144117731,0.0,-0.0025,True,True,470,10.0,5,0.012,1.0,0.94,0.9872116446495056,-0.03216620534658432,0,False
375,47.08820324903354,47.06,0.10000000000000142,161,0.049850596825960596,1.2930835087116896,-2.741673758472171,2.070696786006322,0.3486199378967285,0.006791853777135693,-0.8516664707599896,0.009291853777135694,0.0,-0.0025,True,True,471,10.0,5,0.012,1.0,0.942,0.9787343144416809,0.019576409831643105,0,False
376,47.187965898774564,47.160000000000004,0.10000000000000142,160,0.03004152475970932,1.284628402258348,-2.7370316995627415,2.049898024333251,0.34511828422546387,0.006707300454550383,-0.8449591703054392,0.009207300454550383,0.0,-0.0025,True,True,472,10.0,5,0.012,1.0,0.944,0.9804164171218872,0.026381509378552437,0,False
377,47.28914260864258,47.260000000000005,0.10099999999999909,163,0.010273991550095611,1.2760791054783995,-2.73095654150647,2.029142985800825,0.341623991727829,0.00668794487468162,-0.8382712254307576,0.00918794487468162,0.0,-0.0025,True,True,473,10.0,5,0.012,1.0,0.946,0.9782667756080627,0.023470088839530945,0,False
378,47.38924223696813,47.36,0.10000000000000142,171,-0.009430705074049198,1.267450003827967,-2.7284850293960305,2.008456098722441,0.33814117312431335,0.00665777524614114,-0.8316134501846164,0.00915777524614114,0.0,-0.0025,True,True,474,10.0,5,0.012,1.0,0.948,0.9728299379348755,-0.045007456094026566,0,False
379,47.589123914949596,47.56,0.19999999999999574,340,-0.04895228228168009,1.2507846423491698,-2.7541027347661458,1.9670994951917566,0.3311784267425537,0.015807949313143357,-0.8158055008714731,0.018307949313143355,0.0,-0.0025,True,True,476,10.0,5,0.012,1.0,0.952,0.9877505898475647,-0.04673510044813156,0,False
380,47.68937882082537,47.660000000000004,0.10000000000000142,170,-0.06910580548396553,1.2426349478160232,-2.7636579202039284,1.9460791085304756,0.32763946056365967,0.006805410519311045,-0.809000090352162,0.009305410519311046,0.0,-0.0025,True,True,477,10.0,5,0.012,1.0,0.954,0.986602246761322,-0.03671421855688095,0,False
381,47.789207350928336,47.760000000000005,0.10000000000000142,169,-0.08940178336343153,1.2346342464122644,-2.772557415348979,1.9249516267271287,0.32408246397972107,0.0068528199355889306,-0.8021472704165731,0.009352819935588931,0.0,-0.0025,True,True,478,10.0,5,0.012,1.0,0.956,0.996626615524292,-0.07982927560806274,0,False
382,47.88969784602523,47.86,0.10000000000000142,170,-0.10993918031920763,1.2268842191729148,-2.7812633828736018,1.9036297805171887,0.3204927444458008,0.006938862148933323,-0.7952084082676397,0.009438862148933323,0.0,-0.0025,True,True,479,10.0,5,0.012,1.0,0.958,0.9975279569625854,0.19496279954910278,0,False
383,48.08952248375863,48.06,0.19999999999999574,347,-0.1501809204414251,1.209954555876647,-2.7091377291227894,1.8616959253199292,0.31343281269073486,0.016063489985015524,-0.7791449182826242,0.018563489985015523,0.0,-0.0025,True,True,481,10.0,5,0.012,1.0,0.962,0.9915467500686646,0.22890879213809967,0,False
384,48.18934525363147,48.160000000000004,0.10000000000000142,173,-0.16971940218184126,1.200312648642966,-2.6679675732756056,1.8412094212181056,0.3099837303161621,0.006569068701964623,-0.7725758495806596,0.009069068701964623,0.0,-0.0025,True,True,482,10.0,5,0.012,1.0,0.964,0.998810350894928,-0.2107042372226715,0,False
385,48.28953594062477,48.260000000000005,0.10000000000000142,165,-0.18950376519823395,1.1905885118818909,-2.7114496130405565,1.820500053010726,0.30649712681770325,0.006667727305425855,-0.7659081222752337,0.009167727305425855,0.0,-0.0025,True,True,483,10.0,5,0.012,1.0,0.966,0.9988343715667725,-0.19368129968643188,0,False
386,48.389850036706775,48.36,0.10000000000000142,165,-0.2096520485763184,1.1817108133148686,-2.7402741043657173,1.7995456936023222,0.3029692769050598,0.006776181242828881,-0.7591319410324049,0.009276181242828882,0.0,-0.0025,True,True,484,10.0,5,0.012,1.0,0.968,0.9666442275047302,0.14161941409111023,0,False
387,48.589773383922875,48.56,0.19999999999999574,334,-0.24859943485205127,1.1639653227547289,-2.699235268444342,1.7590589504486844,0.2961529791355133,0.01542287514522559,-0.7437090658871793,0.01792287514522559,0.0,-0.0025,True,True,486,10.0,5,0.012,1.0,0.972,0.9727100133895874,-0.011893263086676598,0,False
388,48.68964353390038,48.660000000000004,0.10000000000000142,168,-0.26785277560136134,1.154967135794036,-2.706673827360929,1.7390654380338926,0.2927868962287903,0.006350828661742703,-0.7373582372254366,0.008850828661742704,0.0,-0.0025,True,True,487,10.0,5,0.012,1.0,0.974,0.9527531266212463,-0.06924816966056824,0,False
389,48.78959049191326,48.760000000000005,0.10000000000000142,165,-0.28688884735951475,1.1463157899816947,-2.7207850891480483,1.719348248787308,0.28946733474731445,0.006228504531478184,-0.7311297326939584,0.008728504531478184,0.0,-0.0025,True,True,488,10.0,5,0.012,1.0,0.976,0.9443262815475464,-0.030186867341399193,0,False
390,48.89004838699475,48.86,0.10000000000000142,163,-0.30588374789450934,1.1378419012509393,-2.7226066296252927,1.699714788469975,0.286161869764328,0.006191438987842662,-0.7249382937061157,0.008691438987842663,0.0,-0.0025,True,True,489,10.0,5,0.012,1.0,0.978,0.9402397274971008,0.054562609642744064,0,False
391,49.08995517389849,49.06,0.19999999999999574,328,-0.3440350533696702,1.121379523353067,-2.778579592582502,1.6604075080131753,0.2795441448688507,0.014900744664795006,-0.7100375490413208,0.017400744664795006,0.0,-0.0025,True,True,491,10.0,5,0.012,1.0,0.982,0.9088485240936279,-0.11333886533975601,0,False
392,49.190134410746396,49.160000000000004,0.10000000000000142,169,-0.36278620156729696,1.1143611266377993,-2.790549067190893,1.641203136331162,0.27631092071533203,0.0060014878720443966,-0.7040360611692764,0.008501487872044397,0.0,-0.0025,True,True,492,10.0,5,0.012,1.0,0.984,0.9178542494773865,0.19102485477924347,0,False
393,49.29011733876541,49.260000000000005,0.10000000000000142,166,-0.38165923775126104,1.1068793766262865,-2.750402467965692,1.6218661790931033,0.27305537462234497,0.006060181513023354,-0.6979758796562531,0.008560181513023355,0.0,-0.0025,True,True,493,10.0,5,0.012,1.0,0.986,0.9760147929191589,-0.01268242858350277,0,False
394,49.39039883483201,49.36,0.10000000000000142,161,-0.40162304741465565,1.0987992104870166,-2.757084267270789,1.6014274695174908,0.2696143388748169,0.0065479107806505395,-0.6914279688756025,0.00904791078065054,0.0,-0.0025,True,True,494,10.0,5,0.012,1.0,0.988,0.9828054904937744,-0.048129331320524216,0,False
395,49.59005183400586,49.56,0.19999999999999574,327,-0.4418750436396192,1.0829290225397714,-2.769997138025194,1.5603303725624578,0.2626952826976776,0.015693069636674547,-0.675734899238928,0.018193069636674546,0.0,-0.0025,True,True,496,10.0,5,0.012,1.0,0.992,0.9863597750663757,-0.01290492620319128,0,False
396,49.69008103199303,49.660000000000004,0.10000000000000142,168,-0.4620694862041307,1.0750594519308694,-2.769258582614476,1.539761024615201,0.2592322528362274,0.006605742432242594,-0.6691291568066855,0.009105742432242594,0.0,-0.0025,True,True,497,10.0,5,0.012,1.0,0.994,0.9838853478431702,0.03522590547800064,0,False
397,49.79055866692215,49.760000000000005,0.10000000000000142,168,-0.48207919263595683,1.067142297475353,-2.76693870087997,1.5194049818682578,0.2558051347732544,0.006511315413044177,-0.6626178413936413,0.009011315413044178,0.0,-0.0025,True,True,498,10.0,5,0.012,1.0,0.996,0.9841732978820801,-0.05654427409172058,0,False
398,49.89037805562839,49.86,0.10000000000000142,165,-0.5022274200468533,1.0594229090422984,-2.7871539359719724,1.4989508718341997,0.2523615062236786,0.006554728333073873,-0.6560631130605674,0.009054728333073874,0.0,-0.0025,True,True,499,10.0,5,0.012,1.0,0.998,0.9859433770179749,-0.24370691180229187,0,False
399,50.09056092100218,50.06,0.19999999999999574,336,-0.5410759677779089,1.047050658284792,-2.86596544015099,1.459682535065424,0.2457503378391266,0.014883504877057604,-0.6411796081835098,0.017383504877057605,0.0,-0.0025,True,True,501,10.0,5,0.012,1.0,1.0,0.895749032497406,-0.13069772720336914,0,False
400,50.190487639047205,50.160000000000004,0.10000000000000142,166,-0.5601925559055123,1.0419009449768832,-2.895497371937444,1.4404170040915365,0.24250681698322296,0.006028562175059397,-0.6351510460084504,0.008528562175059397,0.0,-0.0025,True,True,502,10.0,5,0.012,1.0,1.0,0.9018803238868713,-0.19295597076416016,0,False
401,50.290502266958356,50.260000000000005,0.10000000000000142,167,-0.5794332302169878,1.037492514670879,-2.934977563763036,1.4210614600932845,0.2392481416463852,0.006068409593534357,-0.629082636414916,0.008568409593534358,0.0,-0.0025,True,True,503,10.0,5,0.012,1.0,1.0,0.8820793032646179,-0.20243851840496063,0,False
402,50.39042161591351,50.36,0.10000000000000142,167,-0.5981714052231315,1.0339627161404794,-2.9735904661659482,1.4022399756712534,0.2360793799161911,0.005831989413516522,-0.6232506470013995,0.008331989413516523,0.0,-0.0025,True,True,504,10.0,5,0.012,1.0,1.0,0.8214536309242249,-0.10571160912513733,0,False
403,50.5904657416977,50.56,0.19999999999999574,332,-0.630479073180783,1.0288945633868163,-2.994841316059362,1.369825727994713,0.23062215745449066,0.01184930223526393,-0.6114013447661356,0.014349302235263931,0.0,-0.0025,True,True,506,10.0,5,0.012,1.0,1.0,0.690942645072937,-0.052236609160900116,0,False
404,50.690453809686005,50.660000000000004,0.10000000000000142,167,-0.6454030325644039,1.0267927131155399,-3.008495528404351,1.3548618813966113,0.22810286283493042,0.00412427089411334,-0.6072770738720222,0.00662427089411334,0.0,-0.0025,True,True,507,10.0,5,0.012,1.0,1.0,0.6652635931968689,-0.12556985020637512,0,False
405,50.79055069666356,50.760000000000005,0.10000000000000142,166,-0.6606165737056767,1.0249870763361189,-3.031355673166455,1.3396164896357718,0.22553616762161255,0.00424890672318814,-0.6030281671488341,0.006748906723188139,0.0,-0.0025,True,True,508,10.0,5,0.012,1.0,1.0,0.7475115060806274,-0.017975308001041412,0,False
406,50.79202225478366,50.760000000000005,0.0,1,-0.6606165737056767,1.0249870763361189,-3.031355673166455,1.3396164896357718,0.22553616762161255,-1.5,-2.103028167148834,0.0,-1.5,-0.0,False,False,508,10.0,5,0.012,1.0,1.0,0.7475114464759827,-0.017975322902202606,4,True
