ppo_step,t_wall_s,t_sim_s,ppo_step_sim_dt,inner_ticks,x,y,yaw,goal_distance_m,goal_distance_norm,ppo_reward,ppo_reward_cumulative,navigation_reward,terminal_reward,frame_cost_reward,fresh_observation,frame_consumed,episode_frame_count,current_fps,scan_divisor_k,obs_age_ratio,fps_ratio,frame_count_ratio,action_linear,action_angular,outcome,done
1,0.08181050699204206,0.0800000000000125,0.09999999999999432,69,-1.846228776073577,0.9098612018398284,3.022557903372445,4.096484419050347,0.6896790266036987,-0.0029628023163964304,-0.0029628023163964304,-0.0029628023163964304,0.0,-0.0,False,False,1,10.0,5,0.016,1.0,0.002,0.586094856262207,1.0,0,False
2,0.18294074898585677,0.18000000000000682,0.10099999999999909,159,-1.8614807108794755,0.9108656499547532,-3.136548389836444,4.111152382127847,0.6921485066413879,-0.006091230881794464,-0.009054033198190894,-0.003591230881794464,0.0,-0.0025,True,True,2,5.0,10,0.016,0.5,0.004,0.6374719142913818,1.0,0,False
3,0.2836866741999984,0.28000000000000114,0.10099999999999909,160,-1.8750994998131698,0.9094466409219376,-2.932793040608564,4.123461773845199,0.6942209005355835,-0.0030137700400451302,-0.012067803238236023,-0.0030137700400451302,0.0,-0.0,False,False,2,5.0,10,0.036,0.5,0.004,0.6197268962860107,1.0,0,False
4,0.3836615961045027,0.3800000000000239,0.09999999999999432,160,-1.8857095029282307,0.90624531979094,-2.7329194443467753,4.132343766982906,0.6957162618637085,-0.004674622875683885,-0.016742426113919906,-0.002174622875683885,0.0,-0.0025,True,True,3,5.0,10,0.016,0.5,0.006,-0.06084967777132988,0.9999995827674866,0,False
5,0.48389454605057836,0.4800000000000182,0.09999999999999432,161,-1.8872691383442977,0.9055922986364998,-2.5334070733098226,4.133588194832039,0.695925772190094,-0.00030467950446547794,-0.017047105618385384,-0.00030467950446547794,0.0,-0.0,False,False,3,5.0,10,0.036,0.5,0.006,-0.09554091095924377,0.9999991059303284,0,False
6,0.584170495159924,0.5800000000000125,0.10000000000002274,161,-1.8872925493055273,0.9054413627190058,-2.334523318293831,4.133558810049258,0.6959208250045776,-0.0024928055764238516,-0.019539911194809235,7.194423576148545e-06,0.0,-0.0025,True,True,4,5.0,10,0.016,0.5,0.008,0.9549750685691833,0.22841311991214752,0,False
7,0.6838197493925691,0.6800000000000068,0.09999999999999432,160,-1.8926347003408177,0.8985195551597704,-2.144641343118458,4.1362377817517855,0.696371853351593,-0.000655906062671276,-0.02019581725748051,-0.000655906062671276,0.0,-0.0,False,False,4,5.0,10,0.036,0.5,0.008,0.9434398412704468,0.2507842481136322,0,False
8,0.784224736969918,0.7800000000000011,0.09999999999999432,166,-1.8994048067573999,0.8862336039723341,-2.018758209701361,4.138478105913752,0.6967490315437317,-0.0030485097878398927,-0.023244327045320402,-0.0005485097878398925,0.0,-0.0025,True,True,5,5.0,10,0.016,0.5,0.01,0.9996067881584167,0.1424301117658615,0,False
9,0.8838251023553312,0.8800000000000239,0.09999999999999432,160,-1.907016698325153,0.8687384486533368,-1.9555335990425966,4.139833700290517,0.6969772577285767,-0.00033189696233231923,-0.023576224007652722,-0.00033189696233231923,0.0,-0.0,False,False,5,5.0,10,0.036,0.5,0.01,0.9996002316474915,0.1493156999349594,0,False
10,0.9839531620964408,0.9800000000000182,0.09999999999999432,161,-1.9149751372788155,0.8483283881821515,-1.9264476734245228,4.140654350007242,0.697115421295166,-0.0027009237813232717,-0.026277147788975993,-0.00020092378132327175,0.0,-0.0025,True,True,6,5.0,10,0.016,0.5,0.012,0.9979992508888245,0.16270625591278076,0,False
11,1.083993743173778,1.0800000000000125,0.10000000000002274,161,-1.92226012246087,0.8276860862674997,-1.8944107110782336,4.140878453230144,0.6971531510353088,-5.4868314744278245e-05,-0.02633201610372027,-5.4868314744278245e-05,0.0,-0.0,False,False,6,5.0,10,0.036,0.5,0.012,0.9979687333106995,0.1629115641117096,0,False
12,1.1843174123205245,1.1800000000000068,0.09999999999999432,161,-1.9289000522900444,0.8068301004727697,-1.867954685181782,4.140538581043752,0.6970959305763245,-0.002416787389961071,-0.028748803493681342,8.321261003892916e-05,0.0,-0.0025,True,True,7,5.0,10,0.016,0.5,0.014,0.996647298336029,0.10701820999383926,0,False
13,1.28398695634678,1.2800000000000011,0.09999999999999432,160,-1.935092923251567,0.7858376348071704,-1.8460111283826377,4.139847153564562,0.6969795227050781,0.00016928565354783301,-0.02857951784013351,0.00016928565354783301,0.0,-0.0,False,False,7,5.0,10,0.036,0.5,0.014,0.9964984059333801,0.10746095329523087,0,False
14,1.383936368394643,1.3800000000000239,0.09999999999999432,161,-1.9408107656268931,0.7647710251672689,-1.8238951467817381,4.1387963820549665,0.6968026161193848,-0.002242734347296251,-0.03082225218742976,0.00025726565270374913,0.0,-0.0025,True,True,8,5.0,10,0.016,0.5,0.016,0.9919933080673218,0.11692328751087189,0,False
15,1.4841498881578445,1.4800000000000182,0.09999999999999432,161,-1.9460247892149782,0.7436146742838755,-1.8008540574398193,4.137352987363384,0.6965596079826355,0.0003533935532589937,-0.030468858634170766,0.0003533935532589937,0.0,-0.0,False,False,8,5.0,10,0.036,0.5,0.016,0.9919026494026184,0.1173018142580986,0,False
16,1.5843149982392788,1.5800000000000125,0.10000000000002274,160,-1.9507412560548585,0.7223422199887596,-1.7767382936153846,4.135514137221593,0.6962500214576721,-0.0020497851077685477,-0.032518643741939315,0.00045021489223145224,0.0,-0.0025,True,True,9,5.0,10,0.016,0.5,0.018,0.9918215870857239,0.12355277687311172,0,False
17,1.6843185792677104,1.6800000000000068,0.09999999999999432,157,-1.9549336419728114,0.700961116406863,-1.7520616093813177,4.13325646541678,0.6958699226379395,0.0005527570981438602,-0.03196588664379545,0.0005527570981438602,0.0,-0.0,False,False,9,5.0,10,0.036,0.5,0.018,0.991665244102478,0.12406951189041138,0,False
18,1.7843751101754606,1.7800000000000011,0.09999999999999432,160,-1.9585479809567072,0.6796685981974988,-1.7227803069101566,4.130583512284218,0.6954199075698853,-0.0018455674939644882,-0.03381145413775994,0.0006544325060355118,0.0,-0.0025,True,True,10,5.0,10,0.016,0.5,0.02,0.9783490300178528,0.16393084824085236,0,False
19,1.8845223202370107,1.8800000000000239,0.09999999999999432,160,-1.9614473266958596,0.6584029780830627,-1.6903333056321843,4.127343397440616,0.6948744058609009,0.0007932935490377043,-0.033018160588722235,0.0007932935490377043,0.0,-0.0,False,False,10,5.0,10,0.036,0.5,0.02,0.9782818555831909,0.1644037514925003,0,False
20,1.984546332154423,1.9800000000000182,0.09999999999999432,160,-1.9637541042029334,0.6368553225442636,-1.679086646260953,4.123564797601699,0.6942382454872131,-0.0015748664719318394,-0.03459302706065408,0.0009251335280681606,0.0,-0.0025,True,True,11,5.0,10,0.016,0.5,0.022,0.9880627989768982,-0.07329516857862473,0,False
21,2.084533933084458,2.0800000000000125,0.10000000000002274,159,-1.9663336670671385,0.6152558513081086,-1.693782692884309,4.120145541793186,0.6936625838279724,0.000837153528912462,-0.033755873531741615,0.000837153528912462,0.0,-0.0,False,False,11,5.0,10,0.036,0.5,0.022,0.9880859851837158,-0.0704716369509697,0,False
22,2.1844203453511,2.180000000000007,0.09999999999999432,154,-1.9691297818649893,0.5937010302471708,-1.6921372129894392,4.117058723466988,0.6931428909301758,-0.0017442388052818785,-0.03550011233702349,0.0007557611947181215,0.0,-0.0025,True,True,12,5.0,10,0.016,0.5,0.024,0.9891890287399292,0.12665586173534393,0,False
23,2.2854691282846034,2.280000000000001,0.10099999999999909,161,-1.9714179131339038,0.5721141759614256,-1.6667911706615224,4.113586008595824,0.692558228969574,0.0008502421790329721,-0.03464987015799052,0.0008502421790329721,0.0,-0.0,False,False,12,5.0,10,0.036,0.5,0.024,0.989186704158783,0.1261957287788391,0,False
24,2.385377150028944,2.380000000000024,0.09999999999999432,161,-1.9731252456936181,0.5506220573699843,-1.6300358745330965,4.109687391391088,0.6919018626213074,-0.0015454820190118025,-0.03619535217700232,0.0009545179809881976,0.0,-0.0025,True,True,13,5.0,10,0.016,0.5,0.026,0.9790963530540466,0.20820385217666626,0,False
25,2.4856050801463425,2.480000000000018,0.09999999999999432,160,-1.973939783656253,0.5291779168596481,-1.5885819207914478,4.105046365879201,0.6911205053329468,0.0011362855260419677,-0.035059066650960355,0.0011362855260419677,0.0,-0.0,False,False,13,5.0,10,0.036,0.5,0.026,0.9786614775657654,0.20813488960266113,0,False
26,2.5856861011125147,2.5800000000000125,0.09999999999999432,162,-1.9739441138752616,0.5077386998521535,-1.5676994549991123,4.0997280742292235,0.6902251243591309,-0.0011978960124949644,-0.03625696266345532,0.0013021039875050356,0.0,-0.0025,True,True,14,5.0,10,0.016,0.5,0.028,0.9605993628501892,-0.13052114844322205,0,False
27,2.6854966543614864,2.680000000000007,0.10000000000002274,161,-1.9742969817051526,0.4865417705436706,-1.596857432531146,4.094911448087702,0.6894142031669617,0.0011792787078953168,-0.035077683955560005,0.0011792787078953168,0.0,-0.0,False,False,14,5.0,10,0.036,0.5,0.028,0.9614239931106567,-0.11484576016664505,0,False
28,2.7855428750626743,2.780000000000001,0.09999999999999432,161,-1.975193391695356,0.4649603686276806,-1.6340216737827233,4.09063684727677,0.6886945366859436,-0.001453428069156331,-0.03653111202471634,0.0010465719308436691,0.0,-0.0025,True,True,15,5.0,10,0.016,0.5,0.03,0.9901445508003235,-0.18628038465976715,0,False
29,2.885915582999587,2.880000000000024,0.09999999999999432,161,-1.9769640875191719,0.4431737325698886,-1.6688768278047836,4.087275298933237,0.6881285905838013,0.0008230247211663483,-0.03570808730354999,0.0008230247211663483,0.0,-0.0,False,False,15,5.0,10,0.036,0.5,0.03,0.9903415441513062,-0.1568744033575058,0,False
30,2.9856182471849024,2.980000000000018,0.09999999999999432,158,-1.979403297187199,0.4215306120188451,-1.6874404681745487,4.084711742160671,0.6876969933509827,-0.0018723515528209513,-0.03758043885637094,0.0006276484471790486,0.0,-0.0025,True,True,16,5.0,10,0.016,0.5,0.032,0.9842907190322876,0.0651828870177269,0,False
31,3.085716917179525,3.0800000000000125,0.09999999999999432,160,-1.9816839589498938,0.40003427033674244,-1.6722079523692455,4.082140396650501,0.687264084815979,0.000629555402825626,-0.036950883453545316,0.000629555402825626,0.0,-0.0,False,False,16,5.0,10,0.036,0.5,0.032,0.9842604994773865,0.060081999748945236,0,False
32,3.1857117391191423,3.180000000000007,0.10000000000002274,161,-1.983697171238938,0.3785366117915993,-1.6529863008070917,4.079420357058783,0.6868061423301697,-0.0018340390802821659,-0.03878492253382748,0.0006659609197178342,0.0,-0.0025,True,True,17,5.0,10,0.016,0.5,0.034,0.9810867309570312,0.12715546786785126,0,False
33,3.2861207271926105,3.280000000000001,0.09999999999999432,161,-1.9851746373781654,0.35705879406769836,-1.6274500915279584,4.076293178910451,0.6862796545028687,0.0007656426921602674,-0.03801927984166721,0.0007656426921602674,0.0,-0.0,False,False,17,5.0,10,0.036,0.5,0.034,0.9803911447525024,0.1190875694155693,0,False
34,3.385799101088196,3.380000000000024,0.09999999999999432,160,-1.986142455008676,0.3355939875384264,-1.605871048659165,4.0727815203512625,0.6856884360313416,-0.0016402230427332715,-0.03965950288440048,0.0008597769572667286,0.0,-0.0025,True,True,18,5.0,10,0.016,0.5,0.036,0.9769463539123535,0.09689091891050339,0,False
35,3.4859462012536824,3.480000000000018,0.09999999999999432,160,-1.9866958633471012,0.3141411204602975,-1.5864047769980107,4.0689763679977835,0.6850478053092957,0.0009316345132275301,-0.03872786837117295,0.0009316345132275301,0.0,-0.0,False,False,18,5.0,10,0.036,0.5,0.036,0.9765958786010742,0.09657903015613556,0,False
36,3.5862052901647985,3.5800000000000125,0.09999999999999432,162,-1.9868470043019528,0.29279872929840856,-1.570398849200158,4.064908168733378,0.6843628883361816,-0.0015039623937944354,-0.040231830764967384,0.0009960376062055647,0.0,-0.0025,True,True,19,5.0,10,0.016,0.5,0.038,0.967403769493103,0.06796645373106003,0,False
37,3.685782795306295,3.680000000000007,0.10000000000002274,161,-1.9867041226355278,0.27154050407565355,-1.5568750392190989,4.06067534387869,0.6836502552032471,0.0010363437141931338,-0.03919548705077425,0.0010363437141931338,0.0,-0.0,False,False,19,5.0,10,0.036,0.5,0.038,0.9672023057937622,0.0656689703464508,0,False
38,3.786156553309411,3.780000000000001,0.09999999999999432,161,-1.9862689524848218,0.2512511590942545,-1.5353238622406753,4.0564414569234195,0.6829374432563782,-0.001463396246400683,-0.04065888329717493,0.0010366037535993172,0.0,-0.0025,True,True,20,5.0,10,0.016,0.5,0.04,0.8794863224029541,0.1452087014913559,0,False
39,3.8859928459860384,3.880000000000024,0.09999999999999432,159,-1.98529747821637,0.23200157237947508,-1.5066172398877375,4.0519654110353445,0.6821838617324829,0.0010958927382521927,-0.03956299055892274,0.0010958927382521927,0.0,-0.0,False,False,20,5.0,10,0.036,0.5,0.04,0.8766611814498901,0.14689700305461884,0,False
40,3.9860162371769547,3.980000000000018,0.09999999999999432,160,-1.9837231725573785,0.21255286795018696,-1.4701396116571046,4.046947339816679,0.6813390254974365,-0.0012714004846959422,-0.04083439104361868,0.0012285995153040578,0.0,-0.0025,True,True,21,5.0,10,0.016,0.5,0.042,0.8961578011512756,0.20580852031707764,0,False
41,4.08597068907693,4.0800000000000125,0.09999999999999432,159,-1.9813480882598273,0.19306413120290236,-1.4292391492935752,4.041221555576559,0.6803750395774841,0.0014018724397494575,-0.039432518603869225,0.0014018724397494575,0.0,-0.0,False,False,21,5.0,10,0.036,0.5,0.042,0.8938443660736084,0.2043026238679886,0,False
42,4.186323896981776,4.180000000000007,0.10000000000002274,162,-1.978233149001506,0.17356821974431555,-1.4102481507062794,4.034852138383459,0.6793026924133301,-0.0009405436799892264,-0.04037306228385845,0.0015594563200107736,0.0,-0.0025,True,True,22,5.0,10,0.016,0.5,0.044,0.9526099562644958,-0.3082071542739868,0,False
43,4.286050911061466,4.280000000000001,0.09999999999999432,156,-1.9756145883192504,0.1528155116463677,-1.4748206514620694,4.028855872528336,0.6782931685447693,0.001468095808572081,-0.03890496647528637,0.001468095808572081,0.0,-0.0,False,False,22,5.0,10,0.036,0.5,0.044,0.9516943097114563,-0.2479601949453354,0,False
44,4.3865326582454145,4.380000000000024,0.09999999999999432,157,-1.9740423906642646,0.13186375688675578,-1.5096782750098758,4.023961359010766,0.6774691343307495,-0.001301651735637388,-0.04020661821092376,0.001198348264362612,0.0,-0.0025,True,True,23,5.0,10,0.016,0.5,0.046,0.9337907433509827,0.1631285697221756,0,False
45,4.4866083092056215,4.480000000000018,0.09999999999999432,155,-1.9723209918063311,0.11145615615140446,-1.470308757730709,4.01910578918122,0.676651656627655,0.0011888134861290731,-0.039017804724794686,0.0011888134861290731,0.0,-0.0,False,False,23,5.0,10,0.036,0.5,0.046,0.9326508045196533,0.1487327665090561,0,False
46,4.58641199208796,4.5800000000000125,0.09999999999999432,154,-1.9700128945763775,0.09112535960943616,-1.446167593396593,4.0137800628271645,0.6757550239562988,-0.0011960757366503757,-0.04021388046144506,0.0013039242633496244,0.0,-0.0025,True,True,24,5.0,10,0.016,0.5,0.048,0.931923508644104,0.08770792931318283,0,False
47,4.687337696086615,4.680000000000007,0.10099999999999909,155,-1.9673294875151754,0.07082767406112711,-1.4294105589749162,4.008184916958689,0.6748130321502686,0.0013698875927656293,-0.038843992868679435,0.0013698875927656293,0.0,-0.0,False,False,24,5.0,10,0.036,0.5,0.048,0.9321787357330322,0.08427955955266953,0,False
48,4.787386157084256,4.780000000000001,0.10000000000002274,157,-1.9643115131704874,0.05046062705415631,-1.4261310681494632,4.002345841989771,0.673829972743988,-0.001070390023570682,-0.03991438289225012,0.0014296099764293181,0.0,-0.0025,True,True,25,5.0,10,0.016,0.5,0.05,0.9464148283004761,-0.288090318441391,0,False
49,4.888075672090054,4.880000000000024,0.10099999999999909,160,-1.9620092920910706,0.029666276800621876,-1.4877517175530954,3.9972569640656084,0.6729732155799866,0.0012459354757286443,-0.03866844741652147,0.0012459354757286443,0.0,-0.0,False,False,25,5.0,10,0.036,0.5,0.05,0.94447261095047,-0.22043205797672272,0,False
50,4.989588472060859,4.980000000000018,0.10099999999999909,161,-1.9607893656530206,0.008434700525740807,-1.559487945174152,3.993289310323011,0.6723052263259888,-0.0015285794575977027,-0.04019702687411918,0.0009714205424022973,0.0,-0.0025,True,True,26,5.0,10,0.016,0.5,0.052,0.9837819933891296,-0.46941620111465454,0,False
51,5.090501124970615,5.0800000000000125,0.10099999999999909,162,-1.9615825040339232,-0.013350424780599508,-1.650225576837741,3.9913612437322925,0.671980619430542,0.00047205820236662495,-0.03972496867175255,0.00047205820236662495,0.0,-0.0,False,False,26,5.0,10,0.036,0.5,0.052,0.9826565384864807,-0.44906333088874817,0,False
52,5.1911914511583745,5.180000000000007,0.10099999999999909,159,-1.9642641858923473,-0.034906490496897494,-1.7291773902696916,3.9914536464829675,0.6719961762428284,-0.0025226234283542664,-0.04224759210010681,-2.262342835426659e-05,0.0,-0.0025,True,True,27,5.0,10,0.016,0.5,0.054,0.9781332612037659,-0.29695990681648254,0,False
53,5.292416532989591,5.280000000000001,0.10099999999999909,159,-1.9682549791873023,-0.056167124736696175,-1.7876504481268067,3.9929982947634133,0.6722562313079834,-0.00037818397666656466,-0.042625776076773376,-0.00037818397666656466,0.0,-0.0,False,False,27,5.0,10,0.036,0.5,0.054,0.9791169762611389,-0.2654477059841156,0,False
54,5.393413706216961,5.380000000000024,0.10099999999999909,159,-1.9735594937787644,-0.07734236609906257,-1.860637080098593,3.9959746546290345,0.6727573275566101,-0.003228717096455475,-0.04585449317322885,-0.0007287170964554749,0.0,-0.0025,True,True,28,5.0,10,0.016,0.5,0.056,0.9976138472557068,-0.5116385817527771,0,False
55,5.493523237295449,5.480000000000018,0.09999999999999432,159,-1.980978768428638,-0.09819988093592452,-1.964475588644724,4.001204083863612,0.6736377477645874,-0.0012803473571718516,-0.0471348405304007,-0.0012803473571718516,0.0,-0.0,False,False,28,5.0,10,0.036,0.5,0.056,0.9982460141181946,-0.5684897899627686,0,False
56,5.593159880954772,5.5800000000000125,0.09999999999999432,154,-1.9904607638059908,-0.11801830825771585,-2.0538238300737954,4.008701451875299,0.6748999953269958,-0.004335618169577405,-0.05147045869997811,-0.0018356181695774057,0.0,-0.0025,True,True,29,5.0,10,0.016,0.5,0.058,0.9845542311668396,-0.33929958939552307,0,False
57,5.694339623209089,5.680000000000007,0.10099999999999909,160,-2.0011982061494815,-0.13700008850924453,-2.123281086297236,4.017630531472163,0.676403284072876,-0.002186151289366425,-0.05365660998934453,-0.002186151289366425,0.0,-0.0,False,False,29,5.0,10,0.036,0.5,0.058,0.9891049861907959,-0.3440357744693756,0,False
58,5.795332636218518,5.780000000000001,0.10099999999999909,160,-2.0132331101147733,-0.1553551864628539,-2.1691675916882502,4.028004421894718,0.6781498193740845,-0.005039891561833808,-0.05869650155117834,-0.002539891561833808,0.0,-0.0025,True,True,30,5.0,10,0.016,0.5,0.06,0.9999415874481201,0.40503254532814026,0,False
59,5.895412247162312,5.880000000000024,0.09999999999999432,158,-2.024974758035997,-0.17375603630789074,-2.0962461481828885,4.038175097072495,0.6798621416091919,-0.002490137355414906,-0.061186638906593246,-0.002490137355414906,0.0,-0.0,False,False,30,5.0,10,0.036,0.5,0.06,0.9999346733093262,0.4094400703907013,0,False
60,5.995392508339137,5.980000000000018,0.10000000000002274,161,-2.035172981699553,-0.1930395644117326,-2.0152060503455536,4.04683157085319,0.681319534778595,-0.004619407841731,-0.06580604674832424,-0.002119407841731,0.0,-0.0025,True,True,31,5.0,10,0.016,0.5,0.062,0.9980331659317017,0.42388805747032166,0,False
61,6.095330860000104,6.0800000000000125,0.09999999999999432,158,-2.0437097215729354,-0.21307956334480688,-1.9306651729528326,4.053876129983216,0.6825055480003357,-0.0017247547026610396,-0.06753080145098528,-0.0017247547026610396,0.0,-0.0,False,False,31,5.0,10,0.036,0.5,0.062,0.9975613355636597,0.4332420229911804,0,False
62,6.196219484321773,6.180000000000007,0.10099999999999909,165,-2.050532068088777,-0.2335929744857011,-1.8627824447906156,4.059283638082121,0.683415949344635,-0.0038239472976400995,-0.07135474874862538,-0.0013239472976400996,0.0,-0.0025,True,True,32,5.0,10,0.016,0.5,0.064,0.9751039147377014,0.2712971270084381,0,False
63,6.296543503180146,6.280000000000001,0.09999999999999432,173,-2.056160573625874,-0.2541736630176085,-1.807388764313807,4.063602847117518,0.6841431260108948,-0.0010574935859114186,-0.0724122423345368,-0.0010574935859114186,0.0,-0.0,False,False,32,5.0,10,0.036,0.5,0.064,0.9730842709541321,0.28023761510849,0,False
64,6.397878893185407,6.400000000000006,0.10099999999999909,160,-2.0614475590774233,-0.27953778934729173,-1.7422065630286359,4.067426763247953,0.6847869157791138,-0.0034362285427398873,-0.0758484708772767,-0.0009362285427398873,0.0,-0.0025,True,True,33,5.0,10,0.02,0.5,0.066,0.9920427203178406,0.2776567339897156,0,False
65,6.497383208014071,6.5,0.09999999999999432,156,-2.064582523183959,-0.3010223018766087,-1.6869192365191201,4.069133204850463,0.6850742101669312,-0.0004177966462372458,-0.07626626752351394,-0.0004177966462372458,0.0,-0.0,False,False,33,5.0,10,0.036,0.5,0.066,0.9910677671432495,0.28101372718811035,0,False
66,6.597766597289592,6.600000000000023,0.10000000000002274,158,-2.066387800355462,-0.32134167650432793,-1.6283572139310674,4.070310720362899,0.6852724552154541,-0.0027882970218639624,-0.0790545645453779,-0.00028829702186396254,0.0,-0.0025,True,True,34,5.0,10,0.02,0.5,0.068,0.9146889448165894,0.30355143547058105,0,False
67,6.697787318378687,6.700000000000017,0.09999999999999432,157,-2.0669389252941883,-0.34130766348943714,-1.5664562825580781,4.070033866144401,0.6852258443832397,-0.002432216394739189,-0.08148678094011709,6.778360526081111e-05,0.0,-0.0025,True,True,35,5.0,10,0.0,0.5,0.07,0.9117783904075623,0.3257799446582794,0,False
68,6.798977519385517,6.800000000000011,0.10099999999999909,159,-2.066214805817003,-0.3624719994509821,-1.5088504176716655,4.068539844658386,0.6849743127822876,0.00036578876496294225,-0.08112099217515414,0.00036578876496294225,0.0,-0.0,False,False,35,5.0,10,0.02,0.5,0.07,0.978837788105011,0.29948118329048157,0,False
69,6.8998031639494,6.900000000000006,0.10099999999999909,157,-2.0642366082867416,-0.38379835971216764,-1.447712678683698,4.06589733840919,0.6845294237136841,-0.0018530219569474725,-0.08297401413210162,0.0006469780430525275,0.0,-0.0025,True,True,36,5.0,10,0.0,0.5,0.072,0.9312561750411987,0.25160840153694153,0,False
70,7.000038722995669,7.0,0.09999999999999432,157,-2.0611769696481996,-0.40419065495713985,-1.3986358707750948,4.062307084406899,0.6839249730110168,0.0008790198733382187,-0.0820949942587634,0.0008790198733382187,0.0,-0.0,False,False,36,5.0,10,0.02,0.5,0.072,0.9286341667175293,0.2573843002319336,0,False
71,7.100190333090723,7.100000000000023,0.10099999999999909,156,-2.0571538545859354,-0.42411884388444687,-1.3456898715805112,4.057863255569825,0.6831768155097961,-0.0014119951237409523,-0.08350698938250435,0.0010880048762590478,0.0,-0.0025,True,True,37,5.0,10,0.0,0.5,0.074,0.9465993642807007,0.26384979486465454,0,False
72,7.200478632003069,7.200000000000017,0.09999999999999432,157,-2.0520252150818283,-0.44412268433047414,-1.2924370426487077,4.052410431179401,0.6822587847709656,0.0013350423123120439,-0.0821719470701923,0.0013350423123120439,0.0,-0.0,False,False,37,5.0,10,0.02,0.5,0.074,0.9476620554924011,0.2716920077800751,0,False
73,7.30040822410956,7.300000000000011,0.09999999999999432,156,-2.0458011352524657,-0.46391066362725497,-1.2382701256818587,4.045962064509671,0.6811731457710266,-0.0009212140841157478,-0.08309316115430805,0.0015787859158842522,0.0,-0.0025,True,True,38,5.0,10,0.0,0.5,0.076,0.9401796460151672,0.17759691178798676,0,False
74,7.401334068272263,7.400000000000006,0.10099999999999909,158,-2.038695877229003,-0.48313411965950215,-1.201497960384158,4.038730929710656,0.6799557209014893,0.0017704349583803859,-0.08132272619592766,0.0017704349583803859,0.0,-0.0,False,False,38,5.0,10,0.02,0.5,0.076,0.9355461001396179,0.18117862939834595,0,False
75,7.50122440000996,7.5,0.10000000000002274,155,-2.030915197657811,-0.5021051631622905,-1.1633446995523926,4.0309156395912815,0.6786399483680725,-0.0005865433681154426,-0.0819092695640431,0.0019134566318845575,0.0,-0.0025,True,True,39,5.0,10,0.0,0.5,0.078,0.9723098278045654,0.13361600041389465,0,False
76,7.6023124433122575,7.600000000000023,0.10099999999999909,156,-2.0222698321562356,-0.521352719772868,-1.1366518856594767,4.02232643218081,0.6771938800811768,0.0021029386793274957,-0.0798063308847156,0.0021029386793274957,0.0,-0.0,False,False,39,5.0,10,0.02,0.5,0.078,0.972119152545929,0.13616587221622467,0,False
77,7.702415703330189,7.700000000000017,0.09999999999999432,156,-2.0130181304790415,-0.5405756167465717,-1.1084585256371167,4.0132231680884205,0.6756612658500671,-0.0002712022479886161,-0.08007753313270422,0.002228797752011384,0.0,-0.0025,True,True,40,5.0,10,0.0,0.5,0.08,0.9760573506355286,0.15790939331054688,0,False
78,7.802405164111406,7.800000000000011,0.09999999999999432,155,-2.003195257613722,-0.5595840361563088,-1.0772847198981206,4.00363877243217,0.6740476489067078,0.0023465956030977154,-0.0777309375296065,0.0023465956030977154,0.0,-0.0,False,False,40,5.0,10,0.02,0.5,0.08,0.9762580394744873,0.15932200849056244,0,False
79,7.90304957004264,7.900000000000006,0.10099999999999909,164,-1.992762197536576,-0.5782885265326642,-1.045875666185391,3.993529699088178,0.6723456978797913,-2.4944930154822357e-05,-0.07775588245976132,0.0024750550698451777,0.0,-0.0025,True,True,41,5.0,10,0.0,0.5,0.082,0.9996320009231567,0.17451396584510803,0,False
80,8.003421979025006,8.0,0.09999999999999432,169,-1.981512281759597,-0.596989080826541,-1.0115743997912985,3.982693440878718,0.6705213189125061,0.002653095383407782,-0.07510278707635354,0.002653095383407782,0.0,-0.0,False,False,41,5.0,10,0.02,0.5,0.082,0.999664843082428,0.17362530529499054,0,False
81,8.104341442231089,8.100000000000023,0.10099999999999909,162,-1.9695647613602887,-0.6153762570119248,-0.9771867321647703,3.9712411643314223,0.6685932278633118,0.0003039182391033272,-0.07479886883725022,0.0028039182391033273,0.0,-0.0025,True,True,42,5.0,10,0.0,0.5,0.084,0.994702160358429,0.19823040068149567,0,False
82,8.204424872994423,8.200000000000017,0.10000000000002274,168,-1.9570221341318235,-0.6332491861288547,-0.9383481330827165,3.9592649181634396,0.6665769219398499,0.002932204346246595,-0.07186666449100362,0.002932204346246595,0.0,-0.0,False,False,42,5.0,10,0.02,0.5,0.084,0.995273232460022,0.19846192002296448,0,False
83,8.30542167602107,8.300000000000011,0.10099999999999909,167,-1.9437866323197441,-0.6506013513407339,-0.8991763229550943,3.9466609705512146,0.6644549369812012,0.0005858876354122239,-0.0712807768555914,0.003085887635412224,0.0,-0.0025,True,True,43,5.0,10,0.0,0.5,0.086,0.999257504940033,0.297783762216568,0,False
84,8.405473187100142,8.400000000000006,0.09999999999999432,165,-1.9299481909207925,-0.6672536994219862,-0.8488900489647294,3.933505792736685,0.6622401475906372,0.0032208480873191646,-0.06805992876827223,0.0032208480873191646,0.0,-0.0,False,False,43,5.0,10,0.02,0.5,0.086,0.999293863773346,0.30041423439979553,0,False
85,8.506328491028398,8.5,0.10099999999999909,171,-1.915004422329061,-0.6832193689081445,-0.7892885789563913,3.9192892224067357,0.6598466634750366,0.0009807141340865961,-0.06707921463418563,0.003480714134086596,0.0,-0.0025,True,True,44,5.0,10,0.0,0.5,0.088,0.9745792746543884,0.1652752161026001,0,False
86,8.607191056013107,8.600000000000023,0.10099999999999909,168,-1.8995025465053172,-0.6981216652133895,-0.7516380526583909,3.904532396913835,0.6573622226715088,0.0036129875121275394,-0.0634662271220581,0.0036129875121275394,0.0,-0.0,False,False,44,5.0,10,0.02,0.5,0.088,0.9743680953979492,0.16311733424663544,0,False
87,8.707430355250835,8.700000000000017,0.09999999999999432,167,-1.8836328217719875,-0.7124336114684364,-0.716827629630244,3.8894385315027615,0.6548210382461548,0.0011955066837495807,-0.062270720438308516,0.0036955066837495807,0.0,-0.0025,True,True,45,5.0,10,0.0,0.5,0.09,0.9594954252243042,-0.0466124564409256,0,False
88,8.807231908198446,8.800000000000011,0.09999999999999432,177,-1.86749787735797,-0.7262946812258466,-0.7153523037476105,3.8741127741311816,0.6522408127784729,0.0037522819541406537,-0.058518438484167865,0.0037522819541406537,0.0,-0.0,False,False,45,5.0,10,0.02,0.5,0.09,0.9595738053321838,-0.045729637145996094,0,False
89,8.907604216132313,8.900000000000006,0.09999999999999432,165,-1.8516102409140343,-0.7402132751213187,-0.722143157109817,3.8590936097944093,0.6497122049331665,0.0011772172455013791,-0.05734122123866649,0.003677217245501379,0.0,-0.0025,True,True,46,5.0,10,0.0,0.5,0.092,0.9741039872169495,0.0873422771692276,0,False
90,9.008342101238668,9.0,0.10100000000002751,170,-1.835619882321472,-0.7542860380913382,-0.7098510847215372,3.8440397501719428,0.6471777558326721,0.003685711866109532,-0.053655509372556955,0.003685711866109532,0.0,-0.0,False,False,46,5.0,10,0.02,0.5,0.092,0.9745811820030212,0.08447112143039703,0,False
91,9.108094264287502,9.100000000000023,0.09999999999999432,165,-1.8192874073354046,-0.7681359043598938,-0.6957147966880598,3.828688148352856,0.6445931792259216,0.0012586095796957198,-0.05239689979286123,0.00375860957969572,0.0,-0.0025,True,True,47,5.0,10,0.0,0.5,0.094,0.9668648838996887,0.05884493142366409,0,False
92,9.20833870396018,9.200000000000017,0.09999999999999432,168,-1.8028454836264722,-0.7816537718382146,-0.6836051671784155,3.813261491425941,0.6419959664344788,0.0037769856977459097,-0.04861991409511532,0.0037769856977459097,0.0,-0.0,False,False,47,5.0,10,0.02,0.5,0.094,0.9669387936592102,0.05596831813454628,0,False
93,9.309321757405996,9.300000000000011,0.10099999999999909,170,-1.7862823732556947,-0.7949707401392287,-0.6717762850985184,3.7977548229218128,0.6393852829933167,0.0012965753330260068,-0.047323338762089315,0.003796575333026007,0.0,-0.0025,True,True,48,5.0,10,0.0,0.5,0.096,0.9720965027809143,-0.02880064584314823,0,False
94,9.409418147057295,9.400000000000006,0.09999999999999432,171,-1.7695407676259634,-0.8082402139050601,-0.6742924099512793,3.782122472515425,0.6367534399032593,0.0038273466627799283,-0.043495992099309384,0.0038273466627799283,0.0,-0.0,False,False,48,5.0,10,0.02,0.5,0.096,0.9718954563140869,-0.027169285342097282,0,False
95,9.509176949970424,9.5,0.09999999999999432,165,-1.7528596524515025,-0.821625949247486,-0.6784834893412259,3.766616512078352,0.6341428756713867,0.0012964019734217035,-0.042199590125887684,0.0037964019734217035,0.0,-0.0025,True,True,49,5.0,10,0.0,0.5,0.098,0.9737019538879395,-0.10154525190591812,0,False
96,9.610276903025806,9.600000000000023,0.10000000000002274,158,-1.7362567048194137,-0.83518477738427,-0.6958654176743306,3.7512613699239905,0.6315577030181885,0.003759476377716911,-0.03844011374817077,0.003759476377716911,0.0,-0.0,False,False,49,5.0,10,0.02,0.5,0.098,0.9731981158256531,-0.09658751636743546,0,False
97,9.710234314203262,9.700000000000017,0.09999999999999432,155,-1.719923874258326,-0.8490752029125452,-0.7139982978335866,3.7362666339006148,0.6290332078933716,0.0011712363391549203,-0.037268877409015855,0.0036712363391549203,0.0,-0.0025,True,True,50,5.0,10,0.0,0.5,0.1,0.989937961101532,-0.28843072056770325,0,False
98,9.810539762955159,9.800000000000011,0.09999999999999432,156,-1.7037630006920088,-0.8635801997593552,-0.7625992815105895,3.7215657457050573,0.6265581846237183,0.0035992921033920215,-0.033669585305623834,0.0035992921033920215,0.0,-0.0,False,False,50,5.0,10,0.02,0.5,0.1,0.990096926689148,-0.3078919053077698,0,False
99,9.911176339257509,9.900000000000006,0.10099999999999909,155,-1.6883794243301464,-0.8791587378775528,-0.8222756782328483,3.7078164996313974,0.6242433786392212,0.0008662967952829327,-0.0328032885103409,0.0033662967952829328,0.0,-0.0025,True,True,51,5.0,10,0.0,0.5,0.102,0.9841814041137695,-0.042426418513059616,0,False
100,10.011163290124387,10.0,0.09999999999999432,163,-1.6739127393414193,-0.8954397946661913,-0.8461681236843731,3.695132894475486,0.622107982635498,0.003105390590890224,-0.029697897919450676,0.003105390590890224,0.0,-0.0,False,False,51,5.0,10,0.02,0.5,0.102,0.9844849109649658,-0.039960723370313644,0,False
101,10.112419891171157,10.100000000000023,0.10099999999999909,157,-1.6596285708230818,-0.9117460606564723,-0.8577749685630071,3.6827187088339963,0.620017945766449,0.0005394272614738923,-0.029158470657976783,0.0030394272614738924,0.0,-0.0025,True,True,52,5.0,10,0.0,0.5,0.104,0.8922832012176514,-0.07446546107530594,0,False
102,10.213200815953314,10.200000000000017,0.10099999999999909,164,-1.6464947883693766,-0.9270285951960793,-0.8703374141652134,3.6714137102341375,0.6181146502494812,0.0027678594414197264,-0.02639061121655706,0.0027678594414197264,0.0,-0.0,False,False,52,5.0,10,0.02,0.5,0.104,0.8913710713386536,-0.07061226665973663,0,False
103,10.31340366601944,10.300000000000011,0.09999999999999432,174,-1.6339250038906192,-0.9421092104903508,-0.8828732894035844,3.6607201275362566,0.6163142919540405,0.00011816342315177286,-0.026272447793405287,0.002618163423151773,0.0,-0.0025,True,True,53,5.0,10,0.0,0.5,0.106,0.9106211066246033,-0.14805755019187927,0,False
104,10.413520106114447,10.400000000000006,0.10000000000002274,167,-1.6213263445218518,-0.9577816637040584,-0.9098640555962993,3.6501462081706677,0.6145340800285339,0.002588865650033942,-0.023683582143371344,0.002588865650033942,0.0,-0.0,False,False,53,5.0,10,0.02,0.5,0.106,0.9143499135971069,-0.15095484256744385,0,False
105,10.513164750300348,10.5,0.09999999999999432,153,-1.609160935114136,-0.9738904564396511,-0.9389743923303614,3.64013945051612,0.6128493547439575,-4.999539296846782e-05,-0.02373357753633981,0.0024500046070315322,0.0,-0.0025,True,True,54,5.0,10,0.0,0.5,0.108,0.9696431756019592,-0.4970970153808594,0,False
106,10.614152912981808,10.600000000000023,0.10099999999999909,157,-1.5972677401502002,-0.9910285024137264,-1.0087977434833522,3.630625861565368,0.6112476587295532,0.002329259642672911,-0.0214043178936669,0.002329259642672911,0.0,-0.0,False,False,54,5.0,10,0.02,0.5,0.108,0.9754356145858765,-0.49587583541870117,0,False
107,10.71441818214953,10.700000000000017,0.09999999999999432,156,-1.5866740920918692,-1.009931468441274,-1.1067059052495345,3.622742242975187,0.6099203824996948,-0.0005698141663054287,-0.02197413205997233,0.0019301858336945713,0.0,-0.0025,True,True,55,5.0,10,0.0,0.5,0.11,0.9931734800338745,0.14664100110530853,0,False
108,10.815190397202969,10.800000000000011,0.09999999999999432,157,-1.5779386976852854,-1.029292998246805,-1.1619248901965693,3.616876615491708,0.6089328527450562,0.00143611096158847,-0.02053802109838386,0.00143611096158847,0.0,-0.0,False,False,55,5.0,10,0.02,0.5,0.11,0.9948639869689941,0.13759112358093262,0,False
109,10.915403377264738,10.900000000000006,0.09999999999999432,157,-1.5689667365478224,-1.049091646620831,-1.1319336836343736,3.6109589450796875,0.6079365611076355,-0.0010511471074994092,-0.021589168205883268,0.0014488528925005908,0.0,-0.0025,True,True,56,5.0,10,0.0,0.5,0.112,0.9969778656959534,-0.023863768205046654,0,False
110,11.016415660269558,11.0,0.10100000000002751,157,-1.5595771615005047,-1.0687807642478524,-1.130579822038339,3.604733265498749,0.6068884134292603,0.0015242643203484724,-0.020064903885534797,0.0015242643203484724,0.0,-0.0,False,False,56,5.0,10,0.02,0.5,0.112,0.997049868106842,-0.02397690713405609,0,False
111,11.116847397293895,11.100000000000023,0.09999999999999432,156,-1.5502441416284778,-1.0886364218865097,-1.1328740132847415,3.5987118632631736,0.6058746576309204,-0.001025749925477048,-0.021090653811011845,0.0014742500745229521,0.0,-0.0025,True,True,57,5.0,10,0.0,0.5,0.114,0.996528148651123,-0.1304440051317215,0,False
112,11.216877778060734,11.200000000000017,0.09999999999999432,155,-1.5411365794747296,-1.10851404150308,-1.1551648534252181,3.5930402461527597,0.6049197912216187,0.0013886104300245353,-0.01970204338098731,0.0013886104300245353,0.0,-0.0,False,False,57,5.0,10,0.02,0.5,0.114,0.9969252943992615,-0.12958241999149323,0,False
113,11.316915699280798,11.300000000000011,0.09999999999999432,156,-1.532506781639862,-1.128731649808235,-1.1797887678721923,3.58802288300115,0.6040750741958618,-0.0012715738443003545,-0.020973617225287663,0.0012284261556996456,0.0,-0.0025,True,True,58,5.0,10,0.0,0.5,0.116,0.9920682311058044,-0.028763627633452415,0,False
114,11.416851591318846,11.400000000000006,0.09999999999999432,155,-1.5243668718061538,-1.1489142158423322,-1.1872745364321338,3.5836087929803857,0.6033319234848022,0.0010807237728805844,-0.01989289345240708,0.0010807237728805844,0.0,-0.0,False,False,58,5.0,10,0.02,0.5,0.116,0.9923070669174194,-0.023980161175131798,0,False
115,11.517224089242518,11.5,0.10000000000002274,156,-1.5162774289724148,-1.1692047122474243,-1.1939366766195074,3.5793911915673795,0.602621853351593,-0.0014673835172982499,-0.021360276969705327,0.0010326164827017502,0.0,-0.0025,True,True,59,5.0,10,0.0,0.5,0.118,0.9945395588874817,0.08621066063642502,0,False
116,11.617084101308137,11.600000000000023,0.09999999999999432,155,-1.5082013324033257,-1.1893845474596598,-1.179696841982116,3.57529396155372,0.6019320487976074,0.0010031453499797247,-0.0203571316197256,0.0010031453499797247,0.0,-0.0,False,False,59,5.0,10,0.02,0.5,0.118,0.9945064783096313,0.08350721746683121,0,False
117,11.717128412332386,11.700000000000017,0.09999999999999432,154,-1.4997292329689518,-1.2095225592385443,-1.164721952244026,3.570928020092695,0.6011970043182373,-0.0014310646802083566,-0.02178819629993396,0.0010689353197916435,0.0,-0.0025,True,True,60,5.0,10,0.0,0.5,0.12,0.9789372086524963,0.1474473625421524,0,False
118,11.917669749353081,11.900000000000006,0.19700000000000273,310,-1.4817461887889443,-1.2484839976357316,-1.110096402529495,3.561289811340266,0.5995743274688721,-0.0001402290669794597,-0.021928425366913418,0.0023597709330205404,0.0,-0.0025,True,True,61,5.0,10,0.0,0.5,0.122,0.9808101654052734,-0.3153122067451477,0,False
119,12.017569131217897,12.0,0.09999999999999432,153,-1.472234413683545,-1.267443795409307,-1.1233133088228617,3.556034537658182,0.5986895561218262,0.0012866749827269177,-0.0206417503841865,0.0012866749827269177,0.0,-0.0,False,False,61,5.0,10,0.02,0.5,0.122,0.9816026091575623,-0.30620983242988586,0,False
120,12.117784420959651,12.100000000000023,0.09999999999999432,154,-1.4635340244158486,-1.2873485406284235,-1.1849901498145716,3.551898717990026,0.5979932546615601,-0.0014874065515888338,-0.022129156935775333,0.0010125934484111663,0.0,-0.0025,True,True,62,5.0,10,0.0,0.5,0.124,0.9820007681846619,0.26691216230392456,0,False
121,12.217652273364365,12.200000000000017,0.09999999999999432,154,-1.4558674136024816,-1.3074435041295167,-1.2057528406357074,3.54894147593489,0.5974953770637512,0.0007240363871406941,-0.021405120548634637,0.0007240363871406941,0.0,-0.0,False,False,62,5.0,10,0.02,0.5,0.124,0.982978343963623,0.268383264541626,0,False
122,12.31790181202814,12.300000000000011,0.10000000000002274,159,-1.4475499705741313,-1.3272707901278031,-1.1480325631398693,3.5454163641016567,0.5969018936157227,-0.0016369292102524837,-0.023042049758887122,0.0008630707897475164,0.0,-0.0025,True,True,63,5.0,10,0.0,0.5,0.126,0.9847502708435059,0.15973451733589172,0,False
123,12.41756059601903,12.400000000000006,0.09999999999999432,172,-1.4382670834826834,-1.3467534904607006,-1.111075428130284,3.5409987337456177,0.5961581468582153,0.0010815905709017756,-0.021960459187985348,0.0010815905709017756,0.0,-0.0,False,False,63,5.0,10,0.02,0.5,0.126,0.9839688539505005,0.1534099280834198,0,False
124,12.51787680434063,12.5,0.09999999999999432,168,-1.4283939550881404,-1.365948297558195,-1.0793059128038047,3.5360645684729684,0.5953274369239807,-0.0012919435977994367,-0.023252402785784783,0.0012080564022005633,0.0,-0.0025,True,True,64,5.0,10,0.0,0.5,0.128,0.9816162586212158,0.19172748923301697,0,False
125,12.617679437156767,12.600000000000023,0.09999999999999432,159,-1.4179340763146717,-1.3847701503209207,-1.0431993288203574,3.530593688372642,0.5944063663482666,0.001339462982220315,-0.021912939803564468,0.001339462982220315,0.0,-0.0,False,False,64,5.0,10,0.02,0.5,0.128,0.980910062789917,0.17385190725326538,0,False
126,12.718052745331079,12.700000000000017,0.09999999999999432,165,-1.4068050062205306,-1.4031850746396333,-1.0105300193160693,3.524494752794546,0.593379557132721,-0.0010067670488119586,-0.022919706852376428,0.0014932329511880415,0.0,-0.0025,True,True,65,5.0,10,0.0,0.5,0.13,0.9689763784408569,-0.1851443201303482,0,False
127,12.817802258301526,12.800000000000011,0.10000000000002274,161,-1.3952265699981847,-1.4213804187857864,-1.0183956720094485,3.5180258521802212,0.592290461063385,0.0015838133444075315,-0.021335893507968898,0.0015838133444075315,0.0,-0.0,False,False,65,5.0,10,0.02,0.5,0.13,0.9700306057929993,-0.18163827061653137,0,False
128,12.917808269150555,12.900000000000006,0.09999999999999432,165,-1.3843564558840404,-1.4398385614398175,-1.0529947557111932,3.5124299982446905,0.5913483500480652,-0.0011299390476299585,-0.022465832555598857,0.0013700609523700415,0.0,-0.0025,True,True,66,5.0,10,0.0,0.5,0.132,0.989147424697876,-0.06661113351583481,0,False
129,13.017835260368884,13.0,0.09999999999999432,166,-1.3738696068305085,-1.458879259801531,-1.0714037377561823,3.507484149865634,0.590515673160553,0.0012109168356706466,-0.02125491571992821,0.0012109168356706466,0.0,-0.0,False,False,66,5.0,10,0.02,0.5,0.132,0.9895313382148743,-0.05967561900615692,0,False
130,13.118113629054278,13.100000000000023,0.09999999999999432,164,-1.3635690093053425,-1.4780889303734432,-1.085388550330892,3.502892335014069,0.5897426009178162,-0.001375762966453265,-0.022630678686381474,0.001124237033546735,0.0,-0.0025,True,True,67,5.0,10,0.0,0.5,0.134,0.9901891350746155,0.16145455837249756,0,False
131,13.217930331360549,13.200000000000017,0.09999999999999432,164,-1.3533604104629127,-1.4973037542034964,-1.0659038569001809,3.4985196669160215,0.5890064239501953,0.0010705822360320375,-0.021560096450349436,0.0010705822360320375,0.0,-0.0,False,False,67,5.0,10,0.02,0.5,0.134,0.9900533556938171,0.1582704782485962,0,False
132,13.318353869020939,13.300000000000011,0.10000000000002274,165,-1.3425540801091902,-1.5161513556522885,-1.0367817921249298,3.4935986008838893,0.5881779193878174,-0.0012951507504780186,-0.022855247200827454,0.0012048492495219814,0.0,-0.0025,True,True,68,5.0,10,0.0,0.5,0.136,0.9932106137275696,0.08426657319068909,0,False
133,13.41817804099992,13.400000000000006,0.09999999999999432,174,-1.3312070262328426,-1.534768020115815,-1.0169908055286363,3.4882208316012933,0.5872725248336792,0.0013166661942617451,-0.021538581006565707,0.0013166661942617451,0.0,-0.0,False,False,68,5.0,10,0.02,0.5,0.136,0.993069052696228,0.07927729189395905,0,False
134,13.518331941217184,13.5,0.09999999999999432,156,-1.3195695467033686,-1.55321896271984,-0.9998089783452445,3.4826444495097744,0.586333692073822,-0.0011347064367467278,-0.022673287443312436,0.0013652935632532722,0.0,-0.0025,True,True,69,5.0,10,0.0,0.5,0.138,0.995334804058075,-0.30939245223999023,0,False
135,13.618303732946515,13.600000000000023,0.09999999999999432,154,-1.3077584785658551,-1.571680897655311,-1.0237287956581493,3.4770340801996165,0.5853891372680664,0.0013736148242571215,-0.021299672619055313,0.0013736148242571215,0.0,-0.0,False,False,69,5.0,10,0.02,0.5,0.138,0.9956507086753845,-0.2961024045944214,0,False
136,13.718153725378215,13.700000000000017,0.09999999999999432,156,-1.2969370643443752,-1.5908525608228696,-1.0819811306247697,3.4727155792312754,0.5846620798110962,-0.0014426797736929937,-0.022742352392748306,0.0010573202263070064,0.0,-0.0025,True,True,70,5.0,10,0.0,0.5,0.14,0.982237696647644,0.4690442979335785,0,False
137,13.818113236222416,13.800000000000011,0.10000000000002274,159,-1.2870199534487212,-1.610386339732675,-1.0953224335703728,3.4695041411033998,0.5841214060783386,0.0007862724850657506,-0.021956079907682557,0.0007862724850657506,0.0,-0.0,False,False,70,5.0,10,0.02,0.5,0.14,0.9828444719314575,0.4665813744068146,0,False
138,13.918234386015683,13.900000000000006,0.09999999999999432,159,-1.2763417729689135,-1.6290402033429607,-1.001716729467748,3.4654217804978953,0.5834341049194336,-0.0015004952017095615,-0.02345657510939212,0.0009995047982904385,0.0,-0.0025,True,True,71,5.0,10,0.0,0.5,0.142,0.9792254567146301,-0.0035424232482910156,0,False
139,14.018378335982561,14.0,0.09999999999999432,163,-1.264098217386851,-1.6467844663533968,-0.9534701352859315,3.4596896236542802,0.5824690461158752,0.001403432676187754,-0.022053142433204366,0.001403432676187754,0.0,-0.0,False,False,71,5.0,10,0.02,0.5,0.142,0.9764055609703064,-0.01705366000533104,0,False
140,14.119497278239578,14.100000000000023,0.10099999999999909,168,-1.251778833393262,-1.6644061902713496,-0.959040426543454,3.453969857984127,0.581506073474884,-0.001099601116886524,-0.02315274355009089,0.001400398883113476,0.0,-0.0025,True,True,72,5.0,10,0.0,0.5,0.144,0.9823693633079529,-0.04915427416563034,0,False
141,14.220413642004132,14.200000000000017,0.10099999999999909,167,-1.2394584360604772,-1.6821658005166855,-0.970026709801043,3.4484210905077526,0.5805718898773193,0.0013585325386876105,-0.02179421101140328,0.0013585325386876105,0.0,-0.0,False,False,72,5.0,10,0.02,0.5,0.144,0.9833641648292542,-0.0482577309012413,0,False
142,14.320436763111502,14.300000000000011,0.09999999999999432,159,-1.2272905257544433,-1.7000786741121363,-0.9793919458780246,3.4431952016084506,0.5796920657157898,-0.0012205194408494483,-0.023014730452252725,0.0012794805591505518,0.0,-0.0025,True,True,73,5.0,10,0.0,0.5,0.146,0.9755197763442993,-0.08004658669233322,0,False
143,14.421327287331223,14.400000000000006,0.10099999999999909,159,-1.2153950357735759,-1.7180245546330115,-0.9938748560161902,3.438364414125829,0.5788787603378296,0.0011827458999802993,-0.021831984552272428,0.0011827458999802993,0.0,-0.0,False,False,73,5.0,10,0.02,0.5,0.146,0.9765470027923584,-0.06981942057609558,0,False
144,14.521234658081084,14.5,0.10000000000002274,156,-1.2037780792043002,-1.7361303777800716,-1.0068189077972056,3.4339790008207918,0.5781404376029968,-0.0014262972910914782,-0.023258281843363905,0.001073702708908522,0.0,-0.0025,True,True,74,5.0,10,0.0,0.5,0.148,0.9951081275939941,0.006798099260777235,0,False
145,14.621733425185084,14.600000000000023,0.09999999999999432,160,-1.1921458878402356,-1.754585413247805,-1.0047339911848054,3.429836808549141,0.5774430632591248,0.0010141536848494628,-0.022244128158514443,0.0010141536848494628,0.0,-0.0,False,False,74,5.0,10,0.02,0.5,0.148,0.9951547384262085,0.009848510846495628,0,False
146,14.721719547174871,14.700000000000017,0.09999999999999432,158,-1.1804173258363757,-1.7730716746810191,-1.0042187256338755,3.425750553574834,0.5767551064491272,-0.0014995417238861642,-0.023743669882400606,0.0010004582761138359,0.0,-0.0025,True,True,75,5.0,10,0.0,0.5,0.15,0.9966323375701904,-0.38759228587150574,0,False
147,14.821530159097165,14.800000000000011,0.09999999999999432,157,-1.168748404755692,-1.79169634597026,-1.039481904041363,3.4219068115668585,0.5761079788208008,0.0009410826116589716,-0.022802587270741633,0.0009410826116589716,0.0,-0.0,False,False,75,5.0,10,0.02,0.5,0.15,0.9972050786018372,-0.39287835359573364,0,False
148,14.921488290186971,14.900000000000006,0.09999999999999432,163,-1.1583838626491094,-1.811202189213932,-1.1190834793917217,3.419742604613303,0.5757436156272888,-0.0019701263696166984,-0.02477271364035833,0.0005298736303833015,0.0,-0.0025,True,True,76,5.0,10,0.0,0.5,0.152,0.9938268065452576,-0.8151063919067383,0,False
149,15.021832639351487,15.0,0.10000000000002274,163,-1.149749754237169,-1.8315980047888178,-1.2435500543283062,3.419660468834925,0.5757297873497009,2.0109714092681413e-05,-0.02475260392626565,2.0109714092681413e-05,0.0,-0.0,False,False,76,5.0,10,0.02,0.5,0.152,0.9964656233787537,-0.8291386961936951,0,False
150,15.121695171110332,15.100000000000023,0.09999999999999432,156,-1.1444233752605066,-1.8531732873122093,-1.410119412080227,3.423225940490292,0.5763300657272339,-0.0033729522871895536,-0.0281255562134552,-0.0008729522871895536,0.0,-0.0025,True,True,77,5.0,10,0.0,0.5,0.154,0.9996556043624878,-0.22822953760623932,0,False
151,15.22157820314169,15.200000000000017,0.09999999999999432,158,-1.1425113874739865,-1.875213113922764,-1.5349103876474948,3.430246071306921,0.5775119662284851,-0.0017187737963144719,-0.029844330009769673,-0.0017187737963144719,0.0,-0.0,False,False,77,5.0,10,0.02,0.5,0.154,0.9998162388801575,-0.21405421197414398,0,False
152,15.321641673333943,15.300000000000011,0.09999999999999432,169,-1.1420784577186613,-1.8972720977971411,-1.57378656781571,3.438753496972542,0.5789442658424377,-0.004582915645036803,-0.034427245654806475,-0.002082915645036803,0.0,-0.0025,True,True,78,5.0,10,0.0,0.5,0.156,0.997836709022522,-0.2825481593608856,0,False
153,15.421642354223877,15.400000000000006,0.09999999999999432,158,-1.1426651846586517,-1.9193159243634015,-1.6263164605123845,3.4483042594436806,0.5805522203445435,-0.002338361021895963,-0.036765606676702436,-0.002338361021895963,0.0,-0.0,False,False,78,5.0,10,0.02,0.5,0.156,0.998029887676239,-0.2743249833583832,0,False
154,15.521685865242034,15.5,0.10000000000002274,159,-1.1444727087923203,-1.9413011804411286,-1.6799249623272001,3.45905448750596,0.5823621153831482,-0.005132032191491595,-0.04189763886819403,-0.0026320321914915946,0.0,-0.0025,True,True,79,5.0,10,0.0,0.5,0.158,0.9967665672302246,-0.30017393827438354,0,False
155,15.622139221988618,15.600000000000023,0.09999999999999432,162,-1.1475049202595013,-1.9631397851299917,-1.73938050733738,3.470960281001972,0.5843665599822998,-0.002914955065623997,-0.04481259393381803,-0.002914955065623997,0.0,-0.0,False,False,79,5.0,10,0.02,0.5,0.158,0.9972825646400452,-0.30405786633491516,0,False
156,15.722015744075179,15.700000000000017,0.09999999999999432,153,-1.1518522726273894,-1.9847612557316985,-1.7999451483313718,3.4840619997538504,0.5865723490715027,-0.005707759437198437,-0.050520353371016465,-0.003207759437198437,0.0,-0.0025,True,True,80,5.0,10,0.0,0.5,0.16,0.994172215461731,-0.10935480892658234,0,False
157,15.821988565381616,15.800000000000011,0.09999999999999432,164,-1.157303528837805,-2.0060343503705065,-1.8303689842332822,3.498100137185944,0.5889357924461365,-0.003437027513816142,-0.05395738088483261,-0.003437027513816142,0.0,-0.0,False,False,80,5.0,10,0.02,0.5,0.16,0.9948268532752991,-0.11887659877538681,0,False
158,15.922252974007279,15.900000000000006,0.09999999999999432,162,-1.1632248597801813,-2.0271580009623476,-1.8574350937432031,3.5125779842591816,0.5913732647895813,-0.006044683828053926,-0.060002064712886535,-0.0035446838280539265,0.0,-0.0025,True,True,81,5.0,10,0.0,0.5,0.162,0.9838038682937622,-0.1606874018907547,0,False
159,16.0220780572854,16.0,0.10000000000002274,155,-1.1696591661684248,-2.0479419881511705,-1.8890142487965857,3.5274442061120777,0.5938761234283447,-0.003639771570983894,-0.06364183628387043,-0.003639771570983894,0.0,-0.0,False,False,81,5.0,10,0.02,0.5,0.162,0.9847993850708008,-0.17467725276947021,0,False
160,16.122198267374188,16.100000000000023,0.09999999999999432,156,-1.1767943391260467,-2.068471147112033,-1.9232920428684628,3.542897769587082,0.5964778661727905,-0.006283573362707377,-0.06992540964657781,-0.003783573362707377,0.0,-0.0025,True,True,82,5.0,10,0.0,0.5,0.164,0.9691919684410095,-0.1330874115228653,0,False
161,16.221979099325836,16.200000000000017,0.09999999999999432,155,-1.1845165091910268,-2.0885265687134087,-1.9500369214825295,3.55873050297003,0.5991434454917908,-0.003876407430782051,-0.07380181707735986,-0.003876407430782051,0.0,-0.0,False,False,82,5.0,10,0.02,0.5,0.164,0.969169557094574,-0.14854368567466736,0,False
162,16.322088769171387,16.30000000000001,0.09999999999999432,156,-1.1927560569062439,-2.1082549593308397,-1.9816568390418494,3.574937095758009,0.6018719673156738,-0.006467941301824938,-0.08026975837918479,-0.003967941301824938,0.0,-0.0025,True,True,83,5.0,10,0.0,0.5,0.166,0.984035849571228,-0.15276823937892914,0,False
163,16.422295049298555,16.400000000000006,0.09999999999999432,169,-1.2017171403983462,-2.127960854226639,-2.0133910534689203,3.5918308676228485,0.6047161817550659,-0.004136186797747276,-0.08440594517693206,-0.004136186797747276,0.0,-0.0,False,False,83,5.0,10,0.02,0.5,0.166,0.9850443601608276,-0.166701078414917,0,False
164,16.522455498110503,16.5,0.10000000000002274,167,-1.2113491638378489,-2.1474487728690095,-2.04726554616562,3.6092730374217727,0.6076527237892151,-0.006770453811237221,-0.09117639898816929,-0.00427045381123722,0.0,-0.0025,True,True,84,5.0,10,0.0,0.5,0.168,0.98014235496521,-0.31664273142814636,0,False
165,16.622177202254534,16.600000000000023,0.09999999999999432,173,-1.221720740122914,-2.1664980631229174,-2.10214453848975,3.627216518695625,0.6106736660003662,-0.004393192411044625,-0.09556959139921391,-0.004393192411044625,0.0,-0.0,False,False,84,5.0,10,0.02,0.5,0.168,0.9808467626571655,-0.3388040065765381,0,False
166,16.722290322184563,16.700000000000017,0.09999999999999432,169,-1.2333326722792117,-2.1848371568813008,-2.1692152199416617,3.6459725069150704,0.6138314008712769,-0.007092122556919005,-0.10266171395613291,-0.0045921225569190045,0.0,-0.0025,True,True,85,5.0,10,0.0,0.5,0.17,0.9396223425865173,-0.2952783703804016,0,False
167,16.822319282218814,16.80000000000001,0.09999999999999432,156,-1.2457047133550303,-2.20179133124202,-2.229087370890178,3.664790805035354,0.616999626159668,-0.00460737820209271,-0.10726909215822562,-0.00460737820209271,0.0,-0.0,False,False,85,5.0,10,0.02,0.5,0.17,0.9421718716621399,-0.3149665892124176,0,False
168,16.923495934344828,16.900000000000006,0.10099999999999909,167,-1.2590042860880712,-2.2178638251685663,-2.2942271028354435,3.6840420861597596,0.6202407479286194,-0.00721338760009021,-0.11448247975831584,-0.00471338760009021,0.0,-0.0025,True,True,86,5.0,10,0.0,0.5,0.172,0.9646722078323364,-0.2580220699310303,0,False
169,17.024181119166315,17.0,0.10099999999999909,169,-1.2734781778002324,-2.2334018976402334,-2.344062377874714,3.704098085492154,0.6236173510551453,-0.004910410790317903,-0.11939289054863374,-0.004910410790317903,0.0,-0.0,False,False,86,5.0,10,0.02,0.5,0.172,0.9700683355331421,-0.26066339015960693,0,False
170,17.124188150279224,17.100000000000023,0.09999999999999432,165,-1.2888846391874598,-2.2483453628544745,-2.397767464173311,3.7247113335968196,0.6270877718925476,-0.007546844798860825,-0.12693973534749456,-0.0050468447988608256,0.0,-0.0025,True,True,87,5.0,10,0.0,0.5,0.174,0.9315203428268433,-0.24550293385982513,0,False
171,17.225375522393733,17.22,0.10099999999999909,157,-1.3076769127135663,-2.2646422256878083,-2.457074892727075,3.7449149649101776,0.6304892301559448,-0.0049465562678034924,-0.13188629161529805,-0.0049465562678034924,0.0,-0.0,False,False,87,5.0,10,0.02,0.5,0.174,0.9337800741195679,-0.2493097186088562,0,False
172,17.32580738933757,17.32000000000002,0.10000000000002274,156,-1.3239996470038884,-2.277302041500853,-2.5073122454164105,3.7693202661278047,0.6345980763435364,-0.008475272159409665,-0.1403615637747077,-0.0059752721594096645,0.0,-0.0025,True,True,88,5.0,10,0.004,0.5,0.176,0.9783868193626404,-0.23437826335430145,0,False
173,17.426531474106014,17.420000000000016,0.10099999999999909,156,-1.3416517741139677,-2.2896775657961363,-2.5539469911600285,3.790723363032304,0.6382014751434326,-0.005240227437399232,-0.14560179121210695,-0.005240227437399232,0.0,-0.0,False,False,88,5.0,10,0.024,0.5,0.176,0.9785096645355225,-0.2454349249601364,0,False
174,17.527813505381346,17.52000000000001,0.10099999999999909,161,-1.3599314557793554,-2.3012200075650613,-2.6032648272672727,3.8122871911582843,0.6418319344520569,-0.007779580067563404,-0.15338137127967036,-0.005279580067563404,0.0,-0.0025,True,True,89,5.0,10,0.004,0.5,0.178,0.9764750599861145,-0.24732589721679688,0,False
175,17.627996544353664,17.620000000000005,0.09999999999999432,156,-1.3787228707864905,-2.3118232646552443,-2.6529306159579185,3.8338584539883422,0.6454636454582214,-0.005281400343408102,-0.15866277162307846,-0.005281400343408102,0.0,-0.0,False,False,89,5.0,10,0.024,0.5,0.178,0.5826539397239685,-0.8398236036300659,0,False
176,17.728068944998085,17.72,0.10099999999999909,156,-1.3965991151308634,-2.320675785590117,-2.7260598036201253,3.8537962061225537,0.6488203406333923,-0.007381459736408353,-0.16604423135948682,-0.004881459736408353,0.0,-0.0025,True,True,90,5.0,10,0.004,0.5,0.18,0.6171550750732422,-0.648449718952179,0,False
177,17.82915537711233,17.82000000000002,0.10099999999999909,157,-1.4102066971890024,-2.32579933332083,-2.847418579003233,3.8682106811943706,0.6512471437454224,-0.0035291681434738197,-0.16957339950296063,-0.0035291681434738197,0.0,-0.0,False,False,90,5.0,10,0.024,0.5,0.18,0.6070806384086609,-0.668219804763794,0,False
178,17.93029412906617,17.920000000000016,0.10099999999999909,158,-1.4234019727538911,-2.3288579242210474,-2.981659360783016,3.881288679699907,0.6534489393234253,-0.005701951890456173,-0.1752753513934168,-0.0032019518904561725,0.0,-0.0025,True,True,91,5.0,10,0.004,0.5,0.182,0.5416492819786072,-0.8410700559616089,0,False
179,18.03147982014343,18.02000000000001,0.10099999999999909,157,-1.4359660505831178,-2.3299372878335496,3.1373995076776953,3.8928822156246716,0.655400812625885,-0.0028385034801507295,-0.1781138548735675,-0.0028385034801507295,0.0,-0.0,False,False,91,5.0,10,0.024,0.5,0.182,0.5307368636131287,-0.8424148559570312,0,False
180,18.132601292338222,18.120000000000005,0.10099999999999909,157,-1.4478513041141827,-2.32892902243394,2.9714313147497498,3.9029041967209013,0.6570881009101868,-0.004953731838522806,-0.1830675867120903,-0.0024537318385228065,0.0,-0.0025,True,True,92,5.0,10,0.004,0.5,0.184,0.6423518061637878,-0.9999935626983643,0,False
181,18.233404187019914,18.22,0.10099999999999909,157,-1.4614684651106586,-2.325248369508976,2.775658097134088,3.913220733712004,0.6588249802589417,-0.0025258494338899003,-0.1855934361459802,-0.0025258494338899003,0.0,-0.0,False,False,92,5.0,10,0.024,0.5,0.184,0.6312753558158875,-0.999995768070221,0,False
182,18.33362167607993,18.32000000000002,0.09999999999999432,155,-1.4741554033445647,-2.3189333492585376,2.5783778513587667,3.92151432312702,0.66022127866745,-0.004530561044554001,-0.1901239971905342,-0.002030561044554001,0.0,-0.0025,True,True,93,5.0,10,0.004,0.5,0.186,0.9491005539894104,-0.917683482170105,0,False
183,18.434471840038896,18.420000000000016,0.10099999999999909,158,-1.4894297364978824,-2.3069583561611857,2.3864750443066653,3.9295314123570653,0.6615710258483887,-0.0019628641190952874,-0.1920868613096295,-0.0019628641190952874,0.0,-0.0,False,False,93,5.0,10,0.024,0.5,0.186,0.965063750743866,-0.9447099566459656,0,False
184,18.534454211127013,18.52000000000001,0.09999999999999432,156,-1.503734735621091,-2.2907552045690696,2.198082057713254,3.9348394370347455,0.6624646782875061,-0.003799590273243342,-0.19588645158287282,-0.0012995902732433418,0.0,-0.0025,True,True,94,5.0,10,0.004,0.5,0.188,0.9492835402488708,-0.871396541595459,0,False
185,18.634395631961524,18.620000000000005,0.10000000000002274,157,-1.5146830864034448,-2.2725473896794193,2.026166795107092,3.936358948934739,0.6627205014228821,-0.00037202971071569345,-0.19625848129358853,-0.00037202971071569345,0.0,-0.0,False,False,94,5.0,10,0.024,0.5,0.188,0.9748040437698364,-0.8874838948249817,0,False
186,18.735157017130405,18.72,0.10099999999999909,154,-1.522501375600288,-2.252171857550895,1.8483441528160403,3.9342244807974924,0.6623611450195312,-0.0019774074729950533,-0.19823588876658357,0.0005225925270049468,0.0,-0.0025,True,True,95,5.0,10,0.004,0.5,0.19,0.9821932315826416,-0.9888715744018555,0,False
187,18.83651939732954,18.82000000000002,0.10099999999999909,156,-1.5264101285358482,-2.230850501852945,1.6514071600301599,3.9282834441726577,0.6613609194755554,0.0014545737594407577,-0.19678131500714283,0.0014545737594407577,0.0,-0.0,False,False,95,5.0,10,0.024,0.5,0.19,0.982177734375,-0.9792988300323486,0,False
188,18.93742592120543,18.920000000000016,0.10099999999999909,159,-1.526105947933512,-2.2088936016039016,1.4591232286820184,3.9183850207775226,0.6596944332122803,-7.651941241842162e-05,-0.19685783441956126,0.0024234805875815784,0.0,-0.0025,True,True,96,5.0,10,0.004,0.5,0.192,0.9996673464775085,-0.6138895153999329,0,False
189,19.03710168413818,19.02000000000001,0.09999999999999432,151,-1.5219963392035787,-2.1872596686611097,1.324252170385397,3.905291798830304,0.657490074634552,0.0032056791219474473,-0.19365215529761381,0.0032056791219474473,0.0,-0.0,False,False,96,5.0,10,0.024,0.5,0.192,0.9995952248573303,-0.6030594110488892,0,False
190,19.137406973168254,19.120000000000005,0.09999999999999432,157,-1.5152695370381304,-2.1660948268074636,1.201400075632534,3.8901147355402705,0.6549348831176758,0.001215876437248663,-0.19243627886036516,0.003715876437248663,0.0,-0.0025,True,True,97,5.0,10,0.004,0.5,0.194,0.9982856512069702,-0.25084415078163147,0,False
191,19.238176538143307,19.22,0.10099999999999909,158,-1.5065421031093884,-2.14595940066458,1.1390112152260945,3.8736312885337933,0.6521597504615784,0.0040357249070857495,-0.1884005539532794,0.0040357249070857495,0.0,-0.0,False,False,97,5.0,10,0.024,0.5,0.194,0.9982589483261108,-0.24637587368488312,0,False
192,19.338188827969134,19.32000000000002,0.09999999999999432,159,-1.4967985976729923,-2.126177385353629,1.0869817827650106,3.856430215567091,0.6492637991905212,0.0017114248659908546,-0.18668912908728855,0.004211424865990855,0.0,-0.0025,True,True,98,5.0,10,0.004,0.5,0.196,0.9962993860244751,-0.1679784655570984,0,False
193,19.439181071240455,19.420000000000016,0.10099999999999909,161,-1.4862703989678858,-2.1069217728870786,1.0545418516858351,3.8387862466574965,0.6462932825088501,0.0043198612984478415,-0.18236926778884072,0.0043198612984478415,0.0,-0.0,False,False,98,5.0,10,0.024,0.5,0.196,0.9962437152862549,-0.1656535118818283,0,False
194,19.53921797219664,19.52000000000001,0.10000000000002274,159,-1.4750946474403674,-2.0879954144596287,1.0214997311473104,3.8207344311242317,0.6432541012763977,0.001919716430494578,-0.18044955135834614,0.004419716430494578,0.0,-0.0025,True,True,99,5.0,10,0.004,0.5,0.198,0.9795288443565369,-0.09271867573261261,0,False
195,19.640521462075412,19.620000000000005,0.10099999999999909,162,-1.4636394004276307,-2.0697296205183484,1.0032154656439705,3.8027424472571134,0.6402249932289124,0.004405067543935554,-0.1760444838144106,0.004405067543935554,0.0,-0.0,False,False,99,5.0,10,0.024,0.5,0.198,0.9809325337409973,-0.09275026619434357,0,False
196,19.740274515002966,19.72,0.09999999999999432,163,-1.4518219945912691,-2.051620415234836,0.9839001684750037,3.7845214036977075,0.6371573209762573,0.0019611493759098485,-0.17408333443850074,0.004461149375909849,0.0,-0.0025,True,True,100,5.0,10,0.004,0.5,0.2,0.9455806612968445,-0.09303591400384903,0,False
197,19.840430955402553,19.82000000000002,0.09999999999999432,159,-1.4401140214665555,-2.034384031878628,0.9650330209327906,3.7667917586744606,0.6341723799705505,0.004340837810561714,-0.16974249662793903,0.004340837810561714,0.0,-0.0,False,False,100,5.0,10,0.024,0.5,0.2,0.9471683502197266,-0.09292246401309967,0,False
198,19.941515867132694,19.920000000000016,0.10099999999999909,159,-1.4280629490327479,-2.017323833421275,0.9465572811933463,3.748851463702356,0.6311519742012024,0.0018924122928255312,-0.1678500843351135,0.004392412292825531,0.0,-0.0025,True,True,101,5.0,10,0.004,0.5,0.202,0.9378889799118042,-0.09013327211141586,0,False
199,20.041418878361583,20.02000000000001,0.09999999999999432,164,-1.4158335706905927,-2.0006629187087186,0.9287174978689026,3.73093949141245,0.6281363368034363,0.004385477908655675,-0.16346460642645783,0.004385477908655675,0.0,-0.0,False,False,101,5.0,10,0.024,0.5,0.202,0.9382805824279785,-0.09010732918977737,0,False
200,20.141170061193407,20.120000000000005,0.10000000000002274,158,-1.4033025971907072,-1.9842144950543081,0.9107729856572977,3.712864309666371,0.6250932216644287,0.0019254372974347451,-0.16153916912902308,0.004425437297434745,0.0,-0.0025,True,True,102,5.0,10,0.004,0.5,0.204,0.9428660273551941,-0.08805092424154282,0,False
201,20.24231852311641,20.22,0.10099999999999909,158,-1.3904207022725745,-1.9679112722660075,0.8932717932320255,3.6945522794904004,0.6220102310180664,0.004483426085055507,-0.15705574304396758,0.004483426085055507,0.0,-0.0,False,False,102,5.0,10,0.024,0.5,0.204,0.9446167349815369,-0.0863441601395607,0,False
202,20.342401172965765,20.32000000000002,0.09999999999999432,158,-1.3772246700364554,-1.9517908515347562,0.8761411106633242,3.676049779276639,0.6188951730728149,0.002030059818598251,-0.15502568322536933,0.004530059818598251,0.0,-0.0025,True,True,103,5.0,10,0.004,0.5,0.206,0.9245045185089111,-0.06720639765262604,0,False
203,20.44322099722922,20.420000000000016,0.10099999999999909,163,-1.3640854316858577,-1.9362321635369493,0.8629610758947004,3.6578453752930256,0.6158303022384644,0.004457075425209967,-0.15056860780015938,0.004457075425209967,0.0,-0.0,False,False,103,5.0,10,0.024,0.5,0.206,0.9247082471847534,-0.06778181344270706,0,False
204,20.543274318333715,20.52000000000001,0.09999999999999432,159,-1.350736615285729,-1.9208468729840291,0.8492693277348121,3.639538655619967,0.6127482056617737,0.0019821258880237205,-0.14858648191213567,0.0044821258880237205,0.0,-0.0025,True,True,104,5.0,10,0.004,0.5,0.208,0.9142505526542664,-0.06765497475862503,0,False
205,20.643513727001846,20.620000000000005,0.09999999999999432,164,-1.3373341490735233,-1.9058140660915548,0.8357429782997111,3.6213413323069035,0.6096845269203186,0.004455341829167475,-0.14413114008296818,0.004455341829167475,0.0,-0.0,False,False,104,5.0,10,0.024,0.5,0.208,0.9146401882171631,-0.06592968106269836,0,False
206,20.74344146810472,20.72,0.09999999999999432,157,-1.3237283229024837,-1.8909541781762134,0.8226629041886216,3.6030438175055597,0.6066039800643921,0.001979872213168537,-0.14215126786979965,0.004479872213168537,0.0,-0.0025,True,True,105,5.0,10,0.004,0.5,0.21,0.9027106761932373,-0.0752243623137474,0,False
207,20.844405721407384,20.82000000000002,0.10099999999999909,159,-1.3100928264199643,-1.8764694611077348,0.8076408816230495,3.5848826056123,0.6035463809967041,0.004446500489350824,-0.13770476738044882,0.004446500489350824,0.0,-0.0,False,False,105,5.0,10,0.024,0.5,0.21,0.9036524295806885,-0.07238989323377609,0,False
208,20.944420162122697,20.920000000000016,0.10000000000002274,156,-1.2962311906219839,-1.8621745183664515,0.793430448100652,3.566603500554386,0.6004689335823059,0.0019753648634580592,-0.13572940251699075,0.004475364863458059,0.0,-0.0025,True,True,106,5.0,10,0.004,0.5,0.212,0.8985576629638672,-0.07815159857273102,0,False
209,21.044538542162627,21.02000000000001,0.09999999999999432,160,-1.2822377729863097,-1.848165898759202,0.7779065637642306,3.548328643898802,0.597392201423645,0.004474324705832564,-0.1312550778111582,0.004474324705832564,0.0,-0.0,False,False,106,5.0,10,0.024,0.5,0.212,0.8991946578025818,-0.07580556720495224,0,False
210,21.1453020372428,21.140000000000015,0.10099999999999909,169,-1.2651156370111087,-1.831592711035227,0.760082141017565,3.5299433287826405,0.5942968726158142,0.002001368804095211,-0.12925370900706298,0.004501368804095211,0.0,-0.0025,True,True,107,5.0,10,0.004,0.5,0.214,0.9118585586547852,-0.06636825948953629,0,False
211,21.246888555120677,21.24000000000001,0.10099999999999909,166,-1.2504688299493927,-1.8178433633327757,0.7471036703519776,3.507457597351072,0.5905112028121948,0.005505294272294029,-0.12374841473476896,0.005505294272294029,0.0,-0.0,False,False,107,5.0,10,0.028,0.5,0.214,0.9124121069908142,-0.06641098111867905,0,False
212,21.347961047198623,21.340000000000003,0.10099999999999909,159,-1.2356631822410002,-1.8043096867415396,0.7339706234180609,3.4886587710748005,0.5873462557792664,0.002102610812975941,-0.12164580392179301,0.004602610812975941,0.0,-0.0025,True,True,108,5.0,10,0.008,0.5,0.216,0.903523862361908,-0.060772404074668884,0,False
213,21.447962418198586,21.439999999999998,0.09999999999999432,159,-1.2208067108328542,-1.791065837301712,0.7219843250267401,3.4699346458728293,0.5841938853263855,0.004584321374727848,-0.11706148254706517,0.004584321374727848,0.0,-0.0,False,False,108,5.0,10,0.028,0.5,0.216,0.9038805961608887,-0.060970667749643326,0,False
214,21.548604644369334,21.54000000000002,0.09999999999999432,157,-1.2057687128509784,-1.7779838295657886,0.7098434617568123,3.451115285651963,0.5810254812240601,0.0021076382414991113,-0.11495384430556606,0.004607638241499111,0.0,-0.0025,True,True,109,5.0,10,0.008,0.5,0.218,0.9109611511230469,-0.05956386402249336,0,False
215,21.648931042291224,21.640000000000015,0.10000000000002274,158,-1.1904592295318557,-1.7649839681015422,0.6979862153065436,3.4320859835492947,0.5778217315673828,0.004659039364158515,-0.11029480494140755,0.004659039364158515,0.0,-0.0,False,False,109,5.0,10,0.028,0.5,0.218,0.9157673120498657,-0.05968116968870163,0,False
216,21.748950941953808,21.74000000000001,0.09999999999999432,156,-1.1748361620312726,-1.7520359266944352,0.6860297810769979,3.4127964668039197,0.5745741724967957,0.002222749018719662,-0.10807205592268788,0.004722749018719662,0.0,-0.0025,True,True,110,5.0,10,0.008,0.5,0.22,0.943059504032135,-0.06438475102186203,0,False
217,21.849305429961532,21.840000000000003,0.10099999999999909,159,-1.1586668003495628,-1.7389727648198336,0.6730541825632231,3.392967756996175,0.5712358355522156,0.004854762357354313,-0.10321729356533357,0.004854762357354313,0.0,-0.0,False,False,110,5.0,10,0.028,0.5,0.22,0.9464588761329651,-0.06448741257190704,0,False
218,21.95008512539789,21.939999999999998,0.10099999999999909,162,-1.1420455486930554,-1.7258961632422478,0.6598715264783946,3.3727248279612656,0.5678277611732483,0.0024561777258392376,-0.10076111583949433,0.004956177725839238,0.0,-0.0025,True,True,111,5.0,10,0.008,0.5,0.222,0.9904793500900269,-0.05199585109949112,0,False
219,22.0511686373502,22.04000000000002,0.10099999999999909,164,-1.124727655154911,-1.7126310186870366,0.6491885945107584,3.3517752480054828,0.5643007159233093,0.0051291906108785635,-0.09563192522861577,0.0051291906108785635,0.0,-0.0,False,False,111,5.0,10,0.028,0.5,0.222,0.9910455346107483,-0.050828561186790466,0,False
220,22.15216827020049,22.140000000000015,0.10099999999999909,173,-1.107262225623429,-1.6995272866072568,0.6386616710854582,3.3307573395788945,0.5607621669769287,0.002645919812688359,-0.09298600541592741,0.005145919812688359,0.0,-0.0025,True,True,112,5.0,10,0.008,0.5,0.224,0.9935375452041626,-0.04374362528324127,0,False
221,22.2532101823017,22.24000000000001,0.10099999999999909,158,-1.089644166202016,-1.6865599884767577,0.6300390518189634,3.309656587306873,0.5572096705436707,0.005166202886385453,-0.08781980252954197,0.005166202886385453,0.0,-0.0,False,False,112,5.0,10,0.028,0.5,0.224,0.9938558340072632,-0.04264017567038536,0,False
222,22.354121486190706,22.340000000000003,0.09999999999999432,166,-1.071910373906545,-1.6737412725770353,0.621659522872635,3.2885105187433328,0.5536495447158813,0.0026772979010571793,-0.08514250462848479,0.005177297901057179,0.0,-0.0025,True,True,113,5.0,10,0.008,0.5,0.226,0.9941920638084412,-0.039665594696998596,0,False
223,22.453901258297265,22.439999999999998,0.09999999999999432,153,-1.0540684244533194,-1.6610635784798398,0.6138698302602336,3.2673233822906034,0.5500825047492981,0.0051873527581036295,-0.07995515187038116,0.0051873527581036295,0.0,-0.0,False,False,113,5.0,10,0.028,0.5,0.226,0.9944344758987427,-0.03776963800191879,0,False
224,22.554142027162015,22.54000000000002,0.09999999999999432,161,-1.0362777622826473,-1.64862568658258,0.6057378062775584,3.2462785673159256,0.5465394258499146,0.0026525074776498265,-0.07730264439273134,0.0051525074776498266,0.0,-0.0025,True,True,114,5.0,10,0.008,0.5,0.228,0.9569070339202881,-0.08022855222225189,0,False
225,22.654441094957292,22.640000000000015,0.10000000000002274,159,-1.0188146779167448,-1.6367742722578382,0.5883125079956734,3.2257552437272428,0.5430841445922852,0.005024828129121349,-0.07227781626360999,0.005024828129121349,0.0,-0.0,False,False,114,5.0,10,0.028,0.5,0.228,0.9606568217277527,-0.07780472189188004,0,False
226,22.754584845155478,22.74000000000001,0.09999999999999432,169,-1.0010607083338177,-1.6251251238878293,0.5728098579885547,3.205038617832549,0.5395963191986084,0.002572155301081089,-0.0697056609625289,0.005072155301081089,0.0,-0.0025,True,True,115,5.0,10,0.008,0.5,0.23,0.9861697554588318,-0.03352909907698631,0,False
227,22.85515594109893,22.840000000000003,0.10099999999999909,163,-0.9827862215375657,-1.6134077115764929,0.5671710016258179,3.183816786094126,0.5360234379768372,0.005195847378711673,-0.06450981358381723,0.005195847378711673,0.0,-0.0,False,False,115,5.0,10,0.028,0.5,0.23,0.9866786003112793,-0.03358089551329613,0,False
228,22.956307013053447,22.939999999999998,0.10099999999999909,162,-0.9643829021326331,-1.6017793272582175,0.5606833399888106,3.1625121105102694,0.5324366092681885,0.002716130452408767,-0.06179368313140846,0.005216130452408767,0.0,-0.0025,True,True,116,5.0,10,0.008,0.5,0.232,0.9981024265289307,-0.012489321641623974,0,False
229,23.057161157019436,23.04000000000002,0.10099999999999909,173,-0.9457715059288178,-1.5901185985903095,0.5586005588966221,3.14100740598338,0.5288161039352417,0.005265104540608793,-0.05652857859079967,0.005265104540608793,0.0,-0.0,False,False,116,5.0,10,0.028,0.5,0.232,0.9981384873390198,-0.01229841448366642,0,False
230,23.15810321038589,23.140000000000015,0.10099999999999909,159,-0.9271283789904481,-1.5785017752891632,0.5566246878261029,3.1194945586853584,0.5251942276954651,0.002767098176057576,-0.053761480414742095,0.005267098176057576,0.0,-0.0025,True,True,117,5.0,10,0.008,0.5,0.234,0.9989878535270691,0.03065636195242405,0,False
231,23.258181110024452,23.24000000000001,0.09999999999999432,158,-0.9085230587935219,-1.566825783175859,0.563821179153879,3.0980033074325135,0.5215759873390198,0.005261810708128113,-0.048499669706613985,0.005261810708128113,0.0,-0.0,False,False,117,5.0,10,0.028,0.5,0.234,0.9989553093910217,0.028782164677977562,0,False
232,23.359151483047754,23.340000000000003,0.10099999999999909,162,-0.8900741763300505,-1.5550946624180653,0.5700736208198955,3.076646588920116,0.5179803967475891,0.002728872383320888,-0.045770797323293096,0.005228872383320888,0.0,-0.0025,True,True,118,5.0,10,0.008,0.5,0.236,0.9986447691917419,0.16317330300807953,0,False
233,23.459673250094056,23.439999999999998,0.09999999999999432,161,-0.8718286450957043,-1.5429816166931465,0.6048811524678883,3.055357490811469,0.5143961906433105,0.005212316541115286,-0.04055848078217781,0.005212316541115286,0.0,-0.0,False,False,118,5.0,10,0.028,0.5,0.236,0.9984152317047119,0.16611573100090027,0,False
234,23.560150376986712,23.54000000000002,0.10099999999999909,162,-0.8539922747557889,-1.5302656574259628,0.6358425170382395,3.034257446606502,0.510843813419342,0.0026660295267812583,-0.03789245125539655,0.005166029526781258,0.0,-0.0025,True,True,119,5.0,10,0.008,0.5,0.238,0.9898293018341064,-0.046969614923000336,0,False
235,23.66152153722942,23.640000000000015,0.10099999999999909,162,-0.8363429769568417,-1.5174518488673812,0.6208687680547395,3.0133121150530497,0.5073174834251404,0.005128150453252959,-0.03276430080214359,0.005128150453252959,0.0,-0.0,False,False,119,5.0,10,0.028,0.5,0.238,0.990770697593689,-0.04682930186390877,0,False
236,23.761508277151734,23.74000000000001,0.10000000000002274,162,-0.818620832464503,-1.5048460944986388,0.6118434525327923,2.992380236773642,0.5037934184074402,0.0026248566207722804,-0.03013944418137131,0.0051248566207722805,0.0,-0.0025,True,True,120,5.0,10,0.008,0.5,0.24,0.9764876961708069,-0.044639702886343,0,False
237,23.862552940379828,23.840000000000003,0.10099999999999909,163,-0.8009815543020957,-1.4925542704995078,0.6041071017805985,2.971643076934354,0.5003021359443665,0.005077182729604259,-0.025062261451767053,0.005077182729604259,0.0,-0.0,False,False,120,5.0,10,0.028,0.5,0.24,0.9773320555686951,-0.0418626107275486,0,False
238,23.96306111710146,23.939999999999998,0.10099999999999909,161,-0.7833861011299222,-1.4805153478540005,0.5963792104421407,2.951041865969623,0.4968337416648865,0.002543897685588536,-0.022518363766178516,0.005043897685588536,0.0,-0.0025,True,True,121,5.0,10,0.008,0.5,0.242,0.9208925366401672,-0.006966515444219112,0,False
239,24.064194698352367,24.04000000000002,0.10099999999999909,163,-0.7666145287471857,-1.4691445147806907,0.5956034452821615,2.931449650558243,0.49353522062301636,0.00479686024953554,-0.017721503516642978,0.00479686024953554,0.0,-0.0,False,False,121,5.0,10,0.028,0.5,0.242,0.9213293790817261,-0.007138906046748161,0,False
240,24.164323837962,24.140000000000015,0.09999999999999432,159,-0.7497040838395382,-1.457709503262514,0.594893911482851,2.911714228584992,0.4902125895023346,0.0023319222294947493,-0.015389581287148228,0.004831922229494749,0.0,-0.0025,True,True,122,5.0,10,0.008,0.5,0.244,0.962393581867218,0.11373912543058395,0,False
241,24.264683076180518,24.24000000000001,0.09999999999999432,161,-0.7323703422441163,-1.4456600057913085,0.6194569137792941,2.8913872165873036,0.48679035902023315,0.004976764178843618,-0.01041281710830461,0.004976764178843618,0.0,-0.0,False,False,122,5.0,10,0.028,0.5,0.244,0.9597780704498291,0.09072747826576233,0,False
242,24.46528232237324,24.439999999999998,0.19900000000001228,320,-0.7004135942193572,-1.4223571565398117,0.6306532553257855,2.8535900661420186,0.4804268777370453,0.006754065694448705,-0.0036587514138559044,0.009254065694448706,0.0,-0.0025,True,True,123,5.0,10,0.028,0.5,0.246,0.8533972501754761,-0.012851469218730927,0,False
243,24.565111325122416,24.54000000000002,0.09999999999999432,160,-0.6853537874217686,-1.411364700169081,0.628716965471008,2.8357910305473832,0.4774302542209625,0.00185782705177802,-0.0018009243620778844,0.00435782705177802,0.0,-0.0025,True,True,124,5.0,10,0.008,0.5,0.248,0.8237884044647217,0.03170868009328842,0,False
244,24.665555922314525,24.640000000000015,0.09999999999999432,162,-0.670766464982857,-1.400652682775144,0.6367461929939637,2.818540215870068,0.47452592849731445,0.004223603378189287,0.002422679016111403,0.004223603378189287,0.0,-0.0,False,False,124,5.0,10,0.028,0.5,0.248,0.822474479675293,0.031074104830622673,0,False
245,24.766186787281185,24.74000000000001,0.10099999999999909,161,-0.6560687969034273,-1.3897181606201092,0.6435153899455588,2.8011247756024695,0.4715938866138458,0.0017639094861768572,0.00418658850228826,0.004263909486176857,0.0,-0.0025,True,True,125,5.0,10,0.008,0.5,0.25,0.8759208917617798,0.06592954695224762,0,False
246,24.866544775199145,24.840000000000003,0.09999999999999432,162,-0.6407636194639813,-1.3780749041594473,0.6573193191243905,2.7829207256523834,0.46852907538414,0.004456988745407869,0.00864357724769613,0.004456988745407869,0.0,-0.0,False,False,125,5.0,10,0.028,0.5,0.25,0.8734785318374634,0.06395352631807327,0,False
247,24.966374936979264,24.939999999999998,0.10000000000002274,160,-0.6255743639298689,-1.3662064928091755,0.66962949882574,2.7647703117817124,0.4654732942581177,0.0019438567553860388,0.01058743400308217,0.004443856755386039,0.0,-0.0025,True,True,126,5.0,10,0.008,0.5,0.252,0.8925030827522278,0.03278131037950516,0,False
248,25.066486777272075,25.04000000000002,0.09999999999999432,161,-0.6102149754951374,-1.353987965748106,0.675126085840693,2.7463644627209565,0.4623745083808899,0.004506396232618381,0.015093830235700552,0.004506396232618381,0.0,-0.0,False,False,126,5.0,10,0.028,0.5,0.252,0.8922505378723145,0.03095344826579094,0,False
249,25.166168190073222,25.140000000000015,0.09999999999999432,160,-0.594899431008826,-1.3416436563224898,0.6824036222655255,2.7279786165545037,0.4592790901660919,0.002001498823798411,0.017095329059498964,0.004501498823798411,0.0,-0.0025,True,True,127,5.0,10,0.008,0.5,0.254,0.9195933938026428,0.11266988515853882,0,False
250,25.267421601340175,25.24000000000001,0.10099999999999909,163,-0.5794274143472419,-1.3286972419350336,0.7078898498181074,2.7092775035318195,0.45613059401512146,0.0045786871875897785,0.021674016247088743,0.0045786871875897785,0.0,-0.0,False,False,127,5.0,10,0.028,0.5,0.254,0.9185808300971985,0.1083347499370575,0,False
251,25.367407832294703,25.340000000000003,0.09999999999999432,161,-0.5642694410402161,-1.3154423456351934,0.7297312213373871,2.690803680033785,0.4530203640460968,0.002023038754626189,0.023697055001714932,0.004523038754626189,0.0,-0.0025,True,True,128,5.0,10,0.008,0.5,0.256,0.9117085337638855,0.07490888237953186,0,False
252,25.46783280931413,25.439999999999998,0.09999999999999432,158,-0.5494213820731015,-1.3019947883768999,0.7434416468883444,2.672591487312567,0.44995418190956116,0.004458982380856653,0.028156037382571584,0.004458982380856653,0.0,-0.0,False,False,128,5.0,10,0.028,0.5,0.256,0.9118505716323853,0.06718477606773376,0,False
253,25.56800718838349,25.54000000000002,0.10000000000002274,158,-0.5347563212281171,-1.2883349319524193,0.7561897250536,2.6545171906503064,0.4469112157821655,0.0019252205979294478,0.03008125798050103,0.004425220597929448,0.0,-0.0025,True,True,129,5.0,10,0.008,0.5,0.258,0.9126055836677551,0.04997353255748749,0,False
254,25.66792997997254,25.640000000000015,0.09999999999999432,159,-0.520229266257305,-1.2745009705625865,0.765682860985767,2.6365521133312773,0.4438866376876831,0.004398479878974196,0.034479737859475224,0.004398479878974196,0.0,-0.0,False,False,129,5.0,10,0.028,0.5,0.258,0.9125310182571411,0.04315416142344475,0,False
255,25.76792638003826,25.74000000000001,0.09999999999999432,154,-0.5058389677618587,-1.2605475149252292,0.7742176309797519,2.6187137800150904,0.4408833980560303,0.0018674485098137653,0.03634718636928899,0.004367448509813765,0.0,-0.0025,True,True,130,5.0,10,0.008,0.5,0.26,0.9091230630874634,0.05082236975431442,0,False
256,25.86776885204017,25.840000000000003,0.09999999999999432,161,-0.4916291008804979,-1.2465021778995022,0.7846082651548244,2.601053879596759,0.43791019916534424,0.00432376188954342,0.04067094825883241,0.00432376188954342,0.0,-0.0,False,False,130,5.0,10,0.028,0.5,0.26,0.9090794920921326,0.045543406158685684,0,False
257,25.967806342989206,25.939999999999998,0.09999999999999432,162,-0.4775632348821039,-1.2323349928662801,0.7933454323381229,2.5835313441870937,0.43496012687683105,0.0017901301263194155,0.042461078385151826,0.0042901301263194155,0.0,-0.0025,True,True,131,5.0,10,0.008,0.5,0.262,0.9154574275016785,-0.13032260537147522,0,False
258,26.067742723971605,26.04000000000002,0.10000000000002274,161,-0.46327230201964564,-1.2181293738442083,0.7659306986239676,2.5658176306725835,0.43197786808013916,0.004336937219466245,0.04679801560461807,0.004336937219466245,0.0,-0.0,False,False,131,5.0,10,0.028,0.5,0.262,0.9171569347381592,-0.13079337775707245,0,False
259,26.16824240097776,26.140000000000015,0.09999999999999432,163,-0.4485312786059009,-1.2042422536272137,0.7418444716866764,2.5477955539556283,0.4289436936378479,0.0019124353271161147,0.048710450931734185,0.004412435327116115,0.0,-0.0025,True,True,132,5.0,10,0.008,0.5,0.264,0.9242932200431824,-0.09576574712991714,0,False
260,26.268024013377726,26.24000000000001,0.09999999999999432,160,-0.4334028813439787,-1.1905986953157546,0.7245565962081939,2.5295012254560323,0.42586368322372437,0.004479092094949334,0.05318954302668352,0.004479092094949334,0.0,-0.0,False,False,132,5.0,10,0.028,0.5,0.264,0.9255778789520264,-0.09455413371324539,0,False
261,26.36797374440357,26.340000000000003,0.09999999999999432,160,-0.4180320767516091,-1.1772518873668258,0.7069765883767237,2.5110852864397426,0.4227631986141205,0.0020088666069789725,0.055198409633662494,0.0045088666069789726,0.0,-0.0025,True,True,133,5.0,10,0.008,0.5,0.266,0.9384048581123352,0.015194296836853027,0,False
262,26.46822531335056,26.439999999999998,0.09999999999999432,162,-0.40239341281284025,-1.1637945589181637,0.7126912815997622,2.4924119650489667,0.4196193814277649,0.0045718828231230135,0.05977029245678551,0.0045718828231230135,0.0,-0.0,False,False,133,5.0,10,0.028,0.5,0.266,0.9383350014686584,0.014649256132543087,0,False
263,26.56823214329779,26.54000000000002,0.10000000000002274,161,-0.3868596881312775,-1.1503425018212157,0.716809931101131,2.4738722913148186,0.416498064994812,0.0020391611978213034,0.061809453654606814,0.0045391611978213035,0.0,-0.0025,True,True,134,5.0,10,0.008,0.5,0.268,0.94062739610672,0.12331077456474304,0,False
264,26.668355903122574,26.640000000000015,0.09999999999999432,162,-0.37149648605051433,-1.1365682105059816,0.7441264480385402,2.455445908309468,0.41339582204818726,0.004511423661141552,0.06632087731574837,0.004511423661141552,0.0,-0.0,False,False,134,5.0,10,0.028,0.5,0.268,0.9393559694290161,0.12460832297801971,0,False
265,26.76827867422253,26.74000000000001,0.09999999999999432,162,-0.35670147886362386,-1.1226239883549751,0.7688250001278069,2.437560842567652,0.4103847146034241,0.0018788902436942079,0.06819976755944258,0.004378890243694208,0.0,-0.0025,True,True,135,5.0,10,0.008,0.5,0.27,0.8944088816642761,0.12439314275979996,0,False
266,26.868077347055078,26.840000000000003,0.09999999999999432,162,-0.3427533644348106,-1.1088098194533234,0.7930236008693878,2.4205665251810045,0.40752357244491577,0.004160803861550544,0.07236057142099313,0.004160803861550544,0.0,-0.0,False,False,135,5.0,10,0.028,0.5,0.27,0.8945754170417786,0.11420127004384995,0,False
267,26.9683258254081,26.939999999999998,0.09999999999999432,161,-0.3290706291934526,-1.094608947176238,0.8160528430118494,2.403774006905027,0.40469640493392944,0.0016113963743399234,0.07397196779533305,0.0041113963743399234,0.0,-0.0025,True,True,136,5.0,10,0.008,0.5,0.272,0.9432936310768127,0.1911778450012207,0,False
268,27.068214377388358,27.04000000000002,0.10000000000002274,162,-0.31521657503267553,-1.079256738732117,0.856789551052324,2.386580368642402,0.4018017053604126,0.004209604590146266,0.07818157238547932,0.004209604590146266,0.0,-0.0,False,False,136,5.0,10,0.028,0.5,0.272,0.9445562362670898,0.20069468021392822,0,False
269,27.168403996154666,27.140000000000015,0.09999999999999432,162,-0.30204430796709114,-1.0634542447422428,0.8959409098274322,2.3699976152314632,0.3990098536014557,0.001560038591581513,0.07974161097706084,0.004060038591581513,0.0,-0.0025,True,True,137,5.0,10,0.008,0.5,0.274,0.9446853399276733,0.005496461410075426,0,False
270,27.269575736951083,27.24000000000001,0.10099999999999909,162,-0.2890049656606925,-1.0472596815426047,0.8917599560321657,2.353515938392624,0.39623501896858215,0.0040352915080750455,0.08377690248513589,0.0040352915080750455,0.0,-0.0,False,False,137,5.0,10,0.028,0.5,0.274,0.9475224018096924,0.003116001607850194,0,False
271,27.37031183205545,27.360000000000014,0.10099999999999909,157,-0.27319863595115995,-1.0276218476071726,0.8911812364415144,2.3369829266922975,0.3934515416622162,0.0015478600793831887,0.08532476256451908,0.004047860079383189,0.0,-0.0025,True,True,138,5.0,10,0.008,0.5,0.276,0.9673548936843872,-0.03459317609667778,0,False
272,27.471848860383034,27.460000000000008,0.10099999999999909,156,-0.25974315309793566,-1.0111029706977084,0.8836727799044993,2.31682231045253,0.3900573253631592,0.004936024671845345,0.09026078723636442,0.004936024671845345,0.0,-0.0,False,False,138,5.0,10,0.032,0.5,0.276,0.9685377478599548,-0.03649900108575821,0,False
273,27.572451245971024,27.560000000000002,0.09999999999999432,156,-0.2463114177284344,-0.9948487742296367,0.8766400536161292,2.3001717596210765,0.3872540593147278,0.0015766377736883262,0.09183742501005275,0.004076637773688326,0.0,-0.0025,True,True,139,5.0,10,0.012,0.5,0.278,0.9422041177749634,-0.03203355893492699,0,False
274,27.673001072369516,27.659999999999997,0.10099999999999909,156,-0.2329954864984672,-0.978943938315707,0.8703688828160088,2.283781069398802,0.3844945430755615,0.0040130147989292765,0.09585043980898203,0.0040130147989292765,0.0,-0.0,False,False,139,5.0,10,0.032,0.5,0.278,0.9429002404212952,-0.03366240859031677,0,False
275,27.773137252312154,27.76000000000002,0.09999999999999432,154,-0.21959600504684296,-0.9631431138799558,0.8658671910338411,2.2674011771991163,0.3817368447780609,0.0015103710649644908,0.09736081087394652,0.004010371064964491,0.0,-0.0025,True,True,140,5.0,10,0.012,0.5,0.28,0.9391708374023438,0.0064120604656636715,0,False
276,27.872846235055476,27.860000000000014,0.10000000000002274,154,-0.20623695170665224,-0.9473827564621734,0.867794717622858,2.251140417281431,0.3789992034435272,0.0039812033115498606,0.10134201418549638,0.0039812033115498606,0.0,-0.0,False,False,140,5.0,10,0.032,0.5,0.28,0.9396389722824097,0.005710275378078222,0,False
277,27.973147423006594,27.960000000000008,0.09999999999999432,156,-0.19260231043784443,-0.9312525312187331,0.871323035301114,2.234610414866089,0.37621623277664185,0.0015471233010649799,0.10288913748656135,0.00404712330106498,0.0,-0.0025,True,True,141,5.0,10,0.012,0.5,0.282,0.990734338760376,0.04886873811483383,0,False
278,28.07279373705387,28.060000000000002,0.09999999999999432,156,-0.17868042359410943,-0.9145008989844509,0.8817463563344515,2.217760012108367,0.37337931990623474,0.00412556852198714,0.1070147060085485,0.00412556852198714,0.0,-0.0,False,False,141,5.0,10,0.032,0.5,0.282,0.9919513463973999,0.04441326856613159,0,False
279,28.173246774356812,28.159999999999997,0.09999999999999432,156,-0.1648488739386638,-0.8975791576419175,0.8834692126083868,2.2010542320466246,0.3705667555332184,0.0015901598228196495,0.10860486583136815,0.0040901598228196496,0.0,-0.0025,True,True,142,5.0,10,0.012,0.5,0.284,0.9992887377738953,-0.1452184021472931,0,False
280,28.273174275178462,28.26000000000002,0.09999999999999432,155,-0.1505317719148726,-0.8808141536536448,0.8505595296464716,2.183988576904188,0.36769360303878784,0.00417826984167844,0.11278313567304658,0.00417826984167844,0.0,-0.0,False,False,142,5.0,10,0.032,0.5,0.284,0.999382734298706,-0.14626780152320862,0,False
281,28.37332972418517,28.360000000000014,0.10000000000002274,155,-0.135742761979598,-0.8644627319998468,0.8209433485920657,2.166617213810762,0.36476898193359375,0.0017531178508124168,0.114536253523859,0.004253117850812417,0.0,-0.0025,True,True,143,5.0,10,0.012,0.5,0.286,0.9999770522117615,-0.12526655197143555,0,False
282,28.473380454350263,28.460000000000008,0.09999999999999432,155,-0.12054237539270021,-0.8484966872025868,0.7964114050977052,2.148988114309322,0.3618009686470032,0.004316220746758664,0.11885247427061767,0.004316220746758664,0.0,-0.0,False,False,143,5.0,10,0.032,0.5,0.286,0.9999788999557495,-0.1262148916721344,0,False
283,28.573380285408348,28.560000000000002,0.09999999999999432,156,-0.10497036042755686,-0.8329242026873793,0.7783776076592616,2.1311356196520355,0.3587953448295593,0.0018709157018987478,0.12072338997251642,0.004370915701898748,0.0,-0.0025,True,True,144,5.0,10,0.012,0.5,0.288,0.9774805903434753,0.30120062828063965,0,False
284,28.673257966991514,28.659999999999997,0.09999999999999432,155,-0.09012332048775826,-0.817357700172571,0.8432363063492698,2.1140793463980767,0.35592377185821533,0.004175972826922262,0.12489936279943868,0.004175972826922262,0.0,-0.0,False,False,144,5.0,10,0.032,0.5,0.288,0.9836944341659546,0.28846293687820435,0,False
285,28.773304677102715,28.76000000000002,0.09999999999999432,156,-0.07622411963845122,-0.8009647979495441,0.8924455245787748,2.097924265488348,0.3532039225101471,0.0014553293906158006,0.1263546921900545,0.003955329390615801,0.0,-0.0025,True,True,145,5.0,10,0.012,0.5,0.29,0.999950647354126,-0.11372172832489014,0,False
286,28.873544936068356,28.860000000000014,0.10000000000002274,156,-0.06219506803149798,-0.7840877609196765,0.8625776297720094,2.081671117291504,0.3504675626754761,0.003979339695804169,0.13033403188585865,0.003979339695804169,0.0,-0.0,False,False,145,5.0,10,0.032,0.5,0.29,0.9999555945396423,-0.11451512575149536,0,False
287,28.97353677637875,28.960000000000008,0.09999999999999432,155,-0.04771249361271113,-0.767471369605975,0.840321391669675,2.0651071276575226,0.34767886996269226,0.0015554445620689383,0.1318894764479276,0.004055444562068938,0.0,-0.0025,True,True,146,5.0,10,0.012,0.5,0.292,0.9999809265136719,-0.11460328102111816,0,False
288,29.07352452725172,29.060000000000002,0.09999999999999432,154,-0.032847360950910766,-0.7511983356091627,0.8188882444814168,2.048308767828342,0.34485071897506714,0.00411282659107491,0.1360023030390025,0.00411282659107491,0.0,-0.0,False,False,146,5.0,10,0.032,0.5,0.292,0.9999818205833435,-0.11489906907081604,0,False
289,29.17359735723585,29.159999999999997,0.09999999999999432,151,-0.017620913348187703,-0.7352678398550575,0.7993909569595343,2.031291438262407,0.34198570251464844,0.0016664380486886136,0.1376687410876911,0.004166438048688614,0.0,-0.0025,True,True,147,5.0,10,0.012,0.5,0.294,0.9999813437461853,-0.057102054357528687,0,False
290,29.272970783058554,29.26000000000002,0.09999999999999432,155,-0.002201173409766653,-0.7195484819480805,0.7888044785057218,2.014202416907156,0.3391086161136627,0.004183990708618607,0.1418527317963097,0.004183990708618607,0.0,-0.0,False,False,147,5.0,10,0.032,0.5,0.294,0.9999821782112122,-0.05736581236124039,0,False
291,29.373778217006475,29.360000000000014,0.10000000000002274,156,0.01339751476977527,-0.7040091403026087,0.7781174108447516,1.997050200567247,0.3362208902835846,0.0016994630532978275,0.14355219484960752,0.004199463053297828,0.0,-0.0025,True,True,148,5.0,10,0.012,0.5,0.296,0.9998378753662109,-0.05147820711135864,0,False
292,29.47354907914996,29.460000000000008,0.09999999999999432,154,0.029154343000934006,-0.6886343992899094,0.7679630570546221,1.9798524909190558,0.33332550525665283,0.004210601407870658,0.14776279625747818,0.004210601407870658,0.0,-0.0,False,False,148,5.0,10,0.032,0.5,0.296,0.999846875667572,-0.05140462890267372,0,False
293,29.573433221317828,29.560000000000002,0.09999999999999432,154,0.045069926105577834,-0.6734206765605465,0.7572138462524175,1.9626069867446532,0.3304220736026764,0.0017223031811573922,0.14948509943863558,0.004222303181157392,0.0,-0.0025,True,True,149,5.0,10,0.012,0.5,0.298,0.9999082088470459,-0.06083785369992256,0,False
294,29.67382514802739,29.659999999999997,0.09999999999999432,157,0.06116784641338282,-0.6583937633055275,0.7449130960529985,1.9452913839318071,0.3275068402290344,0.004239465781977947,0.15372456522061353,0.004239465781977947,0.0,-0.0,False,False,149,5.0,10,0.032,0.5,0.298,0.9999132752418518,-0.06087025627493858,0,False
295,29.77384469937533,29.76000000000002,0.09999999999999432,159,0.0774501332082144,-0.6435635782849142,0.7316079578455863,1.9279026731955342,0.32457929849624634,0.0017573651611164933,0.15548193038173003,0.004257365161116493,0.0,-0.0025,True,True,150,5.0,10,0.012,0.5,0.3,0.9999569058418274,-0.0816478580236435,0,False
296,29.87380789918825,29.860000000000014,0.10000000000002274,159,0.09396714612093282,-0.6289859201532376,0.7149791263227426,1.9103923519425678,0.3216312825679779,0.004287139673146077,0.15976907005487612,0.004287139673146077,0.0,-0.0,False,False,150,5.0,10,0.032,0.5,0.3,0.9999603033065796,-0.08207482099533081,0,False
297,29.973820940125734,29.960000000000008,0.09999999999999432,159,0.11070980466419661,-0.6146772963859002,0.7006051104656655,1.8927673238266942,0.31866395473480225,0.0018152239290342184,0.16158429398391033,0.0043152239290342185,0.0,-0.0025,True,True,151,5.0,10,0.012,0.5,0.302,0.9999099373817444,-0.0072861420921981335,0,False
298,30.073285605292767,30.060000000000002,0.09999999999999432,158,0.12750876818964652,-0.6004734769546533,0.7008371121881046,1.8751849567508834,0.315703809261322,0.0043047790128782765,0.16588907299678862,0.0043047790128782765,0.0,-0.0,False,False,151,5.0,10,0.032,0.5,0.302,0.999907910823822,-0.008271249942481518,0,False
299,30.17435263702646,30.159999999999997,0.09999999999999432,161,0.1443380679019918,-0.5862983618143149,0.6986967077537699,1.8576675548273671,0.3127546012401581,0.0017888732691885684,0.16767794626597718,0.0042888732691885685,0.0,-0.0025,True,True,152,5.0,10,0.012,0.5,0.304,0.9999872446060181,-0.026148682460188866,0,False
300,30.27426425833255,30.26000000000002,0.09999999999999432,159,0.16123877833613073,-0.5721980880202437,0.6930708026172464,1.8401781215525228,0.3098101019859314,0.0042820255648207545,0.17195997183079792,0.0042820255648207545,0.0,-0.0,False,False,152,5.0,10,0.032,0.5,0.304,0.9999875426292419,-0.025758910924196243,0,False
301,30.373812382109463,30.360000000000014,0.10000000000002274,159,0.17820221461665992,-0.5581828682838585,0.6897109185836188,1.82272656986512,0.3068719804286957,0.0017727508259935076,0.17373272265679143,0.004272750825993508,0.0,-0.0025,True,True,153,5.0,10,0.012,0.5,0.306,0.9998920559883118,0.012630256824195385,0,False
302,30.47421815013513,30.460000000000008,0.09999999999999432,161,0.19513455591190887,-0.5441490215774516,0.6928211294299373,1.8054053025158343,0.3039557933807373,0.004240852658811886,0.17797357531560332,0.004240852658811886,0.0,-0.0,False,False,153,5.0,10,0.032,0.5,0.306,0.9998916983604431,0.012476877309381962,0,False
303,30.574259100016207,30.560000000000002,0.09999999999999432,159,0.2120331304198066,-0.5300780565507889,0.696296029583514,1.7882198070243414,0.3010624647140503,0.0017076109546974283,0.17968118627030075,0.004207610954697428,0.0,-0.0025,True,True,154,5.0,10,0.012,0.5,0.308,0.9997859597206116,0.021734919399023056,0,False
304,30.67427345039323,30.659999999999997,0.09999999999999432,159,0.22887064448768898,-0.5159381103757767,0.7007568531642918,1.771201061324297,0.2981972098350525,0.004166784767897057,0.1838479710381978,0.004166784767897057,0.0,-0.0,False,False,154,5.0,10,0.032,0.5,0.308,0.9997814297676086,0.019068537279963493,0,False
305,30.774299211334437,30.76000000000002,0.09999999999999432,159,0.24562717334764944,-0.5017858665406627,0.694589969319074,1.7543736707458617,0.2953641712665558,0.0016199343348491245,0.18546790537304694,0.0041199343348491246,0.0,-0.0025,True,True,155,5.0,10,0.012,0.5,0.31,0.98353511095047,-0.1621880829334259,0,False
306,30.8744465704076,30.860000000000014,0.10000000000002274,159,0.2626053224566887,-0.4882355676231414,0.6593581613772663,1.737434582589503,0.29251232743263245,0.004147281812419167,0.1896151871854661,0.004147281812419167,0.0,-0.0,False,False,155,5.0,10,0.032,0.5,0.31,0.9862753748893738,-0.16546380519866943,0,False
307,30.974432811141014,30.960000000000008,0.09999999999999432,159,0.2801167739603013,-0.4751355216720179,0.6319399092054889,1.7200628654625496,0.2895876467227936,0.0017532045306145679,0.19136839171608067,0.004253204530614568,0.0,-0.0025,True,True,156,5.0,10,0.012,0.5,0.312,0.9836919903755188,0.20387062430381775,0,False
308,31.074355652090162,31.060000000000002,0.09999999999999432,161,0.297205623464459,-0.4619558353134395,0.6791964480815335,1.7032193663586135,0.2867518961429596,0.004123878265845752,0.19549226998192643,0.004123878265845752,0.0,-0.0,False,False,156,5.0,10,0.032,0.5,0.312,0.9778802394866943,0.2054617553949356,0,False
309,31.173998265061527,31.159999999999997,0.09999999999999432,159,0.31320828562930036,-0.44855213487153794,0.7173040936998596,1.6875760409128737,0.2841182053089142,0.0013300337366457626,0.19682230371857218,0.0038300337366457627,0.0,-0.0025,True,True,157,5.0,10,0.012,0.5,0.314,0.8886483311653137,0.12900251150131226,0,False
310,31.274627291131765,31.26000000000002,0.09999999999999432,162,0.3277969878816714,-0.43560220594306615,0.740656160562527,1.6734424914451214,0.2817386984825134,0.0034603877204885084,0.2002826914390607,0.0034603877204885084,0.0,-0.0,False,False,157,5.0,10,0.032,0.5,0.314,0.888992428779602,0.1478404998779297,0,False
311,31.374687771312892,31.360000000000014,0.10000000000002274,159,0.3420437850819741,-0.42224171515833137,0.7595736672666563,1.6597785674515866,0.2794382572174072,0.0008454069629711572,0.20112809840203186,0.0033454069629711572,0.0,-0.0025,True,True,158,5.0,10,0.012,0.5,0.316,0.9374159574508667,-0.18390503525733948,0,False
312,31.474691301118582,31.460000000000008,0.09999999999999432,159,0.35740145634581943,-0.4083693277621539,0.71601983262323,1.6451523803303298,0.2769758105278015,0.0035810026651438742,0.20470910106717574,0.0035810026651438742,0.0,-0.0,False,False,158,5.0,10,0.032,0.5,0.316,0.9373051524162292,-0.181204155087471,0,False
313,31.574811081402004,31.560000000000002,0.09999999999999432,158,0.37328366797752105,-0.3950060486383371,0.6856114632753803,1.6301011759593196,0.27444180846214294,0.0011850617675935845,0.20589416283476933,0.0036850617675935845,0.0,-0.0025,True,True,159,5.0,10,0.012,0.5,0.318,0.9569661617279053,0.019123859703540802,0,False
314,31.674097367096692,31.659999999999997,0.09999999999999432,159,0.38947345316621906,-0.3815250159498385,0.6949890665969227,1.6148782653274758,0.2718788981437683,0.003727101471623699,0.20962126430639302,0.003727101471623699,0.0,-0.0,False,False,159,5.0,10,0.032,0.5,0.318,0.9598389267921448,0.022135132923722267,0,False
315,31.77461401326582,31.76000000000002,0.09999999999999432,163,0.405751788744452,-0.36788326538743527,0.694396174353526,1.599713239177377,0.26932573318481445,0.001212929323976428,0.21083419363036945,0.003712929323976428,0.0,-0.0025,True,True,160,5.0,10,0.012,0.5,0.32,0.9983956217765808,-0.18004460632801056,0,False
316,31.87419283716008,31.860000000000014,0.10000000000002274,161,0.42301520051452857,-0.3541834444701817,0.6541573421144147,1.5837119858353432,0.2666317820549011,0.0039176670165930174,0.21475186064696247,0.0039176670165930174,0.0,-0.0,False,False,160,5.0,10,0.032,0.5,0.32,0.9983005523681641,-0.17888255417346954,0,False
317,31.974729393143207,31.960000000000008,0.09999999999999432,162,0.44038346443094717,-0.3413617723301966,0.616678920410281,1.5676638230509168,0.26392993330955505,0.0014291520903744544,0.21618101273733692,0.0039291520903744544,0.0,-0.0025,True,True,161,5.0,10,0.012,0.5,0.322,0.9504194259643555,-0.18095600605010986,0,False
318,32.07493911217898,32.06,0.09999999999999432,161,0.45768827404808915,-0.3295342061139379,0.5807309513560304,1.551703637598072,0.26124289631843567,0.003907612159546677,0.2200886248968836,0.003907612159546677,0.0,-0.0,False,False,161,5.0,10,0.032,0.5,0.322,0.9468315839767456,-0.1775275617837906,0,False
319,32.174820153974,32.16,0.09999999999999432,159,0.4751315954572001,-0.31849896930467303,0.5470040562781293,1.535632285617595,0.2585371434688568,0.0014348296174135178,0.2215234545142971,0.003934829617413518,0.0,-0.0025,True,True,162,5.0,10,0.012,0.5,0.324,0.918787956237793,-0.1492481529712677,0,False
320,32.275043302215636,32.26000000000002,0.09999999999999432,159,0.4925825184003168,-0.3081958396868982,0.517887811140064,1.5195710235926514,0.25583308935165405,0.003932359243053036,0.22545581375735016,0.003932359243053036,0.0,-0.0,False,False,162,5.0,10,0.032,0.5,0.324,0.9181347489356995,-0.14749805629253387,0,False
321,32.37541782017797,32.360000000000014,0.10099999999999909,160,0.5102888608634825,-0.2984196156097075,0.49635827485907197,1.5032877825459707,0.2530916631221771,0.0014867074789846756,0.22694252123633485,0.003986707478984676,0.0,-0.0025,True,True,163,5.0,10,0.012,0.5,0.326,0.9480078816413879,0.44122275710105896,0,False
322,32.475856367032975,32.46000000000001,0.10000000000002274,160,0.5279000070936848,-0.2880538025185129,0.5796714985934824,1.4872792715166232,0.2503964900970459,0.003919443952536612,0.23086196518887145,0.003919443952536612,0.0,-0.0,False,False,163,5.0,10,0.032,0.5,0.326,0.9572523832321167,0.4544621407985687,0,False
323,32.575982676353306,32.56,0.09999999999999432,158,0.5447956405441593,-0.27597877315602587,0.6593264882545113,1.4723468453940864,0.24788248538970947,0.0011559806939809968,0.23201794588285243,0.003655980693980997,0.0,-0.0025,True,True,164,5.0,10,0.012,0.5,0.328,0.9204179644584656,-0.17510566115379333,0,False
324,32.67593464720994,32.66,0.09999999999999432,163,0.5611256764003432,-0.2635505351945527,0.6296419948789355,1.4581727590874363,0.24549615383148193,0.003470312557831703,0.23548825844068413,0.003470312557831703,0.0,-0.0,False,False,164,5.0,10,0.032,0.5,0.328,0.9195977449417114,-0.1724492907524109,0,False
325,32.77585199801251,32.76000000000002,0.09999999999999432,161,0.5781099504722275,-0.25156665269309186,0.593666732411693,1.443430094935635,0.24301409721374512,0.001109520320042611,0.23659777876072674,0.003609520320042611,0.0,-0.0025,True,True,165,5.0,10,0.012,0.5,0.33,0.9794138073921204,-0.26888057589530945,0,False
326,32.87564893113449,32.860000000000014,0.09999999999999432,162,0.5963841002789692,-0.2399905145228969,0.5389321655845691,1.4274952228800057,0.24033132195472717,0.003901414553694811,0.24049919331442154,0.003901414553694811,0.0,-0.0,False,False,165,5.0,10,0.032,0.5,0.33,0.9763476848602295,-0.26713502407073975,0,False
327,32.975982268340886,32.96000000000001,0.10000000000002274,160,0.6153456410813432,-0.22934610552403326,0.4835874159972654,1.410858302339361,0.23753035068511963,0.0015733006013064353,0.242072493915728,0.004073300601306435,0.0,-0.0025,True,True,166,5.0,10,0.012,0.5,0.332,0.9945148229598999,-0.29052942991256714,0,False
328,33.07605898799375,33.06,0.09999999999999432,161,0.6350964099236449,-0.21969569678004985,0.4251597035128564,1.393388783450438,0.23458920419216156,0.004277149825951336,0.24634964374167934,0.004277149825951336,0.0,-0.0,False,False,166,5.0,10,0.032,0.5,0.332,0.9935823678970337,-0.29165709018707275,0,False
329,33.175881260074675,33.16,0.09999999999999432,159,0.6552347204888839,-0.21123516911899662,0.3759263785654468,1.375419457729079,0.23156391084194183,0.0018995200365996361,0.24824916377827896,0.004399520036599636,0.0,-0.0025,True,True,167,5.0,10,0.012,0.5,0.334,0.9942693114280701,-0.13732470571994781,0,False
330,33.27586585097015,33.26000000000002,0.09999999999999432,159,0.6756958359179952,-0.2033726861131284,0.35073958206494965,1.357118048558933,0.2284827083349228,0.00448082569099188,0.25272998946927083,0.00448082569099188,0.0,-0.0,False,False,167,5.0,10,0.032,0.5,0.334,0.9939205050468445,-0.13455797731876373,0,False
331,33.37623733840883,33.360000000000014,0.09999999999999432,159,0.6962229560064622,-0.1961219854939983,0.3278144242298495,1.3387219354201827,0.22538556158542633,0.0020040125380600513,0.2547340020073309,0.004504012538060051,0.0,-0.0025,True,True,168,5.0,10,0.012,0.5,0.336,0.977418839931488,-0.09351388365030289,0,False
332,33.47616513911635,33.46000000000001,0.10000000000002274,159,0.7166658740634899,-0.18935668369820036,0.30999921369078015,1.3203960979366398,0.22230024635791779,0.004486806597338393,0.2592208086046693,0.004486806597338393,0.0,-0.0,False,False,168,5.0,10,0.032,0.5,0.336,0.9761565327644348,-0.09376566112041473,0,False
333,33.5763233192265,33.56,0.09999999999999432,160,0.73733101835391,-0.18295906444765858,0.2866458837617874,1.301863239347896,0.21918007731437683,0.0020374926116304127,0.26125830121629967,0.004537492611630413,0.0,-0.0025,True,True,169,5.0,10,0.012,0.5,0.338,0.9913371205329895,-0.1610642820596695,0,False
334,33.676355249248445,33.66,0.09999999999999432,162,0.7583981781634607,-0.17716039511022855,0.2542996895842722,1.2828875733246423,0.21598535776138306,0.004645907374136794,0.26590420859043645,0.004645907374136794,0.0,-0.0,False,False,169,5.0,10,0.032,0.5,0.338,0.9881702065467834,-0.14385393261909485,0,False
335,33.77638028934598,33.76000000000002,0.09999999999999432,162,0.7795279334697803,-0.17198933505039907,0.23035776678826717,1.2637812689297443,0.21276864409446716,0.002177892221120513,0.268082100811557,0.004677892221120513,0.0,-0.0025,True,True,170,5.0,10,0.012,0.5,0.34,0.9641704559326172,0.4193020164966583,0,False
336,33.87664663698524,33.860000000000014,0.09999999999999432,161,0.8001161736896246,-0.1664902949199744,0.3067917412267874,1.2453714369918039,0.20966918766498566,0.00450737138039233,0.2725894721919493,0.00450737138039233,0.0,-0.0,False,False,170,5.0,10,0.032,0.5,0.34,0.9746412038803101,0.432152658700943,0,False
337,33.9763060901314,33.96000000000001,0.10000000000002274,159,0.8201240226657074,-0.15929296343641916,0.38178296480348123,1.2280832717773384,0.20675857365131378,0.0017327480973133341,0.2743222202892626,0.004232748097313334,0.0,-0.0025,True,True,171,5.0,10,0.012,0.5,0.342,0.9998154044151306,-0.33612746000289917,0,False
338,34.07653210917488,34.06,0.09999999999999432,161,0.8402815572239507,-0.15149049939814502,0.3398695530165695,1.2109523859574611,0.20387443900108337,0.004194240595219802,0.2785164608844824,0.004194240595219802,0.0,-0.0,False,False,171,5.0,10,0.032,0.5,0.342,0.9997908473014832,-0.32764938473701477,0,False
339,34.176477449946105,34.16,0.09999999999999432,160,0.8613560203795861,-0.14481281230633286,0.27684253715867263,1.1927564787785074,0.2008109986782074,0.0019549951099589766,0.2804714559944414,0.004454995109958977,0.0,-0.0025,True,True,172,5.0,10,0.012,0.5,0.344,0.9993821978569031,-0.2861201763153076,0,False
340,34.277062486391515,34.26000000000002,0.10099999999999909,161,0.8827666536922625,-0.139375552533036,0.22027531825508975,1.1739933213801306,0.19765205681324005,0.004593877822911939,0.28506533381735333,0.004593877822911939,0.0,-0.0,False,False,172,5.0,10,0.032,0.5,0.344,0.9989940524101257,-0.2716846168041229,0,False
341,34.37717916537076,34.360000000000014,0.09999999999999432,160,0.9042939069105406,-0.1351420005125044,0.17197457710597655,1.1548563930851046,0.1944301873445511,0.0021853900240042198,0.2872507238413575,0.00468539002400422,0.0,-0.0025,True,True,173,5.0,10,0.012,0.5,0.346,0.9325500726699829,0.29675835371017456,0,False
342,34.47836741618812,34.46000000000001,0.10099999999999909,162,0.9249057244285566,-0.13118854162366972,0.2212640009097412,1.136595609262238,0.19135582447052002,0.004470879183698187,0.29172160302505573,0.004470879183698187,0.0,-0.0,False,False,173,5.0,10,0.032,0.5,0.346,0.9344000220298767,0.20881839096546173,0,False
343,34.57835143711418,34.56,0.09999999999999432,159,0.9449968162964688,-0.12629540445157109,0.2540442989865301,1.1192349556830188,0.18843300640583038,0.001750495786798182,0.29347209881185393,0.004250495786798182,0.0,-0.0025,True,True,174,5.0,10,0.012,0.5,0.348,0.9961575269699097,-0.25082269310951233,0,False
344,34.67861418519169,34.66,0.10000000000002274,158,0.9660889061113318,-0.12126599944223537,0.2035006230946368,1.101095605360082,0.18537908792495728,0.004441148011569652,0.29791324682342357,0.004441148011569652,0.0,-0.0,False,False,174,5.0,10,0.032,0.5,0.348,0.9941921830177307,-0.2384859174489975,0,False
345,34.77841366734356,34.76000000000002,0.09999999999999432,159,0.9876732483227745,-0.11722607557514228,0.16594075113992482,1.0822759796140702,0.18221063911914825,0.0021077032513507113,0.3000209500747743,0.004607703251350711,0.0,-0.0025,True,True,175,5.0,10,0.012,0.5,0.35,0.9750716090202332,0.3319178819656372,0,False
346,34.878484667278826,34.860000000000014,0.09999999999999432,160,1.0088373253200855,-0.11314456211829792,0.2260953021749387,1.0639833327737294,0.1791309118270874,0.0044786803658893445,0.30449963044066364,0.0044786803658893445,0.0,-0.0,False,False,175,5.0,10,0.032,0.5,0.35,0.9826743006706238,0.2562653720378876,0,False
347,34.978671606164426,34.96000000000001,0.09999999999999432,158,1.0296153612666026,-0.10792001861839388,0.2692954008994423,1.0466007291158057,0.1762043982744217,0.0017558699345298508,0.3062555003751935,0.004255869934529851,0.0,-0.0025,True,True,176,5.0,10,0.012,0.5,0.352,0.8993767499923706,-0.0069761560298502445,0,False
348,35.078699296340346,35.06,0.09999999999999432,158,1.0488310768016085,-0.10268756321637233,0.26195150892464886,1.0308149936836324,0.17354673147201538,0.003864900687050117,0.31012040106224364,0.003864900687050117,0.0,-0.0,False,False,176,5.0,10,0.032,0.5,0.352,0.9002123475074768,-0.010719462297856808,0,False
349,35.17856855830178,35.16,0.10000000000002274,160,1.0674071630494393,-0.09767159654681935,0.26349904328572854,1.0156759004894222,0.17099793255329132,0.0012065800284708646,0.3113269810907145,0.0037065800284708647,0.0,-0.0025,True,True,177,5.0,10,0.012,0.5,0.354,0.8251990079879761,0.08221079409122467,0,False
350,35.27850927831605,35.26000000000002,0.09999999999999432,161,1.0848747314168825,-0.09273445852089415,0.2832015438874717,1.0016583855103054,0.1686379611492157,0.003431978415342366,0.31475895950605687,0.003431978415342366,0.0,-0.0,False,False,177,5.0,10,0.032,0.5,0.354,0.8314278721809387,0.08485530316829681,0,False
351,35.37881325697526,35.360000000000014,0.09999999999999432,162,1.102145562664226,-0.08756466139394915,0.2941731984622635,0.9880513724063147,0.16634710133075714,0.0008314731847797901,0.31559043269083664,0.00333147318477979,0.0,-0.0025,True,True,178,5.0,10,0.012,0.5,0.356,0.7867555022239685,-0.0955488532781601,0,False
352,35.478597769048065,35.46000000000001,0.09999999999999432,161,1.1188252206147005,-0.08278428854472836,0.27091719333066816,0.9749553181908763,0.16414226591587067,0.003206372560364444,0.3187968052512011,0.003206372560364444,0.0,-0.0,False,False,178,5.0,10,0.032,0.5,0.356,0.7872185707092285,-0.09850654006004333,0,False
353,35.57875478826463,35.56,0.09999999999999432,162,1.135574051308488,-0.07830984115110767,0.2572136458314498,0.9617976621416543,0.16192705929279327,0.0007214548459340366,0.31951826009713513,0.0032214548459340367,0.0,-0.0025,True,True,179,5.0,10,0.012,0.5,0.358,0.8778882026672363,0.5255228877067566,0,False
354,35.678887407295406,35.66,0.10000000000002274,159,1.152887448758347,-0.07297726824030293,0.34873198069295297,0.9486559376011695,0.15971453487873077,0.0032175542548384312,0.32273581435197357,0.0032175542548384312,0.0,-0.0,False,False,179,5.0,10,0.032,0.5,0.358,0.8763785362243652,0.43461138010025024,0,False
355,35.779108606278896,35.76000000000002,0.09999999999999432,161,1.1694664718338517,-0.06618675049037763,0.43675949971215877,0.9370058448203883,0.1577531397342682,0.0003523505785399993,0.32308816493051357,0.0028523505785399994,0.0,-0.0025,True,True,180,5.0,10,0.012,0.5,0.36,0.6611604690551758,0.5840984582901001,0,False
356,35.879021297208965,35.860000000000014,0.09999999999999432,159,1.1822505939611874,-0.05926793189515058,0.560104962924804,0.9289557419639044,0.15639783442020416,0.001970947010643342,0.3250591119411569,0.001970947010643342,0.0,-0.0,False,False,180,5.0,10,0.032,0.5,0.36,0.7042095065116882,0.7288776636123657,0,False
357,35.97886839834973,35.96000000000001,0.09999999999999432,158,1.194941863257251,-0.04997281892034735,0.6971421445021544,0.9223030979488115,0.1552778035402298,-0.0008711998382901732,0.32418791210286674,0.0016288001617098269,0.0,-0.0025,True,True,181,5.0,10,0.012,0.5,0.362,0.9622825980186462,0.47383907437324524,0,False
358,36.07884367927909,36.06,0.09999999999999432,161,1.2102699203140854,-0.035974226714930564,0.7884903185268123,0.9159658978067134,0.1542108803987503,0.0015515684580174654,0.3257394805608842,0.0015515684580174654,0.0,-0.0,False,False,181,5.0,10,0.032,0.5,0.362,0.9760664105415344,0.44747260212898254,0,False
359,36.17893220903352,36.16,0.10000000000002274,161,1.2245308959108845,-0.020368549746212158,0.8698508097215165,0.9118106062945456,0.15351130068302155,-0.00148263916247201,0.3242568413984122,0.00101736083752799,0.0,-0.0025,True,True,182,5.0,10,0.012,0.5,0.364,0.9995590448379517,0.14366690814495087,0,False
360,36.27910100808367,36.26000000000002,0.09999999999999432,161,1.2384823302890557,-0.0034940884198651273,0.8928912828252092,0.9090804767472948,0.15305165946483612,0.0006684312940783163,0.32492527269249055,0.0006684312940783163,0.0,-0.0,False,False,182,5.0,10,0.032,0.5,0.364,0.9994713068008423,0.15289102494716644,0,False
361,36.37940647639334,36.360000000000014,0.09999999999999432,162,1.2519037991425999,0.013779578093482518,0.9299016684178691,0.9075337042656844,0.15279124677181244,-0.0021212959445207694,0.3228039767479698,0.0003787040554792305,0.0,-0.0025,True,True,183,5.0,10,0.012,0.5,0.366,0.999927818775177,0.2837759852409363,0,False
362,36.47918517841026,36.46000000000001,0.09999999999999432,161,1.2644158295723205,0.03173849484726456,0.9898271085966432,0.9076508008549022,0.1528109610080719,-2.8669344552488912e-05,0.3227753074034173,-2.8669344552488912e-05,0.0,-0.0,False,False,183,5.0,10,0.032,0.5,0.366,0.9998709559440613,0.2945520877838135,0,False
363,36.57919148821384,36.56,0.09999999999999432,159,1.2758483799261937,0.05029808709695887,1.0411186043092049,0.9095183277124199,0.15312537550926208,-0.0029572359562034605,0.31981807144721386,-0.0004572359562034604,0.0,-0.0025,True,True,184,5.0,10,0.012,0.5,0.368,0.9999620318412781,-0.2537460923194885,0,False
364,36.679152069147676,36.66,0.10000000000002274,159,1.2873992969862262,0.06900746855463866,0.9889852292789947,0.9119041596541853,0.15352705121040344,-0.0005841351865128436,0.319233936260701,-0.0005841351865128436,0.0,-0.0,False,False,184,5.0,10,0.032,0.5,0.368,0.9999713897705078,-0.24745357036590576,0,False
365,36.77916642930359,36.76000000000002,0.09999999999999432,159,1.2998744217035878,0.0871493614977486,0.9487352084620505,0.913739646477465,0.15383607149124146,-0.002949391434111255,0.31628454482658974,-0.0004493914341112553,0.0,-0.0025,True,True,185,5.0,10,0.012,0.5,0.37,0.9999220967292786,-0.11309292167425156,0,False
366,36.879436997231096,36.860000000000014,0.09999999999999432,159,1.3128254684695084,0.10497270241888337,0.9293126923832032,0.915533091819355,0.1541380137205124,-0.00043909820760903805,0.31584544661898073,-0.00043909820760903805,0.0,-0.0,False,False,185,5.0,10,0.032,0.5,0.37,0.9999194741249084,-0.11244719475507736,0,False
367,36.97968649631366,36.96000000000001,0.09999999999999432,160,1.3261296422609714,0.12246007027273878,0.9162690592301798,0.9173645957654505,0.15444636344909668,-0.0029484162863373607,0.3128970303326434,-0.0004484162863373607,0.0,-0.0025,True,True,186,5.0,10,0.012,0.5,0.372,0.9999950528144836,0.08188702911138535,0,False
368,37.07965572597459,37.06,0.09999999999999432,158,1.339272518272348,0.14005717386394814,0.9368557522830759,0.9199097427945869,0.15487486124038696,-0.0006231410974685713,0.3122738892351748,-0.0006231410974685713,0.0,-0.0,False,False,186,5.0,10,0.032,0.5,0.372,0.9999918341636658,0.09039966762065887,0,False
369,37.179544708225876,37.16,0.10000000000002274,159,1.3521044242841187,0.15787702276315005,0.9586652619117555,0.9233476738716752,0.1554536670446396,-0.003341725888474485,0.3089321633467003,-0.0008417258884744852,0.0,-0.0025,True,True,187,5.0,10,0.012,0.5,0.374,0.9999063611030579,0.13784344494342804,0,False
370,37.27970652701333,37.26000000000002,0.09999999999999432,160,1.3644566278034147,0.17601292201011326,0.9867670219354387,0.927851776916804,0.1562119722366333,-0.0011027621125705306,0.3078294012341298,-0.0011027621125705306,0.0,-0.0,False,False,187,5.0,10,0.032,0.5,0.374,0.9998618960380554,0.14156676828861237,0,False
371,37.379785396158695,37.360000000000014,0.09999999999999432,156,1.3762959528737033,0.19447550464853927,1.013749428165796,0.9334361247626913,0.15715214610099792,-0.003867243858801034,0.3039621573753287,-0.001367243858801034,0.0,-0.0025,True,True,188,5.0,10,0.012,0.5,0.376,0.9987722635269165,0.10374291241168976,0,False
372,37.4797970270738,37.46000000000001,0.09999999999999432,161,1.3877187171531487,0.21320180414155038,1.0333578957751586,0.9399708756131296,0.15825232863426208,-0.0015999357876025915,0.30236222158772613,-0.0015999357876025915,0.0,-0.0,False,False,188,5.0,10,0.032,0.5,0.376,0.9989448189735413,0.09037959575653076,0,False
373,37.57958291936666,37.56,0.09999999999999432,161,1.3987697232848462,0.23215419804111695,1.0585400196848105,0.947379381209417,0.1594996154308319,-0.00431386153924433,0.2980483600484818,-0.0018138615392443306,0.0,-0.0025,True,True,189,5.0,10,0.012,0.5,0.378,0.9978782534599304,0.43149760365486145,0,False
374,37.679621279239655,37.66,0.10000000000002274,161,1.4085109730263885,0.25162418603850734,1.151952969203473,0.9564508707927138,0.16102688014507294,-0.002221018239770725,0.29582734180871106,-0.002221018239770725,0.0,-0.0,False,False,189,5.0,10,0.032,0.5,0.378,0.9980326294898987,0.44025740027427673,0,False
375,37.779545810073614,37.76000000000002,0.09999999999999432,162,1.4165504017678359,0.2718847815217554,1.2326522083529754,0.9675844286568849,0.16290131211280823,-0.0052258847472412395,0.29060145706146984,-0.002725884747241239,0.0,-0.0025,True,True,190,5.0,10,0.012,0.5,0.38,0.9965383410453796,-0.06951181590557098,0,False
376,37.879607760347426,37.860000000000014,0.09999999999999432,160,1.4239879372693582,0.2925538857325508,1.214315841211999,0.979760969293046,0.16495133936405182,-0.002981243444298221,0.2876202136171716,-0.002981243444298221,0.0,-0.0,False,False,190,5.0,10,0.032,0.5,0.38,0.9965689778327942,-0.06796585768461227,0,False
377,37.97991445707157,37.96000000000001,0.09999999999999432,162,1.431707314424457,0.31310171078968113,1.2092175708816482,0.9920136271376179,0.16701418161392212,-0.005499879601754866,0.28212033401541675,-0.002999879601754866,0.0,-0.0025,True,True,191,5.0,10,0.012,0.5,0.382,0.9994229674339294,0.07380668073892593,0,False
378,38.079979707021266,38.06,0.09999999999999432,162,1.439223212864702,0.3337267767377971,1.227537806590942,1.0047740575689943,0.16916251182556152,-0.0031242001079510094,0.27899613390746575,-0.0031242001079510094,0.0,-0.0,False,False,191,5.0,10,0.032,0.5,0.382,0.9994226694107056,0.06762363761663437,0,False
379,38.17977902898565,38.16,0.10000000000002274,160,1.4464737961329657,0.35446392069444216,1.2392792604523712,1.0180863377613483,0.17140375077724457,-0.005759312249511648,0.2732368216579541,-0.0032593122495116478,0.0,-0.0025,True,True,192,5.0,10,0.012,0.5,0.384,0.9996069669723511,0.009200998581945896,0,False
380,38.2799421781674,38.26000000000002,0.09999999999999432,162,1.4536586616968703,0.3752488540376828,1.2401405039504,1.0317699991240408,0.173707515001297,-0.0033502393619395813,0.26988658229601453,-0.0033502393619395813,0.0,-0.0,False,False,192,5.0,10,0.032,0.5,0.384,0.9995977282524109,0.010214152745902538,0,False
381,38.37986524915323,38.360000000000014,0.09999999999999432,161,1.4608026887207282,0.3960471611090675,1.2367456673804846,1.0457697239184012,0.17606449127197266,-0.00592762275528564,0.2639589595407289,-0.0034276227552856404,0.0,-0.0025,True,True,193,5.0,10,0.012,0.5,0.386,0.9998142719268799,-0.14314748346805573,0,False
382,38.47980352025479,38.46000000000001,0.09999999999999432,160,1.4684063696564038,0.4167486205518073,1.204717428358308,1.0597262566224077,0.17841419577598572,-0.0034170478194265525,0.26054191172130237,-0.0034170478194265525,0.0,-0.0,False,False,193,5.0,10,0.032,0.5,0.386,0.9998177886009216,-0.13780128955841064,0,False
383,38.580096737947315,38.56,0.09999999999999432,160,1.4765786870485957,0.43722911974999595,1.174513298916019,1.0734841765174916,0.18073046207427979,-0.00586842045043508,0.2546734912708673,-0.00336842045043508,0.0,-0.0025,True,True,194,5.0,10,0.012,0.5,0.388,0.9999147057533264,-0.1532919704914093,0,False
384,38.68027690704912,38.66,0.10000000000002274,159,1.4853975893499156,0.45744055253736754,1.1454258838418914,1.0869719688310995,0.18300125002861023,-0.003302283761414554,0.25137120750945274,-0.003302283761414554,0.0,-0.0,False,False,194,5.0,10,0.032,0.5,0.388,0.9999160766601562,-0.1290482133626938,0,False
385,38.78002791898325,38.76000000000002,0.09999999999999432,159,1.494730525732731,0.4774021980281213,1.1257402066493694,1.1002783189618677,0.1852414906024933,-0.005757860362826,0.24561334714662675,-0.003257860362826,0.0,-0.0025,True,True,195,5.0,10,0.012,0.5,0.39,0.9999730587005615,0.020864974707365036,0,False
386,38.88003041036427,38.860000000000014,0.09999999999999432,159,1.5040790999591396,0.4973054306922747,1.1315049043914425,1.1138023112036615,0.18751837313175201,-0.003311146771181702,0.24230220037544506,-0.003311146771181702,0.0,-0.0,False,False,195,5.0,10,0.032,0.5,0.39,0.9999714493751526,-0.01865811087191105,0,False
387,38.980068589095026,38.96000000000001,0.09999999999999432,159,1.5134627609208142,0.5172064313890666,1.1295758524069481,1.1275758970823369,0.1898372769355774,-0.005872256031679058,0.236429944343766,-0.0033722560316790575,0.0,-0.0025,True,True,196,5.0,10,0.012,0.5,0.392,0.999968409538269,0.022365087643265724,0,False
388,39.0803511380218,39.06,0.09999999999999432,159,1.5227808286134068,0.5371240262286237,1.1347996459947076,1.1416498804090887,0.1922067552804947,-0.0034458038437811386,0.23298414049998487,-0.0034458038437811386,0.0,-0.0,False,False,196,5.0,10,0.032,0.5,0.392,0.9999687075614929,0.01587856374680996,0,False
389,39.180401917081326,39.16,0.10000000000002274,160,1.53202348612437,0.5570713884878927,1.1410161243160746,1.156028509586247,0.1946275234222412,-0.006020391813508769,0.2269637486864761,-0.003520391813508769,0.0,-0.0025,True,True,197,5.0,10,0.012,0.5,0.394,0.9999811053276062,0.09583839029073715,0,False
390,39.281391450203955,39.26000000000002,0.10099999999999909,157,1.5409453330312348,0.5771386941715719,1.1616844013681227,1.1708795965058427,0.1971278339624405,-0.0036360660094430616,0.22332768267703304,-0.0036360660094430616,0.0,-0.0,False,False,197,5.0,10,0.032,0.5,0.394,0.9999781250953674,0.08952666819095612,0,False
391,39.38153034914285,39.360000000000014,0.09999999999999432,160,1.5495357199260784,0.5973799125030984,1.170492375868478,1.1862381019787158,0.1997135728597641,-0.006260299835837162,0.21706738284119587,-0.0037602998358371624,0.0,-0.0025,True,True,198,5.0,10,0.012,0.5,0.396,0.9999915361404419,-0.30890530347824097,0,False
392,39.48142661014572,39.46000000000001,0.09999999999999432,163,1.5589009729653367,0.6174159486951789,1.1020606585558295,1.2013270994287857,0.20225393772125244,-0.0036943148364702795,0.21337306800472558,-0.0036943148364702795,0.0,-0.0,False,False,198,5.0,10,0.032,0.5,0.396,0.9999958276748657,-0.288332462310791,0,False
393,39.58189024729654,39.56,0.09999999999999432,163,1.5693931958388878,0.6368506256847849,1.0497912356399202,1.2156691746442305,0.2046685516834259,-0.006011442123939469,0.2073616258807861,-0.003511442123939469,0.0,-0.0025,True,True,199,5.0,10,0.012,0.5,0.398,0.998212456703186,-0.1411142647266388,0,False
394,39.68237001309171,39.66,0.10099999999999909,158,1.580513225297283,0.6558413947482993,1.0265182572039049,1.229609067772445,0.20701545476913452,-0.0034129738687267252,0.2039486520120594,-0.0034129738687267252,0.0,-0.0,False,False,199,5.0,10,0.032,0.5,0.398,0.9983614683151245,-0.12186873704195023,0,False
395,39.78235010430217,39.76000000000002,0.10000000000002274,159,1.592109513839515,0.674549748461577,1.0085319306497846,1.2433590219131603,0.20933037996292114,-0.005866470154887291,0.1980821818571721,-0.0033664701548872904,0.0,-0.0025,True,True,200,5.0,10,0.012,0.5,0.4,0.9961327910423279,0.15543633699417114,0,False
396,39.88269008137286,39.860000000000014,0.09999999999999432,162,1.6033910930424242,0.6932485494874231,1.0514763543668824,1.2574341558488764,0.21170005202293396,-0.003446085553138037,0.19463609630403406,-0.003446085553138037,0.0,-0.0,False,False,200,5.0,10,0.032,0.5,0.4,0.9972813129425049,0.34566283226013184,0,False
397,39.98275495134294,39.96000000000001,0.09999999999999432,163,1.6135986589494347,0.7125384170932806,1.1069199855307033,1.272617503234023,0.21425630152225494,-0.006217415003736354,0.1884186813002977,-0.0037174150037363536,0.0,-0.0025,True,True,201,5.0,10,0.012,0.5,0.402,0.998794674873352,-0.058025166392326355,0,False
398,40.08253292320296,40.06,0.09999999999999432,163,1.6238021109263465,0.7320405173047064,1.087084398082079,1.2881958635274682,0.21687905490398407,-0.0038141279929560547,0.18460455330734166,-0.0038141279929560547,0.0,-0.0,False,False,201,5.0,10,0.032,0.5,0.402,0.9988855123519897,-0.05564630404114723,0,False
399,40.18288759095594,40.16,0.09999999999999432,164,1.6342148586262109,0.7514426196004919,1.0631910311840567,1.3038049362294233,0.21950697898864746,-0.006321647465790313,0.17828290584155135,-0.003821647465790313,0.0,-0.0025,True,True,202,5.0,10,0.012,0.5,0.404,0.999674916267395,-0.4307846426963806,0,False
400,40.28300649020821,40.26000000000002,0.10000000000002274,160,1.645890729319963,0.7702762014739619,0.9703867142926168,1.318709570720052,0.22201630473136902,-0.0036491763295142866,0.17463372951203707,-0.0036491763295142866,0.0,-0.0,False,False,202,5.0,10,0.032,0.5,0.404,0.9997660517692566,-0.4210883378982544,0,False
401,40.382628973107785,40.360000000000014,0.09999999999999432,160,1.6590752532082917,0.7879706769669899,0.8785576278501097,1.332328089913686,0.22430910170078278,-0.00583429027834877,0.1687994392336883,-0.0033342902783487704,0.0,-0.0025,True,True,203,5.0,10,0.012,0.5,0.406,0.9796357154846191,-0.5895158052444458,0,False
402,40.483017560094595,40.46000000000001,0.09999999999999432,161,1.6739725377701036,0.8038536571474112,0.7596063291622703,1.343997123488188,0.22627368569374084,-0.002856987947953623,0.16594245128573468,-0.002856987947953623,0.0,-0.0,False,False,203,5.0,10,0.032,0.5,0.406,0.9820746183395386,-0.5752416849136353,0,False
403,40.583094970323145,40.56,0.09999999999999432,160,1.6905713584663091,0.8179282670920075,0.6507509478620163,1.353765528070352,0.22791828215122223,-0.004891647430251611,0.16105080385548307,-0.002391647430251611,0.0,-0.0025,True,True,204,5.0,10,0.012,0.5,0.408,0.9717187285423279,0.4505235552787781,0,False
404,40.68298917124048,40.66,0.09999999999999432,162,1.707783378323315,0.830837925294294,0.6559283198363526,1.3625417536917208,0.22939583659172058,-0.002148727284799382,0.15890207657068367,-0.002148727284799382,0.0,-0.0,False,False,204,5.0,10,0.032,0.5,0.408,0.9713802933692932,0.4581800699234009,0,False
405,40.783983174245805,40.76000000000002,0.10099999999999909,164,1.7239611050426311,0.8444760879242676,0.7437058719422728,1.3725208082227423,0.23107589781284332,-0.004943221912515319,0.15395885465816836,-0.0024432219125153187,0.0,-0.0025,True,True,205,5.0,10,0.012,0.5,0.41,0.9527097940444946,0.29106032848358154,0,False
406,40.884841507300735,40.860000000000014,0.10099999999999909,163,1.738992440344656,0.8589129132160633,0.7969824189316742,1.3837519023237372,0.23296675086021423,-0.0027497650327263797,0.15120908962544197,-0.0027497650327263797,0.0,-0.0,False,False,205,5.0,10,0.032,0.5,0.41,0.9490159749984741,0.2719862759113312,0,False
407,40.98616195702925,40.96000000000001,0.10099999999999909,158,1.7531899158612065,0.8741698457524175,0.8409274701122191,1.3961582992276222,0.23505547642707825,-0.005537520305827152,0.1456715693196148,-0.003037520305827152,0.0,-0.0025,True,True,206,5.0,10,0.012,0.5,0.412,0.9962344169616699,-0.47621217370033264,0,False
408,41.086799872107804,41.06,0.10099999999999909,160,1.7678016512365053,0.8897565952574196,0.7748555238731555,1.409020779823298,0.23722098767757416,-0.003149185560913218,0.14252238375870158,-0.003149185560913218,0.0,-0.0,False,False,206,5.0,10,0.032,0.5,0.412,0.9967692494392395,-0.46828269958496094,0,False
409,41.187173809390515,41.16,0.10000000000002274,160,1.7836681604116584,0.903937460555952,0.6838936933290218,1.420506866572469,0.23915477097034454,-0.005312196160206128,0.13721018759849546,-0.002812196160206128,0.0,-0.0025,True,True,207,5.0,10,0.012,0.5,0.414,0.8875081539154053,-0.3814294636249542,0,False
410,41.28717719996348,41.26000000000002,0.09999999999999432,159,1.7993728975839167,0.9158114177659888,0.6096306044652522,1.4299556673876899,0.24074555933475494,-0.002313397238884252,0.13489679035961122,-0.002313397238884252,0.0,-0.0,False,False,207,5.0,10,0.032,0.5,0.414,0.8927726149559021,-0.3779785931110382,0,False
411,41.386878652032465,41.360000000000014,0.09999999999999432,157,1.8159171185122323,0.9264906991805651,0.5421927779248297,1.4383192669327673,0.24215364456176758,-0.004547701975424005,0.1303490883841872,-0.0020477019754240045,0.0,-0.0025,True,True,208,5.0,10,0.012,0.5,0.416,0.9734131693840027,0.11793987452983856,0,False
412,41.48731252923608,41.46000000000001,0.09999999999999432,158,1.8336029368294102,0.9373672865314924,0.56602976269658,1.4469667128585113,0.24360951781272888,-0.002117197506776864,0.12823189087741035,-0.002117197506776864,0.0,-0.0,False,False,208,5.0,10,0.032,0.5,0.416,0.9729931950569153,0.13439346849918365,0,False
413,41.58697227202356,41.56,0.09999999999999432,156,1.851553557029463,0.9490682247681078,0.5974295714521592,1.4566520080700964,0.24524012207984924,-0.004871299346702971,0.12336059153070739,-0.0023712993467029713,0.0,-0.0025,True,True,209,5.0,10,0.012,0.5,0.418,0.9871010780334473,0.2660905420780182,0,False
414,41.68698396207765,41.66,0.10000000000002274,158,1.8690661124147958,0.9617313919339832,0.6520983899494872,1.4675838553319793,0.24708059430122375,-0.002676498929981197,0.12068409260072618,-0.002676498929981197,0.0,-0.0,False,False,209,5.0,10,0.032,0.5,0.418,0.9872099161148071,0.27587413787841797,0,False
415,41.787107872311026,41.76000000000002,0.09999999999999432,158,1.885853387676851,0.9752751318213139,0.6980345877569498,1.4796844557764934,0.24911783635616302,-0.005462650626742624,0.11522144197398355,-0.0029626506267426238,0.0,-0.0025,True,True,210,5.0,10,0.012,0.5,0.42,0.9997487664222717,-0.21851493418216705,0,False
416,41.88728433009237,41.860000000000014,0.09999999999999432,158,1.9030430113532375,0.9889883509450337,0.6486165774783823,1.4921417449999554,0.2512151300907135,-0.0030499805273824835,0.11217146144660108,-0.0030499805273824835,0.0,-0.0,False,False,210,5.0,10,0.032,0.5,0.42,0.9997309446334839,-0.21857774257659912,0,False
417,41.98709293222055,41.96000000000001,0.09999999999999432,158,1.9208619099561852,1.0019838811062218,0.6119278949111487,1.504067364373507,0.25322291254997253,-0.005419809134542918,0.10675165231205816,-0.0029198091345429182,0.0,-0.0025,True,True,211,5.0,10,0.012,0.5,0.422,0.9981160163879395,-0.08492720127105713,0,False
418,42.087350440211594,42.06,0.09999999999999432,159,1.9389008642055516,1.0145503933656157,0.5985268393406173,1.515782333798201,0.2551952302455902,-0.0028682346522792106,0.10388341765977895,-0.0028682346522792106,0.0,-0.0,False,False,211,5.0,10,0.032,0.5,0.422,0.9981073141098022,-0.08759906142950058,0,False
419,42.187483408953995,42.16,0.10000000000002274,160,1.9571588290313786,1.0268144905610201,0.5878841687124194,1.5274153444612808,0.2571537494659424,-0.005348168278087524,0.09853524938169142,-0.0028481682780875234,0.0,-0.0025,True,True,212,5.0,10,0.012,0.5,0.424,0.9992281794548035,0.025156352669000626,0,False
420,42.28715314203873,42.26000000000002,0.09999999999999432,158,1.9753793735919412,1.0390908386490159,0.594911213906412,1.5392876817889447,0.2591525614261627,-0.002906763824323239,0.09562848555736818,-0.002906763824323239,0.0,-0.0,False,False,212,5.0,10,0.032,0.5,0.424,0.9992585778236389,0.025677116587758064,0,False
421,42.388228414114565,42.360000000000014,0.10099999999999909,161,1.9935291907988444,1.051470055214664,0.6072774370868896,1.5514836057607362,0.26120585203170776,-0.005485989163464548,0.09014249639390363,-0.002985989163464547,0.0,-0.0025,True,True,213,5.0,10,0.012,0.5,0.426,0.9998579621315002,0.20184293389320374,0,False
422,42.4882416841574,42.46000000000001,0.09999999999999432,159,2.0112191083803097,1.06440475885485,0.6513407848843065,1.564444950218964,0.2633880078792572,-0.003173390895656278,0.08696910549824735,-0.003173390895656278,0.0,-0.0,False,False,213,5.0,10,0.032,0.5,0.426,0.9998708367347717,0.20763452351093292,0,False
423,42.58851277222857,42.56,0.09999999999999432,158,2.0283910261459264,1.0780455481846907,0.6857718946101354,1.578300937401163,0.26572078466415405,-0.005892430755623394,0.08107667474262395,-0.003392430755623394,0.0,-0.0025,True,True,214,5.0,10,0.012,0.5,0.428,0.9996896386146545,-0.1373632550239563,0,False
424,42.68839024333283,42.66,0.09999999999999432,152,2.0457403347823533,1.0916634761688107,0.651072384788325,1.592320488073063,0.26808109879493713,-0.003432476824204616,0.07764419791841934,-0.003432476824204616,0.0,-0.0,False,False,214,5.0,10,0.032,0.5,0.428,0.9996765851974487,-0.141092449426651,0,False
425,42.78841702314094,42.76000000000002,0.10000000000002274,159,2.0634307323381473,1.1047981599727505,0.628266967315978,1.6060513244032937,0.2703928053379059,-0.005861789445572564,0.07178240847284678,-0.003361789445572564,0.0,-0.0025,True,True,215,5.0,10,0.012,0.5,0.43,0.9994367957115173,0.005379893351346254,0,False
426,42.88838763395324,42.860000000000014,0.09999999999999432,160,2.0811427014805726,1.1178168318045736,0.6317456857058769,1.6198504892043304,0.2727160155773163,-0.0033785186473825235,0.06840388982546426,-0.0033785186473825235,0.0,-0.0,False,False,215,5.0,10,0.032,0.5,0.43,0.9994524717330933,-0.010833405889570713,0,False
427,42.988482743036,42.96000000000001,0.09999999999999432,159,2.0988735303170687,1.1308040442924925,0.6383779685888299,1.633798525103677,0.27506428956985474,-0.0059149675041755626,0.0624889223212887,-0.003414967504175563,0.0,-0.0025,True,True,216,5.0,10,0.012,0.5,0.432,0.9996575713157654,0.3339279890060425,0,False
428,43.088482313323766,43.06,0.09999999999999432,156,2.115916986072073,1.1444752249991603,0.711797067992792,1.648555527613342,0.27754876017570496,-0.0036130308520286422,0.058875891469260054,-0.0036130308520286422,0.0,-0.0,False,False,216,5.0,10,0.032,0.5,0.432,0.9997218251228333,0.3360117971897125,0,False
429,43.18842402426526,43.16,0.09999999999999432,158,2.132030231139239,1.1592608363718042,0.7743293484484913,1.6645054460938895,0.28023406863212585,-0.0064050984452850915,0.05247079302397496,-0.0039050984452850914,0.0,-0.0025,True,True,217,5.0,10,0.012,0.5,0.434,0.9994806051254272,0.23350407183170319,0,False
430,43.2885875729844,43.26000000000002,0.10000000000002274,162,2.147396829835025,1.1748709373261614,0.8177719070544303,1.6813441657452044,0.28306901454925537,-0.004122708088517057,0.048348084935457905,-0.004122708088517057,0.0,-0.0,False,False,217,5.0,10,0.032,0.5,0.434,0.9994985461235046,0.220524862408638,0,False
431,43.388612183276564,43.360000000000014,0.09999999999999432,161,2.1620601652100215,1.1911623701684038,0.8538698820964571,1.6989095392116957,0.2860262989997864,-0.006800618382376351,0.04154746655308156,-0.004300618382376351,0.0,-0.0025,True,True,218,5.0,10,0.012,0.5,0.436,0.9697845578193665,-0.46965232491493225,0,False
432,43.48888744134456,43.46000000000001,0.09999999999999432,161,2.1768447193342757,1.2072651659201918,0.7821959057586302,1.7163998575703587,0.288970947265625,-0.004282242264326053,0.037265224288755505,-0.004282242264326053,0.0,-0.0,False,False,218,5.0,10,0.032,0.5,0.436,0.9683585166931152,-0.4200524687767029,0,False
433,43.58884347137064,43.56,0.09999999999999432,159,2.192861403801688,1.2219300847467431,0.7043044915002997,1.7326969059246116,0.29171469807624817,-0.006490087991267506,0.030775136297488,-0.003990087991267506,0.0,-0.0025,True,True,219,5.0,10,0.012,0.5,0.438,0.9971370100975037,-0.283629834651947,0,False
434,43.6891287593171,43.66,0.09999999999999432,159,2.21003041604758,1.2357392969226888,0.6511152759344383,1.7484002400532612,0.294358491897583,-0.003844725963105781,0.026930410334382218,-0.003844725963105781,0.0,-0.0,False,False,219,5.0,10,0.032,0.5,0.438,0.9970543384552002,-0.23930761218070984,0,False
435,43.78874076297507,43.76000000000002,0.10000000000002274,160,2.2273726281472506,1.248312280436222,0.6031362930384652,1.7630354550294691,0.2968224585056305,-0.006083213000098064,0.020847197334284154,-0.0035832130000980644,0.0,-0.0025,True,True,220,5.0,10,0.012,0.5,0.44,0.9216965436935425,-0.180809885263443,0,False
436,43.88900753110647,43.860000000000014,0.09999999999999432,161,2.2443064516263895,1.2595538781460127,0.5685126251284804,1.776433322827094,0.299078106880188,-0.0032802670916750776,0.017566930242609077,-0.0032802670916750776,0.0,-0.0,False,False,220,5.0,10,0.032,0.5,0.44,0.9175211191177368,-0.18001732230186462,0,False
437,43.9890815699473,43.96000000000001,0.09999999999999432,159,2.261639581384171,1.2701688078869815,0.5243171850196332,1.789400154804998,0.30126118659973145,-0.005674734432589222,0.011892195810019855,-0.0031747344325892225,0.0,-0.0025,True,True,221,5.0,10,0.012,0.5,0.442,0.9463322162628174,-0.46782878041267395,0,False
438,44.08909542998299,44.06,0.09999999999999432,159,2.280329818223052,1.2797017669778201,0.42340868458542746,1.8016445813700557,0.3033226430416107,-0.0029978642963554764,0.008894331513664379,-0.0029978642963554764,0.0,-0.0,False,False,221,5.0,10,0.032,0.5,0.442,0.9431782364845276,-0.4996311068534851,0,False
439,44.18913085013628,44.16,0.09999999999999432,159,2.2988903765428197,1.287033510503067,0.32226755903966414,1.8118565014537846,0.3050419092178345,-0.005000235552362295,0.0038940959613020833,-0.0025002355523622956,0.0,-0.0025,True,True,222,5.0,10,0.012,0.5,0.444,0.7429173588752747,-0.6143820881843567,0,False
440,44.289145570248365,44.26000000000002,0.10000000000002274,159,2.3148661226264595,1.2913664051559037,0.20005326074733187,1.8188277756436197,0.3062155842781067,-0.001706811983621282,0.0021872839776808013,-0.001706811983621282,0.0,-0.0,False,False,222,5.0,10,0.032,0.5,0.444,0.7280521392822266,-0.6274921298027039,0,False
441,44.38942493824288,44.360000000000014,0.09999999999999432,158,2.3301745880439695,1.293589077003838,0.07725379469504016,1.8237261835299925,0.307040274143219,-0.003699301742186064,-0.0015120177645052625,-0.0011993017421860637,0.0,-0.0025,True,True,223,5.0,10,0.012,0.5,0.446,0.3760628402233124,-0.957991898059845,0,False
442,44.48945254832506,44.46000000000001,0.09999999999999432,159,2.3408412308886963,1.293719543414662,-0.08408966551803156,1.8258155123924835,0.30739203095436096,-0.0005115408522340512,-0.0020235586167393137,-0.0005115408522340512,0.0,-0.0,False,False,223,5.0,10,0.032,0.5,0.446,0.3433678448200226,-0.9777072072029114,0,False
443,44.58918340038508,44.56,0.09999999999999432,160,2.3489596039785483,1.2922309625519866,-0.27990570514291224,1.8258873811985643,0.30740413069725037,-0.0025175959998311507,-0.004541154616570464,-1.75959998311506e-05,0.0,-0.0025,True,True,224,5.0,10,0.012,0.5,0.448,0.37401261925697327,-0.9950163960456848,0,False
444,44.689459898043424,44.66,0.09999999999999432,159,2.3569155627471083,1.2890853651086076,-0.4785187413467272,1.8243397236331351,0.30714356899261475,0.0003789207549845555,-0.004162233861585909,0.0003789207549845555,0.0,-0.0,False,False,224,5.0,10,0.032,0.5,0.448,0.3643275499343872,-0.9971806406974792,0,False
445,44.78933274000883,44.76000000000002,0.10000000000002274,159,2.3648537663172133,1.2838563447532378,-0.6765859825867168,1.8207859350841753,0.3065452575683594,-0.0016299081462804756,-0.005792142007866385,0.0008700918537195245,0.0,-0.0025,True,True,225,5.0,10,0.012,0.5,0.45,0.48607203364372253,-0.9993845224380493,0,False
446,44.889352440368384,44.860000000000014,0.09999999999999432,159,2.372618803486338,1.2762932120926134,-0.8754662087039076,1.814955179903154,0.3055635988712311,0.001427573001079214,-0.00436456900678717,0.001427573001079214,0.0,-0.0,False,False,225,5.0,10,0.032,0.5,0.45,0.44587093591690063,-0.9992063045501709,0,False
447,44.989358090329915,44.96000000000001,0.09999999999999432,159,2.3785211005456808,1.267623998281407,-1.0656307126154327,1.8076982006566331,0.3043418228626251,-0.0007232374160647112,-0.005087806422851881,0.0017767625839352889,0.0,-0.0025,True,True,226,5.0,10,0.012,0.5,0.452,0.6263865828514099,-0.5071152448654175,0,False
448,45.089394039008766,45.06,0.09999999999999432,160,2.3841561720062088,1.2559454783716493,-1.1695550841326154,1.7974761906173706,0.30262085795402527,0.002502705926722832,-0.002585100496129049,0.002502705926722832,0.0,-0.0,False,False,226,5.0,10,0.032,0.5,0.452,0.6055964231491089,-0.4446322023868561,0,False
449,45.19042182108387,45.16,0.10099999999999909,161,2.3889123205978637,1.2431539334041803,-1.267208166565019,1.7860118769301405,0.30069074034690857,0.00030686535237550803,-0.002278235143753541,0.002806865352375508,0.0,-0.0025,True,True,227,5.0,10,0.012,0.5,0.454,0.781654417514801,-0.9270601868629456,0,False
450,45.29145847307518,45.26000000000002,0.10099999999999909,160,2.3924215429893345,1.2268408804471012,-1.4490656136585558,1.7708680927916913,0.29814115166664124,0.003707728535848954,0.001429493392095413,0.003707728535848954,0.0,-0.0,False,False,227,5.0,10,0.032,0.5,0.454,0.7799608707427979,-0.9244740009307861,0,False
451,45.3910061372444,45.360000000000014,0.10000000000002274,158,2.392941212386531,1.20840974150006,-1.6328871502112763,1.7530164832182231,0.2951356768608093,0.0018706990023935042,0.003300192394488917,0.004370699002393504,0.0,-0.0025,True,True,228,5.0,10,0.012,0.5,0.456,0.9097362756729126,-0.9443222284317017,0,False
452,45.492151958402246,45.46000000000001,0.10099999999999909,161,2.3898426365432845,1.188452415789563,-1.8206398564084645,1.7328730376045387,0.2917443513870239,0.004931820701442426,0.008232013095931343,0.004931820701442426,0.0,-0.0,False,False,228,5.0,10,0.032,0.5,0.456,0.895422637462616,-0.9241515398025513,0,False
453,45.5934529080987,45.56,0.10099999999999909,160,2.3830133519473113,1.1691823162619621,-1.9996244597749253,1.7125621341323507,0.28832483291625977,0.002472820247847045,0.010704833343778388,0.004972820247847045,0.0,-0.0025,True,True,229,5.0,10,0.012,0.5,0.458,0.9366095662117004,-0.8194704055786133,0,False
454,45.69352443702519,45.66,0.09999999999999432,159,2.3728969579498136,1.1509400018544962,-2.1604610893375162,1.6925291469792436,0.2849521040916443,0.004904776603179779,0.015609609946958168,0.004904776603179779,0.0,-0.0,False,False,229,5.0,10,0.032,0.5,0.458,0.9239955544471741,-0.8174718618392944,0,False
455,45.79418707219884,45.76000000000002,0.10099999999999909,157,2.359988786945254,1.1346239292656017,-2.3160451609088217,1.6737942237546841,0.2817979156970978,0.0020869651086925793,0.017696575055650747,0.004586965108692579,0.0,-0.0025,True,True,230,5.0,10,0.012,0.5,0.46,0.9814246296882629,-0.47670185565948486,0,False
456,45.89416965236887,45.860000000000014,0.09999999999999432,154,2.3446188913522663,1.1193696038858694,-2.405470625834955,1.655632834844661,0.2787402868270874,0.004446543829251873,0.02214311888490262,0.004446543829251873,0.0,-0.0,False,False,230,5.0,10,0.032,0.5,0.46,0.976006269454956,-0.47820568084716797,0,False
457,45.994530270341784,45.96000000000001,0.09999999999999432,157,2.327789952128736,1.1055624740307455,-2.499852463019681,1.6386815325316038,0.2758863866329193,0.0016502722655924499,0.02379339115049507,0.00415027226559245,0.0,-0.0025,True,True,231,5.0,10,0.012,0.5,0.462,0.9949684739112854,-0.4410303235054016,0,False
458,46.09500678628683,46.06,0.10099999999999909,155,2.309570146915067,1.0931506622223495,-2.5877420822663915,1.6229488136201722,0.2732376456260681,0.0038519203866820926,0.027645311537177163,0.0038519203866820926,0.0,-0.0,False,False,231,5.0,10,0.032,0.5,0.462,0.9934166073799133,-0.4370468258857727,0,False
459,46.196353315375745,46.16,0.10099999999999909,162,2.2904681269958354,1.0824266681339445,-2.6680544960650425,1.6088648288462688,0.2708664834499359,0.0009482525481911237,0.028593564085368287,0.0034482525481911237,0.0,-0.0025,True,True,232,5.0,10,0.012,0.5,0.464,0.9913442730903625,0.19410209357738495,0,False
460,46.297299028374255,46.28,0.10099999999999909,161,2.267439645737185,1.0703501897374685,-2.6336774756238155,1.5956726545281164,0.2686454653739929,0.0032299061266411137,0.0318234702120094,0.0032299061266411137,0.0,-0.0,False,False,232,5.0,10,0.032,0.5,0.464,0.9915372729301453,0.1936870515346527,0,False
461,46.39888151502237,46.380000000000024,0.10099999999999909,159,2.2488371097617317,1.05953127131679,-2.5827193409402147,1.5792585980930276,0.2658820152282715,0.0015187356658694436,0.033342205877878846,0.004018735665869444,0.0,-0.0025,True,True,233,5.0,10,0.016,0.5,0.466,0.9754729270935059,0.341942697763443,0,False
462,46.49973817821592,46.48000000000002,0.10099999999999909,161,2.2311425046281896,1.047601728115143,-2.5150803624624682,1.5647676517792726,0.26344233751296997,0.0035478909807325626,0.03689009685861141,0.0035478909807325626,0.0,-0.0,False,False,233,5.0,10,0.036,0.5,0.466,0.9775804877281189,0.3484979271888733,0,False
463,46.599410810973495,46.58000000000001,0.10000000000002274,159,2.21418091726961,1.034487897462473,-2.467121220647853,1.5493632989645894,0.26084887981414795,0.0012715248702121983,0.038161621728823605,0.0037715248702121984,0.0,-0.0025,True,True,234,5.0,10,0.016,0.5,0.468,0.9951328039169312,-0.005365252960473299,0,False
464,46.69987243739888,46.68000000000001,0.09999999999999432,160,2.196974758751692,1.0209362201352112,-2.4713900643979523,1.533638191773999,0.2582014203071594,0.003850056770936401,0.04201167849976001,0.003850056770936401,0.0,-0.0,False,False,234,5.0,10,0.036,0.5,0.468,0.9951558709144592,-0.0018107014475390315,0,False
465,46.800284744240344,46.78,0.10099999999999909,160,2.180049782549412,1.0075225248458737,-2.46213285206481,1.5182364942107722,0.2556084096431732,0.001270874771696196,0.043282553271456206,0.003770874771696196,0.0,-0.0025,True,True,235,5.0,10,0.016,0.5,0.47,0.9730324745178223,0.1111980602145195,0,False
466,46.90035749319941,46.880000000000024,0.09999999999999432,159,2.163599172584096,0.9938939097665552,-2.4406907123379624,1.502825237742303,0.2530137896537781,0.0037732151263535864,0.04705576839780979,0.0037732151263535864,0.0,-0.0,False,False,235,5.0,10,0.036,0.5,0.47,0.9726585149765015,0.11034127324819565,0,False
467,47.000363293103874,46.98000000000002,0.09999999999999432,159,2.1473435446039337,0.9799350523291549,-2.440828333781662,1.4872518339182428,0.2503918707370758,0.0013129144757263104,0.0483686828735361,0.0038129144757263105,0.0,-0.0025,True,True,236,5.0,10,0.016,0.5,0.472,0.9736143350601196,-0.19701288640499115,0,False
468,47.10102231800556,47.08000000000001,0.10099999999999909,160,2.1305773233801535,0.9664899073593923,-2.481262835144632,1.4722917931805615,0.2478732168674469,0.003662741718546713,0.05203142459208281,0.003662741718546713,0.0,-0.0,False,False,236,5.0,10,0.036,0.5,0.472,0.9728005528450012,-0.1805708408355713,0,False
469,47.20226797834039,47.18000000000001,0.10099999999999909,162,2.1133951076908075,0.953608883455783,-2.5020118231957515,1.4580251271064724,0.2454712986946106,0.0009929793260870724,0.053024403918169885,0.0034929793260870725,0.0,-0.0025,True,True,237,5.0,10,0.016,0.5,0.474,0.9782291650772095,0.10244692862033844,0,False
470,47.30210747011006,47.28,0.09999999999999432,159,2.096378779540286,0.9405105757683836,-2.478685463405376,1.4437311119423846,0.2430647760629654,0.003499675340801134,0.056524079258971016,0.003499675340801134,0.0,-0.0,False,False,237,5.0,10,0.036,0.5,0.474,0.9779700040817261,0.10236154496669769,0,False
471,47.402367908041924,47.380000000000024,0.10000000000002274,159,2.0793889555759417,0.9269411439742159,-2.4640515155889067,1.429147851386336,0.2406095564365387,0.0010704927391363864,0.0575945719981074,0.0035704927391363864,0.0,-0.0025,True,True,238,5.0,10,0.016,0.5,0.476,0.9972954988479614,0.025472553446888924,0,False
472,47.50338859995827,47.48000000000002,0.10099999999999909,161,2.062326956661346,0.9131617669747214,-2.4584245573048533,1.4145355600810334,0.23814944922924042,0.0035776004829104918,0.06117217248101789,0.0035776004829104918,0.0,-0.0,False,False,238,5.0,10,0.036,0.5,0.476,0.9973227381706238,0.025236627086997032,0,False
473,47.60399313503876,47.58000000000001,0.10099999999999909,158,2.0452512019261335,0.8993206196184965,-2.475186379126113,1.4000521369797376,0.23571103811264038,0.0010460490349374222,0.06221822151595531,0.003546049034937422,0.0,-0.0025,True,True,239,5.0,10,0.016,0.5,0.478,0.994104266166687,-0.34177151322364807,0,False
474,47.7040288252756,47.68000000000001,0.09999999999999432,159,2.0274203491638607,0.886442448011536,-2.5476979182987347,1.3867135697979676,0.23346537351608276,0.0032657482248193083,0.06548396974077463,0.0032657482248193083,0.0,-0.0,False,False,239,5.0,10,0.036,0.5,0.478,0.9938493371009827,-0.3215941786766052,0,False
475,47.8045506500639,47.78,0.09999999999999432,160,2.008839474536384,0.8746803920875891,-2.593630941015959,1.3747088239310217,0.23144426941871643,0.0004391820703176087,0.06592315181109223,0.0029391820703176088,0.0,-0.0025,True,True,240,5.0,10,0.016,0.5,0.48,0.9504263401031494,0.14084431529045105,0,False
476,47.905185556039214,47.880000000000024,0.10099999999999909,160,1.991187190859923,0.8634175289409551,-2.560153354394809,1.3634460438293161,0.22954808175563812,0.0027575228750164873,0.06868067468610872,0.0027575228750164873,0.0,-0.0,False,False,240,5.0,10,0.036,0.5,0.48,0.9502304196357727,0.14147603511810303,0,False
477,48.00512346625328,47.98000000000002,0.09999999999999432,159,1.9737982773395042,0.8516969079884426,-2.542939987614388,1.3519508407168124,0.22761276364326477,0.0003144281651108155,0.06899510285121954,0.0028144281651108155,0.0,-0.0025,True,True,241,5.0,10,0.016,0.5,0.482,0.9508131742477417,0.04060884565114975,0,False
478,48.106382246129215,48.08000000000001,0.10099999999999909,162,1.9565618803090186,0.8398740786385961,-2.534284706786746,1.3405780446964388,0.2256980538368225,0.0027844586235264853,0.07177956147474603,0.0027844586235264853,0.0,-0.0,False,False,241,5.0,10,0.036,0.5,0.482,0.9509288668632507,0.04011543095111847,0,False
479,48.206266487017274,48.18000000000001,0.10000000000002274,159,1.938892650927538,0.8275744858034009,-2.535002599682568,1.3289800833525807,0.2237454354763031,0.00033958697767727314,0.0721191484524233,0.002839586977677273,0.0,-0.0025,True,True,242,5.0,10,0.016,0.5,0.484,0.9906075596809387,-0.01940753310918808,0,False
480,48.30634916620329,48.28,0.09999999999999432,158,1.920949805126452,0.8151935287299447,-2.538623521348986,1.3175670160184552,0.22182394564151764,0.002794318451018025,0.07491346690344132,0.002794318451018025,0.0,-0.0,False,False,242,5.0,10,0.036,0.5,0.484,0.9907737970352173,-0.01832657679915428,0,False
481,48.40711337001994,48.380000000000024,0.10099999999999909,161,1.9029342504073823,0.802828493816034,-2.537935630446443,1.3064393882158694,0.21995051205158234,0.00022443286055572748,0.07513789976399704,0.0027244328605557275,0.0,-0.0025,True,True,243,5.0,10,0.016,0.5,0.486,0.9947680234909058,0.02255973406136036,0,False
482,48.508155351970345,48.48000000000002,0.10099999999999909,161,1.884950534401516,0.7903676678312384,-2.533851724650491,1.295486475959101,0.2181064933538437,0.002681656378207513,0.07781955614220455,0.002681656378207513,0.0,-0.0,False,False,243,5.0,10,0.036,0.5,0.486,0.9947023391723633,0.02270459569990635,0,False
483,48.60935066314414,48.58000000000001,0.10099999999999909,161,1.8668563097355664,0.7778142692776909,-2.5479840800010476,1.2847320880028732,0.21629589796066284,0.0001330506791665919,0.07795260682137115,0.002633050679166592,0.0,-0.0025,True,True,244,5.0,10,0.016,0.5,0.488,0.9995632171630859,-0.12442371249198914,0,False
484,48.71056438330561,48.68000000000001,0.10099999999999909,161,1.848443318729578,0.7657159227510821,-2.570903425062805,1.2747572818741817,0.2146165519952774,0.002442181754889824,0.08039478857626096,0.002442181754889824,0.0,-0.0,False,False,244,5.0,10,0.036,0.5,0.488,0.999566912651062,-0.1244870200753212,0,False
485,48.81111831916496,48.78,0.10099999999999909,160,1.8295201570714439,0.7540495199950993,-2.6225853099973166,1.2655842731768767,0.21307219564914703,-0.0002541263269702672,0.0801406622492907,0.002245873673029733,0.0,-0.0025,True,True,245,5.0,10,0.016,0.5,0.49,0.978676438331604,-0.9407028555870056,0,False
486,48.91252488736063,48.880000000000024,0.10099999999999909,162,1.8093749182495782,0.7445998336638306,-2.7982802139136527,1.2591134253781506,0.21198277175426483,0.0015842900833192301,0.08172495233260993,0.0015842900833192301,0.0,-0.0,False,False,245,5.0,10,0.036,0.5,0.49,0.9789981245994568,-0.9677239656448364,0,False
487,49.01251357700676,48.98000000000002,0.09999999999999432,158,1.7905289902738344,0.7396817949200578,-2.988376557009687,1.2572545723420565,0.21166981756687164,-0.002044887698948578,0.07968006463366135,0.00045511230105142216,0.0,-0.0025,True,True,246,5.0,10,0.016,0.5,0.492,0.32184314727783203,-0.9959648847579956,0,False
488,49.213469120208174,49.18000000000001,0.1980000000000075,319,1.7766182406804736,0.7393089571572435,2.9054032805967394,1.2592799981528353,0.21201081573963165,-0.00299589514795069,0.07668416948571066,-0.0004958951479506898,0.0,-0.0025,True,True,247,5.0,10,0.016,0.5,0.494,0.012510391883552074,-0.9983745813369751,0,False
489,49.313573519233614,49.28,0.09999999999999432,159,1.7759719433912697,0.7395069858053457,2.7067114538655583,1.2595896889810085,0.21206295490264893,-7.582315690787123e-05,0.0766083463288028,-7.582315690787123e-05,0.0,-0.0,False,False,247,5.0,10,0.036,0.5,0.494,0.020668335258960724,-0.9987579584121704,0,False
490,49.41376672824845,49.380000000000024,0.09999999999999432,155,1.7733938277044048,0.7411455275868828,2.5089128539592935,1.2616626437928533,0.21241195499897003,-0.0030075319113858786,0.07360081441741692,-0.0005075319113858785,0.0,-0.0025,True,True,248,5.0,10,0.016,0.5,0.496,0.9992803335189819,-0.19497226178646088,0,False
491,49.51393070630729,49.48000000000002,0.10000000000002274,158,1.7650545006577871,0.7486917973887895,2.3246794350059545,1.2706024329039232,0.21391704678535461,-0.0021887733533806045,0.07141204106403631,-0.0021887733533806045,0.0,-0.0,False,False,248,5.0,10,0.036,0.5,0.496,0.999298095703125,-0.34471771121025085,0,False
492,49.61395350610837,49.58000000000001,0.09999999999999432,158,1.754150223712549,0.7621950302187473,2.1890398963920257,1.2859153565601316,0.2164951115846634,-0.006249139811313672,0.06516290125272264,-0.0037491398113136724,0.0,-0.0025,True,True,249,5.0,10,0.016,0.5,0.498,0.9864566326141357,-0.4315585196018219,0,False
493,49.71362378913909,49.68000000000001,0.09999999999999432,158,1.7424713685262383,0.7803086286318942,2.1029560982788507,1.3059522380820412,0.2198684960603714,-0.004905730081003177,0.06025717117171947,-0.004905730081003177,0.0,-0.0,False,False,249,5.0,10,0.036,0.5,0.498,0.9897027015686035,-0.43185698986053467,0,False
494,49.814096624962986,49.78,0.09999999999999432,159,1.7325962298978563,0.7987843938350011,2.0289996792177285,1.3260262931243372,0.22324813902378082,-0.00741483146022612,0.05284233971149335,-0.00491483146022612,0.0,-0.0025,True,True,250,5.0,10,0.016,0.5,0.5,0.8885719180107117,-0.2727874517440796,0,False
495,49.91411067498848,49.880000000000024,0.09999999999999432,158,1.724326865718646,0.8166132047406588,1.9745128521629143,1.3451639294864182,0.22647012770175934,-0.004685563383608469,0.048156776327884884,-0.004685563383608469,0.0,-0.0,False,False,250,5.0,10,0.036,0.5,0.5,0.8904760479927063,-0.3155195415019989,0,False
496,50.013732398394495,49.98000000000002,0.10000000000002274,157,1.71704016712732,0.8353245137061438,1.8957538562557157,1.3649753801596975,0.22980555891990662,-0.007350536717000788,0.040806239610884094,-0.0048505367170007885,0.0,-0.0025,True,True,251,5.0,10,0.016,0.5,0.502,0.7696177363395691,-0.988326370716095,0,False
497,50.113925266079605,50.08000000000001,0.09999999999999432,159,1.7125868404021118,0.8534887403773185,1.7131144023669584,1.3836683504112492,0.23295268416404724,-0.0045766935521408866,0.036229546058743206,-0.0045766935521408866,0.0,-0.0,False,False,251,5.0,10,0.036,0.5,0.502,0.9973660707473755,-0.40563687682151794,0,False
498,50.11605440918356,50.08000000000001,0.0,1,1.7125868404021118,0.8534887403773185,1.7131144023669584,1.3836683504112492,0.23295268416404724,-1.5,-1.4637704539412568,0.0,-1.5,-0.0,False,False,251,5.0,10,0.036,0.5,0.502,0.9973660707473755,-0.40563687682151794,4,True
