ppo_step,t_wall_s,t_sim_s,ppo_step_sim_dt,inner_ticks,x,y,yaw,goal_distance_m,goal_distance_norm,ppo_reward,ppo_reward_cumulative,navigation_reward,terminal_reward,frame_cost_reward,fresh_observation,frame_consumed,episode_frame_count,current_fps,scan_divisor_k,obs_age_ratio,fps_ratio,frame_count_ratio,action_linear,action_angular,outcome,done
1,0.09339075069874525,0.0800000000000125,0.09999999999999432,87,2.102728737078886,1.8528833691817963,2.011808083398108,3.8542525553394906,0.6488971710205078,-0.0037518918273520075,-0.0037518918273520075,-0.0037518918273520075,0.0,-0.0,False,False,1,10.0,5,0.016,1.0,0.002,0.9997081160545349,-0.11910843104124069,0,False
2,0.3011917700059712,0.2600000000000193,0.18300000000002115,331,2.0866788508751206,1.8892753303352072,1.949729985528507,3.890241125509585,0.6549561619758606,-0.011872399673796623,-0.015624291501148631,-0.009372399673796623,0.0,-0.0025,True,True,2,1.0,50,0.032,0.1,0.004,0.9997481107711792,-0.22023913264274597,0,False
3,0.40164048597216606,0.36000000000001364,0.09999999999999432,159,2.0789776259446424,1.9100096839941878,1.9033217608131048,3.910807287155094,0.6584186553955078,-0.005355986241926106,-0.02098027774307474,-0.005355986241926106,0.0,-0.0,False,False,2,1.0,50,0.052,0.1,0.004,0.9997687935829163,-0.22039666771888733,0,False
4,0.5018375739455223,0.46000000000000796,0.09999999999999432,155,2.072196129136119,1.9310483963362297,1.8589825383252117,3.9317111967858303,0.6619380116462708,-0.005443944976924658,-0.026424222719999398,-0.005443944976924658,0.0,-0.0,False,False,2,1.0,50,0.072,0.1,0.004,0.999785304069519,-0.22442802786827087,0,False
5,0.6016968549229205,0.5600000000000023,0.09999999999999432,155,2.0663631080784572,1.95236007800619,1.8144037257003232,3.9529170970155167,0.6655082106590271,-0.005522591518804877,-0.03194681423880427,-0.005522591518804877,0.0,-0.0,False,False,2,1.0,50,0.092,0.1,0.004,0.9998098611831665,-0.2271031141281128,0,False
6,0.701816972810775,0.660000000000025,0.09999999999999432,155,2.061500874103088,1.9739050437061247,1.7690693516477436,3.9743810876867447,0.6691218614578247,-0.005589805269133954,-0.037536619507938226,-0.005589805269133954,0.0,-0.0,False,False,2,1.0,50,0.112,0.1,0.004,0.9998364448547363,-0.23082329332828522,0,False
7,0.8019152316264808,0.7600000000000193,0.10000000000002274,158,2.0576328438340714,1.9956420430605812,1.7227735410151868,3.9960574984744675,0.6727712750434875,-0.005645125228252478,-0.04318174473619071,-0.005645125228252478,0.0,-0.0,False,False,2,1.0,50,0.132,0.1,0.004,0.9998614192008972,-0.23247168958187103,0,False
8,0.9018842619843781,0.8600000000000136,0.09999999999999432,158,2.0547818715924913,2.017526008553699,1.6762722966085224,4.017899596953056,0.6764485836029053,-0.005688274796364824,-0.04887001953255553,-0.005688274796364824,0.0,-0.0,False,False,2,1.0,50,0.152,0.1,0.004,0.9998766779899597,-0.23939159512519836,0,False
9,1.002110738772899,0.960000000000008,0.09999999999999432,158,2.052970009240889,2.039513121778492,1.6280053451194998,4.039860296663354,0.6801458597183228,-0.005719161773539505,-0.05458918130609503,-0.005719161773539505,0.0,-0.0,False,False,2,1.0,50,0.172,0.1,0.004,0.9998849034309387,-0.2497865855693817,0,False
10,1.1017444119788706,1.0600000000000023,0.09999999999999432,153,2.0522476120528808,2.0615562271322574,1.5777243650724966,4.061892157112679,0.6838551163673401,-0.005737693959844221,-0.06032687526593925,-0.005737693959844221,0.0,-0.0,False,False,2,1.0,50,0.192,0.1,0.004,0.9998911619186401,-0.26035386323928833,0,False
11,1.2021622275933623,1.160000000000025,0.09999999999999432,158,2.0526729329528175,2.083544884698422,1.5211457200380514,4.0838847198404515,0.6875577569007874,-0.008227459767407295,-0.06855433503334654,-0.0057274597674072955,0.0,-0.0025,True,True,3,1.0,50,0.012,0.1,0.006,0.9905577301979065,-0.38054463267326355,0,False
12,1.3018210199661553,1.2600000000000193,0.10000000000002274,157,2.0546607477446432,2.1053544962689976,1.442738219047175,4.10571832151438,0.6912336349487305,-0.005686061998000065,-0.0742403970313466,-0.005686061998000065,0.0,-0.0,False,False,3,1.0,50,0.032,0.1,0.006,0.9913628101348877,-0.37525075674057007,0,False
13,1.4021694366820157,1.3600000000000136,0.09999999999999432,155,2.058287505613415,2.12697477508848,1.3670881387351206,4.127386235497443,0.6948816180229187,-0.005642912429887834,-0.07988330946123444,-0.005642912429887834,0.0,-0.0,False,False,3,1.0,50,0.052,0.1,0.006,0.9925830960273743,-0.369497686624527,0,False
14,1.5023829946294427,1.460000000000008,0.09999999999999432,158,2.0635197271735017,2.1482879981871017,1.293665923277992,4.14877410896026,0.6984824538230896,-0.005569982283782955,-0.0854532917450174,-0.005569982283782955,0.0,-0.0,False,False,3,1.0,50,0.072,0.1,0.006,0.9939942955970764,-0.3633318841457367,0,False
15,1.6018732176162302,1.5600000000000023,0.09999999999999432,152,2.0702990390586913,2.169199579589044,1.2214657613467688,4.1697923714203755,0.702021062374115,-0.005473725554916728,-0.09092701729993412,-0.005473725554916728,0.0,-0.0,False,False,3,1.0,50,0.092,0.1,0.006,0.9953610301017761,-0.35627317428588867,0,False
16,1.7022474147379398,1.660000000000025,0.09999999999999432,158,2.0785769674903087,2.1895944008922514,1.1506182873097939,4.1903312724842685,0.7054789662361145,-0.005348886847172762,-0.09627590414710688,-0.005348886847172762,0.0,-0.0,False,False,3,1.0,50,0.112,0.1,0.006,0.9964014291763306,-0.3507973253726959,0,False
17,1.8024378130212426,1.7600000000000193,0.10000000000002274,159,2.088282476173302,2.2093855421192434,1.0805380557089277,4.2103111546082514,0.7088427543640137,-0.00520330315475886,-0.10147920730186574,-0.00520330315475886,0.0,-0.0,False,False,3,1.0,50,0.132,0.1,0.006,0.9971663355827332,-0.34844645857810974,0,False
18,1.9019939959980547,1.8600000000000136,0.09999999999999432,158,2.0993568431873313,2.2284661561087953,1.011061740429455,4.2296332424381555,0.7120957970619202,-0.005031995681355177,-0.10651120298322092,-0.005031995681355177,0.0,-0.0,False,False,3,1.0,50,0.152,0.1,0.006,0.9979389905929565,-0.3438383936882019,0,False
19,2.002336862962693,1.960000000000008,0.09999999999999432,160,2.111733559148523,2.2467585858937964,0.9425361695951198,4.248228145402592,0.715226411819458,-0.0048426170213060745,-0.111353820004527,-0.0048426170213060745,0.0,-0.0,False,False,3,1.0,50,0.172,0.1,0.006,0.9985114336013794,-0.3381454050540924,0,False
20,2.1023652516305447,2.0600000000000023,0.09999999999999432,156,2.1253334889802225,2.2641821498438426,0.8752088831816613,4.266023640661953,0.718222439289093,-0.004634429575156632,-0.11598824957968362,-0.004634429575156632,0.0,-0.0,False,False,3,1.0,50,0.192,0.1,0.006,0.9989274740219116,-0.3307930827140808,0,False
21,2.2020571138709784,2.160000000000025,0.09999999999999432,158,2.1398192389627764,2.280377225939947,0.8031344092845195,4.282660384185834,0.7210233807563782,-0.006832659198164788,-0.1228209087778484,-0.0043326591981647875,0.0,-0.0025,True,True,4,1.0,50,0.012,0.1,0.008,0.6203193664550781,-0.9351837635040283,0,False
22,2.3025137498043478,2.2600000000000193,0.10000000000002274,159,2.153072350785832,2.292454803794225,0.6630068415655933,4.295183258120264,0.7231317162513733,-0.0032612959899021923,-0.1260822047677506,-0.0032612959899021923,0.0,-0.0,False,False,4,1.0,50,0.032,0.1,0.008,0.6413227915763855,-0.9547427892684937,0,False
23,2.40255432901904,2.3600000000000136,0.09999999999999432,159,2.165561926231674,2.300417113163289,0.46972031905689127,4.303602883471067,0.7245492339134216,-0.002192698779595604,-0.1282749035473462,-0.002192698779595604,0.0,-0.0,False,False,4,1.0,50,0.052,0.1,0.008,0.6617220044136047,-0.9810801148414612,0,False
24,2.5022920495830476,2.460000000000008,0.09999999999999432,158,2.1789400987266396,2.3057201760708077,0.268585321336992,4.3094370019706,0.7255314588546753,-0.0015193626771910804,-0.12979426622453727,-0.0015193626771910804,0.0,-0.0,False,False,4,1.0,50,0.072,0.1,0.008,0.6696404814720154,-0.9874411821365356,0,False
25,2.602659157011658,2.5600000000000023,0.09999999999999432,159,2.193109592994832,2.308114632288686,0.059622268373779916,4.312440622417838,0.7260371446609497,-0.0007822242219363392,-0.1305764904464736,-0.0007822242219363392,0.0,-0.0,False,False,4,1.0,50,0.092,0.1,0.008,0.6815860271453857,-0.9922459125518799,0,False
26,2.7023507887497544,2.660000000000025,0.09999999999999432,157,2.2086222416900068,2.307500553496973,-0.13910296899340402,4.312549664744305,0.7260555028915405,-2.83975790140661e-05,-0.13060488802548767,-2.83975790140661e-05,0.0,-0.0,False,False,4,1.0,50,0.112,0.1,0.008,0.7169379591941833,-0.9958385229110718,0,False
27,2.8026350159198046,2.7600000000000193,0.10000000000002274,158,2.224546304522865,2.303662326253637,-0.3365962912451857,4.3095163054807575,0.725544810295105,0.0007899690162128817,-0.12981491900927478,0.0007899690162128817,0.0,-0.0,False,False,4,1.0,50,0.132,0.1,0.008,0.7371349334716797,-0.9976150393486023,0,False
28,2.9024886656552553,2.8600000000000136,0.09999999999999432,157,2.2398607886881745,2.296572983739176,-0.5337372283104864,4.303263011284675,0.7244920134544373,0.0016285273965182883,-0.1281863916127565,0.0016285273965182883,0.0,-0.0,False,False,4,1.0,50,0.152,0.1,0.008,0.7489143013954163,-0.9980957508087158,0,False
29,3.002444125711918,2.960000000000008,0.09999999999999432,157,2.253619858661304,2.2865379580451015,-0.7306805459205556,4.294034419323554,0.7229382991790771,0.002403375623905429,-0.12578301598885105,0.002403375623905429,0.0,-0.0,False,False,4,1.0,50,0.172,0.1,0.008,0.7385204434394836,-0.9961811304092407,0,False
30,3.102668753825128,3.0600000000000023,0.09999999999999432,158,2.2648980166106023,2.2742726671290616,-0.9273747125642744,4.282473454483319,0.7209919095039368,0.003010788775026928,-0.12277222721382412,0.003010788775026928,0.0,-0.0,False,False,4,1.0,50,0.192,0.1,0.008,0.7041080594062805,-0.9930853247642517,0,False
31,3.202959500718862,3.160000000000025,0.09999999999999432,156,2.273135634699891,2.2607152520849487,-1.1216593549619873,4.269460952180368,0.7188011407852173,0.0008888084956706751,-0.12188341871815345,0.003388808495670675,0.0,-0.0025,True,True,5,1.0,50,0.012,0.1,0.01,0.9832252860069275,-0.5518736839294434,0,False
32,3.302782581653446,3.2600000000000193,0.10000000000002274,157,2.2794189594046523,2.244112438156401,-1.2807583103107294,4.253300383750964,0.716080367565155,0.004208650289807232,-0.11767476842834622,0.004208650289807232,0.0,-0.0,False,False,5,1.0,50,0.032,0.1,0.01,0.9733923077583313,-0.47876179218292236,0,False
33,3.4031521477736533,3.3600000000000136,0.09999999999999432,152,2.28423741659539,2.2238648068292663,-1.3844318793101396,4.233417506813512,0.7127329111099243,0.005178040373428376,-0.11249672805491784,0.005178040373428376,0.0,-0.0,False,False,5,1.0,50,0.052,0.1,0.01,0.9638762474060059,-0.4748654067516327,0,False
34,3.5028154496103525,3.460000000000008,0.09999999999999432,157,2.2871693343920536,2.2027318847359787,-1.479536670362383,4.212531652892679,0.7092165946960449,0.0054392427803994,-0.10705748527451844,0.0054392427803994,0.0,-0.0,False,False,5,1.0,50,0.072,0.1,0.01,0.9510872960090637,-0.4805542528629303,0,False
35,3.6032302556559443,3.5600000000000023,0.09999999999999432,156,2.2880683139551308,2.181717685056339,-1.5761601565781302,4.19162809729547,0.7056972980499268,0.005443852776992822,-0.10161363249752563,0.005443852776992822,0.0,-0.0,False,False,5,1.0,50,0.092,0.1,0.01,0.9341420531272888,-0.49905240535736084,0,False
36,3.7033554846420884,3.660000000000025,0.09999999999999432,159,2.286915915178777,2.1610771700727898,-1.6761557945670629,4.170957141725823,0.702217161655426,0.005383277421758139,-0.09623035507576749,0.005383277421758139,0.0,-0.0,False,False,5,1.0,50,0.112,0.1,0.01,0.918146014213562,-0.507365345954895,0,False
37,3.803187084849924,3.7600000000000193,0.10000000000002274,155,2.283747513486713,2.1409837702626335,-1.7780036743170282,4.150693678746319,0.6988056302070618,0.005277155300182099,-0.0909531997755854,0.005277155300182099,0.0,-0.0,False,False,5,1.0,50,0.132,0.1,0.01,0.9081053733825684,-0.515386700630188,0,False
38,3.9034292828291655,3.8600000000000136,0.09999999999999432,159,2.278595788118554,2.121513415693939,-1.88100584992005,4.130918428001226,0.6954762935638428,0.005150011594141423,-0.08580318818144397,0.005150011594141423,0.0,-0.0,False,False,5,1.0,50,0.152,0.1,0.01,0.898956298828125,-0.5098454356193542,0,False
39,4.002943665720522,3.960000000000008,0.09999999999999432,150,2.2715618272101716,2.102860650210807,-1.982595894327288,4.111837791037071,0.6922639012336731,0.0049691153278237825,-0.0808340728536202,0.0049691153278237825,0.0,-0.0,False,False,5,1.0,50,0.172,0.1,0.01,0.8894530534744263,-0.4948752522468567,0,False
40,4.103285322897136,4.060000000000002,0.09999999999999432,158,2.2628019844234033,2.0851933205285107,-2.080741708043676,4.093637635455787,0.6891997456550598,0.004739814097277521,-0.07609425875634268,0.004739814097277521,0.0,-0.0,False,False,5,1.0,50,0.192,0.1,0.01,0.8797066807746887,-0.4874672293663025,0,False
41,4.203430270776153,4.160000000000025,0.09999999999999432,159,2.252024473548199,2.067903186167328,-2.169786063535977,4.075702650986595,0.6861802339553833,0.002170756348310913,-0.07392350240803176,0.004670756348310913,0.0,-0.0025,True,True,6,1.0,50,0.012,0.1,0.012,0.864593505859375,0.43869656324386597,0,False
42,4.303293190896511,4.260000000000019,0.10000000000002274,157,2.2401526925337167,2.0502873296489263,-2.1394097758350594,4.057400887782921,0.6830989718437195,0.004766275477722451,-0.06915722693030932,0.004766275477722451,0.0,-0.0,False,False,6,1.0,50,0.032,0.1,0.012,0.8641862273216248,0.4301355183124542,0,False
43,4.403401209972799,4.360000000000014,0.09999999999999432,158,2.230637194874058,2.033882614049783,-2.0526925575249555,4.04047065046475,0.6802486181259155,0.004409092941680362,-0.06474813398862896,0.004409092941680362,0.0,-0.0,False,False,6,1.0,50,0.052,0.1,0.012,0.8653139472007751,0.39513665437698364,0,False
44,4.503518607933074,4.460000000000008,0.09999999999999432,159,2.2225253089364116,2.016831913462694,-1.975136193803487,4.022990953111911,0.6773057579994202,0.004552187235933651,-0.0601959467526953,0.004552187235933651,0.0,-0.0,False,False,6,1.0,50,0.072,0.1,0.012,0.8654472827911377,0.36816999316215515,0,False
45,4.603658596985042,4.560000000000002,0.09999999999999432,159,2.215721034917574,1.9992211301704985,-1.9029819794090161,4.005035080664597,0.6742827296257019,0.0046761961442909755,-0.05551975060840433,0.0046761961442909755,0.0,-0.0,False,False,6,1.0,50,0.092,0.1,0.012,0.8638683557510376,0.3424603044986725,0,False
46,4.703639455605298,4.660000000000025,0.09999999999999432,155,2.210157454921543,1.9811736835367708,-1.8353714331197792,3.9867166778851315,0.6711986660957336,0.004770608874520019,-0.050749141733884305,0.004770608874520019,0.0,-0.0,False,False,6,1.0,50,0.112,0.1,0.012,0.8613582849502563,0.3141549825668335,0,False
47,4.803695034701377,4.760000000000019,0.10000000000002274,159,2.2058151380533024,1.9628874297745198,-1.7740375283269096,3.9682283390124695,0.6680859923362732,0.0048148648418149765,-0.04593427689206933,0.0048148648418149765,0.0,-0.0,False,False,6,1.0,50,0.132,0.1,0.012,0.8573266267776489,0.2657657563686371,0,False
48,4.903297046665102,4.860000000000014,0.09999999999999432,158,2.202518999458296,1.944452762585888,-1.7222622954903593,3.9496483054561877,0.6649578809738159,0.004838744624167688,-0.04109553226790164,0.004838744624167688,0.0,-0.0,False,False,6,1.0,50,0.152,0.1,0.012,0.8530293703079224,0.2308696061372757,0,False
49,5.004993602633476,4.980000000000018,0.10099999999999909,158,2.199744843141636,1.9222584474754536,-1.6687990725016673,3.9273413609560026,0.6612023115158081,0.005809333306902701,-0.03528619896099894,0.005809333306902701,0.0,-0.0,False,False,6,1.0,50,0.176,0.1,0.012,0.849781334400177,0.2039528489112854,0,False
50,5.104550345800817,5.0800000000000125,0.09999999999999432,159,2.1982893557195884,1.9037157579713055,-1.629970940306449,3.9124669963319745,0.6586980819702148,0.003873687937344573,-0.03141251102365437,0.003873687937344573,0.0,-0.0,False,False,6,1.0,50,0.192,0.1,0.012,0.8484702706336975,0.1796376258134842,0,False
51,5.204670653678477,5.180000000000007,0.09999999999999432,158,2.1975476916966783,1.884936217990687,-1.5877590030140305,3.8937478275993884,0.6555465459823608,0.0023749791973903633,-0.029037531826264004,0.004874979197390363,0.0,-0.0025,True,True,7,1.0,50,0.012,0.1,0.014,0.9371074438095093,-0.5715758800506592,0,False
52,5.304871451575309,5.280000000000001,0.09999999999999432,155,2.196800106510163,1.8656819510195672,-1.6522846263950106,3.874676395506948,0.6523357033729553,0.004966718129595351,-0.024070813696668653,0.004966718129595351,0.0,-0.0,False,False,7,1.0,50,0.032,0.1,0.014,0.9358514547348022,-0.5728229880332947,0,False
53,5.405240947846323,5.380000000000024,0.10000000000002274,158,2.193899695591228,1.8451336202528135,-1.768695203635324,3.8500193764512747,0.6481844782829285,0.006421356454617506,-0.017649457242051147,0.006421356454617506,0.0,-0.0,False,False,7,1.0,50,0.056,0.1,0.014,0.9322885274887085,-0.576174259185791,0,False
54,5.505422415677458,5.480000000000018,0.09999999999999432,158,2.1886650743411153,1.8250809097080738,-1.883476875721678,3.8297307770913185,0.6447687149047852,0.005283701495344658,-0.01236575574670649,0.005283701495344658,0.0,-0.0,False,False,7,1.0,50,0.076,0.1,0.014,0.9335311651229858,-0.5651779770851135,0,False
55,5.605034147854894,5.5800000000000125,0.09999999999999432,158,2.1811904591486333,1.8057193816975547,-1.993750381880193,3.8139122050494705,0.6421055197715759,0.004119585155626531,-0.008246170591079958,0.004119585155626531,0.0,-0.0,False,False,7,1.0,50,0.092,0.1,0.014,0.9350157380104065,-0.5292695760726929,0,False
56,5.705501273740083,5.680000000000007,0.09999999999999432,158,2.1716948981410007,1.7872615904735463,-2.0967414464109546,3.791151389567041,0.6382735371589661,0.005927533619552735,-0.002318636971527223,0.005927533619552735,0.0,-0.0,False,False,7,1.0,50,0.116,0.1,0.014,0.9341599941253662,-0.4951401352882385,0,False
57,5.805499462876469,5.780000000000001,0.09999999999999432,158,2.1604281699541885,1.7698684517877326,-2.1936494662996675,3.7732804851663246,0.6352648138999939,0.004654068160643613,0.00233543118911639,0.004654068160643613,0.0,-0.0,False,False,7,1.0,50,0.136,0.1,0.014,0.9327417016029358,-0.4730212390422821,0,False
58,5.905104415956885,5.880000000000024,0.10000000000002274,158,2.1475871834992857,1.7536461646842265,-2.2867412560780855,3.759796764238283,0.6329947113990784,0.003511526604981833,0.005846957794098223,0.003511526604981833,0.0,-0.0,False,False,7,1.0,50,0.152,0.1,0.014,0.9316020011901855,-0.44831836223602295,0,False
59,6.00511856470257,5.980000000000018,0.09999999999999432,158,2.1333537483422798,1.738660221265441,-2.37339052457014,3.7440405020972736,0.6303420066833496,0.00410335796761841,0.009950315761716632,0.00410335796761841,0.0,-0.0,False,False,7,1.0,50,0.172,0.1,0.014,0.931846022605896,-0.4086712896823883,0,False
60,6.105176722630858,6.0800000000000125,0.09999999999999432,158,2.1179373443664,1.7249000492051936,-2.452158645948405,3.729521941168374,0.6278976798057556,0.003781027005821109,0.01373134276753774,0.003781027005821109,0.0,-0.0,False,False,7,1.0,50,0.192,0.1,0.014,0.932244598865509,-0.36956846714019775,0,False
61,6.205271371640265,6.180000000000007,0.09999999999999432,158,2.1016634029459844,1.712446683553046,-2.5271210325233024,3.71624037338453,0.6256616115570068,0.0009588804438873644,0.014690223211425105,0.0034588804438873645,0.0,-0.0025,True,True,8,1.0,50,0.012,0.1,0.016,0.9479420185089111,0.44738370180130005,0,False
62,6.305661418009549,6.280000000000001,0.09999999999999432,159,2.084893735107462,1.7004641968539373,-2.4908058626472767,3.701437877566583,0.623169481754303,0.003854971351176069,0.018545194562601175,0.003854971351176069,0.0,-0.0,False,False,8,1.0,50,0.036,0.1,0.016,0.94832843542099,0.4475891590118408,0,False
63,6.405292589683086,6.380000000000024,0.10000000000002274,158,2.0691217887455156,1.6872703262879092,-2.400031300120558,3.69070499714715,0.6213625073432922,0.0027951331343966826,0.021340327696997858,0.0027951331343966826,0.0,-0.0,False,False,8,1.0,50,0.052,0.1,0.016,0.9310086369514465,0.439918577671051,0,False
64,6.505705245770514,6.480000000000018,0.09999999999999432,159,2.0548428560469207,1.6730229947003636,-2.3119335127423883,3.6734324094078943,0.6184545159339905,0.004498250275793015,0.025838577972790874,0.004498250275793015,0.0,-0.0,False,False,8,1.0,50,0.076,0.1,0.016,0.9154830574989319,0.43295714259147644,0,False
65,6.605289148632437,6.5800000000000125,0.09999999999999432,156,2.042070963136439,1.6578549928986206,-2.22604942930914,3.661223209178822,0.6163989901542664,0.0031796068502705738,0.029018184823061448,0.0031796068502705738,0.0,-0.0,False,False,8,1.0,50,0.092,0.1,0.016,0.8998348712921143,0.42574962973594666,0,False
66,6.705920272972435,6.680000000000007,0.09999999999999432,153,2.0307658882622284,1.641826297873192,-2.141264500044415,3.6419563505792065,0.6131552457809448,0.005017612491984356,0.0340357973150458,0.005017612491984356,0.0,-0.0,False,False,8,1.0,50,0.116,0.1,0.016,0.899559497833252,0.42401090264320374,0,False
67,6.805916221812367,6.780000000000001,0.09999999999999432,156,2.020864651064477,1.624904122977894,-2.057390191037067,3.624964157393724,0.6102944612503052,0.004425227929756531,0.038461025244802334,0.004425227929756531,0.0,-0.0,False,False,8,1.0,50,0.136,0.1,0.016,0.9000768661499023,0.4087976813316345,0,False
68,6.905468774959445,6.880000000000024,0.10000000000002274,156,2.0123834456415466,1.6072090584908623,-1.9769726049619465,3.610830430909208,0.607914924621582,0.003680805679884659,0.04214183092468699,0.003680805679884659,0.0,-0.0,False,False,8,1.0,50,0.152,0.1,0.016,0.9007126092910767,0.3922373056411743,0,False
69,7.005471043754369,6.980000000000018,0.09999999999999432,156,2.0053188504175514,1.5888763412250275,-1.8998663562861173,3.5925938098745926,0.6048446297645569,0.004749310690259412,0.046891141614946404,0.004749310690259412,0.0,-0.0,False,False,8,1.0,50,0.172,0.1,0.016,0.9015995860099792,0.3733960688114166,0,False
70,7.105620011687279,7.0800000000000125,0.09999999999999432,156,1.999642574247375,1.5700257064696748,-1.8269052019730694,3.573831449051653,0.6016858220100403,0.004886227589077717,0.05177736920402412,0.004886227589077717,0.0,-0.0,False,False,8,1.0,50,0.192,0.1,0.016,0.9030452370643616,0.3508751392364502,0,False
71,7.207435046788305,7.180000000000007,0.10099999999999909,160,1.995173637413753,1.550344332710795,-1.7710444019369413,3.550347697106086,0.5977321267127991,0.003615805880419458,0.05539317508444358,0.006115805880419458,0.0,-0.0025,True,True,9,1.0,50,0.016,0.1,0.018,0.9464722871780396,-0.7043417096138,0,False
72,7.3065908518619835,7.280000000000001,0.09999999999999432,158,1.9905766672809833,1.5301713693266008,-1.8365837538763237,3.5301840715813344,0.5943374037742615,0.005251154919396581,0.06064433000384016,0.005251154919396581,0.0,-0.0,False,False,9,1.0,50,0.036,0.1,0.018,0.937360405921936,-0.6954765319824219,0,False
73,7.406631340738386,7.380000000000024,0.09999999999999432,158,1.9836521056598244,1.510557629710392,-1.9800551962521968,3.510595750538757,0.5910395383834839,0.005101330030117062,0.06574566003395722,0.005101330030117062,0.0,-0.0,False,False,9,1.0,50,0.056,0.1,0.018,0.9290714859962463,-0.6820797920227051,0,False
74,7.507375683635473,7.480000000000018,0.10000000000002274,159,1.9741847045625232,1.4922166504202856,-2.1159411167531395,3.4923120430449854,0.5879613161087036,0.004761573281197309,0.07050723331515453,0.004761573281197309,0.0,-0.0,False,False,9,1.0,50,0.076,0.1,0.018,0.921424388885498,-0.6630460023880005,0,False
75,7.607435152865946,7.5800000000000125,0.09999999999999432,159,1.9624551666405152,1.4754615264062747,-2.246759475008188,3.4756643244817518,0.5851585268974304,0.004335517396052747,0.07484275071120727,0.004335517396052747,0.0,-0.0,False,False,9,1.0,50,0.096,0.1,0.018,0.9109188318252563,-0.637813150882721,0,False
76,7.7068114769645035,7.680000000000007,0.09999999999999432,157,1.9488346618216728,1.460543711929929,-2.3731128552771157,3.460922014363478,0.5826765298843384,0.0038392973627591966,0.07868204807396648,0.0038392973627591966,0.0,-0.0,False,False,9,1.0,50,0.116,0.1,0.018,0.9004101753234863,-0.6103515625,0,False
77,7.8071477939374745,7.780000000000001,0.09999999999999432,159,1.9336419612931321,1.4475584609136987,-2.4943524013619447,3.4481969872848506,0.5805341601371765,0.003313942150996776,0.08199599022496325,0.003313942150996776,0.0,-0.0,False,False,9,1.0,50,0.136,0.1,0.018,0.8958357572555542,-0.5836236476898193,0,False
78,7.907770647667348,7.880000000000024,0.09999999999999432,159,1.9170907802069883,1.4364980785737818,-2.610196911626111,3.437498094084057,0.5787329077720642,0.002786281940937645,0.0847822721659009,0.002786281940937645,0.0,-0.0,False,False,9,1.0,50,0.156,0.1,0.018,0.8957670331001282,-0.559228777885437,0,False
79,8.007981944829226,7.980000000000018,0.10000000000002274,157,1.8993741835389233,1.4273638981018746,-2.7210543595853838,3.4288409122363075,0.5772753953933716,0.0022545649338764546,0.08703683709977734,0.0022545649338764546,0.0,-0.0,False,False,9,1.0,50,0.176,0.1,0.018,0.9005487561225891,-0.5300998091697693,0,False
80,8.107060141861439,8.080000000000013,0.09999999999999432,158,1.880690392954747,1.4201519076754847,-2.82580726709471,3.422232168378623,0.5761627554893494,0.0017210961281100318,0.08875793322788737,0.0017210961281100318,0.0,-0.0,False,False,9,1.0,50,0.196,0.1,0.018,0.9045834541320801,-0.4986599385738373,0,False
81,8.207720805890858,8.180000000000007,0.09999999999999432,159,1.8609665826975077,1.4147717273258216,-2.9261895013228414,3.4176010558055068,0.5753830671310425,-0.0012939326912837423,0.08746400053660364,0.0012060673087162578,0.0,-0.0025,True,True,10,1.0,50,0.016,0.1,0.02,0.8080125451087952,0.4773086905479431,0,False
82,8.306889130733907,8.280000000000001,0.09999999999999432,158,1.8413546097613727,1.4105990680518472,-2.9191027554069304,3.414286947954659,0.5748251080513,0.0008630835621812016,0.08832708409878484,0.0008630835621812016,0.0,-0.0,False,False,10,1.0,50,0.036,0.1,0.02,0.8079416751861572,0.4773579239845276,0,False
83,8.40779359266162,8.380000000000024,0.09999999999999432,160,1.8245353761112058,1.406186887298378,-2.84178033504931,3.41070342058939,0.5742217898368835,0.0009332477103299579,0.0892603318091148,0.0009332477103299579,0.0,-0.0,False,False,10,1.0,50,0.056,0.1,0.02,0.8037623167037964,0.4771474003791809,0,False
84,8.507251505739987,8.480000000000018,0.10000000000002274,157,1.8076809504883375,1.4000246790611153,-2.739420348038018,3.4054594759801855,0.5733389258384705,0.0013656653907732905,0.09062599719988809,0.0013656653907732905,0.0,-0.0,False,False,10,1.0,50,0.076,0.1,0.02,0.7990923523902893,0.4751930832862854,0,False
85,8.607981389854103,8.580000000000013,0.09999999999999432,155,1.7919009892573772,1.3924598018058953,-2.6420337530952356,3.3988362167478745,0.5722238421440125,0.0017248763253163513,0.09235087352520445,0.0017248763253163513,0.0,-0.0,False,False,10,1.0,50,0.096,0.1,0.02,0.795261800289154,0.47248199582099915,0,False
86,8.707624910864979,8.680000000000007,0.09999999999999432,156,1.7771061771147536,1.3835096861926952,-2.547739168429919,3.390843555831226,0.5708782076835632,0.0020815056617673085,0.09443237918697175,0.0020815056617673085,0.0,-0.0,False,False,10,1.0,50,0.116,0.1,0.02,0.7952898144721985,0.46861276030540466,0,False
87,8.807604580651969,8.780000000000001,0.09999999999999432,157,1.7631752543387158,1.3731740734297935,-2.4545657069172213,3.3814772448279107,0.5693013072013855,0.0024392413974006454,0.0968716205843724,0.0024392413974006454,0.0,-0.0,False,False,10,1.0,50,0.136,0.1,0.02,0.8053426742553711,0.4612550735473633,0,False
88,8.908066495787352,8.880000000000024,0.09999999999999432,155,1.7501068297450704,1.3614487787490193,-2.362708791473105,3.3707245385309386,0.5674909949302673,0.0028002963305810056,0.0996719169149534,0.0028002963305810056,0.0,-0.0,False,False,10,1.0,50,0.156,0.1,0.02,0.8147624731063843,0.45269981026649475,0,False
89,9.00806964468211,8.980000000000018,0.10000000000002274,158,1.7380301994743548,1.3484319965904823,-2.2726088657924413,3.358664032383413,0.5654605031013489,0.0031408828788875146,0.10281279979384092,0.0031408828788875146,0.0,-0.0,False,False,10,1.0,50,0.176,0.1,0.02,0.8238475918769836,0.4437577426433563,0,False
90,9.107455428689718,9.080000000000013,0.09999999999999432,158,1.7270457197119393,1.3342263337777707,-2.1842150417310937,3.3453803403984037,0.5632240772247314,0.003459433643478612,0.10627223343731954,0.003459433643478612,0.0,-0.0,False,False,10,1.0,50,0.196,0.1,0.02,0.8321248292922974,0.4357139766216278,0,False
91,9.208481899928302,9.180000000000007,0.10099999999999909,157,1.7175638968029858,1.3193855932269085,-2.0879061902890586,3.3313797305202244,0.5608669519424438,0.001146138505503659,0.1074183719428232,0.003646138505503659,0.0,-0.0025,True,True,11,1.0,50,0.016,0.1,0.022,0.8067920804023743,0.5043799877166748,0,False
92,9.309113123919815,9.280000000000001,0.09999999999999432,158,1.7096568924760764,1.3037051649209381,-1.9877611585609771,3.316438807593028,0.5583515167236328,0.003891021524535073,0.11130939346735827,0.003891021524535073,0.0,-0.0,False,False,11,1.0,50,0.036,0.1,0.022,0.8142629265785217,0.5209830403327942,0,False
93,9.409205281641334,9.380000000000024,0.09999999999999432,159,1.7033495387555337,1.2871371096499085,-1.8829305567632046,3.3004956157495027,0.5556673407554626,0.004152039531642771,0.11546143299900104,0.004152039531642771,0.0,-0.0,False,False,11,1.0,50,0.056,0.1,0.022,0.8233341574668884,0.5332151651382446,0,False
94,9.508849693927914,9.480000000000018,0.09999999999999432,158,1.698776934019185,1.2697999466290986,-1.775665101092929,3.2836453900085445,0.5528304576873779,0.004388255757078936,0.11984968875607997,0.004388255757078936,0.0,-0.0,False,False,11,1.0,50,0.076,0.1,0.022,0.8337177634239197,0.531981885433197,0,False
95,9.608985351864249,9.580000000000013,0.10000000000002274,158,1.696045348573292,1.2518289435598091,-1.6701931489224766,3.266003545300115,0.5498602986335754,0.004594414804727521,0.1244441035608075,0.004594414804727521,0.0,-0.0,False,False,11,1.0,50,0.096,0.1,0.022,0.8468192219734192,0.4991711974143982,0,False
96,9.709016710985452,9.680000000000007,0.09999999999999432,158,1.695140682469873,1.233364894757582,-1.571410972094655,3.247704968398189,0.5467795729637146,0.00476544567833558,0.12920954923914307,0.00476544567833558,0.0,-0.0,False,False,11,1.0,50,0.116,0.1,0.022,0.8596159815788269,0.47567176818847656,0,False
97,9.809523965697736,9.780000000000001,0.09999999999999432,157,1.6960357204737893,1.2145873267453664,-1.477690918990113,3.2289263220329842,0.5436180233955383,0.004890468785943564,0.13410001802508664,0.004890468785943564,0.0,-0.0,False,False,11,1.0,50,0.136,0.1,0.022,0.875197172164917,0.43757665157318115,0,False
98,9.909492804668844,9.880000000000024,0.09999999999999432,160,1.6986586933189094,1.1956109672558917,-1.3916382379333552,3.2097876235703207,0.5403958559036255,0.004984236116649524,0.13908425414173617,0.004984236116649524,0.0,-0.0,False,False,11,1.0,50,0.156,0.1,0.022,0.8881298303604126,0.39309027791023254,0,False
99,10.009483533911407,9.980000000000018,0.09999999999999432,157,1.702877527990965,1.1766311065406252,-1.3151560854604176,3.1904963366573083,0.5371479988098145,0.00502397428728301,0.1441082284290192,0.00502397428728301,0.0,-0.0,False,False,11,1.0,50,0.176,0.1,0.022,0.9143523573875427,0.3444880247116089,0,False
100,10.109663260634989,10.080000000000013,0.10000000000002274,158,1.7086400407907967,1.1573227019236767,-1.2489170997536119,3.170737725488007,0.5338214635848999,0.0051456781973438556,0.14925390662636304,0.0051456781973438556,0.0,-0.0,False,False,11,1.0,50,0.196,0.1,0.022,0.9429402947425842,0.2731096148490906,0,False
101,10.209591310936958,10.180000000000007,0.09999999999999432,157,1.715012579604839,1.1397794842513753,-1.1914415616394276,3.1526866180217974,0.5307824015617371,0.00220099792596251,0.15145490455232555,0.00470099792596251,0.0,-0.0025,True,True,12,1.0,50,0.016,0.1,0.024,0.8801144361495972,-0.1588698923587799,0,False
102,10.309729768894613,10.280000000000001,0.09999999999999432,153,1.7218722844320895,1.121993141872119,-1.2236991541289444,3.1343572402029793,0.5276964902877808,0.004773467072407862,0.1562283716247334,0.004773467072407862,0.0,-0.0,False,False,12,1.0,50,0.036,0.1,0.024,0.8788105249404907,-0.15310725569725037,0,False
103,10.409370870795101,10.380000000000024,0.09999999999999432,157,1.7282509649815547,1.1036701649956757,-1.2516445883646625,3.115544252585608,0.5245291590690613,0.0048994121793344385,0.16112778380406784,0.0048994121793344385,0.0,-0.0,False,False,12,1.0,50,0.056,0.1,0.024,0.8775455355644226,-0.14754965901374817,0,False
104,10.50964638683945,10.480000000000018,0.09999999999999432,159,1.7340697828494849,1.0851339839953713,-1.2808296728458242,3.0965740740820307,0.5213353633880615,0.004940348949082025,0.16606813275314986,0.004940348949082025,0.0,-0.0,False,False,12,1.0,50,0.076,0.1,0.024,0.8761798143386841,-0.14178414642810822,0,False
105,10.609440407715738,10.580000000000013,0.10000000000002274,156,1.7393443174126657,1.0665123206925995,-1.3091983798260232,3.0775702623933414,0.5181359052658081,0.004949107942609227,0.17101724069575908,0.004949107942609227,0.0,-0.0,False,False,12,1.0,50,0.096,0.1,0.024,0.874845564365387,-0.13607855141162872,0,False
106,10.709746793843806,10.680000000000007,0.09999999999999432,159,1.7440961163094275,1.0477915436233316,-1.336368554816573,3.058515823910221,0.5149279236793518,0.004962292532865832,0.17597953322862492,0.004962292532865832,0.0,-0.0,False,False,12,1.0,50,0.116,0.1,0.024,0.8735532164573669,-0.13054609298706055,0,False
107,10.809909621719271,10.780000000000001,0.09999999999999432,157,1.7483427541978127,1.028990756543531,-1.3623794722527232,3.0394270441749334,0.5117141604423523,0.004971235926256706,0.18095076915488162,0.004971235926256706,0.0,-0.0,False,False,12,1.0,50,0.136,0.1,0.024,0.872471272945404,-0.12803210318088531,0,False
108,10.909919690806419,10.880000000000024,0.09999999999999432,158,1.7520975968674017,1.0101218058969763,-1.387832142486232,3.020312774025667,0.508496105670929,0.004977874321350869,0.18592864347623247,0.004977874321350869,0.0,-0.0,False,False,12,1.0,50,0.156,0.1,0.024,0.8710715174674988,-0.12163026630878448,0,False
109,11.009783270768821,10.980000000000018,0.09999999999999432,158,1.7553739985783894,0.9912107404128889,-1.4119186655956815,3.00119708774229,0.5052778124809265,0.004978243121078329,0.1909068865973108,0.004978243121078329,0.0,-0.0,False,False,12,1.0,50,0.176,0.1,0.024,0.8694576621055603,-0.11448808759450912,0,False
110,11.109827008564025,11.080000000000013,0.10000000000002274,159,1.7581982530738465,0.972277068949622,-1.434544182699519,2.982096270867068,0.5020620226860046,0.004974370723940058,0.19588125732125086,0.004974370723940058,0.0,-0.0,False,False,12,1.0,50,0.196,0.1,0.024,0.8674588799476624,-0.10471600294113159,0,False
111,11.209559899754822,11.180000000000007,0.09999999999999432,159,1.760527198593478,0.9531860444960072,-1.484006381793837,2.962879508011593,0.4988267123699188,0.0025045662016255628,0.19838582352287643,0.005004566201625563,0.0,-0.0025,True,True,13,1.0,50,0.016,0.1,0.026,0.6017123460769653,-0.9037960767745972,0,False
112,11.310289253015071,11.280000000000001,0.10099999999999909,162,1.7608545284895334,0.9368170412961224,-1.6292438933555442,2.946537851432876,0.49607545137405396,0.004255810554956009,0.20264163407783242,0.004255810554956009,0.0,-0.0,False,False,13,1.0,50,0.036,0.1,0.026,0.5699496865272522,-0.9028949737548828,0,False
113,11.410844577942044,11.380000000000024,0.09999999999999432,162,1.7589546357812018,0.9241916969393222,-1.8133127443280415,2.93410968146705,0.49398306012153625,0.0032366325081285854,0.205878266585961,0.0032366325081285854,0.0,-0.0,False,False,13,1.0,50,0.056,0.1,0.026,0.5391666889190674,-0.9054837822914124,0,False
114,11.510411109775305,11.480000000000018,0.09999999999999432,161,1.755047713293178,0.9128180130497595,-1.994964563999795,2.923099415778828,0.492129385471344,0.002867371781012271,0.20874563836697327,0.002867371781012271,0.0,-0.0,False,False,13,1.0,50,0.076,0.1,0.026,0.5040897727012634,-0.927801787853241,0,False
115,11.610712106805295,11.580000000000013,0.09999999999999432,162,1.7494703913719105,0.9029780813531952,-2.1801124923253385,2.913768508128262,0.4905584454536438,0.0024300214042141475,0.2111756597711874,0.0024300214042141475,0.0,-0.0,False,False,13,1.0,50,0.096,0.1,0.026,0.4756971299648285,-0.9432481527328491,0,False
116,11.710527366958559,11.680000000000007,0.10000000000002274,162,1.7425633207951943,0.8948335436378951,-2.3688095443182466,2.906257863859293,0.4892939627170563,0.001955975454534168,0.21313163522572157,0.001955975454534168,0.0,-0.0,False,False,13,1.0,50,0.116,0.1,0.026,0.442138135433197,-0.9502336382865906,0,False
117,11.81074072374031,11.780000000000001,0.09999999999999432,162,1.7346800454580271,0.8884965926205993,-2.558794704805781,2.9006563453873224,0.48835089802742004,0.001458787321956166,0.21459042254767774,0.001458787321956166,0.0,-0.0,False,False,13,1.0,50,0.136,0.1,0.026,0.4500912129878998,-0.9635845422744751,0,False
118,11.910610963590443,11.880000000000024,0.09999999999999432,161,1.725599135956191,0.8836993397446894,-2.752135090031956,2.8967253341148207,0.4876890778541565,0.001023741943454638,0.21561416449113238,0.001023741943454638,0.0,-0.0,False,False,13,1.0,50,0.156,0.1,0.026,0.45264047384262085,-0.982022225856781,0,False
119,12.010630182921886,11.980000000000018,0.09999999999999432,161,1.715648196720623,0.8807175551993699,-2.9487761611695067,2.8947176099804164,0.48735105991363525,0.0005228658136021526,0.21613703030473452,0.0005228658136021526,0.0,-0.0,False,False,13,1.0,50,0.176,0.1,0.026,0.47373145818710327,-0.9927713871002197,0,False
120,12.1109015988186,12.080000000000013,0.09999999999999432,164,1.7047543011432502,0.8797007117630825,3.135902232043662,2.894796382440283,0.4873643219470978,-2.0514484839711724e-05,0.2161165158198948,-2.0514484839711724e-05,0.0,-0.0,False,False,13,1.0,50,0.196,0.1,0.026,0.5151945948600769,-0.9975084066390991,0,False
121,12.210938457865268,12.180000000000007,0.10000000000002274,162,1.6922524565420165,0.8809698986805813,2.9711631877230547,2.897360116229613,0.48779594898223877,-0.0031676658065950443,0.21294885001329975,-0.0006676658065950443,0.0,-0.0025,True,True,14,1.0,50,0.016,0.1,0.028,0.9400734305381775,0.3476601541042328,0,False
122,12.31100101582706,12.280000000000001,0.09999999999999432,162,1.678873385061737,0.8835788936282923,2.938216621577519,2.90140477226444,0.4884769022464752,-0.0010533381215831513,0.2118955118917166,-0.0010533381215831513,0.0,-0.0,False,False,14,1.0,50,0.036,0.1,0.028,0.9441340565681458,0.34132495522499084,0,False
123,12.410769346635789,12.380000000000024,0.09999999999999432,163,1.6612835073326953,0.8869640757981858,2.9714964268779887,2.906766256004771,0.48937955498695374,-0.001396275768152116,0.21049923612356447,-0.001396275768152116,0.0,-0.0,False,False,14,1.0,50,0.056,0.1,0.028,0.9414051175117493,0.34455549716949463,0,False
124,12.510789865627885,12.480000000000018,0.09999999999999432,163,1.6409245234080665,0.8896920840677963,3.0434600989744633,2.9119162047124263,0.49024659395217896,-0.0013411863088633558,0.20915804981470112,-0.0013411863088633558,0.0,-0.0,False,False,14,1.0,50,0.076,0.1,0.028,0.9327998757362366,0.35748860239982605,0,False
125,12.61130028963089,12.580000000000013,0.09999999999999432,163,1.6206096302587145,0.8909718770790698,3.1157194226451286,2.9157597697036377,0.490893691778183,-0.001000968560284191,0.20815708125441693,-0.001000968560284191,0.0,-0.0,False,False,14,1.0,50,0.096,0.1,0.028,0.923259437084198,0.3685128390789032,0,False
126,12.711186759639531,12.680000000000007,0.10000000000002274,162,1.6004756878003987,0.8907747596619983,-3.0936914978910663,2.9182526967874693,0.4913133978843689,-0.0006492258202221645,0.20750785543419475,-0.0006492258202221645,0.0,-0.0,False,False,14,1.0,50,0.116,0.1,0.028,0.9117876291275024,0.3767669200897217,0,False
127,12.811087989713997,12.780000000000001,0.09999999999999432,161,1.5806834702874952,0.8891005409500243,-3.0183902780426557,2.919371265717579,0.49150171875953674,-0.00029130568472515554,0.2072165497494696,-0.00029130568472515554,0.0,-0.0,False,False,14,1.0,50,0.136,0.1,0.028,0.8991705775260925,0.3828486502170563,0,False
128,12.910946518648416,12.880000000000024,0.09999999999999432,158,1.561358550364316,0.885975504378844,-2.941695225086902,2.9191199019130596,0.4914593994617462,6.546195162372921e-05,0.20728201170109334,6.546195162372921e-05,0.0,-0.0,False,False,14,1.0,50,0.156,0.1,0.028,0.8867935538291931,0.3881770968437195,0,False
129,13.011433413717896,12.980000000000018,0.09999999999999432,161,1.5426135958308644,0.8814378117722704,-2.8638745011970053,2.917513651798831,0.49118897318840027,0.0004183110908680199,0.20770032279196135,0.0004183110908680199,0.0,-0.0,False,False,14,1.0,50,0.176,0.1,0.028,0.8780521154403687,0.39221447706222534,0,False
130,13.111036305781454,13.080000000000013,0.09999999999999432,161,1.5244202287014645,0.8754863752576542,-2.784022253337803,2.9145493290731443,0.4906899034976959,0.0007719900294994134,0.20847231282146075,0.0007719900294994134,0.0,-0.0,False,False,14,1.0,50,0.196,0.1,0.028,0.8779251575469971,0.433663934469223,0,False
131,13.211454101838171,13.180000000000007,0.10000000000002274,163,1.5062670808038967,0.8677592945870826,-2.6852816784067444,2.9099511416180848,0.48991575837135315,-0.0013025072849471564,0.2071698055365136,0.0011974927150528436,0.0,-0.0025,True,True,15,1.0,50,0.016,0.1,0.03,0.8640627264976501,0.644514799118042,0,False
132,13.311487009748816,13.280000000000001,0.09999999999999432,161,1.4900184723648202,0.8583423511425193,-2.557105748473218,2.9034810018864134,0.4888264536857605,0.0016849998547851677,0.20885480539129878,0.0016849998547851677,0.0,-0.0,False,False,15,1.0,50,0.036,0.1,0.03,0.8708197474479675,0.528752326965332,0,False
133,13.411505998577923,13.380000000000024,0.09999999999999432,161,1.4747556857170276,0.8470575336523509,-2.453888183740933,2.8951024444247997,0.4874158501625061,0.0021820035874992663,0.21103680897879804,0.0021820035874992663,0.0,-0.0,False,False,15,1.0,50,0.056,0.1,0.03,0.878940761089325,0.4858396649360657,0,False
134,13.511520877014846,13.480000000000018,0.09999999999999432,161,1.4605226224734253,0.8342004214024654,-2.3572677501017485,2.885087189965592,0.4857296943664551,0.0026082438725078478,0.2136450528513059,0.0026082438725078478,0.0,-0.0,False,False,15,1.0,50,0.076,0.1,0.03,0.8873522281646729,0.48277992010116577,0,False
135,13.611397916916758,13.580000000000013,0.09999999999999432,156,1.4474737086906904,0.819887765751948,-2.2615093624074256,2.873508700465746,0.4837803542613983,0.0030153526716543743,0.21666040552296026,0.0030153526716543743,0.0,-0.0,False,False,15,1.0,50,0.096,0.1,0.03,0.8954450488090515,0.484922856092453,0,False
136,13.711557204835117,13.680000000000007,0.10000000000002274,162,1.4357570105576627,0.8042409240597429,-2.1644876620517186,2.8604436241839633,0.4815807342529297,0.003402500185552321,0.22006290570851259,0.003402500185552321,0.0,-0.0,False,False,15,1.0,50,0.116,0.1,0.03,0.9034801721572876,0.49435704946517944,0,False
137,13.81160612264648,13.780000000000001,0.09999999999999432,162,1.4255391409109175,0.7873737505310843,-2.0653247031769113,2.8459546250546093,0.47914138436317444,0.0037733283115104267,0.223836234020023,0.0037733283115104267,0.0,-0.0,False,False,15,1.0,50,0.136,0.1,0.03,0.9110240936279297,0.5031063556671143,0,False
138,13.911685070954263,13.880000000000024,0.09999999999999432,155,1.416985999975345,0.7694294065698697,-1.9644964863878525,2.8301316275936674,0.4764774441719055,0.004120737654774886,0.2279569716747979,0.004120737654774886,0.0,-0.0,False,False,15,1.0,50,0.156,0.1,0.03,0.9165352582931519,0.5083248019218445,0,False
139,14.011406311765313,13.980000000000018,0.09999999999999432,158,1.4102470330515027,0.7505967807951539,-1.8625809571578535,2.8131105806756946,0.4736118018627167,0.004432742224203426,0.23238971389900132,0.004432742224203426,0.0,-0.0,False,False,15,1.0,50,0.176,0.1,0.03,0.9241156578063965,0.5242536664009094,0,False
140,14.11180159682408,14.080000000000013,0.09999999999999432,161,1.4054413320023507,0.7309824868989476,-1.7575706666099136,2.794953617184765,0.470554918050766,0.004728565705589936,0.23711827960459125,0.004728565705589936,0.0,-0.0,False,False,15,1.0,50,0.196,0.1,0.03,0.9358587265014648,0.5296106934547424,0,False
141,14.211920054629445,14.180000000000007,0.10000000000002274,160,1.4028044606498575,0.711954049878145,-1.6562588008814887,2.7769294162666447,0.4675203859806061,0.0021939907311408877,0.23931227033573213,0.004693990731140888,0.0,-0.0025,True,True,16,1.0,50,0.016,0.1,0.032,0.8835672736167908,0.030552085489034653,0,False
142,14.31206131260842,14.280000000000001,0.09999999999999432,160,1.401272903867565,0.6926823053850641,-1.6517220670146802,2.758443732645439,0.46440815925598145,0.004814173342325917,0.24412644367805805,0.004814173342325917,0.0,-0.0,False,False,16,1.0,50,0.036,0.1,0.032,0.8836393356323242,0.028374623507261276,0,False
143,14.411986151710153,14.380000000000024,0.09999999999999432,159,1.3998240652166654,0.6733649052528096,-1.6434070529702676,2.739907068196275,0.46128734946250916,0.0048274501325143585,0.24895389381057242,0.0048274501325143585,0.0,-0.0,False,False,16,1.0,50,0.056,0.1,0.032,0.8838599324226379,0.02240169793367386,0,False
144,14.51196981081739,14.480000000000018,0.09999999999999432,160,1.3984797742700097,0.6539944077393536,-1.638014298574005,2.7213072087624535,0.45815590023994446,0.004843907820352126,0.2537978016309245,0.004843907820352126,0.0,-0.0,False,False,16,1.0,50,0.076,0.1,0.032,0.8839039206504822,0.016682805493474007,0,False
145,14.61217209789902,14.580000000000013,0.09999999999999432,162,1.3971905084263274,0.6346256659285007,-1.6348971636709577,2.7027082344124507,0.4550246000289917,0.004843677320522479,0.258641478951447,0.004843677320522479,0.0,-0.0,False,False,16,1.0,50,0.096,0.1,0.032,0.883824348449707,0.011255713179707527,0,False
146,14.712086716666818,14.680000000000007,0.10000000000002274,160,1.3959775249939634,0.6152338446048496,-1.6331340604277316,2.6840811143970127,0.4518885612487793,0.004851007215105585,0.2634924861665526,0.004851007215105585,0.0,-0.0,False,False,16,1.0,50,0.116,0.1,0.032,0.8837253451347351,0.00648262957111001,0,False
147,14.812185644637793,14.780000000000001,0.09999999999999432,161,1.3947862576980954,0.5958397563288721,-1.6320874726739751,2.665458242783904,0.4487532377243042,0.004849900815923321,0.2683423869824759,0.004849900815923321,0.0,-0.0,False,False,16,1.0,50,0.136,0.1,0.032,0.8836237192153931,0.0021588620729744434,0,False
148,14.912232032977045,14.880000000000024,0.09999999999999432,160,1.3936061059687679,0.5764415891655709,-1.6318065976078633,2.6468405046569443,0.44561877846717834,0.004848563916911294,0.2731909508993872,0.004848563916911294,0.0,-0.0,False,False,16,1.0,50,0.156,0.1,0.032,0.8835206031799316,-0.001668705022893846,0,False
149,15.012143852654845,14.980000000000018,0.09999999999999432,159,1.3924220902014923,0.5570403255321421,-1.6322836149119744,2.628232502451991,0.4424859583377838,0.004846028418784934,0.2780369793181722,0.004846028418784934,0.0,-0.0,False,False,16,1.0,50,0.176,0.1,0.032,0.8834147453308105,-0.005015256814658642,0,False
150,15.112425848841667,15.080000000000013,0.09999999999999432,160,1.3912210755760912,0.5376369218810934,-1.633424669854841,2.6096384845713727,0.4393554925918579,0.004842386521476427,0.2828793658396486,0.004842386521476427,0.0,-0.0,False,False,16,1.0,50,0.196,0.1,0.032,0.8833056092262268,-0.007941019721329212,0,False
151,15.212238408625126,15.180000000000007,0.10000000000002274,159,1.3901066149271952,0.5185468397641821,-1.60608941894,2.591340969770029,0.4362749457359314,0.0022651690785400716,0.2851445349181887,0.004765169078540072,0.0,-0.0025,True,True,17,1.0,50,0.016,0.1,0.034,0.9007403254508972,0.8594840168952942,0,False
152,15.312458535656333,15.280000000000001,0.09999999999999432,161,1.390793184707279,0.49949714768623626,-1.451295248657267,2.572667648379253,0.4331311285495758,0.0048630393062139505,0.29000757422440265,0.0048630393062139505,0.0,-0.0,False,False,17,1.0,50,0.036,0.1,0.034,0.9094421863555908,0.8360016942024231,0,False
153,15.412243446800858,15.380000000000024,0.09999999999999432,159,1.3947621861648718,0.4801897283499228,-1.2862953852571846,2.552969576943153,0.42981478571891785,0.005129912008995032,0.2951374862333977,0.005129912008995032,0.0,-0.0,False,False,17,1.0,50,0.056,0.1,0.034,0.912380039691925,0.8045297861099243,0,False
154,15.512375613674521,15.480000000000018,0.09999999999999432,160,1.4017983005461736,0.4617393431914884,-1.126006195228377,2.5333784236323553,0.42651644349098206,0.005102067629571981,0.3002395538629697,0.005102067629571981,0.0,-0.0,False,False,17,1.0,50,0.076,0.1,0.034,0.9106050133705139,0.7489702701568604,0,False
155,15.612494421657175,15.580000000000013,0.09999999999999432,159,1.4115750204469548,0.4445957511088269,-0.9810177223051572,2.5144169189502015,0.4233241081237793,0.004938090050751406,0.3051776439137211,0.004938090050751406,0.0,-0.0,False,False,17,1.0,50,0.096,0.1,0.034,0.9106329679489136,0.5864731669425964,0,False
156,15.7125209197402,15.680000000000007,0.10000000000002274,160,1.4234846173229294,0.42880353863918935,-0.8732130380631232,2.4962886321749984,0.4202720522880554,0.004721097511109018,0.3098987414248301,0.004721097511109018,0.0,-0.0,False,False,17,1.0,50,0.116,0.1,0.034,0.9062516689300537,0.36331793665885925,0,False
157,15.81232417980209,15.780000000000001,0.09999999999999432,159,1.4366844839197714,0.4140783436698312,-0.8128529873877346,2.478930899372381,0.4173497259616852,0.004520424359406354,0.31441916578423645,0.004520424359406354,0.0,-0.0,False,False,17,1.0,50,0.136,0.1,0.034,0.9009711742401123,0.1502695530653,0,False
158,15.912683345843107,15.880000000000024,0.09999999999999432,161,1.4504566310759381,0.399921949149392,-0.7883189728307943,2.4620364194404862,0.41450539231300354,0.004399780748562029,0.31881894653279846,0.004399780748562029,0.0,-0.0,False,False,17,1.0,50,0.156,0.1,0.034,0.8983453512191772,0.06307918578386307,0,False
159,16.012700243853033,15.980000000000018,0.09999999999999432,160,1.4644612016880918,0.38599646577148483,-0.7776104956577536,2.4453591390777074,0.4116976261138916,0.004343216090363313,0.3231621626231618,0.004343216090363313,0.0,-0.0,False,False,17,1.0,50,0.176,0.1,0.034,0.8985585570335388,0.03518645837903023,0,False
160,16.11278328159824,16.080000000000013,0.09999999999999432,159,1.4785933183813869,0.3721728111206208,-0.7709908549554704,2.428799928896347,0.40890973806381226,0.00431246741308656,0.3274746300362483,0.00431246741308656,0.0,-0.0,False,False,17,1.0,50,0.196,0.1,0.034,0.8999319672584534,0.024836966767907143,0,False
161,16.212798210792243,16.180000000000007,0.10000000000002274,159,1.4927422276420823,0.3587750091853932,-0.7075030410459343,2.4127018473845445,0.40619948506355286,0.0016923770018333665,0.3291670070380817,0.0041923770018333665,0.0,-0.0025,True,True,18,1.0,50,0.016,0.1,0.036,0.25836360454559326,-0.947860598564148,0,False
162,16.3126117605716,16.28,0.09999999999999432,159,1.5078287175597131,0.3467268894781906,-0.6772318296236225,2.397782166468997,0.40368762612342834,0.00388548952862329,0.333052496566705,0.00388548952862329,0.0,-0.0,False,False,18,1.0,50,0.036,0.1,0.036,0.25648948550224304,-0.9476363658905029,0,False
163,16.412683648988605,16.380000000000024,0.09999999999999432,160,1.5203871958658741,0.33625887235223084,-0.7305426241025168,2.3849808451651953,0.4015324115753174,0.00333381123631352,0.33638630780301854,0.00333381123631352,0.0,-0.0,False,False,18,1.0,50,0.056,0.1,0.036,0.26094958186149597,-0.9477171897888184,0,False
164,16.512735626660287,16.480000000000018,0.09999999999999432,160,1.5285809443326874,0.3281597317543467,-0.8497759144134989,2.375408132615352,0.3999207615852356,0.0024929939576774935,0.33887930176069603,0.0024929939576774935,0.0,-0.0,False,False,18,1.0,50,0.076,0.1,0.036,0.26570942997932434,-0.9451849460601807,0,False
165,16.613160851877183,16.580000000000013,0.09999999999999432,160,1.5328189450211254,0.32254436005413584,-1.030219843851385,2.3690652679368145,0.3988528847694397,0.0016518539792798675,0.3405311557399759,0.0016518539792798675,0.0,-0.0,False,False,18,1.0,50,0.096,0.1,0.036,0.2525588870048523,-0.9442836046218872,0,False
166,16.71278156293556,16.680000000000007,0.10000000000002274,156,1.5353627178316906,0.3173353408822176,-1.2181626256165945,2.363457376861349,0.3979087471961975,0.0014604469207296776,0.34199160266070555,0.0014604469207296776,0.0,-0.0,False,False,18,1.0,50,0.116,0.1,0.036,0.23170748353004456,-0.9440351128578186,0,False
167,16.813245717901736,16.78,0.09999999999999432,159,1.536780131325437,0.3120945445453421,-1.4070293449838016,2.3580403098572016,0.39699673652648926,0.0014107511574548886,0.3434023538181604,0.0014107511574548886,0.0,-0.0,False,False,18,1.0,50,0.136,0.1,0.036,0.23517870903015137,-0.9497637748718262,0,False
168,16.913228526711464,16.880000000000024,0.09999999999999432,160,1.5371836088371365,0.30653499569380777,-1.5970463030716482,2.3525099521242567,0.3960656523704529,0.00144025513565145,0.34484260895381186,0.00144025513565145,0.0,-0.0,False,False,18,1.0,50,0.156,0.1,0.036,0.25378847122192383,-0.9537598490715027,0,False
169,17.013265054672956,16.980000000000018,0.09999999999999432,156,1.5364632850104516,0.3005320072080926,-1.7876219724723188,2.3467666432245253,0.3950987160205841,0.0014957133946679015,0.3463383223484798,0.0014957133946679015,0.0,-0.0,False,False,18,1.0,50,0.176,0.1,0.036,0.28942441940307617,-0.9580982327461243,0,False
170,17.11344983195886,17.080000000000013,0.09999999999999432,160,1.5343312016559025,0.2939186493611068,-1.9789122280235831,2.3407071823847447,0.3940785527229309,0.0015780479338224878,0.34791637028230227,0.0015780479338224878,0.0,-0.0,False,False,18,1.0,50,0.196,0.1,0.036,0.34098002314567566,-0.9599325060844421,0,False
171,17.214194024913013,17.180000000000007,0.10099999999999909,166,1.5313878495462587,0.2883707769998225,-2.15135222388737,2.3358592242760396,0.3932623565196991,-0.0012374602330168629,0.3466789100492854,0.0012625397669831372,0.0,-0.0025,True,True,19,1.0,50,0.016,0.1,0.038,0.03337901085615158,-0.36842647194862366,0,False
172,17.31409752368927,17.28,0.10000000000002274,165,1.5299912256530863,0.28638130448265225,-2.2382549474588633,2.3341910182944994,0.39298149943351746,0.00043444607894441986,0.34711335612822986,0.00043444607894441986,0.0,-0.0,False,False,19,1.0,50,0.036,0.1,0.038,0.07890941947698593,-0.33502396941185,0,False
173,17.41416764166206,17.380000000000024,0.09999999999999432,165,1.528808148373452,0.2849541201536944,-2.3017321911177837,2.3330317355087287,0.39278632402420044,0.0003019086768894255,0.3474152648051193,0.0003019086768894255,0.0,-0.0,False,False,19,1.0,50,0.056,0.1,0.038,0.08850335329771042,-0.269024521112442,0,False
174,17.514289049897343,17.480000000000018,0.09999999999999432,160,1.5274016036374654,0.2834470807473843,-2.3523929998141573,2.3318404126887198,0.39258575439453125,0.00031025277072319155,0.3477255175758425,0.00031025277072319155,0.0,-0.0,False,False,19,1.0,50,0.076,0.1,0.038,0.09493502974510193,-0.20297598838806152,0,False
175,17.61461759591475,17.580000000000013,0.09999999999999432,161,1.5258316962277014,0.28191495393108357,-2.390864575707071,2.3306590028074807,0.39238685369491577,0.00030767117263097216,0.3480331887484735,0.00030767117263097216,0.0,-0.0,False,False,19,1.0,50,0.096,0.1,0.038,0.10348443686962128,-0.15379922091960907,0,False
176,17.71430088672787,17.680000000000007,0.09999999999999432,160,1.5240855806112603,0.2803264536407507,-2.420085415587291,2.3294598912498667,0.3921849727630615,0.0003122811692242789,0.34834546991769777,0.0003122811692242789,0.0,-0.0,False,False,19,1.0,50,0.116,0.1,0.038,0.11032760143280029,-0.11475394666194916,0,False
177,17.81528128683567,17.78,0.10100000000002751,161,1.5222025209819867,0.2787010584205061,-2.4418714903472116,2.328254407088758,0.3919820189476013,0.00031394076799779065,0.34865941068569556,0.00031394076799779065,0.0,-0.0,False,False,19,1.0,50,0.136,0.1,0.038,0.11528484523296356,-0.08647559583187103,0,False
178,17.91545873368159,17.880000000000024,0.09999999999999432,160,1.5202194491957346,0.27705503880718363,-2.458305778520172,2.327051578179106,0.39177951216697693,0.000313249268508731,0.3489726599542043,0.000313249268508731,0.0,-0.0,False,False,19,1.0,50,0.156,0.1,0.038,0.11745594441890717,-0.06691499799489975,0,False
179,18.015571891795844,17.980000000000018,0.09999999999999432,158,1.5181834719697844,0.27541415746814785,-2.4711051337270393,2.3258668049793556,0.3915800452232361,0.00030854707198370394,0.349281207026188,0.00030854707198370394,0.0,-0.0,False,False,19,1.0,50,0.176,0.1,0.038,0.11940962076187134,-0.05000077933073044,0,False
180,18.11578874895349,18.080000000000013,0.09999999999999432,161,1.5160906556037785,0.27376744339734504,-2.480461879056004,2.3246907056010286,0.39138203859329224,0.00030628817365308425,0.34958749519984106,0.00030628817365308425,0.0,-0.0,False,False,19,1.0,50,0.196,0.1,0.038,0.12181894481182098,-0.03485524654388428,0,False
181,18.21584210684523,18.180000000000007,0.09999999999999432,161,1.5139511756678519,0.2721560129213669,-2.539516939147619,2.323561161631567,0.39119186997413635,-0.002205836117387117,0.34738165908245394,0.00029416388261288307,0.0,-0.0025,True,True,20,1.0,50,0.016,0.1,0.04,0.5030288100242615,-0.8602915406227112,0,False
182,18.315654506906867,18.28,0.10000000000002274,158,1.506585581138514,0.26781364053617335,-2.6701956016283876,2.3208697987555764,0.39073875546455383,0.0007009038820320651,0.34808256296448603,0.0007009038820320651,0.0,-0.0,False,False,20,1.0,50,0.036,0.1,0.04,0.5271906852722168,-0.8331476449966431,0,False
183,18.415632934775203,18.380000000000024,0.09999999999999432,160,1.4955107901438627,0.26335555168359487,-2.8427095104725097,2.3188980090242124,0.3904067873954773,0.0005135075205179586,0.348596070485004,0.0005135075205179586,0.0,-0.0,False,False,20,1.0,50,0.056,0.1,0.04,0.5353245735168457,-0.8586257696151733,0,False
184,18.51566253276542,18.480000000000018,0.09999999999999432,160,1.4837129120555457,0.260796534899686,-3.017439152474674,2.3189983775292564,0.3904236853122711,-2.6138680683562086e-05,0.34856993180432044,-2.6138680683562086e-05,0.0,-0.0,False,False,20,1.0,50,0.076,0.1,0.04,0.5321009159088135,-0.8922932147979736,0,False
185,18.615983558818698,18.580000000000013,0.09999999999999432,161,1.4717123490525466,0.26035059270352323,3.08638797316218,2.321265254205785,0.39080533385276794,-0.0005903561637268535,0.34797957564059356,-0.0005903561637268535,0.0,-0.0,False,False,20,1.0,50,0.096,0.1,0.04,0.52804034948349,-0.9322682619094849,0,False
186,18.716134206857532,18.680000000000007,0.09999999999999432,161,1.459955536918252,0.26208171343776904,2.8996836695289088,2.3256529687287504,0.39154404401779175,-0.001142679855559476,0.34683689578503407,-0.001142679855559476,0.0,-0.0,False,False,20,1.0,50,0.116,0.1,0.04,0.5111031532287598,-0.9572153687477112,0,False
187,18.81596166593954,18.78,0.10000000000002274,159,1.4490542830249404,0.2658798659062329,2.707958939881704,2.3318990052375197,0.3925956189632416,-0.0016266372979151286,0.34521025848711895,-0.0016266372979151286,0.0,-0.0,False,False,20,1.0,50,0.136,0.1,0.04,0.49586281180381775,-0.9745258688926697,0,False
188,18.915897434577346,18.880000000000024,0.09999999999999432,158,1.439376459531754,0.2715280926259262,2.513084492448222,2.3396877428423326,0.39390692114830017,-0.0020283985010134285,0.3431818599861055,-0.0020283985010134285,0.0,-0.0,False,False,20,1.0,50,0.156,0.1,0.04,0.4796038269996643,-0.9832895398139954,0,False
189,19.016241520643234,18.980000000000018,0.09999999999999432,155,1.431262032923128,0.27869236433681066,2.3165593161380835,2.3485957574443104,0.39540666341781616,-0.0023198885856023717,0.3408619714005031,-0.0023198885856023717,0.0,-0.0,False,False,20,1.0,50,0.176,0.1,0.04,0.4615643322467804,-0.9902586340904236,0,False
190,19.11605282081291,19.080000000000013,0.09999999999999432,162,1.424900960524102,0.2870602586504158,2.118765196322906,2.3582585715268998,0.3970334827899933,-0.0025164588403368843,0.3383455125601662,-0.0025164588403368843,0.0,-0.0,False,False,20,1.0,50,0.196,0.1,0.04,0.47468721866607666,-0.9948726892471313,0,False
191,19.216142997611314,19.180000000000007,0.09999999999999432,161,1.419553938376342,0.2980840032126031,1.9533910752172077,2.370254820589186,0.399053156375885,-0.005624148591254238,0.33272136396891194,-0.003124148591254238,0.0,-0.0025,True,True,21,1.0,50,0.016,0.1,0.042,0.8943977952003479,-0.3215518593788147,0,False
192,19.316196865867823,19.28,0.10000000000002274,160,1.413837844651315,0.3147189378445417,1.8586815511445884,2.387783374568818,0.4020042419433594,-0.004564910826530844,0.3281564531423811,-0.004564910826530844,0.0,-0.0,False,False,21,1.0,50,0.036,0.1,0.042,0.8680843710899353,-0.47336599230766296,0,False
193,19.416232663672417,19.380000000000024,0.09999999999999432,160,1.4091394969187452,0.3333183173289155,1.762373242531945,2.406967035289473,0.4052339792251587,-0.004995945507996289,0.3231605076343848,-0.004995945507996289,0.0,-0.0,False,False,21,1.0,50,0.056,0.1,0.042,0.9999998211860657,-0.10858374834060669,0,False
194,19.516522591002285,19.480000000000018,0.09999999999999432,154,1.4054517939165228,0.35403590030956755,1.737855012288672,2.4279564440170986,0.4087677299976349,-0.005466211260469949,0.3176942963739149,-0.005466211260469949,0.0,-0.0,False,False,21,1.0,50,0.076,0.1,0.042,0.9999998211860657,-0.13284049928188324,0,False
195,19.616334499791265,19.580000000000013,0.09999999999999432,159,1.4021389592231595,0.3758390203267466,1.7087897614115835,2.449907938855682,0.4124634563922882,-0.005716764575310958,0.31197753179860394,-0.005716764575310958,0.0,-0.0,False,False,21,1.0,50,0.096,0.1,0.042,0.9999997615814209,-0.16169734299182892,0,False
196,19.716436377726495,19.680000000000007,0.09999999999999432,161,1.3994879083336726,0.3977465849145755,1.673662389372857,2.4718017262292844,0.41614946722984314,-0.005701735986417053,0.3062757958121869,-0.005701735986417053,0.0,-0.0,False,False,21,1.0,50,0.116,0.1,0.042,0.9999997615814209,-0.20240581035614014,0,False
197,19.816752053797245,19.78,0.10000000000002274,157,1.3976642485208361,0.4197559085401746,1.6310442743328357,2.4935972692990083,0.4198189377784729,-0.0056761505053248545,0.30059964530686206,-0.0056761505053248545,0.0,-0.0,False,False,21,1.0,50,0.136,0.1,0.042,0.9999997019767761,-0.25397148728370667,0,False
198,19.91646974394098,19.880000000000024,0.09999999999999432,161,1.396883095432028,0.4418484312006364,1.5782845353756783,2.5152283637952118,0.4234607219696045,-0.00563332363697376,0.2949663216698883,-0.00563332363697376,0.0,-0.0,False,False,21,1.0,50,0.156,0.1,0.042,0.9999995827674866,-0.3156474530696869,0,False
199,20.016866948921233,19.980000000000018,0.09999999999999432,156,1.3974041680260318,0.4639736268190426,1.5128033908854168,2.536589861760231,0.4270571172237396,-0.00556311338885926,0.289403208281029,-0.00556311338885926,0.0,-0.0,False,False,21,1.0,50,0.176,0.1,0.042,0.9999994039535522,-0.3860599100589752,0,False
200,20.116680508945137,20.080000000000013,0.09999999999999432,161,1.3995261815617142,0.48602254559561847,1.4335977958403683,2.5575137742852703,0.4305798411369324,-0.005449154273074957,0.28395405400795404,-0.005449154273074957,0.0,-0.0,False,False,21,1.0,50,0.196,0.1,0.042,0.9999989867210388,-0.4060732424259186,0,False
201,20.216927425935864,20.180000000000007,0.09999999999999432,161,1.403210204816688,0.5075888581607023,1.3894660097443665,2.5776267730155906,0.4339660406112671,-0.007737970329139976,0.27621608367881406,-0.0052379703291399755,0.0,-0.0025,True,True,22,1.0,50,0.016,0.1,0.044,0.9972532391548157,-0.21355807781219482,0,False
202,20.31678116461262,20.28,0.10000000000002274,159,1.407690752815178,0.5291450864899286,1.3402061494713657,2.5975767393065006,0.43732479214668274,-0.005195512260516341,0.2710205714182977,-0.005195512260516341,0.0,-0.0,False,False,22,1.0,50,0.036,0.1,0.044,0.9973730444908142,-0.22087381780147552,0,False
203,20.416819332633168,20.380000000000024,0.09999999999999432,157,1.4131230249555642,0.5504833100571203,1.2968084529853683,2.617133905398659,0.4406174123287201,-0.005093216436113059,0.26592735498218467,-0.005093216436113059,0.0,-0.0,False,False,22,1.0,50,0.056,0.1,0.044,0.9974136352539062,-0.2273130863904953,0,False
204,20.517093758564442,20.480000000000018,0.09999999999999432,163,1.41952390307739,0.5715579499128188,1.2527127532262874,2.636259327604042,0.44383734464645386,-0.004980778619204688,0.26094657636297997,-0.004980778619204688,0.0,-0.0,False,False,22,1.0,50,0.076,0.1,0.044,0.997455358505249,-0.23362784087657928,0,False
205,20.61685159895569,20.580000000000013,0.09999999999999432,160,1.4268969342213904,0.5923195567048036,1.2061987149049236,2.654913885217861,0.44697800278663635,-0.004858152709825135,0.2560884236531548,-0.004858152709825135,0.0,-0.0,False,False,22,1.0,50,0.096,0.1,0.044,0.9974779486656189,-0.24026881158351898,0,False
206,20.718273845966905,20.680000000000007,0.10099999999999909,164,1.4352496392327367,0.6127129328522606,1.1578328384870045,2.673052970015652,0.4500318765640259,-0.0047239096090307695,0.251364514044124,-0.0047239096090307695,0.0,-0.0,False,False,22,1.0,50,0.116,0.1,0.044,0.9974949955940247,-0.24716143310070038,0,False
207,20.818217964842916,20.78,0.09999999999999432,156,1.4445892127311324,0.6326794137360182,1.1081104859996747,2.6906286104544406,0.45299088954925537,-0.004577173417468858,0.24678734062665517,-0.004577173417468858,0.0,-0.0,False,False,22,1.0,50,0.136,0.1,0.044,0.9975150227546692,-0.2542002499103546,0,False
208,20.91831333283335,20.880000000000024,0.10000000000002274,161,1.4549217687882787,0.6521556377916191,1.0570903064292334,2.707589294655976,0.45584636926651,-0.004417022135820577,0.2423703184908346,-0.004417022135820577,0.0,-0.0,False,False,22,1.0,50,0.156,0.1,0.044,0.9975508451461792,-0.26144737005233765,0,False
209,21.018494369927794,20.980000000000018,0.09999999999999432,163,1.4662467644679185,0.6710706310482125,1.0046409044778073,2.7238778462055695,0.45858868956565857,-0.004241980565176435,0.23812833792565816,-0.004241980565176435,0.0,-0.0,False,False,22,1.0,50,0.176,0.1,0.044,0.9975869059562683,-0.2693063020706177,0,False
210,21.11818886967376,21.080000000000013,0.09999999999999432,161,1.4785617120366423,0.6893546843753864,0.9505727013683237,2.7394390358729312,0.4612085521221161,-0.004052555805161242,0.23407578212049693,-0.004052555805161242,0.0,-0.0,False,False,22,1.0,50,0.196,0.1,0.044,0.9976212382316589,-0.2779403328895569,0,False
211,21.21839900687337,21.180000000000007,0.09999999999999432,159,1.4917700489494419,0.706750587569694,0.881647814015759,2.7540508846363245,0.4636685848236084,-0.006305321687867255,0.22777046043262966,-0.0038053216878672557,0.0,-0.0025,True,True,23,1.0,50,0.016,0.1,0.046,0.8483284115791321,-0.5307919383049011,0,False
212,21.318167086690664,21.28,0.09999999999999432,160,1.504566126018042,0.720704972358371,0.797087243846785,2.765445807752166,0.4655870199203491,-0.0029675470069827447,0.22480291342564693,-0.0029675470069827447,0.0,-0.0,False,False,23,1.0,50,0.036,0.1,0.046,0.8459877967834473,0.6091054677963257,0,False
213,21.418248583562672,21.380000000000024,0.10000000000002274,161,1.5173269034419592,0.7341319442638344,0.8430243153990038,2.776409695048287,0.4674328863620758,-0.0028552935899380455,0.22194761983570888,-0.0028552935899380455,0.0,-0.0,False,False,23,1.0,50,0.056,0.1,0.046,0.818325400352478,0.5072637796401978,0,False
214,21.51850709086284,21.480000000000018,0.09999999999999432,161,1.5284732097260052,0.7480655432858332,0.9265015717563246,2.7882255640283162,0.46942219138145447,-0.0030771727259693645,0.21887044710973952,-0.0030771727259693645,0.0,-0.0,False,False,23,1.0,50,0.076,0.1,0.046,0.8458229899406433,-0.6775048971176147,0,False
215,21.618557687848806,21.580000000000013,0.09999999999999432,160,1.539508031391944,0.7622969901619955,0.8787810250447985,2.8004174166145415,0.4714747965335846,-0.003175089053609219,0.2156953580561303,-0.003175089053609219,0.0,-0.0,False,False,23,1.0,50,0.096,0.1,0.046,0.8465989828109741,-0.5575461983680725,0,False
216,21.71840071771294,21.680000000000007,0.09999999999999432,158,1.5522476750542364,0.7759629597151676,0.7847173600931698,2.8118415474964014,0.4733981490135193,-0.002975153501361591,0.2127202045547687,-0.002975153501361591,0.0,-0.0,False,False,23,1.0,50,0.116,0.1,0.046,0.8421672582626343,0.6138913631439209,0,False
217,21.818500184919685,21.78,0.09999999999999432,159,1.5652088476689376,0.7891841798359519,0.8230494486202037,2.822869337844234,0.47525477409362793,-0.002871935677639486,0.2098482688771292,-0.002871935677639486,0.0,-0.0,False,False,23,1.0,50,0.136,0.1,0.046,0.8185941576957703,0.5311028361320496,0,False
218,21.91875262092799,21.880000000000024,0.10000000000002274,159,1.5766621005959545,0.8030111638826304,0.9185842327857904,2.8347992056201154,0.47726327180862427,-0.003106861104029598,0.2067414077730996,-0.003106861104029598,0.0,-0.0,False,False,23,1.0,50,0.156,0.1,0.046,0.8405818343162537,-0.6649197936058044,0,False
219,22.01881640870124,21.980000000000018,0.09999999999999432,161,1.5877979784653422,0.8173632567233612,0.8863041729883026,2.847357836940822,0.4793776273727417,-0.0032706081830206415,0.20347079959007897,-0.0032706081830206415,0.0,-0.0,False,False,23,1.0,50,0.176,0.1,0.046,0.8445079326629639,-0.6097910404205322,0,False
220,22.118974385783076,22.080000000000013,0.09999999999999432,162,1.6004042165484953,0.8310785631017688,0.7793216825750673,2.859140249752503,0.4813612997531891,-0.003068459832408139,0.20040233975767083,-0.003068459832408139,0.0,-0.0,False,False,23,1.0,50,0.196,0.1,0.046,0.8347558379173279,0.6060945987701416,0,False
221,22.219104972667992,22.180000000000007,0.09999999999999432,161,1.6134868545376677,0.8441022880523054,0.8018078682684636,2.870245750459621,0.4832310080528259,-0.005392173562683806,0.195010166194987,-0.0028921735626838054,0.0,-0.0025,True,True,24,1.0,50,0.016,0.1,0.048,0.9354460835456848,0.8902212381362915,0,False
222,22.31902889162302,22.28,0.09999999999999432,160,1.6257034827846675,0.8584422023263824,0.944090247711971,2.882844033535406,0.4853520393371582,-0.003280934575389288,0.19172923161959773,-0.003280934575389288,0.0,-0.0,False,False,24,1.0,50,0.036,0.1,0.048,0.9439408183097839,0.8160821199417114,0,False
223,22.41904743993655,22.380000000000024,0.10000000000002274,161,1.636322939691346,0.8759598385311111,1.1034469132771978,2.8988628115370507,0.4880489408969879,-0.004171724217095843,0.18755750740250188,-0.004171724217095843,0.0,-0.0,False,False,24,1.0,50,0.056,0.1,0.048,0.9525045156478882,0.6918023824691772,0,False
224,22.5191875169985,22.480000000000018,0.09999999999999432,161,1.6442952821898709,0.8949000532522168,1.242370688611438,2.9166714060369285,0.4910471737384796,-0.004637840972635492,0.18291966642986637,-0.004637840972635492,0.0,-0.0,False,False,24,1.0,50,0.076,0.1,0.048,0.9520602822303772,0.35318228602409363,0,False
225,22.619224784895778,22.580000000000013,0.09999999999999432,162,1.650058106372138,0.9147176493968099,1.3067733470417497,2.9356495502948747,0.4942423105239868,-0.0049424234475490885,0.1779772429823173,-0.0049424234475490885,0.0,-0.0,False,False,24,1.0,50,0.096,0.1,0.048,0.9515619277954102,0.15896201133728027,0,False
226,22.719010524917394,22.680000000000007,0.09999999999999432,161,1.655170360320993,0.9349467799338891,1.3370830350655682,2.955134493547425,0.49752277135849,-0.005074407650012719,0.17290283533230458,-0.005074407650012719,0.0,-0.0,False,False,24,1.0,50,0.116,0.1,0.048,0.9472825527191162,-0.022846804931759834,0,False
227,22.819357209838927,22.78,0.09999999999999432,161,1.6599748423007032,0.955228543078954,1.3337149973269553,2.9747256468582224,0.5008211135864258,-0.005102067629571981,0.16780076770273258,-0.005102067629571981,0.0,-0.0,False,False,24,1.0,50,0.136,0.1,0.048,0.9463423490524292,-0.023614874109625816,0,False
228,22.91927103884518,22.880000000000024,0.10000000000002274,160,1.6649399860830507,0.9754914685824088,1.3426297753285077,2.9942969742914807,0.5041161179542542,-0.005096904433387658,0.16270386326934494,-0.005096904433387658,0.0,-0.0,False,False,24,1.0,50,0.156,0.1,0.048,0.9443141222000122,-0.11779727786779404,0,False
229,23.01938101556152,22.980000000000018,0.09999999999999432,155,1.669932685326386,0.9957822464756637,1.3084619711504133,3.0139104317145105,0.5074182152748108,-0.005107876225279504,0.15759598704406544,-0.005107876225279504,0.0,-0.0,False,False,24,1.0,50,0.176,0.1,0.048,0.9503524899482727,0.1305883228778839,0,False
230,23.11947089387104,23.080000000000013,0.09999999999999432,160,1.6749503207021985,1.015982740790682,1.3368048787109834,3.0334484799961845,0.5107076168060303,-0.005088237639792409,0.15250774940427303,-0.005088237639792409,0.0,-0.0,False,False,24,1.0,50,0.196,0.1,0.048,0.9421648383140564,-0.13315822184085846,0,False
231,23.219480911735445,23.180000000000007,0.09999999999999432,159,1.6803651082133761,1.0365426565473888,1.2911291449412512,3.0533189657601727,0.5140529870986938,-0.007674813375812842,0.1448329360284602,-0.005174813375812842,0.0,-0.0025,True,True,25,1.0,50,0.016,0.1,0.05,0.9972652792930603,-0.3125437796115875,0,False
232,23.31936930073425,23.28,0.09999999999999432,159,1.687201042617503,1.0575173586967983,1.224900160740678,3.0734762186814293,0.5174466371536255,-0.005249495320622953,0.13958344070783724,-0.005249495320622953,0.0,-0.0,False,False,25,1.0,50,0.036,0.1,0.05,0.9973114132881165,-0.31439048051834106,0,False
233,23.419175230897963,23.380000000000024,0.10000000000002274,160,1.6953231874711014,1.0780226655028404,1.1608340570344786,3.0930648937575347,0.5207445621490479,-0.005101422230049013,0.13448201847778823,-0.005101422230049013,0.0,-0.0,False,False,25,1.0,50,0.056,0.1,0.05,0.9973554015159607,-0.3160090744495392,0,False
234,23.51969413459301,23.480000000000018,0.09999999999999432,157,1.7047202418958662,1.097974542822959,1.0979720604778933,3.1120148923500452,0.5239349603652954,-0.0049350935529658664,0.12954692492482237,-0.0049350935529658664,0.0,-0.0,False,False,25,1.0,50,0.076,0.1,0.05,0.9973151087760925,-0.32513007521629333,0,False
235,23.619553783908486,23.580000000000013,0.09999999999999432,158,1.7153776522687985,1.1172880230220636,1.0319262479490041,3.130254699686408,0.5270057916641235,-0.004750140489646167,0.1247967844351762,-0.004750140489646167,0.0,-0.0,False,False,25,1.0,50,0.096,0.1,0.05,0.9973304271697998,-0.3451186716556549,0,False
236,23.71941115288064,23.680000000000007,0.09999999999999432,156,1.7273386007350324,1.135834524698578,0.9630576739121625,3.1476660685684403,0.5299371480941772,-0.004534392649083855,0.12026239178609234,-0.004534392649083855,0.0,-0.0,False,False,25,1.0,50,0.116,0.1,0.05,0.9976327419281006,-0.3493684232234955,0,False
237,23.819668378680944,23.78,0.09999999999999432,161,1.7405577735681625,1.1535176177359072,0.8933142837721204,3.1641718196871493,0.5327160358428955,-0.0042985452233750355,0.1159638465627173,-0.0042985452233750355,0.0,-0.0,False,False,25,1.0,50,0.136,0.1,0.05,0.9978309869766235,-0.34157872200012207,0,False
238,23.919758985750377,23.880000000000024,0.10000000000002274,161,1.7549621173707874,1.1702496476603268,0.8255363451779956,3.1797053947393668,0.5353312492370605,-0.004045364210475831,0.11191848235224147,-0.004045364210475831,0.0,-0.0,False,False,25,1.0,50,0.156,0.1,0.05,0.9978033900260925,-0.33731701970100403,0,False
239,24.019852663856,23.980000000000018,0.09999999999999432,160,1.770456569139203,1.185973733820378,0.758009167115169,3.1942320984393984,0.5377769470214844,-0.0037831476042539166,0.10813533474798756,-0.0037831476042539166,0.0,-0.0,False,False,25,1.0,50,0.176,0.1,0.05,0.9976202249526978,-0.34471967816352844,0,False
240,24.119902750942856,24.080000000000013,0.09999999999999432,162,1.7869881367584757,1.200601397450899,0.6890328756280387,3.207681832148801,0.5400413274765015,-0.0035026754115229106,0.10463265933646465,-0.0035026754115229106,0.0,-0.0,False,False,25,1.0,50,0.196,0.1,0.05,0.9974648952484131,-0.350170761346817,0,False
241,24.219915878959,24.180000000000007,0.09999999999999432,160,1.804524010418728,1.2140389127351934,0.6141383795666553,3.2199777705921084,0.5421114563941956,-0.0057021958335772335,0.09893046350288742,-0.003202195833577233,0.0,-0.0025,True,True,26,1.0,50,0.016,0.1,0.052,0.9983294010162354,-0.3854796290397644,0,False
242,24.31989411683753,24.28,0.09999999999999432,161,1.8230608018748442,1.2260857550998299,0.5378577070231774,3.230934400200916,0.5439561009407043,-0.002853403491334886,0.09607706001155254,-0.002853403491334886,0.0,-0.0,False,False,26,1.0,50,0.036,0.1,0.052,0.998542308807373,-0.38131585717201233,0,False
243,24.419745256658643,24.380000000000024,0.10000000000002274,161,1.842460803295905,1.2366880929534876,0.46258643094928964,3.2405198579577483,0.545569896697998,-0.002496313155224517,0.09358074685632803,-0.002496313155224517,0.0,-0.0,False,False,26,1.0,50,0.056,0.1,0.052,0.9985663294792175,-0.35075250267982483,0,False
244,24.519986412953585,24.480000000000018,0.09999999999999432,162,1.862561912823143,1.2458650230674793,0.3941867368263591,3.248773441584158,0.5469594597816467,-0.0021494570115513055,0.09143128984477672,-0.0021494570115513055,0.0,-0.0,False,False,26,1.0,50,0.076,0.1,0.052,0.9986199140548706,-0.28056177496910095,0,False
245,24.62015572981909,24.580000000000013,0.09999999999999432,162,1.8831637498354217,1.2537792218191413,0.3413589873596426,3.2558760622126925,0.5481552481651306,-0.0018497150330605478,0.08958157481171618,-0.0018497150330605478,0.0,-0.0,False,False,26,1.0,50,0.096,0.1,0.052,0.9985964298248291,-0.1868727207183838,0,False
246,24.720145357772708,24.680000000000007,0.09999999999999432,162,1.904052221427256,1.2607755856159018,0.3092828441432709,3.2621870638737565,0.5492177605628967,-0.001643555985412193,0.08793801882630399,-0.001643555985412193,0.0,-0.0,False,False,26,1.0,50,0.116,0.1,0.052,0.9984438419342041,-0.11001671105623245,0,False
247,24.821212216746062,24.78,0.10099999999999909,162,1.9250840619576715,1.2672438078601163,0.2884480863358167,3.268102610084612,0.5502136945724487,-0.0015405686615197359,0.08639745016478426,-0.0015405686615197359,0.0,-0.0,False,False,26,1.0,50,0.136,0.1,0.052,0.9983632564544678,-0.07427915930747986,0,False
248,24.92117880564183,24.880000000000024,0.09999999999999432,157,1.9462094166508683,1.2733480283242562,0.2747110915352228,3.2737898046702356,0.5511711835861206,-0.001481099705467317,0.08491635045931693,-0.001481099705467317,0.0,-0.0,False,False,26,1.0,50,0.156,0.1,0.052,0.9983071088790894,-0.051598966121673584,0,False
249,25.020896015688777,24.980000000000018,0.10000000000002274,158,1.9673971386771418,1.2791993936073789,0.26514112574360854,3.279361584325897,0.5521092414855957,-0.0014510425276796236,0.08346530793163731,-0.0014510425276796236,0.0,-0.0,False,False,26,1.0,50,0.176,0.1,0.052,0.998266339302063,-0.03748507425189018,0,False
250,25.121385149657726,25.080000000000013,0.09999999999999432,164,1.9886270582107246,1.2848741162558124,0.2580493359301114,3.2848937122264794,0.553040623664856,-0.001440716135310746,0.08202459179632657,-0.001440716135310746,0.0,-0.0,False,False,26,1.0,50,0.196,0.1,0.052,0.9982349872589111,-0.028446834534406662,0,False
251,25.22138465801254,25.180000000000007,0.09999999999999432,160,2.009902843744255,1.2902055806436499,0.20124509186711292,3.2902205006811167,0.5539374351501465,-0.0038872401748295217,0.07813735162149704,-0.0013872401748295216,0.0,-0.0025,True,True,27,1.0,50,0.016,0.1,0.054,0.9824594855308533,-0.7174308896064758,0,False
252,25.32119519682601,25.28,0.09999999999999432,159,2.0316235979825996,1.2928686446472049,0.052604452428980715,3.293020551850047,0.554408848285675,-0.0007292092611142952,0.07740814236038275,-0.0007292092611142952,0.0,-0.0,False,False,27,1.0,50,0.036,0.1,0.054,0.9845430850982666,-0.7586877346038818,0,False
253,25.421277904883027,25.380000000000024,0.09999999999999432,162,2.05355781165772,1.29230589211748,-0.10357564898911942,3.2927415734303835,0.554361879825592,7.265354630902398e-05,0.07748079590669177,7.265354630902398e-05,0.0,-0.0,False,False,27,1.0,50,0.056,0.1,0.054,0.9865391254425049,-0.794818103313446,0,False
254,25.521414211951196,25.480000000000018,0.10000000000002274,161,2.0751886156242154,1.2883343209892801,-0.2628811364215209,3.2891938034513912,0.5537645816802979,0.0009239355172116241,0.07840473142390339,0.0009239355172116241,0.0,-0.0,False,False,27,1.0,50,0.076,0.1,0.054,0.9875351786613464,-0.777902364730835,0,False
255,25.62113287160173,25.580000000000013,0.09999999999999432,160,2.095929216878607,1.2810340716402056,-0.41674914162153687,3.2824360114786333,0.5526268482208252,0.0017599122994248115,0.0801646437233282,0.0017599122994248115,0.0,-0.0,False,False,27,1.0,50,0.096,0.1,0.054,0.9861566424369812,-0.7684950828552246,0,False
256,25.72151616681367,25.680000000000007,0.09999999999999432,163,2.1152875128370416,1.2706553089930785,-0.568640995394822,3.2726866361985723,0.5509854555130005,0.0025390017236776837,0.08270364544700588,0.0025390017236776837,0.0,-0.0,False,False,27,1.0,50,0.116,0.1,0.054,0.9870069026947021,-0.7157502174377441,0,False
257,25.821576884016395,25.78,0.09999999999999432,159,2.1329224090962025,1.2575538995466755,-0.7079990838619413,3.2602646618194773,0.5488941073417664,0.0032350190093210496,0.08593866445632693,0.0032350190093210496,0.0,-0.0,False,False,27,1.0,50,0.136,0.1,0.054,0.9873072504997253,-0.6081367135047913,0,False
258,25.921232604887336,25.880000000000024,0.09999999999999432,161,2.148702442275973,1.2423351250718841,-0.8241217966265203,3.245743268622358,0.5464493036270142,0.003781764605275913,0.08972042906160285,0.003781764605275913,0.0,-0.0,False,False,27,1.0,50,0.156,0.1,0.054,0.9850215315818787,-0.48924520611763,0,False
259,26.021487870719284,25.980000000000018,0.10000000000002274,161,2.162759549607723,1.2256252437341564,-0.9179795824801299,3.2297289160398073,0.5437531471252441,0.004170571717947488,0.09389100077955034,0.004170571717947488,0.0,-0.0,False,False,27,1.0,50,0.176,0.1,0.054,0.9827616214752197,-0.3902732729911804,0,False
260,26.121566477697343,26.080000000000013,0.09999999999999432,162,2.175306318612013,1.2078664912425128,-0.9921983749001905,3.2126531709418367,0.5408782958984375,0.00444698711367655,0.0983379878932269,0.00444698711367655,0.0,-0.0,False,False,27,1.0,50,0.196,0.1,0.054,0.9769881963729858,-0.296956866979599,0,False
261,26.221299597993493,26.180000000000007,0.09999999999999432,161,2.1860689600435363,1.189919610221263,-1.1051348027536898,3.195341639514557,0.5379637479782104,0.002008392268298105,0.100346380161525,0.004508392268298105,0.0,-0.0025,True,True,28,1.0,50,0.016,0.1,0.056,0.6191222071647644,-0.9629105925559998,0,False
262,26.321302105672657,26.28,0.09999999999999432,163,2.1914979936417303,1.1762892614267868,-1.2857671205547427,3.1820568854289655,0.5357271432876587,0.00345971024327412,0.10380609040479911,0.00345971024327412,0.0,-0.0,False,False,28,1.0,50,0.036,0.1,0.056,0.5987653732299805,-0.9592503309249878,0,False
263,26.421317633707076,26.380000000000024,0.09999999999999432,158,2.194000569479918,1.1630009112256923,-1.4791089346878004,3.16894489970479,0.5335196256637573,0.003414716676524358,0.10722080708132348,0.003414716676524358,0.0,-0.0,False,False,28,1.0,50,0.056,0.1,0.056,0.6037766337394714,-0.9339929223060608,0,False
264,26.522538512013853,26.480000000000018,0.10099999999999909,165,2.1939812900689435,1.1493462107803276,-1.6661035736454546,3.155314608896367,0.5312248468399048,0.0035496973767736445,0.11077050445809712,0.0035496973767736445,0.0,-0.0,False,False,28,1.0,50,0.076,0.1,0.056,0.6109974980354309,-0.9021929502487183,0,False
265,26.62261178996414,26.580000000000013,0.10000000000002274,162,2.1914600088666885,1.1357634849144416,-1.8454595411685217,3.1416028903766207,0.5289163589477539,0.0035709033611024156,0.11434140781919953,0.0035709033611024156,0.0,-0.0,False,False,28,1.0,50,0.096,0.1,0.056,0.6220166087150574,-0.8890007138252258,0,False
266,26.723521909676492,26.680000000000007,0.10099999999999909,163,2.1864712137497593,1.1225794582871995,-2.0220706221595255,3.128142181627866,0.5266501307487488,0.003505533609410638,0.11784694142861017,0.003505533609410638,0.0,-0.0,False,False,28,1.0,50,0.116,0.1,0.056,0.6614665985107422,-0.8725090622901917,0,False
267,26.82332649966702,26.78,0.09999999999999432,162,2.1787242670960367,1.1095995011774196,-2.1948551151594202,3.1147313916064876,0.524392306804657,0.003492533419017821,0.121339474847628,0.003492533419017821,0.0,-0.0,False,False,28,1.0,50,0.136,0.1,0.056,0.7230465412139893,-0.8424952626228333,0,False
268,26.924597637727857,26.880000000000024,0.10099999999999909,165,2.1680234988058125,1.0970938221911217,-2.360203118864863,3.1016484366315664,0.5221896767616272,0.003407156282111488,0.12474663112973948,0.003407156282111488,0.0,-0.0,False,False,28,1.0,50,0.156,0.1,0.056,0.7695337533950806,-0.7930986881256104,0,False
269,27.024756914004683,26.980000000000018,0.09999999999999432,158,2.1548626389424026,1.0859275335272551,-2.5164841841814374,3.08981097160636,0.5201967358589172,0.0030827969218130994,0.1278294280515526,0.0030827969218130994,0.0,-0.0,False,False,28,1.0,50,0.176,0.1,0.056,0.7857917547225952,-0.7430444955825806,0,False
270,27.12513146875426,27.080000000000013,0.09999999999999432,155,2.1398650026144455,1.0766862505532,-2.6624228000504737,3.079863691584431,0.5185220241546631,0.0025905414855898878,0.13041996953714247,0.0025905414855898878,0.0,-0.0,False,False,28,1.0,50,0.196,0.1,0.056,0.7995291948318481,-0.6812271475791931,0,False
271,27.22516687680036,27.180000000000007,0.09999999999999432,162,2.1258608447595284,1.0705306218201678,-2.808446196223623,3.073109085913421,0.5173848271369934,-0.00074091749996206,0.12967905203718041,0.00175908250003794,0.0,-0.0025,True,True,29,1.0,50,0.016,0.1,0.058,0.95648193359375,0.3117769956588745,0,False
272,27.325173314660788,27.28,0.10000000000002274,162,2.1125901166012775,1.0664159794496637,-2.852709606514194,3.068482221742634,0.5166058540344238,0.0012049609095339936,0.1308840129467144,0.0012049609095339936,0.0,-0.0,False,False,29,1.0,50,0.036,0.1,0.058,0.9557923674583435,0.3061692416667938,0,False
273,27.425090552773327,27.380000000000024,0.09999999999999432,161,2.0954206131567914,1.0612440905816722,-2.8317293080659613,3.0627309470885344,0.5156375765800476,0.0014977878931347333,0.13238180083984913,0.0014977878931347333,0.0,-0.0,False,False,29,1.0,50,0.056,0.1,0.058,0.9561439752578735,0.3083246350288391,0,False
274,27.525315028615296,27.480000000000018,0.09999999999999432,164,2.075722052984074,1.0542492189015271,-2.7687519036359567,3.0551879087518006,0.5143676400184631,0.0019644117482996546,0.13434621258814877,0.0019644117482996546,0.0,-0.0,False,False,29,1.0,50,0.076,0.1,0.058,0.9573542475700378,0.3151494264602661,0,False
275,27.62496382975951,27.580000000000013,0.09999999999999432,163,2.0564626833961666,1.0460268176772547,-2.7054781091281415,3.0465501987480628,0.5129134058952332,0.0022494939376239676,0.13659570652577274,0.0022494939376239676,0.0,-0.0,False,False,29,1.0,50,0.096,0.1,0.058,0.9585903286933899,0.3236471712589264,0,False
276,27.72488776780665,27.680000000000007,0.09999999999999432,160,2.037747628076628,1.0365795182126731,-2.640659302912015,3.0368142767420463,0.5112742781639099,0.002535498126266872,0.13913120465203963,0.002535498126266872,0.0,-0.0,False,False,29,1.0,50,0.116,0.1,0.058,0.9588140249252319,0.334940642118454,0,False
277,27.825318502727896,27.78,0.10000000000002274,162,2.019698021318414,1.0259194328308503,-2.5736580428687525,3.025983683069026,0.5094508528709412,0.002820580315591185,0.1419517849676308,0.002820580315591185,0.0,-0.0,False,False,29,1.0,50,0.136,0.1,0.058,0.9575895071029663,0.3424396514892578,0,False
278,27.92536005983129,27.880000000000024,0.09999999999999432,162,2.0024383139655098,1.0140784250974202,-2.505105197514119,3.014079305707124,0.5074466466903687,0.0031002227089354357,0.14505200767656623,0.0031002227089354357,0.0,-0.0,False,False,29,1.0,50,0.156,0.1,0.058,0.9560693502426147,0.3499492406845093,0,False
279,28.02518427884206,27.980000000000018,0.09999999999999432,162,1.986071127061551,1.0010969726611056,-2.435013519827371,3.0011294673385396,0.5052664279937744,0.0033724891077304875,0.14842449678429673,0.0033724891077304875,0.0,-0.0,False,False,29,1.0,50,0.176,0.1,0.058,0.9544693827629089,0.3583858013153076,0,False
280,28.125012308824807,28.080000000000013,0.09999999999999432,162,1.9706990692738124,0.9870177042689775,-2.363273786024322,2.9871614285448893,0.5029147863388062,0.0036376561117721965,0.15206215289606892,0.0036376561117721965,0.0,-0.0,False,False,29,1.0,50,0.196,0.1,0.058,0.9516869783401489,0.3649023175239563,0,False
281,28.22546789282933,28.180000000000007,0.09999999999999432,163,1.9562274120793661,0.97179782177291,-2.3075366561297925,2.9721203141294126,0.5003824830055237,0.0014171141052526592,0.15347926700132158,0.003917114105252659,0.0,-0.0025,True,True,30,1.0,50,0.016,0.1,0.06,0.9656364321708679,0.24285097420215607,0,False
282,28.325468200724572,28.28,0.10000000000002274,162,1.9424006867398351,0.9558013605604397,-2.2572531769295323,2.9563624588375292,0.49772951006889343,0.004103772867311846,0.15758303986863342,0.004103772867311846,0.0,-0.0,False,False,30,1.0,50,0.036,0.1,0.06,0.9656410217285156,0.2413882464170456,0,False
283,28.425288809929043,28.380000000000024,0.09999999999999432,162,1.9293586655443804,0.9391385785404092,-2.209834461350764,2.939987346090464,0.4949726164340973,0.004264523448517234,0.16184756331715067,0.004264523448517234,0.0,-0.0,False,False,30,1.0,50,0.056,0.1,0.06,0.9667209982872009,0.2388722449541092,0,False
284,28.525528725702316,28.480000000000018,0.09999999999999432,160,1.9171173151115337,0.9218464286131733,-2.162837347747489,2.9230217054195435,0.4921163022518158,0.0044183129348667445,0.1662658762520174,0.0044183129348667445,0.0,-0.0,False,False,30,1.0,50,0.076,0.1,0.06,0.9678667783737183,0.23731732368469238,0,False
285,28.62559822294861,28.580000000000013,0.09999999999999432,162,1.9056982036964116,0.9039733317655857,-2.1156777051137734,2.905504126479264,0.48916706442832947,0.004562052628643001,0.17082792888066042,0.004562052628643001,0.0,-0.0,False,False,30,1.0,50,0.096,0.1,0.06,0.9690277576446533,0.2354256957769394,0,False
286,28.725597330834717,28.680000000000007,0.09999999999999432,162,1.8951214286359,0.8855630477937475,-2.068625582790751,2.8874684194715,0.48613059520721436,0.004696987228926542,0.17552491610958695,0.004696987228926542,0.0,-0.0,False,False,30,1.0,50,0.116,0.1,0.06,0.9700219035148621,0.23698332905769348,0,False
287,28.825711478013545,28.78,0.10000000000002274,161,1.8854154464016653,0.8666575910764693,-2.021279538386442,2.868946801447254,0.483012318611145,0.0048235316354101115,0.18034844774499706,0.0048235316354101115,0.0,-0.0,False,False,30,1.0,50,0.136,0.1,0.06,0.9707849025726318,0.2381659597158432,0,False
288,28.925728924572468,28.880000000000024,0.09999999999999432,163,1.87661106076043,0.8472990765926622,-1.9737769949501325,2.8499713124407644,0.47981762886047363,0.004941731948060029,0.18529017969305708,0.004941731948060029,0.0,-0.0,False,False,30,1.0,50,0.156,0.1,0.06,0.9711780548095703,0.23883572220802307,0,False
289,29.02581194182858,28.980000000000018,0.09999999999999432,163,1.8687326954699712,0.8275329428000169,-1.92615407074956,2.830578240888598,0.4765526354312897,0.005050481767694032,0.19034066146075113,0.005050481767694032,0.0,-0.0,False,False,30,1.0,50,0.176,0.1,0.06,0.971936821937561,0.23920297622680664,0,False
290,29.1256217318587,29.080000000000013,0.09999999999999432,161,1.8617981445984606,0.807396456277256,-1.878474452199481,2.810796086489719,0.47322213649749756,0.005151809492812747,0.19549247095356387,0.005151809492812747,0.0,-0.0,False,False,30,1.0,50,0.196,0.1,0.06,0.9728513360023499,0.23917530477046967,0,False
291,29.226029465906322,29.180000000000007,0.09999999999999432,163,1.8557534148697057,0.7870468519905284,-1.8583310284907897,2.7907772606777113,0.4698517918586731,0.002713445147264065,0.19820591610082794,0.005213445147264065,0.0,-0.0025,True,True,31,1.0,50,0.016,0.1,0.062,0.9999831318855286,-0.5398379564285278,0,False
292,29.326152212917805,29.28,0.10000000000002274,163,1.8486303573861098,0.7664581288562893,-1.9585737743378702,2.770596287510113,0.4664541482925415,0.00525567271605782,0.20346158881688575,0.00525567271605782,0.0,-0.0,False,False,31,1.0,50,0.036,0.1,0.062,0.9999783635139465,-0.5490891933441162,0,False
293,29.426089450716972,29.380000000000024,0.09999999999999432,162,1.8391553274938133,0.7463902770212677,-2.067308150278167,2.7510962978326443,0.4631711542606354,0.005078326147116967,0.20853991496400273,0.005078326147116967,0.0,-0.0,False,False,31,1.0,50,0.056,0.1,0.062,0.9999678730964661,-0.5570493340492249,0,False
294,29.52581587061286,29.480000000000018,0.09999999999999432,161,1.8275274190518267,0.7274824920983252,-2.1783067458060144,2.7329301294699997,0.46011272072792053,0.004730962903818484,0.21327087786782123,0.004730962903818484,0.0,-0.0,False,False,31,1.0,50,0.076,0.1,0.062,0.9999455809593201,-0.5539172291755676,0,False
295,29.626280854921788,29.580000000000013,0.09999999999999432,163,1.813882778696638,0.7099739304296746,-2.288701594360498,2.716357466014595,0.4573225677013397,0.004315971010497371,0.2175868488783186,0.004315971010497371,0.0,-0.0,False,False,31,1.0,50,0.096,0.1,0.062,0.9999077916145325,-0.5470752120018005,0,False
296,29.725896426010877,29.680000000000007,0.09999999999999432,162,1.7984075673565894,0.6940626915625955,-2.3976271753036893,2.701594621951726,0.4548371136188507,0.003844644958807423,0.22143149383712604,0.003844644958807423,0.0,-0.0,False,False,31,1.0,50,0.116,0.1,0.062,0.9998116493225098,-0.5439276695251465,0,False
297,29.826210350729525,29.78,0.10000000000002274,159,1.781302136384256,0.6799241164152311,-2.5059658352070513,2.6888327753862398,0.4526885449886322,0.0033235309439106184,0.22475502478103665,0.0033235309439106184,0.0,-0.0,False,False,31,1.0,50,0.136,0.1,0.062,0.9996210336685181,-0.5440996885299683,0,False
298,29.926190298981965,29.880000000000024,0.09999999999999432,162,1.7627717598153831,0.6677206622127355,-2.6146086776181034,2.678247703964535,0.4509064555168152,0.0027566396628432716,0.22751166444387994,0.0027566396628432716,0.0,-0.0,False,False,31,1.0,50,0.156,0.1,0.062,0.9994726181030273,-0.5477598905563354,0,False
299,30.026265275664628,29.980000000000018,0.09999999999999432,158,1.7430259515936446,0.6576050066064771,-2.7239218180267506,2.669999961891329,0.4495178759098053,0.00214793571267549,0.22965960015655543,0.00214793571267549,0.0,-0.0,False,False,31,1.0,50,0.176,0.1,0.062,0.9993568062782288,-0.5508604049682617,0,False
300,30.126452641561627,30.080000000000013,0.09999999999999432,163,1.722292029159133,0.6497131516751197,-2.8338768434907413,2.664226206108234,0.44854581356048584,0.0015036425888081161,0.23116324274536354,0.0015036425888081161,0.0,-0.0,False,False,31,1.0,50,0.196,0.1,0.062,0.9991766810417175,-0.5516738295555115,0,False
301,30.22632942069322,30.180000000000007,0.09999999999999432,162,1.7010640017452567,0.6441099547854551,-2.918378313354986,2.6609547592974483,0.44799503684043884,-0.0016480265296083402,0.2295152162157552,0.0008519734703916598,0.0,-0.0025,True,True,32,1.0,50,0.016,0.1,0.064,0.9998939037322998,0.8927542567253113,0,False
302,30.326229428872466,30.28,0.10000000000002274,160,1.6800566554719532,0.6390344347336723,-2.87347906400407,2.6583579233732983,0.44755783677101135,0.0006762865002242029,0.2301915027159794,0.0006762865002242029,0.0,-0.0,False,False,32,1.0,50,0.036,0.1,0.064,0.9998732805252075,0.8895222544670105,0,False
303,30.42653006501496,30.380000000000024,0.09999999999999432,160,1.6598026941026036,0.6318559457515296,-2.710793704942073,2.6537521241973976,0.4467824101448059,0.0011994750135879552,0.23139097772956735,0.0011994750135879552,0.0,-0.0,False,False,32,1.0,50,0.056,0.1,0.064,0.9997996091842651,0.8669827580451965,0,False
304,30.526551901828498,30.480000000000018,0.09999999999999432,161,1.6409670288835252,0.6212145448460823,-2.5407855959398016,2.6456890106087783,0.4454249143600464,0.0020998534482083524,0.2334908311777757,0.0020998534482083524,0.0,-0.0,False,False,32,1.0,50,0.076,0.1,0.064,0.9997361898422241,0.8531975746154785,0,False
305,30.626583588775247,30.580000000000013,0.09999999999999432,163,1.6242114216294332,0.6075287501022566,-2.3713762486732257,2.6344682719884625,0.44353580474853516,0.0029221846405055227,0.23641301581828122,0.0029221846405055227,0.0,-0.0,False,False,32,1.0,50,0.096,0.1,0.064,0.9996482729911804,0.8314560651779175,0,False
306,30.72629796899855,30.680000000000007,0.09999999999999432,162,1.6099569194106638,0.591239675990762,-2.2058690954516167,2.6204306656066603,0.44117245078086853,0.003655773398383477,0.2400687892166647,0.003655773398383477,0.0,-0.0,False,False,32,1.0,50,0.116,0.1,0.064,0.9995061755180359,0.8194869756698608,0,False
307,30.826548374723643,30.78,0.10000000000002274,163,1.5985538381805335,0.5728339882325534,-2.0428984370422234,2.6039649202765576,0.4384002983570099,0.004288126631074437,0.24435691584773914,0.004288126631074437,0.0,-0.0,False,False,32,1.0,50,0.136,0.1,0.064,0.999265193939209,0.8055373430252075,0,False
308,30.926532172597945,30.880000000000024,0.09999999999999432,163,1.5902592889328697,0.5528294229710546,-1.8831934559310117,2.5855029569016943,0.4352920651435852,0.004807995946890934,0.24916491179463007,0.004807995946890934,0.0,-0.0,False,False,32,1.0,50,0.156,0.1,0.064,0.9988610148429871,0.793207049369812,0,False
309,31.02772630099207,30.980000000000018,0.10099999999999909,164,1.585220195052931,0.5317679124818084,-1.726013079729568,2.5655197114591997,0.43192771077156067,0.005204179054111707,0.25436909084874176,0.005204179054111707,0.0,-0.0,False,False,32,1.0,50,0.176,0.1,0.064,0.9980900287628174,0.7516500353813171,0,False
310,31.12766468897462,31.080000000000013,0.09999999999999432,160,1.5834599086557524,0.5101762783853045,-1.5819026644014447,2.544501980049375,0.42838919162750244,0.005473587255019031,0.25984267810376077,0.005473587255019031,0.0,-0.0,False,False,32,1.0,50,0.196,0.1,0.064,0.9968635439872742,0.5924842357635498,0,False
311,31.22753836773336,31.180000000000007,0.09999999999999432,161,1.5845083375823545,0.48865325973691826,-1.4575350276662555,2.5230988831448755,0.4247857928276062,0.003073946880853293,0.26291662498461404,0.005573946880853293,0.0,-0.0025,True,True,33,1.0,50,0.016,0.1,0.066,0.9639012217521667,0.3530094027519226,0,False
312,31.32760490477085,31.28,0.10000000000002274,161,1.5874618427762777,0.46772686021601007,-1.3946710173803734,2.50197193239182,0.42122888565063477,0.005502030933999073,0.26841865591861314,0.005502030933999073,0.0,-0.0,False,False,33,1.0,50,0.036,0.1,0.066,0.9574586749076843,0.3526568114757538,0,False
313,31.427904449868947,31.380000000000024,0.09999999999999432,160,1.5918515599205552,0.4474817031531425,-1.3210594372975912,2.4812802658608146,0.4177452623844147,0.00538867111777211,0.2738073270363853,0.00538867111777211,0.0,-0.0,False,False,33,1.0,50,0.056,0.1,0.066,0.9500842690467834,0.34728676080703735,0,False
314,31.527995796874166,31.480000000000018,0.09999999999999432,161,1.5976780470880672,0.4275369432877886,-1.2515815954881186,2.4606500241468297,0.4142719805240631,0.005372674429593522,0.2791800014659788,0.005372674429593522,0.0,-0.0,False,False,33,1.0,50,0.076,0.1,0.066,0.9519575834274292,0.3075132668018341,0,False
315,31.628069213591516,31.580000000000013,0.09999999999999432,161,1.6048251775257416,0.4079114341322895,-1.1913538074374352,2.4401231602228717,0.41081610321998596,0.005345752049489296,0.2845257535154681,0.005345752049489296,0.0,-0.0,False,False,33,1.0,50,0.096,0.1,0.066,0.9683454036712646,0.2760791778564453,0,False
316,31.72772687394172,31.680000000000007,0.09999999999999432,163,1.6132323006353078,0.3883819434331031,-1.1375441382945484,2.419495396743579,0.4073432385921478,0.005372029030070554,0.28989778254553866,0.005372029030070554,0.0,-0.0,False,False,33,1.0,50,0.116,0.1,0.066,0.981540322303772,0.24614068865776062,0,False
317,31.828100338578224,31.78,0.10000000000002274,163,1.6227447222587295,0.3690686076697968,-1.0895689924759908,2.3989180830419534,0.4038788676261902,0.005358890539779925,0.2952566730853186,0.005358890539779925,0.0,-0.0,False,False,33,1.0,50,0.136,0.1,0.066,0.9888418316841125,0.21563033759593964,0,False
318,31.92784221889451,31.880000000000024,0.09999999999999432,163,1.6331931964138036,0.35006408139790335,-1.0475608252233524,2.3785181401376017,0.400444358587265,0.005312698373915832,0.30056937145923446,0.005312698373915832,0.0,-0.0,False,False,33,1.0,50,0.156,0.1,0.066,0.9929273128509521,0.18594792485237122,0,False
319,32.027953994926065,31.980000000000018,0.09999999999999432,163,1.6444262321026986,0.33139717017548664,-1.0120952661677316,2.3583564617972512,0.3970499634742737,0.005250647819771309,0.30582001927900576,0.005250647819771309,0.0,-0.0,False,False,33,1.0,50,0.176,0.1,0.066,0.9953388571739197,0.13809429109096527,0,False
320,32.12800789158791,32.08000000000001,0.09999999999999432,161,1.656266526823599,0.3130225252716821,-0.9863620453304922,2.338423843149188,0.393694132566452,0.005190994463855102,0.3110110137428609,0.005190994463855102,0.0,-0.0,False,False,33,1.0,50,0.196,0.1,0.066,0.9972493052482605,0.09126851707696915,0,False
321,32.22814823873341,32.18000000000001,0.09999999999999432,162,1.668421462740189,0.2950986861696631,-0.9597993970918987,2.3189270397734667,0.3904116749763489,0.002577496347730211,0.3135885100905911,0.005077496347730211,0.0,-0.0025,True,True,34,1.0,50,0.016,0.1,0.068,0.9985578060150146,-0.24325762689113617,0,False
322,32.32841550372541,32.28,0.10000000000002274,163,1.6805938006463064,0.2768205513650327,-1.013916471530433,2.299115500591806,0.3870762288570404,0.005159462087157453,0.31874797217774853,0.005159462087157453,0.0,-0.0,False,False,34,1.0,50,0.036,0.1,0.068,0.9986087083816528,-0.250765323638916,0,False
323,32.429094726685435,32.380000000000024,0.09999999999999432,160,1.6918803280903547,0.25786438334576833,-1.0619332135453876,2.2787911438455732,0.3836544454097748,0.005293013688462875,0.3240409858662114,0.005293013688462875,0.0,-0.0,False,False,34,1.0,50,0.056,0.1,0.068,0.9986749291419983,-0.2590833604335785,0,False
324,32.52885078592226,32.48000000000002,0.09999999999999432,161,1.70216939354688,0.23835225520616854,-1.1120955261154668,2.2580796514370287,0.38016748428344727,0.005393834313956433,0.32943482018016784,0.005393834313956433,0.0,-0.0,False,False,34,1.0,50,0.076,0.1,0.068,0.9987784624099731,-0.2697339951992035,0,False
325,32.628911822568625,32.58000000000001,0.09999999999999432,162,1.711409709131153,0.2183162460357821,-1.166088454681127,2.2370095230651352,0.3766201436519623,0.005487232844934933,0.33492205302510275,0.005487232844934933,0.0,-0.0,False,False,34,1.0,50,0.096,0.1,0.068,0.9989128708839417,-0.281953364610672,0,False
326,32.72892733057961,32.68000000000001,0.09999999999999432,163,1.719529859986225,0.19778864967656476,-1.2230671972967433,2.215612444730603,0.3730177581310272,0.005572379482011618,0.34049443250711436,0.005572379482011618,0.0,-0.0,False,False,34,1.0,50,0.116,0.1,0.068,0.9990443587303162,-0.2939632833003998,0,False
327,32.8289732276462,32.78,0.10000000000002274,162,1.7264518062314436,0.17681545439846386,-1.2823235313980588,2.193935679909353,0.3693682849407196,0.005645217428184314,0.34613964993529867,0.005645217428184314,0.0,-0.0,False,False,34,1.0,50,0.136,0.1,0.068,0.9991621375083923,-0.30601197481155396,0,False
328,32.92905954364687,32.880000000000024,0.09999999999999432,162,1.7320999766190899,0.1554528712056502,-1.3439977376457364,2.172037644133421,0.36568155884742737,0.005702842385599433,0.3518424923208981,0.005702842385599433,0.0,-0.0,False,False,34,1.0,50,0.156,0.1,0.068,0.9992884993553162,-0.3252525329589844,0,False
329,33.02905244193971,32.98000000000002,0.09999999999999432,160,1.7363800674339798,0.1337618130319123,-1.4096769618745013,2.1499848957059746,0.3619687855243683,0.005743133755824168,0.3575856260767223,0.005743133755824168,0.0,-0.0,False,False,34,1.0,50,0.176,0.1,0.068,0.9992190599441528,-0.3410588204860687,0,False
330,33.12907354859635,33.08000000000001,0.09999999999999432,163,1.7391943951208635,0.11182727186149316,-1.4781697108132248,2.1278707224615085,0.3582456707954407,0.0057591304440026405,0.3633447565207249,0.0057591304440026405,0.0,-0.0,False,False,34,1.0,50,0.196,0.1,0.068,0.9991342425346375,-0.3523021340370178,0,False
331,33.229464473668486,33.18000000000001,0.09999999999999432,164,1.740602119680165,0.0899239205021602,-1.5142260407184105,2.105960472528878,0.3545568883419037,0.0032060232832487605,0.36655077980397366,0.0057060232832487606,0.0,-0.0025,True,True,35,1.0,50,0.016,0.1,0.07,0.9999578595161438,0.3120620548725128,0,False
332,33.329620979726315,33.28,0.10000000000002274,162,1.742590192415689,0.06817347127342883,-1.4494857085491046,2.0841307652237515,0.3508816659450531,0.005685047798749637,0.3722358276027233,0.005685047798749637,0.0,-0.0,False,False,35,1.0,50,0.036,0.1,0.07,0.9999489784240723,0.26642248034477234,0,False
333,33.429458358790725,33.380000000000024,0.09999999999999432,156,1.7457938108943358,0.04651757757237615,-1.3973400980636101,2.0622451206212813,0.347197026014328,0.005699615387984245,0.3779354429907075,0.005699615387984245,0.0,-0.0,False,False,35,1.0,50,0.056,0.1,0.07,0.9999412894248962,0.2218025177717209,0,False
334,33.52919123787433,33.48000000000002,0.09999999999999432,161,1.7500242327491702,0.025017710519105046,-1.355079404669014,2.0403883297513015,0.3435172438621521,0.005692101093537351,0.3836275440842449,0.005692101093537351,0.0,-0.0,False,False,35,1.0,50,0.076,0.1,0.07,0.999934196472168,0.1843908727169037,0,False
335,33.629225245676935,33.58000000000001,0.09999999999999432,159,1.7551011115276975,0.003683819872586724,-1.3196124408493395,2.0185945568492154,0.3398480713367462,0.005675689505665443,0.3893032335899103,0.005675689505665443,0.0,-0.0,False,False,35,1.0,50,0.096,0.1,0.07,0.9999256134033203,0.15902988612651825,0,False
336,33.729568999726325,33.68000000000001,0.09999999999999432,155,1.7608861099876418,-0.017481954959040966,-1.2884008366888582,1.996885929010491,0.3361932337284088,0.005653515422052104,0.3949567490119624,0.005653515422052104,0.0,-0.0,False,False,35,1.0,50,0.116,0.1,0.07,0.9999159574508667,0.14395658671855927,0,False
337,33.83028753194958,33.78,0.10099999999999909,161,1.7672949879646944,-0.038474098771512845,-1.2601261469773903,1.9752810329953217,0.3325558602809906,0.005626500842015868,0.4005832498539783,0.005626500842015868,0.0,-0.0,False,False,35,1.0,50,0.136,0.1,0.07,0.9999045133590698,0.127686008810997,0,False
338,33.93055489799008,33.880000000000024,0.10000000000002274,163,1.7742627604404813,-0.059290759474989775,-1.2354830423360725,1.9537936761112795,0.3289382755756378,0.005595890464636926,0.40617914031861524,0.005595890464636926,0.0,-0.0,False,False,35,1.0,50,0.156,0.1,0.07,0.9998822808265686,0.10399280488491058,0,False
339,34.03091592201963,33.98000000000002,0.09999999999999432,163,1.7816923644952223,-0.07995169051697011,-1.2154499087628257,1.9324190789057434,0.325339674949646,0.005566524786338177,0.4117456651049534,0.005566524786338177,0.0,-0.0,False,False,35,1.0,50,0.176,0.1,0.07,0.9998703002929688,0.08515538275241852,0,False
340,34.13096506893635,34.08000000000001,0.09999999999999432,159,1.7895001386324094,-0.10047946854243067,-1.199032622711082,1.911148390540526,0.32175856828689575,0.005539464106336023,0.41728512921128946,0.005539464106336023,0.0,-0.0,False,False,35,1.0,50,0.196,0.1,0.07,0.9998632669448853,0.07085695117712021,0,False
341,34.23080736771226,34.18000000000001,0.09999999999999432,159,1.797585979217396,-0.12067777366289031,-1.1769216512925902,1.8901913758806659,0.3182302713394165,0.002957774966704347,0.4202429041779938,0.005457774966704347,0.0,-0.0025,True,True,36,1.0,50,0.016,0.1,0.072,0.962911069393158,-0.07185962796211243,0,False
342,34.330995173659176,34.28,0.09999999999999432,159,1.8054800671038493,-0.14037125679346202,-1.1983207920069776,1.869774616383758,0.3147929310798645,0.005317077870679432,0.42555998204867324,0.005317077870679432,0.0,-0.0,False,False,36,1.0,50,0.036,0.1,0.072,0.9615281224250793,-0.06771025061607361,0,False
343,34.43092660186812,34.380000000000024,0.10000000000002274,159,1.813090117832938,-0.16013622004357997,-1.2121705932835432,1.8493334285734533,0.311351478099823,0.005323439665978087,0.4308834217146513,0.005323439665978087,0.0,-0.0,False,False,36,1.0,50,0.056,0.1,0.072,0.9606465101242065,-0.06584429740905762,0,False
344,34.53109758766368,34.48000000000002,0.09999999999999432,159,1.8204163987652071,-0.17998033027821736,-1.2240796379532204,1.8288580765277456,0.30790427327156067,0.005332336959402985,0.4362157586740543,0.005332336959402985,0.0,-0.0,False,False,36,1.0,50,0.076,0.1,0.072,0.960155725479126,-0.06461479514837265,0,False
345,34.631147254724056,34.58000000000001,0.09999999999999432,159,1.8274780917230191,-0.1999083566986916,-1.2365019238679165,1.808340063441975,0.3044498860836029,0.0053434470511926424,0.441559205725247,0.0053434470511926424,0.0,-0.0,False,False,36,1.0,50,0.096,0.1,0.072,0.9599199295043945,-0.06345998495817184,0,False
346,34.7311569317244,34.68000000000001,0.09999999999999432,159,1.8342864020332805,-0.2199207972495887,-1.249216128534537,1.7877760259976307,0.30098775029182434,0.005355433042334974,0.446914638767582,0.005355433042334974,0.0,-0.0,False,False,36,1.0,50,0.116,0.1,0.072,0.9596666097640991,-0.06225860118865967,0,False
347,34.83109024958685,34.78,0.09999999999999432,159,1.840844949143923,-0.24001344677601835,-1.2617100159177086,1.7671680883958774,0.29751822352409363,0.005366865833886173,0.45228150460146815,0.005366865833886173,0.0,-0.0,False,False,36,1.0,50,0.136,0.1,0.072,0.959435224533081,-0.06110032647848129,0,False
348,34.9312639660202,34.880000000000024,0.10000000000002274,159,1.8471546662641902,-0.260176504756695,-1.2738831660719871,1.7465243934078476,0.2940426766872406,0.0053761780270043915,0.45765768262847256,0.0053761780270043915,0.0,-0.0,False,False,36,1.0,50,0.156,0.1,0.072,0.9578975439071655,-0.05953684821724892,0,False
349,35.031384302768856,34.98000000000002,0.09999999999999432,157,1.8532111674300256,-0.280377021899054,-1.2856990712257321,1.7258766270342514,0.29056644439697266,0.005377238326220911,0.46303492095469345,0.005377238326220911,0.0,-0.0,False,False,36,1.0,50,0.176,0.1,0.072,0.956113874912262,-0.05794448032975197,0,False
350,35.13112847181037,35.08000000000001,0.09999999999999432,158,1.859016419902505,-0.3005949849330365,-1.2972276382927281,1.705243022001755,0.2870925962924957,0.0053735503289463115,0.46840847128363977,0.0053735503289463115,0.0,-0.0,False,False,36,1.0,50,0.196,0.1,0.072,0.9517390131950378,-0.0569513775408268,0,False
351,35.23126119794324,35.18000000000001,0.09999999999999432,159,1.864665803864101,-0.3211891422610561,-1.31048135792432,1.684256799575877,0.2835593819618225,0.002965381461083077,0.4713738527447228,0.005465381461083077,0.0,-0.0025,True,True,37,1.0,50,0.016,0.1,0.074,0.9820234775543213,-0.07223113626241684,0,False
352,35.33147774357349,35.28,0.09999999999999432,159,1.8700871207349183,-0.3421306757161009,-1.3247385199961548,1.6629515929417291,0.27997246384620667,0.005548453599692815,0.4769223063444156,0.005548453599692815,0.0,-0.0,False,False,37,1.0,50,0.036,0.1,0.074,0.9817900061607361,-0.07005787640810013,0,False
353,35.431323882658035,35.380000000000024,0.10000000000002274,158,1.8752093385129547,-0.3631390165156742,-1.3387575405454695,1.6416109829548322,0.2763795852661133,0.005557673592879197,0.4824799799372948,0.005557673592879197,0.0,-0.0,False,False,37,1.0,50,0.056,0.1,0.074,0.9810039401054382,-0.0677684023976326,0,False
354,35.53140682866797,35.48000000000002,0.09999999999999432,158,1.880039504100889,-0.3841980012898667,-1.3522590736759115,1.620248953939522,0.272783100605011,0.005563251688757014,0.4880432316260518,0.005563251688757014,0.0,-0.0,False,False,37,1.0,50,0.076,0.1,0.074,0.9801489114761353,-0.06552562117576599,0,False
355,35.6317532537505,35.58000000000001,0.09999999999999432,156,1.8845854578506358,-0.40529833936040655,-1.3652598654798598,1.5988727635831121,0.2691842317581177,0.005566939686031555,0.49361017131208335,0.005566939686031555,0.0,-0.0,False,False,37,1.0,50,0.096,0.1,0.074,0.9792209267616272,-0.06332794576883316,0,False
356,35.73186879977584,35.68000000000001,0.09999999999999432,159,1.8888558840766798,-0.4264323028932246,-1.3778177500669369,1.5774878994052788,0.26558390259742737,0.005569198584362232,0.49917936989644557,0.005569198584362232,0.0,-0.0,False,False,37,1.0,50,0.116,0.1,0.074,0.9782195091247559,-0.06116870045661926,0,False
357,35.831781587563455,35.78,0.09999999999999432,158,1.8928599223819023,-0.4475943950931509,-1.3899540714676974,1.5560984327915879,0.261982798576355,0.005570397183476506,0.504749767079922,0.005570397183476506,0.0,-0.0,False,False,37,1.0,50,0.136,0.1,0.074,0.9771426916122437,-0.05904299393296242,0,False
358,35.93158870656043,35.880000000000024,0.10000000000002274,158,1.896606402623021,-0.468779688139885,-1.401667510306347,1.534707018993496,0.25838136672973633,0.00557090428310172,0.5103206713630237,0.00557090428310172,0.0,-0.0,False,False,37,1.0,50,0.156,0.1,0.074,0.9759772419929504,-0.05691526457667351,0,False
359,36.031885211821645,35.98000000000002,0.09999999999999432,159,1.900104118183863,-0.4899814408969653,-1.4129514357864352,1.5133193225474426,0.2547805607318878,0.005569936183817153,0.5158906075468409,0.005569936183817153,0.0,-0.0,False,False,37,1.0,50,0.176,0.1,0.074,0.9746906161308289,-0.05474405363202095,0,False
360,36.13193539856002,36.08000000000001,0.09999999999999432,159,1.9033622581366134,-0.5111914594401916,-1.4238009385310308,1.491941539040159,0.251181423664093,0.005567354585724991,0.5214579621325659,0.005567354585724991,0.0,-0.0,False,False,37,1.0,50,0.196,0.1,0.074,0.9733021855354309,-0.05261337757110596,0,False
361,36.23197699571028,36.18000000000001,0.09999999999999432,159,1.9063962601959645,-0.5323889876527343,-1.4322184389142474,1.4705929632988934,0.2475872039794922,0.0030597480913461448,0.524517710223912,0.005559748091346145,0.0,-0.0025,True,True,38,1.0,50,0.016,0.1,0.076,0.9709478616714478,-0.033110879361629486,0,False
362,36.33186742383987,36.28,0.09999999999999432,159,1.9092801112460749,-0.5535568243968741,-1.4388966447117362,1.4492853669384351,0.2439998835325241,0.005549075949232853,0.5300667861731448,0.005549075949232853,0.0,-0.0,False,False,38,1.0,50,0.036,0.1,0.076,0.9689122438430786,-0.03216918557882309,0,False
363,36.4321110798046,36.380000000000024,0.10000000000002274,159,1.9120188941763838,-0.574697024409624,-1.445152135518704,1.428015829182182,0.24041897058486938,0.005539164456557469,0.5356059506297023,0.005539164456557469,0.0,-0.0,False,False,38,1.0,50,0.056,0.1,0.076,0.966537594795227,-0.029544658958911896,0,False
364,36.531930297613144,36.48000000000002,0.09999999999999432,155,1.9146210337132121,-0.5958004680910226,-1.450871015695589,1.4067927583264122,0.23684588074684143,0.005527063215500313,0.5411330138452026,0.005527063215500313,0.0,-0.0,False,False,38,1.0,50,0.076,0.1,0.076,0.9638653993606567,-0.026534540578722954,0,False
365,36.6321741938591,36.58000000000001,0.09999999999999432,159,1.9171005063926716,-0.6168580239604019,-1.4560741281268914,1.3856240316171125,0.2332819402217865,0.005512910525959083,0.5466459243711617,0.005512910525959083,0.0,-0.0,False,False,38,1.0,50,0.096,0.1,0.076,0.9609243869781494,-0.02389536239206791,0,False
366,36.73193900287151,36.68000000000001,0.09999999999999432,158,1.9194688910504594,-0.637860752272138,-1.4607690008105148,1.3645177033170328,0.22972850501537323,0.00549666028796809,0.5521425846591298,0.00549666028796809,0.0,-0.0,False,False,38,1.0,50,0.116,0.1,0.076,0.9576858282089233,-0.02162458747625351,0,False
367,36.83200410986319,36.78,0.09999999999999432,158,1.9217350238403292,-0.6588000976225421,-1.4650125506529301,1.3434814736553968,0.2261868715286255,0.005478404701458882,0.5576209893605887,0.005478404701458882,0.0,-0.0,False,False,38,1.0,50,0.136,0.1,0.076,0.9541255235671997,-0.01967662200331688,0,False
368,36.932272584643215,36.880000000000024,0.10000000000002274,160,1.923908197580994,-0.6796676479204319,-1.4688399590810426,1.3225231313698087,0.22265835106372833,0.005458120716448819,0.5630791100770375,0.005458120716448819,0.0,-0.0,False,False,38,1.0,50,0.156,0.1,0.076,0.9501983523368835,-0.016970226541161537,0,False
369,37.03222255175933,36.98000000000002,0.09999999999999432,160,1.9259988231187002,-0.7004543152495339,-1.4721306615858452,1.301650907739783,0.2191443294286728,0.005435693083022786,0.5685148031600603,0.005435693083022786,0.0,-0.0,False,False,38,1.0,50,0.176,0.1,0.076,0.9458556771278381,-0.014582028612494469,0,False
370,37.13234212901443,37.08000000000001,0.09999999999999432,154,1.9280165630987043,-0.7211499579607596,-1.4749593883061656,1.2808743616705618,0.2156464159488678,0.005410776051436543,0.5739255792114969,0.005410776051436543,0.0,-0.0,False,False,38,1.0,50,0.196,0.1,0.076,0.9410653710365295,-0.012500469572842121,0,False
371,37.232217526994646,37.18000000000001,0.09999999999999432,159,1.9299887615886089,-0.7417288808515774,-1.47099795509866,1.260217390425251,0.2121686339378357,0.002879635524449342,0.5768052147359463,0.005379635524449342,0.0,-0.0025,True,True,39,1.0,50,0.016,0.1,0.078,0.9281795024871826,0.07494635879993439,0,False
372,37.332356752827764,37.28,0.09999999999999432,158,1.9322075807818637,-0.7619522264367772,-1.4559069682669623,1.239902415567497,0.20874843001365662,0.005290570390268468,0.5820957851262147,0.005290570390268468,0.0,-0.0,False,False,39,1.0,50,0.036,0.1,0.078,0.9196209907531738,0.0569106750190258,0,False
373,37.43247681995854,37.380000000000024,0.10000000000002274,159,1.9346434150159284,-0.7819746132147012,-1.4442484332244345,1.219777556714006,0.20536023378372192,0.005241059026857351,0.5873368441530721,0.005241059026857351,0.0,-0.0,False,False,39,1.0,50,0.056,0.1,0.078,0.9112178087234497,0.04271966964006424,0,False
374,37.53251654561609,37.48000000000002,0.09999999999999432,159,1.9372443924780716,-0.8018018921942055,-1.4360934011347442,1.199840424138467,0.20200364291667938,0.005192170012986387,0.5925290141660585,0.005192170012986387,0.0,-0.0,False,False,39,1.0,50,0.076,0.1,0.078,0.9032350182533264,0.032126303762197495,0,False
375,37.63230791501701,37.58000000000001,0.09999999999999432,158,1.9399638076402048,-0.8214378340883424,-1.4301754846682506,1.1800903097738256,0.19867853820323944,0.005143465398979096,0.5976724795650377,0.005143465398979096,0.0,-0.0,False,False,39,1.0,50,0.096,0.1,0.078,0.8932288289070129,0.020583001896739006,0,False
376,37.73336072359234,37.68000000000001,0.10099999999999909,159,1.942748359499744,-0.8408338660769,-1.4265581229714626,1.1605790795318591,0.1953936517238617,0.005081253494953658,0.6027537330599914,0.005081253494953658,0.0,-0.0,False,False,39,1.0,50,0.116,0.1,0.078,0.8822038173675537,0.009867757558822632,0,False
377,37.83384020766243,37.78,0.09999999999999432,160,1.9455491701819176,-0.8599890762003743,-1.4248975331020985,1.141310539272988,0.19214962422847748,0.005018050441660722,0.6077717835016521,0.005018050441660722,0.0,-0.0,False,False,39,1.0,50,0.136,0.1,0.078,0.8717745542526245,0.0016615971690043807,0,False
378,37.93374326592311,37.880000000000024,0.09999999999999432,159,1.948333296153355,-0.8789207800849862,-1.4248051782391236,1.1222692000303849,0.18894384801387787,0.004958881135386799,0.6127306646370388,0.004958881135386799,0.0,-0.0,False,False,39,1.0,50,0.156,0.1,0.078,0.8619381189346313,-0.004517502151429653,0,False
379,38.03400221094489,37.98000000000002,0.10000000000002274,159,1.9510783631041166,-0.8976550089712281,-1.4259032985206466,1.103430013931979,0.185772106051445,0.004906234974292389,0.6176368996113313,0.004906234974292389,0.0,-0.0,False,False,39,1.0,50,0.176,0.1,0.078,0.8572682738304138,-0.009496056474745274,0,False
380,38.134095686953515,38.08000000000001,0.09999999999999432,159,1.9537825209223803,-0.9163130849564627,-1.4279653833914585,1.0846719900197508,0.1826140284538269,0.004885098139912465,0.6225219977512437,0.004885098139912465,0.0,-0.0,False,False,39,1.0,50,0.196,0.1,0.078,0.8549542427062988,-0.013415366411209106,0,False
381,38.23407989460975,38.18000000000001,0.09999999999999432,159,1.9564271194669793,-0.9347443207080345,-1.4268585192357823,1.0661464776267024,0.17949509620666504,0.0023245458346606543,0.6248465435859044,0.004824545834660654,0.0,-0.0025,True,True,40,1.0,50,0.016,0.1,0.08,0.8048972487449646,-0.046365559101104736,0,False
382,38.33411099156365,38.28,0.09999999999999432,159,1.9588555185562446,-0.9523020424988139,-1.4382556341649964,1.048505518002092,0.1765250861644745,0.0045941843048977575,0.6294407278908022,0.0045941843048977575,0.0,-0.0,False,False,40,1.0,50,0.036,0.1,0.08,0.8035582900047302,-0.0382080003619194,0,False
383,38.434153087902814,38.380000000000024,0.09999999999999432,154,1.9611372261637243,-0.9698413522967196,-1.4458662605303436,1.0308914649255705,0.17355960607528687,0.004587177110076135,0.6340279050008784,0.004587177110076135,0.0,-0.0,False,False,40,1.0,50,0.056,0.1,0.08,0.8024346828460693,-0.03227106109261513,0,False
384,38.534140965901315,38.48000000000002,0.10000000000002274,159,1.9632915466518315,-0.9873672758875041,-1.4517388606987134,1.0132978572852618,0.17059756815433502,0.004581852564010954,0.6386097575648894,0.004581852564010954,0.0,-0.0,False,False,40,1.0,50,0.076,0.1,0.08,0.8011705279350281,-0.027259159833192825,0,False
385,38.63377648591995,38.58000000000001,0.09999999999999432,159,1.9653402889934246,-1.0048766328465026,-1.4568627498489652,0.9957268192823306,0.1676393300294876,0.004575974818354612,0.643185732383244,0.004575974818354612,0.0,-0.0,False,False,40,1.0,50,0.096,0.1,0.08,0.7996798157691956,-0.02217625081539154,0,False
386,38.734170550014824,38.68000000000001,0.09999999999999432,158,1.9673020104486598,-1.0223600051974748,-1.4611202152963463,0.9781866707046731,0.16468629240989685,0.004567930374299458,0.6477536627575434,0.004567930374299458,0.0,-0.0,False,False,40,1.0,50,0.116,0.1,0.08,0.797900378704071,-0.01696617156267166,0,False
387,38.834196706768125,38.78,0.09999999999999432,158,1.9691948516494382,-1.0398101858653879,-1.4643683513248233,0.960683872664166,0.1617395430803299,0.004558203281487776,0.6523118660390312,0.004558203281487776,0.0,-0.0,False,False,40,1.0,50,0.136,0.1,0.08,0.7960859537124634,-0.012470105662941933,0,False
388,38.934237903915346,38.880000000000024,0.09999999999999432,159,1.9710349876876483,-1.057224011588685,-1.4667120345681504,0.9432208148871198,0.15879948437213898,0.004547853839135997,0.6568597198781673,0.004547853839135997,0.0,-0.0,False,False,40,1.0,50,0.156,0.1,0.08,0.7942384481430054,-0.008625021204352379,0,False
389,39.03444055886939,38.98000000000002,0.10000000000002274,160,1.9728362586716501,-1.0745989235873614,-1.4683008848338381,0.9257996215746995,0.15586647391319275,0.004536951197193057,0.6613966710753604,0.004536951197193057,0.0,-0.0,False,False,40,1.0,50,0.176,0.1,0.08,0.7923610806465149,-0.005334900226444006,0,False
390,39.13443960575387,39.08000000000001,0.09999999999999432,156,1.9746108671811307,-1.0919332611608725,-1.4692544835900032,0.9084216203526331,0.15294073522090912,0.004525702805505646,0.6659223738808661,0.004525702805505646,0.0,-0.0,False,False,40,1.0,50,0.196,0.1,0.08,0.790456235408783,-0.0025243780110031366,0,False
391,39.23422939470038,39.18000000000001,0.09999999999999432,159,1.9763318502317773,-1.1092975200657689,-1.4818050286181483,0.8910168895992411,0.15001049637794495,0.0020326639003613793,0.6679550377812274,0.004532663900361379,0.0,-0.0025,True,True,41,5.0,10,0.016,0.5,0.082,0.7850863337516785,-0.0722816213965416,0,False
392,39.334246061742306,39.28,0.09999999999999432,160,1.97774721957696,-1.1265224421518891,-1.4941268639015486,0.8737609414357774,0.14710530638694763,0.004493916878995419,0.6724489546602228,0.004493916878995419,0.0,-0.0,False,False,41,5.0,10,0.036,0.5,0.082,0.7821637392044067,-0.05807457119226456,0,False
393,39.43456984683871,39.380000000000024,0.09999999999999432,159,1.9789508119639743,-1.1436967024026974,-1.505620635278239,0.8565619926702399,0.14420971274375916,0.001979072689965273,0.674428027350188,0.004479072689965273,0.0,-0.0025,True,True,42,5.0,10,0.016,0.5,0.084,0.7798585891723633,-0.04450202360749245,0,False
394,39.53464054269716,39.48000000000002,0.10000000000002274,159,1.9799903165595865,-1.1608307962224726,-1.514493884298313,0.8394077406375481,0.14132164418697357,0.004467432448567442,0.6788954597987554,0.004467432448567442,0.0,-0.0,False,False,42,5.0,10,0.036,0.5,0.084,0.7780390977859497,-0.03414163365960121,0,False
395,39.63445586198941,39.58000000000001,0.09999999999999432,158,1.9808975785525504,-1.1778979341392362,-1.521027307714375,0.8223239412768272,0.1384454369544983,0.0019490846621264273,0.6808445444608818,0.004449084662126427,0.0,-0.0025,True,True,43,5.0,10,0.016,0.5,0.086,0.7742870450019836,-0.027018139138817787,0,False
396,39.73437140882015,39.68000000000001,0.09999999999999432,158,1.9817017202434088,-1.194916935216735,-1.5261177491954707,0.8052909457273013,0.13557778298854828,0.004435853971903905,0.6852803984327858,0.004435853971903905,0.0,-0.0,False,False,43,5.0,10,0.036,0.5,0.086,0.7730128169059753,-0.0211356021463871,0,False
397,39.83454176457599,39.78,0.09999999999999432,158,1.9824258207921786,-1.2119030714319285,-1.5303332780250931,0.7882928224802334,0.13271600008010864,0.0019267722786152765,0.687207170711401,0.0044267722786152765,0.0,-0.0025,True,True,44,5.0,10,0.016,0.5,0.088,0.7714264988899231,-0.01796448975801468,0,False
398,39.934651240706444,39.880000000000024,0.09999999999999432,159,1.9830826394424668,-1.2288642644523922,-1.5337495276569835,0.7713212517477271,0.12985868752002716,0.00441985728372549,0.6916270279951265,0.00441985728372549,0.0,-0.0,False,False,44,5.0,10,0.036,0.5,0.088,0.7704918384552002,-0.013685891404747963,0,False
399,40.034630588721484,39.98000000000002,0.10000000000002274,158,1.983683461667485,-1.2456997323453292,-1.5362749522022472,0.7544766905432087,0.12702275812625885,0.001886780558169153,0.6935138085532957,0.004386780558169153,0.0,-0.0025,True,True,45,5.0,10,0.016,0.5,0.09,0.7612249255180359,-0.008618871681392193,0,False
400,40.134652755688876,40.08000000000001,0.09999999999999432,159,1.9842478397231065,-1.262437387098414,-1.537857541005279,0.7377308161844783,0.12420344352722168,0.0043610798271620154,0.6978748883804577,0.0043610798271620154,0.0,-0.0,False,False,45,5.0,10,0.036,0.5,0.09,0.760365903377533,-0.005421272478997707,0,False
401,40.23472136165947,40.18000000000001,0.09999999999999432,158,1.9848015076093475,-1.2798188895462228,-1.5393547540288115,0.7203414858895323,0.12127579748630524,0.002028653203325267,0.699903541583783,0.004528653203325267,0.0,-0.0025,True,True,46,5.0,10,0.016,0.5,0.092,0.788944661617279,0.0704444870352745,0,False
402,40.33479806780815,40.28,0.09999999999999432,158,1.9855165778042254,-1.2971285661094167,-1.52328878326539,0.7030206610821558,0.11835968494415283,0.004510812516509553,0.7044143541002925,0.004510812516509553,0.0,-0.0,False,False,46,5.0,10,0.036,0.5,0.092,0.7886137366294861,0.05232768505811691,0,False
403,40.43503126362339,40.380000000000024,0.09999999999999432,159,1.9864370233727737,-1.3142188711393124,-1.5053850722274504,0.6859152214220668,0.11547983437776566,0.001954720382961656,0.7063690744832541,0.004454720382961656,0.0,-0.0025,True,True,47,5.0,10,0.016,0.5,0.094,0.7724539637565613,0.08434084802865982,0,False
404,40.5348813617602,40.48000000000002,0.10000000000002274,154,1.9876768538379825,-1.3311592577571403,-1.4908296847108227,0.6689542716953855,0.11262430995702744,0.004417091285769541,0.7107861657690236,0.004417091285769541,0.0,-0.0,False,False,47,5.0,10,0.036,0.5,0.094,0.776356041431427,0.05508563667535782,0,False
405,40.63511715689674,40.58000000000001,0.09999999999999432,155,1.9891201752431924,-1.3478773673072737,-1.4804438045385537,0.652213398060231,0.10980583727359772,0.0018597775031244114,0.712645943272148,0.0043597775031244115,0.0,-0.0025,True,True,48,5.0,10,0.016,0.5,0.096,0.7583414316177368,-0.0007903723162598908,0,False
406,40.73491211561486,40.68000000000001,0.09999999999999432,153,1.9906002790460173,-1.3645089775954935,-1.4815710031345284,0.6355605460108491,0.10700218379497528,0.004336854295064687,0.7169827975672127,0.004336854295064687,0.0,-0.0,False,False,48,5.0,10,0.036,0.5,0.096,0.7618127465248108,0.00022927671670913696,0,False
407,40.834971421863884,40.78,0.09999999999999432,157,1.9921193452167427,-1.3815352502718097,-1.4826140918016126,0.6185149380169064,0.10413240641355515,0.0019391385944765621,0.7189219361616893,0.004439138594476562,0.0,-0.0025,True,True,49,5.0,10,0.016,0.5,0.098,0.7882611751556396,-0.005012619309127331,0,False
408,40.934998808894306,40.879999999999995,0.10000000000002274,159,1.9936406729919636,-1.3988184173212497,-1.4834519164161364,0.6012152224586065,0.10121984779834747,0.004505315095572165,0.7234272512572615,0.004505315095572165,0.0,-0.0,False,False,49,5.0,10,0.036,0.5,0.098,0.7898626327514648,-0.004958201665431261,0,False
409,41.13507549185306,41.079999999999984,0.19999999999998863,309,1.9966994015546777,-1.433620835793812,-1.4823639464797376,0.566388767342503,0.09535650908946991,0.00656975339745222,0.7299970046547137,0.00906975339745222,0.0,-0.0025,True,True,50,5.0,10,0.036,0.5,0.1,0.7960070371627808,0.0013752832310274243,0,False
410,41.33511326601729,41.28000000000003,0.19999999999998863,307,1.9997967446106797,-1.468421947431492,-1.481971126569298,0.5315781109725637,0.08949583023786545,0.006565638975492807,0.7365626436302065,0.009065638975492807,0.0,-0.0025,True,True,51,5.0,10,0.036,0.5,0.102,0.7946792840957642,-0.0019653860945254564,0,False
411,41.43515055300668,41.379999999999995,0.10000000000002274,157,2.0013287154312382,-1.4857019726227663,-1.4834260258518637,0.5142997259342952,0.0865868628025055,0.001999760049677336,0.7385624036798839,0.004499760049677336,0.0,-0.0025,True,True,52,5.0,10,0.016,0.5,0.104,0.7858268022537231,-0.011049804277718067,0,False
412,41.63562931260094,41.579999999999984,0.19999999999998863,318,2.004282500318287,-1.5204354827146844,-1.4909829501035765,0.4795836407703871,0.08074210584163666,0.006541010068693551,0.7451034137485775,0.009041010068693551,0.0,-0.0025,True,True,53,5.0,10,0.016,0.5,0.106,0.8044341802597046,-0.03219422325491905,0,False
413,41.83545375801623,41.78000000000003,0.19999999999998863,316,2.0069104787600827,-1.5558405947266514,-1.4988649603062598,0.44421316888510193,0.07478717714548111,0.006711430117753138,0.7518148438663306,0.009211430117753138,0.0,-0.0025,True,True,54,5.0,10,0.016,0.5,0.108,0.8112702965736389,0.002787538105621934,0,False
414,41.93572928290814,41.879999999999995,0.10000000000002274,159,2.0082054434769634,-1.5736531304294332,-1.498679715185912,0.4264258163968735,0.07179252058267593,0.004632308976723665,0.7564471528430542,0.004632308976723665,0.0,-0.0,False,False,54,5.0,10,0.036,0.5,0.108,0.8137154579162598,0.00042605397175066173,0,False
415,42.13568516680971,42.079999999999984,0.19999999999998863,315,2.0107023127723145,-1.6087552406749261,-1.5020452299602896,0.39139110105822306,0.06589411944150925,0.006623990007371379,0.7630711428504255,0.00912399000737138,0.0,-0.0025,True,True,55,5.0,10,0.036,0.5,0.11,0.7979500889778137,-0.012382954359054565,0,False
416,42.335531832650304,42.28000000000003,0.19999999999998863,315,2.013031434045486,-1.6435633053680136,-1.5057492478224916,0.3566748388775512,0.060049332678318024,0.006541056168659498,0.7696121990190851,0.009041056168659498,0.0,-0.0025,True,True,56,5.0,10,0.036,0.5,0.112,0.7935426831245422,-0.008710402064025402,0,False
417,42.435719697736204,42.379999999999995,0.10000000000002274,158,2.0141429943872784,-1.6608114352620242,-1.5072412985269787,0.3394833026889955,0.05715498700737953,0.00197714225389187,0.771589341272977,0.00447714225389187,0.0,-0.0025,True,True,57,5.0,10,0.016,0.5,0.114,0.781552255153656,-0.010472227819263935,0,False
418,42.63592145964503,42.579999999999984,0.19999999999998863,317,2.0162630654468106,-1.694892086120491,-1.5043723946535728,0.305541046307802,0.051440510898828506,0.006339484067621274,0.7779288253405983,0.008839484067621275,0.0,-0.0025,True,True,58,5.0,10,0.016,0.5,0.116,0.7717772722244263,0.03187049925327301,0,False
419,42.83579702489078,42.78000000000003,0.19999999999998863,316,2.0187163979760023,-1.729215545231287,-1.5021111885329552,0.27143051336557267,0.04569770395755768,0.006383307847735498,0.7843121331883338,0.008883307847735498,0.0,-0.0025,True,True,59,5.0,10,0.016,0.5,0.118,0.8242868185043335,-0.08380915969610214,0,False
420,42.935782831627876,42.879999999999995,0.10000000000002274,159,2.019774882946723,-1.747353054408991,-1.519037575782119,0.2534196550860197,0.04266541823744774,0.004690515946208724,0.7890026491345425,0.004690515946208724,0.0,-0.0,False,False,59,5.0,10,0.036,0.5,0.118,0.8240989446640015,-0.07303136587142944,0,False
421,43.13605998363346,43.079999999999984,0.19999999999998863,319,2.021269514831185,-1.7831738339631436,-1.5366826270766991,0.21786687806117186,0.03667979687452316,0.006758907320167486,0.79576155645471,0.009258907320167487,0.0,-0.0025,True,True,60,5.0,10,0.036,0.5,0.12,0.8084688782691956,-0.03746826574206352,0,False
422,43.24452736368403,43.19999999999999,0.0999999999999659,169,2.0219301385185307,-1.804289575714339,-1.5412666658298912,0.19693526530690944,0.03315577656030655,1.502951159621593,2.2987127160763032,0.005451159621593042,1.5,-0.0025,True,True,61,5.0,10,0.02,0.5,0.122,0.792850136756897,-0.021628716960549355,1,True
