ppo_step,t_wall_s,t_sim_s,ppo_step_sim_dt,inner_ticks,x,y,yaw,goal_distance_m,goal_distance_norm,ppo_reward,ppo_reward_cumulative,navigation_reward,terminal_reward,frame_cost_reward,fresh_observation,frame_consumed,episode_frame_count,current_fps,scan_divisor_k,obs_age_ratio,fps_ratio,frame_count_ratio,action_linear,action_angular,outcome,done
1,0.09968433482572436,0.09999999999999998,0.09999999999999998,116,0.023557021219463993,0.0005290634646843197,0.053105849565493864,1.999609685954247,0.3366518020629883,-0.0024143145054211913,-0.0024143145054211913,8.568549457880867e-05,0.0,-0.0025,True,True,2,5.0,10,0.0,0.5,0.004,0.9995308518409729,0.19859199225902557,0,False
2,0.1993570988997817,0.20000000000000007,0.10000000000000009,172,0.0375491688708447,0.0012613143759148454,0.05203411439011163,1.9990913808699995,0.3365645408630371,0.0002591809174862193,-0.002155133587934972,0.0002591809174862193,0.0,-0.0,False,False,2,5.0,10,0.02,0.5,0.004,0.9995306134223938,0.1980770379304886,0,False
3,0.29964082781225443,0.30000000000000004,0.09999999999999998,171,0.058470049435000004,0.0025184300521489825,0.07951324888006621,1.9983371124396787,0.33643755316734314,-0.0021228244913219824,-0.004277958079256954,0.0003771755086780176,0.0,-0.0025,True,True,3,5.0,10,0.0,0.5,0.006,0.9999710917472839,0.2233237475156784,0,False
4,0.399746289011091,0.4,0.09999999999999998,171,0.08028500303940637,0.00471355245603019,0.12222734181516541,1.9969009754354095,0.33619576692581177,0.0007181471255348876,-0.0035598109537220667,0.0007181471255348876,0.0,-0.0,False,False,3,5.0,10,0.02,0.5,0.006,0.9999711513519287,0.22444306313991547,0,False
5,0.49955428298562765,0.5,0.09999999999999998,171,0.10197444068286642,0.007879977307231292,0.16720849066221583,1.9947282716771941,0.3358299732208252,-0.0014135291730783628,-0.004973340126800429,0.0010864708269216373,0.0,-0.0025,True,True,4,5.0,10,0.0,0.5,0.008,0.9989149570465088,0.1994827687740326,0,False
6,0.6996993548236787,0.7000000000000001,0.19999999999999996,335,0.1448120713112408,0.016932124749921975,0.24866594634872624,1.9883482334782696,0.3347558379173279,0.000690368383893687,-0.004282971742906742,0.003190368383893687,0.0,-0.0025,True,True,5,5.0,10,0.0,0.5,0.01,0.9953535795211792,0.16469112038612366,0,False
7,0.8000792828388512,0.7999999999999999,0.10000000000000009,173,0.16588964824589808,0.02267918283198458,0.2822357260143553,1.9842672890068749,0.33406877517700195,0.0020406956529128955,-0.0022422760899938467,0.0020406956529128955,0.0,-0.0,False,False,5,5.0,10,0.02,0.5,0.01,0.9955132007598877,0.16251425445079803,0,False
8,1.0010824566707015,0.9999999999999999,0.20099999999999985,351,0.20743846276051353,0.036186134642354255,0.3447654418218951,1.9747393616982596,0.33246466517448425,0.0022644852744874793,2.220918449363264e-05,0.004764485274487479,0.0,-0.0025,True,True,6,5.0,10,0.02,0.5,0.012,0.9962103366851807,0.14524176716804504,0,False
9,1.101061498746276,1.1,0.10000000000000009,174,0.22790711167157762,0.043868493934480564,0.3740077704896764,1.9693633625833011,0.33155956864356995,0.00018829387433684855,0.0002105030588304812,0.0026882938743368486,0.0,-0.0025,True,True,7,5.0,10,0.0,0.5,0.014,0.9925036430358887,0.13918136060237885,0,False
10,1.201074190903455,1.2000000000000002,0.10000000000000009,174,0.24809056962879703,0.05211317361471376,0.4020182245437849,1.963622177884735,0.3305929899215698,0.002870906658754404,0.0030814097175848854,0.002870906658754404,0.0,-0.0,False,False,7,5.0,10,0.02,0.5,0.014,0.9923847913742065,0.14014361798763275,0,False
11,1.3010795917361975,1.3000000000000003,0.10000000000000009,173,0.2680207842209661,0.06091143989042591,0.4301511616096084,1.95752377335693,0.32956627011299133,0.0005495361298906948,0.00363094584747558,0.003049536129890695,0.0,-0.0025,True,True,8,5.0,10,0.0,0.5,0.016,0.9997398257255554,-0.22266696393489838,0,False
12,1.5009133266285062,1.5,0.19999999999999973,347,0.3082655631042861,0.07879374243215291,0.3793102982834559,1.9457803042332729,0.32758915424346924,0.003372377475053818,0.007003323322529398,0.005872377475053818,0.0,-0.0025,True,True,9,5.0,10,0.0,0.5,0.018,0.9975206851959229,0.10081489384174347,0,False
13,1.6012469357810915,1.6,0.10000000000000009,174,0.3287732061048895,0.08667193222435152,0.3783578756356057,1.94136957753102,0.32684656977653503,0.002205604822747804,0.009208928145277202,0.002205604822747804,0.0,-0.0,False,False,9,5.0,10,0.02,0.5,0.018,0.997587263584137,0.10069623589515686,0,False
14,1.7010444486513734,1.7000000000000002,0.10000000000000009,163,0.34906107971856254,0.09494549325260095,0.3945031481755915,1.9367696199083226,0.3260721266269684,-0.0001997693573091235,0.009009158787968078,0.0023002306426908765,0.0,-0.0025,True,True,10,5.0,10,0.0,0.5,0.02,0.9978393316268921,0.06602652370929718,0,False
15,1.8014667970128357,1.8000000000000003,0.10000000000000009,172,0.3692064007476217,0.10358362572482123,0.4096070961744511,1.9320218532878979,0.325272798538208,0.0023741432335722154,0.011383302021540294,0.0023741432335722154,0.0,-0.0,False,False,10,5.0,10,0.02,0.5,0.02,0.9978143572807312,0.06620533019304276,0,False
16,2.001483929809183,2.0,0.19999999999999973,344,0.4092998102596791,0.12154339802315414,0.4152886919404911,1.9225310994996692,0.3236749470233917,0.002245896479175983,0.013629198500716276,0.004745896479175983,0.0,-0.0025,True,True,11,5.0,10,0.02,0.5,0.022,0.9999226927757263,-0.0767943412065506,0,False
17,2.1016546497121453,2.1,0.10000000000000009,170,0.4295157840397917,0.1303012451885507,0.4017370616132421,1.918399705250607,0.3229793906211853,-0.0004340766963072404,0.013195121804409037,0.0020659233036927596,0.0,-0.0025,True,True,12,5.0,10,0.0,0.5,0.024,0.9999595284461975,0.0623394250869751,0,False
18,2.201756870839745,2.2,0.10000000000000009,169,0.44975817432585946,0.13888218350031137,0.41101315888081286,1.9146910270333697,0.3223550021648407,0.0018545421455789437,0.01504966394998798,0.0018545421455789437,0.0,-0.0,False,False,12,5.0,10,0.02,0.5,0.024,0.9999597668647766,0.06202967092394829,0,False
19,2.3017512927763164,2.3000000000000003,0.10000000000000009,172,0.46987669408059957,0.14773442230475128,0.4204473380566002,1.9109347313066847,0.3217225968837738,-0.000621646492807684,0.014428017457180297,0.001878353507192316,0.0,-0.0025,True,True,13,5.0,10,0.0,0.5,0.026,0.9999789595603943,0.042255185544490814,0,False
20,2.401469156611711,2.4,0.10000000000000009,172,0.48989032553325,0.15681533184867893,0.4289547602113312,1.9071764883955986,0.32108986377716064,0.0018793272059942723,0.01630734466317457,0.0018793272059942723,0.0,-0.0,False,False,13,5.0,10,0.02,0.5,0.026,0.9999789595603943,0.042038921266794205,0,False
21,2.6017513377591968,2.6,0.19999999999999973,344,0.5296284231701034,0.17547546602891287,0.4521755757547702,1.8998410907227383,0.31985488533973694,0.0011681004233996214,0.01747544508657419,0.0036681004233996214,0.0,-0.0025,True,True,14,5.0,10,0.02,0.5,0.028,0.9971321821212769,0.07397182285785675,0,False
22,2.7017232100479305,2.7,0.10000000000000009,172,0.5492743460107408,0.18518504847810213,0.4663796816010045,1.8961159499464726,0.3192277252674103,-0.0006372256736402048,0.016838219412933987,0.0018627743263597953,0.0,-0.0025,True,True,15,5.0,10,0.0,0.5,0.03,0.994951605796814,0.05400010198354721,0,False
23,2.801856099627912,2.8000000000000003,0.10000000000000009,172,0.5687554706458402,0.1951489568835081,0.47763481527219087,1.8923451388451606,0.3185928761959076,0.0018856119891709892,0.018723831402104978,0.0018856119891709892,0.0,-0.0,False,False,15,5.0,10,0.02,0.5,0.03,0.9949695467948914,0.05391135439276695,0,False
24,3.001819013617933,3.0,0.19999999999999973,344,0.6074916899094687,0.2156785442564111,0.4892520651797291,1.8849003448123054,0.3173394799232483,0.0012228045924592697,0.019946635994564248,0.0037228045924592697,0.0,-0.0025,True,True,16,5.0,10,0.02,0.5,0.032,0.9988484382629395,-0.015268875285983086,0,False
25,3.1021595620550215,3.1,0.10000000000000009,175,0.6269018361573178,0.22598364759344802,0.48703573167390224,1.88152587424502,0.31677135825157166,-0.000812579976078865,0.019134056018485383,0.001687420023921135,0.0,-0.0025,True,True,17,5.0,10,0.0,0.5,0.034,0.9962014555931091,-0.025104336440563202,0,False
26,3.2018539770506322,3.2,0.10000000000000009,173,0.6463148137522742,0.2362035994219347,0.4821331971486007,1.8784836641432854,0.3162591755390167,0.0015212716010653937,0.020655327619550776,0.0015212716010653937,0.0,-0.0,False,False,17,5.0,10,0.02,0.5,0.034,0.9963201880455017,-0.02487054094672203,0,False
27,3.3021796150133014,3.3000000000000003,0.10000000000000009,175,0.6657723760684396,0.24632354864508169,0.4771436613351043,1.8758022142060649,0.3158077299594879,-0.0011591282315293727,0.019496199388021405,0.0013408717684706274,0.0,-0.0025,True,True,18,5.0,10,0.0,0.5,0.036,0.9932126402854919,0.15013332664966583,0,False
28,3.402327895630151,3.4,0.10000000000000009,175,0.685131596845756,0.256480032802318,0.5016926270690736,1.8733037996025572,0.315387099981308,0.0012493440810797483,0.020745543469101152,0.0012493440810797483,0.0,-0.0,False,False,18,5.0,10,0.02,0.5,0.036,0.9930099248886108,0.1548372209072113,0,False
29,3.6020625210367143,3.6,0.1999999999999993,344,0.7228379036155492,0.2785678259859486,0.5570944413153545,1.8670359900318476,0.31433185935020447,0.000634247925667436,0.021379791394768588,0.003134247925667436,0.0,-0.0025,True,True,19,5.0,10,0.02,0.5,0.038,0.9998744130134583,0.1327633261680603,0,False
30,3.7020529727451503,3.6999999999999997,0.10000000000000053,173,0.7412998673408563,0.2904288712021697,0.5844659506899605,1.8633729821396565,0.3137151598930359,-0.0006682955172322505,0.02071149587753634,0.0018317044827677496,0.0,-0.0025,True,True,20,5.0,10,0.0,0.5,0.04,0.9974040985107422,0.2244778722524643,0,False
31,3.8024677806533873,3.8000000000000003,0.09999999999999964,175,0.7593377719515312,0.3028275131137252,0.6271507224401422,1.8592978792214656,0.31302908062934875,0.0020377745565066936,0.022749270434043033,0.0020377745565066936,0.0,-0.0,False,False,20,5.0,10,0.02,0.5,0.04,0.9973719716072083,0.2265930473804474,0,False
32,3.9023192138411105,3.9,0.10000000000000053,173,0.7767667141334023,0.31602175534555405,0.6708777614535871,1.8544943523204607,0.31222036480903625,-9.79735734603737e-05,0.02265129686058266,0.0024020264265396263,0.0,-0.0025,True,True,21,5.0,10,0.0,0.5,0.042,0.999879002571106,0.16868536174297333,0,False
33,4.002350304741412,4.0,0.09999999999999964,173,0.7936761314382452,0.32999311097029055,0.7063484544825805,1.8490117891137272,0.31129732728004456,0.0027415817542298937,0.025392878614812552,0.0027415817542298937,0.0,-0.0,False,False,21,5.0,10,0.02,0.5,0.042,0.999863862991333,0.17557741701602936,0,False
34,4.102539674844593,4.1,0.09999999999999964,173,0.8100912633414997,0.34452865687787143,0.7430230509092406,1.843050041527534,0.31029361486434937,0.0004812001776026602,0.02587407879241521,0.0029812001776026603,0.0,-0.0025,True,True,22,5.0,10,0.0,0.5,0.044,0.9998965263366699,0.18544015288352966,0,False
35,4.20266232592985,4.199999999999999,0.10000000000000053,174,0.8259694596585707,0.35964749898781995,0.7803195059188405,1.836568041672692,0.30920231342315674,0.003241354793890947,0.02911543358630616,0.003241354793890947,0.0,-0.0,False,False,22,5.0,10,0.02,0.5,0.044,0.9998947381973267,0.18769584596157074,0,False
36,4.302597787696868,4.3,0.09999999999999964,172,0.8412711573258791,0.3753511150122499,0.8177404555895179,1.8295411842190403,0.3080192804336548,0.001013813422314124,0.030129247008620283,0.003513813422314124,0.0,-0.0025,True,True,23,5.0,10,0.0,0.5,0.046,0.996055006980896,-0.00036686655948869884,0,False
37,4.40243666106835,4.3999999999999995,0.10000000000000053,175,0.8561192560258031,0.3915147750618126,0.825298385858416,1.8221319705556982,0.3067718744277954,0.0037050124598038484,0.03383425946842413,0.0037050124598038484,0.0,-0.0,False,False,23,5.0,10,0.02,0.5,0.046,0.9957218766212463,-0.0031869453378021717,0,False
38,4.502479871734977,4.5,0.09999999999999964,174,0.8709556084929693,0.4076277037879272,0.8274295063032098,1.8149967788426342,0.3055706024169922,0.0010679864829362404,0.03490224595136037,0.0035679864829362405,0.0,-0.0025,True,True,24,5.0,10,0.0,0.5,0.048,0.996627926826477,-0.05920959636569023,0,False
39,4.60243136389181,4.6,0.09999999999999964,174,0.8858763744144699,0.4237109577934008,0.816207482224372,1.8081658789464492,0.3044205605983734,0.003415823915600536,0.03831806986696091,0.003415823915600536,0.0,-0.0,False,False,24,5.0,10,0.02,0.5,0.048,0.9963510632514954,-0.0676390752196312,0,False
40,4.702681954018772,4.699999999999999,0.10000000000000053,173,0.9010123742795146,0.4395972201031655,0.8029922892991534,1.8018547002686218,0.3033580183982849,0.0006559348535309039,0.03897400472049181,0.003155934853530904,0.0,-0.0025,True,True,25,5.0,10,0.0,0.5,0.05,0.9967395663261414,0.1089140996336937,0,False
41,4.802846953738481,4.8,0.09999999999999964,171,0.9161813469363784,0.4554165640326226,0.8227534716762762,1.7958635678996469,0.30234935879707336,0.0029958941777059986,0.04196989889819781,0.0029958941777059986,0.0,-0.0,False,False,25,5.0,10,0.02,0.5,0.05,0.9967057704925537,0.11096242070198059,0,False
42,4.902807536069304,4.8999999999999995,0.10000000000000053,174,0.930957658349191,0.4715710246834002,0.8411929900914118,1.7896304536146312,0.30129995942115784,0.0006168983833767729,0.042586797281574586,0.003116898383376773,0.0,-0.0025,True,True,26,5.0,10,0.0,0.5,0.052,0.9996047019958496,0.05362066999077797,0,False
43,5.002708627842367,5.0,0.09999999999999964,175,0.9454508033037713,0.4880997978365265,0.8558229339465889,1.7831767764419886,0.30021342635154724,0.003227191902225029,0.045813989183799614,0.003227191902225029,0.0,-0.0,False,False,26,5.0,10,0.02,0.5,0.052,0.9996054172515869,0.05387154966592789,0,False
44,5.103917158674449,5.1,0.10099999999999998,176,0.959758783127426,0.5047742163889125,0.8674293316769145,1.7767489437168527,0.29913124442100525,0.000714268263579944,0.04652825744737956,0.003214268263579944,0.0,-0.0025,True,True,27,5.0,10,0.0,0.5,0.054,0.9999622106552124,-0.1328314244747162,0,False
45,5.203862580936402,5.199999999999999,0.10000000000000053,171,0.9740550232609193,0.5215351925488375,0.8490569507826132,1.7704919321687316,0.2980778217315674,0.0031288483232197904,0.04965710577059935,0.0031288483232197904,0.0,-0.0,False,False,27,5.0,10,0.02,0.5,0.054,0.9999635815620422,-0.1362036019563675,0,False
46,5.303844443056732,5.3,0.09999999999999964,170,0.9888184702147569,0.5379042561085156,0.8242134208739285,1.765073980080765,0.2971656620502472,0.00020927265761712605,0.04986637842821647,0.002709272657617126,0.0,-0.0025,True,True,28,5.0,10,0.0,0.5,0.056,0.9959841966629028,0.22807250916957855,0,False
47,5.40391495404765,5.3999999999999995,0.09999999999999964,169,1.0038017813547022,0.5539432610009843,0.8383627291875289,1.7603118751024769,0.2963639199733734,0.002381313197478115,0.052247691625694585,0.002381313197478115,0.0,-0.0,False,False,28,5.0,10,0.02,0.5,0.056,0.9959534406661987,0.22834071516990662,0,False
48,5.504096343647689,5.5,0.10000000000000053,168,1.0179938617015936,0.5705222779528529,0.8824541222969742,1.7549125097747038,0.29545488953590393,0.0001999782599613224,0.052447669885655905,0.0026999782599613224,0.0,-0.0025,True,True,29,5.0,10,0.0,0.5,0.058,0.9981330633163452,0.24603670835494995,0,False
49,5.604219865053892,5.6,0.09999999999999964,170,1.031426888468481,0.5877593032203074,0.9333001703395297,1.7487896769335018,0.29442405700683594,0.003061751623952589,0.0555094215096085,0.003061751623952589,0.0,-0.0,False,False,29,5.0,10,0.02,0.5,0.058,0.9981346726417542,0.2546848654747009,0,False
50,5.70413303701207,5.699999999999999,0.10000000000000053,164,1.0439844069726272,0.6056558598794597,0.9850744900011523,1.7418665513034055,0.2932584881782532,0.0009619418315875705,0.05647136334119607,0.0034619418315875706,0.0,-0.0025,True,True,30,5.0,10,0.0,0.5,0.06,0.996128499507904,-0.544857919216156,0,False
51,5.804019920062274,5.8,0.09999999999999964,169,1.0558650696857446,0.6241281994950598,0.988704755993113,1.7343224508660888,0.2919883728027344,0.0037724632313629225,0.060243826572558994,0.0037724632313629225,0.0,-0.0,False,False,30,5.0,10,0.02,0.5,0.06,0.9970947504043579,-0.6022735238075256,0,False
52,5.904325058683753,5.8999999999999995,0.09999999999999964,171,1.0689708720599902,0.6419865640875896,0.8749899670367977,1.7282647601939454,0.29096850752830505,0.0005291769731209446,0.06077300354567994,0.0030291769731209447,0.0,-0.0025,True,True,31,5.0,10,0.0,0.5,0.062,0.9820634126663208,-0.2572579085826874,0,False
53,6.00405960297212,6.0,0.10000000000000053,169,1.0838461201837455,0.6581477486871794,0.7976775720101933,1.7249028578168861,0.29040250182151794,0.001681135240744307,0.062454138786424244,0.001681135240744307,0.0,-0.0,False,False,31,5.0,10,0.02,0.5,0.062,0.9815523028373718,-0.2351488620042801,0,False
54,6.1043588309548795,6.1,0.09999999999999964,169,1.0993132419496217,0.6733366503282063,0.7501008691544853,1.722940804007528,0.29007217288017273,-0.001518865679843509,0.060935273106580735,0.000981134320156491,0.0,-0.0025,True,True,32,5.0,10,0.0,0.5,0.064,0.7595020532608032,0.9994276165962219,0,False
55,6.204101214651018,6.199999999999999,0.10000000000000053,167,1.1153594014467108,0.6879571372976724,0.7468141611208192,1.7220578443899643,0.2899235188961029,0.000441528147684898,0.06137680125426563,0.000441528147684898,0.0,-0.0,False,False,32,5.0,10,0.02,0.5,0.064,0.7594311833381653,0.9993849396705627,0,False
56,6.304460383951664,6.3,0.09999999999999964,169,1.1300640544793643,0.7030447611941587,0.8692179403688227,1.720214391812316,0.28961315751075745,-0.0015781727886946164,0.05979862846557101,0.0009218272113053836,0.0,-0.0025,True,True,33,5.0,10,0.0,0.5,0.066,0.9122843146324158,0.12465212494134903,0,False
57,6.4042096277698874,6.3999999999999995,0.09999999999999964,169,1.141136795302358,0.7183563762753629,0.9958217733011299,1.7160429917746474,0.2889108657836914,0.0020859283881708587,0.06188455685374187,0.0020859283881708587,0.0,-0.0,False,False,33,5.0,10,0.02,0.5,0.066,0.9701034426689148,-0.2933516800403595,0,False
58,6.504292028956115,6.5,0.10000000000000053,168,1.1515340783824275,0.7346601569831638,0.992745262075055,1.7108815369773485,0.288041889667511,8.10099699676786e-05,0.061965566823709545,0.0025810099699676787,0.0,-0.0025,True,True,34,5.0,10,0.0,0.5,0.068,0.977822482585907,-0.5725308060646057,0,False
59,6.604255539830774,6.6,0.09999999999999964,168,1.1640049495101434,0.7521379277103569,0.8942766405661471,1.7064780679624092,0.2873005270957947,0.0022019755817584115,0.06416754240546796,0.0022019755817584115,0.0,-0.0,False,False,34,5.0,10,0.02,0.5,0.068,0.9839828610420227,-0.6170077919960022,0,False
60,6.704403280746192,6.699999999999999,0.10000000000000053,161,1.1787447143086234,0.7683228023758388,0.7702048606476086,1.7048365915121948,0.2870241701602936,-0.00167917190988718,0.06248837049558078,0.00082082809011282,0.0,-0.0025,True,True,35,5.0,10,0.0,0.5,0.07,0.9631640315055847,-0.45819225907325745,0,False
61,6.804389243014157,6.8,0.09999999999999964,167,1.1950597150259092,0.7824602908491188,0.6716403230985204,1.7060394204218472,0.28722667694091797,-0.0006014803054369183,0.06188689019014386,-0.0006014803054369183,0.0,-0.0,False,False,35,5.0,10,0.02,0.5,0.07,0.9690027236938477,-0.4537107050418854,0,False
62,6.904683291912079,6.8999999999999995,0.09999999999999964,169,1.2125167732593418,0.7950400552826892,0.5773115357254783,1.709422564810556,0.2877962589263916,-0.0041917574094938286,0.05769513278065003,-0.0016917574094938287,0.0,-0.0025,True,True,36,5.0,10,0.0,0.5,0.072,0.9921590685844421,-0.20504365861415863,0,False
63,7.0047986516729,7.0,0.10000000000000053,169,1.2311408299796152,0.8062604184413507,0.5215251340999719,1.7148532621055121,0.2887105643749237,-0.0027156459588667282,0.0549794868217833,-0.0027156459588667282,0.0,-0.0,False,False,36,5.0,10,0.02,0.5,0.072,0.9923036694526672,-0.1691775768995285,0,False
64,7.104939321987331,7.1,0.09999999999999964,168,1.2502878407820686,0.8168754022592026,0.4869044151680353,1.7213377401950465,0.28980228304862976,-0.005742594046911669,0.04923689277487163,-0.003242594046911669,0.0,-0.0025,True,True,37,5.0,10,0.0,0.5,0.074,0.9837414622306824,0.05874800682067871,0,False
65,7.2048876248300076,7.199999999999999,0.10000000000000053,168,1.2695042207789735,0.8268669706932756,0.4831659203412253,1.7285490491165212,0.2910163700580597,-0.0036060492542884155,0.04563084352058321,-0.0036060492542884155,0.0,-0.0,False,False,37,5.0,10,0.02,0.5,0.074,0.9843099117279053,0.06008439138531685,0,False
66,7.304909795988351,7.3,0.09999999999999964,166,1.2885847981228964,0.8370581094804692,0.4942966764874259,1.735766376607963,0.2922314703464508,-0.00610905886876728,0.03952178465181593,-0.00360905886876728,0.0,-0.0025,True,True,38,5.0,10,0.0,0.5,0.076,0.9972184300422668,-0.3135119378566742,0,False
67,7.4049280267208815,7.3999999999999995,0.09999999999999964,168,1.3078025322346643,0.847320811019522,0.4609200943882651,1.7432775519272228,0.2934960424900055,-0.0037559988698012193,0.03576578578201471,-0.0037559988698012193,0.0,-0.0,False,False,38,5.0,10,0.02,0.5,0.076,0.9973258376121521,-0.30787035822868347,0,False
68,7.504850069992244,7.5,0.10000000000000053,169,1.3278513927460576,0.856510193009247,0.40220200566332764,1.7523579808570888,0.2950248122215271,-0.007040711586165999,0.028725074195848712,-0.004540711586165999,0.0,-0.0025,True,True,39,5.0,10,0.0,0.5,0.078,0.9851167798042297,-0.011786771938204765,0,False
69,7.604939399752766,7.6,0.10000000000000053,169,1.3481811882761037,0.8645924724014113,0.37598331648562683,1.7625953913547971,0.2967483699321747,-0.005119265710718727,0.023605808485129984,-0.005119265710718727,0.0,-0.0,False,False,39,5.0,10,0.02,0.5,0.078,0.9861693978309631,-0.01745719090104103,0,False
70,7.705255968961865,7.699999999999999,0.09999999999999964,166,1.3683831436188343,0.8725332631019954,0.36955587624114333,1.7730351320134667,0.2985059916973114,-0.00772044186805706,0.015885366617072925,-0.00522044186805706,0.0,-0.0025,True,True,40,5.0,10,0.0,0.5,0.08,0.9917399883270264,0.09925935417413712,0,False
71,7.805014562793076,7.799999999999999,0.09999999999999964,168,1.3886173037827083,0.8805324307703137,0.3881931329509547,1.7836664048105093,0.3002958595752716,-0.005316218422947859,0.010569148194125067,-0.005316218422947859,0.0,-0.0,False,False,40,5.0,10,0.02,0.5,0.08,0.9918313026428223,0.10081913322210312,0,False
72,7.905048293992877,7.9,0.09999999999999964,166,1.4087032003161766,0.8889547041208234,0.40703666342057526,1.794119952776751,0.30205580592155457,-0.007727346277744195,0.002841801916380872,-0.005227346277744195,0.0,-0.0025,True,True,41,5.0,10,0.0,0.5,0.082,0.9977457523345947,-0.18646705150604248,0,False
73,8.005502791609615,8.0,0.09999999999999964,165,1.4287951492963884,0.8976452883156224,0.39044588238902056,1.804616692833347,0.3038230240345001,-0.0052489446875347776,-0.0024071427711539056,-0.0052489446875347776,0.0,-0.0,False,False,41,5.0,10,0.02,0.5,0.082,0.9977842569351196,-0.18084606528282166,0,False
74,8.105504123028368,8.1,0.10000000000000142,165,1.4493080537412946,0.9056487412030731,0.3567784689390298,1.8160668451794773,0.3057507574558258,-0.008225703028238645,-0.01063284579939255,-0.0057257030282386445,0.0,-0.0025,True,True,42,5.0,10,0.0,0.5,0.084,0.9927771091461182,-0.0506574884057045,0,False
75,8.205378476064652,8.2,0.09999999999999964,165,1.4699340725575993,0.9130192243935144,0.3409750778779963,1.8281776240879068,0.30778971314430237,-0.006056052476346215,-0.016688898275738766,-0.006056052476346215,0.0,-0.0,False,False,42,5.0,10,0.02,0.5,0.084,0.9928252696990967,-0.04708250239491463,0,False
76,8.305145219899714,8.299999999999999,0.09999999999999964,163,1.4905870580509368,0.9201974241061105,0.32913510179155836,1.8406040238860952,0.3098818063735962,-0.008713880200348332,-0.025402778476087098,-0.006213880200348331,0.0,-0.0025,True,True,43,5.0,10,0.0,0.5,0.086,0.9959967732429504,0.12748335301876068,0,False
77,8.405260929837823,8.4,0.09999999999999964,168,1.5112548277781477,0.9273180333707604,0.34540195082121666,1.853250632538383,0.3120109736919403,-0.006323996683050706,-0.031726775159137806,-0.006323996683050706,0.0,-0.0,False,False,43,5.0,10,0.02,0.5,0.086,0.9960373044013977,0.1281660944223404,0,False
78,8.505654179025441,8.5,0.09999999999999964,166,1.5317349479785416,0.9349696287211323,0.3692131250009629,1.8656102970166393,0.31409183144569397,-0.0086805088868605,-0.040407284045998304,-0.0061805088868605,0.0,-0.0025,True,True,44,5.0,10,0.0,0.5,0.088,0.9878091216087341,0.011832102201879025,0,False
79,8.605574000626802,8.6,0.10000000000000142,152,1.5519649818647832,0.9429822910511636,0.3757010714954246,1.8777331130650035,0.3161328136920929,-0.006062071705304166,-0.04646935575130247,-0.006062071705304166,0.0,-0.0,False,False,44,5.0,10,0.02,0.5,0.088,0.9878777861595154,0.012822058983147144,0,False
80,8.705438152886927,8.7,0.09999999999999964,155,1.5721522702431292,0.9510160582266879,0.3806936145560346,1.8899814339988634,0.3181949257850647,-0.008624831018998785,-0.05509418677030126,-0.006124831018998785,0.0,-0.0025,True,True,45,5.0,10,0.0,0.5,0.09,0.9889081120491028,-0.03403930366039276,0,False
81,8.805578043684363,8.799999999999999,0.09999999999999964,160,1.592369686017821,0.9590657363051693,0.37526845194397446,1.9024156225346567,0.3202883303165436,-0.006217774995556489,-0.06131196176585774,-0.006217774995556489,0.0,-0.0,False,False,45,5.0,10,0.02,0.5,0.09,0.9886683225631714,-0.0328805185854435,0,False
82,8.905881792772561,8.9,0.09999999999999964,164,1.612644309783264,0.9669764900663274,0.3692740303333547,1.9151394104959376,0.32243049144744873,-0.008862590562840302,-0.07017455232869804,-0.006362590562840303,0.0,-0.0025,True,True,46,5.0,10,0.0,0.5,0.092,0.9876155853271484,-0.11365583539009094,0,False
83,9.005744035821408,9.0,0.09999999999999964,166,1.6329922500061311,0.9747036083508591,0.3514974996319018,1.9281846609001811,0.32462677359580994,-0.00652333938324862,-0.07669789171194666,-0.00652333938324862,0.0,-0.0,False,False,46,5.0,10,0.02,0.5,0.092,0.9875247478485107,-0.11460693180561066,0,False
84,9.105548918712884,9.1,0.10000000000000142,165,1.6535104620187224,0.9819633045702693,0.329323940639302,1.9417763620541078,0.32691505551338196,-0.009296594674327873,-0.08599448638627454,-0.006796594674327873,0.0,-0.0025,True,True,47,5.0,10,0.0,0.5,0.094,0.9979955554008484,0.2673880457878113,0,False
85,9.205912376753986,9.2,0.09999999999999964,167,1.6741112450490758,0.9890083445774095,0.35515516086771615,1.955697491405365,0.3292587995529175,-0.00696132680801701,-0.09295581319429154,-0.00696132680801701,0.0,-0.0,False,False,47,5.0,10,0.02,0.5,0.094,0.9980263113975525,0.2716574966907501,0,False
86,9.305652800947428,9.299999999999999,0.09999999999999964,165,1.6943910729540423,0.9971623406128958,0.4068351936004348,1.9689195815565905,0.331484854221344,-0.009111768938087638,-0.10206758213237918,-0.0066117689380876385,0.0,-0.0025,True,True,48,5.0,10,0.0,0.5,0.096,0.9880435466766357,-0.18112412095069885,0,False
87,9.405735411681235,9.4,0.09999999999999964,166,1.7143147790018367,1.0062194366999668,0.4204642795962163,1.9815334421075854,0.3336085081100464,-0.006307620839562,-0.10837520297194118,-0.006307620839562,0.0,-0.0,False,False,48,5.0,10,0.02,0.5,0.096,0.9879855513572693,-0.1673041731119156,0,False
88,9.505687593948096,9.5,0.09999999999999964,166,1.7343938209594152,1.0147124588857552,0.3867691381262224,1.994721368023408,0.3358288109302521,-0.009094684950015629,-0.11746988792195681,-0.0065946849500156295,0.0,-0.0025,True,True,49,5.0,10,0.0,0.5,0.098,0.9582861661911011,0.2806641757488251,0,False
89,9.606098671909422,9.6,0.10000000000000142,167,1.7544711183129758,1.0226671806763235,0.3931158083079943,2.008319795814357,0.33811822533607483,-0.006799958361098498,-0.1242698462830553,-0.006799958361098498,0.0,-0.0,False,False,49,5.0,10,0.02,0.5,0.098,0.9593467712402344,0.276370644569397,0,False
90,9.7063571610488,9.7,0.09999999999999964,167,1.7736011643726248,1.0313216352752126,0.4493261790109853,2.0208906412917615,0.340234637260437,-0.008786110947844412,-0.13305595723089972,-0.0062861109478444125,0.0,-0.0025,True,True,50,5.0,10,0.0,0.5,0.1,0.9919483661651611,0.12660062313079834,0,False
91,9.806246994063258,9.799999999999999,0.09999999999999964,165,1.792736229165423,1.041116376930355,0.4837847813013073,2.033066916402777,0.342284619808197,-0.0060888041633236295,-0.13914476139422335,-0.0060888041633236295,0.0,-0.0,False,False,50,5.0,10,0.02,0.5,0.1,0.9916481971740723,0.13415858149528503,0,False
92,9.906099666841328,9.9,0.09999999999999964,166,1.8118453123736509,1.0515213058443675,0.5138184465009985,2.0450906030634437,0.34430891275405884,-0.00851250158447351,-0.14765726297869686,-0.0060125015844735095,0.0,-0.0025,True,True,51,5.0,10,0.0,0.5,0.102,0.9974223375320435,0.1884598582983017,0,False
93,10.00648180488497,10.0,0.09999999999999964,170,1.8307088688617577,1.0625460149993236,0.5499969587468593,2.0567730014036085,0.3462757468223572,-0.005841838739899193,-0.15349910171859604,-0.005841838739899193,0.0,-0.0,False,False,51,5.0,10,0.02,0.5,0.102,0.9973187446594238,0.19240546226501465,0,False
94,10.106056919787079,10.1,0.10000000000000142,165,1.8491505070972845,1.0743021840557951,0.5871891343173337,2.067915321597585,0.34815165400505066,-0.008071770099444799,-0.16157087181804083,-0.005571770099444798,0.0,-0.0025,True,True,52,5.0,10,0.0,0.5,0.104,0.9921257495880127,0.06003572791814804,0,False
95,10.206545607652515,10.2,0.09999999999999964,167,1.8671893250725307,1.0865865792425466,0.5992927597242149,2.0786342176926818,0.3499562740325928,-0.00536003486903922,-0.16693090668708005,-0.00536003486903922,0.0,-0.0,False,False,52,5.0,10,0.02,0.5,0.104,0.9922031164169312,0.059827081859111786,0,False
96,10.306210351642221,10.299999999999999,0.09999999999999964,165,1.8850742594989531,1.0990484901512343,0.6144797911006502,2.0893106297644795,0.35175374150276184,-0.007838790531540398,-0.17476969721862046,-0.005338790531540399,0.0,-0.0025,True,True,53,5.0,10,0.0,0.5,0.106,0.9406953454017639,-0.17478469014167786,0,False
97,10.40646765101701,10.4,0.09999999999999964,167,1.9024554866384933,1.111191600490726,0.588532936518437,2.099837462670912,0.3535260260105133,-0.005263992759929877,-0.18003368997855032,-0.005263992759929877,0.0,-0.0,False,False,53,5.0,10,0.02,0.5,0.106,0.9431472420692444,-0.20141279697418213,0,False
98,10.506566071882844,10.5,0.09999999999999964,166,1.9199895903257962,1.1224449722117762,0.5508710450520892,2.1110335959610675,0.35541099309921265,-0.00809867959361003,-0.18813236957216034,-0.0055986795936100306,0.0,-0.0025,True,True,54,5.0,10,0.0,0.5,0.108,0.9997323155403137,0.19027385115623474,0,False
99,10.606592162977904,10.6,0.10000000000000142,166,1.93810551990156,1.1332894657223969,0.5535509203459968,2.1230732141304713,0.35743796825408936,-0.006020468211035595,-0.19415283778319595,-0.006020468211035595,0.0,-0.0,False,False,54,5.0,10,0.02,0.5,0.108,0.9997313618659973,0.18584394454956055,0,False
100,10.706559584941715,10.7,0.09999999999999964,166,1.9565252946034464,1.1451798183227513,0.5889325217868011,2.135113363350166,0.3594650328159332,-0.008520733765254139,-0.2026735715484501,-0.006020733765254139,0.0,-0.0025,True,True,55,5.0,10,0.0,0.5,0.11,0.9992740750312805,0.22992727160453796,0,False
101,10.806332158856094,10.799999999999999,0.09999999999999964,165,1.9744492513733336,1.1577593720995503,0.6352083839915745,2.1465831645570725,0.36139607429504395,-0.005735528534332091,-0.20840910008278218,-0.005735528534332091,0.0,-0.0,False,False,55,5.0,10,0.02,0.5,0.11,0.9992618560791016,0.23380906879901886,0,False
102,10.906338660046458,10.9,0.09999999999999964,165,1.9917691948098144,1.1711555573549048,0.682143692699383,2.1573427745078306,0.36320754885673523,-0.00788039402580897,-0.21628949410859116,-0.00538039402580897,0.0,-0.0025,True,True,56,5.0,10,0.0,0.5,0.112,0.9811410903930664,0.2213585078716278,0,False
103,11.006717098876834,11.0,0.09999999999999964,167,2.008214450513347,1.1851370462206914,0.7268730307040231,2.1672394277353284,0.3648737370967865,-0.004948868420363177,-0.22123836252895435,-0.004948868420363177,0.0,-0.0,False,False,56,5.0,10,0.02,0.5,0.112,0.9819204807281494,0.22500236332416534,0,False
104,11.106443052645773,11.1,0.10000000000000142,163,2.0239691638451798,1.1997908592496196,0.7721816069371894,2.1764157997511444,0.36641865968704224,-0.007088688381684171,-0.2283270509106385,-0.004588688381684172,0.0,-0.0025,True,True,57,5.0,10,0.0,0.5,0.114,0.9925867319107056,0.36419615149497986,0,False
105,11.206554452888668,11.2,0.09999999999999964,167,2.0390805286656035,1.2153567843815818,0.8387672960749568,2.1848373722863488,0.36783650517463684,-0.0042112473187876105,-0.23253829822942612,-0.0042112473187876105,0.0,-0.0,False,False,57,5.0,10,0.02,0.5,0.114,0.9922432899475098,0.3682752251625061,0,False
106,11.306793292984366,11.299999999999999,0.09999999999999964,165,2.052996386240962,1.2319876324629309,0.9105583492621799,2.1919483127027797,0.36903369426727295,-0.006055859506947342,-0.23859415773637346,-0.003555859506947342,0.0,-0.0025,True,True,58,5.0,10,0.0,0.5,0.116,0.996484637260437,0.2250215709209442,0,False
107,11.406844384036958,11.4,0.09999999999999964,167,2.065828324950526,1.2495964109816526,0.961212313155894,2.1978971380652195,0.37003523111343384,-0.0029747383582800625,-0.2415688960946535,-0.0029747383582800625,0.0,-0.0,False,False,58,5.0,10,0.02,0.5,0.116,0.9966228604316711,0.23178347945213318,0,False
108,11.506635036785156,11.5,0.09999999999999964,165,2.077881509780906,1.2678021477143016,1.0104529830670181,2.2031125829754603,0.3709132969379425,-0.005108007982205575,-0.24667690407685908,-0.0026080079822055745,0.0,-0.0025,True,True,59,5.0,10,0.0,0.5,0.118,0.9962969422340393,0.21247439086437225,0,False
109,11.606726927682757,11.6,0.10000000000000142,165,2.089089745393793,1.2865449574531314,1.053958174154124,2.207558358996935,0.3716617822647095,-0.002223131401184459,-0.24890003547804354,-0.002223131401184459,0.0,-0.0,False,False,59,5.0,10,0.02,0.5,0.118,0.9962887763977051,0.2162754386663437,0,False
110,11.706908497959375,11.7,0.09999999999999964,165,2.099479859198395,1.3057489744408857,1.0973095927494871,2.2112893413264043,0.3722899258136749,-0.004365695422765886,-0.25326573090080945,-0.001865695422765886,0.0,-0.0025,True,True,60,5.0,10,0.0,0.5,0.12,0.9925265908241272,0.2530023753643036,0,False
111,11.806847849860787,11.799999999999999,0.09999999999999964,165,2.108953371930896,1.3253337809702117,1.1468184693142325,2.2142400337612824,0.3727867007255554,-0.0014755077573698986,-0.2547412386581793,-0.0014755077573698986,0.0,-0.0,False,False,60,5.0,10,0.02,0.5,0.12,0.9925119876861572,0.2535061836242676,0,False
112,11.906954320613295,11.9,0.09999999999999964,164,2.117411544870339,1.3453604562669508,1.1968514990654104,2.216299800824228,0.37313348054885864,-0.0035299962964038464,-0.25827123495458315,-0.0010299962964038466,0.0,-0.0025,True,True,61,5.0,10,0.0,0.5,0.122,0.993128776550293,0.2687956690788269,0,False
113,12.00738157890737,12.0,0.09999999999999964,169,2.124829124809983,1.3657992149192393,1.2502237903032898,2.217455543274724,0.3733280599117279,-0.0005779344980423118,-0.2588491694526255,-0.0005779344980423118,0.0,-0.0,False,False,61,5.0,10,0.02,0.5,0.122,0.9925814867019653,0.27277520298957825,0,False
114,12.107249280903488,12.1,0.10000000000000142,158,2.1311238242080783,1.3866001641130683,1.304717265838718,2.2176447741951684,0.37335991859436035,-0.0025946258199429618,-0.26144379527256845,-9.462581994296165e-05,0.0,-0.0025,True,True,62,5.0,10,0.0,0.5,0.124,0.9806458353996277,0.2952127158641815,0,False
115,12.20744459098205,12.2,0.09999999999999964,168,2.136193494654213,1.4075004028377716,1.3632858746562753,2.2168397019536528,0.3732243776321411,0.00040258019560365164,-0.2610412150769648,0.00040258019560365164,0.0,-0.0,False,False,62,5.0,10,0.02,0.5,0.124,0.9789817333221436,0.29762405157089233,0,False
116,12.307396182790399,12.299999999999999,0.09999999999999964,168,2.139996025390652,1.4285763671998495,1.4225412467987377,2.214973591230245,0.37291020154953003,-0.0015668424753617933,-0.26260805755232663,0.0009331575246382068,0.0,-0.0025,True,True,63,5.0,10,0.0,0.5,0.126,0.9910832643508911,0.2705534100532532,0,False
117,12.407529623713344,12.4,0.09999999999999964,165,2.142588714541197,1.4500619675220585,1.4774183430148469,2.212039361354395,0.3724161982536316,0.001467275576589047,-0.2611407819757376,0.001467275576589047,0.0,-0.0,False,False,63,5.0,10,0.02,0.5,0.126,0.991348922252655,0.27132371068000793,0,False
118,12.50745342578739,12.5,0.09999999999999964,168,2.144024294065681,1.4717191928885,1.5321905386277093,2.208148709904027,0.37176117300987244,-0.0005544612754674869,-0.2616952432512051,0.001945538724532513,0.0,-0.0025,True,True,64,5.0,10,0.0,0.5,0.128,0.9873490929603577,0.2829457223415375,0,False
119,12.608370498754084,12.6,0.10100000000000087,170,2.1442705927858383,1.4933496556168862,1.5884810617451628,2.2033136740190757,0.3709471523761749,0.002417782643517806,-0.25927746060768725,0.002417782643517806,0.0,-0.0,False,False,64,5.0,10,0.02,0.5,0.128,0.9870848655700684,0.28385910391807556,0,False
120,12.708178782835603,12.7,0.09999999999999964,167,2.1432901384668,1.514936856384264,1.6449268905234407,2.1974937168606425,0.3699673116207123,0.0004102972012002969,-0.25886716340648697,0.002910297201200297,0.0,-0.0025,True,True,65,5.0,10,0.0,0.5,0.13,0.9968613386154175,0.2538083493709564,0,False
121,12.808572640642524,12.799999999999999,0.09999999999999964,167,2.1411001877273916,1.5366155395280574,1.6963554424104668,2.1906700746517713,0.3688184916973114,0.0034121946746110327,-0.25545496873187595,0.0034121946746110327,0.0,-0.0,False,False,65,5.0,10,0.02,0.5,0.13,0.9966819286346436,0.24781398475170135,0,False
122,12.908375453669578,12.9,0.09999999999999964,166,2.13782730505359,1.558201103438264,1.7459735100650136,2.183000646345723,0.3675272762775421,0.0013351340269844342,-0.2541198347048915,0.0038351340269844342,0.0,-0.0025,True,True,66,5.0,10,0.0,0.5,0.132,0.9992181658744812,-0.11382404714822769,0,False
123,13.008591094054282,13.0,0.10000000000000142,168,2.1337157063722616,1.579698057283138,1.7524182910855601,2.1747175009197677,0.3661327362060547,0.004142026185770505,-0.24997780851912102,0.004142026185770505,0.0,-0.0,False,False,66,5.0,10,0.02,0.5,0.132,0.9992187023162842,-0.11310527473688126,0,False
124,13.108835002873093,13.1,0.09999999999999964,164,2.13003401893951,1.6014106267887718,1.7314958083250085,2.1670068277077665,0.36483457684516907,0.00135575873797295,-0.24862204978114807,0.00385575873797295,0.0,-0.0025,True,True,67,5.0,10,0.0,0.5,0.134,0.9995430707931519,-0.7094160318374634,0,False
125,13.208926623687148,13.2,0.09999999999999964,163,2.1270229770591484,1.623256948137432,1.6612614313755552,2.1601300804697714,0.3636768162250519,0.003438750096484726,-0.24518329968466335,0.003438750096484726,0.0,-0.0,False,False,67,5.0,10,0.02,0.5,0.134,0.9995856285095215,-0.6790714859962463,0,False
126,13.308905886020511,13.299999999999999,0.09999999999999964,163,2.1266139862348656,1.6454806334382002,1.5236759447893113,2.155961689717086,0.36297503113746643,-0.00041557641906851813,-0.24559887610373188,0.002084423580931482,0.0,-0.0025,True,True,68,5.0,10,0.0,0.5,0.136,0.96149080991745,-0.3222730755805969,0,False
127,13.40859833965078,13.4,0.10000000000000142,165,2.128857573544488,1.6673307589056436,1.426946207143966,2.154693364604848,0.3627614974975586,0.0006342319924142216,-0.24496464411131766,0.0006342319924142216,0.0,-0.0,False,False,68,5.0,10,0.02,0.5,0.136,0.968596339225769,-0.30442753434181213,0,False
128,13.50888891890645,13.5,0.09999999999999964,164,2.13245434550887,1.6884606784071905,1.3684458544216915,2.1550912982897485,0.36282849311828613,-0.002698988627906152,-0.24766363273922382,-0.00019898862790615165,0.0,-0.0025,True,True,69,5.0,10,0.0,0.5,0.138,0.8792964816093445,0.4836525619029999,0,False
129,13.60900869872421,13.6,0.09999999999999964,152,2.1370478696251447,1.7092862286365214,1.3559437611881222,2.1567308275555614,0.36310452222824097,-0.0008198543913106417,-0.24848348713053445,-0.0008198543913106417,0.0,-0.0,False,False,69,5.0,10,0.02,0.5,0.138,0.8846737742424011,0.48478370904922485,0,False
130,13.709049270953983,13.7,0.09999999999999964,156,2.140466384876281,1.7288625541977238,1.4488103077480652,2.157570772099535,0.3632459342479706,-0.002920018255967422,-0.25140350538650186,-0.000420018255967422,0.0,-0.0025,True,True,70,5.0,10,0.0,0.5,0.14,0.8839573264122009,0.4492715895175934,0,False
131,13.809000502806157,13.799999999999999,0.09999999999999964,161,2.1419439837060295,1.7479725347404385,1.5386304396447705,2.156720206549737,0.3631027340888977,0.00042532934034207175,-0.2509781760461598,0.00042532934034207175,0.0,-0.0,False,False,70,5.0,10,0.02,0.5,0.14,0.8734228014945984,0.4549869894981384,0,False
132,13.908722285646945,13.9,0.09999999999999964,160,2.141698778712081,1.7669580090970622,1.6297663709542027,2.154340393177939,0.36270207166671753,-0.0013099630277713591,-0.25228813907393116,0.001190036972228641,0.0,-0.0025,True,True,71,5.0,10,0.0,0.5,0.142,0.9300405383110046,0.09343787282705307,0,False
133,14.00870344787836,14.0,0.10000000000000142,162,2.1398381374023763,1.7864471204968335,1.681666411992707,2.150467797437473,0.3620500862598419,0.0019365098810955864,-0.2503516291928356,0.0019365098810955864,0.0,-0.0,False,False,71,5.0,10,0.02,0.5,0.142,0.9212040305137634,0.08377150446176529,0,False
134,14.108878607861698,14.1,0.09999999999999964,162,2.1375003467738165,1.8065427364010278,1.6985554183291052,2.1462370967839495,0.361337810754776,-0.00038441805740369863,-0.2507360472502393,0.0021155819425963014,0.0,-0.0025,True,True,72,5.0,10,0.0,0.5,0.144,0.9853479266166687,-0.22705380618572235,0,False
135,14.209270475897938,14.2,0.09999999999999964,163,2.1349290024790073,1.8269740357945483,1.6794859971632188,2.141929039804669,0.36061251163482666,0.002154264340458893,-0.2485817829097804,0.002154264340458893,0.0,-0.0,False,False,72,5.0,10,0.02,0.5,0.144,0.9863569140434265,-0.22315484285354614,0,False
136,14.308786822017282,14.299999999999999,0.09999999999999964,157,2.133102536057957,1.8486916223484982,1.6345428095691867,2.1384621664867085,0.36002883315086365,-0.0007663735420188344,-0.24934815645179922,0.0017336264579811656,0.0,-0.0025,True,True,73,5.0,10,0.0,0.5,0.146,0.9775734543800354,-0.10151594877243042,0,False
137,14.408928671851754,14.4,0.10000000000000142,166,2.1321046185698127,1.870331852019615,1.6101605130755052,2.136043940477178,0.35962170362472534,0.0012092453940505538,-0.24813891105774866,0.0012092453940505538,0.0,-0.0,False,False,73,5.0,10,0.02,0.5,0.146,0.9811769723892212,-0.08905253559350967,0,False
138,14.50918145198375,14.5,0.09999999999999964,162,2.1314760295301145,1.891961466023773,1.5900298148560428,2.1342123480227,0.35931333899497986,-0.0015841034995795716,-0.24972301455732823,0.0009158965004204283,0.0,-0.0025,True,True,74,5.0,10,0.0,0.5,0.148,0.9683478474617004,-0.23956860601902008,0,False
139,14.609075663611293,14.6,0.09999999999999964,164,2.1313918070102407,1.9134936931385387,1.546668675594674,2.133146530088187,0.35913389921188354,0.0005329673170030031,-0.24919004724032523,0.0005329673170030031,0.0,-0.0,False,False,74,5.0,10,0.02,0.5,0.148,0.9741165637969971,-0.2447349578142166,0,False
140,14.709269733633846,14.7,0.09999999999999964,167,2.132378808629433,1.9349998166397582,1.5008090061654926,2.133369217176979,0.35917139053344727,-0.0026113557357232086,-0.2518014029760484,-0.00011135573572320848,0.0,-0.0025,True,True,75,5.0,10,0.0,0.5,0.15,0.9716384410858154,-0.16091519594192505,0,False
141,14.808996867854148,14.799999999999999,0.09999999999999964,164,2.134312843212462,1.9564273227149802,1.467027060637236,2.1347575596550374,0.35940513014793396,-0.0006942472458488525,-0.2524956502218973,-0.0006942472458488525,0.0,-0.0,False,False,75,5.0,10,0.02,0.5,0.15,0.9755841493606567,-0.16486023366451263,0,False
142,14.909104788675904,14.9,0.09999999999999964,164,2.136931457903238,1.9778103589888323,1.432175332705054,2.137046740443797,0.35979053378105164,-0.0036447157188975706,-0.25614036594079487,-0.0011447157188975705,0.0,-0.0025,True,True,76,5.0,10,0.0,0.5,0.152,0.9302259087562561,-0.18399886786937714,0,False
143,15.009165470022708,15.0,0.10000000000000142,149,2.1401404218971276,1.9983724773599918,1.3959975756080625,2.140140993474073,0.36031147837638855,-0.0015472959145014442,-0.2576876618552963,-0.0015472959145014442,0.0,-0.0,False,False,76,5.0,10,0.02,0.5,0.152,0.942249596118927,-0.20197086036205292,0,False
144,15.109163150656968,15.1,0.09999999999999964,167,2.1441628211685355,2.0188325197297985,1.3550572512864087,2.1442454811750458,0.36100250482559204,-0.004552468556610143,-0.2622401304119064,-0.002052468556610143,0.0,-0.0025,True,True,77,5.0,10,0.0,0.5,0.154,0.9880582094192505,-0.35348591208457947,0,False
145,15.209555129054934,15.2,0.09999999999999964,163,2.149318177349012,2.0396935384325214,1.2928142808317469,2.1496846752746617,0.36191824078559875,-0.002719894826366537,-0.26496002523827294,-0.002719894826366537,0.0,-0.0,False,False,77,5.0,10,0.02,0.5,0.154,0.9879969954490662,-0.35398897528648376,0,False
146,15.309648749884218,15.299999999999999,0.09999999999999964,162,2.1560384463776434,2.0604968190743405,1.223160986378107,2.1568869563411854,0.3631308078765869,-0.006101534832569952,-0.2710615600708429,-0.0036015348325699518,0.0,-0.0025,True,True,78,5.0,10,0.0,0.5,0.156,0.9938535690307617,-0.5328745245933533,0,False
147,15.409415123984218,15.4,0.10000000000000142,157,2.1644232188211516,2.0808214825388904,1.1244825522585336,2.1659316278847744,0.3646535575389862,-0.004522830935437582,-0.2755843910062805,-0.004522830935437582,0.0,-0.0,False,False,78,5.0,10,0.02,0.5,0.156,0.9944962859153748,-0.5132624506950378,0,False
148,15.50930390600115,15.5,0.09999999999999964,162,2.1749212387850245,2.1002287180536627,1.0249114567302118,2.177229545814084,0.36655566096305847,-0.008149577485534517,-0.28373396849181504,-0.0056495774855345165,0.0,-0.0025,True,True,79,5.0,10,0.0,0.5,0.158,0.6140544414520264,-0.6490007042884827,0,False
149,15.609634974971414,15.6,0.09999999999999964,164,2.1850746455622114,2.1152993891521508,0.9184399404862944,2.1881144836335737,0.36838823556900024,-0.005443064821430593,-0.2891770333132456,-0.005443064821430593,0.0,-0.0,False,False,79,5.0,10,0.02,0.5,0.158,0.5844554305076599,-0.6387957334518433,0,False
150,15.7096136668697,15.700000000000001,0.10000000000000142,164,2.1935764452520368,2.1251315241822115,0.7891044143437622,2.1971425156013713,0.3699081838130951,-0.007014510236584179,-0.2961915435498298,-0.004514510236584179,0.0,-0.0025,True,True,80,5.0,10,0.0,0.5,0.16,0.7424256205558777,-0.4016707241535187,0,False
151,15.910074995830655,15.9,0.1999999999999993,328,2.2178310700131867,2.1445942132711626,0.5633632966567506,2.2225396417462657,0.3741840124130249,-0.01519995347490074,-0.3113914970247305,-0.01269995347490074,0.0,-0.0025,True,True,81,5.0,10,0.0,0.5,0.162,0.8104761838912964,-0.7853655219078064,0,False
152,16.10984935099259,16.1,0.1999999999999993,326,2.2505653094683105,2.158928725211575,0.24646977333536452,2.2561698175729754,0.3798459470272064,-0.01931692904603715,-0.33070842607076767,-0.01681692904603715,0.0,-0.0025,True,True,82,5.0,10,0.0,0.5,0.164,0.792970597743988,-0.5940595269203186,0,False
153,16.21036174800247,16.200000000000003,0.10000000000000142,164,2.268279486642394,2.1619395508183485,0.10979613448255665,2.274052759113627,0.38285669684410095,-0.008942449797860255,-0.3396508758686279,-0.008942449797860255,0.0,-0.0,False,False,82,5.0,10,0.02,0.5,0.164,0.797359824180603,-0.6263685822486877,0,False
154,16.410484349820763,16.400000000000002,0.1999999999999993,310,2.307553777512562,2.160910088195635,-0.1355990221518575,2.313157178359174,0.38944026827812195,-0.02205435045084023,-0.36170522631946816,-0.01955435045084023,0.0,-0.0025,True,True,83,5.0,10,0.02,0.5,0.166,0.9993768334388733,-0.4367177188396454,0,False
155,16.61044022301212,16.6,0.1999999999999993,331,2.3507233968941486,2.1512560231170723,-0.30820588905927604,2.3555845562937567,0.39658328890800476,-0.02371601171554408,-0.38542123803501227,-0.021216011715544082,0.0,-0.0025,True,True,84,5.0,10,0.02,0.5,0.168,0.9977839589118958,-0.43385231494903564,0,False
156,16.71040900470689,16.700000000000003,0.10000000000000142,167,2.3714949178112055,2.143656643825692,-0.39412593997209733,2.3758420007032934,0.39999380707740784,-0.012629831227901461,-0.3980510692629137,-0.01012983122790146,0.0,-0.0025,True,True,85,5.0,10,0.0,0.5,0.17,0.9981416463851929,-0.34832462668418884,0,False
157,16.910256038885564,16.900000000000002,0.1999999999999993,331,2.4109301050144225,2.1237540566604696,-0.5381713046084002,2.4141041741869382,0.4064355790615082,-0.02163318145992497,-0.4196842507228387,-0.019133181459924972,0.0,-0.0025,True,True,86,5.0,10,0.0,0.5,0.172,0.9993969798088074,-0.3827597498893738,0,False
158,17.11044159065932,17.1,0.1999999999999993,332,2.44707976719256,2.0983206287101286,-0.6905525491571186,2.4490541870041365,0.41231971979141235,-0.01997691979766899,-0.4396611705205077,-0.01747691979766899,0.0,-0.0025,True,True,87,5.0,10,0.0,0.5,0.174,0.9821556806564331,-0.42946428060531616,0,False
159,17.210210823919624,17.200000000000003,0.10000000000000142,166,2.463346091159804,2.08377350214364,-0.772180464662915,2.464770089323012,0.4149656295776367,-0.00785881154927149,-0.44751998206977917,-0.00785881154927149,0.0,-0.0,False,False,87,5.0,10,0.02,0.5,0.174,0.9798725843429565,-0.4229249060153961,0,False
160,17.4103404157795,17.400000000000002,0.1999999999999993,332,2.491933226127527,2.050809399368428,-0.9392755590373126,2.4924510857537543,0.4196259677410126,-0.01634201365161132,-0.4638619957213905,-0.013842013651611319,0.0,-0.0025,True,True,88,5.0,10,0.02,0.5,0.176,0.9953505992889404,-0.426072359085083,0,False
161,17.610546137671918,17.6,0.1999999999999993,315,2.5150094035146684,2.0132842912006583,-1.085611589438587,2.51504444337768,0.4234297573566437,-0.013797915718047978,-0.4776599114394385,-0.011297915718047977,0.0,-0.0025,True,True,89,5.0,10,0.02,0.5,0.178,0.998806893825531,-0.31239572167396545,0,False
162,17.710779886692762,17.700000000000003,0.10000000000000142,167,2.5246593265020283,1.993401930827185,-1.1507704578499176,2.524667959738718,0.42504996061325073,-0.007312285033859882,-0.48497219647329837,-0.004812285033859882,0.0,-0.0025,True,True,90,5.0,10,0.0,0.5,0.18,0.9991642236709595,-0.2834305465221405,0,False
163,17.910919059067965,17.900000000000002,0.1999999999999993,332,2.5403103736955672,1.9521151422044574,-1.2658730388328785,2.540761615831427,0.42775946855545044,-0.010547709116865875,-0.49551990559016423,-0.008047709116865875,0.0,-0.0025,True,True,91,5.0,10,0.0,0.5,0.182,0.9995599985122681,-0.3037348985671997,0,False
164,18.110640303697437,18.1,0.1999999999999993,330,2.5510577206885285,1.9092712655638528,-1.3860883830578867,2.5526705956291864,0.42976444959640503,-0.008455141873226537,-0.5039750474633907,-0.005955141873226537,0.0,-0.0025,True,True,92,5.0,10,0.0,0.5,0.184,0.9999234676361084,-0.23757946491241455,0,False
165,18.210919823031873,18.200000000000003,0.10000000000000142,167,2.5545472541466574,1.8875214167139105,-1.43338770092105,2.557022375749112,0.43049710988998413,-0.002176128304468242,-0.506151175767859,-0.002176128304468242,0.0,-0.0,False,False,92,5.0,10,0.02,0.5,0.184,0.9999238848686218,-0.24563351273536682,0,False
166,18.411111664958298,18.400000000000002,0.1999999999999993,332,2.5583300287813744,1.8434948380048561,-1.5399605223253319,2.563112637505785,0.4315224587917328,-0.0055454642985367664,-0.5116966400663957,-0.003045464298536767,0.0,-0.0025,True,True,93,5.0,10,0.02,0.5,0.186,0.9999625086784363,-0.28204241394996643,0,False
167,18.61103987786919,18.6,0.1999999999999993,336,2.557302818041234,1.7993267833236701,-1.6436439441824036,2.565164261797598,0.4318678677082062,-0.003525924465049808,-0.5152225645314455,-0.0010259244650498078,0.0,-0.0025,True,True,94,5.0,10,0.02,0.5,0.188,0.999991238117218,-0.2354651242494583,0,False
168,18.710881440900266,18.700000000000003,0.10000000000000142,165,2.5551669693536376,1.777346319884002,-1.6917249355569637,2.564849525991658,0.43181487917900085,-0.0023426148663624195,-0.517565179397808,0.00015738513363758034,0.0,-0.0025,True,True,95,5.0,10,0.0,0.5,0.19,0.9998190402984619,-0.21649686992168427,0,False
169,18.911035303026438,18.900000000000002,0.1999999999999993,328,2.54792503993411,1.7338003196630147,-1.7791582948732623,2.5617931545488237,0.4313003122806549,-0.0009716469531017031,-0.5185368263509097,0.001528353046898297,0.0,-0.0025,True,True,96,5.0,10,0.0,0.5,0.192,0.9985589981079102,-0.24568840861320496,0,False
170,19.11212206678465,19.1,0.2010000000000005,338,2.5367577299478183,1.6911210082242694,-1.8764057033351131,2.555493304943876,0.4302396774291992,0.0006502696968644925,-0.5178865566540451,0.0031502696968644926,0.0,-0.0025,True,True,97,5.0,10,0.0,0.5,0.194,0.9988796710968018,-0.2364579439163208,0,False
171,19.213470425922424,19.200000000000003,0.10099999999999909,171,2.5296151289930346,1.6702429669165968,-1.9238452033125806,2.551017967122856,0.4294862151145935,0.0022379139193607935,-0.5156486427346844,0.0022379139193607935,0.0,-0.0,False,False,97,5.0,10,0.02,0.5,0.194,0.9992591738700867,-0.23694482445716858,0,False
172,19.413545188959688,19.400000000000002,0.1999999999999993,334,2.5125223317616743,1.6297242338978593,-2.0111879766963883,2.5396598634938736,0.4275739789009094,0.0031796736303242724,-0.5124689691043601,0.0056796736303242725,0.0,-0.0025,True,True,98,5.0,10,0.02,0.5,0.196,0.9915744066238403,-0.1958010196685791,0,False
173,19.51347180083394,19.5,0.10000000000000142,165,2.5027965799636704,1.610113257941447,-2.051220721248993,2.5329829681821474,0.42644986510276794,0.0008388131921671141,-0.511630155912193,0.003338813192167114,0.0,-0.0025,True,True,99,5.0,10,0.0,0.5,0.198,0.9179878234863281,-0.3222351372241974,0,False
174,19.71356631303206,19.700000000000003,0.1999999999999993,334,2.4817985192969885,1.574785954750519,-2.1703354293643993,2.51796167964421,0.4239208996295929,0.00501146663116513,-0.5066186892810278,0.007511466631165129,0.0,-0.0025,True,True,100,5.0,10,0.0,0.5,0.2,0.8937094211578369,-0.11280560493469238,0,False
175,19.913780853617936,19.900000000000002,0.1999999999999993,333,2.4583878049044214,1.5428958707944114,-2.2263661005135678,2.500522873163797,0.4209849238395691,0.006220357952923921,-0.5003983313281039,0.008720357952923922,0.0,-0.0025,True,True,101,5.0,10,0.0,0.5,0.202,0.831699788570404,0.14313878118991852,0,False
176,20.013383198995143,20.0,0.10000000000000142,166,2.4468255223324546,1.5278766126961758,-2.2134627047655258,2.491958271083486,0.41954299807548523,0.00428276992170039,-0.49611556140640345,0.00428276992170039,0.0,-0.0,False,False,101,5.0,10,0.02,0.5,0.202,0.8381646871566772,0.11817202717065811,0,False
177,20.21347419079393,20.200000000000003,0.1999999999999993,315,2.424784256670805,1.4972098509992984,-2.1962027047539965,2.4763636252477763,0.41691750288009644,0.005298176669326998,-0.4908173847370765,0.007798176669326998,0.0,-0.0025,True,True,102,5.0,10,0.02,0.5,0.204,0.9274464845657349,-0.12719452381134033,0,False
178,20.413705731742084,20.400000000000002,0.1999999999999993,324,2.4007369708456383,1.4657467691728854,-2.256020662995798,2.4594641888464968,0.41407233476638794,0.005950643384761065,-0.4848667413523154,0.008450643384761066,0.0,-0.0025,True,True,103,5.0,10,0.02,0.5,0.206,0.8513094782829285,-0.17884601652622223,0,False
179,20.513652683701366,20.5,0.10000000000000142,159,2.3885937758184923,1.4514149637507991,-2.2911192034010597,2.450780631500949,0.41261038184165955,0.0018422540666972677,-0.48302448728561814,0.004342254066697268,0.0,-0.0025,True,True,104,5.0,10,0.0,0.5,0.208,0.8947559595108032,-0.34594398736953735,0,False
180,20.713925944641232,20.700000000000003,0.1999999999999993,323,2.3612170856774046,1.4235633146588798,-2.4075231467378533,2.430560714645326,0.40920618176460266,0.007611065396444305,-0.47541342188917385,0.010111065396444305,0.0,-0.0025,True,True,105,5.0,10,0.0,0.5,0.21,0.8120883107185364,-0.6078485250473022,0,False
181,20.913717419840395,20.900000000000002,0.1999999999999993,322,2.33170083269867,1.4017264154336109,-2.62334298933807,2.4072307902674543,0.40527838468551636,0.009166239419434617,-0.46624718246973923,0.011666239419434617,0.0,-0.0025,True,True,106,5.0,10,0.0,0.5,0.212,0.8983978033065796,-0.06931199133396149,0,False
182,21.013876270037144,21.0,0.10000000000000142,162,2.3156178934873997,1.393586533424202,-2.7010963946637214,2.3937049393496412,0.40300118923187256,0.006763665951204577,-0.45948351651853464,0.006763665951204577,0.0,-0.0,False,False,106,5.0,10,0.02,0.5,0.212,0.8945399522781372,-0.04475431516766548,0,False
183,21.214159100782126,21.200000000000003,0.1999999999999993,331,2.2801212219523115,1.377345225612703,-2.763927319033805,2.363609965311698,0.3979344367980957,0.012549134611911967,-0.44693438190662266,0.015049134611911968,0.0,-0.0025,True,True,107,5.0,10,0.02,0.5,0.214,0.8408788442611694,-0.23976421356201172,0,False
184,21.41427873261273,21.400000000000002,0.1999999999999993,330,2.2439844742955652,1.364865980069354,-2.801098446920744,2.33213673875123,0.39263564348220825,0.013238336327604716,-0.4336960455790179,0.015738336327604716,0.0,-0.0025,True,True,108,5.0,10,0.02,0.5,0.216,0.8765335083007812,0.10728096216917038,0,False
185,21.514377383049577,21.5,0.10000000000000142,146,2.2259232270727907,1.3582188000745066,-2.7834934296774194,2.316596083028463,0.3900192379951477,0.0052711786570887684,-0.42842486692192916,0.007771178657088769,0.0,-0.0025,True,True,109,5.0,10,0.0,0.5,0.218,0.8641969561576843,-0.013285555876791477,0,False
186,21.714512364938855,21.700000000000003,0.1999999999999993,328,2.190258531402781,1.344742165411477,-2.785543113690248,2.2861748670949362,0.3848975598812103,0.012712273420288734,-0.4157125935016404,0.015212273420288734,0.0,-0.0025,True,True,110,5.0,10,0.0,0.5,0.22,0.8737839460372925,-0.15291152894496918,0,False
187,21.914143471047282,21.900000000000002,0.1999999999999993,326,2.1538399827491617,1.3322068267710827,-2.8350430559222213,2.2549887617252637,0.3796471059322357,0.013094760013341623,-0.40261783348829877,0.015594760013341624,0.0,-0.0025,True,True,111,5.0,10,0.0,0.5,0.222,0.8396874666213989,-0.012775158509612083,0,False
188,22.01455660862848,22.0,0.10000000000000142,164,2.1360149287991486,1.3267093099945384,-2.8421422995287746,2.2396160949112915,0.3770589828491211,0.007687175005895107,-0.39493065848240366,0.007687175005895107,0.0,-0.0,False,False,111,5.0,10,0.02,0.5,0.222,0.8402752876281738,-0.017219122499227524,0,False
189,22.214648740831763,22.200000000000003,0.1999999999999993,332,2.099549891548332,1.3155079208719258,-2.8258404257714793,2.2083113883099097,0.37178856134414673,0.01315406712219251,-0.38177659136021114,0.01565406712219251,0.0,-0.0025,True,True,112,5.0,10,0.02,0.5,0.224,0.9529857039451599,0.18527618050575256,0,False
190,22.414698984008282,22.400000000000002,0.1999999999999993,328,2.0609900033746316,1.3013570289866734,-2.7576724335993563,2.176185146907984,0.36637982726097107,0.013564879498577013,-0.36821171186163415,0.016064879498577014,0.0,-0.0025,True,True,113,5.0,10,0.02,0.5,0.226,0.9177504777908325,0.10941841453313828,0,False
191,22.514757284894586,22.5,0.10000000000000142,164,2.042362899559285,1.2936285114860677,-2.7376166094056322,2.161066145116459,0.363834410905838,0.005060328607412484,-0.3631513832542217,0.007560328607412485,0.0,-0.0025,True,True,114,5.0,10,0.0,0.5,0.228,0.9602020382881165,-0.15760290622711182,0,False
192,22.714837227016687,22.700000000000003,0.1999999999999993,329,2.003735286241409,1.2777770501703327,-2.7793042397181145,2.129920399568921,0.3585907518863678,0.013074577892717421,-0.35007680536150426,0.015574577892717422,0.0,-0.0025,True,True,115,5.0,10,0.0,0.5,0.23,0.9621565341949463,-0.07824061810970306,0,False
193,22.9150010086596,22.900000000000002,0.1999999999999993,310,1.963815242343138,1.2635789718169474,-2.8153684721501615,2.0973521473079217,0.35310760140419006,0.01378590912663828,-0.33629089623486597,0.01628590912663828,0.0,-0.0025,True,True,116,5.0,10,0.0,0.5,0.232,0.9635185599327087,-0.02963085100054741,0,False
194,23.01489771064371,23.0,0.10000000000000142,166,1.9436928703130958,1.256868802352955,-2.8220625786851454,2.0809099452073974,0.350339412689209,0.00822200120242947,-0.32806889503243647,0.00822200120242947,0.0,-0.0,False,False,116,5.0,10,0.02,0.5,0.232,0.964647650718689,-0.03360873833298683,0,False
195,23.21461421670392,23.200000000000003,0.1999999999999993,332,1.9032099918670011,1.2440703007318223,-2.884121538970052,2.047837372186487,0.3447713553905487,0.01403809711636437,-0.3140307979160721,0.01653809711636437,0.0,-0.0025,True,True,117,5.0,10,0.02,0.5,0.234,0.9555687308311462,-0.30876418948173523,0,False
196,23.41502712573856,23.400000000000002,0.1999999999999993,331,1.861830165167957,1.235448725845669,-2.9623833844249514,2.0126972433650256,0.33885520696640015,0.015071988207976486,-0.2989588097080956,0.017571988207976487,0.0,-0.0025,True,True,118,5.0,10,0.02,0.5,0.236,0.9659755229949951,0.11893442273139954,0,False
197,23.515170845668763,23.5,0.10000000000000142,163,1.8410183394104263,1.2312957955647919,-2.9371271714767357,1.9950575228577612,0.3358854055404663,0.006320825965679065,-0.2926379837424165,0.008820825965679065,0.0,-0.0025,True,True,119,5.0,10,0.0,0.5,0.238,0.9585629105567932,0.20956112444400787,0,False
198,23.714896301738918,23.700000000000003,0.1999999999999993,330,1.7999779766491315,1.2211860425075862,-2.8642423935073853,1.961242364512937,0.33019232749938965,0.014409430432230209,-0.2782285533101863,0.01690943043223021,0.0,-0.0025,True,True,120,5.0,10,0.0,0.5,0.24,0.9999066591262817,-0.263170063495636,0,False
199,23.91532452078536,23.900000000000002,0.1999999999999993,331,1.758248428730737,1.2097873758402593,-2.9188992798217837,1.9276601602292025,0.3245384693145752,0.01429294064827801,-0.2639356126619083,0.01679294064827801,0.0,-0.0025,True,True,121,5.0,10,0.0,0.5,0.242,0.9462465047836304,-0.05888267606496811,0,False
200,24.01533011160791,24.0,0.10000000000000142,165,1.7372891240122612,1.205444706341576,-2.9428909494044455,1.9103642062771322,0.32162654399871826,0.008648923868084026,-0.25528668879382427,0.008648923868084026,0.0,-0.0,False,False,121,5.0,10,0.02,0.5,0.242,0.9462406039237976,-0.039772506803274155,0,False
201,24.215450703632087,24.200000000000003,0.1999999999999993,310,1.696614566357998,1.1977231052896222,-2.9919629113113677,1.8767389869198072,0.3159654438495636,0.014314450539995706,-0.24097223825382857,0.016814450539995706,0.0,-0.0025,True,True,122,5.0,10,0.02,0.5,0.244,0.916789710521698,-0.2434634566307068,0,False
202,24.41528751887381,24.400000000000002,0.1999999999999993,325,1.6550264058389734,1.1933485386756955,-3.067999376066688,1.8411407387137724,0.3099721670150757,0.015301072980672506,-0.22567116527315606,0.017801072980672506,0.0,-0.0025,True,True,123,5.0,10,0.02,0.5,0.246,0.996083676815033,-0.11623820662498474,0,False
203,24.51547377789393,24.5,0.10000000000000142,163,1.6331145928554152,1.1919901121469627,-3.0926275060402793,1.8220710767889696,0.30676162242889404,0.007035874958662092,-0.21863529031449397,0.009535874958662092,0.0,-0.0025,True,True,124,5.0,10,0.0,0.5,0.248,0.9398233294487,0.08099355548620224,0,False
204,24.715418121777475,24.700000000000003,0.1999999999999993,327,1.5911931727661088,1.189719658992837,-3.074972670294092,1.7856231481169549,0.3006252944469452,0.015725959730650156,-0.2029093305838438,0.018225959730650155,0.0,-0.0025,True,True,125,5.0,10,0.0,0.5,0.25,0.9987767934799194,-0.07660288363695145,0,False
205,24.91545580374077,24.900000000000002,0.1999999999999993,323,1.5476186700576164,1.1871166932618156,-3.0965613082602896,1.7481140039462844,0.2943103015422821,0.016256625577757484,-0.18665270500608633,0.018756625577757483,0.0,-0.0025,True,True,126,5.0,10,0.0,0.5,0.252,0.9987695813179016,-0.03309541568160057,0,False
206,25.016045270953327,25.0,0.10000000000000142,163,1.5256478232982473,1.1862639457111521,-3.104468886772874,1.7290944377656217,0.2911081910133362,0.009510824344027998,-0.17714188066205833,0.009510824344027998,0.0,-0.0,False,False,126,5.0,10,0.02,0.5,0.252,0.9988419413566589,-0.033020734786987305,0,False
207,25.215901624877006,25.200000000000003,0.1999999999999993,326,1.4816060387582908,1.1851852930125297,3.128185814615187,1.6908812979255343,0.28467467427253723,0.016608661953728412,-0.16053321870832993,0.01910866195372841,0.0,-0.0025,True,True,127,5.0,10,0.02,0.5,0.254,0.9999268054962158,-0.24297532439231873,0,False
208,25.41602655686438,25.400000000000002,0.1999999999999993,313,1.4377324043798474,1.1874975414755442,3.085106790035972,1.6514341742253753,0.27803340554237366,0.01722572143999785,-0.14330749726833208,0.01972572143999785,0.0,-0.0025,True,True,128,5.0,10,0.02,0.5,0.256,0.9343927502632141,0.2983889877796173,0,False
209,25.51578263984993,25.5,0.10000000000000142,163,1.417078075014198,1.1879856072205934,-3.139542864231918,1.6332414533481692,0.27497050166130066,0.006597356425456058,-0.13671014084287603,0.009097356425456058,0.0,-0.0025,True,True,129,5.0,10,0.0,0.5,0.258,0.9999938011169434,-0.17364901304244995,0,False
210,25.715896241832525,25.700000000000003,0.1999999999999993,328,1.374388081907877,1.1876620731685072,3.1206685718658007,1.5965072885691776,0.2687859833240509,0.015869093454548823,-0.12084104738832721,0.01836909345454882,0.0,-0.0025,True,True,130,5.0,10,0.0,0.5,0.26,0.9996839761734009,-0.6178213357925415,0,False
211,25.91628353204578,25.900000000000002,0.1999999999999993,326,1.3303763098386474,1.1924469921181255,2.920830378418448,1.5562913810640708,0.26201528310775757,0.017610155430654542,-0.10323089195767267,0.02011015543065454,0.0,-0.0025,True,True,131,5.0,10,0.0,0.5,0.262,0.8437941074371338,-0.3835563063621521,0,False
212,26.016420351807028,26.0,0.10000000000000142,163,1.310879253312156,1.19790761975736,2.8246071292324006,1.5368007732750808,0.258733868598938,0.009746370936046725,-0.09348452102162594,0.009746370936046725,0.0,-0.0,False,False,131,5.0,10,0.02,0.5,0.262,0.8418674468994141,-0.331688791513443,0,False
213,26.21617866680026,26.200000000000003,0.1999999999999993,323,1.2782512205842311,1.2107858748542526,2.702590016670152,1.5022600232156629,0.25291863083839417,0.014772266013096428,-0.0787122550085295,0.017272266013096428,0.0,-0.0025,True,True,132,5.0,10,0.02,0.5,0.264,0.6828925013542175,-0.21127693355083466,0,False
214,26.416583616752177,26.400000000000002,0.1999999999999993,326,1.2541610584471528,1.2231744320354787,2.6163908108706573,1.4752552308224292,0.2483721375465393,0.011003874613087543,-0.06770838039544197,0.013503874613087543,0.0,-0.0025,True,True,133,5.0,10,0.02,0.5,0.266,0.4244062304496765,-0.09629086405038834,0,False
215,26.51634800992906,26.5,0.10000000000000142,162,1.2460752960276251,1.2279139961887768,2.6033536945470908,1.4658855565006026,0.2467946708202362,0.002185350117304153,-0.06552303027813781,0.004685350117304153,0.0,-0.0025,True,True,134,5.0,10,0.0,0.5,0.268,0.8193424940109253,-0.21551069617271423,0,False
216,26.716714999638498,26.700000000000003,0.1999999999999993,323,1.2197752163696307,1.2446556016927137,2.5402320093587547,1.4347113997624832,0.24154622852802277,0.013088785043419949,-0.05243424523471787,0.015588785043419949,0.0,-0.0025,True,True,135,5.0,10,0.0,0.5,0.27,0.7321218252182007,-0.41723328828811646,0,False
217,26.916688953060657,26.900000000000002,0.1999999999999993,322,1.194101245127287,1.264872365870172,2.388828912740678,1.4022447551238744,0.23608018457889557,0.013735099752786683,-0.03869914548193119,0.016235099752786683,0.0,-0.0025,True,True,136,5.0,10,0.0,0.5,0.272,0.7333186268806458,-0.8939335346221924,0,False
218,27.01666459487751,27.0,0.10000000000000142,160,1.1829512631237369,1.2765737114014568,2.258191402995166,1.3866215210808197,0.23344987630844116,0.007812472338102188,-0.030886673143829,0.007812472338102188,0.0,-0.0,False,False,136,5.0,10,0.02,0.5,0.272,0.7482689023017883,-0.9396157264709473,0,False
219,27.21699017472565,27.200000000000003,0.1999999999999993,318,1.1658183519593348,1.309173794451155,1.8798721238756817,1.3551284686428124,0.2281477451324463,0.013248250351770822,-0.017638422792058177,0.015748250351770823,0.0,-0.0025,True,True,137,5.0,10,0.02,0.5,0.274,0.9971300959587097,-0.9058799147605896,0,False
220,27.416852378752083,27.400000000000002,0.1999999999999993,325,1.1601935696730492,1.3522081875313345,1.5042214567652075,1.3287901443650816,0.2237134575843811,0.010670604068573881,-0.006967818723484296,0.013170604068573882,0.0,-0.0025,True,True,138,5.0,10,0.02,0.5,0.276,0.9580481648445129,-0.996207058429718,0,False
221,27.516837660688907,27.5,0.10000000000000142,161,1.1637104143115955,1.3734172636061341,1.3068928546929972,1.321676194663667,0.2225157618522644,0.0010573643141868296,-0.0059104544092974665,0.0035573643141868297,0.0,-0.0025,True,True,139,5.0,10,0.0,0.5,0.278,0.4827353060245514,0.9999968409538269,0,False
222,27.7171218409203,27.700000000000003,0.1999999999999993,322,1.1796320047120872,1.4121112780416258,1.1386948819579212,1.3180078762685639,0.2218981683254242,-0.0006656399750450365,-0.006576094384342503,0.0018343600249549636,0.0,-0.0025,True,True,140,5.0,10,0.0,0.5,0.28,0.9989969730377197,-0.8137857913970947,0,False
223,27.917243372648954,27.900000000000002,0.1999999999999993,325,1.197250698853137,1.449978169574652,1.0444049804745514,1.3175481637331161,0.22182077169418335,-0.002270118564647573,-0.008846212948990077,0.00022988143535242737,0.0,-0.0025,True,True,141,5.0,10,0.0,0.5,0.282,0.9984497427940369,-0.5506417751312256,0,False
224,28.01740023260936,28.0,0.10000000000000142,161,1.209698473049895,1.468136712569821,0.921345833033598,1.3214571364185317,0.22247888147830963,-0.001954700345078823,-0.0108009132940689,-0.001954700345078823,0.0,-0.0,False,False,141,5.0,10,0.02,0.5,0.282,0.9989072680473328,-0.4919339716434479,0,False
225,28.217211947776377,28.200000000000003,0.1999999999999993,323,1.2398022009024252,1.5005684898595986,0.7229591087659483,1.336615612948372,0.22503094375133514,-0.01008006813767182,-0.02088098143174072,-0.007580068137671819,0.0,-0.0025,True,True,142,5.0,10,0.02,0.5,0.284,0.9988720417022705,-0.4853121340274811,0,False
226,28.417585876770318,28.400000000000002,0.1999999999999993,327,1.2754253558722362,1.526701294128397,0.5724422279463306,1.3604122420238594,0.2290373146533966,-0.014399617318667164,-0.035280598750407885,-0.011899617318667163,0.0,-0.0025,True,True,143,5.0,10,0.02,0.5,0.286,0.9999380111694336,0.2514171600341797,0,False
227,28.51728342100978,28.5,0.10000000000000142,163,1.2935614136401663,1.538981272484484,0.6231560159181457,1.3732587026024163,0.23120012879371643,-0.008923933587368428,-0.04420453233777631,-0.006423933587368429,0.0,-0.0025,True,True,144,5.0,10,0.0,0.5,0.288,0.9997205138206482,-0.013255124911665916,0,False
228,28.71768198069185,28.700000000000003,0.1999999999999993,325,1.328951185960806,1.5650818568911065,0.6350575695075364,1.3983079022981688,0.23541738092899323,-0.015025971202592407,-0.05923050354036872,-0.012525971202592407,0.0,-0.0025,True,True,145,5.0,10,0.0,0.5,0.29,0.9994244575500488,0.16667190194129944,0,False
229,28.917810062877834,28.900000000000002,0.1999999999999993,319,1.3636638232153182,1.5918682663037629,0.6906926560770887,1.4234291478167658,0.2396467626094818,-0.015061998058267563,-0.07429250159863628,-0.012561998058267562,0.0,-0.0025,True,True,146,5.0,10,0.0,0.5,0.292,0.9948070049285889,-0.1760433465242386,0,False
230,29.01747174700722,29.0,0.10000000000000142,161,1.3805089201586778,1.605951367125417,0.6774425779859953,1.435645959766679,0.2417035698890686,-0.006109074802020494,-0.08040157640065677,-0.006109074802020494,0.0,-0.0,False,False,146,5.0,10,0.02,0.5,0.292,0.9951068758964539,-0.1700575202703476,0,False
231,29.21786945592612,29.200000000000003,0.1999999999999993,325,1.41558216106888,1.6324504071985853,0.6264780440743523,1.462520290805032,0.24622809886932373,-0.01593863679335137,-0.09634021319400815,-0.01343863679335137,0.0,-0.0025,True,True,147,5.0,10,0.02,0.5,0.294,0.9998462796211243,-0.08462466299533844,0,False
232,29.41783414967358,29.400000000000002,0.1999999999999993,328,1.4516355801942564,1.6577165209052778,0.613364150294069,1.4914435908837422,0.25109758973121643,-0.01696323348730757,-0.11330344668131573,-0.01446323348730757,0.0,-0.0025,True,True,148,5.0,10,0.02,0.5,0.296,0.9997965693473816,0.06574022769927979,0,False
233,29.5179440099746,29.5,0.10000000000000142,163,1.4695322854808495,1.6704759424635993,0.6248064893812978,1.5060249927637712,0.25355249643325806,-0.0097914992199787,-0.12309494590129443,-0.0072914992199787,0.0,-0.0025,True,True,149,5.0,10,0.0,0.5,0.298,0.9998148679733276,0.1346156746149063,0,False
234,29.61896509397775,29.6,0.10099999999999909,165,1.487212817108907,1.68348451604929,0.6472713251893911,1.5205208955469112,0.2559930086135864,-0.007248744990762292,-0.13034369089205672,-0.007248744990762292,0.0,-0.0,False,False,149,5.0,10,0.02,0.5,0.298,0.9998094439506531,0.1370541900396347,0,False
235,29.71913467394188,29.700000000000003,0.10000000000000142,162,1.5045264755776282,1.696956020625427,0.6744500100041462,1.5347427763797725,0.25838738679885864,-0.009611719013894461,-0.13995540990595118,-0.007111719013894462,0.0,-0.0025,True,True,150,5.0,10,0.0,0.5,0.3,0.9992029666900635,0.0871771052479744,0,False
236,29.918923158664256,29.900000000000002,0.1999999999999993,322,1.5382393057313772,1.725049429212165,0.7125792300827515,1.5626190223009266,0.2630805969238281,-0.016439649086033254,-0.15639505899198444,-0.013939649086033255,0.0,-0.0025,True,True,151,5.0,10,0.0,0.5,0.302,0.9983518719673157,0.09437864273786545,0,False
237,30.119095460046083,30.1,0.1999999999999993,323,1.5709018893216278,1.7543239216558035,0.749771007158735,1.5899966119986086,0.26768985390663147,-0.01619029367464004,-0.17258535266662448,-0.01369029367464004,0.0,-0.0025,True,True,152,5.0,10,0.0,0.5,0.304,0.9991613626480103,0.1197526603937149,0,False
238,30.219150160904974,30.200000000000003,0.10000000000000142,161,1.5868013663866838,1.769440824826148,0.7729934709151448,1.603463870367622,0.26995718479156494,-0.006734366469070785,-0.17931971913569525,-0.006734366469070785,0.0,-0.0,False,False,152,5.0,10,0.02,0.5,0.304,0.9991226196289062,0.12513400614261627,0,False
239,30.41917851381004,30.400000000000002,0.1999999999999993,328,1.6173944717465334,1.800839119258814,0.8282586854202951,1.6296103084734526,0.27435916662216187,-0.015574650477537314,-0.19489436961323256,-0.013074650477537314,0.0,-0.0025,True,True,153,5.0,10,0.02,0.5,0.306,0.9984394311904907,0.1611666977405548,0,False
240,30.619645121973008,30.6,0.1999999999999993,331,1.6460161241775546,1.8338286824173422,0.869566401460977,1.6543827424590885,0.2785298228263855,-0.014887573195594472,-0.20978194280882703,-0.012387573195594472,0.0,-0.0025,True,True,154,5.0,10,0.02,0.5,0.308,0.9888720512390137,0.05793518200516701,0,False
241,30.719537044875324,30.700000000000003,0.10000000000000142,166,1.659882238588564,1.8505565378816429,0.8842075346972292,1.6665960140737268,0.28058603405952454,-0.00860730444056224,-0.21838924724938927,-0.006107304440562241,0.0,-0.0025,True,True,155,5.0,10,0.0,0.5,0.31,0.9952632188796997,0.031470127403736115,0,False
242,30.91977404570207,30.900000000000002,0.1999999999999993,333,1.6873488422774998,1.8846039071592386,0.8983431166377964,1.691290206649787,0.2847435176372528,-0.014848448207367346,-0.2332376954567566,-0.012348448207367345,0.0,-0.0025,True,True,156,5.0,10,0.0,0.5,0.312,0.9928614497184753,-0.008345983922481537,0,False
243,31.1204671128653,31.1,0.2010000000000005,332,1.7145982324106877,1.91878422156498,0.8951858626052077,1.7165205830032333,0.2889912724494934,-0.015116569450217828,-0.24835426490697443,-0.012616569450217828,0.0,-0.0025,True,True,157,5.0,10,0.0,0.5,0.314,0.9910140037536621,-0.05046118423342705,0,False
244,31.320749752689153,31.3,0.1999999999999993,324,1.7422036609078937,1.9526151618806178,0.8755154939861813,1.742847932241612,0.29342371225357056,-0.01566511594805335,-0.2640193808550278,-0.013165115948053351,0.0,-0.0025,True,True,158,5.0,10,0.0,0.5,0.316,0.9795522093772888,-0.10240744054317474,0,False
245,31.521093542687595,31.5,0.1999999999999993,315,1.7705367332424962,1.9853083850522697,0.834820364694635,1.7705976111766877,0.29809561371803284,-0.016376358663901105,-0.2803957395189289,-0.013876358663901106,0.0,-0.0025,True,True,159,5.0,10,0.0,0.5,0.318,0.9614575505256653,-0.15378284454345703,0,False
246,31.62087864568457,31.6,0.09999999999999787,161,1.7849924601489195,2.0010103356777917,0.8167313683922577,1.7849927914212562,0.3005191683769226,-0.007198378207275338,-0.2875941177262042,-0.007198378207275338,0.0,-0.0,False,False,159,5.0,10,0.02,0.5,0.318,0.9629858136177063,-0.16848817467689514,0,False
247,31.7207088987343,31.700000000000003,0.10000000000000142,160,1.7998645857956619,2.0162127203526516,0.7799227989793329,1.7999376087172554,0.30303525924682617,-0.009973226823667074,-0.29756734454987127,-0.007473226823667073,0.0,-0.0025,True,True,160,5.0,10,0.0,0.5,0.32,0.9686672687530518,-0.20108869671821594,0,False
248,31.821108426898718,31.800000000000004,0.10000000000000142,162,1.8153774546801957,2.0309342576048137,0.7377506031827309,1.815640942845905,0.305679053068161,-0.007852526766094884,-0.30541987131596615,-0.007852526766094884,0.0,-0.0,False,False,160,5.0,10,0.02,0.5,0.32,0.9712217450141907,-0.2229899913072586,0,False
249,31.921174278017133,31.9,0.10000000000000142,161,1.831566404837272,2.045025473497294,0.6923790337508134,1.832119787416525,0.30845341086387634,-0.010740324443522313,-0.31616019575948845,-0.008240324443522313,0.0,-0.0025,True,True,161,5.0,10,0.0,0.5,0.322,0.9444802403450012,-0.6534274220466614,0,False
250,32.12117484072223,32.1,0.19999999999999574,326,1.866347471627121,2.069020144953162,0.4540404359647959,1.8676233316539559,0.31443074345588684,-0.020253715811664637,-0.3364139115711531,-0.017753715811664638,0.0,-0.0025,True,True,162,5.0,10,0.0,0.5,0.324,0.9758163094520569,-0.3743361830711365,0,False
251,32.2211935617961,32.2,0.10000000000000142,145,1.8857791467471137,2.0767991545138678,0.33242762126691816,1.887342291068178,0.31775060296058655,-0.00986055925010325,-0.34627447082125634,-0.00986055925010325,0.0,-0.0,False,False,162,5.0,10,0.02,0.5,0.324,0.9774655103683472,-0.44424882531166077,0,False
252,32.32117146393284,32.300000000000004,0.10000000000000142,159,1.9065447077854096,2.083026771107283,0.24100845666707593,1.9083517026901067,0.32128772139549255,-0.01300585600163153,-0.35928032682288785,-0.01050585600163153,0.0,-0.0025,True,True,163,5.0,10,0.0,0.5,0.326,0.9679403305053711,-0.2709382474422455,0,False
253,32.42135156271979,32.4,0.10000000000000142,159,1.927582040385676,2.0874398545829274,0.1808251493223756,1.9295643295568154,0.32485905289649963,-0.01060747474933451,-0.36988780157222234,-0.01060747474933451,0.0,-0.0,False,False,163,5.0,10,0.02,0.5,0.326,0.9666176438331604,-0.28900718688964844,0,False
254,32.62118186801672,32.6,0.19999999999999574,316,1.9702786832123012,2.0924565484687037,0.03319929427033838,1.9724468175909884,0.3320786952972412,-0.023943591681000725,-0.3938313932532231,-0.021443591681000726,0.0,-0.0025,True,True,164,5.0,10,0.02,0.5,0.328,0.9746329188346863,-0.3940775990486145,0,False
255,32.72144595673308,32.7,0.10000000000000142,158,1.9918790467680914,2.0923085437580653,-0.04121710435662012,1.9940168413036998,0.33571019768714905,-0.013286192738543796,-0.4071175859917669,-0.010786192738543796,0.0,-0.0025,True,True,165,5.0,10,0.0,0.5,0.33,0.9949619770050049,-0.3104761838912964,0,False
256,32.82171074580401,32.800000000000004,0.10000000000000142,162,2.013734709061436,2.090558807328927,-0.10806511818474998,2.0157699003501244,0.33937251567840576,-0.010877720425934786,-0.41799530641770166,-0.010877720425934786,0.0,-0.0,False,False,165,5.0,10,0.02,0.5,0.33,0.9950683116912842,-0.31540361046791077,0,False
257,32.92163397790864,32.9,0.10000000000000142,158,2.0355255890391373,2.0874577685154425,-0.17410745321771975,2.0374036500977843,0.34301474690437317,-0.01331805924479214,-0.4313133656624938,-0.01081805924479214,0.0,-0.0025,True,True,166,5.0,10,0.0,0.5,0.332,0.9963939189910889,-0.3585313558578491,0,False
258,33.121490901801735,33.1,0.19999999999999574,324,2.0782866762805634,2.076839423002502,-0.31661047178741375,2.079706585247454,0.35013681650161743,-0.023653783510286994,-0.4549671491727808,-0.021153783510286996,0.0,-0.0025,True,True,167,5.0,10,0.0,0.5,0.334,0.9988273978233337,-0.2643669545650482,0,False
259,33.22126390598714,33.2,0.10000000000000142,164,2.099037597245965,2.0693695635581237,-0.36736325753710247,2.1001835304440353,0.35358428955078125,-0.010239593638312295,-0.4652067428110931,-0.010239593638312295,0.0,-0.0,False,False,167,5.0,10,0.02,0.5,0.334,0.9987829327583313,-0.267599880695343,0,False
260,33.32133158668876,33.300000000000004,0.10000000000000142,167,2.119395400999376,2.060831193283877,-0.4236833544772367,2.120268206492156,0.35696572065353394,-0.01254343758873935,-0.4777501803998324,-0.01004343758873935,0.0,-0.0025,True,True,168,5.0,10,0.0,0.5,0.336,0.9975410103797913,-0.19083687663078308,0,False
261,33.42143955687061,33.4,0.10000000000000142,167,2.139265607681177,2.051326417190267,-0.46353609334739226,2.139881309881658,0.3602677583694458,-0.009807625442501746,-0.48755780584233416,-0.009807625442501746,0.0,-0.0,False,False,168,5.0,10,0.02,0.5,0.336,0.9974575042724609,-0.17961344122886658,0,False
262,33.621436399873346,33.6,0.19999999999999574,334,2.1779325409805295,2.0302125314081603,-0.536595749005881,2.178142067231193,0.36670929193496704,-0.02163247331534167,-0.5091902791576758,-0.01913247331534167,0.0,-0.0025,True,True,169,5.0,10,0.02,0.5,0.338,0.9998034238815308,-0.1770714372396469,0,False
263,33.72147136088461,33.7,0.10000000000000142,165,2.1966978934517436,2.0186138155583837,-0.5710952311873627,2.1967767989674725,0.3698466122150421,-0.01181838605351744,-0.5210086652111933,-0.00931838605351744,0.0,-0.0025,True,True,170,5.0,10,0.0,0.5,0.34,0.9545263648033142,-0.37078505754470825,0,False
264,33.821923698764294,33.800000000000004,0.10000000000000142,166,2.214513494567536,2.006529579502002,-0.6358423420382691,2.2145230835665117,0.37283435463905334,-0.008874113845571999,-0.5298827790567653,-0.008874113845571999,0.0,-0.0,False,False,170,5.0,10,0.02,0.5,0.34,0.9566015601158142,-0.376302033662796,0,False
265,33.92161665298045,33.9,0.10000000000000142,165,2.2311030504266425,1.9933436853351227,-0.7084242426458156,2.2311129176480002,0.37562739849090576,-0.010795825275238147,-0.5406786043320034,-0.008295825275238146,0.0,-0.0025,True,True,171,5.0,10,0.0,0.5,0.342,0.9999213814735413,-0.1784045398235321,0,False
266,34.12201142171398,34.1,0.19999999999999574,332,2.2629322862718966,1.9633143386023428,-0.7929472849202444,2.2632296001446837,0.3810345232486725,-0.01856009952263967,-0.5592387038546431,-0.016060099522639672,0.0,-0.0025,True,True,172,5.0,10,0.0,0.5,0.344,0.9996510148048401,-0.15855292975902557,0,False
267,34.222206241916865,34.2,0.10000000000000142,166,2.278162173073932,1.9473627083625002,-0.82524593067245,2.278770255867451,0.38365092873573303,-0.007771178657088769,-0.5670098825117319,-0.007771178657088769,0.0,-0.0,False,False,172,5.0,10,0.02,0.5,0.344,0.9996470808982849,-0.16115398705005646,0,False
268,34.321879846043885,34.300000000000004,0.10000000000000142,165,2.2928713404195404,1.9309320465244197,-0.8572633923615511,2.2939113847544443,0.38620007038116455,-0.010071393366526543,-0.5770812758782584,-0.007571393366526543,0.0,-0.0025,True,True,173,5.0,10,0.0,0.5,0.346,0.9999970197677612,-0.19330473244190216,0,False
269,34.42227440373972,34.4,0.10000000000000142,167,2.3070225650204796,1.9139979914430274,-0.8949207591588051,2.3086250181569916,0.3886772394180298,-0.0073576222204440565,-0.5844388980987024,-0.0073576222204440565,0.0,-0.0,False,False,173,5.0,10,0.02,0.5,0.346,0.999997079372406,-0.19630011916160583,0,False
270,34.62205201899633,34.6,0.19999999999999574,334,2.3332889339465015,1.878528254914591,-0.9720669927801886,2.336448690099313,0.3933615982532501,-0.016413359218378328,-0.6008522573170807,-0.01391335921837833,0.0,-0.0025,True,True,174,5.0,10,0.02,0.5,0.348,0.9999964833259583,-0.19434019923210144,0,False
271,34.72249085595831,34.7,0.10000000000000142,168,2.345373840043174,1.8600571450806687,-1.0111803489621793,2.349545098348279,0.39556649327278137,-0.009048921106320024,-0.6099011784234007,-0.006548921106320024,0.0,-0.0025,True,True,175,5.0,10,0.0,0.5,0.35,0.9999761581420898,-0.17554090917110443,0,False
272,34.82249112799764,34.800000000000004,0.10000000000000142,164,2.3567434849215823,1.8411437897999128,-1.0471110991865298,2.362091338495523,0.39767876267433167,-0.006273806935709744,-0.6161749853591105,-0.006273806935709744,0.0,-0.0,False,False,175,5.0,10,0.02,0.5,0.35,0.9999775290489197,-0.1819964051246643,0,False
273,34.922119301743805,34.9,0.10000000000000142,166,2.3674298327599845,1.8218352093394512,-1.0840116799092097,2.3741244070446683,0.39970463514328003,-0.008517193042337853,-0.6246921784014484,-0.006017193042337853,0.0,-0.0025,True,True,176,5.0,10,0.0,0.5,0.352,0.9999964833259583,-0.173963263630867,0,False
274,35.122658480890095,35.1,0.19999999999999574,330,2.38667457175903,1.7821261266169297,-1.155645328033002,2.3965984553698294,0.4034883379936218,-0.013738254536905331,-0.6384304329383538,-0.01123825453690533,0.0,-0.0025,True,True,177,5.0,10,0.0,0.5,0.354,0.999987781047821,-0.18421520292758942,0,False
275,35.22230688482523,35.2,0.10000000000000142,162,2.395206874118373,1.7617732031450941,-1.1926863398725092,2.407024742754454,0.4052436947822571,-0.005213714494515697,-0.6436441474328695,-0.005213714494515697,0.0,-0.0,False,False,177,5.0,10,0.02,0.5,0.354,0.9999880790710449,-0.19134734570980072,0,False
276,35.3226172439754,35.300000000000004,0.10000000000000142,162,2.4029670265593657,1.7411106603987754,-1.2311080307349311,2.4168728933886854,0.4069017171859741,-0.007424614468385158,-0.6510687619012546,-0.004924614468385158,0.0,-0.0025,True,True,178,5.0,10,0.0,0.5,0.356,0.9998484253883362,-0.16349893808364868,0,False
277,35.42243755701929,35.4,0.10000000000000142,163,2.409947062145931,1.7201824415755702,-1.2649358221533014,2.426137419752847,0.40846148133277893,-0.00463277038199441,-0.655701532283249,-0.00463277038199441,0.0,-0.0,False,False,178,5.0,10,0.02,0.5,0.356,0.9998601675033569,-0.16921375691890717,0,False
278,35.62264165794477,35.6,0.19999999999999574,332,2.421744083790341,1.6776884620310188,-1.338947319341293,2.443098280971147,0.41131699085235596,-0.010981359156061793,-0.6666828914393108,-0.008481359156061793,0.0,-0.0025,True,True,179,5.0,10,0.02,0.5,0.358,0.9986252784729004,-0.20420710742473602,0,False
279,35.722493949811906,35.7,0.10000000000000142,161,2.426387220047612,1.6561374878950006,-1.3792725662922276,2.4506317604026386,0.4125853180885315,-0.006267152146988162,-0.672950043586299,-0.003767152146988162,0.0,-0.0025,True,True,180,5.0,10,0.0,0.5,0.36,0.9987428784370422,-0.24543514847755432,0,False
280,35.82282852893695,35.800000000000004,0.10000000000000142,162,2.430100056499477,1.6343898786119742,-1.4272595129419372,2.4574493840415426,0.4137331247329712,-0.0034091850601320572,-0.676359228646431,-0.0034091850601320572,0.0,-0.0,False,False,180,5.0,10,0.02,0.5,0.36,0.9990712404251099,-0.25075051188468933,0,False
281,35.92276980075985,35.9,0.10000000000000142,162,2.4327254806366967,1.6124732889554085,-1.4768887896149945,2.4633980323872184,0.4147346317768097,-0.005474649840207067,-0.6818338784866381,-0.0029746498402070665,0.0,-0.0025,True,True,181,5.0,10,0.0,0.5,0.362,0.9786730408668518,-0.3367287814617157,0,False
282,36.122700133826584,36.1,0.19999999999999574,323,2.4341579602757624,1.5691239040084939,-1.6050663615461993,2.471999099920861,0.4161826968193054,-0.006801004644720459,-0.6886348831313586,-0.004301004644720458,0.0,-0.0025,True,True,182,5.0,10,0.0,0.5,0.364,0.7598279714584351,-0.2985725998878479,0,False
283,36.22306965198368,36.2,0.10000000000000142,158,2.4329228576013926,1.5505500571397444,-1.6708703048095066,2.4740894908839346,0.4165346324443817,-0.0010453099230174905,-0.6896801930543761,-0.0010453099230174905,0.0,-0.0,False,False,182,5.0,10,0.02,0.5,0.364,0.7823411226272583,-0.2931630313396454,0,False
284,36.32284810580313,36.300000000000004,0.10000000000000142,159,2.430700470871004,1.5332749757607405,-1.7287800529127804,2.4751034429066703,0.41670534014701843,-0.0030070315216398375,-0.692687224576016,-0.0005070315216398376,0.0,-0.0025,True,True,183,5.0,10,0.0,0.5,0.366,0.7569656372070312,-0.9943497180938721,0,False
285,36.423610460944474,36.4,0.10099999999999909,166,2.427352643637516,1.5164141174144499,-1.8308302854337182,2.47505476329664,0.4166971445083618,2.434247005079287e-05,-0.6926628821059652,2.434247005079287e-05,0.0,-0.0,False,False,183,5.0,10,0.02,0.5,0.366,0.7703152894973755,-0.9920746684074402,0,False
286,36.52381209982559,36.5,0.10000000000000142,163,2.421165934608995,1.4999492323540808,-2.0302603351490496,2.472265156116771,0.4162274897098541,-0.0011050436889800301,-0.6937679257949452,0.00139495631101997,0.0,-0.0025,True,True,184,5.0,10,0.0,0.5,0.368,0.722497284412384,-0.9524214267730713,0,False
287,36.623727121856064,36.6,0.10000000000000142,163,2.4125850036949177,1.4860159510018978,-2.221987030111941,2.466727717713276,0.41529521346092224,0.002769022356832658,-0.6909989034381125,0.002769022356832658,0.0,-0.0,False,False,184,5.0,10,0.02,0.5,0.368,0.695518970489502,-0.9357804656028748,0,False
288,36.82383965374902,36.800000000000004,0.19999999999999574,327,2.3873766488515837,1.4635488801146037,-2.5793925757435443,2.44690555752579,0.4119579792022705,0.007412165286610926,-0.6835867381515016,0.009912165286610927,0.0,-0.0025,True,True,185,5.0,10,0.02,0.5,0.37,0.9258251190185547,-0.6677290201187134,0,False
289,36.92435239069164,36.9,0.10000000000000142,163,2.3693586686917536,1.4536790565462094,-2.7075613944780947,2.4315277572256693,0.40936899185180664,0.005189742030009548,-0.6783969961214921,0.007689742030009547,0.0,-0.0025,True,True,186,5.0,10,0.0,0.5,0.372,0.9980854392051697,-0.628928542137146,0,False
290,37.02400856465101,37.0,0.10000000000000142,161,2.348969198883131,1.4457530373710847,-2.8339587851259878,2.4134716932900746,0.40632909536361694,0.009029020473168135,-0.669367975648324,0.009029020473168135,0.0,-0.0,False,False,186,5.0,10,0.02,0.5,0.372,0.9978184700012207,-0.6328919529914856,0,False
291,37.12439178302884,37.1,0.10000000000000142,160,2.3274555924813902,1.4403637336134554,-2.960004498979,2.3937923856309316,0.4030159115791321,0.007340731201770921,-0.662027244446553,0.009840731201770921,0.0,-0.0025,True,True,187,5.0,10,0.0,0.5,0.374,0.8967284560203552,-0.38504651188850403,0,False
292,37.32448783470318,37.300000000000004,0.19999999999999574,323,2.286282194265901,1.4366261420574062,-3.1273970194358327,2.3546711497928285,0.39642950892448425,0.017062759667766856,-0.6449644847787862,0.019562759667766855,0.0,-0.0025,True,True,188,5.0,10,0.0,0.5,0.376,0.945356011390686,0.4011949896812439,0,False
293,37.425142670981586,37.4,0.10099999999999909,163,2.2663546631248153,1.4367917389939167,3.1308007677385263,2.335287283112377,0.39316606521606445,0.009692994538080795,-0.6352714902407054,0.009692994538080795,0.0,-0.0,False,False,188,5.0,10,0.02,0.5,0.376,0.9462618827819824,0.41158002614974976,0,False
294,37.525193051900715,37.5,0.10000000000000142,161,2.246033599841411,1.4362508409695158,-3.0725671643083152,2.3157028564386017,0.3898688554763794,0.007293285514690167,-0.6279782047260152,0.009793285514690168,0.0,-0.0025,True,True,189,5.0,10,0.0,0.5,0.378,0.9281592965126038,0.3230283558368683,0,False
295,37.62518072267994,37.6,0.10000000000000142,163,2.225805666051199,1.4341998276989867,-3.0087116184264207,2.2965933657419564,0.3866516053676605,0.009555791525067196,-0.6184224132009479,0.009555791525067196,0.0,-0.0,False,False,189,5.0,10,0.02,0.5,0.378,0.9221157431602478,0.26590868830680847,0,False
296,37.72549518197775,37.7,0.10000000000000142,165,2.205893943259834,1.4310276244259321,-2.957993001448814,2.278090865528195,0.38353654742240906,0.006752263053052083,-0.6116701501478958,0.009252263053052084,0.0,-0.0025,True,True,190,5.0,10,0.0,0.5,0.38,0.9982140064239502,-0.045595936477184296,0,False
297,37.82544439379126,37.800000000000004,0.10000000000000142,164,2.185603151380651,1.4268673205751294,-2.931924418730247,2.259500387982852,0.3804066777229309,0.009296256535289324,-0.6023738936126065,0.009296256535289324,0.0,-0.0,False,False,190,5.0,10,0.02,0.5,0.38,0.9983134269714355,-0.05897054821252823,0,False
298,38.02569304499775,38.0,0.19999999999999574,310,2.1424638441271977,1.4185124060236685,-2.971232753743033,2.2199727216551888,0.37375184893608093,0.017265997163172814,-0.5851078964494337,0.019765997163172812,0.0,-0.0025,True,True,191,5.0,10,0.02,0.5,0.382,0.9970734715461731,-0.1188589558005333,0,False
299,38.125451317988336,38.1,0.10000000000000142,160,2.120762415172246,1.415011267151132,-2.9937096288436638,2.1999646938657698,0.3703833222389221,0.007505109263168519,-0.5776027871862652,0.01000510926316852,0.0,-0.0025,True,True,192,5.0,10,0.0,0.5,0.384,0.9994579553604126,0.08657943457365036,0,False
300,38.225467388983816,38.2,0.10000000000000142,162,2.099073594128057,1.4118516151267337,-2.9858459576438916,2.179914713103343,0.3670077323913574,0.010026088046448575,-0.5675766991398167,0.010026088046448575,0.0,-0.0,False,False,192,5.0,10,0.02,0.5,0.384,0.9994753003120422,0.07834447920322418,0,False
301,38.3257491979748,38.300000000000004,0.10000000000000142,163,2.0774000252840112,1.4083058237215336,-2.973503301785713,2.1600215691935953,0.3636585474014282,0.00744766103384855,-0.5601290381059681,0.00994766103384855,0.0,-0.0025,True,True,193,5.0,10,0.0,0.5,0.386,0.9992809295654297,0.0344802625477314,0,False
302,38.52587176999077,38.5,0.19999999999999574,324,2.0341451994360216,1.400571959172779,-2.959747934032333,2.120627373505796,0.35702618956565857,0.017199254536197375,-0.5429297835697707,0.019699254536197374,0.0,-0.0025,True,True,194,5.0,10,0.0,0.5,0.388,0.9981130957603455,-0.24230793118476868,0,False
303,38.625738402828574,38.6,0.10000000000000142,161,2.01246994626451,1.3966786334587806,-2.983570683314673,2.10095974895306,0.3537149727344513,0.00983488900895874,-0.5330948945608119,0.00983488900895874,0.0,-0.0,False,False,194,5.0,10,0.02,0.5,0.388,0.9981693625450134,-0.23774953186511993,0,False
304,38.72570495400578,38.7,0.10000000000000142,158,1.990612143029461,1.393776284500052,-3.0303335771152446,2.0808757809719944,0.35033366084098816,0.007543083516447587,-0.5255518110443643,0.010043083516447587,0.0,-0.0025,True,True,195,5.0,10,0.0,0.5,0.39,0.999672532081604,0.06402231752872467,0,False
305,38.82681036600843,38.800000000000004,0.10099999999999909,166,1.9687201273990529,1.3916842083688072,-3.0411801085293924,2.0605599210304217,0.34691330790519714,0.010159042191962366,-0.5153927688524019,0.010159042191962366,0.0,-0.0,False,False,195,5.0,10,0.02,0.5,0.39,0.9996927380561829,0.06536927819252014,0,False
306,38.927700308617204,38.9,0.10099999999999909,164,1.9468792285462861,1.3893103902911144,-3.030813379374683,2.04041187298088,0.34352120757102966,0.007575127058841922,-0.50781764179356,0.010075127058841922,0.0,-0.0025,True,True,196,5.0,10,0.0,0.5,0.392,0.9991626143455505,-0.1502687782049179,0,False
307,39.0279914480634,39.0,0.10000000000000142,163,1.9250001629395241,1.3868597045805855,-3.0476583054958284,2.020288784295026,0.34013330936431885,0.010062646010561263,-0.49775499578299875,0.010062646010561263,0.0,-0.0,False,False,196,5.0,10,0.02,0.5,0.392,0.9992352724075317,-0.1493079960346222,0,False
308,39.12772017205134,39.1,0.10000000000000142,161,1.9030360816916394,1.3850849407262271,-3.073925643331098,1.9999166330225822,0.33670347929000854,0.007687190939148433,-0.4900678048438503,0.010187190939148433,0.0,-0.0025,True,True,197,5.0,10,0.0,0.5,0.394,0.9997521638870239,-0.07715683430433273,0,False
309,39.32833995902911,39.300000000000004,0.19999999999999574,325,1.8590373199746206,1.3829531886860515,-3.106938114341451,1.9587666080551889,0.32977551221847534,0.018077265301411176,-0.47199053954243914,0.020577265301411175,0.0,-0.0025,True,True,198,5.0,10,0.0,0.5,0.396,0.9997185468673706,0.11943221092224121,0,False
310,39.42831382062286,39.4,0.10000000000000142,163,1.837083161934714,1.382166153472384,-3.092597685636196,1.93819336573913,0.3263118267059326,0.01028774746997635,-0.4617027920724628,0.01028774746997635,0.0,-0.0,False,False,198,5.0,10,0.02,0.5,0.396,0.999727189540863,0.10792550444602966,0,False
311,39.52808934496716,39.5,0.10000000000000142,160,1.8151662362298002,1.380869778275852,-3.0738043282741287,1.9178505992494677,0.32288694381713867,0.007672496939045094,-0.4540302951334177,0.010172496939045095,0.0,-0.0025,True,True,199,5.0,10,0.0,0.5,0.398,0.9993886351585388,-0.09869364649057388,0,False
312,39.628077486064285,39.6,0.10000000000000142,162,1.7932184061849656,1.379304977478301,-3.082676372953873,1.8976023597116458,0.31947797536849976,0.010125228288110001,-0.44390506684530767,0.010125228288110001,0.0,-0.0,False,False,199,5.0,10,0.02,0.5,0.398,0.9994246959686279,-0.09823174774646759,0,False
313,39.82913767872378,39.800000000000004,0.2010000000000005,323,1.7492301002597412,1.377467308776941,-3.1123086496611307,1.856704760649354,0.3125925064086914,0.017951038529438638,-0.42595402831586904,0.020451038529438637,0.0,-0.0025,True,True,200,5.0,10,0.02,0.5,0.4,0.9991123676300049,-0.056718405336141586,0,False
314,40.02930241078138,40.0,0.19999999999999574,320,1.7052427723804073,1.376699605602877,-3.1335872022928957,1.8155869527329627,0.30566996335983276,0.018061155012141124,-0.4078928733037279,0.020561155012141123,0.0,-0.0025,True,True,201,5.0,10,0.02,0.5,0.402,0.9987171292304993,-0.041399504989385605,0,False
315,40.1293317116797,40.1,0.10000000000000142,160,1.6832566719252484,1.376610973852651,3.141360738745584,1.7949837945838305,0.3022012412548065,0.007802707024298564,-0.40009016627942934,0.010302707024298564,0.0,-0.0025,True,True,202,5.0,10,0.0,0.5,0.404,0.9997625350952148,-0.0746002048254013,0,False
316,40.22950061177835,40.2,0.10000000000000142,159,1.661241891583316,1.3767405664534644,3.127541672484295,1.7743103607794912,0.29872068762779236,0.01033784869924465,-0.3897523175801847,0.01033784869924465,0.0,-0.0,False,False,202,5.0,10,0.02,0.5,0.404,0.9997696280479431,-0.07022590190172195,0,False
317,40.32973585091531,40.300000000000004,0.10000000000000142,161,1.639226688747134,1.3771929294898757,3.114293734763248,1.7535542601464826,0.29522621631622314,0.007879186639294565,-0.38187313094089015,0.010379186639294566,0.0,-0.0025,True,True,203,5.0,10,0.0,0.5,0.406,0.9994803071022034,-0.06631790101528168,0,False
318,40.53003300074488,40.5,0.19999999999999574,321,1.5952339401292768,1.3789717938881803,3.088263398230691,1.7118549521611865,0.2882057726383209,0.01835193688165692,-0.3635211940592332,0.02085193688165692,0.0,-0.0025,True,True,204,5.0,10,0.0,0.5,0.408,0.9999551773071289,-0.05858154594898224,0,False
319,40.62985000386834,40.6,0.10000000000000142,160,1.5732534405613092,1.3802751382355019,3.0764900024381654,1.6909126298927175,0.28467994928359985,0.010472307651997928,-0.3530488864072353,0.010472307651997928,0.0,-0.0,False,False,204,5.0,10,0.02,0.5,0.408,0.9999573230743408,-0.05750921368598938,0,False
320,40.72966034663841,40.7,0.10000000000000142,160,1.551288604014547,1.3818318203180073,3.0650042804985063,1.6699186187292345,0.2811454236507416,0.00799815492928832,-0.34505073147794696,0.01049815492928832,0.0,-0.0025,True,True,205,5.0,10,0.0,0.5,0.41,0.9999904036521912,-0.04126862809062004,0,False
321,40.829702507704496,40.800000000000004,0.10000000000000142,160,1.5293455371124725,1.3836178437948095,3.0563559967334375,1.6488858408944915,0.2776043713092804,0.010517540387255893,-0.3345331910906911,0.010517540387255893,0.0,-0.0,False,False,205,5.0,10,0.02,0.5,0.41,0.9999900460243225,-0.04182371124625206,0,False
322,40.93095916882157,40.9,0.10099999999999909,162,1.5074176775240522,1.3855856506000446,3.047750291456284,1.6278245633607853,0.2740585207939148,0.008031791796994805,-0.32650139929369626,0.010531791796994806,0.0,-0.0025,True,True,206,5.0,10,0.0,0.5,0.412,0.9999878406524658,-0.04505066201090813,0,False
323,41.13199614174664,41.1,0.2010000000000005,325,1.4636156491107573,1.3900948536599782,3.029933887974694,1.585608720458879,0.2669511139392853,0.01861023261841418,-0.3078911666752821,0.021110232618414177,0.0,-0.0025,True,True,207,5.0,10,0.0,0.5,0.414,0.9996071457862854,-0.08540814369916916,0,False
324,41.33237156178802,41.300000000000004,0.19999999999999574,326,1.4199266486797515,1.3956629701690493,2.9979659204781863,1.5431832897086977,0.25980842113494873,0.018715038016741906,-0.2891761286585402,0.021215038016741905,0.0,-0.0025,True,True,208,5.0,10,0.0,0.5,0.416,0.9995537996292114,-0.08480656147003174,0,False
325,41.43198555568233,41.4,0.10000000000000142,164,1.3981589896497164,1.398998720441117,2.981258947241572,1.521857726146719,0.2562180757522583,0.010663949279852411,-0.2785121793786878,0.010663949279852411,0.0,-0.0,False,False,208,5.0,10,0.02,0.5,0.416,0.999565601348877,-0.08148055523633957,0,False
326,41.53221869561821,41.5,0.10000000000000142,166,1.3764498537349465,1.4026915579456425,2.9650638054268503,1.5004638341139347,0.2526162266731262,0.008198117255996317,-0.27031406212269143,0.010698117255996318,0.0,-0.0025,True,True,209,5.0,10,0.0,0.5,0.418,0.999946117401123,-0.05839790776371956,0,False
327,41.63205209886655,41.6,0.10000000000000142,166,1.3547981222715118,1.406704956220374,2.9529093995611517,1.4790121461077872,0.24900464713573456,0.010727018406802182,-0.25958704371588925,0.010727018406802182,0.0,-0.0,False,False,209,5.0,10,0.02,0.5,0.418,0.9999463558197021,-0.05717974528670311,0,False
328,41.83254435705021,41.800000000000004,0.19999999999999574,335,1.311636412720808,1.4154786824993402,2.927749256519627,1.435985831953071,0.24176079034805298,0.019015512615241655,-0.2405715311006476,0.021515512615241653,0.0,-0.0025,True,True,210,5.0,10,0.02,0.5,0.42,0.9999939203262329,-0.06832775473594666,0,False
329,41.932293630670756,41.9,0.10000000000000142,165,1.2901442038575823,1.420292054792356,2.9144456768270572,1.414402089441169,0.2381269782781601,0.008293052889194543,-0.23227847821145306,0.010793052889194544,0.0,-0.0025,True,True,211,5.0,10,0.0,0.5,0.422,0.9999857544898987,-0.04775353893637657,0,False
330,42.03262452874333,42.0,0.10000000000000142,148,1.2687194334602687,1.425371905734638,2.904470296463155,1.392783740151955,0.23448733985424042,0.01081035817244882,-0.22146812003900423,0.01081035817244882,0.0,-0.0,False,False,211,5.0,10,0.02,0.5,0.422,0.999987006187439,-0.04706117510795593,0,False
331,42.13270284002647,42.1,0.10000000000000142,162,1.2473434885941017,1.4306501143877672,2.894743459709717,1.3711400774655254,0.2308434396982193,0.008323016256875138,-0.2131451037821291,0.010823016256875139,0.0,-0.0025,True,True,212,5.0,10,0.0,0.5,0.424,0.999972939491272,-0.07006297260522842,0,False
332,42.33246530499309,42.300000000000004,0.19999999999999574,321,1.2047711886435428,1.4419539224191655,2.8683388941286205,1.3277383107549043,0.22353637218475342,0.019203259447887977,-0.1939418443342411,0.021703259447887976,0.0,-0.0025,True,True,213,5.0,10,0.0,0.5,0.426,0.999974250793457,-0.05031677335500717,0,False
333,42.43273191386834,42.4,0.10000000000000142,162,1.18360403324434,1.4480191984110022,2.8579579312299708,1.3059867563509715,0.219874307513237,0.010876968022315098,-0.183064876311926,0.010876968022315098,0.0,-0.0,False,False,213,5.0,10,0.02,0.5,0.426,0.999972403049469,-0.04935277998447418,0,False
334,42.53262478578836,42.5,0.10000000000000142,161,1.1624977206132887,1.454290353939767,2.8478134914124404,1.2842118357342243,0.2162083089351654,0.00838865240793946,-0.17467622390398654,0.01088865240793946,0.0,-0.0025,True,True,214,5.0,10,0.0,0.5,0.428,0.9998149871826172,-0.11972733587026596,0,False
335,42.63262637704611,42.6,0.10000000000000142,161,1.1414665025248152,1.4608840873341173,2.8225779125779917,1.2623754017920754,0.2125319540500641,0.010919412438276354,-0.1637568114657102,0.010919412438276354,0.0,-0.0,False,False,214,5.0,10,0.02,0.5,0.428,0.999772846698761,-0.10974641144275665,0,False
336,42.83261267980561,42.800000000000004,0.19999999999999574,315,1.0999039312905352,1.4754703581451951,2.787293870852254,1.218572957636716,0.20515742897987366,0.019403620105924235,-0.14435319135978597,0.021903620105924233,0.0,-0.0025,True,True,215,5.0,10,0.02,0.5,0.43,0.9993427991867065,-0.07262487709522247,0,False
337,42.9330457476899,42.9,0.10000000000000142,167,1.07931805738845,1.483266382992931,2.7725856475640795,1.1966373943068696,0.20146438479423523,0.00846898255910701,-0.13588420880067897,0.010968982559107011,0.0,-0.0025,True,True,216,5.0,10,0.0,0.5,0.432,0.9997459650039673,-0.10013239085674286,0,False
338,43.033020238857716,43.0,0.10000000000000142,164,1.058839213825714,1.4913798492626462,2.7535881798936113,1.1746637723728177,0.19776493310928345,0.010988013944783154,-0.12489619485589581,0.010988013944783154,0.0,-0.0,False,False,216,5.0,10,0.02,0.5,0.432,0.9997590184211731,-0.0946153923869133,0,False
339,43.133717705029994,43.1,0.10099999999999909,167,1.0385212654894318,1.4998923381069078,2.7355410652026495,1.1526639519577315,0.1940610706806183,0.008501114619574118,-0.1163950802363217,0.011001114619574119,0.0,-0.0025,True,True,217,5.0,10,0.0,0.5,0.434,0.9951692819595337,-0.09258244186639786,0,False
340,43.23371516587213,43.2,0.10000000000000142,167,1.0184391122148222,1.5087424176906594,2.7173272391053214,1.1307308668625775,0.1903684437274933,0.010967743306086289,-0.10542733693023541,0.010967743306086289,0.0,-0.0,False,False,217,5.0,10,0.02,0.5,0.434,0.994684100151062,-0.09028701484203339,0,False
341,43.334070784039795,43.300000000000004,0.10000000000000142,166,0.9985491849498535,1.5179421867008844,2.699375075059099,1.1088192893042186,0.1866794377565384,0.008456988360227494,-0.09697034857000791,0.010956988360227495,0.0,-0.0025,True,True,218,5.0,10,0.0,0.5,0.436,0.9841980934143066,-0.11148682981729507,0,False
342,43.53429818479344,43.5,0.19999999999999574,332,0.9597465521399535,1.5373001836537403,2.657876538190556,1.0654598296001327,0.17937949299812317,0.019182103628462042,-0.07778824494154588,0.02168210362846204,0.0,-0.0025,True,True,219,5.0,10,0.0,0.5,0.438,0.9591518044471741,-0.0593227744102478,0,False
343,43.63399880891666,43.6,0.10000000000000142,167,0.9409691475216544,1.5474047247423988,2.640414076010251,1.0441577207593504,0.1757930964231491,0.01065222063519155,-0.06713602430635432,0.01065222063519155,0.0,-0.0,False,False,219,5.0,10,0.02,0.5,0.438,0.9609799981117249,-0.05660392716526985,0,False
344,43.73407482961193,43.7,0.10000000000000142,166,0.9224543912578435,1.557655676401368,2.6293829269546616,1.0230301504476216,0.17223608493804932,0.008064941815300257,-0.05907108249105406,0.010564941815300257,0.0,-0.0025,True,True,220,5.0,10,0.0,0.5,0.44,0.9986764192581177,-0.07414941489696503,0,False
345,43.83410758106038,43.800000000000004,0.10000000000000142,166,0.9034945327495744,1.5684652827923005,2.615478016753704,1.0012615139259873,0.16857114434242249,0.010885510016351102,-0.04818557247470296,0.010885510016351102,0.0,-0.0,False,False,220,5.0,10,0.02,0.5,0.44,0.9987490177154541,-0.0721435472369194,0,False
346,44.03412575274706,44.0,0.19999999999999574,334,0.8657513150796499,1.5910085019506095,2.5982858409647474,0.9574964203077782,0.16120290756225586,0.0193849427925398,-0.02880062968216316,0.0218849427925398,0.0,-0.0025,True,True,221,5.0,10,0.02,0.5,0.442,0.9983350038528442,-0.005045244470238686,0,False
347,44.13547480292618,44.1,0.10099999999999909,169,0.846961879853655,1.6023887101924792,2.596254645191077,0.9356490998346589,0.1575247198343277,0.008424856299760442,-0.02037577338240272,0.010924856299760442,0.0,-0.0025,True,True,222,5.0,10,0.0,0.5,0.444,0.9987114071846008,-0.02007284015417099,0,False
348,44.23544190498069,44.2,0.10000000000000142,167,0.8281840006933435,1.6138066090264975,2.5926650967010336,0.9138019563783034,0.15384656190872192,0.010924767781687557,-0.009451005600715164,0.010924767781687557,0.0,-0.0,False,False,222,5.0,10,0.02,0.5,0.444,0.998691737651825,-0.01974172703921795,0,False
349,44.335177537985146,44.300000000000004,0.10000000000000142,165,0.8094532074151652,1.6253036445657765,2.5891802758157856,0.8919707444306851,0.15017108619213104,0.008416801155125416,-0.0010342044455897478,0.010916801155125416,0.0,-0.0025,True,True,223,5.0,10,0.0,0.5,0.446,0.9959045648574829,-0.014254736714065075,0,False
350,44.43522526882589,44.4,0.10000000000000142,155,0.790808504256521,1.6368433508550007,2.5863151528591968,0.8702073299035814,0.14650702476501465,0.010882898733200164,0.009848694287610416,0.010882898733200164,0.0,-0.0,False,False,223,5.0,10,0.02,0.5,0.446,0.9958423972129822,-0.013478126376867294,0,False
351,44.635297121014446,44.6,0.19999999999999574,334,0.7537380128045887,1.660004707738152,2.5786083741852996,0.8268722985128925,0.13921119272708893,0.019169888134400202,0.02901858242201062,0.0216698881344002,0.0,-0.0025,True,True,224,5.0,10,0.02,0.5,0.448,0.9889286756515503,-0.02498641423881054,0,False
352,44.73561492981389,44.7,0.10000000000000142,165,0.7353589892781365,1.671663508761051,2.573937253487484,0.8053307744991441,0.1355844885110855,0.008271941328804938,0.037290523750815555,0.010771941328804938,0.0,-0.0025,True,True,225,5.0,10,0.0,0.5,0.45,0.9922119379043579,0.04138225317001343,0,False
353,44.835860428866,44.800000000000004,0.10000000000000142,167,0.7169343497798254,1.6833822738792064,2.5810616801132373,0.7837357029143626,0.13194876909255981,0.010798718045860899,0.04808924179667645,0.010798718045860899,0.0,-0.0,False,False,225,5.0,10,0.02,0.5,0.45,0.9931952357292175,0.038321807980537415,0,False
354,44.93550580274314,44.9,0.10000000000000142,165,0.6984048999503019,1.6949439191799653,2.5873771996681163,0.762121159485569,0.12830977141857147,0.008308455033881182,0.056397696830557634,0.010808455033881182,0.0,-0.0025,True,True,226,5.0,10,0.0,0.5,0.452,0.9973238110542297,0.040737006813287735,0,False
355,45.136125980876386,45.1,0.19999999999999574,334,0.6609412546552279,1.7177309844013633,2.602455462807524,0.7186926632436224,0.12099820375442505,0.01921662567689771,0.07561432250745534,0.021716625676897708,0.0,-0.0025,True,True,227,5.0,10,0.0,0.5,0.454,0.9952191114425659,0.02412336878478527,0,False
356,45.23606283264235,45.2,0.10000000000000142,163,0.6421152479175068,1.728921084505233,2.60751633460766,0.6969904965167747,0.1173444539308548,0.010852271479972598,0.08646659398742794,0.010852271479972598,0.0,-0.0,False,False,227,5.0,10,0.02,0.5,0.454,0.9957006573677063,0.022872991859912872,0,False
357,45.33683766704053,45.32,0.10099999999999909,167,0.6194582992077592,1.7422361424523547,2.6130135835443506,0.6752893033821277,0.11369086802005768,0.008351784630571565,0.09481837861799951,0.010851784630571565,0.0,-0.0025,True,True,228,5.0,10,0.0,0.5,0.456,0.9976176619529724,0.016002381220459938,0,False
358,45.43685640767217,45.42,0.10000000000000142,165,0.6004916987983623,1.7532714199066093,2.6161651623228965,0.653552352861204,0.11003126204013824,0.010869665281299816,0.10568804389929932,0.010869665281299816,0.0,-0.0,False,False,228,5.0,10,0.02,0.5,0.456,0.9978063702583313,0.016199374571442604,0,False
359,45.53695106878877,45.52,0.10000000000000142,167,0.5814869851248563,1.7642476592269118,2.619481834702723,0.6318088969742125,0.10637056082487106,0.008372918320479364,0.11406096221977868,0.010872918320479364,0.0,-0.0025,True,True,229,5.0,10,0.0,0.5,0.458,0.9978196620941162,0.05096478387713432,0,False
360,45.63744127564132,45.620000000000005,0.10000000000000142,168,0.5624242508556033,1.7750971943402256,2.6300117072044085,0.6057246360066477,0.10197904706001282,0.013043558504426964,0.12710452072420564,0.013043558504426964,0.0,-0.0,False,False,229,5.0,10,0.024,0.5,0.458,0.9980971813201904,0.04653797298669815,0,False
361,45.83709065197036,45.82,0.19999999999999574,330,0.5239765534079556,1.7962343283722422,2.6499846625834036,0.5665571102848251,0.09538485109806061,0.01708590714383337,0.144190427868039,0.01958590714383337,0.0,-0.0025,True,True,230,5.0,10,0.02,0.5,0.46,0.9980295896530151,0.05445845052599907,0,False
362,45.937609067652375,45.92,0.10000000000000142,166,0.5045830635865997,1.8064924266352926,2.6603238439636696,0.5404158056651434,0.09098373353481293,0.010572083453422818,0.15476251132146182,0.013072083453422818,0.0,-0.0025,True,True,231,5.0,10,0.004,0.5,0.462,0.9938595294952393,0.1052844300866127,0,False
363,46.03714133379981,46.02,0.10000000000000142,163,0.48513148277695284,1.816412994217764,2.681125059942903,0.523055107831733,0.0880609080195427,0.008681299353251596,0.16344381067471342,0.008681299353251596,0.0,-0.0,False,False,231,5.0,10,0.02,0.5,0.462,0.9951924681663513,0.08796575665473938,0,False
364,46.13760416069999,46.120000000000005,0.10000000000000142,165,0.4654658550552364,1.8259885173103256,2.696831423637454,0.49692902665373334,0.08366235345602036,0.01056447089915241,0.17400828157386583,0.01306447089915241,0.0,-0.0025,True,True,232,5.0,10,0.004,0.5,0.464,0.9971660375595093,0.076243557035923,0,False
365,46.337707282975316,46.32,0.19999999999999574,330,0.42563789155711246,1.8443243558124311,2.7220273384437754,0.4532135419835639,0.07630246877670288,0.01936013560260625,0.19336841717647207,0.02186013560260625,0.0,-0.0025,True,True,233,5.0,10,0.004,0.5,0.466,0.9961757063865662,0.11750899255275726,0,False
366,46.43779516406357,46.42,0.10000000000000142,165,0.40555611905703803,1.8530265866372164,2.7452188032391156,0.4313663542730175,0.07262430340051651,0.01092478991120575,0.20429320708767781,0.01092478991120575,0.0,-0.0,False,False,233,5.0,10,0.024,0.5,0.466,0.9970023036003113,0.09193464368581772,0,False
367,46.537399117834866,46.52,0.10000000000000142,165,0.38528416957716305,1.8613384597786014,2.76083622635209,0.4138556347323328,0.0696762204170227,0.0062563184200444405,0.21054952550772227,0.008756318420044441,0.0,-0.0025,True,True,234,5.0,10,0.0,0.5,0.468,0.998991072177887,0.049572184681892395,0,False
368,46.637759865727276,46.620000000000005,0.10000000000000142,167,0.3648567052079911,1.8694103113929303,2.768700991429243,0.3875230192452327,0.06524289399385452,0.013167749360722483,0.22371727486844475,0.013167749360722483,0.0,-0.0,False,False,234,5.0,10,0.024,0.5,0.468,0.9991301894187927,0.03802402690052986,0,False
369,46.83746081171557,46.82,0.19999999999999574,331,0.3238249587990514,1.8851617549352249,2.778137494039141,0.3479804835094147,0.05858556181192398,0.017273432681297423,0.24099070754974217,0.019773432681297422,0.0,-0.0025,True,True,235,5.0,10,0.02,0.5,0.47,0.9994542598724365,0.011036976240575314,0,False
370,46.93752569286153,46.92,0.10000000000000142,166,0.30326693862662474,1.8929504116683977,2.7804775487810756,0.3260021927582191,0.05488532409071922,0.008490348608956174,0.24948105615869834,0.010990348608956174,0.0,-0.0025,True,True,236,5.0,10,0.0,0.5,0.472,0.9995094537734985,0.069525808095932,0,False
371,47.037612922955304,47.02,0.10000000000000142,167,0.28267268827540765,1.9005819612721098,2.7947595133993834,0.30403912544870565,0.05118764936923981,0.010982736054685766,0.2604637922133841,0.010982736054685766,0.0,-0.0,False,False,236,5.0,10,0.02,0.5,0.472,0.9995840787887573,0.055661894381046295,0,False
372,47.13878296362236,47.120000000000005,0.10099999999999909,167,0.2619768540392189,1.9079664456034808,2.804130326205658,0.2776725448700619,0.046748604625463486,0.010684733765962453,0.2711485259793466,0.013184733765962454,0.0,-0.0025,True,True,237,5.0,10,0.004,0.5,0.474,0.9996693134307861,-0.01419298816472292,0,False
373,47.238575336989015,47.22,0.10000000000000142,166,0.24122335782021437,1.9152686892792754,2.7998891400694723,0.25567186149825244,0.043044596910476685,0.011001546145179559,0.28215007212452614,0.011001546145179559,0.0,-0.0,False,False,237,5.0,10,0.024,0.5,0.474,0.9996851086616516,-0.01796400174498558,0,False
374,47.33907107403502,47.32,0.10000000000000142,165,0.22050151794141562,1.9226554579850743,2.7966765767706825,0.2336730589295578,0.03934090584516525,0.008500605640654864,0.290650677765181,0.011000605640654864,0.0,-0.0025,True,True,238,5.0,10,0.004,0.5,0.476,0.9996145963668823,0.020717639476060867,0,False
375,47.49928996665403,47.480000000000004,0.09999999999999432,262,0.18736296018122928,1.9344670393452261,2.8001081339772056,0.1984929464465857,0.03341802582144737,1.5175919822276953,1.8082426599928763,0.017591982227695393,1.5,-0.0,False,False,238,5.0,10,0.036,0.5,0.476,0.9996686577796936,0.00028182193636894226,1,True
