ppo_step,t_wall_s,t_sim_s,ppo_step_sim_dt,inner_ticks,x,y,yaw,goal_distance_m,goal_distance_norm,ppo_reward,ppo_reward_cumulative,navigation_reward,terminal_reward,frame_cost_reward,fresh_observation,frame_consumed,episode_frame_count,current_fps,scan_divisor_k,obs_age_ratio,fps_ratio,frame_count_ratio,action_linear,action_angular,outcome,done
1,0.15533642191439867,0.14,0.17700000000000002,236,0.008406038604935273,-4.5983421317912644e-06,-0.0008461059845042888,2.0000223120305383,0.336721271276474,-0.0025111520560717514,-0.0025111520560717514,-1.1152056071751276e-05,0.0,-0.0025,True,True,2,5.0,10,0.008,0.5,0.004,0.999366819858551,0.21887147426605225,0,False
2,0.25512980995699763,0.24000000000000005,0.09999999999999998,159,0.025880070010422522,-1.794069688209112e-05,0.001690223725903763,2.0001853444699482,0.33674871921539307,-8.151621938224492e-05,-0.002592668275453996,-8.151621938224492e-05,0.0,-0.0,False,False,2,5.0,10,0.028,0.5,0.004,0.9993675947189331,0.2185758799314499,0,False
3,0.35517664486542344,0.34,0.10000000000000003,159,0.04760624716433015,0.0005035796014923147,0.047907439874143365,2.0000630258861998,0.33672812581062317,-0.002438840708367915,-0.005031508983821912,6.11592916320853e-05,0.0,-0.0025,True,True,3,5.0,10,0.008,0.5,0.006,0.9994817972183228,0.21970784664154053,0,False
4,0.45605652313679457,0.44000000000000006,0.10100000000000003,159,0.06946073058641908,0.0019948622579037648,0.09108347740757108,1.999212106302874,0.3365848660469055,0.0004254597899784028,-0.004606049193843509,0.0004254597899784028,0.0,-0.0,False,False,3,5.0,10,0.028,0.5,0.006,0.9994828104972839,0.22112441062927246,0,False
5,0.5571820079348981,0.56,0.10099999999999998,165,0.09557911614478085,0.005056140860024146,0.14120579051408486,1.9976304615188056,0.33631858229637146,-0.0017091776110967798,-0.006315226804940289,0.0007908223889032202,0.0,-0.0025,True,True,4,5.0,10,0.008,0.5,0.008,0.9999944567680359,0.17247238755226135,0,False
6,0.6585491020232439,0.66,0.10099999999999998,174,0.11725247241971765,0.008481801716942485,0.17467229881241017,1.9949668902747233,0.3358701467514038,0.0013317856167684272,-0.004983441188171862,0.0013317856167684272,0.0,-0.0,False,False,4,5.0,10,0.032,0.5,0.008,0.9999943375587463,0.1735071837902069,0,False
7,0.7582650599069893,0.76,0.09999999999999998,164,0.13871821746467147,0.012657352262456631,0.21374756175183476,1.9921781681786728,0.33540064096450806,-0.001105638957495228,-0.00608908014566709,0.001394361042504772,0.0,-0.0025,True,True,5,5.0,10,0.012,0.5,0.01,0.9924511909484863,0.22640685737133026,0,False
8,0.8589691598899662,0.8600000000000001,0.10000000000000009,171,0.1598620478662742,0.017783879873645533,0.2592852690500483,1.9886519942448573,0.33480697870254517,0.001763086959927414,-0.004325993185739676,0.001763086959927414,0.0,-0.0,False,False,5,5.0,10,0.032,0.5,0.01,0.992350161075592,0.22555454075336456,0,False
9,1.0590393301099539,1.0599999999999998,0.19999999999999996,339,0.20170605333841382,0.030570974940643387,0.3240498474289944,1.97973123443589,0.33330509066581726,0.0019603798868243418,-0.002365613298915334,0.004460379886824342,0.0,-0.0025,True,True,6,5.0,10,0.032,0.5,0.012,0.9984367489814758,0.12169436365365982,0,False
10,1.1587082389742136,1.16,0.10000000000000009,170,0.22234958439404126,0.03777041363718489,0.3489729485293724,1.974787156224471,0.33247271180152893,-2.7960904077703377e-05,-0.002393574202993037,0.0024720390959222967,0.0,-0.0025,True,True,7,5.0,10,0.012,0.5,0.014,0.9906268119812012,0.1481442153453827,0,False
11,1.2597440551035106,1.2599999999999998,0.10099999999999998,172,0.242656741950831,0.045516401905004486,0.3791367968768116,1.969489398519088,0.33158078789711,0.002648878842204177,0.0002553046392111398,0.002648878842204177,0.0,-0.0,False,False,7,5.0,10,0.032,0.5,0.014,0.9900878667831421,0.14842994511127472,0,False
12,1.4596384880132973,1.46,0.19999999999999996,338,0.2826459377070548,0.06279368900564901,0.43616815195277814,1.9577172526797042,0.3295988440513611,0.003386072896388033,0.003641377535599173,0.005886072896388033,0.0,-0.0025,True,True,8,5.0,10,0.032,0.5,0.016,0.994334876537323,0.1397065818309784,0,False
13,1.6606622100807726,1.66,0.20099999999999985,338,0.3223962436482167,0.08149935015872674,0.4031734044678397,1.945400780291802,0.32752525806427,0.0036582361695696604,0.007299613705168833,0.0061582361695696605,0.0,-0.0025,True,True,9,5.0,10,0.032,0.5,0.018,0.9996228814125061,-0.2508259415626526,0,False
14,1.7605082872323692,1.7599999999999998,0.10000000000000009,169,0.34285360765230477,0.08971622505997504,0.36388992034242623,1.9408071952725996,0.3267518877983093,-0.00020320749949211125,0.007096406205676722,0.002296792500507889,0.0,-0.0025,True,True,10,5.0,10,0.012,0.5,0.02,0.9974896311759949,0.08670558780431747,0,False
15,1.8606763510033488,1.8599999999999999,0.10000000000000009,167,0.3631750995496795,0.09786459787967919,0.3893549811566744,1.9364955979580443,0.32602599263191223,0.0021557986487425263,0.009252204854419247,0.0021557986487425263,0.0,-0.0,False,False,10,5.0,10,0.032,0.5,0.02,0.997405469417572,0.08769551664590836,0,False
16,1.9607925149612129,1.96,0.10000000000000009,170,0.38337381545348254,0.10635681748110513,0.4061642520478418,1.9320611510094494,0.3252794146537781,-0.00028277653448090245,0.008969428319938345,0.0022172234655190976,0.0,-0.0025,True,True,11,5.0,10,0.012,0.5,0.022,0.9971296191215515,0.034993913024663925,0,False
17,2.1605900079011917,2.16,0.19999999999999973,335,0.4236168441953888,0.12387629281377782,0.419130806381593,1.9233542274510869,0.3238135278224945,0.0018534617619452554,0.0108228900818836,0.0043534617619452555,0.0,-0.0025,True,True,12,5.0,10,0.012,0.5,0.024,0.9999761581420898,0.07053709775209427,0,False
18,2.262125100940466,2.26,0.10099999999999998,172,0.44362436778010006,0.13298965118632092,0.4337891103445562,1.9189920033421004,0.32307910919189453,0.0021811120458578716,0.013004002127741473,0.0021811120458578716,0.0,-0.0,False,False,12,5.0,10,0.032,0.5,0.024,0.9999760389328003,0.07070580124855042,0,False
19,2.3620305471122265,2.36,0.10000000000000009,169,0.46350607042581377,0.14237693291186995,0.4467686935376711,1.914575966136935,0.3223356306552887,-0.0002919814061591998,0.012712020721582272,0.0022080185938408003,0.0,-0.0025,True,True,13,5.0,10,0.012,0.5,0.026,0.9999410510063171,0.03880076855421066,0,False
20,2.462020933162421,2.46,0.10000000000000009,169,0.48330674293788967,0.15193506230957948,0.4540594203050005,1.9102171053464594,0.3216017782688141,0.002179430386609126,0.014891451108191399,0.002179430386609126,0.0,-0.0,False,False,13,5.0,10,0.032,0.5,0.026,0.9999400973320007,0.03830605000257492,0,False
21,2.5620563281700015,2.56,0.10000000000000009,170,0.5030144323055954,0.16164431657693046,0.46303346746667917,1.9059315294961747,0.320880264043808,-0.0003572120833412948,0.014534239024850104,0.0021427879166587053,0.0,-0.0025,True,True,14,5.0,10,0.012,0.5,0.028,0.9994891881942749,0.07072239369153976,0,False
22,2.7620417391881347,2.76,0.19999999999999973,341,0.5420163002352101,0.18182786392057262,0.48377112857865506,1.8972431926980056,0.3194175064563751,0.001844168381885352,0.016378407406735455,0.004344168381885352,0.0,-0.0025,True,True,15,5.0,10,0.012,0.5,0.03,0.999704897403717,-0.12667089700698853,0,False
23,2.861780127044767,2.86,0.10000000000000009,168,0.5617107997089192,0.19173250235952857,0.4546332451574823,1.893502120413003,0.31878766417503357,0.001870536135095583,0.01824894354183104,0.001870536135095583,0.0,-0.0,False,False,15,5.0,10,0.032,0.5,0.03,0.9997144341468811,-0.1280834823846817,0,False
24,2.962231499142945,2.96,0.10000000000000009,159,0.5816059378312799,0.20115149310702798,0.4364651099718015,1.890534611385569,0.31828805804252625,-0.0010162454921574498,0.01723269804967359,0.0014837545078425502,0.0,-0.0025,True,True,16,5.0,10,0.012,0.5,0.032,0.9974021315574646,0.046573344618082047,0,False
25,3.0622221338562667,3.06,0.10000000000000009,169,0.6013821641622992,0.21061928113657066,0.4486961065626742,1.88773509126693,0.31781673431396484,0.001399760053777657,0.018632458103451245,0.001399760053777657,0.0,-0.0,False,False,16,5.0,10,0.032,0.5,0.032,0.9974009394645691,0.04652513191103935,0,False
26,3.262434503994882,3.26,0.19999999999999973,337,0.6407403578549393,0.23000567335520727,0.4637633515072557,1.882399628990869,0.3169184625148773,0.00016773112746847063,0.018800189230919716,0.0026677311274684707,0.0,-0.0025,True,True,17,5.0,10,0.032,0.5,0.034,0.9974554777145386,0.025213900953531265,0,False
27,3.362358230166137,3.36,0.10000000000000009,164,0.6602930488001211,0.23985535341800332,0.47603633260849393,1.8799190930804999,0.31650084257125854,-0.0012597320497257957,0.01754045718119392,0.0012402679502742044,0.0,-0.0025,True,True,18,5.0,10,0.012,0.5,0.036,0.9912421107292175,0.17740489542484283,0,False
28,3.462439795024693,3.46,0.10000000000000009,170,0.6793835360432722,0.25022781892501844,0.5139680344082158,1.8770361980661365,0.31601548194885254,0.0014414475014747586,0.01898190468266868,0.0014414475014747586,0.0,-0.0,False,False,18,5.0,10,0.032,0.5,0.036,0.9911126494407654,0.17995060980319977,0,False
29,3.5625966992229223,3.56,0.10000000000000009,164,0.698206226414888,0.2613161824325132,0.5462426561733504,1.8736364141016355,0.31544309854507446,-0.0008001080244796207,0.01818179665818906,0.0016998919755203794,0.0,-0.0025,True,True,19,5.0,10,0.012,0.5,0.038,0.9998336434364319,0.08803540468215942,0,False
30,3.762461680918932,3.76,0.19999999999999973,339,0.7354048055446358,0.2847132817531337,0.585041008393218,1.8662873861379667,0.3142058253288269,0.001174513967286418,0.01935631062547548,0.003674513967286418,0.0,-0.0025,True,True,20,5.0,10,0.012,0.5,0.04,0.9981409311294556,0.2170650213956833,0,False
31,3.862583266105503,3.86,0.10000000000000009,171,0.7533365807656466,0.2972462159476566,0.6306810098606426,1.8619577331135093,0.31347689032554626,0.002164826503657833,0.02152113712913331,0.002164826503657833,0.0,-0.0,False,False,20,5.0,10,0.032,0.5,0.04,0.9981144666671753,0.21942703425884247,0,False
32,3.9626525011844933,3.96,0.09999999999999964,170,0.7706723181127996,0.3105156847822803,0.6770558392110176,1.856958071638274,0.3126351535320282,-1.6927227959855767e-07,0.02152096785685371,0.0024998307277204015,0.0,-0.0025,True,True,21,5.0,10,0.012,0.5,0.042,0.9930492639541626,0.24593961238861084,0,False
33,4.062758675310761,4.06,0.10000000000000053,169,0.7872817691385618,0.3245468933590245,0.7269657647824627,1.851203787699191,0.3116663694381714,0.00287714195815054,0.024398109815004253,0.00287714195815054,0.0,-0.0,False,False,21,5.0,10,0.032,0.5,0.042,0.9919182062149048,0.25393959879875183,0,False
34,4.162671402096748,4.16,0.09999999999999964,170,0.803205057508227,0.3394262231088628,0.7755738501927778,1.8446256677416348,0.31055888533592224,0.000789059965756149,0.025187169780760403,0.003289059965756149,0.0,-0.0025,True,True,22,5.0,10,0.012,0.5,0.044,0.9998449087142944,0.20928937196731567,0,False
35,4.262612488120794,4.26,0.10000000000000053,169,0.8185583399901047,0.3550656085355866,0.8165427920463983,1.8373478005169919,0.30933359265327454,0.0036389335979143864,0.028826103378674788,0.0036389335979143864,0.0,-0.0,False,False,22,5.0,10,0.032,0.5,0.044,0.9998481273651123,0.21020802855491638,0,False
36,4.362668673042208,4.36,0.09999999999999964,168,0.8333086018249539,0.3713856153158439,0.8497693363872301,1.8294229370208583,0.3079993724822998,0.001462431732378889,0.03028853511105368,0.003962431732378889,0.0,-0.0025,True,True,23,5.0,10,0.012,0.5,0.046,0.9905785322189331,-0.25518038868904114,0,False
37,4.462868137285113,4.46,0.09999999999999964,169,0.848257559911123,0.38749168125546934,0.7932445755207744,1.822010891089296,0.3067514896392822,0.00370602295110844,0.03399455806216212,0.00370602295110844,0.0,-0.0,False,False,23,5.0,10,0.032,0.5,0.046,0.9911071062088013,-0.2531532943248749,0,False
38,4.56276060314849,4.56,0.10000000000000053,168,0.863931031264937,0.40275579020416885,0.7510941763232363,1.815920098282332,0.3057260513305664,0.0005453963914248128,0.03453995445358693,0.003045396391424813,0.0,-0.0025,True,True,24,5.0,10,0.012,0.5,0.048,0.9997633695602417,0.021921519190073013,0,False
39,4.662895338144153,4.66,0.09999999999999964,160,0.8798395751107853,0.41790498546643856,0.7633517121601332,1.8102879559102334,0.3047778308391571,0.002816071174900061,0.03735602562848699,0.002816071174900061,0.0,-0.0,False,False,24,5.0,10,0.032,0.5,0.048,0.999763548374176,0.02211715094745159,0,False
40,4.762611266225576,4.76,0.10000000000000053,171,0.895684250627549,0.43311768150429836,0.768764563404611,1.8048186689607808,0.3038570284843445,0.00023464346389942244,0.03759066909238642,0.0027346434638994225,0.0,-0.0025,True,True,25,5.0,10,0.012,0.5,0.05,0.9980641007423401,0.011029452085494995,0,False
41,4.862935398239642,4.86,0.09999999999999964,173,0.9114752470780125,0.44837144945087265,0.7697976897321908,1.7995384359150086,0.3029680550098419,0.0026401165124334677,0.04023078560481989,0.0026401165124334677,0.0,-0.0,False,False,25,5.0,10,0.032,0.5,0.05,0.9980937242507935,0.008021189831197262,0,False
42,4.963033033069223,4.96,0.09999999999999964,172,0.9272491276961257,0.463663915997242,0.7691039800351759,1.7944692068516215,0.3021146059036255,3.461452165864128e-05,0.04026540012647853,0.0025346145216586413,0.0,-0.0025,True,True,26,5.0,10,0.012,0.5,0.052,0.9989171028137207,-0.023526230826973915,0,False
43,5.06294154888019,5.06,0.10000000000000053,172,0.9430951538038109,0.47891043577191333,0.7638054604751088,1.789732415270549,0.30131712555885315,0.002368395781159429,0.04263379590763796,0.002368395781159429,0.0,-0.0,False,False,26,5.0,10,0.032,0.5,0.052,0.9989418387413025,-0.024345019832253456,0,False
44,5.162707247305661,5.16,0.09999999999999964,171,0.9589439195107361,0.4940526008282483,0.7693161485782507,1.7853434616302366,0.30057820677757263,-0.00030552318853210424,0.04232827271910586,0.002194476811467896,0.0,-0.0025,True,True,27,5.0,10,0.012,0.5,0.054,0.9876394271850586,0.2310120016336441,0,False
45,5.263035140000284,5.26,0.10000000000000053,172,0.974019373096497,0.5095571889301609,0.8207579856514791,1.780486829700108,0.2997605502605438,0.0024283159554502453,0.044756588674556105,0.0024283159554502453,0.0,-0.0,False,False,27,5.0,10,0.032,0.5,0.054,0.987511932849884,0.23365311324596405,0,False
46,5.362796517089009,5.36,0.09999999999999964,165,0.9884312751444305,0.5258083424154618,0.8703423014649981,1.7748907987478135,0.2988184094429016,0.0002980154650694478,0.04505460413962555,0.002798015465069448,0.0,-0.0025,True,True,28,5.0,10,0.012,0.5,0.056,0.9979382753372192,0.24822275340557098,0,False
47,5.463110059965402,5.46,0.09999999999999964,170,1.0021151122764278,0.5428541454650767,0.9202202010660498,1.7684764192967224,0.2977384924888611,0.0032071897128478116,0.04826179385247337,0.0032071897128478116,0.0,-0.0,False,False,28,5.0,10,0.032,0.5,0.056,0.9976248145103455,0.2557739019393921,0,False
48,5.563266153912991,5.56,0.10000000000000053,171,1.0149016988443684,0.5605147446376658,0.9638067621950532,1.7612902467556997,0.2965286374092102,0.0010930862562857795,0.049354880108759144,0.0035930862562857796,0.0,-0.0025,True,True,29,5.0,10,0.012,0.5,0.058,0.9930386543273926,0.12353017926216125,0,False
49,5.6630761618725955,5.66,0.09999999999999964,172,1.027194458300113,0.5785263068010937,0.986097875349041,1.75377199076589,0.29526287317276,0.00375912798002189,0.053114008088781035,0.00375912798002189,0.0,-0.0,False,False,29,5.0,10,0.032,0.5,0.058,0.9927528500556946,0.12954820692539215,0,False
50,5.763485583011061,5.76,0.10000000000000053,168,1.0389306916257381,0.5967339548179166,1.0161620297756424,1.74600467218949,0.2939551770687103,0.001383659272824001,0.05449766736160504,0.003883659272824001,0.0,-0.0025,True,True,30,5.0,10,0.012,0.5,0.06,0.9775320291519165,0.2607491910457611,0,False
51,5.86317768227309,5.86,0.09999999999999964,170,1.0496570342938234,0.615234029478481,1.0713566255199243,1.737629655063151,0.2925451695919037,0.004187508546590529,0.058685175908195567,0.004187508546590529,0.0,-0.0,False,False,30,5.0,10,0.032,0.5,0.06,0.9752777218818665,0.2817631959915161,0,False
52,5.9634943450801075,5.96,0.09999999999999964,172,1.0593643468214589,0.6342535465864808,1.1190190434571508,1.7284433701085649,0.29099857807159424,0.0020931424591080785,0.060778318367303644,0.0045931424591080785,0.0,-0.0025,True,True,31,5.0,10,0.012,0.5,0.062,0.9684311151504517,0.04549390822649002,0,False
53,6.063561908900738,6.06,0.10000000000000053,173,1.068732054391533,0.653382074289097,1.1211595767009352,1.7191765425264747,0.2894384264945984,0.004633413772700698,0.06541173214000434,0.004633413772700698,0.0,-0.0,False,False,31,5.0,10,0.032,0.5,0.062,0.9681364297866821,0.026835940778255463,0,False
54,6.163444796111435,6.16,0.09999999999999964,170,1.077908494983049,0.6724465129755901,1.1307898826776788,1.7100541606236008,0.2879025936126709,0.002061190933378468,0.0674729230733828,0.004561190933378468,0.0,-0.0025,True,True,32,5.0,10,0.012,0.5,0.064,0.8766487240791321,0.3118222951889038,0,False
55,6.263657410163432,6.26,0.10000000000000053,172,1.085489410133104,0.6901321739236455,1.198085253534102,1.701188098994631,0.2864099144935608,0.004433030796933825,0.07190595387031663,0.004433030796933825,0.0,-0.0,False,False,32,5.0,10,0.032,0.5,0.064,0.8772190809249878,0.318751722574234,0,False
56,6.363730735145509,6.36,0.09999999999999964,171,1.092161196696231,0.7089236333662579,1.2600596665045287,1.6910630941419014,0.2847052812576294,0.0025625024063216334,0.07446845627663827,0.005062502406321633,0.0,-0.0025,True,True,33,5.0,10,0.012,0.5,0.066,0.9629956483840942,0.26601991057395935,0,False
57,6.463481142185628,6.46,0.09999999999999964,168,1.098126120339415,0.7291450989886461,1.3117877974114172,1.6795693956718893,0.28277021646499634,0.0057468492122533564,0.08021530548889162,0.0057468492122533564,0.0,-0.0,False,False,33,5.0,10,0.032,0.5,0.066,0.9622050523757935,0.26067793369293213,0,False
58,6.564389780163765,6.56,0.10100000000000087,171,1.1030374517251418,0.7496714019695753,1.3553553776061014,1.6673371832635302,0.2807108163833618,0.0036161061799649705,0.08383141166885659,0.0061161061799649705,0.0,-0.0025,True,True,34,5.0,10,0.012,0.5,0.068,0.9884666800498962,-0.5564962029457092,0,False
59,6.664724903181195,6.66,0.09999999999999964,170,1.1081694892163378,0.7705038089236197,1.2831181950034862,1.6552041002428688,0.2786681056022644,0.006066541486312336,0.08989795315516892,0.006066541486312336,0.0,-0.0,False,False,34,5.0,10,0.032,0.5,0.068,0.9883185625076294,-0.5583593249320984,0,False
60,6.864570274949074,6.86,0.19899999999999984,339,1.1260031609320371,0.8099288766793208,0.968920244762508,1.6383382970267006,0.27582859992980957,0.005932901574696926,0.09583085472986586,0.008432901574696927,0.0,-0.0025,True,True,35,5.0,10,0.032,0.5,0.07,0.9659847617149353,-0.950789749622345,0,False
61,6.964803778100759,6.96,0.09999999999999964,170,1.1397459967669066,0.8264887836698351,0.7871487603601957,1.6358940495528993,0.2754170894622803,-0.0012778762679379041,0.09455297846192795,0.001222123732062096,0.0,-0.0025,True,True,36,5.0,10,0.012,0.5,0.072,0.9577652215957642,-0.7748051285743713,0,False
62,7.064694825094193,7.06,0.10000000000000053,170,1.1558254446272134,0.8405238471769043,0.6362617388617933,1.6371675081512862,0.27563148736953735,-0.0006367292966725415,0.09391624916525541,-0.0006367292966725415,0.0,-0.0,False,False,36,5.0,10,0.032,0.5,0.072,0.9633152484893799,-0.7965552806854248,0,False
63,7.1648031091317534,7.16,0.09999999999999964,169,1.1740284196447919,0.8519543383460854,0.4875454141404381,1.6420570651994715,0.2764546871185303,-0.004944778514413386,0.08897147065084203,-0.0024447785144133863,0.0,-0.0025,True,True,37,5.0,10,0.012,0.5,0.074,0.9957848787307739,-0.4622097313404083,0,False
64,7.264644806273282,7.26,0.10000000000000053,172,1.193906879773648,0.8615263592923652,0.4028391354066855,1.6497077297285632,0.27774274349212646,-0.0038253322494007677,0.08514613840144127,-0.0038253322494007677,0.0,-0.0,False,False,37,5.0,10,0.032,0.5,0.074,0.9964787364006042,-0.4526466727256775,0,False
65,7.364893370307982,7.36,0.09999999999999964,173,1.2145630337927555,0.8692638864066264,0.321499039372953,1.6594358629969748,0.27938055992126465,-0.007364066614948215,0.07778207178649305,-0.004864066614948214,0.0,-0.0025,True,True,38,5.0,10,0.012,0.5,0.076,0.9886473417282104,0.05666350573301315,0,False
66,7.4650090942159295,7.46,0.09999999999999964,172,1.2352266171267792,0.876217216758871,0.3343546243672552,1.6699318949865156,0.28114765882492065,-0.0052480159739927285,0.07253405581250032,-0.0052480159739927285,0.0,-0.0,False,False,38,5.0,10,0.032,0.5,0.076,0.9887211322784424,0.05715817213058472,0,False
67,7.56517014792189,7.56,0.10000000000000053,173,1.2557115451285017,0.8833922371076214,0.34447012564963286,1.6803643779578716,0.2829040586948395,-0.007716241465026108,0.0648178143474742,-0.005216241465026109,0.0,-0.0025,True,True,39,5.0,10,0.012,0.5,0.078,0.9850251078605652,0.07712428271770477,0,False
68,7.665064635220915,7.66,0.09999999999999964,172,1.276034477831253,0.8908566875761365,0.35899714935251054,1.6906989706588762,0.2846439778804779,-0.005167296330044164,0.05965051801743004,-0.005167296330044164,0.0,-0.0,False,False,39,5.0,10,0.032,0.5,0.078,0.9851403832435608,0.07864929735660553,0,False
69,7.764952390920371,7.76,0.10000000000000053,168,1.2963273533989461,0.8986446497167578,0.36682668389386375,1.7010139144991052,0.2863805890083313,-0.007657471899695288,0.051993046117734754,-0.005157471899695287,0.0,-0.0025,True,True,40,5.0,10,0.012,0.5,0.08,0.9916436076164246,-0.05453925579786301,0,False
70,7.865131695289165,7.86,0.09999999999999964,172,1.3167535855232875,0.9063031205631443,0.3536285690392726,1.7117280311415808,0.28818440437316895,-0.00535705830002837,0.046635987817706386,-0.00535705830002837,0.0,-0.0,False,False,40,5.0,10,0.032,0.5,0.08,0.9921010136604309,-0.05676813796162605,0,False
71,7.965301079209894,7.96,0.09999999999999964,172,1.3371592970465218,0.9136992717865212,0.3459001225880368,1.7228013147976964,0.2900486886501312,-0.008036641806137385,0.038599346011569,-0.005536641806137384,0.0,-0.0025,True,True,41,5.0,10,0.012,0.5,0.082,0.9913425445556641,0.07946404069662094,0,False
72,8.065277765039355,8.06,0.09999999999999964,171,1.3576144447555607,0.9213239576005766,0.3642952615977297,1.7339719576738724,0.29192936420440674,-0.005585321415974844,0.03301402459559416,-0.005585321415974844,0.0,-0.0,False,False,41,5.0,10,0.032,0.5,0.082,0.9913346767425537,0.07978874444961548,0,False
73,8.165267321281135,8.16,0.10000000000000142,173,1.377973260113852,0.9292636056279071,0.37297331549446816,1.7450749801462972,0.29379865527153015,-0.008051511214233163,0.024962513381360997,-0.005551511214233164,0.0,-0.0025,True,True,42,5.0,10,0.012,0.5,0.084,0.9977986216545105,-0.10682691633701324,0,False
74,8.265598093159497,8.260000000000002,0.09999999999999964,172,1.3985850978976764,0.9369474820783626,0.34804675880325275,1.756735959458049,0.2957618832588196,-0.005830489632792046,0.01913202374856895,-0.005830489632792046,0.0,-0.0,False,False,42,5.0,10,0.032,0.5,0.084,0.9978193044662476,-0.11279230564832687,0,False
75,8.365332711022347,8.360000000000001,0.09999999999999964,170,1.4193301594062817,0.9441772434029132,0.3241239582475744,1.7689713581681554,0.2978218197822571,-0.008617699330832332,0.01051432441773662,-0.006117699330832332,0.0,-0.0025,True,True,43,5.0,10,0.012,0.5,0.086,0.9947142601013184,-0.0948244258761406,0,False
76,8.465353515930474,8.46,0.09999999999999964,169,1.4401651269048996,0.9509765488554125,0.30566480048586947,1.781719928476361,0.2999681532382965,-0.006374285128865994,0.004140039288870626,-0.006374285128865994,0.0,-0.0,False,False,43,5.0,10,0.032,0.5,0.086,0.9946507811546326,-0.08345936238765717,0,False
77,8.565491441171616,8.56,0.09999999999999964,168,1.461046993356558,0.9573864417282486,0.2901001866307041,1.7949098015765848,0.30218878388404846,-0.009094936524001533,-0.004954897235130907,-0.006594936524001532,0.0,-0.0025,True,True,44,5.0,10,0.012,0.5,0.088,0.9870991110801697,-0.0738823413848877,0,False
78,8.665837723296136,8.66,0.10000000000000142,163,1.4819262675352611,0.9634561562747428,0.27548622949975843,1.8084602578245585,0.30447012186050415,-0.006775228097162732,-0.011730125332293638,-0.006775228097162732,0.0,-0.0,False,False,44,5.0,10,0.032,0.5,0.088,0.9870961904525757,-0.07593440264463425,0,False
79,8.765836669132113,8.760000000000002,0.09999999999999964,169,1.50292373838139,0.9692382466734529,0.26709960950426387,1.8224295357355547,0.3068219721317291,-0.009484638927844801,-0.02121476426013844,-0.0069846389278448015,0.0,-0.0025,True,True,45,5.0,10,0.012,0.5,0.09,0.989810049533844,0.07947433739900589,0,False
80,8.865756615065038,8.860000000000001,0.09999999999999964,169,1.5238261184682207,0.9752293425414247,0.28626248731665027,1.8363552675226695,0.30916649103164673,-0.006962865865990382,-0.02817763012612882,-0.006962865865990382,0.0,-0.0,False,False,45,5.0,10,0.032,0.5,0.09,0.9898777604103088,0.08397413790225983,0,False
81,8.966000128071755,8.96,0.09999999999999964,163,1.5444904058729207,0.9815011450539382,0.29930610586077344,1.8500784921320592,0.3114769160747528,-0.009361612277528667,-0.03753924240365749,-0.006861612277528667,0.0,-0.0025,True,True,46,5.0,10,0.012,0.5,0.092,0.969081699848175,0.016552560031414032,0,False
82,9.065851084887981,9.06,0.09999999999999964,169,1.56486405474196,0.9877686476266176,0.30189034991164315,1.8637091369740098,0.3137717545032501,-0.006815322393992362,-0.04435456479764985,-0.006815322393992362,0.0,-0.0,False,False,46,5.0,10,0.032,0.5,0.092,0.9695872068405151,0.01560412347316742,0,False
83,9.165841271169484,9.16,0.10000000000000142,165,1.5854107771552055,0.9941527255138706,0.2976957277287176,1.8775665402903188,0.3161047697067261,-0.009428701630722722,-0.05378326642837257,-0.006928701630722721,0.0,-0.0025,True,True,47,5.0,10,0.012,0.5,0.094,0.9874321818351746,-0.07404740899801254,0,False
84,9.265994295012206,9.260000000000002,0.09999999999999964,167,1.6062705812601699,1.0003261215410197,0.2813881963432616,1.8919441958752765,0.31852537393569946,-0.0071888277640171985,-0.06097209419238977,-0.0071888277640171985,0.0,-0.0,False,False,47,5.0,10,0.032,0.5,0.094,0.9876529574394226,-0.078546904027462,0,False
85,9.366085009183735,9.360000000000001,0.09999999999999964,165,1.6272533755184622,1.006194841625236,0.2651157420873586,1.9067254496815744,0.3210139274597168,-0.009890626873888331,-0.0708627210662781,-0.0073906268738883315,0.0,-0.0025,True,True,48,5.0,10,0.012,0.5,0.096,0.9908004403114319,-0.0732710063457489,0,False
86,9.46570977801457,9.46,0.09999999999999964,168,1.6483555399524985,1.0117690831683344,0.2502939951110426,1.9218940161669482,0.3235676884651184,-0.0075842832126595565,-0.07844700427893765,-0.0075842832126595565,0.0,-0.0,False,False,48,5.0,10,0.032,0.5,0.096,0.9906060099601746,-0.08001811057329178,0,False
87,9.565906742122024,9.56,0.09999999999999964,170,1.6695331829201223,1.017027202886741,0.24089140809802723,1.937414846012176,0.32618075609207153,-0.01026041489188925,-0.0887074191708269,-0.007760414891889251,0.0,-0.0025,True,True,49,5.0,10,0.012,0.5,0.098,0.9948863983154297,0.3742418587207794,0,False
88,9.666141325142235,9.66,0.10000000000000142,169,1.6904261831650922,1.0229788814691296,0.3205108402037016,1.952462864081439,0.3287142217159271,-0.007524009004842758,-0.09623142817566967,-0.007524009004842758,0.0,-0.0,False,False,49,5.0,10,0.032,0.5,0.098,0.9954751133918762,0.38799849152565,0,False
89,9.765921032987535,9.760000000000002,0.09999999999999964,169,1.7108530046476427,1.030550243135692,0.39402857634347704,1.9664309028750888,0.3310658633708954,-0.009484019369174111,-0.10571544754484377,-0.006984019369174112,0.0,-0.0025,True,True,50,5.0,10,0.012,0.5,0.1,0.9988513588905334,0.3449762761592865,0,False
90,9.866247824858874,9.860000000000001,0.09999999999999964,169,1.7307513973025532,1.0395631586543714,0.4609232774183414,1.9793784400257446,0.3332456946372986,-0.006473768549697246,-0.11218921609454102,-0.006473768549697246,0.0,-0.0,False,False,50,5.0,10,0.032,0.5,0.1,0.9988587498664856,0.34982532262802124,0,False
91,9.965927463956177,9.96,0.09999999999999964,168,1.7499570503210493,1.0499159565544443,0.5241430915510524,1.9912330756770342,0.33524152636528015,-0.008427317802177658,-0.12061653389671868,-0.005927317802177658,0.0,-0.0025,True,True,51,5.0,10,0.012,0.5,0.102,0.9973326325416565,-0.39395806193351746,0,False
92,10.06650463398546,10.06,0.09999999999999964,172,1.7691358768902532,1.0606642410110902,0.47672970038062135,2.0030461123888434,0.3372303545475006,-0.005906518332519799,-0.1265230522292385,-0.005906518332519799,0.0,-0.0,False,False,51,5.0,10,0.032,0.5,0.102,0.997643232345581,-0.40435147285461426,0,False
93,10.166404770221561,10.16,0.10000000000000142,168,1.7891175825492727,1.0699930995825087,0.4058868205307067,2.0163963626770207,0.3394779860973358,-0.00917512511766079,-0.13569817734689926,-0.0066751251176607905,0.0,-0.0025,True,True,52,5.0,10,0.012,0.5,0.104,0.9920252561569214,0.0460580438375473,0,False
94,10.266552275046706,10.260000000000002,0.09999999999999964,168,1.8090804220257244,1.0787689293269118,0.4212590407474404,2.0301326865269274,0.3417906165122986,-0.0068681618977612146,-0.14256633924466047,-0.0068681618977612146,0.0,-0.0,False,False,52,5.0,10,0.032,0.5,0.104,0.9920697808265686,0.048258185386657715,0,False
95,10.366208623163402,10.360000000000001,0.09999999999999964,163,1.8288899979850202,1.087715179650228,0.43228936886104313,2.0437960794701713,0.3440909683704376,-0.009331696444574229,-0.1518980356892347,-0.006831696444574229,0.0,-0.0025,True,True,53,5.0,10,0.012,0.5,0.106,0.984340250492096,0.07617685198783875,0,False
96,10.466304988134652,10.46,0.09999999999999964,168,1.8484662137188457,1.09691005134259,0.4468761631443766,2.057279446364685,0.3463610112667084,-0.006741683420565539,-0.15863971910980024,-0.006741683420565539,0.0,-0.0,False,False,53,5.0,10,0.032,0.5,0.106,0.9842632412910461,0.07678519934415817,0,False
97,10.566487561911345,10.56,0.09999999999999964,165,1.868012497199734,1.1064665537297473,0.46471175299055845,2.070717851001208,0.34862348437309265,-0.009219202291659045,-0.16785892140145928,-0.0067192022916590455,0.0,-0.0025,True,True,54,5.0,10,0.012,0.5,0.108,0.9943427443504333,0.1821083277463913,0,False
98,10.666335788089782,10.66,0.10000000000000142,169,1.8872942180924415,1.1166375908126185,0.5041649957793778,2.083796734590563,0.3508254289627075,-0.006539441768786929,-0.1743983631702462,-0.006539441768786929,0.0,-0.0,False,False,54,5.0,10,0.032,0.5,0.108,0.9942164421081543,0.19277645647525787,0,False
99,10.766634400933981,10.760000000000002,0.09999999999999964,169,1.9062224091556863,1.1275319657071194,0.5353619091988471,2.096398026951332,0.3529469668865204,-0.008800646155439282,-0.1831990093256855,-0.006300646155439282,0.0,-0.0025,True,True,55,5.0,10,0.012,0.5,0.11,0.9998729825019836,-0.017606863752007484,0,False
100,10.866427929140627,10.860000000000001,0.09999999999999964,171,1.9252475913149307,1.1386044512728912,0.526481969078879,2.109165892086786,0.3550965487957001,-0.006383932542452102,-0.1895829418681376,-0.006383932542452102,0.0,-0.0,False,False,55,5.0,10,0.032,0.5,0.11,0.9998674988746643,-0.027040701359510422,0,False
101,10.96691568987444,10.96,0.09999999999999964,170,1.94429510239003,1.1495980174695084,0.5265615260658243,2.1221373265005474,0.3572804033756256,-0.008985717181202677,-0.19856865904934026,-0.006485717181202677,0.0,-0.0025,True,True,56,5.0,10,0.012,0.5,0.112,0.9991505146026611,0.18757668137550354,0,False
102,11.066978405229747,11.06,0.09999999999999964,170,1.9629463664510867,1.1610751445958185,0.5690730321446047,2.134702153407985,0.3593958020210266,-0.006282413428845678,-0.20485107247818593,-0.006282413428845678,0.0,-0.0,False,False,56,5.0,10,0.032,0.5,0.112,0.9991618990898132,0.19177976250648499,0,False
103,11.167155908886343,11.16,0.10000000000000142,168,1.9811350854081575,1.1732522586467404,0.6172776712564717,2.1467203525489755,0.3614191710948944,-0.00850909954670439,-0.21336017202489033,-0.00600909954670439,0.0,-0.0025,True,True,57,5.0,10,0.012,0.5,0.114,0.9989994168281555,0.417418897151947,0,False
104,11.26699735596776,11.260000000000002,0.09999999999999964,170,1.9983139815018773,1.1866844256780702,0.7055270235053223,2.1574849189691183,0.36323148012161255,-0.005382283188762108,-0.21874245521365243,-0.005382283188762108,0.0,-0.0,False,False,57,5.0,10,0.032,0.5,0.114,0.9991774559020996,0.41876283288002014,0,False
105,11.366768022999167,11.360000000000001,0.09999999999999964,169,2.014346596969074,1.2015018011671192,0.7826368490005631,2.1668390158157353,0.36480632424354553,-0.0071770484047913655,-0.2259195036184438,-0.004677048404791365,0.0,-0.0025,True,True,58,5.0,10,0.012,0.5,0.116,0.9974558353424072,-0.021080700680613518,0,False
106,11.466796177905053,11.46,0.09999999999999964,169,2.03000795944245,1.21690961643534,0.7720784114289334,2.1758132346873538,0.3663172125816345,-0.004487109418044057,-0.23040661303648785,-0.004487109418044057,0.0,-0.0,False,False,58,5.0,10,0.032,0.5,0.116,0.9973112344741821,-0.027385791763663292,0,False
107,11.567238919902593,11.56,0.09999999999999964,164,2.045716800160337,1.2322202646110632,0.7748074875079775,2.1850497924028436,0.3678722679615021,-0.007118278839460432,-0.23752489187594827,-0.0046182788394604326,0.0,-0.0025,True,True,59,5.0,10,0.012,0.5,0.118,0.9977238774299622,0.3212811052799225,0,False
108,11.667129956185818,11.66,0.10000000000000142,169,2.060689819789827,1.2480698923077491,0.8478264119404426,2.19359102827034,0.36931025981903076,-0.004270617916840136,-0.2417955097927884,-0.004270617916840136,0.0,-0.0,False,False,59,5.0,10,0.032,0.5,0.118,0.997437596321106,0.3270825147628784,0,False
109,11.767180011142045,11.760000000000002,0.09999999999999964,168,2.0745709355302235,1.2648148122698224,0.9136380813981912,2.200986611642874,0.3705553710460663,-0.006197791671626925,-0.24799330146441534,-0.0036977916716269253,0.0,-0.0025,True,True,60,5.0,10,0.012,0.5,0.12,0.9893007278442383,0.3163374364376068,0,False
110,11.866936808917671,11.860000000000001,0.09999999999999964,168,2.0872899031630556,1.282325926811282,0.9755529295450103,2.2072234432799283,0.37160539627075195,-0.0031184158061808346,-0.25111171727059617,-0.0031184158061808346,0.0,-0.0,False,False,60,5.0,10,0.032,0.5,0.12,0.9880779385566711,0.31816717982292175,0,False
111,11.968264053110033,11.96,0.10100000000000087,170,2.0989302047840512,1.300701761311582,1.0362405665541756,2.21235763749561,0.37246978282928467,-0.0050670970976773345,-0.2561788143682735,-0.002567097097677335,0.0,-0.0025,True,True,61,5.0,10,0.012,0.5,0.122,0.9977185726165771,0.26536643505096436,0,False
112,12.067940241191536,12.06,0.09999999999999964,168,2.109594113058723,1.319773966815137,1.0882410236779716,2.2165502795449283,0.37317565083503723,-0.0020963210163595196,-0.25827513538463304,-0.0020963210163595196,0.0,-0.0,False,False,61,5.0,10,0.032,0.5,0.122,0.997626781463623,0.2673044502735138,0,False
113,12.167877247091383,12.16,0.09999999999999964,168,2.1191602602518844,1.3392605531946074,1.1427478590027462,2.2197785342653598,0.37371915578842163,-0.004114127353825134,-0.2623892627384582,-0.0016141273538251338,0.0,-0.0025,True,True,62,5.0,10,0.012,0.5,0.124,0.9818314909934998,0.29482921957969666,0,False
114,12.2683454179205,12.260000000000002,0.09999999999999964,171,2.127489584958461,1.3590600906367896,1.2022659185615916,2.2219397319339316,0.374083012342453,-0.00108059883000765,-0.26346986156846586,-0.00108059883000765,0.0,-0.0,False,False,62,5.0,10,0.032,0.5,0.124,0.9807656407356262,0.29683104157447815,0,False
115,12.368520631920546,12.360000000000001,0.09999999999999964,170,2.1346526847506127,1.3793694230575295,1.2619019680971078,2.2230439625061775,0.37426891922950745,-0.0030521152839370694,-0.2665219768524029,-0.0005521152839370693,0.0,-0.0025,True,True,63,5.0,10,0.012,0.5,0.126,0.9886755347251892,0.29836857318878174,0,False
116,12.468309869989753,12.46,0.10000000000000142,170,2.140626502127478,1.400164778066297,1.3216763128951954,2.223079896909218,0.37427496910095215,-1.7967201449006625e-05,-0.26653994405385195,-1.7967201449006625e-05,0.0,-0.0,False,False,63,5.0,10,0.032,0.5,0.126,0.9880647659301758,0.30262091755867004,0,False
117,12.568552332930267,12.56,0.09999999999999964,169,2.1453240075953013,1.4212083533935589,1.3815657507336712,2.2220294794331505,0.37409812211990356,-0.0019747912640457484,-0.2685147353178977,0.0005252087359542515,0.0,-0.0025,True,True,64,5.0,10,0.012,0.5,0.128,0.9802334308624268,0.29336968064308167,0,False
118,12.668765326030552,12.66,0.09999999999999964,170,2.1487642920902963,1.4423797287414848,1.440026058039896,2.2199387344365493,0.3737461268901825,0.001045372494161822,-0.2674693628237359,0.001045372494161822,0.0,-0.0,False,False,64,5.0,10,0.032,0.5,0.128,0.9787322282791138,0.2954135835170746,0,False
119,12.768793042283505,12.760000000000002,0.09999999999999964,170,2.1509347442097186,1.4636428962088766,1.498246996826593,2.2167993421315186,0.3732175827026367,-0.0009303038536993247,-0.2683996666774352,0.0015696961463006753,0.0,-0.0025,True,True,65,5.0,10,0.012,0.5,0.13,0.97881019115448,0.27229657769203186,0,False
120,12.868563019204885,12.860000000000001,0.09999999999999964,167,2.1519229627554552,1.4850469588455901,1.5523488550145352,2.212679099938572,0.3725239038467407,0.002060121088316909,-0.26633954558911827,0.002060121088316909,0.0,-0.0,False,False,65,5.0,10,0.032,0.5,0.13,0.9784383773803711,0.2751937508583069,0,False
121,12.968834832310677,12.96,0.10000000000000142,167,2.1517336201781943,1.506623249441008,1.6073423659909516,2.207572874371562,0.37166422605514526,5.311277339684235e-05,-0.2662864328157214,0.0025531127733968424,0.0,-0.0025,True,True,66,5.0,10,0.012,0.5,0.132,0.9961820244789124,0.2772790193557739,0,False
122,13.068830967880785,13.06,0.09999999999999964,168,2.1503372490321007,1.528388674431459,1.6627424388066478,2.201446678211849,0.3706328272819519,0.003063098067729222,-0.2632233347479922,0.003063098067729222,0.0,-0.0,False,False,66,5.0,10,0.032,0.5,0.132,0.9961369037628174,0.27615219354629517,0,False
123,13.169002801179886,13.16,0.09999999999999964,168,2.1477489017859344,1.5500522083982708,1.714770868002212,2.194374327449915,0.3694421350955963,0.0010361753669668058,-0.2621871593810254,0.003536175366966806,0.0,-0.0025,True,True,67,5.0,10,0.012,0.5,0.134,0.9959694147109985,0.2134307324886322,0,False
124,13.268809929024428,13.260000000000002,0.09999999999999964,169,2.1441983945441105,1.571595552297102,1.7563284434993611,2.186576561990151,0.36812931299209595,0.003898882714445762,-0.2582882766665796,0.003898882714445762,0.0,-0.0,False,False,67,5.0,10,0.032,0.5,0.134,0.9956413507461548,0.20968763530254364,0,False
125,13.36887914314866,13.360000000000001,0.09999999999999964,170,2.13972166603276,1.5930756572666294,1.7933223021724325,2.1780716145592223,0.36669743061065674,0.0017524736986281385,-0.2565358029679515,0.0042524736986281385,0.0,-0.0025,True,True,68,5.0,10,0.012,0.5,0.136,0.9972951412200928,-0.305576354265213,0,False
126,13.469006808008999,13.46,0.10000000000000142,168,2.135289076199722,1.6147615728979234,1.7365873101503324,2.1697622706522326,0.36529847979545593,0.0041546719370458545,-0.25238113103090565,0.0041546719370458545,0.0,-0.0,False,False,68,5.0,10,0.032,0.5,0.136,0.9974328875541687,-0.29420506954193115,0,False
127,13.569040292873979,13.56,0.09999999999999964,169,2.1321856868560216,1.6365497685424206,1.6876506278977015,2.1629405756277627,0.3641499876976013,0.0009108474987309031,-0.25147028353217477,0.003410847498730903,0.0,-0.0025,True,True,69,5.0,10,0.012,0.5,0.138,0.9928469657897949,-0.11506841331720352,0,False
128,13.66920206695795,13.66,0.09999999999999964,170,2.129787708699856,1.658290426193904,1.6694699129773864,2.157025914500726,0.36315420269966125,0.0029573305518099096,-0.24851295298036485,0.0029573305518099096,0.0,-0.0,False,False,69,5.0,10,0.032,0.5,0.138,0.9930842518806458,-0.08932474255561829,0,False
129,13.768896264955401,13.760000000000002,0.09999999999999964,169,2.127856386001682,1.6800965492409183,1.6429142458812787,2.1517692246845317,0.36226919293403625,0.0001283448976910264,-0.24838460808267382,0.0026283448976910265,0.0,-0.0025,True,True,70,5.0,10,0.012,0.5,0.14,0.9946956038475037,-0.44313424825668335,0,False
130,13.869323146995157,13.860000000000001,0.09999999999999964,170,2.1274142128552853,1.7021426347728525,1.550299572172236,2.1481644553076134,0.3616622984409332,0.0018023846813232517,-0.24658222340135058,0.0018023846813232517,0.0,-0.0,False,False,70,5.0,10,0.032,0.5,0.14,0.9953064918518066,-0.3425528407096863,0,False
131,13.969430431257933,13.96,0.10000000000000142,163,2.1285724094928398,1.7241263642075593,1.482168899231519,2.146375346876435,0.3613610863685608,-0.0016054457879525277,-0.2481876691893031,0.0008945542120474723,0.0,-0.0025,True,True,71,5.0,10,0.012,0.5,0.142,0.9234939813613892,0.21983517706394196,0,False
132,14.069211368914694,14.06,0.09999999999999964,167,2.130393850647054,1.745305798996367,1.5062331576211512,2.1455644330817156,0.36122456192970276,0.0004054568957544468,-0.24778221229354866,0.0004054568957544468,0.0,-0.0,False,False,71,5.0,10,0.032,0.5,0.142,0.9198004603385925,0.22395940124988556,0,False
133,14.169612830970436,14.16,0.09999999999999964,170,2.131292882767962,1.7656347085532038,1.541340565207636,2.1441399791838536,0.360984742641449,-0.0017877730538887883,-0.24956998534743743,0.0007122269461112118,0.0,-0.0025,True,True,72,5.0,10,0.012,0.5,0.144,0.9381334781646729,0.06168368086218834,0,False
134,14.269515407271683,14.260000000000002,0.09999999999999964,170,2.131855088053671,1.7862628371735796,1.5504761584782505,2.1425427569245756,0.3607158362865448,0.0007986111264771471,-0.2487713742209603,0.0007986111264771471,0.0,-0.0,False,False,72,5.0,10,0.032,0.5,0.144,0.9381760954856873,0.0615091547369957,0,False
135,14.36978214001283,14.360000000000001,0.09999999999999964,165,2.1321696014838802,1.8068198295394446,1.5574558645677643,2.140903050641999,0.3604397773742676,-0.0016801468619575173,-0.2504515210829178,0.0008198531380424828,0.0,-0.0025,True,True,73,5.0,10,0.012,0.5,0.146,0.9295499920845032,-0.02758319489657879,0,False
136,14.469462728127837,14.46,0.10000000000000142,169,2.1325361351415744,1.8272986125829773,1.5504148175297499,2.1395177174489244,0.3602065443992615,0.0006926665937948438,-0.24975885448912294,0.0006926665937948438,0.0,-0.0,False,False,73,5.0,10,0.032,0.5,0.146,0.9327988028526306,-0.02461894042789936,0,False
137,14.570508583914489,14.56,0.10099999999999909,172,2.1329919200991787,1.8479359258985957,1.5516456872881241,2.13840552112231,0.3600192964076996,-0.0019439018388944164,-0.25170275632801736,0.0005560981611055836,0.0,-0.0025,True,True,74,5.0,10,0.012,0.5,0.148,0.9548013210296631,0.10689064115285873,0,False
138,14.67088266601786,14.66,0.09999999999999964,170,2.1330898921716743,1.868878801799159,1.5758498984034024,2.1371161310151856,0.3598022162914276,0.0006446950510096811,-0.2510580612770077,0.0006446950510096811,0.0,-0.0,False,False,74,5.0,10,0.032,0.5,0.148,0.9524676203727722,0.11648580431938171,0,False
139,14.770613964181393,14.760000000000002,0.09999999999999964,168,2.132743347547212,1.889689283065617,1.5919022097338313,2.1355941408804995,0.3595459759235382,-0.0017390049356698339,-0.2527970662126775,0.0007609950643301661,0.0,-0.0025,True,True,75,5.0,10,0.012,0.5,0.15,0.965948224067688,-0.22905397415161133,0,False
140,14.870489091146737,14.860000000000001,0.10000000000000142,166,2.1329260586072762,1.9110698150987042,1.53849303793996,2.134779155700214,0.35940876603126526,0.0004074925885293962,-0.2523895736241481,0.0004074925885293962,0.0,-0.0,False,False,75,5.0,10,0.032,0.5,0.15,0.972981333732605,-0.23781025409698486,0,False
141,14.970988422166556,14.96,0.09999999999999964,170,2.134090185196812,1.9324396552686716,1.4974550576972852,2.13515938770874,0.35947278141975403,-0.0026901160035102986,-0.2550796896276584,-0.0001901160035102984,0.0,-0.0025,True,True,76,5.0,10,0.012,0.5,0.152,0.5419308543205261,0.9429637789726257,0,False
142,15.070590340998024,15.06,0.09999999999999964,167,2.135007017270668,1.9527295754713812,1.5705204808986462,2.1355302378287875,0.35953521728515625,-0.00018542505928959883,-0.255265114686948,-0.00018542505928959883,0.0,-0.0,False,False,76,5.0,10,0.032,0.5,0.152,0.5057280659675598,0.9451029896736145,0,False
143,15.170708245132118,15.16,0.09999999999999964,168,2.134131405264403,1.9687391681260946,1.689142131814534,2.1343603340371917,0.35933825373649597,-0.0019150481065180337,-0.25718016279346606,0.0005849518934819664,0.0,-0.0025,True,True,77,5.0,10,0.012,0.5,0.154,0.9656639695167542,-0.5403608679771423,0,False
144,15.270939958281815,15.260000000000002,0.09999999999999964,169,2.1321124247818877,1.9842437307316736,1.6937368561573214,2.132170636669657,0.3589695990085602,0.0010948486794327395,-0.25608531411403335,0.0010948486794327395,0.0,-0.0,False,False,77,5.0,10,0.032,0.5,0.154,0.965861976146698,-0.5400353670120239,0,False
145,15.370891083963215,15.360000000000001,0.10000000000000142,166,2.130469350688946,2.0030878943433903,1.614925691864747,2.130471629771225,0.3586835563182831,-0.001650496554147343,-0.2577358106681807,0.0008495034458526571,0.0,-0.0025,True,True,78,5.0,10,0.012,0.5,0.156,0.9727566242218018,-0.5310941338539124,0,False
146,15.471115798223764,15.46,0.09999999999999964,162,2.130696414103352,2.0247037574207147,1.5083067092707445,2.1308396476230524,0.3587455153465271,-0.0001840089251852283,-0.2579198195933659,-0.0001840089251852283,0.0,-0.0,False,False,78,5.0,10,0.032,0.5,0.156,0.9797943234443665,-0.497732549905777,0,False
147,15.571259521879256,15.56,0.09999999999999964,171,2.1330886372975786,2.0462231499538825,1.4144040016255257,2.133589426031079,0.35920846462249756,-0.0038748891985698995,-0.2617947087919358,-0.0013748891985698995,0.0,-0.0025,True,True,79,5.0,10,0.012,0.5,0.158,0.952396810054779,-0.2149176150560379,0,False
148,15.670914960093796,15.66,0.09999999999999964,170,2.1366996491772725,2.066948225236499,1.3776990525806907,2.137748257878522,0.3599086403846741,-0.00207941591548868,-0.26387412470742444,-0.00207941591548868,0.0,-0.0,False,False,79,5.0,10,0.032,0.5,0.158,0.9569818377494812,-0.22618664801120758,0,False
149,15.77099012490362,15.760000000000002,0.09999999999999964,169,2.1412703358593004,2.087644262815985,1.3263608922519614,2.143063186209988,0.3608034551143646,-0.005157464155211785,-0.26903158886263623,-0.0026574641552117844,0.0,-0.0025,True,True,80,5.0,10,0.012,0.5,0.16,0.9865519404411316,-0.4314529001712799,0,False
150,15.870992420241237,15.860000000000001,0.10000000000000142,170,2.1475916221298914,2.1085962778727096,1.234658165126603,2.150335565914955,0.3620278239250183,-0.0036361898380872517,-0.2726677787007235,-0.0036361898380872517,0.0,-0.0,False,False,80,5.0,10,0.032,0.5,0.16,0.9882098436355591,-0.4435240924358368,0,False
151,15.972301953937858,15.959999999999999,0.10099999999999909,173,2.155632970114518,2.128729196211435,1.1415260793131594,2.1594731712595108,0.36356621980667114,-0.007068802654189294,-0.2797365813549128,-0.004568802654189293,0.0,-0.0025,True,True,81,5.0,10,0.012,0.5,0.162,0.9678703546524048,-0.5157051086425781,0,False
152,16.072998804040253,16.06,0.10099999999999909,171,2.1655546103455605,2.147764467271577,1.0374010288377264,2.170590001039508,0.3654378354549408,-0.005558414867991915,-0.2852949962229047,-0.005558414867991915,0.0,-0.0,False,False,81,5.0,10,0.032,0.5,0.162,0.9652578830718994,-0.5177354216575623,0,False
153,16.174171308986843,16.16,0.10100000000000264,172,2.17676456128218,2.16479728391835,0.9352108985612441,2.1829939197087005,0.3675261437892914,-0.008701959310041823,-0.2939969555329465,-0.006201959310041823,0.0,-0.0025,True,True,82,5.0,10,0.012,0.5,0.164,0.8283836841583252,-0.5047452449798584,0,False
154,16.375193900894374,16.36,0.20099999999999696,344,2.200916932898734,2.191672374454844,0.7389097271077193,2.209247275939833,0.3719461262226105,-0.015626678063595807,-0.3096236335965423,-0.013126678063595807,0.0,-0.0025,True,True,83,5.0,10,0.012,0.5,0.166,0.7540931701660156,-0.6106290221214294,0,False
155,16.476370576303452,16.459999999999997,0.10100000000000264,170,2.2137638732831957,2.202072176710228,0.6253351279017414,2.2229673142474757,0.3742560148239136,-0.006860019126661417,-0.3164836527232037,-0.006860019126661417,0.0,-0.0,False,False,83,5.0,10,0.032,0.5,0.166,0.7113927602767944,-0.582700788974762,0,False
156,16.6762402378954,16.66,0.1999999999999993,337,2.2420119005509505,2.2180051984710776,0.38526549300950275,2.252585936174179,0.37924256920814514,-0.017309310904719252,-0.333792963627923,-0.014809310904719254,0.0,-0.0025,True,True,84,5.0,10,0.032,0.5,0.168,0.7687879800796509,-0.5176321268081665,0,False
157,16.77717105532065,16.759999999999998,0.10099999999999909,172,2.257979816382083,2.2233382305364837,0.25727588864030876,2.2689982224416303,0.3820057213306427,-0.01070614310123632,-0.3444991067291593,-0.008206143101236319,0.0,-0.0025,True,True,85,5.0,10,0.012,0.5,0.17,0.8626529574394226,-0.567980945110321,0,False
158,16.87718424992636,16.86,0.10000000000000142,169,2.276284854376058,2.2270946191377208,0.13785214105471502,2.2875849826349346,0.3851349651813507,-0.009293380059858233,-0.35379248678901754,-0.009293380059858233,0.0,-0.0,False,False,85,5.0,10,0.032,0.5,0.17,0.8748289942741394,-0.5711966156959534,0,False
159,17.078122293110937,17.06,0.2010000000000005,335,2.317560276366166,2.227871442697787,-0.08257352677912486,2.328735892686147,0.39206308126449585,-0.023075454944144713,-0.37686794173316224,-0.020575454944144714,0.0,-0.0025,True,True,86,5.0,10,0.032,0.5,0.172,0.9978794455528259,-0.5201164484024048,0,False
160,17.27854395005852,17.259999999999998,0.1999999999999993,338,2.3608460157878848,2.2200859173519967,-0.26860149493486757,2.3710823739596973,0.3991924822330475,-0.023673240552947176,-0.4005411822861094,-0.021173240552947177,0.0,-0.0025,True,True,87,5.0,10,0.032,0.5,0.174,0.9982765316963196,-0.4312421679496765,0,False
161,17.478761938866228,17.459999999999997,0.1999999999999993,336,2.4014517666598136,2.205084881828156,-0.4321298395682173,2.4101929887919757,0.40577709674835205,-0.022055307338716742,-0.42259648962482615,-0.019555307338716743,0.0,-0.0025,True,True,88,5.0,10,0.032,0.5,0.176,0.9961402416229248,-0.36899295449256897,0,False
162,17.5790735213086,17.56,0.10000000000000142,167,2.4210553792283784,2.195149581749229,-0.5060963998244864,2.428907732105468,0.40892788767814636,-0.011857371619698838,-0.434453861244525,-0.009357371619698837,0.0,-0.0025,True,True,89,5.0,10,0.012,0.5,0.178,0.9884638786315918,-0.38327547907829285,0,False
163,17.77904973225668,17.759999999999998,0.1999999999999993,337,2.4574050624515404,2.171168327193006,-0.6648193549968909,2.4633590886991943,0.4147280752658844,-0.019725678228664067,-0.45417953947318906,-0.017225678228664068,0.0,-0.0025,True,True,90,5.0,10,0.012,0.5,0.18,0.9720578789710999,-0.4883460998535156,0,False
164,17.979304431006312,17.959999999999997,0.1999999999999993,341,2.488575150534517,2.141311035333949,-0.8561234821902178,2.4925840253433273,0.41964834928512573,-0.017112468264213528,-0.4712920077374026,-0.01461246826421353,0.0,-0.0025,True,True,91,5.0,10,0.012,0.5,0.182,0.994334876537323,-0.40129879117012024,0,False
165,18.07905361801386,18.06,0.10000000000000142,166,2.5023841551422197,2.1241509025155882,-0.9350827346628903,2.505461994905831,0.42181646823883057,-0.006438984755758895,-0.4777309924931615,-0.006438984755758895,0.0,-0.0,False,False,91,5.0,10,0.032,0.5,0.182,0.9942156672477722,-0.3951748311519623,0,False
166,18.279096539132297,18.259999999999998,0.1999999999999993,338,2.525972871406729,2.0869286798618933,-1.0730247774144028,2.527468187924412,0.4255214035511017,-0.013503096465727489,-0.491234088958889,-0.011003096465727488,0.0,-0.0025,True,True,92,5.0,10,0.032,0.5,0.184,0.9970167875289917,-0.32603028416633606,0,False
167,18.479291867930442,18.459999999999997,0.1999999999999993,340,2.5444118105986813,2.0471751674803924,-1.204647919205185,2.54484910992308,0.4284476339817047,-0.01119046096492726,-0.5024245499238162,-0.00869046096492726,0.0,-0.0025,True,True,93,5.0,10,0.032,0.5,0.186,0.9973168969154358,-0.3221309781074524,0,False
168,18.579684500116855,18.56,0.10000000000000142,171,2.551542313741095,2.0265014303503572,-1.2788969262361338,2.551680009819265,0.4295976758003235,-0.005915449934570219,-0.5083399998583865,-0.0034154499345702186,0.0,-0.0025,True,True,94,5.0,10,0.012,0.5,0.188,0.9990670680999756,-0.4546242356300354,0,False
169,18.77945227222517,18.759999999999998,0.1999999999999993,339,2.5602694301543116,1.9832338373892706,-1.4552913815415935,2.5603242694432615,0.4310530126094818,-0.006822129794886224,-0.5151621296532728,-0.004322129794886225,0.0,-0.0025,True,True,95,5.0,10,0.012,0.5,0.19,0.9999692440032959,-0.2691939175128937,0,False
170,18.979420403018594,18.959999999999997,0.1999999999999993,340,2.5631534369694147,1.9394001266095016,-1.5611742659979526,2.563869738204325,0.43164992332458496,-0.0042727343735132995,-0.5194348640267861,-0.0017727343735132993,0.0,-0.0025,True,True,96,5.0,10,0.012,0.5,0.192,0.9999831318855286,-0.2491176277399063,0,False
171,19.079858945216984,19.06,0.10000000000000142,171,2.5628273758144227,1.9173181630333376,-1.6106224875713873,2.5641607537639235,0.43169891834259033,-0.00014550777922307126,-0.5195803718060091,-0.00014550777922307126,0.0,-0.0,False,False,96,5.0,10,0.032,0.5,0.192,0.9999833703041077,-0.2508705258369446,0,False
172,19.27959110820666,19.259999999999998,0.1999999999999993,338,2.559242972723843,1.8733315582755774,-1.6861998371121605,2.562375716718311,0.4313983917236328,-0.0016074814807274772,-0.5211878532867366,0.0008925185192725229,0.0,-0.0025,True,True,97,5.0,10,0.032,0.5,0.194,0.999988317489624,-0.15990516543388367,0,False
173,19.47988634603098,19.459999999999997,0.1999999999999993,336,2.5524699092806418,1.8297080065094549,-1.7711527806108145,2.5581443079977326,0.43068599700927734,-0.0003842956480871033,-0.5215721489348236,0.0021157043519128968,0.0,-0.0025,True,True,98,5.0,10,0.032,0.5,0.196,0.9998179078102112,-0.24597592651844025,0,False
174,19.58006280986592,19.56,0.10000000000000142,167,2.547538904571047,1.808181634227495,-1.8188519543208497,2.5547501885696717,0.4301145672798157,-0.0008029402926884729,-0.5223750892275121,0.0016970597073115272,0.0,-0.0025,True,True,99,5.0,10,0.012,0.5,0.198,0.9998414516448975,-0.19843176007270813,0,False
175,19.7800634810701,19.759999999999998,0.1999999999999993,332,2.5350903275689984,1.7658796929806166,-1.8983154866443994,2.5458781083707342,0.4286208748817444,0.0019360400819057786,-0.5204390491456063,0.004436040081905779,0.0,-0.0025,True,True,100,5.0,10,0.012,0.5,0.2,0.9953923225402832,-0.21970313787460327,0,False
176,19.980213339906186,19.959999999999997,0.1999999999999993,332,2.5191548309891907,1.725023730914333,-1.984449005532675,2.5341178226545216,0.42664092779159546,0.0033801428348259545,-0.5170589063107804,0.0058801428348259546,0.0,-0.0025,True,True,101,5.0,10,0.012,0.5,0.202,0.9835596680641174,-0.14639268815517426,0,False
177,20.080276755150408,20.06,0.10000000000000142,166,2.510188200352667,1.7052712414209577,-2.012245651759441,2.527431545454317,0.42551523447036743,0.003343138586866382,-0.513715767723914,0.003343138586866382,0.0,-0.0,False,False,101,5.0,10,0.032,0.5,0.202,0.9829573035240173,-0.1442013829946518,0,False
178,20.2800484970212,20.259999999999998,0.1999999999999993,334,2.4906921265121005,1.667125210126188,-2.077342202740317,2.5128375753840615,0.4230582118034363,0.004796985006237774,-0.5089187827176762,0.007296985006237775,0.0,-0.0025,True,True,102,5.0,10,0.032,0.5,0.204,0.964173436164856,-0.1707780659198761,0,False
179,20.48038857523352,20.459999999999997,0.1999999999999993,334,2.4697295011192844,1.6316965043580385,-2.1278966866993523,2.4970404223706266,0.42039862275123596,0.005398576475445761,-0.5035202062422305,0.007898576475445762,0.0,-0.0025,True,True,103,5.0,10,0.032,0.5,0.206,0.9159726500511169,-0.10303296148777008,0,False
180,20.580624798312783,20.56,0.10000000000000142,167,2.458771431448985,1.61445251360445,-2.1427156289916267,2.4888156924767078,0.4190139174461365,0.0016123649306779516,-0.5019078413115525,0.004112364930677952,0.0,-0.0025,True,True,104,5.0,10,0.012,0.5,0.208,0.9305206537246704,-0.0053973267786204815,0,False
181,20.78033968107775,20.759999999999998,0.1999999999999993,330,2.436559185246413,1.5798798153556008,-2.147811596427304,2.472513156602779,0.4162692427635193,0.005651267904692293,-0.49625657340686025,0.008151267904692294,0.0,-0.0025,True,True,105,5.0,10,0.012,0.5,0.21,0.9296318888664246,-0.1019766703248024,0,False
182,20.98068059887737,20.959999999999997,0.1999999999999993,332,2.413429126449025,1.5460777590236499,-2.1931611442041103,2.455745420673726,0.41344624757766724,0.005883867931333485,-0.49037270547552675,0.008383867931333486,0.0,-0.0025,True,True,106,5.0,10,0.012,0.5,0.212,0.927254319190979,-0.13744333386421204,0,False
183,21.080447966232896,21.06,0.10000000000000142,165,2.4012707624515417,1.529633619097207,-2.221352220870339,2.4469053805090266,0.4119579493999481,0.004420020064850115,-0.48595268541067665,0.004420020064850115,0.0,-0.0,False,False,106,5.0,10,0.032,0.5,0.212,0.9265156984329224,-0.1379508078098297,0,False
184,21.280772594269365,21.259999999999998,0.1999999999999993,331,2.376050092730898,1.4986010264316802,-2.2905003800945143,2.4283770358477583,0.40883854031562805,0.006764172293955867,-0.4791885131167208,0.009264172293955868,0.0,-0.0025,True,True,107,5.0,10,0.032,0.5,0.214,0.889472484588623,-0.1682194620370865,0,False
185,21.480733335018158,21.459999999999997,0.1999999999999993,331,2.3481188394147945,1.4689676792470039,-2.359759413182661,2.4074171889196787,0.4053097665309906,0.007979923422548186,-0.4712085896941726,0.010479923422548186,0.0,-0.0025,True,True,108,5.0,10,0.032,0.5,0.216,0.9367142915725708,-0.13564935326576233,0,False
186,21.580624871887267,21.56,0.10000000000000142,167,2.3332556722796345,1.4546620460314097,-2.4000932269788295,2.396137680733799,0.40341076254844666,0.003139754070611169,-0.46806883562356144,0.005639754070611169,0.0,-0.0025,True,True,109,5.0,10,0.012,0.5,0.218,0.8278828859329224,-0.5666799545288086,0,False
187,21.780970509164035,21.759999999999998,0.1999999999999993,333,2.3035228052979737,1.4331849859184527,-2.6227751717359182,2.3722345760749186,0.399386465549469,0.009451552282122203,-0.45861728334143925,0.011951552282122203,0.0,-0.0025,True,True,110,5.0,10,0.012,0.5,0.22,0.9026511907577515,0.05089016631245613,0,False
188,21.980799321085215,21.959999999999997,0.1999999999999993,334,2.2693530243467968,1.4137012741776385,-2.6166323277203234,2.343866400567315,0.3946104347705841,0.011684087697644778,-0.44693319564379447,0.014184087697644778,0.0,-0.0025,True,True,111,5.0,10,0.012,0.5,0.222,0.9562230110168457,-0.02004278264939785,0,False
189,22.080901156179607,22.06,0.10000000000000142,167,2.2511045114708605,1.403224976637715,-2.622313028976034,2.3288649379069173,0.3920848071575165,0.007500731300502362,-0.4394324643432921,0.007500731300502362,0.0,-0.0,False,False,111,5.0,10,0.032,0.5,0.222,0.9571895003318787,-0.022673850879073143,0,False
190,22.280917176045477,22.259999999999998,0.1999999999999993,335,2.214725923516742,1.3827605271954875,-2.6384460814950117,2.2991293078993777,0.38707855343818665,0.012367814944905811,-0.4270646493983863,0.014867814944905812,0.0,-0.0025,True,True,112,5.0,10,0.032,0.5,0.224,0.9447095990180969,-0.04914132505655289,0,False
191,22.482097206171602,22.459999999999997,0.2010000000000005,337,2.178234436207324,1.3633398805089094,-2.670707967633413,2.2693703116790243,0.38206836581230164,0.012379498051266534,-0.41468515134711975,0.014879498051266534,0.0,-0.0025,True,True,113,5.0,10,0.032,0.5,0.226,0.9346752166748047,-0.09152966737747192,0,False
192,22.682490594219416,22.66,0.1999999999999993,336,2.1416354955527193,1.3456054987310078,-2.7114160259350357,2.2393826097999106,0.3770196735858917,0.012493850880193898,-0.40219130046692586,0.014993850880193898,0.0,-0.0025,True,True,114,5.0,10,0.032,0.5,0.228,0.9159817099571228,-0.10321654379367828,0,False
193,22.882246166002005,22.86,0.1999999999999993,336,2.104003580001262,1.3292275436389576,-2.7497401534816905,2.2083402420424,0.3717934191226959,0.013021183817304483,-0.38917011664962137,0.015521183817304484,0.0,-0.0025,True,True,115,5.0,10,0.032,0.5,0.23,0.9376354813575745,-0.08924746513366699,0,False
194,22.982307731173933,22.959999999999997,0.10000000000000142,168,2.0853335467637,1.321687353942149,-2.762495825142076,2.192880305963901,0.36919060349464417,0.005229968008645397,-0.383940148640976,0.007729968008645396,0.0,-0.0025,True,True,116,5.0,10,0.012,0.5,0.232,0.8723020553588867,-0.05787011981010437,0,False
195,23.182578469160944,23.16,0.1999999999999993,336,2.0489005078151594,1.3075930800301483,-2.7807006902366336,2.1627345281147625,0.36411529779434204,0.012572888864893383,-0.3713672597760826,0.015072888864893384,0.0,-0.0025,True,True,117,5.0,10,0.012,0.5,0.234,0.9565558433532715,0.018470846116542816,0,False
196,23.38372321985662,23.36,0.2010000000000005,341,2.009445746258847,1.2925475375959483,-2.7824298546234023,2.130342938583982,0.3586618900299072,0.013695794701268716,-0.3576714650748139,0.016195794701268716,0.0,-0.0025,True,True,118,5.0,10,0.012,0.5,0.236,0.97967529296875,-0.1663009226322174,0,False
197,23.583668331149966,23.56,0.1999999999999993,338,1.9688207281395846,1.2789753000900863,-2.850275474487534,2.096695415114425,0.3529970347881317,0.014323761668170546,-0.34334770340664333,0.016823761668170546,0.0,-0.0025,True,True,119,5.0,10,0.012,0.5,0.238,0.9369573593139648,-0.09490443766117096,0,False
198,23.68361714715138,23.66,0.10000000000000142,167,1.9489855099662126,1.2731949303680379,-2.8675240306157774,2.080093720909766,0.3502019941806793,0.008300847069465263,-0.33504685633717807,0.008300847069465263,0.0,-0.0,False,False,119,5.0,10,0.032,0.5,0.238,0.9386250376701355,-0.07651049643754959,0,False
199,23.884097963105887,23.86,0.1999999999999993,333,1.9078961680722824,1.2622429912275885,-2.89007912711522,2.0455690793758485,0.3443894684314728,0.014762320698614486,-0.32028453563856357,0.017262320698614487,0.0,-0.0025,True,True,120,5.0,10,0.032,0.5,0.24,0.9781860709190369,-0.04069889709353447,0,False
200,24.083864626009017,24.06,0.1999999999999993,333,1.8674217483582567,1.252144930555416,-2.8993483265996693,2.0116041648488956,0.33867117762565613,0.014482457196240318,-0.30580207844232327,0.01698245719624032,0.0,-0.0025,True,True,121,5.0,10,0.032,0.5,0.242,0.9390186667442322,-0.01221673097461462,0,False
201,24.184132519178092,24.16,0.10000000000000142,167,1.8470233292705904,1.2471438449739518,-2.9021867427305117,1.9945645311707292,0.3358024060726166,0.006019816805351944,-0.2997822616369713,0.008519816805351944,0.0,-0.0025,True,True,122,5.0,10,0.012,0.5,0.244,0.9777784943580627,-0.017206761986017227,0,False
202,24.383924291003495,24.36,0.1999999999999993,335,1.8053848759225237,1.237144117085738,-2.9061415275314766,1.959939698148532,0.3299730122089386,0.014812416442556096,-0.2849698451944152,0.017312416442556097,0.0,-0.0025,True,True,123,5.0,10,0.012,0.5,0.246,0.9754756093025208,0.04126739129424095,0,False
203,24.48518100520596,24.459999999999997,0.10099999999999909,171,1.7845587223943027,1.232011061427849,-2.897507536174968,1.942796155630047,0.32708674669265747,0.008571771225305511,-0.2763980739691097,0.008571771225305511,0.0,-0.0,False,False,123,5.0,10,0.032,0.5,0.246,0.9766700863838196,0.0273788683116436,0,False
204,24.584975081961602,24.56,0.10000000000000142,167,1.7635917822588478,1.2267293482019175,-2.896615971142775,1.9256696067208814,0.32420334219932556,0.006063274420679509,-0.2703347995484302,0.00856327442067951,0.0,-0.0025,True,True,124,5.0,10,0.012,0.5,0.248,0.9995012879371643,-0.1090356782078743,0,False
205,24.686197757255286,24.66,0.10099999999999909,170,1.742141972662415,1.2216981942306817,-2.92054007023164,1.9080913110306368,0.32124388217926025,0.00878914781032472,-0.2615456517381055,0.00878914781032472,0.0,-0.0,False,False,124,5.0,10,0.032,0.5,0.248,0.9995126724243164,-0.09860119223594666,0,False
206,24.886177788022906,24.86,0.1999999999999993,335,1.7005646872320423,1.2136587878587508,-2.990617072954699,1.8735668465134834,0.3154313862323761,0.01476223219023288,-0.24678341954787264,0.01726223219023288,0.0,-0.0025,True,True,125,5.0,10,0.032,0.5,0.25,0.9396440386772156,-0.18719276785850525,0,False
207,24.986620519310236,24.959999999999997,0.10000000000000142,167,1.6795011928198509,1.210869113312211,-3.0302996398888156,1.8556539891397592,0.31241559982299805,0.00645642865140221,-0.24032699089647042,0.00895642865140221,0.0,-0.0025,True,True,126,5.0,10,0.012,0.5,0.252,0.9980105757713318,-0.18676318228244781,0,False
208,25.186398481950164,25.16,0.1999999999999993,331,1.6356314721187706,1.2075761478780118,-3.0979858595045218,1.8174778458032947,0.3059883117675781,0.016588071592659633,-0.2237389193038108,0.01908807159265963,0.0,-0.0025,True,True,127,5.0,10,0.012,0.5,0.254,0.9162161350250244,0.13517418503761292,0,False
209,25.38782057026401,25.36,0.1999999999999993,336,1.594881828479871,1.2046824821329372,-3.050296217919873,1.782183535380611,0.3000462055206299,0.015147155141474066,-0.2085917641623367,0.017647155141474066,0.0,-0.0025,True,True,128,5.0,10,0.012,0.5,0.256,0.998518705368042,-0.054828327149152756,0,False
210,25.487866994924843,25.459999999999997,0.10000000000000142,167,1.5729660373463321,1.2028870684547661,-3.0656952881481563,1.7634089604009726,0.29688534140586853,0.009387287452653497,-0.19920447670968322,0.009387287452653497,0.0,-0.0,False,False,128,5.0,10,0.032,0.5,0.256,0.9985364675521851,-0.051605746150016785,0,False
211,25.687612406909466,25.66,0.1999999999999993,334,1.5290962206110783,1.199993054728477,-3.087022816263013,1.7257305882041611,0.2905418574810028,0.01633918602381851,-0.1828652906858647,0.01883918602381851,0.0,-0.0025,True,True,129,5.0,10,0.032,0.5,0.258,0.9983715415000916,-0.05303550511598587,0,False
212,25.887860596179962,25.86,0.1999999999999993,334,1.4850494891581614,1.1985683076613862,-3.141443605649569,1.6875025789559193,0.2841058373451233,0.01661400454844567,-0.16625128613741905,0.019114004548445668,0.0,-0.0025,True,True,130,5.0,10,0.032,0.5,0.26,0.9998754262924194,-0.16529452800750732,0,False
213,25.987850381061435,25.959999999999997,0.10000000000000142,166,1.4630235669837641,1.198938649864738,3.110125249911917,1.6679739125627238,0.28081801533699036,0.00726433315793926,-0.1589869529794798,0.00976433315793926,0.0,-0.0025,True,True,131,5.0,10,0.012,0.5,0.262,0.9976584911346436,-0.0875532478094101,0,False
214,26.18825432797894,26.16,0.1999999999999993,331,1.4193844650756142,1.2009739769082135,3.076335900381893,1.62883231979679,0.27422818541526794,0.017070796305483103,-0.14191615667399668,0.019570796305483102,0.0,-0.0025,True,True,132,5.0,10,0.012,0.5,0.264,0.9674357175827026,-0.09048782289028168,0,False
215,26.38830702798441,26.36,0.1999999999999993,332,1.3770629488191086,1.204499696071438,3.0459302425651877,1.590321614776846,0.2677445709705353,0.016755352433737124,-0.12516080424025955,0.019255352433737122,0.0,-0.0025,True,True,133,5.0,10,0.012,0.5,0.266,0.9141508340835571,0.1051235944032669,0,False
216,26.487942186184227,26.459999999999997,0.10000000000000142,166,1.3569542093971767,1.2061474594988653,3.0691827839335373,1.5721088910053365,0.26467829942703247,0.009106361849701273,-0.11605444239055827,0.009106361849701273,0.0,-0.0,False,False,133,5.0,10,0.032,0.5,0.266,0.9296537041664124,0.06254508346319199,0,False
217,26.58920222101733,26.56,0.10099999999999909,169,1.336711886792802,1.2075218001988286,3.0763961342050528,1.553969275157254,0.2616243362426758,0.006569807888132459,-0.10948463450242582,0.009069807888132459,0.0,-0.0025,True,True,134,5.0,10,0.012,0.5,0.268,0.9896680116653442,-0.46388423442840576,0,False
218,26.690211426932365,26.66,0.10099999999999909,169,1.3156686966474125,1.2097144014314463,2.990207276396123,1.5347753474643018,0.258392870426178,0.009596963808480276,-0.09988767069394555,0.009596963808480276,0.0,-0.0,False,False,134,5.0,10,0.032,0.5,0.268,0.9857452511787415,-0.41892966628074646,0,False
219,26.790446440223604,26.759999999999998,0.10000000000000142,166,1.294398673326026,1.2137888598863626,2.916257442971324,1.5144623197909488,0.25497299432754517,0.00765651379646529,-0.09223115689748027,0.01015651379646529,0.0,-0.0025,True,True,135,5.0,10,0.012,0.5,0.27,0.9380768537521362,-0.15549050271511078,0,False
220,26.99028655188158,26.959999999999997,0.1999999999999993,331,1.2551915147280084,1.2237870541916134,2.8601399957101976,1.4758090277678078,0.2484653741121292,0.016826645935053373,-0.0754045109624269,0.01932664593505337,0.0,-0.0025,True,True,136,5.0,10,0.012,0.5,0.272,0.6771582365036011,-0.4062710702419281,0,False
221,27.09035468706861,27.06,0.10000000000000142,166,1.240374848220877,1.2286136952319278,2.7850443906988556,1.4606732978921089,0.24591714143753052,0.007567864907887108,-0.06783664605453979,0.007567864907887108,0.0,-0.0,False,False,136,5.0,10,0.032,0.5,0.272,0.6547143459320068,-0.3284812569618225,0,False
222,27.29205249203369,27.279999999999998,0.20099999999999696,334,1.2058847830697348,1.2441460763878964,2.675943735407335,1.4231912372862914,0.23960670828819275,0.016241030228710138,-0.05159561582582965,0.018741030228710136,0.0,-0.0025,True,True,137,5.0,10,0.036,0.5,0.274,0.828109860420227,-0.14320537447929382,0,False
223,27.391594951972365,27.38,0.10000000000000142,166,1.1916112279636109,1.251584359701172,2.64329580366796,1.4096856547879273,0.23733292520046234,0.004252791222446709,-0.047342824603382946,0.006752791222446709,0.0,-0.0025,True,True,138,5.0,10,0.012,0.5,0.276,0.413799524307251,-0.05098942294716835,0,False
224,27.491738806013018,27.48,0.10000000000000142,167,1.183265457575828,1.2562658570409324,2.6282844772664737,1.3993543368970518,0.23559355735778809,0.00516565892498611,-0.042177165678396834,0.00516565892498611,0.0,-0.0,False,False,138,5.0,10,0.032,0.5,0.276,0.4027329981327057,-0.03001396171748638,0,False
225,27.691669227089733,27.68,0.1999999999999993,330,1.1572221626558588,1.2711625533712765,2.6319564186187487,1.3715137598537925,0.23090635240077972,0.011420288466517076,-0.03075687721187976,0.013920288466517076,0.0,-0.0025,True,True,139,5.0,10,0.032,0.5,0.278,0.8907697200775146,0.12316018342971802,0,False
226,27.891760546248406,27.88,0.1999999999999993,333,1.1237891638611641,1.2904453519333408,2.5594114303934474,1.3326857522848343,0.22436931729316711,0.01691400370761609,-0.013842873504263668,0.01941400370761609,0.0,-0.0025,True,True,140,5.0,10,0.032,0.5,0.28,0.8061814308166504,-0.3145020604133606,0,False
227,27.992267167195678,27.98,0.10000000000000142,167,1.10867926404864,1.301160356130087,2.472717396591136,1.3105520186879744,0.22064290940761566,0.00856686675461452,-0.005276006749649148,0.01106686675461452,0.0,-0.0025,True,True,141,5.0,10,0.016,0.5,0.282,0.8390916585922241,-0.5728638172149658,0,False
228,28.1922633680515,28.18,0.1999999999999993,335,1.0840541700732076,1.3257331393321907,2.2321600898707885,1.2766398551566178,0.21493349969387054,0.014456081698546583,0.009180074948897434,0.016956081698546583,0.0,-0.0025,True,True,142,5.0,10,0.016,0.5,0.284,0.12559857964515686,-0.9995386004447937,0,False
229,28.39195170113817,28.38,0.1999999999999993,337,1.0758614169329157,1.3399234126074298,1.9110829537296843,1.2639804127889582,0.21280217170715332,0.0038297211587694593,0.013009796107666893,0.006329721158769459,0.0,-0.0025,True,True,143,5.0,10,0.012,0.5,0.286,0.999577522277832,-0.4765307605266571,0,False
230,28.492293112911284,28.48,0.10000000000000142,168,1.071942397208077,1.3556081847856796,1.7318330144848004,1.2507203525419093,0.21056972444057465,0.006630030097275173,0.019639826204942066,0.006630030097275173,0.0,-0.0,False,False,143,5.0,10,0.036,0.5,0.286,0.999250054359436,-0.5871543884277344,0,False
231,28.69213344529271,28.68,0.1999999999999993,337,1.0720318730935579,1.3961623474839524,1.3829693032447647,1.2317909764023751,0.20738279819488525,0.006964688032294929,0.026604514237236997,0.00946468803229493,0.0,-0.0025,True,True,144,5.0,10,0.032,0.5,0.288,0.9234229922294617,-0.9622970223426819,0,False
232,28.89258581120521,28.88,0.1999999999999993,335,1.0873412302647987,1.4343894705075386,0.9968065034205326,1.2256533626614006,0.2063494771718979,0.0005688068583373962,0.027173321095574392,0.0030688068583373963,0.0,-0.0025,True,True,145,5.0,10,0.036,0.5,0.29,0.9474767446517944,-0.991008460521698,0,False
233,28.99262399598956,28.98,0.10000000000000142,168,1.1001713855443926,1.4507264588703606,0.8286298378178134,1.2296659786619892,0.20702503621578217,-0.004506307992351051,0.02266701310322334,-0.0020063079923510517,0.0,-0.0025,True,True,146,5.0,10,0.016,0.5,0.292,0.9987741708755493,-0.5000573992729187,0,False
234,29.192259680014104,29.18,0.1999999999999993,336,1.1328580266188952,1.4799241437893709,0.6090620237986448,1.244395278048128,0.2095048427581787,-0.009864649663911604,0.012802363439311735,-0.007364649663911604,0.0,-0.0025,True,True,147,5.0,10,0.012,0.5,0.294,0.9728100895881653,-0.7028034925460815,0,False
235,29.392863174900413,29.38,0.1999999999999993,332,1.1709313162190689,1.4990990259420363,0.33489338991420226,1.2735705614900301,0.2144167572259903,-0.017087641663196353,-0.0042852782238846174,-0.014587641663196352,0.0,-0.0025,True,True,148,5.0,10,0.016,0.5,0.296,0.994120180606842,-0.15573015809059143,0,False
236,29.492898100055754,29.48,0.10000000000000142,166,1.1916852395397322,1.5060593721298385,0.3084485034434445,1.289996566556672,0.2171822190284729,-0.008213002500804378,-0.012498280724688995,-0.008213002500804378,0.0,-0.0,False,False,148,5.0,10,0.036,0.5,0.296,0.9939121007919312,-0.15798689424991608,0,False
237,29.594149603974074,29.58,0.10099999999999909,168,1.2122451946713089,1.512278617687903,0.2951495553058341,1.3066792459307448,0.21999089419841766,-0.01084133965401179,-0.023339620378700784,-0.008341339654011789,0.0,-0.0025,True,True,149,5.0,10,0.016,0.5,0.298,0.9998655319213867,0.1891026794910431,0,False
238,29.793664209078997,29.779999999999998,0.1999999999999993,333,1.2538949096282301,1.5270492467414793,0.38116701581555984,1.3401249702896316,0.2256217747926712,-0.019222862113235036,-0.042562482491935824,-0.016722862113235037,0.0,-0.0025,True,True,150,5.0,10,0.016,0.5,0.3,0.9997323751449585,0.19415932893753052,0,False
239,29.893630533944815,29.88,0.10000000000000142,165,1.2741008099782098,1.5355746801164074,0.419805115227169,1.3561061322289802,0.22831234335899353,-0.007990580938038377,-0.050553063429974204,-0.007990580938038377,0.0,-0.0,False,False,150,5.0,10,0.036,0.5,0.3,0.9997362494468689,0.1956426501274109,0,False
240,30.094168540090322,30.08,0.1999999999999993,332,1.313799237111441,1.5542239853053925,0.44896716695260597,1.3873661420975163,0.233575239777565,-0.018130004872386443,-0.06868306830236065,-0.015630004872386444,0.0,-0.0025,True,True,151,5.0,10,0.036,0.5,0.302,0.999558687210083,0.03526134788990021,0,False
241,30.29395737219602,30.279999999999998,0.1999999999999993,336,1.3527878010619088,1.5741313914336696,0.5067914127404565,1.4182379542031578,0.23877277970314026,-0.01793590599170763,-0.08661897429406828,-0.01543590599170763,0.0,-0.0025,True,True,152,5.0,10,0.036,0.5,0.304,0.9999494552612305,0.184760183095932,0,False
242,30.394049457274377,30.38,0.10000000000000142,166,1.3717360016758333,1.5851396217142613,0.5433011542878199,1.433097626435795,0.24127453565597534,-0.009929836086902784,-0.09654881038097107,-0.007429836086902785,0.0,-0.0025,True,True,153,5.0,10,0.016,0.5,0.306,0.9999149441719055,0.1739073246717453,0,False
243,30.59439337393269,30.58,0.1999999999999993,334,1.4084354454249186,1.6090442612400189,0.6026797494009014,1.461689728149537,0.24608826637268066,-0.016796050800270655,-0.11334486118124174,-0.014296050800270656,0.0,-0.0025,True,True,154,5.0,10,0.016,0.5,0.308,0.9998817443847656,0.07592959702014923,0,False
244,30.794605363160372,30.779999999999998,0.1999999999999993,332,1.444175639018612,1.634453322982376,0.6425180684843906,1.4897206867222048,0.250807523727417,-0.016515479230844524,-0.12986034041208627,-0.014015479230844525,0.0,-0.0025,True,True,155,5.0,10,0.016,0.5,0.31,0.9998586177825928,0.159798264503479,0,False
245,30.894194210879505,30.88,0.10000000000000142,166,1.4615233289973262,1.6478824951593762,0.673637767998966,1.5033419496756768,0.25310078263282776,-0.006810631449771662,-0.13667097186185795,-0.006810631449771662,0.0,-0.0,False,False,155,5.0,10,0.036,0.5,0.31,0.9998445510864258,0.15962673723697662,0,False
246,30.995674644131213,30.98,0.10099999999999909,167,1.4784246592287573,1.6617988565778021,0.6984154082277518,1.5166144896045697,0.25533533096313477,-0.00913626993817243,-0.14580724180003038,-0.00663626993817243,0.0,-0.0025,True,True,156,5.0,10,0.016,0.5,0.312,0.999661922454834,0.09256899356842041,0,False
247,31.09564348915592,31.08,0.10000000000000142,166,1.4951206239863537,1.676070920777281,0.7176892248354306,1.5298089651406508,0.2575567364692688,-0.006597237741921078,-0.15240447954195147,-0.006597237741921078,0.0,-0.0,False,False,156,5.0,10,0.036,0.5,0.312,0.9996563196182251,0.09361789375543594,0,False
248,31.295502581167966,31.279999999999998,0.1999999999999993,331,1.5278396420254028,1.7053639818221786,0.7409883639886381,1.5559897444986481,0.26196449995040894,-0.015590389627171812,-0.1679948691691233,-0.013090389627171812,0.0,-0.0025,True,True,157,5.0,10,0.036,0.5,0.314,0.998286783695221,0.05143759027123451,0,False
249,31.49585022823885,31.48,0.1999999999999993,333,1.560138347485891,1.7351124768986201,0.7448703821016074,1.5824654337850457,0.266421914100647,-0.015737844590788114,-0.1837327137599114,-0.013237844590788115,0.0,-0.0025,True,True,158,5.0,10,0.036,0.5,0.316,0.997416615486145,-9.991228580474854e-06,0,False
250,31.59571487409994,31.58,0.10000000000000142,166,1.576173154966659,1.749997411336556,0.7629955801496219,1.595876931873479,0.2686798572540283,-0.009205749017667526,-0.19293846277757892,-0.006705749017667526,0.0,-0.0025,True,True,159,5.0,10,0.016,0.5,0.318,0.9986996054649353,0.1109880581498146,0,False
251,31.795829514041543,31.779999999999998,0.1999999999999993,335,1.6072036753877634,1.780945788617687,0.8102678126517622,1.6220630217343885,0.2730885148048401,-0.015593044878617452,-0.20853150765619638,-0.013093044878617451,0.0,-0.0025,True,True,160,5.0,10,0.016,0.5,0.32,0.9986663460731506,0.16040857136249542,0,False
252,31.895900757983327,31.88,0.10000000000000142,169,1.6220266010617415,1.7970623267580368,0.8428897700840569,1.6346724568662898,0.2752114236354828,-0.006304717540989292,-0.21483622519718568,-0.006304717540989292,0.0,-0.0,False,False,160,5.0,10,0.036,0.5,0.32,0.998576283454895,0.16428682208061218,0,False
253,32.09588536899537,32.080000000000005,0.19999999999999574,338,1.650320283364307,1.8301832419244803,0.8801087524343504,1.6590342119600356,0.27931293845176697,-0.014680877498646955,-0.22951710269583264,-0.012180877498646955,0.0,-0.0025,True,True,161,5.0,10,0.036,0.5,0.322,0.9900128245353699,0.07867549359798431,0,False
254,32.19610920222476,32.18,0.10000000000000142,167,1.6640644489462495,1.8470483048291497,0.8964368906068853,1.671078963615588,0.2813407778739929,-0.008522375803932697,-0.23803947849976534,-0.006022375803932696,0.0,-0.0025,True,True,162,5.0,10,0.016,0.5,0.324,0.9902776479721069,0.09021465480327606,0,False
255,32.29595671920106,32.28,0.10000000000000142,167,1.6775043686089544,1.8641581715586388,0.9140912765401777,1.6829955551341884,0.2833470404148102,-0.005958295735710375,-0.24399777423547572,-0.005958295735710375,0.0,-0.0,False,False,162,5.0,10,0.036,0.5,0.324,0.9900742173194885,0.09318089485168457,0,False
256,32.39574730489403,32.38,0.10000000000000142,167,1.6907288646457583,1.881541987109401,0.919582041619376,1.6948735569982925,0.2853468060493469,-0.008439000908538604,-0.2524367751440143,-0.005939000908538604,0.0,-0.0025,True,True,163,5.0,10,0.016,0.5,0.326,0.9947240352630615,0.011056210845708847,0,False
257,32.596383600030094,32.580000000000005,0.19999999999999574,336,1.7171549958923473,1.9164037096008146,0.9215007121029754,1.7191885796664093,0.28944045305252075,-0.014657511285924952,-0.26709428642993926,-0.012157511285924951,0.0,-0.0025,True,True,164,5.0,10,0.016,0.5,0.328,0.9916677474975586,-0.026977652683854103,0,False
258,32.69633818604052,32.68,0.10000000000000142,167,1.7304134174922454,1.9337456616191797,0.9155749020899429,1.7316813607510022,0.29154372215270996,-0.006246390517566059,-0.2733406769475053,-0.006246390517566059,0.0,-0.0,False,False,164,5.0,10,0.036,0.5,0.328,0.992099404335022,-0.03372499719262123,0,False
259,32.796516980044544,32.78,0.10000000000000142,168,1.7437158206698764,1.9508877165170362,0.9032343180102645,1.7444072729134483,0.29368624091148376,-0.008862956056031141,-0.28220363300353646,-0.006362956056031141,0.0,-0.0025,True,True,165,5.0,10,0.016,0.5,0.33,0.9818996787071228,-0.08386465162038803,0,False
260,32.8965237243101,32.88,0.10000000000000142,168,1.7572504145762877,1.9677561403368853,0.8864364881458943,1.7575461651857132,0.29589828848838806,-0.006569446110122974,-0.28877307911365946,-0.006569446110122974,0.0,-0.0,False,False,165,5.0,10,0.036,0.5,0.33,0.9827398657798767,-0.08976852148771286,0,False
261,33.09622215805575,33.080000000000005,0.19999999999999574,338,1.7854120422807347,2.0006327105722623,0.8347244193701486,1.78541214413457,0.30058977007865906,-0.016432989419265607,-0.3052060685329251,-0.013932989419265608,0.0,-0.0025,True,True,166,5.0,10,0.036,0.5,0.332,0.983147919178009,-0.1507529765367508,0,False
262,33.196653079241514,33.18,0.10000000000000142,167,1.7998537387639768,2.0161213063938983,0.8058922060212441,1.7999259256108482,0.3030332922935486,-0.009756890709407924,-0.31496295924233303,-0.007256890709407923,0.0,-0.0025,True,True,167,5.0,10,0.016,0.5,0.334,0.9423659443855286,-0.20218780636787415,0,False
263,33.296288426965475,33.28,0.10000000000000142,168,1.8146070695843295,2.030820928875821,0.7623826651580381,1.814868795722446,0.3055490553379059,-0.007471435026218391,-0.3224343942685514,-0.007471435026218391,0.0,-0.0,False,False,167,5.0,10,0.036,0.5,0.334,0.9457322359085083,-0.22440090775489807,0,False
264,33.39684123825282,33.38,0.10000000000000142,168,1.8303972967597406,2.0452500396850777,0.717163044954236,1.8309566102619514,0.3082575798034668,-0.01054390723790562,-0.332978301506457,-0.00804390723790562,0.0,-0.0025,True,True,168,5.0,10,0.016,0.5,0.336,0.9861430525779724,-0.25406476855278015,0,False
265,33.59672293905169,33.580000000000005,0.19999999999999574,337,1.864724264116428,2.072189350473182,0.6143112788434845,1.8661211673968094,0.31417784094810486,-0.020082278497818063,-0.3530605800042751,-0.017582278497818064,0.0,-0.0025,True,True,169,5.0,10,0.016,0.5,0.338,0.991680383682251,-0.2681797444820404,0,False
266,33.69639805704355,33.68,0.10000000000000142,167,1.8829342646077423,2.0842879196645887,0.547249865043106,1.884819802184801,0.3173259198665619,-0.009349317356980424,-0.3624098973612555,-0.009349317356980424,0.0,-0.0,False,False,169,5.0,10,0.036,0.5,0.338,0.9840608835220337,-0.5249347686767578,0,False
267,33.79709058627486,33.78,0.10000000000000142,169,1.9018291750602367,2.0946222377454085,0.45910594147835015,1.9041815417697843,0.3205856382846832,-0.012180869754163562,-0.37459076711541905,-0.009680869754163561,0.0,-0.0025,True,True,170,5.0,10,0.016,0.5,0.34,0.9442355632781982,-0.696948766708374,0,False
268,33.89689037296921,33.88,0.10000000000000142,167,1.921308408393564,2.102575870552251,0.3076271860740676,1.9240445928296954,0.3239297568798065,-0.009931525490635145,-0.3845222926060542,-0.009931525490635145,0.0,-0.0,False,False,170,5.0,10,0.036,0.5,0.34,0.9380890727043152,-0.823919415473938,0,False
269,34.09766086610034,34.080000000000005,0.2010000000000005,339,1.9620593659970356,2.11084871615467,0.12088927725390711,1.96518806817683,0.3308566212654114,-0.023071737592120573,-0.40759403019817475,-0.020571737592120574,0.0,-0.0025,True,True,171,5.0,10,0.036,0.5,0.342,0.9138836860656738,-0.44847947359085083,0,False
270,34.29743696888909,34.28,0.19999999999999574,335,2.0052857501085017,2.112288628490185,-0.045887644527596104,2.0084272449899507,0.33813631534576416,-0.024119588320965155,-0.4317136185191399,-0.021619588320965156,0.0,-0.0025,True,True,172,5.0,10,0.036,0.5,0.344,0.9910458922386169,-0.34809982776641846,0,False
271,34.39776592096314,34.38,0.10000000000000142,169,2.026916834600004,2.1105197706356957,-0.11833137426798848,2.02992770111451,0.34175610542297363,-0.013250228019717744,-0.4449638465388577,-0.010750228019717744,0.0,-0.0025,True,True,173,5.0,10,0.016,0.5,0.346,0.9974328875541687,-0.30798760056495667,0,False
272,34.49774688621983,34.480000000000004,0.10000000000000142,168,2.0488789676302757,2.107296250333656,-0.17696918221007935,2.0516864246973743,0.34541937708854675,-0.010879361748359169,-0.45584320828721686,-0.010879361748359169,0.0,-0.0,False,False,173,5.0,10,0.036,0.5,0.346,0.9973852038383484,-0.31180450320243835,0,False
273,34.59782910114154,34.580000000000005,0.10000000000000142,168,2.0710009443385555,2.102624893470745,-0.2446395081108986,2.0735421534667715,0.34909898042678833,-0.013427864341433527,-0.46927107262865037,-0.010927864341433526,0.0,-0.0025,True,True,174,5.0,10,0.016,0.5,0.348,0.9877753257751465,-0.4294806122779846,0,False
274,34.79789003031328,34.78,0.19999999999999574,338,2.1118145670050508,2.0885116576631866,-0.40939196481396967,2.113668667506187,0.3558546304702759,-0.02256325694027417,-0.49183432956892453,-0.020063256940274173,0.0,-0.0025,True,True,175,5.0,10,0.016,0.5,0.35,0.9988380670547485,-0.2679814398288727,0,False
275,34.89798115519807,34.88,0.10000000000000142,169,2.1318518539931803,2.07923721068196,-0.4625682568208245,2.1333239008854603,0.359163761138916,-0.00982761665072768,-0.5016619462196522,-0.00982761665072768,0.0,-0.0,False,False,175,5.0,10,0.036,0.5,0.35,0.9989263415336609,-0.27401241660118103,0,False
276,34.99763084296137,34.980000000000004,0.10000000000000142,169,2.15136369731352,2.068926847534132,-0.5048315400683742,2.1524675558175086,0.3623867630958557,-0.01207182742812781,-0.5137337736477801,-0.009571827428127809,0.0,-0.0025,True,True,176,5.0,10,0.016,0.5,0.352,0.9999727606773376,-0.17522332072257996,0,False
277,35.09807165386155,35.080000000000005,0.10000000000000142,169,2.1704907860424765,2.057930490621005,-0.5400044189830506,2.1712637268423243,0.36555126309394836,-0.009398085475199379,-0.5231318591229794,-0.009398085475199379,0.0,-0.0,False,False,176,5.0,10,0.036,0.5,0.352,0.9999718070030212,-0.1658393293619156,0,False
278,35.29817633423954,35.28,0.19999999999999574,333,2.207411495859064,2.03372569973806,-0.6260213369344271,2.20766917149104,0.37168043851852417,-0.020702722252290567,-0.54383458137527,-0.018202722252290568,0.0,-0.0025,True,True,177,5.0,10,0.036,0.5,0.354,0.9998431205749512,-0.23921871185302734,0,False
279,35.39830826688558,35.38,0.10000000000000142,166,2.2250028459466553,2.0203958778762248,-0.6647541201876498,2.225096294865046,0.3746144473552704,-0.011213561652504554,-0.5550481430277745,-0.008713561652504554,0.0,-0.0025,True,True,178,5.0,10,0.016,0.5,0.356,0.999861478805542,-0.15777091681957245,0,False
280,35.49825594294816,35.480000000000004,0.10000000000000142,168,2.2421538645163817,2.006525408015782,-0.6970945697633795,2.2421633661415927,0.37748783826828003,-0.00853353560448784,-0.5635816786322624,-0.00853353560448784,0.0,-0.0,False,False,178,5.0,10,0.036,0.5,0.356,0.9998622536659241,-0.15539924800395966,0,False
281,35.59796260111034,35.580000000000005,0.10000000000000142,168,2.258854318001604,1.9921173950687399,-0.7292781541228666,2.258868084102752,0.38030022382736206,-0.010852358947511354,-0.5744340375797737,-0.008352358947511353,0.0,-0.0025,True,True,179,5.0,10,0.016,0.5,0.358,0.9998111724853516,-0.17109288275241852,0,False
282,35.798276057932526,35.78,0.19999999999999574,338,2.2907327245510696,1.9616308655508536,-0.7965191681929262,2.2910539801540604,0.3857190012931824,-0.01859294796193975,-0.5930269855417135,-0.01609294796193975,0.0,-0.0025,True,True,180,5.0,10,0.016,0.5,0.36,0.9997208714485168,-0.16031616926193237,0,False
283,35.89806279493496,35.88,0.10000000000000142,166,2.305904011943954,1.9456212098514978,-0.8286840661075185,2.306545071182979,0.38832706212997437,-0.007745545483793472,-0.600772531025507,-0.007745545483793472,0.0,-0.0,False,False,180,5.0,10,0.036,0.5,0.36,0.9997168183326721,-0.15916070342063904,0,False
284,35.99817683920264,35.980000000000004,0.10000000000000142,168,2.3205486016037606,1.9291123141792448,-0.8653497143453791,2.321631147856447,0.3908669352531433,-0.010043038306870042,-0.610815569332377,-0.007543038306870043,0.0,-0.0025,True,True,181,5.0,10,0.016,0.5,0.362,0.9999580979347229,-0.20176994800567627,0,False
285,36.098429962061346,36.080000000000005,0.10000000000000142,169,2.3345211117210445,1.912021313114287,-0.9053547411297738,2.336178385501073,0.3933160901069641,-0.007273618793515661,-0.6180891881258926,-0.007273618793515661,0.0,-0.0,False,False,181,5.0,10,0.036,0.5,0.362,0.9999586343765259,-0.20087365806102753,0,False
286,36.2986091109924,36.28,0.19999999999999574,338,2.3603854676427494,1.8762561608658603,-0.9836691075858847,2.3636269589210173,0.3979372978210449,-0.0162242866556355,-0.6343134747815281,-0.013724286655635501,0.0,-0.0025,True,True,182,5.0,10,0.036,0.5,0.364,0.9999863505363464,-0.19407640397548676,0,False
287,36.39869285514578,36.38,0.10000000000000142,167,2.3722653055631837,1.8576581598608288,-1.021036979918477,2.3765318350316105,0.4001099467277527,-0.008952438029750414,-0.6432659128112785,-0.006452438029750414,0.0,-0.0025,True,True,183,5.0,10,0.016,0.5,0.366,0.9998026490211487,-0.18437674641609192,0,False
288,36.49879177985713,36.480000000000004,0.10000000000000142,168,2.3834548259566355,1.8386387275784786,-1.0580753432964558,2.388910794337115,0.4021940529346466,-0.006189479628247085,-0.6494553924395257,-0.006189479628247085,0.0,-0.0,False,False,183,5.0,10,0.036,0.5,0.366,0.999797523021698,-0.1880958527326584,0,False
289,36.598493297118694,36.580000000000005,0.10000000000000142,168,2.393917862696321,1.8192121916802788,-1.0973375883023915,2.4007346290715126,0.4041846990585327,-0.008411917343792685,-0.6578673097833183,-0.0059119173437926845,0.0,-0.0025,True,True,184,5.0,10,0.016,0.5,0.368,0.9993587136268616,-0.20489932596683502,0,False
290,36.798837864305824,36.78,0.19999999999999574,339,2.4124114039827718,1.779149224292324,-1.1812439014223082,2.4224995482411082,0.4078490138053894,-0.013382459541712508,-0.6712497693250308,-0.010882459541712507,0.0,-0.0025,True,True,185,5.0,10,0.016,0.5,0.37,0.9999259114265442,-0.22105255722999573,0,False
291,36.89885193994269,36.88,0.10000000000000142,170,2.420348409573753,1.7585418324543305,-1.2255446504295051,2.432362745300258,0.4095095694065094,-0.004931598510049855,-0.6761813678350806,-0.004931598510049855,0.0,-0.0,False,False,185,5.0,10,0.036,0.5,0.37,0.999927282333374,-0.22494816780090332,0,False
292,36.99889906402677,36.980000000000004,0.10000000000000142,168,2.4273145160967156,1.7375898097304692,-1.2836420683376568,2.4414575125879874,0.4110407531261444,-0.007047383625860966,-0.6832287514609416,-0.004547383625860967,0.0,-0.0025,True,True,186,5.0,10,0.016,0.5,0.372,0.9926663637161255,-0.44085630774497986,0,False
293,37.09895362891257,37.080000000000005,0.10000000000000142,169,2.4325244948064575,1.7162362114285619,-1.3755256858396034,2.4490196687352057,0.41231390833854675,-0.0037810780586393002,-0.6870098295195809,-0.0037810780586393002,0.0,-0.0,False,False,186,5.0,10,0.036,0.5,0.372,0.9931409955024719,-0.4606969952583313,0,False
294,37.299176876898855,37.28,0.19999999999999574,336,2.4376250031043845,1.6748324635077951,-1.5124512301864692,2.459217250461071,0.4140307605266571,-0.007598790842745852,-0.6946086203623267,-0.005098790842745851,0.0,-0.0025,True,True,187,5.0,10,0.036,0.5,0.374,0.9360606670379639,-0.29499757289886475,0,False
295,37.39906732318923,37.38,0.10000000000000142,167,2.438276218186354,1.65360882529133,-1.5714029245737402,2.4627581167862775,0.4146268963813782,-0.004270433155593753,-0.6988790535179205,-0.0017704331555937528,0.0,-0.0025,True,True,188,5.0,10,0.016,0.5,0.376,0.9844462871551514,-0.31543633341789246,0,False
296,37.49888917990029,37.480000000000004,0.10000000000000142,167,2.437592045926025,1.6318396892590856,-1.6342963335213474,2.465237767612828,0.415044367313385,-0.0012398254083666163,-0.7001188789262871,-0.0012398254083666163,0.0,-0.0,False,False,188,5.0,10,0.036,0.5,0.376,0.9859621524810791,-0.32786789536476135,0,False
297,37.59917491208762,37.580000000000005,0.10000000000000142,169,2.43546203805152,1.6100375032281764,-1.7060869807817691,2.4664844966798896,0.41525426506996155,-0.003123364531062739,-0.7032422434573499,-0.0006233645310627391,0.0,-0.0025,True,True,189,5.0,10,0.016,0.5,0.378,0.9997634887695312,-0.40548738837242126,0,False
298,37.79920035228133,37.78,0.19999999999999574,337,2.4258857450257403,1.56702923062646,-1.889378087623049,2.4642209833218724,0.4148731827735901,-0.0013682433254722428,-0.7046104867828221,0.0011317566745277573,0.0,-0.0025,True,True,190,5.0,10,0.016,0.5,0.38,0.9980807304382324,-0.7399001121520996,0,False
299,37.89934365591034,37.88,0.10000000000000142,169,2.4172748309173717,1.5465339386647674,-2.0429627349111903,2.4594408226336824,0.41406840085983276,0.002390080334632353,-0.7022204064481897,0.002390080334632353,0.0,-0.0,False,False,190,5.0,10,0.036,0.5,0.38,0.9988731741905212,-0.75394207239151,0,False
300,37.99925192212686,37.980000000000004,0.10000000000000142,163,2.4060424550703625,1.5279481762404845,-2.188030597503185,2.4519121226548113,0.4128008782863617,0.0012643499745318954,-0.7009560564736579,0.0037643499745318955,0.0,-0.0025,True,True,191,5.0,10,0.016,0.5,0.382,0.9954538941383362,-0.6777378916740417,0,False
301,38.099296716973186,38.080000000000005,0.10000000000000142,163,2.3922716098739847,1.511075438509242,-2.3294071790225486,2.441722860716842,0.41108542680740356,0.005094630948814124,-0.6958614255248438,0.005094630948814124,0.0,-0.0,False,False,191,5.0,10,0.036,0.5,0.382,0.996637761592865,-0.6785707473754883,0,False
302,38.29950799513608,38.28,0.19999999999999574,326,2.358248903008879,1.4838576245716295,-2.6165796891756976,2.4140714260856453,0.40643006563186646,0.011325717260860318,-0.6845357082639835,0.013825717260860319,0.0,-0.0025,True,True,192,5.0,10,0.036,0.5,0.384,0.9997143149375916,-0.6889296770095825,0,False
303,38.39984298730269,38.38,0.10000000000000142,163,2.339071011354295,1.474429696807371,-2.737297786043682,2.3973897203037726,0.4036215543746948,0.005840852857913619,-0.6786948554060699,0.00834085285791362,0.0,-0.0025,True,True,193,5.0,10,0.016,0.5,0.386,0.9960318803787231,-0.41461437940597534,0,False
304,38.49985499214381,38.480000000000004,0.10000000000000142,163,2.3187431600352797,1.4666340673445861,-2.8228483560336506,2.3792959517975003,0.40057530999183655,0.009046884217318155,-0.6696479711887517,0.009046884217318155,0.0,-0.0,False,False,193,5.0,10,0.036,0.5,0.386,0.9953398704528809,-0.4108950197696686,0,False
305,38.599557870067656,38.580000000000005,0.10000000000000142,160,2.298090599438974,1.4607395357587467,-2.9067196251477023,2.3605130570299657,0.397413045167923,0.006891447346585113,-0.6627565238421667,0.009391447346585114,0.0,-0.0025,True,True,194,5.0,10,0.016,0.5,0.388,0.9769004583358765,-0.3790951073169708,0,False
306,38.79984064819291,38.78,0.19999999999999574,326,2.2563589409814715,1.4540658864418845,-3.0479274488662558,2.32146492911529,0.39083895087242126,0.017024063880039207,-0.6457324599621275,0.019524063880039206,0.0,-0.0025,True,True,195,5.0,10,0.016,0.5,0.39,0.995266854763031,0.06002860888838768,0,False
307,38.899630605243146,38.88,0.10000000000000142,163,2.234646948738832,1.451874017307843,-3.0319633865558853,2.300888677514247,0.38737475872039795,0.010288125759789142,-0.6354443342023384,0.010288125759789142,0.0,-0.0,False,False,195,5.0,10,0.036,0.5,0.39,0.9952746629714966,0.05222071334719658,0,False
308,39.00004545599222,38.980000000000004,0.10000000000000142,164,2.213010222466298,1.4493305588274001,-2.9985324754071794,2.28049369107928,0.38394108414649963,0.007697493177110095,-0.6277468410252283,0.010197493177110096,0.0,-0.0025,True,True,196,5.0,10,0.016,0.5,0.392,0.9211457371711731,0.58549964427948,0,False
309,39.099625994917005,39.080000000000005,0.10000000000000142,163,2.1931515275863593,1.4452397006398825,-2.879128230009854,2.262227331228355,0.38086578249931335,0.009133179889302706,-0.6186136611359255,0.009133179889302706,0.0,-0.0,False,False,196,5.0,10,0.036,0.5,0.392,0.9273428320884705,0.5438466668128967,0,False
310,39.29961190512404,39.28,0.19999999999999574,330,2.1545039464877185,1.4319924197176828,-2.815311345279101,2.2281202722401146,0.3751235604286194,0.014553529426602775,-0.6040601317093227,0.017053529426602775,0.0,-0.0025,True,True,197,5.0,10,0.036,0.5,0.394,0.9706674814224243,-0.22146649658679962,0,False
311,39.40026645408943,39.38,0.10000000000000142,164,2.1337481359002766,1.4255092071932047,-2.8646101335340632,2.2097331869563153,0.3720279335975647,0.0066935426055009985,-0.5973665891038217,0.009193542605500999,0.0,-0.0025,True,True,198,5.0,10,0.016,0.5,0.396,0.994580864906311,-0.2641587257385254,0,False
312,39.500174100045115,39.480000000000004,0.10000000000000142,164,2.1124599246493223,1.420080611800636,-2.9170557412452123,2.1906148454214827,0.36880919337272644,0.009559170729570082,-0.5878074183742515,0.009559170729570082,0.0,-0.0,False,False,198,5.0,10,0.036,0.5,0.396,0.9942094683647156,-0.24817101657390594,0,False
313,39.59988817805424,39.580000000000005,0.10000000000000142,162,2.0911176671688976,1.4157565720889433,-2.96397828916264,2.1712008858911944,0.36554068326950073,0.007206979726712699,-0.5806004386475389,0.0097069797267127,0.0,-0.0025,True,True,199,5.0,10,0.016,0.5,0.398,0.9812114238739014,-0.20595964789390564,0,False
314,39.80013001617044,39.78,0.19999999999999574,327,2.048304027470524,1.4097989338503503,-3.0314080897916185,2.131639409361656,0.3588801622390747,0.017280738186454255,-0.5633197004610846,0.019780738186454254,0.0,-0.0025,True,True,200,5.0,10,0.016,0.5,0.4,0.9984378218650818,0.05933438614010811,0,False
315,39.90034643886611,39.88,0.10000000000000142,167,2.026334514653499,1.4070910698563384,-3.01410842785112,2.11129646585523,0.3554552495479584,0.010171471712942675,-0.553148228748142,0.010171471712942675,0.0,-0.0,False,False,200,5.0,10,0.036,0.5,0.4,0.998503565788269,0.04486475884914398,0,False
316,40.00053028203547,39.980000000000004,0.10000000000000142,167,2.004487960682636,1.4041831416910124,-3.001818379621375,2.091164703347953,0.35206589102745056,0.007565881213786131,-0.5455823475343559,0.010065881213786132,0.0,-0.0025,True,True,201,5.0,10,0.016,0.5,0.402,0.9982990026473999,0.047110021114349365,0,False
317,40.10071928612888,40.080000000000005,0.10000000000000142,165,1.982757666518871,1.4010306065088338,-2.9931482509353766,2.07125385776183,0.3487137258052826,0.009955422753646342,-0.5356269247807095,0.009955422753646342,0.0,-0.0,False,False,201,5.0,10,0.036,0.5,0.402,0.9983983635902405,0.03793146461248398,0,False
318,40.30168383801356,40.28,0.2010000000000005,333,1.9391381661359899,1.3950665235744402,-3.0313596864373356,2.0313052455699796,0.3419880270957947,0.017474306016843872,-0.5181526187638656,0.01997430601684387,0.0,-0.0025,True,True,202,5.0,10,0.036,0.5,0.404,0.9993776679039001,-0.14269381761550903,0,False
319,40.50188326602802,40.480000000000004,0.19999999999999574,335,1.895343640915567,1.3908647411307606,-3.051090622319595,1.9908222197683803,0.3351723551750183,0.017741512820660426,-0.5004111059432053,0.020241512820660425,0.0,-0.0025,True,True,203,5.0,10,0.036,0.5,0.406,0.999805212020874,-0.015779627487063408,0,False
320,40.60193223087117,40.580000000000005,0.10000000000000142,165,1.8733762295258896,1.3889572827002765,-3.0753693221957015,1.9705104312123736,0.3317526876926422,0.0076558942377946,-0.49275521170541065,0.0101558942377946,0.0,-0.0025,True,True,204,5.0,10,0.016,0.5,0.408,0.9999736547470093,-0.2830509841442108,0,False
321,40.70163322798908,40.68,0.10000000000000142,169,1.851377027845487,1.3882274836055868,-3.1338885587393706,1.9498364663577432,0.3282720446586609,0.010336982386389481,-0.4824182293190212,0.010336982386389481,0.0,-0.0,False,False,204,5.0,10,0.036,0.5,0.408,0.9999774098396301,-0.2645080089569092,0,False
322,40.80180990230292,40.78,0.10000000000000142,170,1.8295080061998072,1.3886036784878675,3.1145069114537534,1.9289647737780087,0.3247581124305725,0.007935846248550153,-0.474482383070471,0.010435846248550153,0.0,-0.0025,True,True,205,5.0,10,0.016,0.5,0.41,0.9999614357948303,0.14865447580814362,0,False
323,41.00197294028476,40.980000000000004,0.19999999999999574,342,1.785421362893344,1.388237277602159,-3.108150391575304,1.8873215801068197,0.3177471160888672,0.01832159675315859,-0.45616078631731244,0.02082159675315859,0.0,-0.0025,True,True,206,5.0,10,0.016,0.5,0.412,0.9999297857284546,0.09678784012794495,0,False
324,41.10205533495173,41.080000000000005,0.10000000000000142,170,1.7634655727216773,1.3873188672890657,-3.0895191917707394,1.8668660539386517,0.3143032491207123,0.010227763043590738,-0.4459330232737217,0.010227763043590738,0.0,-0.0,False,False,206,5.0,10,0.036,0.5,0.412,0.9999327063560486,0.08655551820993423,0,False
325,41.202104698866606,41.18,0.10000000000000142,172,1.7415084829542902,1.386035861497458,-3.0839247058755066,1.846565417438761,0.3108854591846466,0.007650318209758724,-0.438282705063963,0.010150318209758724,0.0,-0.0025,True,True,207,5.0,10,0.016,0.5,0.414,0.9995181560516357,-0.06522053480148315,0,False
326,41.30211176397279,41.28,0.10000000000000142,172,1.719524073335086,1.3849752040068588,-3.0979573178934707,1.8262033561218505,0.3074573278427124,0.010181030618146954,-0.42810167444581604,0.010181030618146954,0.0,-0.0,False,False,207,5.0,10,0.036,0.5,0.414,0.9995249509811401,-0.061481982469558716,0,False
327,41.5021655340679,41.480000000000004,0.19999999999999574,342,1.6755245860631682,1.383690383951577,-3.126472936540048,1.7852786734947057,0.30056729912757874,0.017962341232558843,-0.4101393332132572,0.020462341232558842,0.0,-0.0025,True,True,208,5.0,10,0.036,0.5,0.416,0.9997090697288513,-0.06686220318078995,0,False
328,41.60227647796273,41.580000000000005,0.10000000000000142,163,1.653500341563225,1.3835184828361864,3.1395759155571996,1.764684897234052,0.29710015654563904,0.007796888089559851,-0.4023424451236973,0.010296888089559851,0.0,-0.0025,True,True,209,5.0,10,0.016,0.5,0.418,0.9998468160629272,-0.09741713106632233,0,False
329,41.70192618621513,41.68,0.10000000000000142,170,1.6314679813479167,1.3837824171141593,3.1205368479564752,1.7439643769705564,0.29361167550086975,0.010360260090729987,-0.39198218503296733,0.010360260090729987,0.0,-0.0,False,False,209,5.0,10,0.036,0.5,0.418,0.9998496770858765,-0.09177440404891968,0,False
330,41.802227589301765,41.78,0.10000000000000142,169,1.609447933201101,1.384443792573286,3.1046106058254472,1.7231459664367095,0.29010671377182007,0.007909205225711822,-0.3840729798072555,0.010409205225711822,0.0,-0.0025,True,True,210,5.0,10,0.016,0.5,0.42,0.9997307658195496,-0.06671781837940216,0,False
331,42.00222930917516,41.980000000000004,0.19999999999999574,339,1.565452242549985,1.3866339365750289,3.0815032651543923,1.68132646406883,0.2830660343170166,0.018409751101154878,-0.36566322870610063,0.020909751101154877,0.0,-0.0025,True,True,211,5.0,10,0.016,0.5,0.422,0.999916672706604,-0.03664690628647804,0,False
332,42.10254132095724,42.080000000000005,0.10000000000000142,169,1.5434856570873263,1.388027872993386,3.074001146137595,1.6603788312974483,0.2795393168926239,0.010473816344223338,-0.3551894123618773,0.010473816344223338,0.0,-0.0,False,False,211,5.0,10,0.036,0.5,0.422,0.9999094605445862,-0.0383378267288208,0,False
333,42.20265680504963,42.18,0.10000000000000142,168,1.5215334778406022,1.3895952432007246,3.0655496878557793,1.6394078323132526,0.276008665561676,0.007985499450584172,-0.3472039129112931,0.010485499450584173,0.0,-0.0025,True,True,212,5.0,10,0.016,0.5,0.424,0.999990701675415,-0.04719558730721474,0,False
334,42.30268310010433,42.28,0.10000000000000142,171,1.499592852377854,1.3913704167450585,3.056214024833434,1.618397004557214,0.2724713087081909,0.010505413836426744,-0.3366984990748664,0.010505413836426744,0.0,-0.0,False,False,212,5.0,10,0.036,0.5,0.424,0.9999904632568359,-0.047611359506845474,0,False
335,42.502656870055944,42.480000000000004,0.19999999999999574,340,1.4557583587967717,1.3957942880503622,3.0228669961925587,1.5761652301465705,0.2653612196445465,0.01861588712172073,-0.31808261195314563,0.021115887121720727,0.0,-0.0025,True,True,213,5.0,10,0.036,0.5,0.426,0.9998286366462708,-0.09160584956407547,0,False
336,42.602527416311204,42.580000000000005,0.10000000000000142,169,1.4339139060145099,1.3986052836669653,3.005312427142908,1.5549226874467885,0.2617848515510559,0.008121271307839751,-0.3099613406453059,0.010621271307839752,0.0,-0.0025,True,True,214,5.0,10,0.016,0.5,0.428,0.9990038871765137,-0.07975037395954132,0,False
337,42.702804489061236,42.68,0.10000000000000142,162,1.4121289927256904,1.401765778126112,2.9892918673356528,1.5336206671143882,0.25819846987724304,0.0106510101240312,-0.2993103305212747,0.0106510101240312,0.0,-0.0,False,False,214,5.0,10,0.036,0.5,0.428,0.9990207552909851,-0.07649799436330795,0,False
338,42.80289814295247,42.78,0.10000000000000142,147,1.3903961209964957,1.405252643996773,2.9768900641972036,1.5122584610823142,0.25460195541381836,0.008181102973748852,-0.29112922754752585,0.010681102973748852,0.0,-0.0025,True,True,215,5.0,10,0.016,0.5,0.43,0.9997894167900085,-0.051525574177503586,0,False
339,42.903863130137324,42.88,0.10099999999999909,162,1.368701544194043,1.4089656755710782,2.966461380639343,1.4908606746807274,0.25099945068359375,0.010698893158434867,-0.280430334389091,0.010698893158434867,0.0,-0.0,False,False,215,5.0,10,0.036,0.5,0.43,0.9997893571853638,-0.05155013129115105,0,False
340,43.00460050813854,42.980000000000004,0.10099999999999909,162,1.3470427668188025,1.4129064611999456,2.9560880423623366,1.4694227054737703,0.24739018082618713,0.00821898456104043,-0.27221134982805056,0.01071898456104043,0.0,-0.0025,True,True,216,5.0,10,0.016,0.5,0.432,0.9999541640281677,-0.053383052349090576,0,False
341,43.104966280050576,43.080000000000005,0.10000000000000142,165,1.3254215135822618,1.4170802327927592,2.9454970068413178,1.4479425177686598,0.24377380311489105,0.010740093810033578,-0.26147125601801696,0.010740093810033578,0.0,-0.0,False,False,216,5.0,10,0.036,0.5,0.432,0.9999567866325378,-0.05308273062109947,0,False
342,43.30504892906174,43.28,0.19999999999999574,349,1.2823235481242106,1.4262276526765905,2.9179276019106775,1.4048375196624585,0.23651669919490814,0.019052498967770993,-0.24241875705024596,0.02155249896777099,0.0,-0.0025,True,True,217,5.0,10,0.036,0.5,0.434,0.9999943375587463,-0.07206901162862778,0,False
343,43.40506022423506,43.38,0.10000000000000142,168,1.2608821239676846,1.4312671587237134,2.9038296256832195,1.3832139483787138,0.23287618160247803,0.008311785599066835,-0.23410697145117912,0.010811785599066835,0.0,-0.0025,True,True,218,5.0,10,0.016,0.5,0.436,0.9999947547912598,-0.06630779057741165,0,False
344,43.505056739319116,43.480000000000004,0.10000000000000142,175,1.239513576322343,1.4365927319717546,2.890553793599081,1.3615511678817998,0.22922906279563904,0.010831390205573896,-0.22327558124560523,0.010831390205573896,0.0,-0.0,False,False,218,5.0,10,0.036,0.5,0.436,0.9999947547912598,-0.06409667432308197,0,False
345,43.60499914502725,43.580000000000005,0.10000000000000142,171,1.2182162343524865,1.4421929366847897,2.8785046069506963,1.3398505943058256,0.22557558119297028,0.008350286745029103,-0.21492529450057613,0.010850286745029103,0.0,-0.0025,True,True,219,5.0,10,0.016,0.5,0.438,0.9999970197677612,-0.05638634413480759,0,False
346,43.8048607762903,43.78,0.19899999999999807,354,1.1758150219683117,1.454113795169893,2.856868473429642,1.2963535925763094,0.21825248003005981,0.019248500778652457,-0.19567679372192368,0.021748500778652455,0.0,-0.0025,True,True,220,5.0,10,0.016,0.5,0.44,0.9999805688858032,-0.04971969872713089,0,False
347,43.90518050827086,43.88,0.10000000000000142,177,1.1547130485673445,1.4604013852285598,2.8469311484469655,1.2745700866465206,0.21458503603935242,0.0108917529217723,-0.18478504080015137,0.0108917529217723,0.0,-0.0,False,False,220,5.0,10,0.036,0.5,0.44,0.9999793171882629,-0.04897981509566307,0,False
348,44.105317756999284,44.080000000000005,0.19999999999999574,350,1.1127978845068767,1.474007211114781,2.804471603058938,1.2308482736270472,0.20722408592700958,0.019360906423186032,-0.16542413437696535,0.02186090642318603,0.0,-0.0025,True,True,221,5.0,10,0.036,0.5,0.442,0.9998417496681213,-0.11100444197654724,0,False
349,44.20511521399021,44.18,0.10000000000000142,173,1.0920864371230807,1.4815466922169331,2.7811252447288046,1.2089030628835766,0.20352941751480103,0.008472605328293052,-0.1569515290486723,0.010972605328293052,0.0,-0.0025,True,True,222,5.0,10,0.016,0.5,0.444,0.9998310804367065,-0.11543034762144089,0,False
350,44.30545652611181,44.28,0.10000000000000142,175,1.0715527394875821,1.4895616932437707,2.757857640003846,1.1869172267928263,0.1998279094696045,0.010992918001852519,-0.1459586110468198,0.010992918001852519,0.0,-0.0,False,False,222,5.0,10,0.036,0.5,0.444,0.9998503923416138,-0.11136996001005173,0,False
351,44.40551039017737,44.38,0.10000000000000142,173,1.0512067584013647,1.4980348181912935,2.7358185720431565,1.1649054577461873,0.19612203538417816,0.008505884479745537,-0.13745272656707425,0.011005884479745537,0.0,-0.0025,True,True,223,5.0,10,0.016,0.5,0.446,0.9998366236686707,-0.10742153227329254,0,False
352,44.60567502910271,44.580000000000005,0.19999999999999574,344,1.0112966163030002,1.5162078818252882,2.6901799902177843,1.1210600870256193,0.18874028325080872,0.0194226852734887,-0.11803004129358555,0.021922685273488698,0.0,-0.0025,True,True,224,5.0,10,0.016,0.5,0.448,0.9832109808921814,-0.12510497868061066,0,False
353,44.70664994511753,44.68,0.10099999999999909,174,0.9919790242673083,1.525902407750646,2.6644936350386677,1.099450234541065,0.18510207533836365,0.010804926199498776,-0.10722511509408678,0.010804926199498776,0.0,-0.0,False,False,224,5.0,10,0.036,0.5,0.448,0.984237015247345,-0.11520082503557205,0,False
354,44.80675576906651,44.78,0.10000000000000142,172,0.9727313616389278,1.5361107920422197,2.646699268788429,1.0776824831032497,0.18143728375434875,0.008383875675816766,-0.09884123941827001,0.010883875675816767,0.0,-0.0025,True,True,225,5.0,10,0.016,0.5,0.45,0.986953854560852,-0.053437527269124985,0,False
355,44.90647498704493,44.88,0.10000000000000142,171,0.9536507837138362,1.5465165491947181,2.6362755691088715,1.0559815554937482,0.17778374254703522,0.010850463761792094,-0.08799077565647792,0.010850463761792094,0.0,-0.0,False,False,225,5.0,10,0.036,0.5,0.45,0.9871294498443604,-0.05145633965730667,0,False
356,45.00688480818644,44.980000000000004,0.10000000000000142,172,0.9345534271616813,1.5572109951423412,2.6236210593968687,1.03414326287558,0.17410707473754883,0.008419146265853508,-0.07957162939062441,0.010919146265853509,0.0,-0.0025,True,True,226,5.0,10,0.016,0.5,0.452,0.9984033107757568,-0.07391732186079025,0,False
357,45.106802504044026,45.080000000000005,0.10000000000000142,170,0.9155286317116349,1.5682427463863935,2.609233823914964,1.0122287645406194,0.17041757702827454,0.010957249124098881,-0.06861438026652553,0.010957249124098881,0.0,-0.0,False,False,226,5.0,10,0.036,0.5,0.452,0.9985019564628601,-0.07034176588058472,0,False
358,45.306590136140585,45.28,0.19999999999999574,340,0.8779360471377509,1.5910433899760852,2.584791365583865,0.9685128815827314,0.1630576252937317,0.01935794139240505,-0.04925643887412048,0.021857941392405048,0.0,-0.0025,True,True,227,5.0,10,0.036,0.5,0.454,0.9981480240821838,-0.05364478752017021,0,False
359,45.406952808145434,45.38,0.10000000000000142,172,0.8593251299935054,1.6027453162762155,2.5776031422043646,0.9467053013730732,0.15938612818717957,0.008403790061659339,-0.04085264881246114,0.010903790061659339,0.0,-0.0025,True,True,228,5.0,10,0.016,0.5,0.456,0.9988828301429749,-0.022661792114377022,0,False
360,45.506940472871065,45.480000000000004,0.10000000000000142,166,0.8407696126958388,1.6145339053227412,2.5729621053892613,0.9249203793091744,0.15571844577789307,0.010892460988824485,-0.02996018782363665,0.010892460988824485,0.0,-0.0,False,False,228,5.0,10,0.036,0.5,0.456,0.9988629817962646,-0.021886853501200676,0,False
361,45.60695753805339,45.580000000000005,0.10000000000000142,172,0.8222947408818461,1.6263945315694615,2.567762093103084,0.9031886507827811,0.15205971896648407,0.008365864220177013,-0.02159432360345964,0.010865864220177013,0.0,-0.0025,True,True,229,5.0,10,0.016,0.5,0.458,0.9966000914573669,-0.02835685946047306,0,False
362,45.80681956931949,45.78,0.19999999999999574,345,0.7856395696274027,1.6503613766998828,2.5589658920376164,0.8599283204663929,0.14477646350860596,0.01913016507255697,-0.00246415853090267,0.021630165072556967,0.0,-0.0025,True,True,230,5.0,10,0.016,0.5,0.46,0.9911267757415771,-0.009030722081661224,0,False
363,45.90691795293242,45.88,0.10000000000000142,171,0.7674391033051842,1.6623768232775897,2.5571704106562057,0.8384224653305392,0.14115576446056366,0.010752927525354353,0.008288768994451683,0.010752927525354353,0.0,-0.0,False,False,230,5.0,10,0.036,0.5,0.46,0.9909868240356445,-0.005815939512103796,0,False
364,46.00689020799473,45.980000000000004,0.10000000000000142,171,0.7493491668065599,1.674354571031376,2.5580425342529525,0.8170490187339674,0.13755735754966736,0.008186723255975529,0.01647549225042721,0.01068672325597553,0.0,-0.0025,True,True,231,5.0,10,0.016,0.5,0.462,0.9804704785346985,0.05325263738632202,0,False
365,46.10733357910067,46.080000000000005,0.10000000000000142,171,0.7312626921069756,1.6861103782789726,2.5697451269211298,0.7957838178884261,0.13397717475891113,0.01063260038067455,0.02710809263110176,0.01063260038067455,0.0,-0.0,False,False,231,5.0,10,0.036,0.5,0.462,0.983868420124054,0.045599378645420074,0,False
366,46.30693827290088,46.28,0.19999999999999574,337,0.6944353507542055,1.7092977052431555,2.589634285339905,0.7528268943050982,0.12674500048160553,0.018978461706627443,0.04608655433772921,0.02147846170662744,0.0,-0.0025,True,True,232,5.0,10,0.036,0.5,0.464,0.9930874705314636,0.044413723051548004,0,False
367,46.407051417045295,46.38,0.10000000000000142,171,0.6757529851678958,1.7206933763166816,2.5982733291261506,0.7312005792615156,0.1231040209531784,0.008313157478980347,0.05439971181670955,0.010813157478980347,0.0,-0.0025,True,True,233,5.0,10,0.016,0.5,0.466,0.997379720211029,0.04079396650195122,0,False
368,46.507573997136205,46.480000000000004,0.10000000000000142,172,0.6569368787024795,1.7319567431569045,2.6063478601163355,0.7095162027194243,0.11945326626300812,0.010842188228119776,0.06524190004482933,0.010842188228119776,0.0,-0.0,False,False,233,5.0,10,0.036,0.5,0.466,0.9977380633354187,0.03837024047970772,0,False
369,46.60764068225399,46.580000000000005,0.10000000000000142,169,0.6380663132032651,1.743060750193297,2.612520413467844,0.6878563872533028,0.11580664664506912,0.008329907690183486,0.07357180773501282,0.010829907690183486,0.0,-0.0025,True,True,234,5.0,10,0.016,0.5,0.468,0.9947565793991089,0.024384990334510803,0,False
370,46.80745898326859,46.78,0.19999999999999574,339,0.6001694108884431,1.7649894061093114,2.621294702266623,0.6445411374859625,0.10851414501667023,0.01915762479792427,0.09272943253293708,0.02165762479792427,0.0,-0.0025,True,True,235,5.0,10,0.016,0.5,0.47,0.9969543814659119,0.016783457249403,0,False
371,46.90749849798158,46.88,0.10000000000000142,168,0.5811283524596759,1.7758628156483298,2.624689907703295,0.6228544154717517,0.1048629954457283,0.010843360964174896,0.10357279349711199,0.010843360964174896,0.0,-0.0,False,False,235,5.0,10,0.036,0.5,0.47,0.9971755743026733,0.017528623342514038,0,False
372,47.007880099117756,46.980000000000004,0.10000000000000142,168,0.562052446581225,1.7866389071537883,2.634020670877455,0.601187076793171,0.10121510922908783,0.008333669296398206,0.11190646279351019,0.010833669296398207,0.0,-0.0025,True,True,236,5.0,10,0.016,0.5,0.472,0.9967144131660461,0.06525877118110657,0,False
373,47.108462208881974,47.080000000000005,0.10099999999999909,168,0.5428359894939725,1.7971578336500569,2.646495785037961,0.579496194885012,0.0975632593035698,0.010845440911140704,0.12275190370465089,0.010845440911140704,0.0,-0.0,False,False,236,5.0,10,0.036,0.5,0.472,0.9972425699234009,0.05924094468355179,0,False
374,47.20843627396971,47.18,0.10000000000000142,169,0.523503126600638,1.807426815812327,2.6614799175526556,0.557799205898504,0.09391038119792938,0.008348494450303183,0.13110039815495408,0.010848494450303184,0.0,-0.0025,True,True,237,5.0,10,0.016,0.5,0.474,0.9962254762649536,0.07673928886651993,0,False
375,47.40866982191801,47.38,0.19999999999999574,339,0.48443001391717233,1.8270230634329219,2.695213127648222,0.5143865084027216,0.08660147339105606,0.01920634866195242,0.1503067468169065,0.02170634866195242,0.0,-0.0025,True,True,238,5.0,10,0.016,0.5,0.476,0.9925814270973206,0.09953075647354126,0,False
376,47.5088547160849,47.480000000000004,0.10000000000000142,169,0.4646648920174443,1.8362389640372427,2.714179915281939,0.4926775265304697,0.08294657617807388,0.010854490893151356,0.16116123771005786,0.010854490893151356,0.0,-0.0,False,False,238,5.0,10,0.036,0.5,0.476,0.9941049814224243,0.08287892490625381,0,False
377,47.60856829304248,47.580000000000005,0.10000000000000142,169,0.44480555620558654,1.8450578768874903,2.7364688939321,0.4710191714526491,0.07930020242929459,0.008329177496035928,0.1694904152060938,0.010829177496035928,0.0,-0.0025,True,True,239,5.0,10,0.016,0.5,0.478,0.9928305149078369,0.13387314975261688,0,False
378,47.70890711527318,47.68,0.10000000000000142,171,0.4246472672740684,1.8533630796339504,2.762855147320916,0.44925234935284325,0.07563556730747223,0.010883411006813833,0.18037382621290762,0.010883411006813833,0.0,-0.0,False,False,239,5.0,10,0.036,0.5,0.478,0.9947326183319092,0.1119401827454567,0,False
379,47.909153283108026,47.88,0.19999999999999574,341,0.3837334026211249,1.8690884718694585,2.77996742351808,0.40544932989300153,0.06826094537973404,0.019401509643209428,0.19977533585611706,0.021901509643209426,0.0,-0.0025,True,True,240,5.0,10,0.036,0.5,0.48,0.99980229139328,0.004294067155569792,0,False
380,48.00879502110183,47.980000000000004,0.10000000000000142,169,0.3631764183459861,1.8768527336935912,2.785755776660878,0.38348712554021136,0.06456341594457626,0.00848110213291922,0.20825643798903629,0.01098110213291922,0.0,-0.0025,True,True,241,5.0,10,0.016,0.5,0.482,0.9991083145141602,0.047929201275110245,0,False
381,48.108880195301026,48.080000000000005,0.10000000000000142,170,0.34254874228564186,1.884399614585435,2.7943542105668686,0.36152881555622357,0.06086654216051102,0.010979154948525739,0.21923559293756203,0.010979154948525739,0.0,-0.0,False,False,241,5.0,10,0.036,0.5,0.482,0.9992409944534302,0.037871938198804855,0,False
382,48.2092904872261,48.18,0.10000000000000142,172,0.3218573303305134,1.8917719158679145,2.8055389022316524,0.3395665669492424,0.057169005274772644,0.00848112426001462,0.22771671719757666,0.010981124260014621,0.0,-0.0025,True,True,242,5.0,10,0.016,0.5,0.484,0.999527096748352,0.05595691129565239,0,False
383,48.40900132898241,48.38,0.19999999999999574,336,0.28022469301310265,1.9058345242743457,2.8239322760265186,0.2956231068144639,0.04977073892951012,0.01947172998039981,0.24718844717797647,0.02197172998039981,0.0,-0.0025,True,True,243,5.0,10,0.016,0.5,0.486,0.9994333386421204,0.028210654854774475,0,False
384,48.50990745611489,48.480000000000004,0.10099999999999909,173,0.25932882011973496,1.9126446974726572,2.8293934080962324,0.27364645346833294,0.046070776879787445,0.010988326629561016,0.2581767738075375,0.010988326629561016,0.0,-0.0,False,False,243,5.0,10,0.036,0.5,0.486,0.9995034337043762,0.020913472399115562,0,False
385,48.61120944004506,48.580000000000005,0.1010000000000062,171,0.2383948657881595,1.9193621786542165,2.832373529393824,0.2516636045354709,0.042369771748781204,0.008491424422914298,0.2666681982304518,0.010991424422914299,0.0,-0.0025,True,True,244,5.0,10,0.016,0.5,0.488,0.9996703863143921,0.008110650815069675,0,False
386,48.712209335993975,48.68,0.10099999999999909,170,0.21744335605232618,1.9260406308865596,2.8338753505483787,0.229677171013143,0.03866816312074661,0.010993216717640109,0.2776614149480919,0.010993216717640109,0.0,-0.0,False,False,244,5.0,10,0.036,0.5,0.488,0.9997028708457947,0.004404412116855383,0,False
387,48.81324324198067,48.78,0.10099999999999909,168,0.19648180440499224,1.9326956737544818,2.8344406453591597,0.20768960900894623,0.0349663645029068,0.008493780958572322,0.2861551959066642,0.010993780958572322,0.0,-0.0025,True,True,245,5.0,10,0.016,0.5,0.49,0.9997392296791077,0.00026626139879226685,0,False
388,48.843486826866865,48.82,0.0,49,0.18809596721461358,1.9353556517198842,2.834473853041698,0.1988943983396656,0.03348561376333237,1.5043976053172294,1.7905528012238936,0.004397605317229521,1.5,-0.0,False,False,245,5.0,10,0.024,0.5,0.49,0.9997441172599792,-0.00027416646480560303,1,True
