ppo_step,t_wall_s,t_sim_s,ppo_step_sim_dt,inner_ticks,x,y,yaw,goal_distance_m,goal_distance_norm,ppo_reward,ppo_reward_cumulative,navigation_reward,terminal_reward,frame_cost_reward,fresh_observation,frame_consumed,episode_frame_count,current_fps,scan_divisor_k,obs_age_ratio,fps_ratio,frame_count_ratio,action_linear,action_angular,outcome,done
1,0.07683586189523339,0.08,0.1,88,0.0024040750605887795,-4.731455489512852e-08,2.002155843840323e-06,2.0000014240524164,0.33671775460243225,-7.080670521852577e-07,-7.080670521852577e-07,-7.080670521852577e-07,0.0,-0.0,False,False,1,10.0,5,0.016,1.0,0.002,0.999472439289093,0.21810510754585266,0,False
2,0.2797441007569432,0.22000000000000003,0.14200000000000002,309,0.021847060117605198,7.098707757714391e-07,0.0005199671077978948,2.000118609150016,0.3367374837398529,-0.0025585925485677196,-0.002559300615619905,-5.859254856771945e-05,0.0,-0.0025,True,True,2,1.0,50,0.024,0.1,0.004,0.9992737770080566,0.21949860453605652,0,False
3,0.4798318250104785,0.42000000000000004,0.2,319,0.06509553363143558,0.0017089312087156018,0.08358022314489845,1.9993510644624144,0.33660826086997986,0.00038377234228130106,-0.002175528273338604,0.00038377234228130106,0.0,-0.0,False,False,2,1.0,50,0.064,0.1,0.004,0.9992652535438538,0.22243647277355194,0,False
4,0.5797966071404517,0.52,0.09999999999999998,159,0.08687381283754701,0.004023903270867113,0.1277718100907053,1.9978657167978238,0.3363581895828247,0.0007426738293549558,-0.001432854443983648,0.0007426738293549558,0.0,-0.0,False,False,2,1.0,50,0.084,0.1,0.004,0.9992586374282837,0.22401870787143707,0,False
5,0.6799995889887214,0.62,0.09999999999999998,159,0.10852862500221123,0.007306452066301951,0.17286618885829272,1.9956468116642707,0.33598461747169495,0.0011094525623840327,-0.0003234018815996152,0.0011094525623840327,0.0,-0.0,False,False,2,1.0,50,0.104,0.1,0.004,0.9992532730102539,0.2256341129541397,0,False
6,0.7799280909821391,0.7200000000000001,0.10000000000000009,157,0.13001674626104154,0.011558022772683687,0.21818763966473653,1.9926881534750243,0.335486501455307,0.0014793290887663369,0.0011559272071667217,0.0014793290887663369,0.0,-0.0,False,False,2,1.0,50,0.124,0.1,0.004,0.999248743057251,0.22726185619831085,0,False
7,0.880077192094177,0.8200000000000001,0.09999999999999998,156,0.1512929124673609,0.016777643790346446,0.2636999292443994,1.9889847857606993,0.33486300706863403,0.0018516838498314004,0.003007611056998122,0.0018516838498314004,0.0,-0.0,False,False,2,1.0,50,0.144,0.1,0.004,0.999244749546051,0.22889789938926697,0,False
8,1.0801645149476826,1.02,0.19999999999999996,324,0.19302547817398374,0.030103665624546673,0.35567302822891766,1.979330822516297,0.3332376778125763,0.0048269816030903166,0.007834592660088438,0.0048269816030903166,0.0,-0.0,False,False,2,1.0,50,0.184,0.1,0.004,0.9992382526397705,0.23221412301063538,0,False
9,1.1802257159724832,1.1199999999999999,0.10000000000000009,160,0.21338629082841404,0.038194881351437455,0.4021470352547532,1.9733759785838898,0.3322351276874542,0.00047742195441558303,0.008312014614504022,0.002977421954415583,0.0,-0.0025,True,True,3,1.0,50,0.004,0.1,0.006,0.9946106672286987,0.10289237648248672,0,False
10,1.3802517079748213,1.3199999999999998,0.19999999999999996,325,0.25323263608857527,0.05614009187229905,0.4432287266849664,1.9602852348713637,0.3300311863422394,0.006545371830348897,0.014857386444852919,0.006545371830348897,0.0,-0.0,False,False,3,1.0,50,0.044,0.1,0.006,0.9944244623184204,0.1053730770945549,0,False
11,1.4803199898451567,1.42,0.10000000000000009,162,0.2728432840512481,0.06571120388427475,0.4651888489505995,1.9534371643490955,0.328878253698349,0.003424035247577826,0.018281421692430744,0.003424035247577826,0.0,-0.0,False,False,3,1.0,50,0.064,0.1,0.006,0.9943150877952576,0.1068047285079956,0,False
12,1.6806238610297441,1.6199999999999999,0.19999999999999973,323,0.3114253414028039,0.08610536668900742,0.5081865381558663,1.939066412417924,0.32645881175994873,0.0071853759371377675,0.02546679762956851,0.0071853759371377675,0.0,-0.0,False,False,3,1.0,50,0.104,0.1,0.006,0.9940568208694458,0.10945678502321243,0,False
13,1.7804554128088057,1.72,0.10000000000000009,161,0.3303728351901474,0.09692782450713444,0.5300695411546572,1.9315355882378882,0.325190931558609,0.0037654120751100624,0.029232209704678574,0.0037654120751100624,0.0,-0.0,False,False,3,1.0,50,0.124,0.1,0.006,0.9939086437225342,0.11077903211116791,0,False
14,1.8808837127871811,1.8199999999999998,0.10000000000000009,162,0.34907560134279325,0.1081660852847674,0.5522704412767689,1.9237695087788345,0.32388344407081604,0.003883039714153311,0.033115249418831885,0.003883039714153311,0.0,-0.0,False,False,3,1.0,50,0.144,0.1,0.006,0.9937523007392883,0.11213800311088562,0,False
15,1.9808714529499412,1.92,0.10000000000000009,163,0.3675221355498236,0.11981953883170082,0.5747641841030151,1.9157639256384327,0.3225356340408325,0.004002791554353227,0.037118040973185114,0.004002791554353227,0.0,-0.0,False,False,3,1.0,50,0.164,0.1,0.006,0.993587851524353,0.11353020370006561,0,False
16,2.1809164150618017,2.12,0.19999999999999973,334,0.4035959246841736,0.14436704757756208,0.6205731959759931,1.8990163696204467,0.31971603631973267,0.0058737779758399,0.04299181894902501,0.0083737779758399,0.0,-0.0025,True,True,4,1.0,50,0.004,0.1,0.008,0.999452531337738,-0.33386898040771484,0,False
17,2.2810965650714934,2.2199999999999998,0.10000000000000009,164,0.4216890190511739,0.1570100713029447,0.5744670987355186,1.8906172782142383,0.3183019757270813,0.004199545686477568,0.04719136463550258,0.004199545686477568,0.0,-0.0,False,False,4,1.0,50,0.024,0.1,0.008,0.9994632005691528,-0.3379627764225006,0,False
18,2.3810285781510174,2.32,0.10000000000000009,162,0.4406314134340785,0.16843723028874186,0.5102528629039518,1.8838201885199288,0.3171576261520386,0.003398544833699379,0.05058990946920196,0.003398544833699379,0.0,-0.0,False,False,4,1.0,50,0.044,0.1,0.008,0.9994798898696899,-0.3436616063117981,0,False
19,2.4806528599001467,2.42,0.10000000000000009,161,0.4603082286396453,0.17855625371226944,0.44085393670118095,1.8787072363158963,0.3162968158721924,0.002556476091894778,0.053146385561096736,0.002556476091894778,0.0,-0.0,False,False,4,1.0,50,0.064,0.1,0.008,0.9995160102844238,-0.3506600260734558,0,False
20,2.681032150052488,2.62,0.19999999999999973,316,0.5015151037510666,0.1945543206105225,0.29751065877588545,1.8738067042283588,0.3154717683792114,0.0024502660340677664,0.055596651595164505,0.0024502660340677664,0.0,-0.0,False,False,4,1.0,50,0.104,0.1,0.008,0.999556839466095,-0.36863619089126587,0,False
21,2.781349989119917,2.7199999999999998,0.10000000000000009,163,0.5228688181426742,0.20027351095050058,0.22342701590346611,1.8741417969621297,0.31552818417549133,-0.00016754636622208762,0.05542910522894242,-0.00016754636622208762,0.0,-0.0,False,False,4,1.0,50,0.124,0.1,0.008,0.9995554685592651,-0.379568487405777,0,False
22,2.881422920152545,2.82,0.10000000000000009,165,0.5445983266361004,0.20436937193009025,0.1472041491504232,1.8763999998172343,0.31590837240219116,-0.0011291014230820071,0.05430000380586041,-0.0011291014230820071,0.0,-0.0,False,False,4,1.0,50,0.144,0.1,0.008,0.9995564818382263,-0.3903529644012451,0,False
23,2.9811118519864976,2.92,0.10000000000000009,167,0.5665873895875906,0.20677244461404698,0.06874961963016436,1.8806080423249982,0.31661683320999146,-0.00210402124555184,0.05219598256030857,-0.00210402124555184,0.0,-0.0,False,False,4,1.0,50,0.164,0.1,0.008,0.9995565414428711,-0.4012891948223114,0,False
24,3.181494649965316,3.12,0.19999999999999973,335,0.6108094689164129,0.20625566485492408,-0.09466468300970439,1.8948897548240058,0.3190212845802307,-0.009640856221232036,0.042555126339076536,-0.007140856221232035,0.0,-0.0025,True,True,5,1.0,50,0.004,0.1,0.01,0.9591421484947205,0.3691404461860657,0,False
25,3.281382521148771,3.2199999999999998,0.10000000000000009,166,0.6326619155210904,0.20389406082864203,-0.09205992392759639,1.9042735904869321,0.32060113549232483,-0.004691917812887144,0.03786320852618939,-0.004691917812887144,0.0,-0.0,False,False,5,1.0,50,0.024,0.1,0.01,0.9596710801124573,0.3692440688610077,0,False
26,3.381294251885265,3.32,0.10000000000000009,159,0.6536147127564278,0.20276305809076436,-0.01684750536211796,1.9123997220434445,0.32196924090385437,-0.004063065762169914,0.03380014276401948,-0.004063065762169914,0.0,-0.0,False,False,5,1.0,50,0.044,0.1,0.01,0.9553096294403076,0.3701740503311157,0,False
27,3.4815333811566234,3.42,0.10000000000000009,166,0.6744840279063804,0.20317506700409924,0.05729438227722797,1.919246907481894,0.3231220245361328,-0.003423592705670238,0.03037655005834924,-0.003423592705670238,0.0,-0.0,False,False,5,1.0,50,0.064,0.1,0.01,0.9536396265029907,0.3728211224079132,0,False
28,3.6812903829850256,3.62,0.19999999999999973,332,0.7157565485573922,0.2086211058501179,0.2067596116695875,1.9290789495906246,0.3247773349285126,-0.004916021034902002,0.02546052902344724,-0.004916021034902002,0.0,-0.0,False,False,5,1.0,50,0.104,0.1,0.01,0.9509566426277161,0.37839841842651367,0,False
29,3.781609831843525,3.7199999999999998,0.10000000000000009,165,0.7359164378631979,0.21363307151336441,0.28251256094430316,1.9320144185838206,0.3252715468406677,-0.0014677344907869975,0.023992794532660244,-0.0014677344907869975,0.0,-0.0,False,False,5,1.0,50,0.124,0.1,0.01,0.9488626718521118,0.38180288672447205,0,False
30,3.8814016431570053,3.82,0.10000000000000009,165,0.7555830417578934,0.22014155782115363,0.3589856828623514,1.9335981875690538,0.32553818821907043,-0.000791884489481387,0.023200910043178858,-0.000791884489481387,0.0,-0.0,False,False,5,1.0,50,0.144,0.1,0.01,0.9466307759284973,0.38516101241111755,0,False
31,3.98232459789142,3.92,0.10000000000000009,161,0.7746373343806012,0.22811576639409553,0.4360400202457575,1.9338139710040598,0.32557451725006104,-0.00010789171707586822,0.023093018326102988,-0.00010789171707586822,0.0,-0.0,False,False,5,1.0,50,0.164,0.1,0.01,0.9443122148513794,0.38603100180625916,0,False
32,4.081783339846879,4.02,0.09999999999999964,160,0.7929627545310229,0.237507408193677,0.5132691559589638,1.9326587596038551,0.32538002729415894,0.0005776056978155165,0.023670624023918504,0.0005776056978155165,0.0,-0.0,False,False,5,1.0,50,0.184,0.1,0.01,0.9412798881530762,0.3857479989528656,0,False
33,4.181980099063367,4.12,0.10000000000000053,165,0.8104526972198608,0.24825273826500643,0.5903579133808914,1.9301429973575004,0.324956476688385,-0.0012421188818027707,0.022428505142115734,0.0012578811181972293,0.0,-0.0025,True,True,6,1.0,50,0.004,0.1,0.012,0.9163612127304077,0.3099406659603119,0,False
34,4.281900038942695,4.22,0.09999999999999964,166,0.8268256665522704,0.25994777273812086,0.6506849880932366,1.9265053028625252,0.32434403896331787,0.0018188472402865033,0.024247352382402238,0.0018188472402865033,0.0,-0.0,False,False,6,1.0,50,0.024,0.1,0.012,0.9086886644363403,0.3189712166786194,0,False
35,4.382141928188503,4.32,0.09999999999999964,166,0.8421923614142142,0.2724588467361236,0.7154962934153019,1.9218964944016406,0.32356810569763184,0.0023044042213188247,0.026551756603721062,0.0023044042213188247,0.0,-0.0,False,False,6,1.0,50,0.044,0.1,0.012,0.8995285630226135,0.3288200795650482,0,False
36,4.482280356809497,4.42,0.10000000000000053,164,0.8565661533558794,0.28580297795169674,0.7821705193407517,1.9162924976949776,0.3226246237754822,0.0028019983422379624,0.029353754945959026,0.0028019983422379624,0.0,-0.0,False,False,6,1.0,50,0.064,0.1,0.012,0.8902730345726013,0.3343150019645691,0,False
37,4.582120026927441,4.52,0.09999999999999964,166,0.8698845222381286,0.29993193187053857,0.8492055624715459,1.909693843792827,0.32151368260383606,0.0032993269380127243,0.03265308188397175,0.0032993269380127243,0.0,-0.0,False,False,6,1.0,50,0.084,0.1,0.012,0.8809413909912109,0.3375400900840759,0,False
38,4.682289675809443,4.62,0.10000000000000053,166,0.8820910688088753,0.31476464461017734,0.9167589000071311,1.9021311565953172,0.32024043798446655,0.0037813435837840085,0.03643442546775576,0.0037813435837840085,0.0,-0.0,False,False,6,1.0,50,0.104,0.1,0.012,0.8697044849395752,0.3405967354774475,0,False
39,4.782150656916201,4.72,0.09999999999999964,160,0.8930729438710232,0.33010191666763405,0.9855929121793916,1.8937102921271678,0.3188227117061615,0.004210432217404944,0.0406448576851607,0.004210432217404944,0.0,-0.0,False,False,6,1.0,50,0.124,0.1,0.012,0.8560829162597656,0.343468576669693,0,False
40,4.882427874952555,4.82,0.09999999999999964,165,0.9026763929252036,0.3457797579863159,1.0577561798825856,1.8844811691157555,0.31726890802383423,0.004614561487436404,0.045259419172597105,0.004614561487436404,0.0,-0.0,False,False,6,1.0,50,0.144,0.1,0.012,0.8413755893707275,0.344393253326416,0,False
41,4.982600403018296,4.92,0.10000000000000053,165,0.9109911777165028,0.3618391338648009,1.1298852056088453,1.8744267939517603,0.3155761659145355,0.005027187562094199,0.050286606734691305,0.005027187562094199,0.0,-0.0,False,False,6,1.0,50,0.164,0.1,0.012,0.8292171359062195,0.3451758325099945,0,False
42,5.082332483958453,5.02,0.09999999999999964,165,0.9180467598834914,0.3782520246094617,1.201711726629616,1.863565576378612,0.3137475848197937,0.005430608765073475,0.05571721549976478,0.005430608765073475,0.0,-0.0,False,False,6,1.0,50,0.184,0.1,0.012,0.8162756562232971,0.34732162952423096,0,False
43,5.182462711818516,5.12,0.10000000000000053,165,0.9238861086182929,0.3950114458631312,1.2717366994177337,1.851905482150679,0.3117845058441162,0.0033300470908844576,0.059047262590649234,0.005830047090884458,0.0,-0.0025,True,True,7,1.0,50,0.004,0.1,0.014,0.9978287816047668,-0.7169221043586731,0,False
44,5.282204982824624,5.22,0.09999999999999964,165,0.9298320432643151,0.41487793056367417,1.2583633124615592,1.8377158183688194,0.30939555168151855,0.007094831862840327,0.06614209445348956,0.007094831862840327,0.0,-0.0,False,False,7,1.0,50,0.024,0.1,0.014,0.9978442192077637,-0.7134014368057251,0,False
45,5.382819388993084,5.32,0.09999999999999964,167,0.9376224993976688,0.43502990392078905,1.1295359028501324,1.824353884974235,0.30714595317840576,0.006680966670841264,0.07282306112433083,0.006680966670841264,0.0,-0.0,False,False,7,1.0,50,0.044,0.1,0.014,0.9981244802474976,-0.6858243942260742,0,False
46,5.482655008789152,5.42,0.10000000000000053,166,0.9483966423445582,0.4544168073999648,0.9958845674855663,1.8133625600797334,0.305295467376709,0.005495662425492579,0.07831872354982342,0.005495662425492579,0.0,-0.0,False,False,7,1.0,50,0.064,0.1,0.014,0.9983214139938354,-0.6678768992424011,0,False
47,5.582639427855611,5.52,0.09999999999999964,161,0.9616680779329839,0.47218276407935084,0.8627086759465512,1.805278735529756,0.3039344847202301,0.004041912258986185,0.0823606358088096,0.004041912258986185,0.0,-0.0,False,False,7,1.0,50,0.084,0.1,0.014,0.998302161693573,-0.6521122455596924,0,False
48,5.682882536202669,5.62,0.10000000000000053,166,0.9771500344089299,0.48805607051291505,0.7324780161062914,1.800221189572776,0.30308300256729126,0.0025287729684781686,0.08488940877728778,0.0025287729684781686,0.0,-0.0,False,False,7,1.0,50,0.104,0.1,0.014,0.9980912208557129,-0.6330052614212036,0,False
49,5.782887685112655,5.72,0.09999999999999964,165,0.9945219505400275,0.5018206314701266,0.6064667697181585,1.7982256795950702,0.30274704098701477,0.000997754984902641,0.08588716376219041,0.000997754984902641,0.0,-0.0,False,False,7,1.0,50,0.124,0.1,0.014,0.9976480603218079,-0.6155253648757935,0,False
50,5.882754805032164,5.82,0.09999999999999964,165,1.013456177790617,0.5133182813136445,0.4841721298031876,1.7992543240091967,0.30292022228240967,-0.0005143222050269865,0.08537284155716342,-0.0005143222050269865,0.0,-0.0,False,False,7,1.0,50,0.144,0.1,0.014,0.9970846176147461,-0.5970783233642578,0,False
51,5.982865883037448,5.92,0.10000000000000053,166,1.033624175460835,0.5224477761038668,0.36537977231196916,1.803202505907782,0.3035849332809448,-0.0019740909414769554,0.08339875061568647,-0.0019740909414769554,0.0,-0.0,False,False,7,1.0,50,0.164,0.1,0.014,0.9966576099395752,-0.5878835916519165,0,False
52,6.083018571138382,6.02,0.09999999999999964,167,1.054716532234917,0.5291432608726683,0.24750337103496167,1.8099300280139394,0.3047175705432892,-0.003363761039761028,0.08003498957592543,-0.003363761039761028,0.0,-0.0,False,False,7,1.0,50,0.184,0.1,0.014,0.9961698055267334,-0.6021161675453186,0,False
53,6.183263888116926,6.12,0.10000000000000053,166,1.0764534728475659,0.5332766093842042,0.1267955038424258,1.8193487359793237,0.3063032925128937,-0.007209353964047068,0.07282563561187837,-0.004709353964047067,0.0,-0.0025,True,True,8,1.0,50,0.004,0.1,0.016,0.9915966987609863,0.579691469669342,0,False
54,6.282878718804568,6.22,0.09999999999999964,164,1.0984689631210447,0.5350183463126835,0.05384997405626904,1.8310667146890014,0.30827611684799194,-0.005858989331642225,0.06696664628023614,-0.005858989331642225,0.0,-0.0,False,False,8,1.0,50,0.024,0.1,0.016,0.9940504431724548,0.5874050855636597,0,False
55,6.383298514876515,6.32,0.09999999999999964,162,1.1202606350118613,0.536599338317472,0.10939534816030495,1.842966489615046,0.3102795481681824,-0.005949887439465758,0.06101675884077039,-0.005949887439465758,0.0,-0.0,False,False,8,1.0,50,0.044,0.1,0.016,0.9928282499313354,0.5817336440086365,0,False
56,6.483012305106968,6.42,0.10000000000000053,166,1.1415395720052377,0.5403079147128435,0.22918922566840097,1.8530552060312078,0.3119780719280243,-0.005044358188109525,0.05597240065266086,-0.005044358188109525,0.0,-0.0,False,False,8,1.0,50,0.064,0.1,0.016,0.9884293079376221,0.5689645409584045,0,False
57,6.5831666928716,6.52,0.09999999999999964,162,1.1621724150944406,0.5463805565956558,0.34496761099792905,1.8610894658873365,0.3133307099342346,-0.004017129912159923,0.051955270740500936,-0.004017129912159923,0.0,-0.0,False,False,8,1.0,50,0.084,0.1,0.016,0.9906622171401978,0.8519228100776672,0,False
58,6.683621178846806,6.62,0.10000000000000053,164,1.1818492072451023,0.5551249904524437,0.5143736583833883,1.866663192727399,0.314269095659256,-0.0027868634089975855,0.04916840733150335,-0.0027868634089975855,0.0,-0.0,False,False,8,1.0,50,0.104,0.1,0.016,0.9873616695404053,0.9606841802597046,0,False
59,6.7833997290581465,6.72,0.09999999999999964,166,1.199359833503805,0.567251682193159,0.7044420114373532,1.868483810142524,0.3145756125450134,-0.0009103087039585388,0.048258098627544814,-0.0009103087039585388,0.0,-0.0,False,False,8,1.0,50,0.124,0.1,0.016,0.9800394177436829,0.9865810871124268,0,False
60,6.883611516095698,6.82,0.09999999999999964,166,1.214065787919322,0.5824287495808123,0.9018193720455361,1.8664040401852753,0.3142254650592804,0.0010398849745073308,0.04929798360205215,0.0010398849745073308,0.0,-0.0,False,False,8,1.0,50,0.144,0.1,0.016,0.975395917892456,0.9950823187828064,0,False
61,6.983698463998735,6.92,0.10000000000000053,164,1.2254449729005668,0.6001223384887551,1.1012557325094334,1.860476456834485,0.31322750449180603,0.002963791663661072,0.05226177526571322,0.002963791663661072,0.0,-0.0,False,False,8,1.0,50,0.164,0.1,0.016,0.9757758378982544,0.9973039031028748,0,False
62,7.083525042980909,7.02,0.09999999999999964,164,1.2330874939998022,0.6197134150924476,1.3007180329290517,1.8508635614792717,0.31160908937454224,0.004806447658577166,0.05706822292429038,0.004806447658577166,0.0,-0.0,False,False,8,1.0,50,0.184,0.1,0.016,0.973820686340332,0.9961851239204407,0,False
63,7.183734890073538,7.12,0.10000000000000053,158,1.2366807105177258,0.6403914107371317,1.499583037439311,1.837910359792176,0.30942830443382263,0.003976600817905986,0.06104482374219637,0.006476600817905987,0.0,-0.0025,True,True,9,1.0,50,0.004,0.1,0.018,0.8746787905693054,-0.40178725123405457,0,False
64,7.283934927079827,7.22,0.09999999999999964,158,1.2367326471702562,0.6619668584217873,1.6083727663471483,1.822042931123534,0.3067568838596344,0.007933714302910205,0.06897853804510658,0.007933714302910205,0.0,-0.0,False,False,9,1.0,50,0.024,0.1,0.018,0.8722173571586609,-0.33813169598579407,0,False
65,7.383964804932475,7.32,0.09999999999999964,160,1.2358497835384452,0.6834175698327895,1.5949213580222716,1.8057446436519349,0.3040129244327545,0.008149143703535849,0.07712768174864243,0.008149143703535849,0.0,-0.0,False,False,9,1.0,50,0.044,0.1,0.018,0.8724273443222046,-0.3492758572101593,0,False
66,7.483981213066727,7.42,0.10000000000000053,161,1.2361257439247553,0.7030748769546828,1.5197105506233906,1.7916534011907177,0.3016405403614044,0.007045621202713896,0.08417330295135633,0.007045621202713896,0.0,-0.0,False,False,9,1.0,50,0.064,0.1,0.018,0.8746484518051147,-0.40331727266311646,0,False
67,7.5835332330316305,7.52,0.09999999999999964,165,1.237947290714463,0.722458372056607,1.4341441943387063,1.7789395261682064,0.299500048160553,0.006356937486087566,0.0905302404374439,0.006356937486087566,0.0,-0.0,False,False,9,1.0,50,0.084,0.1,0.018,0.8781397938728333,-0.5107592344284058,0,False
68,7.683784930035472,7.62,0.10000000000000053,165,1.241606650787137,0.7416488895008007,1.3274911618069969,1.7677766720296353,0.2976206839084625,0.005581427047187825,0.09611166748463172,0.005581427047187825,0.0,-0.0,False,False,9,1.0,50,0.104,0.1,0.018,0.8820111751556396,-0.6177591681480408,0,False
69,7.783968307077885,7.72,0.09999999999999964,166,1.24750398732038,0.7603880620405318,1.200009534421409,1.7586654421828776,0.29608672857284546,0.004555614905342482,0.1006672823899742,0.004555614905342482,0.0,-0.0,False,False,9,1.0,50,0.124,0.1,0.018,0.8866096138954163,-0.7231932282447815,0,False
70,7.883820774964988,7.82,0.09999999999999964,165,1.2560109226387435,0.778331245452698,1.051860812369411,1.75215246439438,0.294990211725235,0.0032564888813558495,0.10392377127133005,0.0032564888813558495,0.0,-0.0,False,False,9,1.0,50,0.144,0.1,0.018,0.909973680973053,-0.8197556734085083,0,False
71,7.984009361825883,7.919999999999999,0.09999999999999964,166,1.267540136223961,0.7951815509768203,0.8848884636248475,1.7487840123970622,0.29442310333251953,0.0016842259919908082,0.10560799726332086,0.0016842259919908082,0.0,-0.0,False,False,9,1.0,50,0.164,0.1,0.018,0.9313339591026306,-0.8867534399032593,0,False
72,8.085065394174308,8.020000000000001,0.10100000000000087,167,1.282132993309934,0.8101323856578483,0.7061415355691314,1.7491854864172374,0.2944906949996948,-0.00020073700929285524,0.10540726025402801,-0.00020073700929285524,0.0,-0.0,False,False,9,1.0,50,0.184,0.1,0.018,0.9471357464790344,-0.9223945736885071,0,False
73,8.184770163148642,8.120000000000001,0.09999999999999964,165,1.2994600159955418,0.8223927960818882,0.5207082709654136,1.75366896700939,0.29524552822113037,-0.004741740287200874,0.10066551996682714,-0.002241740287200873,0.0,-0.0025,True,True,10,1.0,50,0.004,0.1,0.02,0.997268557548523,-0.2501462399959564,0,False
74,8.284976249095052,8.22,0.09999999999999964,167,1.3178895677332805,0.8320151201136359,0.4693838119954276,1.7609717935977212,0.29647502303123474,-0.003651413279709124,0.09701410668711802,-0.003651413279709124,0.0,-0.0,False,False,10,1.0,50,0.024,0.1,0.02,0.9978463053703308,-0.2559446394443512,0,False
75,8.385738633107394,8.32,0.10100000000000087,168,1.3378800958356294,0.841322316803589,0.4096642163108203,1.7698748517303138,0.2979739308357239,-0.004451529048672026,0.092562577638446,-0.004451529048672026,0.0,-0.0,False,False,10,1.0,50,0.044,0.1,0.02,0.9983567595481873,-0.26243236660957336,0,False
76,8.485806319862604,8.42,0.09999999999999964,164,1.3579027743756797,0.8494472713204251,0.35012402555686356,1.7797954022209173,0.2996441423892975,-0.004960275225663248,0.08760230241278275,-0.004960275225663248,0.0,-0.0,False,False,10,1.0,50,0.064,0.1,0.02,0.998696506023407,-0.26872918009757996,0,False
77,8.58687134180218,8.520000000000001,0.10100000000000087,166,1.3785896179910915,0.8563389258408517,0.2929590524348675,1.791220241169832,0.30156761407852173,-0.005712419451840987,0.08188988296094175,-0.005712419451840987,0.0,-0.0,False,False,10,1.0,50,0.084,0.1,0.02,0.9989380836486816,-0.27495211362838745,0,False
78,8.686843499075621,8.620000000000001,0.09999999999999964,166,1.399852535512112,0.8621211067321485,0.2373990347477153,1.803983149835901,0.30371636152267456,-0.006381454307769342,0.07550842865317241,-0.006381454307769342,0.0,-0.0,False,False,10,1.0,50,0.104,0.1,0.02,0.999135434627533,-0.27688679099082947,0,False
79,8.787048475816846,8.72,0.09999999999999964,165,1.421465182496362,0.8667156778109485,0.18168400059085718,1.8179373813219788,0.3060656785964966,-0.0069771157154154715,0.06853131293775694,-0.0069771157154154715,0.0,-0.0,False,False,10,1.0,50,0.124,0.1,0.02,0.9992735981941223,-0.2861229479312897,0,False
80,8.886991763021797,8.82,0.09999999999999964,165,1.4433133055268306,0.8700873151649823,0.12468843308144814,1.8329910639276814,0.3086000978946686,-0.007526841273051388,0.06100447166470555,-0.007526841273051388,0.0,-0.0,False,False,10,1.0,50,0.144,0.1,0.02,0.9993757009506226,-0.29303935170173645,0,False
81,8.987787986174226,8.92,0.10100000000000087,165,1.4651740153850843,0.872158735735571,0.06305528040985815,1.8489891309679678,0.31129351258277893,-0.007999033488473795,0.05300543817623175,-0.007999033488473795,0.0,-0.0,False,False,10,1.0,50,0.164,0.1,0.02,0.999461829662323,-0.2995106279850006,0,False
82,9.088660197798163,9.020000000000001,0.10099999999999909,168,1.487271646676755,0.8729032361433925,0.003456810699952088,1.8660986862678137,0.3141740560531616,-0.008554777616053286,0.04445066056017847,-0.008554777616053286,0.0,-0.0,False,False,10,1.0,50,0.184,0.1,0.02,0.9995144605636597,-0.3054920732975006,0,False
83,9.189219831954688,9.120000000000001,0.09999999999999964,167,1.5093795118515834,0.8723086088090818,-0.057676002802997096,1.8841216480685878,0.3172083795070648,-0.011511480864709225,0.032939179695469244,-0.009011480864709225,0.0,-0.0025,True,True,11,1.0,50,0.004,0.1,0.022,0.9925252795219421,0.9210918545722961,0,False
84,9.28976189577952,9.22,0.10000000000000142,167,1.5309968615196277,0.8710090241643544,-0.03211982156145776,1.902254537279648,0.3202612102031708,-0.009066444569634634,0.02387273512583461,-0.009066444569634634,0.0,-0.0,False,False,11,1.0,50,0.024,0.1,0.022,0.9924238324165344,0.9145500659942627,0,False
85,9.389714493881911,9.32,0.09999999999999964,164,1.5524110873751766,0.8716426073109768,0.11660639361245244,1.9191587531335488,0.32310718297958374,-0.008452107893487201,0.015420627232347408,-0.008452107893487201,0.0,-0.0,False,False,11,1.0,50,0.044,0.1,0.022,0.9911424517631531,0.8618330359458923,0,False
86,9.4898172901012,9.42,0.09999999999999964,166,1.5734171019005045,0.8759607823776614,0.2833268637269331,1.9336766059953931,0.3255513906478882,-0.007258926402182984,0.008161700830164424,-0.007258926402182984,0.0,-0.0,False,False,11,1.0,50,0.064,0.1,0.022,0.9884181022644043,0.7132366895675659,0,False
87,9.590758542064577,9.520000000000001,0.10100000000000087,168,1.5935166379544135,0.8834187378793822,0.42213333613303233,1.9457772949482892,0.32758864760398865,-0.0060503444524937925,0.0021113563776706317,-0.0060503444524937925,0.0,-0.0,False,False,11,1.0,50,0.084,0.1,0.022,0.9872415065765381,0.650944173336029,0,False
88,9.690905287861824,9.620000000000001,0.09999999999999964,167,1.6124715501055917,0.8934380169283794,0.5541890441905079,1.9556440323427138,0.3292497992515564,-0.004933368677680319,-0.002822012300009687,-0.004933368677680319,0.0,-0.0,False,False,11,1.0,50,0.104,0.1,0.022,0.9871557950973511,0.6775374412536621,0,False
89,9.791736940853298,9.72,0.10099999999999909,167,1.6299055786758703,0.9059021908558933,0.6901099971814889,1.9630695315483209,0.33049994707107544,-0.0037127495881042,-0.006534761888113886,-0.0037127495881042,0.0,-0.0,False,False,11,1.0,50,0.124,0.1,0.022,0.9869568943977356,0.6946550011634827,0,False
90,9.892224004957825,9.82,0.09999999999999964,165,1.6454480557578133,0.9206419139024735,0.8294934296894382,1.9678702261811056,0.33130818605422974,-0.0024003473068890386,-0.008935109195002925,-0.0024003473068890386,0.0,-0.0,False,False,11,1.0,50,0.144,0.1,0.022,0.9855551719665527,0.7135512828826904,0,False
91,9.992430899757892,9.92,0.10000000000000142,164,1.6587318917528076,0.9373924383010644,0.9728620739585808,1.969905210897127,0.3316507935523987,-0.0010174923539822218,-0.009952601548985147,-0.0010174923539822218,0.0,-0.0,False,False,11,1.0,50,0.164,0.1,0.022,0.9829422831535339,0.7279900312423706,0,False
92,10.092610864900053,10.020000000000001,0.09999999999999964,163,1.6694297664869577,0.9558284190195449,1.1189519622185953,1.969083499079819,0.331512451171875,0.00041085590702733167,-0.009541745641957816,0.00041085590702733167,0.0,-0.0,False,False,11,1.0,50,0.184,0.1,0.022,0.9792423248291016,0.7416841983795166,0,False
93,10.19275969080627,10.120000000000001,0.09999999999999964,162,1.6772728460377546,0.9755533744671652,1.2676726951295814,1.9653842027510602,0.33088964223861694,-0.0006503518429436599,-0.010192097484901476,0.0018496481570563401,0.0,-0.0025,True,True,12,1.0,50,0.004,0.1,0.024,0.9386730194091797,-0.9737663865089417,0,False
94,10.292617927771062,10.22,0.09999999999999964,161,1.6823210159590418,0.9964359871778646,1.378136119808435,1.958914240036153,0.3298003673553467,0.0032349813446458054,-0.00695711614025567,0.0032349813446458054,0.0,-0.0,False,False,12,1.0,50,0.024,0.1,0.024,0.9341967105865479,-0.9690918326377869,0,False
95,10.392797123175114,10.32,0.09999999999999964,157,1.6864942446932605,1.0176989994251877,1.3590856747416002,1.9517116049361019,0.32858774065971375,0.0036013175357674054,-0.0033557986044882647,0.0036013175357674054,0.0,-0.0,False,False,12,1.0,50,0.044,0.1,0.024,0.9359188675880432,-0.9704854488372803,0,False
96,10.49274284997955,10.42,0.10000000000000142,160,1.6925970013500606,1.0391956005792806,1.208552529256348,1.9462862181440583,0.32767432928085327,0.0027126933852817904,-0.0006431052192064743,0.0027126933852817904,0.0,-0.0,False,False,12,1.0,50,0.064,0.1,0.024,0.9414758086204529,-0.9794839024543762,0,False
97,10.592799265868962,10.520000000000001,0.09999999999999964,154,1.7021683696154173,1.0582668932140906,1.0066170951065165,1.9453119178764016,0.3275102972984314,0.0004871501318996825,-0.00015595508730679178,0.0004871501318996825,0.0,-0.0,False,False,12,1.0,50,0.084,0.1,0.024,0.9427057504653931,-0.9860149621963501,0,False
98,10.692838162183762,10.620000000000001,0.09999999999999964,162,1.7151063134907094,1.0749220518683364,0.8081233374367274,1.9486812549575383,0.3280775547027588,-0.0016846685338985073,-0.001840623621205299,-0.0016846685338985073,0.0,-0.0,False,False,12,1.0,50,0.104,0.1,0.024,0.9476456046104431,-0.9905132055282593,0,False
99,10.794045041780919,10.72,0.10100000000000087,163,1.731170715482079,1.0888041374350093,0.6102699453086071,1.9563306803692837,0.32936540246009827,-0.003824712690730078,-0.005665336311935377,-0.003824712690730078,0.0,-0.0,False,False,12,1.0,50,0.124,0.1,0.024,0.9580659866333008,-0.9945576786994934,0,False
100,10.894163827877492,10.82,0.09999999999999964,160,1.749836162043211,1.0993394106037955,0.4117431990032684,1.9680233456817458,0.3313339650630951,-0.005846332633084497,-0.011511668945019874,-0.005846332633084497,0.0,-0.0,False,False,12,1.0,50,0.144,0.1,0.024,0.9636934995651245,-0.9963656663894653,0,False
101,10.994323092978448,10.92,0.09999999999999964,156,1.7702998912719867,1.105992148565668,0.2127500840557158,1.983232626022781,0.3338945806026459,-0.007604640140409716,-0.019116309085429592,-0.007604640140409716,0.0,-0.0,False,False,12,1.0,50,0.164,0.1,0.024,0.9634352326393127,-0.9971359372138977,0,False
102,11.094490007963032,11.020000000000001,0.09999999999999964,155,1.7916583159015027,1.1084445825894558,0.0133450271715513,2.0012272651413556,0.33692413568496704,-0.00899731952366552,-0.028113628609095113,-0.00899731952366552,0.0,-0.0,False,False,12,1.0,50,0.184,0.1,0.024,0.9602715373039246,-0.9973738193511963,0,False
103,11.194209374953061,11.120000000000001,0.09999999999999964,155,1.8130195734119445,1.1066074474453238,-0.1859631073151306,2.0211853742033985,0.3402842581272125,-0.01247905449151283,-0.04059268310060794,-0.00997905449151283,0.0,-0.0025,True,True,13,1.0,50,0.004,0.1,0.026,0.8365696668624878,-0.9815188050270081,0,False
104,11.294344590045512,11.22,0.10000000000000142,158,1.8310566433169528,1.1013353018011356,-0.3827735208309597,2.0396976103391657,0.3434009552001953,-0.009256118031237234,-0.04984880113184518,-0.009256118031237234,0.0,-0.0,False,False,13,1.0,50,0.024,0.1,0.026,0.8392388224601746,-0.9968608617782593,0,False
105,11.394454175140709,11.32,0.09999999999999964,160,1.8467830949342128,1.0931544871310517,-0.5813640247753028,2.057419820658336,0.3463846445083618,-0.008861105124502574,-0.058709906256347755,-0.008861105124502574,0.0,-0.0,False,False,13,1.0,50,0.044,0.1,0.026,0.6159918904304504,-0.8729459643363953,0,False
106,11.494516619946808,11.42,0.09999999999999964,160,1.8577866887568297,1.0844075678474108,-0.7551183557492062,2.0711545513573686,0.3486970067024231,-0.006867365322327423,-0.06557727157867518,-0.006867365322327423,0.0,-0.0,False,False,13,1.0,50,0.064,0.1,0.026,0.6370792388916016,-0.8703733086585999,0,False
107,11.594453737139702,11.520000000000001,0.09999999999999964,159,1.867353017674766,1.0736121530752007,-0.9303470050049033,2.0845147145843157,0.350946307182312,-0.0066800815870260875,-0.07225735316570127,-0.0066800815870260875,0.0,-0.0,False,False,13,1.0,50,0.084,0.1,0.026,0.6647165417671204,-0.9426075220108032,0,False
108,11.69462431082502,11.620000000000001,0.09999999999999964,157,1.8751205400288278,1.0607462627254225,-1.1221926376588358,2.097206462511359,0.353083074092865,-0.0063458739383973105,-0.07860322710409857,-0.0063458739383973105,0.0,-0.0,False,False,13,1.0,50,0.104,0.1,0.026,0.6744248867034912,-0.9930632710456848,0,False
109,11.794721227139235,11.72,0.10000000000000142,160,1.8802981964918346,1.046479341569235,-1.320827257906384,2.1082512464685115,0.35494256019592285,-0.005522391956712295,-0.08412561906081087,-0.005522391956712295,0.0,-0.0,False,False,13,1.0,50,0.124,0.1,0.026,0.6713343262672424,-0.9990462064743042,0,False
110,11.894878040999174,11.82,0.09999999999999964,160,1.8825265101831217,1.0315295646914362,-1.52029723905476,2.1170358803861586,0.3564215302467346,-0.004392316941433727,-0.0885179360022446,-0.004392316941433727,0.0,-0.0,False,False,13,1.0,50,0.144,0.1,0.026,0.6643786430358887,-0.9997236728668213,0,False
111,11.994787447154522,11.92,0.09999999999999964,157,1.881815825793332,1.0169121680081228,-1.7223785455844225,2.12313269176309,0.3574479818344116,-0.0030484056763965444,-0.09156634167864114,-0.0030484056763965444,0.0,-0.0,False,False,13,1.0,50,0.164,0.1,0.026,0.6680150032043457,-0.9998822212219238,0,False
112,12.094664973206818,12.020000000000001,0.09999999999999964,160,1.8781794911707361,1.0034369793872708,-1.9380836147596165,2.126192780557963,0.3579631745815277,-0.001530044391378745,-0.09309638607001988,-0.001530044391378745,0.0,-0.0,False,False,13,1.0,50,0.184,0.1,0.026,0.6752185821533203,-0.9997721910476685,0,False
113,12.195067205931991,12.120000000000001,0.09999999999999964,162,1.8717172075458501,0.9909000828372325,-2.152279515098092,2.1264073248756223,0.3579992949962616,-0.0026072721584050676,-0.09570365822842494,-0.00010727215840506734,0.0,-0.0025,True,True,14,1.0,50,0.004,0.1,0.028,0.9999979734420776,-0.07981961220502853,0,False
114,12.2953333100304,12.22,0.10000000000000142,161,1.8628922369306489,0.9795731603875688,-2.2779270126882816,2.1240618527559914,0.35760441422462463,0.0011727360551724516,-0.09453092217325249,0.0011727360551724516,0.0,-0.0,False,False,14,1.0,50,0.024,0.1,0.028,0.9999979138374329,-0.10658228397369385,0,False
115,12.394981566816568,12.32,0.09999999999999964,158,1.8497784198222837,0.9653951944595751,-2.3392793156828926,2.1194544604292167,0.3568287193775177,0.0023036961542666394,-0.09222722601898585,0.0023036961542666394,0.0,-0.0,False,False,14,1.0,50,0.044,0.1,0.028,0.9999978542327881,-0.12944850325584412,0,False
116,12.495552129112184,12.42,0.09999999999999964,163,1.834300593215959,0.9496982669112111,-2.3642944507652772,2.1137152229150518,0.35586246848106384,0.00286961874572121,-0.08935760727326464,0.00286961874572121,0.0,-0.0,False,False,14,1.0,50,0.064,0.1,0.028,0.9999977946281433,-0.13581693172454834,0,False
117,12.595502763986588,12.520000000000001,0.09999999999999964,161,1.8183848916074812,0.9344500070484995,-2.391484582940954,2.1075863715038827,0.35483062267303467,0.003064425693451986,-0.08629318157981265,0.003064425693451986,0.0,-0.0,False,False,14,1.0,50,0.084,0.1,0.028,0.9999977946281433,-0.14314870536327362,0,False
118,12.695372859947383,12.620000000000001,0.09999999999999964,161,1.8020120123077972,0.9196321868483667,-2.4203577969166625,2.101057285189884,0.3537313938140869,0.0032645431440744845,-0.08302863843573817,0.0032645431440744845,0.0,-0.0,False,False,14,1.0,50,0.104,0.1,0.028,0.9999977946281433,-0.1511329710483551,0,False
119,12.79528494598344,12.72,0.10000000000000142,159,1.7852070542132603,0.9053030829158346,-2.4509572763562995,2.0941168119169404,0.35256290435791016,0.0034702366227326365,-0.07955840181300554,0.0034702366227326365,0.0,-0.0,False,False,14,1.0,50,0.124,0.1,0.028,0.9999976754188538,-0.1592169553041458,0,False
120,12.89529852103442,12.82,0.09999999999999964,163,1.7679691664762438,0.8915095347424565,-2.483141507261242,2.086735743919034,0.3513202369213104,0.00369053398434186,-0.07586786782866368,0.00369053398434186,0.0,-0.0,False,False,14,1.0,50,0.144,0.1,0.028,0.9999975562095642,-0.16791874170303345,0,False
121,12.995541444048285,12.92,0.09999999999999964,162,1.7502923307298281,0.8782954800238192,-2.5170529416958756,2.078880448011052,0.34999772906303406,0.00392764793844076,-0.07194021989022292,0.00392764793844076,0.0,-0.0,False,False,14,1.0,50,0.164,0.1,0.028,0.9999974370002747,-0.17736992239952087,0,False
122,13.095831166952848,13.020000000000001,0.09999999999999964,163,1.7321719309084984,0.8657087520429954,-2.552878698614012,2.070515874873774,0.3485894799232483,0.004182286552080636,-0.06775793333814228,0.004182286552080636,0.0,-0.0,False,False,14,1.0,50,0.184,0.1,0.028,0.9999973177909851,-0.187636137008667,0,False
123,13.195946340914816,13.120000000000001,0.09999999999999964,162,1.7136053877705089,0.8538024336653034,-2.5907889282822256,2.0616043199365217,0.34708914160728455,0.0019557774509851374,-0.06580215588715714,0.004455777450985137,0.0,-0.0025,True,True,15,1.0,50,0.004,0.1,0.03,0.9905496835708618,0.43881964683532715,0,False
124,13.295567377936095,13.22,0.10000000000000142,161,1.6952733927025083,0.8423688015742488,-2.5478669825122005,2.052818092868001,0.3456099033355713,0.004393113516867297,-0.061409042370289844,0.004393113516867297,0.0,-0.0,False,False,15,1.0,50,0.024,0.1,0.03,0.9914259910583496,0.44163084030151367,0,False
125,13.395760381128639,13.32,0.09999999999999964,162,1.67791403791732,0.8294758921895374,-2.4600925668327362,2.045854961449298,0.3444375991821289,0.0034815656955676007,-0.05792747667472224,0.0034815656955676007,0.0,-0.0,False,False,15,1.0,50,0.044,0.1,0.03,0.9931992888450623,0.4362731873989105,0,False
126,13.495912824757397,13.42,0.09999999999999964,162,1.6617136922065385,0.815090307834541,-2.3722191355190576,2.040907519919368,0.3436046540737152,0.0024737207551711535,-0.05545375591955109,0.0024737207551711535,0.0,-0.0,False,False,15,1.0,50,0.064,0.1,0.03,0.9946784377098083,0.4180402159690857,0,False
127,13.595907759852707,13.520000000000001,0.09999999999999964,162,1.646762450826132,0.799350738154772,-2.2892944554015444,2.0379855042002166,0.3431127071380615,0.0014610078537912376,-0.05399274806575985,0.0014610078537912376,0.0,-0.0,False,False,15,1.0,50,0.084,0.1,0.03,0.9956628680229187,0.3857184052467346,0,False
128,13.695939213968813,13.620000000000001,0.09999999999999964,163,1.6330826148606634,0.7824466886963029,-2.213531502914998,2.037006424479939,0.3429478704929352,0.0004895398582006135,-0.05350320820755924,0.0004895398582006135,0.0,-0.0,False,False,15,1.0,50,0.104,0.1,0.03,0.9963129758834839,0.3518243432044983,0,False
129,13.795958509203047,13.72,0.10000000000000142,163,1.6206459572484997,0.7645712210949885,-2.1444919927964867,2.037836456085143,0.3430876135826111,-0.00041501580095883677,-0.053918224008518076,-0.00041501580095883677,0.0,-0.0,False,False,15,1.0,50,0.124,0.1,0.03,0.9968116283416748,0.3206523656845093,0,False
130,13.896022672764957,13.82,0.09999999999999964,162,1.6094065439756164,0.7458910445075114,-2.0806991065610743,2.040337879973634,0.3435087502002716,-0.0012507119392937704,-0.055168935947811845,-0.0012507119392937704,0.0,-0.0,False,False,15,1.0,50,0.144,0.1,0.03,0.9973108172416687,0.31426042318344116,0,False
131,13.995966187212616,13.92,0.09999999999999964,154,1.599362929319626,0.7265241187137622,-2.0180878148132764,2.0444321007023096,0.3441980481147766,-0.002047110356232977,-0.057216046304044824,-0.002047110356232977,0.0,-0.0,False,False,15,1.0,50,0.164,0.1,0.03,0.997603178024292,0.30459997057914734,0,False
132,14.096423069015145,14.020000000000001,0.09999999999999964,159,1.5905217491869275,0.7065644790949246,-1.9584086478285399,2.050057339420622,0.3451451063156128,-0.00281261934802063,-0.06002866565206545,-0.00281261934802063,0.0,-0.0,False,False,15,1.0,50,0.184,0.1,0.03,0.9977158308029175,0.26898157596588135,0,False
133,14.19649660307914,14.120000000000001,0.09999999999999964,158,1.5828055461424533,0.6861214756294349,-1.9059230003204237,2.0570732218349215,0.3463262915611267,-0.006007941193261224,-0.06603660684532668,-0.003507941193261224,0.0,-0.0025,True,True,16,1.0,50,0.004,0.1,0.032,0.999941885471344,0.36150744557380676,0,False
134,14.296439777128398,14.22,0.10000000000000142,153,1.576562861059188,0.6652656359915653,-1.8196022728886014,2.0656879196593723,0.3477766513824463,-0.004307348895171941,-0.07034395574049862,-0.004307348895171941,0.0,-0.0,False,False,16,1.0,50,0.024,0.1,0.032,0.9999571442604065,0.41745293140411377,0,False
135,14.39660208998248,14.32,0.09999999999999964,158,1.5719997889299955,0.6439080998447702,-1.734693688691377,2.0760945581832217,0.3495287001132965,-0.005203319241324006,-0.07554727498182262,-0.005203319241324006,0.0,-0.0,False,False,16,1.0,50,0.044,0.1,0.032,0.9999681711196899,0.4693186581134796,0,False
136,14.49674714403227,14.42,0.09999999999999964,158,1.569400069562085,0.6222385612415906,-1.640947501879917,2.0883589876425823,0.3515935242176056,-0.0061322147054019074,-0.08167948968722452,-0.0061322147054019074,0.0,-0.0,False,False,16,1.0,50,0.064,0.1,0.032,0.9999784231185913,0.5248297452926636,0,False
137,14.59664636803791,14.520000000000001,0.09999999999999964,158,1.569009322350392,0.600443394854966,-1.532855184272531,2.102510238786709,0.3539760112762451,-0.007075625544049941,-0.08875511523127447,-0.007075625544049941,0.0,-0.0,False,False,16,1.0,50,0.084,0.1,0.032,0.9999899864196777,0.645491361618042,0,False
138,14.696898131165653,14.620000000000001,0.09999999999999964,158,1.5712400009388536,0.5788109426200696,-1.3989564687650775,2.1186253139078315,0.35668912529945374,-0.008057537528660131,-0.0968126527599346,-0.008057537528660131,0.0,-0.0,False,False,16,1.0,50,0.104,0.1,0.032,0.9999961256980896,0.762252926826477,0,False
139,14.796831864863634,14.72,0.10000000000000142,157,1.5765580652218965,0.5577713915298236,-1.2425823215275,2.136716781196175,0.35973498225212097,-0.009045733608358381,-0.10585838636829298,-0.009045733608358381,0.0,-0.0,False,False,16,1.0,50,0.124,0.1,0.032,0.9999985694885254,0.8541509509086609,0,False
140,14.896751878783107,14.82,0.09999999999999964,153,1.5850992274578324,0.5381575776165812,-1.0667623407533158,2.15627518640568,0.36302781105041504,-0.009779202566035152,-0.11563758893432813,-0.009779202566035152,0.0,-0.0,False,False,16,1.0,50,0.144,0.1,0.032,0.9999995827674866,0.9156566262245178,0,False
141,14.996918722055852,14.92,0.09999999999999964,158,1.5969713240405596,0.5206996675653385,-0.874479703240645,2.1768432952355905,0.3664906322956085,-0.01028405437423902,-0.12592164330856714,-0.01028405437423902,0.0,-0.0,False,False,16,1.0,50,0.164,0.1,0.032,0.9999998807907104,0.9516457319259644,0,False
142,15.096888545900583,15.020000000000001,0.09999999999999964,157,1.612455615933294,0.5053392675590584,-0.6856030113059841,2.1986413165400065,0.3701605200767517,-0.010899010609057144,-0.1368206539176243,-0.010899010609057144,0.0,-0.0,False,False,16,1.0,50,0.184,0.1,0.032,0.9743863344192505,0.01338077150285244,0,False
143,15.196766369976103,15.120000000000001,0.09999999999999964,157,1.6246518299457093,0.4966818268923487,-0.5781134907919278,2.213472135040153,0.3726574182510376,-0.009915409220714594,-0.1467360631383389,-0.007415409220714594,0.0,-0.0025,True,True,17,1.0,50,0.004,0.1,0.034,0.9960876703262329,-0.6303919553756714,0,False
144,15.297006501816213,15.22,0.10000000000000142,155,1.6388889090909684,0.48753978667925124,-0.5805627376456878,2.2301329528439036,0.3754624128341675,-0.008330408868893831,-0.15506647200723273,-0.008330408868893831,0.0,-0.0,False,False,17,1.0,50,0.024,0.1,0.034,0.9960858225822449,-0.6305519938468933,0,False
145,15.397796262055635,15.32,0.10099999999999909,157,1.6546301584725696,0.47618822498135693,-0.6739967197665173,2.249400696527338,0.37870630621910095,-0.009633871803575294,-0.16470034381080803,-0.009633871803575294,0.0,-0.0,False,False,17,1.0,50,0.044,0.1,0.034,0.9959903955459595,-0.6545867323875427,0,False
146,15.497914984822273,15.42,0.09999999999999964,157,1.6712349122921382,0.46109069950648635,-0.8086741007069244,2.2718423507847336,0.3824845552444458,-0.01122082708427279,-0.17592117089508083,-0.01122082708427279,0.0,-0.0,False,False,17,1.0,50,0.064,0.1,0.034,0.9999999403953552,-0.4095010757446289,0,False
147,15.597945307847112,15.520000000000001,0.09999999999999964,156,1.6859210860135447,0.44453584677634006,-0.884933999779802,2.2938611119935404,0.38619160652160645,-0.01100938056081555,-0.18693055145589638,-0.01100938056081555,0.0,-0.0,False,False,17,1.0,50,0.084,0.1,0.034,0.9999999403953552,-0.4139561951160431,0,False
148,15.698034280911088,15.620000000000001,0.10000000000000142,157,1.6991875720855871,0.4268250033191419,-0.9686045554482998,2.31562479204579,0.3898557126522064,-0.010881839983041928,-0.1978123914389383,-0.010881839983041928,0.0,-0.0,False,False,17,1.0,50,0.104,0.1,0.034,0.9999998807907104,-0.4204583168029785,0,False
149,15.798433941788971,15.72,0.09999999999999964,158,1.710936904160997,0.40806407620478163,-1.0541428787186504,2.3369992122345624,0.39345428347587585,-0.01068721005207392,-0.20849960149101224,-0.01068721005207392,0.0,-0.0,False,False,17,1.0,50,0.124,0.1,0.034,0.9999998807907104,-0.4232897162437439,0,False
150,15.898094066884369,15.82,0.09999999999999964,156,1.7210613215729313,0.38837371733224546,-1.1391869632012896,2.3578362095286027,0.39696237444877625,-0.010418498605771726,-0.21891810009678397,-0.010418498605771726,0.0,-0.0,False,False,17,1.0,50,0.144,0.1,0.034,0.9999998211860657,-0.4270789325237274,0,False
151,15.998195989988744,15.92,0.09999999999999964,158,1.7294733066535506,0.36788679485496195,-1.2245752694199123,2.3779973568186614,0.4003566801548004,-0.01008057360511881,-0.22899867370190277,-0.01008057360511881,0.0,-0.0,False,False,17,1.0,50,0.164,0.1,0.034,0.9999998211860657,-0.43110209703445435,0,False
152,16.09854907076806,16.02,0.10000000000000142,159,1.7360952070831146,0.34674766761019343,-1.310784344487936,2.397346351196655,0.40361425280570984,-0.009674497150694007,-0.2386731708525968,-0.009674497150694007,0.0,-0.0,False,False,17,1.0,50,0.184,0.1,0.034,0.9999997615814209,-0.43493014574050903,0,False
153,16.298731695860624,16.22,0.1999999999999993,315,1.7442383158836927,0.3033356487741242,-1.4127483139040447,2.4333181047741936,0.4096704125404358,-0.02048587671756044,-0.25915904757015723,-0.017985876717560443,0.0,-0.0025,True,True,18,1.0,50,0.024,0.1,0.036,0.9999998211860657,0.021058395504951477,0,False
154,16.39877815777436,16.32,0.10000000000000142,155,1.7477032161189014,0.2816061088227949,-1.4122839132363294,2.4509884491815863,0.4126453697681427,-0.00883517216871654,-0.2679942197388738,-0.00883517216871654,0.0,-0.0,False,False,18,1.0,50,0.044,0.1,0.036,0.9999998211860657,0.022425109520554543,0,False
155,16.598435066174716,16.52,0.1999999999999993,312,1.7549039680938079,0.2381898730984289,-1.402081173200898,2.4866971558481987,0.41865724325180054,-0.017854353262618083,-0.28584857300149186,-0.017854353262618083,0.0,-0.0,False,False,18,1.0,50,0.084,0.1,0.036,0.9999998807907104,0.02471703477203846,0,False
156,16.798833779990673,16.72,0.1999999999999993,314,1.762513601957941,0.1948384158992954,-1.3917656492973105,2.5229075280232665,0.4247535765171051,-0.01810518601585266,-0.3039537590173445,-0.01810518601585266,0.0,-0.0,False,False,18,1.0,50,0.124,0.1,0.036,0.9999998807907104,0.02474360167980194,0,False
157,16.89899848215282,16.82,0.10000000000000142,154,1.7664813273022923,0.1732044674615348,-1.386980742478028,2.541188403248818,0.4278313219547272,-0.009140437576587328,-0.31309419659393184,-0.009140437576587328,0.0,-0.0,False,False,18,1.0,50,0.144,0.1,0.036,0.9999998807907104,0.021775230765342712,0,False
158,17.099198434967548,17.02,0.1999999999999993,317,1.7746917408087572,0.13001559039459754,-1.3790314623659785,2.57805586165091,0.43403828144073486,-0.018433729128064177,-0.331527925721996,-0.018433729128064177,0.0,-0.0,False,False,18,1.0,50,0.184,0.1,0.036,0.9999998807907104,0.015988091006875038,0,False
159,17.29981762683019,17.22,0.2010000000000005,319,1.7835486033267693,0.0870858785715812,-1.3118473473392673,2.615394007627802,0.44032448530197144,-0.02116907291453228,-0.3526969986365283,-0.01866907291453228,0.0,-0.0025,True,True,19,1.0,50,0.024,0.1,0.038,0.9993143677711487,0.5468209385871887,0,False
160,17.400988162960857,17.32,0.10099999999999909,156,1.7903114177288606,0.06640036258773141,-1.201934508501435,2.635151379679757,0.4436508119106293,-0.00987868598686618,-0.3625756846233945,-0.00987868598686618,0.0,-0.0,False,False,19,1.0,50,0.044,0.1,0.038,0.999678909778595,0.5580214858055115,0,False
161,17.601748663932085,17.52,0.2010000000000005,319,1.8104787651082257,0.027892162382837347,-0.9739410416571703,2.677133383436755,0.45071884989738464,-0.020991001795392525,-0.38356668641878705,-0.020991001795392525,0.0,-0.0,False,False,19,1.0,50,0.084,0.1,0.038,0.9999374747276306,0.5778952240943909,0,False
162,17.702742830850184,17.619999999999997,0.10099999999999909,161,1.8237199880079629,0.010615021693528456,-0.8553078905003684,2.6988158127944453,0.45436927676200867,-0.010841214635922993,-0.39440790105471,-0.010841214635922993,0.0,-0.0,False,False,19,1.0,50,0.104,0.1,0.038,0.9999764561653137,0.6765773892402649,0,False
163,17.803799738176167,17.72,0.10099999999999909,160,1.8390297551562664,-0.004841600802306503,-0.7332707612826218,2.720555064533298,0.45802927017211914,-0.01086962582639179,-0.4052775268811018,-0.01086962582639179,0.0,-0.0,False,False,19,1.0,50,0.124,0.1,0.038,0.9999366998672485,0.07637468725442886,0,False
164,17.903937888797373,17.82,0.10000000000000142,159,1.8553932847338943,-0.019533583271114763,-0.7255282236563999,2.742444249471043,0.461714506149292,-0.010944592425541154,-0.41622211930664293,-0.010944592425541154,0.0,-0.0,False,False,19,1.0,50,0.144,0.1,0.038,0.9999377131462097,0.0797710195183754,0,False
165,18.10452827019617,18.02,0.1999999999999993,319,1.8887778645442796,-0.04811154558156581,-0.6908324138231806,2.7860801208517176,0.4690609872341156,-0.02181793560395686,-0.4380400549105998,-0.02181793560395686,0.0,-0.0,False,False,19,1.0,50,0.184,0.1,0.038,0.9999322295188904,0.09277113527059555,0,False
166,18.20462802099064,18.119999999999997,0.10000000000000142,159,1.9058196084715517,-0.06194802269039117,-0.6714671633176671,2.8078066273835804,0.47271883487701416,-0.013363253222922122,-0.4514033081335219,-0.010863253222922122,0.0,-0.0025,True,True,20,1.0,50,0.004,0.1,0.04,0.9990140795707703,0.12652648985385895,0,False
167,18.404844114091247,18.32,0.1999999999999993,319,1.9406977723814807,-0.08825542307881273,-0.6177397081431202,2.8508101948841555,0.4799588620662689,-0.021501783665158695,-0.4729050917986806,-0.021501783665158695,0.0,-0.0,False,False,20,1.0,50,0.044,0.1,0.04,0.9989984035491943,0.1364726722240448,0,False
168,18.60499788587913,18.52,0.1999999999999993,318,1.977020839405278,-0.11254240000809118,-0.5598354778917284,2.893345199011095,0.48712000250816345,-0.021267501979268535,-0.49417259377794914,-0.021267501979268535,0.0,-0.0,False,False,20,1.0,50,0.084,0.1,0.04,0.9990055561065674,0.14627306163311005,0,False
169,18.7051322767511,18.619999999999997,0.10000000000000142,159,1.995771925242129,-0.12391632928698888,-0.5304843026097715,2.9144684324121126,0.49067628383636475,-0.010561616658693644,-0.5047342104366428,-0.010561616658693644,0.0,-0.0,False,False,20,1.0,50,0.104,0.1,0.04,0.9989829063415527,0.15146538615226746,0,False
170,18.905540628824383,18.82,0.1999999999999993,317,2.0342466914521435,-0.14493242843037504,-0.4684273733055763,2.956162075860969,0.49769577383995056,-0.02084682164189244,-0.5255810320785352,-0.02084682164189244,0.0,-0.0,False,False,20,1.0,50,0.144,0.1,0.04,0.9988582730293274,0.16228920221328735,0,False
171,19.105412671808153,19.02,0.1999999999999993,317,2.073957636079831,-0.16342225816785966,-0.401923349290994,2.996947977345337,0.5045624375343323,-0.020392950661445242,-0.5459739827399804,-0.020392950661445242,0.0,-0.0,False,False,20,1.0,50,0.184,0.1,0.04,0.9987009763717651,0.17388586699962616,0,False
172,19.205403892789036,19.119999999999997,0.10000000000000142,157,2.0942584694063933,-0.17164358579575292,-0.36685689718431785,3.0169444990451124,0.5079290270805359,-0.012498260810302995,-0.5584722435502835,-0.009998260810302995,0.0,-0.0025,True,True,21,1.0,50,0.004,0.1,0.042,0.9897489547729492,-0.3481456935405731,0,False
173,19.405471284873784,19.32,0.1999999999999993,318,2.1342878006304824,-0.18960092623896477,-0.5217834215420754,3.0577011927634627,0.5147907733917236,-0.02037834677849417,-0.5788505903287776,-0.02037834677849417,0.0,-0.0,False,False,21,1.0,50,0.044,0.1,0.042,0.9831329584121704,-0.6957967877388,0,False
174,19.605507668107748,19.52,0.1999999999999993,317,2.168457313401271,-0.21658406640027578,-0.833593409625084,3.100879121776327,0.5220601558685303,-0.0215889644209582,-0.6004395547497359,-0.0215889644209582,0.0,-0.0,False,False,21,1.0,50,0.084,0.1,0.042,0.9999985098838806,-0.44499531388282776,0,False
175,19.70560854813084,19.619999999999997,0.10000000000000142,155,2.1825304165886488,-0.23363186543049083,-0.919369953526191,3.1229074418903764,0.5257688164710999,-0.011014160013417856,-0.6114537147631537,-0.011014160013417856,0.0,-0.0,False,False,21,1.0,50,0.104,0.1,0.042,0.999998152256012,-0.44978490471839905,0,False
176,19.905933699104935,19.82,0.1999999999999993,317,2.2059304070434083,-0.2712169588192615,-1.1057975985139306,3.1661579477763766,0.5330504179000854,-0.021625252857382416,-0.6330789676205361,-0.021625252857382416,0.0,-0.0,False,False,21,1.0,50,0.144,0.1,0.042,0.9999966621398926,-0.4582345187664032,0,False
177,20.105725401081145,20.02,0.1999999999999993,316,2.2221100610540936,-0.3124385114799407,-1.2913036639068647,3.207045987933426,0.5399342775344849,-0.020444019997583742,-0.6535229876181198,-0.020444019997583742,0.0,-0.0,False,False,21,1.0,50,0.184,0.1,0.042,0.9999940991401672,-0.47916170954704285,0,False
178,20.205768472049385,20.119999999999997,0.10000000000000142,157,2.2272214203039975,-0.33401786834657504,-1.3874282430112035,3.2261673387532426,0.5431535243988037,-0.01206067537205606,-0.6655836629901758,-0.009560675372056059,0.0,-0.0025,True,True,22,1.0,50,0.004,0.1,0.044,0.9845080971717834,0.008957385085523129,0,False
179,20.405790182761848,20.32,0.1999999999999993,317,2.23492332088374,-0.37676809150537116,-1.388499216734823,3.2625003835455866,0.549270510673523,-0.018166522324247956,-0.6837501853144238,-0.018166522324247956,0.0,-0.0,False,False,22,1.0,50,0.044,0.1,0.044,0.984793484210968,0.008619184605777264,0,False
180,20.605880034156144,20.52,0.1999999999999993,317,2.242816550346726,-0.4193847966937196,-1.386708978953045,3.2990377056832925,0.5554218888282776,-0.018268660996524515,-0.7020188463109482,-0.018268660996524515,0.0,-0.0,False,False,22,1.0,50,0.084,0.1,0.044,0.9850193858146667,0.008410106413066387,0,False
181,20.705973263829947,20.619999999999997,0.10000000000000142,158,2.246806792598453,-0.4406795025460887,-1.3846071751695486,3.3173872634131776,0.5585111975669861,-0.009174778828618202,-0.7111936251395664,-0.009174778828618202,0.0,-0.0,False,False,22,1.0,50,0.104,0.1,0.044,0.9851151704788208,0.007878587581217289,0,False
182,20.90609216503799,20.82,0.1999999999999993,310,2.254881785327855,-0.4832410641861981,-1.381619388942508,3.354247818161484,0.5647169947624207,-0.018430277301184857,-0.7296239024407513,-0.018430277301184857,0.0,-0.0,False,False,22,1.0,50,0.144,0.1,0.044,0.9853359460830688,0.006779149640351534,0,False
183,21.1062886537984,21.02,0.1999999999999993,318,2.2630788805411015,-0.5258046871606289,-1.3791740689210052,3.391344159239099,0.5709624886512756,-0.01854817046537248,-0.7481720729061238,-0.01854817046537248,0.0,-0.0,False,False,22,1.0,50,0.184,0.1,0.044,0.9855191111564636,0.005385763943195343,0,False
184,21.206341553945094,21.119999999999997,0.10000000000000142,158,2.2672170122186364,-0.5470892681012746,-1.3781310992158022,3.4099758816903947,0.5740993022918701,-0.011815861188764949,-0.7599879340948887,-0.009315861188764948,0.0,-0.0025,True,True,23,1.0,50,0.004,0.1,0.046,0.9928277134895325,0.0018699407810345292,0,False
185,21.40655602281913,21.32,0.1999999999999993,316,2.275598414333447,-0.5899810915199444,-1.3772100106687835,3.447658502289536,0.5804435014724731,-0.018841310224974955,-0.7788292443198637,-0.018841310224974955,0.0,-0.0,False,False,23,1.0,50,0.044,0.1,0.046,0.9929751753807068,0.0029771910049021244,0,False
186,21.60643365420401,21.52,0.1999999999999993,317,2.2840255751597707,-0.6328526109780563,-1.3758426087132898,3.4854965436072463,0.5868138670921326,-0.0189190205839519,-0.7977482649038156,-0.0189190205839519,0.0,-0.0,False,False,23,1.0,50,0.084,0.1,0.046,0.9931308031082153,0.004380395635962486,0,False
187,21.706440764013678,21.619999999999997,0.10000000000000142,159,2.2882623952831804,-0.6542767590027571,-1.374938361337984,3.504472740680791,0.5900086760520935,-0.009488098499207624,-0.8072363634030232,-0.009488098499207624,0.0,-0.0,False,False,23,1.0,50,0.104,0.1,0.046,0.9932129979133606,0.005238883662968874,0,False
188,21.906446184031665,21.82,0.1999999999999993,317,2.2968067813593436,-0.6971268161641604,-1.3726053776800975,3.5425717047082625,0.5964229702949524,-0.01904948193831587,-0.8262858453413391,-0.01904948193831587,0.0,-0.0,False,False,23,1.0,50,0.144,0.1,0.046,0.9933649301528931,0.00690224627032876,0,False
189,22.106550603173673,22.02,0.1999999999999993,316,2.3054697056810682,-0.7399748866716488,-1.3696244168734282,3.580873175913459,0.6028713583946228,-0.01915073552677747,-0.8454365808681166,-0.01915073552677747,0.0,-0.0,False,False,23,1.0,50,0.184,0.1,0.046,0.9934744834899902,0.008478106930851936,0,False
190,22.206452833022922,22.119999999999997,0.10000000000000142,157,2.3098526317433348,-0.7613888460491088,-1.367899633050352,3.6000954262886102,0.6061075925827026,-0.012111125149523758,-0.8575477060176403,-0.009611125149523758,0.0,-0.0025,True,True,24,1.0,50,0.004,0.1,0.048,0.9999937415122986,-0.045735713094472885,0,False
191,22.406922080088407,22.32,0.1999999999999993,319,2.3183711728099157,-0.8045433905272695,-1.3853877083955874,3.6387233164061543,0.612610936164856,-0.019313944982305174,-0.8768616509999455,-0.019313944982305174,0.0,-0.0,False,False,24,1.0,50,0.044,0.1,0.048,0.9999938607215881,-0.047043971717357635,0,False
192,22.606754729989916,22.52,0.1999999999999993,318,2.326081225824759,-0.8478958126540141,-1.4042409889323921,3.677113650026751,0.619074285030365,-0.01919516673430171,-0.8960568177342472,-0.01919516673430171,0.0,-0.0,False,False,24,1.0,50,0.084,0.1,0.048,0.9999939799308777,-0.04846487194299698,0,False
193,22.707145916763693,22.619999999999997,0.10000000000000142,159,2.329626346784766,-0.8696314146864126,-1.4140131438695687,3.696206678164368,0.6222887635231018,-0.009546514031012353,-0.9056033317652595,-0.009546514031012353,0.0,-0.0,False,False,24,1.0,50,0.104,0.1,0.048,0.9999939799308777,-0.04921398311853409,0,False
194,22.906942756846547,22.82,0.1999999999999993,315,2.3360747669595345,-0.9131953846055527,-1.43390547316661,3.7341601344120403,0.628678560256958,-0.01897672804870444,-0.924580059813964,-0.01897672804870444,0.0,-0.0,False,False,24,1.0,50,0.144,0.1,0.048,0.9999940991401672,-0.05074811354279518,0,False
195,23.1070758048445,23.02,0.1999999999999993,317,2.341642018416375,-0.9568735296857542,-1.454423941163903,3.7717885878814754,0.6350136399269104,-0.01881422666022915,-0.9433942864741931,-0.01881422666022915,0.0,-0.0,False,False,24,1.0,50,0.184,0.1,0.048,0.999994158744812,-0.05234939232468605,0,False
196,23.2071899631992,23.119999999999997,0.10000000000000142,158,2.344086693274031,-0.978758308636666,-1.464921405375183,3.790480496032445,0.6381605863571167,-0.01184595403848271,-0.9552402405126759,-0.00934595403848271,0.0,-0.0025,True,True,25,1.0,50,0.004,0.1,0.05,0.9998185038566589,-0.08108669519424438,0,False
197,23.40721168089658,23.32,0.1999999999999993,315,2.3480469329367852,-1.0226355906563487,-1.4974437192160555,3.8274862045270224,0.6443908214569092,-0.01850285417403307,-0.9737430946867089,-0.01850285417403307,0.0,-0.0,False,False,25,1.0,50,0.044,0.1,0.05,0.9998282194137573,-0.08153089880943298,0,False
198,23.60732939792797,23.52,0.1999999999999993,317,2.3505704477825273,-1.066611597550995,-1.529976467942844,3.863843677632763,0.6505119204521179,-0.018178736480897875,-0.9919218311676068,-0.018178736480897875,0.0,-0.0,False,False,25,1.0,50,0.084,0.1,0.05,0.999840259552002,-0.08210049569606781,0,False
199,23.707599976100028,23.619999999999997,0.10000000000000142,158,2.3512920135207995,-1.0886262139193612,-1.5464352853752188,3.881776183867263,0.653531014919281,-0.008966253081751308,-1.0008880842493582,-0.008966253081751308,0.0,-0.0,False,False,25,1.0,50,0.104,0.1,0.05,0.9998459815979004,-0.08238350600004196,0,False
200,23.907734713051468,23.82,0.1999999999999993,317,2.35164706389525,-1.1326817771081774,-1.5794663924604924,3.9171338662913673,0.659483790397644,-0.01767884114205886,-1.018566925391417,-0.01767884114205886,0.0,-0.0,False,False,25,1.0,50,0.144,0.1,0.05,0.99985671043396,-0.08294399827718735,0,False
201,24.10760958120227,24.02,0.1999999999999993,314,2.3505405203172027,-1.1767223343137565,-1.6128706219378526,3.9517852518281265,0.6653176546096802,-0.017325692699784515,-1.0358926180912014,-0.017325692699784515,0.0,-0.0,False,False,25,1.0,50,0.184,0.1,0.05,0.9998644590377808,-0.08461954444646835,0,False
202,24.20747632998973,24.119999999999997,0.10000000000000142,151,2.349432028650768,-1.1987219900985164,-1.6298280375910623,3.96883515247859,0.6681881546974182,-0.011024950291480233,-1.0469175683826817,-0.008524950291480232,0.0,-0.0025,True,True,26,1.0,50,0.004,0.1,0.052,0.9968042373657227,-0.09845651686191559,0,False
203,24.40779327508062,24.32,0.1999999999999993,317,2.345986069370233,-1.2425230660353799,-1.6695354498637487,4.002200334209973,0.6738054752349854,-0.016682590799642415,-1.063600159182324,-0.016682590799642415,0.0,-0.0,False,False,26,1.0,50,0.044,0.1,0.052,0.9970226287841797,-0.10074993222951889,0,False
204,24.60771014308557,24.52,0.1999999999999993,317,2.3407816205707372,-1.2861609276245844,-1.71000654560608,4.034614227852985,0.679262638092041,-0.016206946757340242,-1.0798071059396643,-0.016206946757340242,0.0,-0.0,False,False,26,1.0,50,0.084,0.1,0.052,0.9972137808799744,-0.10255198180675507,0,False
205,24.708029829896986,24.619999999999997,0.10000000000000142,158,2.337513078655792,-1.3078935723683296,-1.7305622221591488,4.050447669302988,0.6819283366203308,-0.007916720693658202,-1.0877238266333225,-0.007916720693658202,0.0,-0.0,False,False,26,1.0,50,0.104,0.1,0.052,0.997305154800415,-0.10345080494880676,0,False
206,24.90767060779035,24.82,0.1999999999999993,316,2.3296282950620975,-1.3511405100684433,-1.7721889599080263,4.081336740543095,0.6871287822723389,-0.015444535558905929,-1.1031683621922284,-0.015444535558905929,0.0,-0.0,False,False,26,1.0,50,0.144,0.1,0.052,0.9974650740623474,-0.10484560579061508,0,False
207,25.10790349310264,25.02,0.1999999999999993,315,2.3199393076748556,-1.3940291304237828,-1.814152258892009,4.111149903893155,0.6921480894088745,-0.014906581616012788,-1.1180749438082411,-0.014906581616012788,0.0,-0.0,False,False,26,1.0,50,0.184,0.1,0.052,0.9976877570152283,-0.10509280115365982,0,False
208,25.208182279020548,25.119999999999997,0.10000000000000142,159,2.3144204822727508,-1.4153146827197556,-1.8351862984026692,4.125641204240437,0.6945878267288208,-0.009745650144954232,-1.1278205939531953,-0.007245650144954233,0.0,-0.0025,True,True,27,1.0,50,0.004,0.1,0.054,0.979300856590271,-0.22869187593460083,0,False
209,25.408322704024613,25.32,0.1999999999999993,326,2.301429413841222,-1.4566440339904754,-1.9185054270020978,4.152705651283053,0.6991443634033203,-0.013532223467732082,-1.1413528174209273,-0.013532223467732082,0.0,-0.0,False,False,27,1.0,50,0.044,0.1,0.054,0.9848116040229797,-0.19829054176807404,0,False
210,25.608461479190737,25.52,0.1999999999999993,324,2.2850305465675995,-1.496979963029564,-1.9933653141010321,4.177347800930573,0.7032930850982666,-0.012321074774978636,-1.153673892195906,-0.012321074774978636,0.0,-0.0,False,False,27,1.0,50,0.084,0.1,0.054,0.9893342852592468,-0.1671614646911621,0,False
211,25.7085864469409,25.619999999999997,0.10000000000000142,161,2.2757496121077727,-1.5167446531034887,-2.026395570359443,4.188857784942849,0.7052308917045593,-0.005754991983353264,-1.1594288841792593,-0.005754991983353264,0.0,-0.0,False,False,27,1.0,50,0.104,0.1,0.054,0.9909651875495911,-0.15371358394622803,0,False
212,25.908294334076345,25.82,0.1999999999999993,323,2.255348830077258,-1.5554416540475338,-2.0845288800280493,4.210435066342874,0.7088636159896851,-0.010788640657298516,-1.1702175248365578,-0.010788640657298516,0.0,-0.0,False,False,27,1.0,50,0.144,0.1,0.054,0.9932094216346741,-0.13060973584651947,0,False
213,26.108616896905005,26.02,0.1999999999999993,325,2.232861997343969,-1.5930465010990735,-2.134221440089873,4.2303257320179295,0.7122123837471008,-0.009945332798152757,-1.1801628576347105,-0.009945332798152757,0.0,-0.0,False,False,27,1.0,50,0.184,0.1,0.054,0.9947377443313599,-0.11334983259439468,0,False
214,26.20841332618147,26.119999999999997,0.10000000000000142,159,2.2209426990030483,-1.611458123170828,-2.1566058747675783,4.239718949569334,0.7137938141822815,-0.007196608757107733,-1.1873594663918183,-0.004696608757107733,0.0,-0.0025,True,True,28,1.0,50,0.004,0.1,0.056,0.9961711168289185,-0.6958513259887695,0,False
215,26.408582569099963,26.32,0.1999999999999993,325,2.19337588103371,-1.6456413851913885,-2.319945489017466,4.254597208562164,0.7162986993789673,-0.007439129466962466,-1.1947985958587808,-0.007439129466962466,0.0,-0.0,False,False,28,1.0,50,0.044,0.1,0.056,0.9987597465515137,-0.2601873576641083,0,False
216,26.608591123949736,26.52,0.1999999999999993,325,2.161567189130234,-1.6762438105926631,-2.4268816948661094,4.2646383074688785,0.7179892063140869,-0.005020549433479935,-1.1998191452922606,-0.005020549433479935,0.0,-0.0,False,False,28,1.0,50,0.084,0.1,0.056,0.9991913437843323,-0.24800556898117065,0,False
217,26.708853899966925,26.619999999999997,0.10000000000000142,161,2.144553299602971,-1.69031031999781,-2.4763074966512297,4.2681963444201685,0.7185882329940796,-0.0017790184686015823,-1.2015981637608621,-0.0017790184686015823,0.0,-0.0,False,False,28,1.0,50,0.104,0.1,0.056,0.9994650483131409,-0.24649856984615326,0,False
218,26.908800094854087,26.82,0.1999999999999993,323,2.1085370133542147,-1.715847495923873,-2.574396218765909,4.272405803062043,0.719296932220459,-0.002104729312604136,-1.2037028930734663,-0.002104729312604136,0.0,-0.0,False,False,28,1.0,50,0.144,0.1,0.056,0.9997192025184631,-0.24886548519134521,0,False
219,27.108831627760082,27.02,0.1999999999999993,321,2.0701712891614847,-1.737686958693159,-2.6757287769258262,4.272693986353421,0.7193454504013062,-0.0001440916451184787,-1.2038469847185849,-0.0001440916451184787,0.0,-0.0,False,False,28,1.0,50,0.184,0.1,0.056,0.9998072981834412,-0.2560114860534668,0,False
220,27.20868871593848,27.119999999999997,0.10000000000000142,161,2.050196863825768,-1.7471107794525238,-2.726904201809881,4.271316795931479,0.7191135883331299,-0.001811404791755277,-1.20565838951034,0.0006885952082447231,0.0,-0.0025,True,True,29,1.0,50,0.004,0.1,0.058,0.37559300661087036,-0.9993792176246643,0,False
221,27.408864548895508,27.32,0.1999999999999993,325,2.021257704453991,-1.7571942901695488,-2.9543259951195875,4.266379090323555,0.7182822823524475,0.002468852794187463,-1.2031895367161527,0.002468852794187463,0.0,-0.0,False,False,29,1.0,50,0.044,0.1,0.058,0.3854016065597534,-0.9450788497924805,0,False
222,27.609030472114682,27.52,0.1999999999999993,319,2.0026822080789315,-1.7573818779436046,2.9881415773918816,4.257775721571983,0.7168338298797607,0.0043016843587546805,-1.198887852357398,0.0043016843587546805,0.0,-0.0,False,False,29,1.0,50,0.084,0.1,0.058,0.4504804313182831,-0.7054049968719482,0,False
223,27.709037337917835,27.619999999999997,0.10000000000000142,162,1.992394025428013,-1.7550488470707328,2.8532049712656273,4.250885167026416,0.7156737446784973,0.003445277259143162,-1.195442575098255,0.003445277259143162,0.0,-0.0,False,False,29,1.0,50,0.104,0.1,0.058,0.5225831866264343,-0.5623937845230103,0,False
224,27.90920279081911,27.82,0.1999999999999993,323,1.9700253340188159,-1.7457881170709908,2.661951873542113,4.232248488105736,0.712536096572876,0.009318339423447486,-1.1861242356748074,0.009318339423447486,0.0,-0.0,False,False,29,1.0,50,0.144,0.1,0.058,0.5693098902702332,-0.3113824725151062,0,False
225,28.109455871861428,28.02,0.1999999999999993,321,1.9478160559373474,-1.732655563809603,2.5670778437840776,4.210309384440614,0.7088424563407898,0.010969551789130628,-1.1751546838856768,0.010969551789130628,0.0,-0.0,False,False,29,1.0,50,0.184,0.1,0.058,0.6166427135467529,-0.1286197155714035,0,False
226,28.20914981001988,28.119999999999997,0.10000000000000142,157,1.9364072573074775,-1.725066359049874,2.5433318279281276,4.1983083559257075,0.7068219780921936,0.0035005142336963376,-1.1716541696519804,0.006000514233696338,0.0,-0.0025,True,True,30,1.0,50,0.004,0.1,0.06,0.997286856174469,-0.8785280585289001,0,False
227,28.40974162891507,28.32,0.1999999999999993,314,1.9136801149912672,-1.7016945227766294,2.1850248301133273,4.16709888434322,0.7015675902366638,0.015604735729462122,-1.1560494339225182,0.015604735729462122,0.0,-0.0,False,False,30,1.0,50,0.044,0.1,0.06,0.9815846681594849,-0.7695788145065308,0,False
228,28.609388143755496,28.52,0.1999999999999993,313,1.8942719472976912,-1.6630044756368294,1.8920451616657785,4.123817223506801,0.694280743598938,0.02164083033253005,-1.1344086035899883,0.02164083033253005,0.0,-0.0,False,False,30,1.0,50,0.084,0.1,0.06,0.9623211622238159,-0.692275881767273,0,False
229,28.709719288162887,28.619999999999997,0.10000000000000142,156,1.8889351258090024,-1.642301050239722,1.7533954875089741,4.102978456045123,0.6907723546028137,0.010419383689587346,-1.123989219900401,0.010419383689587346,0.0,-0.0,False,False,30,1.0,50,0.104,0.1,0.06,0.9535853266716003,-0.6879664659500122,0,False
230,28.909752749837935,28.82,0.1999999999999993,314,1.8869129148637718,-1.6003703790914297,1.4868249113056127,4.064862498408332,0.6843551993370056,0.019057978742941867,-1.104931241157459,0.019057978742941867,0.0,-0.0,False,False,30,1.0,50,0.144,0.1,0.06,0.9285890460014343,-0.6243473291397095,0,False
231,29.010752900969237,28.919999999999998,0.10099999999999909,159,1.889899994456446,-1.579997303656701,1.362959018200076,4.048222214549177,0.6815536618232727,0.008320141896637035,-1.096611099260822,0.008320141896637035,0.0,-0.0,False,False,30,1.0,50,0.164,0.1,0.06,0.9130163788795471,-0.6020228266716003,0,False
232,29.110886265989393,29.02,0.10000000000000142,159,1.895114880891445,-1.5609300567455189,1.2374151373287732,4.033817298382602,0.6791284680366516,0.007202458054771598,-1.0894086412060504,0.007202458054771598,0.0,-0.0,False,False,30,1.0,50,0.184,0.1,0.06,0.8963499665260315,-0.5807980895042419,0,False
233,29.31091810716316,29.22,0.1999999999999993,322,1.912200437141401,-1.5259393387007931,1.0035070375750639,4.01107949507946,0.6753003597259521,0.008868901606560004,-1.0805397395994905,0.011368901606560004,0.0,-0.0025,True,True,31,1.0,50,0.024,0.1,0.062,0.9637303948402405,0.33082300424575806,0,False
234,29.511468465905637,29.419999999999998,0.1999999999999993,325,1.9333795683704071,-1.4913668736226005,1.0787549473393374,3.9909395898010502,0.6719096302986145,0.010069952599336253,-1.0704697870001543,0.010069952599336253,0.0,-0.0,False,False,31,1.0,50,0.064,0.1,0.062,0.9630639553070068,0.36157917976379395,0,False
235,29.611232263036072,29.52,0.10000000000000142,160,1.942578449076935,-1.47245244366851,1.1555839091326174,3.9788865183576014,0.6698803901672363,0.006026535697864424,-1.06444325130229,0.006026535697864424,0.0,-0.0,False,False,31,1.0,50,0.084,0.1,0.062,0.9610334038734436,0.39336976408958435,0,False
236,29.81145982304588,29.72,0.1999999999999993,323,1.9563299782093042,-1.4329371052359647,1.3225331519340213,3.9512382700281523,0.6652255654335022,0.013824124109992736,-1.050619127192297,0.013824124109992736,0.0,-0.0,False,False,31,1.0,50,0.124,0.1,0.062,0.9565805196762085,0.4605087637901306,0,False
237,30.011493402998894,29.919999999999998,0.1999999999999993,324,1.962721621466086,-1.3919267469044037,1.5172620476276721,3.9188573015031962,0.6597739458084106,0.016190484198377438,-1.0344286429939196,0.016190484198377438,0.0,-0.0,False,False,31,1.0,50,0.164,0.1,0.062,0.9535715579986572,0.5350506901741028,0,False
238,30.111712478101254,30.02,0.10000000000000142,162,1.96272740726399,-1.3711625018220834,1.6253185425702121,3.900901783089409,0.6567509770393372,0.008977759171349263,-1.0254508838225702,0.008977759171349263,0.0,-0.0,False,False,31,1.0,50,0.184,0.1,0.062,0.9571685791015625,0.5612636804580688,0,False
239,30.311857187189162,30.22,0.1999999999999993,324,1.9566067906392108,-1.3294878839152484,1.7300783645870144,3.8618387857665786,0.6501743793487549,0.01703149858408704,-1.008419385238483,0.01953149858408704,0.0,-0.0025,True,True,32,1.0,50,0.024,0.1,0.064,0.9157586097717285,-0.43201956152915955,0,False
240,30.51198198692873,30.419999999999998,0.1999999999999993,324,1.9535913521919919,-1.288843846816792,1.5538969663440017,3.825312084634697,0.6440247893333435,0.018263350493633458,-0.9901560347448496,0.018263350493633458,0.0,-0.0,False,False,32,1.0,50,0.064,0.1,0.064,0.9211968183517456,-0.4868447184562683,0,False
241,30.61197442188859,30.52,0.10000000000000142,162,1.954938475703197,-1.2684358015364101,1.4555663129473495,3.8084717718325085,0.6411895751953125,0.00842015636775748,-0.9817358783770921,0.00842015636775748,0.0,-0.0,False,False,32,1.0,50,0.084,0.1,0.064,0.9218935966491699,-0.5165693163871765,0,False
242,30.812260400969535,30.72,0.1999999999999993,321,1.9638357050326218,-1.2284319255042835,1.249364561722795,3.7788122590333795,0.6361961364746094,0.014829756340851243,-0.9669061220362408,0.014829756340851243,0.0,-0.0,False,False,32,1.0,50,0.124,0.1,0.064,0.9281333684921265,-0.5139725208282471,0,False
243,31.012034481856972,30.919999999999998,0.1999999999999993,318,1.9807373677200435,-1.1908994617671445,1.0478435954936667,3.755683602715887,0.6323022246360779,0.01156432811296136,-0.9553417939232794,0.01156432811296136,0.0,-0.0,False,False,32,1.0,50,0.164,0.1,0.064,0.9289697408676147,-0.48219650983810425,0,False
244,31.113122820854187,31.02,0.10099999999999909,163,1.9918826585500704,-1.1735321982431535,0.9517046830052616,3.7468525904061387,0.6308154463768005,0.004415506137392406,-0.9509262877858871,0.004415506137392406,0.0,-0.0,False,False,32,1.0,50,0.184,0.1,0.064,0.9312543272972107,-0.4711855351924896,0,False
245,31.21316851489246,31.119999999999997,0.10000000000000142,159,2.004647247857263,-1.1572632982122313,0.8578610207331748,3.739909284864975,0.6296464800834656,0.0009716527568370071,-0.9499546350290501,0.003471652756837007,0.0,-0.0025,True,True,33,1.0,50,0.004,0.1,0.066,0.6065218448638916,0.9999979138374329,0,False
246,31.313142890110612,31.22,0.10000000000000142,158,2.018161567839961,-1.1422805778902567,0.8418780599289805,3.734555235828721,0.6287450790405273,0.0026770245075283744,-0.9472776105215217,0.0026770245075283744,0.0,-0.0,False,False,33,1.0,50,0.024,0.1,0.066,0.6096332669258118,0.9999979734420776,0,False
247,31.513486477080733,31.419999999999998,0.1999999999999993,316,2.038288430397703,-1.1144632583268934,1.122973923812214,3.722163354299463,0.6266587972640991,0.006195940740098137,-0.9410816697814236,0.006195940740098137,0.0,-0.0,False,False,33,1.0,50,0.064,0.1,0.066,0.6198412775993347,0.9999938607215881,0,False
248,31.713398086838424,31.619999999999997,0.1999999999999993,316,2.0448634075627794,-1.0886947313444382,1.5250351671442275,3.7042545683113053,0.623643696308136,0.00895439295862715,-0.9321272768227965,0.00895439295862715,0.0,-0.0,False,False,33,1.0,50,0.104,0.1,0.066,0.6286401152610779,0.9999111890792847,0,False
249,31.81375521980226,31.72,0.10000000000000142,158,2.0442161652531836,-1.0753280332886266,1.7249624491204585,3.692758037573073,0.6217081546783447,0.005748265346357838,-0.9263790114764386,0.005748265346357838,0.0,-0.0,False,False,33,1.0,50,0.124,0.1,0.066,0.6256446242332458,0.9996942281723022,0,False
250,32.013579599093646,31.919999999999998,0.19999999999999574,315,2.0347156208043473,-1.049498729580743,2.1231632553842643,3.66599381096177,0.6172021627426147,0.013382113252669695,-0.912996898223769,0.013382113252669695,0.0,-0.0,False,False,33,1.0,50,0.164,0.1,0.066,0.69202721118927,0.9534677863121033,0,False
251,32.114785846788436,32.04,0.10099999999999909,161,2.0232680847762285,-1.034995699423267,2.3502580022703885,3.650801878263582,0.614644467830658,0.007595966319020502,-0.9054009319047485,0.007595966319020502,0.0,-0.0,False,False,33,1.0,50,0.184,0.1,0.066,0.7794691920280457,0.9291731119155884,0,False
252,32.214891369920224,32.14,0.10000000000000142,161,2.0108135871659933,-1.024466830797199,2.533665617615867,3.634368349984481,0.6118777394294739,0.005716764107018874,-0.8996841677977296,0.008216764107018874,0.0,-0.0025,True,True,34,1.0,50,0.008,0.1,0.068,0.9626468420028687,-0.5537167191505432,0,False
253,32.31480578519404,32.24,0.10000000000000142,161,1.9994471739427144,-1.0176341352259273,2.6382713621905483,3.6223074898034278,0.6098471879959106,0.006030430066651332,-0.8936537377310783,0.006030430066651332,0.0,-0.0,False,False,34,1.0,50,0.024,0.1,0.068,0.9624725580215454,-0.5600051283836365,0,False
254,32.41494923783466,32.34,0.10000000000000142,160,1.986949978216724,-1.0107656064804178,2.623302134653296,3.6101319227594675,0.6077973246574402,0.006087783497877672,-0.8875659542332006,0.006087783497877672,0.0,-0.0,False,False,34,1.0,50,0.048,0.1,0.068,0.9628311991691589,-0.5600237846374512,0,False
255,32.51517678098753,32.440000000000005,0.10000000000000142,162,1.9708715638202563,-1.0007750105426467,2.543102480695435,3.590123363919757,0.6044287085533142,0.010004279380246681,-0.8775616748529539,0.010004279380246681,0.0,-0.0,False,False,34,1.0,50,0.068,0.1,0.068,0.9635439515113831,-0.5567419528961182,0,False
256,32.715342367999256,32.620000000000005,0.19899999999999807,324,1.9414775547178862,-0.9758997417158329,2.3429543239062522,3.553211828343492,0.598214328289032,0.0184557677150633,-0.8591059071378906,0.0184557677150633,0.0,-0.0,False,False,34,1.0,50,0.104,0.1,0.068,0.9692347645759583,-0.5229908227920532,0,False
257,32.815495661925524,32.720000000000006,0.10000000000000142,160,1.9273062741670437,-0.9597053625004796,2.2398067179083334,3.531906798726108,0.5946274399757385,0.010652514766517065,-0.8484533923713735,0.010652514766517065,0.0,-0.0,False,False,34,1.0,50,0.124,0.1,0.068,0.9730433821678162,-0.4998185932636261,0,False
258,32.91557091521099,32.82,0.10000000000000142,162,1.914794414491066,-0.9421382482355322,2.1408962353590635,3.51035819404181,0.5909995436668396,0.010774302299492042,-0.8376790900718815,0.010774302299492042,0.0,-0.0,False,False,34,1.0,50,0.144,0.1,0.068,0.9708098769187927,-0.502119243144989,0,False
259,33.11589735979214,33.02,0.19999999999999574,324,1.8954549118511501,-0.9039951480200817,1.938672598925068,3.467843369825937,0.5838418006896973,0.02125741202377495,-0.8164216780481065,0.02125741202377495,0.0,-0.0,False,False,34,1.0,50,0.184,0.1,0.068,0.9497900605201721,-0.5232469439506531,0,False
260,33.21556307608262,33.120000000000005,0.10000000000000142,160,1.8889274592381196,-0.8839835176963602,1.8336339829190154,3.447521845347924,0.5804204940795898,0.0076607621987785125,-0.808760915849328,0.010160762198778513,0.0,-0.0025,True,True,35,1.0,50,0.004,0.1,0.07,0.9240071773529053,0.45681846141815186,0,False
261,33.31572762783617,33.220000000000006,0.10000000000000142,162,1.8841447012443258,-0.8636397790089088,1.7962242829946835,3.4278906862485203,0.5771154165267944,0.009815579510840531,-0.7989453363384874,0.009815579510840531,0.0,-0.0,False,False,35,1.0,50,0.024,0.1,0.07,0.9254919290542603,0.4524247944355011,0,False
262,33.41576992208138,33.32,0.10000000000000142,162,1.8789199022265743,-0.8438811630405262,1.8760768477174328,3.4085186796912397,0.5738539695739746,0.00968600324029196,-0.7892593330981954,0.00968600324029196,0.0,-0.0,False,False,35,1.0,50,0.044,0.1,0.07,0.9238347411155701,0.46548616886138916,0,False
263,33.6158234491013,33.52,0.19999999999999574,322,1.8632990025243485,-0.8067474602646256,2.0658202928162104,3.3689338369488864,0.5671895146369934,0.019792421292815422,-0.76946691180538,0.019792421292815422,0.0,-0.0,False,False,35,1.0,50,0.084,0.1,0.07,0.9236321449279785,0.520333468914032,0,False
264,33.71621784986928,33.620000000000005,0.10000000000000142,160,1.8528300949125358,-0.7895408592113029,2.1717327757259572,3.348808447045104,0.5638012290000916,0.010062694912051409,-0.7594042168933286,0.010062694912051409,0.0,-0.0,False,False,35,1.0,50,0.104,0.1,0.07,0.9231308102607727,0.5569092035293579,0,False
265,33.81618535378948,33.720000000000006,0.10000000000000142,161,1.840571711517117,-0.7735781546329996,2.284518525396359,3.328729435533423,0.5604207515716553,0.010039505716092509,-0.7493647111772361,0.010039505716092509,0.0,-0.0,False,False,35,1.0,50,0.124,0.1,0.07,0.9260960817337036,0.5937078595161438,0,False
266,33.91582227917388,33.82,0.10000000000000142,161,1.8265235040666181,-0.759113145894957,2.4043924076262013,3.3089113467315032,0.5570842027664185,0.00990904436172854,-0.7394556668155076,0.00990904436172854,0.0,-0.0,False,False,35,1.0,50,0.144,0.1,0.07,0.9286224842071533,0.6228556632995605,0,False
267,34.11616242304444,34.02,0.19999999999999574,325,1.793609638301234,-0.7358014134793279,2.647642917797643,3.271336706358247,0.5507581830024719,0.01878732011224633,-0.7206683467032612,0.01878732011224633,0.0,-0.0,False,False,35,1.0,50,0.184,0.1,0.07,0.9305583238601685,0.5567704439163208,0,False
268,34.21696396218613,34.14,0.10099999999999909,161,1.7714953233888044,-0.7256685919047611,2.773176729893362,3.2540889009659155,0.5478543639183044,0.00612390266202229,-0.7145444440412388,0.00862390266202229,0.0,-0.0025,True,True,36,1.0,50,0.004,0.1,0.072,0.9948642253875732,-0.40719088912010193,0,False
269,34.318165538832545,34.24,0.10099999999999909,161,1.752308624644956,-0.7183638412131303,2.761997919054057,3.234206024028465,0.5445069074630737,0.009941438429365627,-0.7046030056118732,0.009941438429365627,0.0,-0.0,False,False,36,1.0,50,0.028,0.1,0.072,0.9949632883071899,-0.4085755944252014,0,False
270,34.41845205007121,34.34,0.10000000000000142,160,1.7319978014392243,-0.709204602761704,2.6735990840606676,3.215525798983903,0.541361927986145,0.009340112485302015,-0.6952628931265712,0.009340112485302015,0.0,-0.0,False,False,36,1.0,50,0.048,0.1,0.072,0.9945604205131531,-0.40081578493118286,0,False
271,34.5189288710244,34.440000000000005,0.10000000000000142,163,1.7126739880225599,-0.6984147338750566,2.5931559792148255,3.1960436879995724,0.5380819439888,0.009741055453598976,-0.6855218376729723,0.009741055453598976,0.0,-0.0,False,False,36,1.0,50,0.068,0.1,0.072,0.9941601157188416,-0.3957882523536682,0,False
272,34.618576924782246,34.54,0.10000000000000142,162,1.6941813607358835,-0.6860553959883475,2.510874528817198,3.175711542515735,0.5346588492393494,0.010166072701669568,-0.6753557649713027,0.010166072701669568,0.0,-0.0,False,False,36,1.0,50,0.088,0.1,0.072,0.9936122894287109,-0.3934374749660492,0,False
273,34.7186353681609,34.64,0.10000000000000142,162,1.6769406666607607,-0.6724077345347412,2.4326751918818514,3.154978985112305,0.5311683416366577,0.010366278660673451,-0.6649894863106293,0.010366278660673451,0.0,-0.0,False,False,36,1.0,50,0.108,0.1,0.072,0.9931797981262207,-0.3922106921672821,0,False
274,34.918894251808524,34.84,0.19999999999999574,324,1.6459300139607707,-0.6412886230638014,2.276210930220252,3.1121522573587117,0.5239580869674683,0.02141336379201781,-0.6435761225186114,0.02141336379201781,0.0,-0.0,False,False,36,1.0,50,0.148,0.1,0.072,0.9925305843353271,-0.3932029604911804,0,False
275,35.01877188589424,34.940000000000005,0.10000000000000142,162,1.6323413348817304,-0.6240153513169825,2.1969747712145247,3.0903066185448482,0.5202801823616028,0.010922819363686623,-0.6326533031549247,0.010922819363686623,0.0,-0.0,False,False,36,1.0,50,0.168,0.1,0.072,0.9918129444122314,-0.4160218834877014,0,False
276,35.11882961820811,35.04,0.10000000000000142,165,1.620210688065538,-0.6057002367577553,2.112974726844216,3.06834733496866,0.5165831446647644,0.010979641744623991,-0.6216736614103008,0.010979641744623991,0.0,-0.0,False,False,36,1.0,50,0.188,0.1,0.072,0.9886792898178101,-0.43929851055145264,0,False
277,35.219256258104,35.14,0.10000000000000142,167,1.6097160914035928,-0.5864397400965028,2.02620872137947,3.046449653226255,0.5128964781761169,0.008448840827854485,-0.6132248205824463,0.010948840827854486,0.0,-0.0025,True,True,37,1.0,50,0.008,0.1,0.074,0.9123523831367493,0.29298487305641174,0,False
278,35.41938861180097,35.34,0.19999999999999574,333,1.5906715483727458,-0.549468377248279,2.0998011952583835,3.005000115894604,0.5059180855751038,0.020724768583772864,-0.5925000519986735,0.020724768583772864,0.0,-0.0,False,False,37,1.0,50,0.048,0.1,0.074,0.9162426590919495,0.2727503776550293,0,False
279,35.51979159284383,35.440000000000005,0.10000000000000142,164,1.5800615574248715,-0.5324084560608282,2.1537560328776015,2.9849097753100433,0.5025357007980347,0.010045170252509991,-0.5824548817461636,0.010045170252509991,0.0,-0.0,False,False,37,1.0,50,0.068,0.1,0.074,0.9194441437721252,0.25118476152420044,0,False
280,35.61970560485497,35.54,0.10000000000000142,162,1.568550867832132,-0.5158549797023254,2.2025467148842695,2.9647728793166177,0.4991454780101776,0.010068447956850276,-0.5723864337893133,0.010068447956850276,0.0,-0.0,False,False,37,1.0,50,0.088,0.1,0.074,0.921370804309845,0.21086929738521576,0,False
281,35.719252550043166,35.64,0.10000000000000142,162,1.5562924922369017,-0.49980279405782096,2.2426264381841094,2.944666430206556,0.49576038122177124,0.010053224515228625,-0.5623332092740847,0.010053224515228625,0.0,-0.0,False,False,37,1.0,50,0.108,0.1,0.074,0.9219900965690613,0.1667369157075882,0,False
282,35.91986744198948,35.84,0.19999999999999574,327,1.5301405152116636,-0.4688823376914183,2.2991071379535657,2.9046015180009244,0.4890151023864746,0.020032456023504223,-0.5423007532505805,0.020032456023504223,0.0,-0.0,False,False,37,1.0,50,0.148,0.1,0.074,0.932957649230957,0.10266944020986557,0,False
283,36.01942722592503,35.940000000000005,0.10000000000000142,162,1.5163378195265478,-0.4537117136201218,2.3185897384771086,2.8844378924761727,0.485620379447937,0.010081812722460412,-0.53221894052812,0.010081812722460412,0.0,-0.0,False,False,37,1.0,50,0.168,0.1,0.074,0.9410653710365295,0.08004789054393768,0,False
284,36.11944347806275,36.04,0.10000000000000142,162,1.502152853527571,-0.43865160309522927,2.3337557215663276,2.8641726593290313,0.4822085499763489,0.010132616533454092,-0.5220863239946659,0.010132616533454092,0.0,-0.0,False,False,37,1.0,50,0.188,0.1,0.074,0.9466087222099304,0.06217975541949272,0,False
285,36.21981633780524,36.14,0.10000000000000142,162,1.4876987539364037,-0.42371903276810036,2.348704956499383,2.843881404717619,0.47879233956336975,0.007645627265538024,-0.514440696729128,0.010145627265538025,0.0,-0.0025,True,True,38,1.0,50,0.008,0.1,0.076,0.9830776453018188,0.09967485070228577,0,False
286,36.419880201108754,36.34,0.19999999999999574,326,1.4564993033971099,-0.3939391022449566,2.396154327616669,2.8022017455930985,0.47177520394325256,0.020839829479752194,-0.49360086724937574,0.020839829479752194,0.0,-0.0,False,False,38,1.0,50,0.048,0.1,0.076,0.9909921884536743,0.06060342490673065,0,False
287,36.519917882978916,36.440000000000005,0.10000000000000142,161,1.4404363508163995,-0.3792223261792595,2.4072029384505447,2.7812866839062464,0.4682539701461792,0.010457530802023078,-0.4831433364473527,0.010457530802023078,0.0,-0.0,False,False,38,1.0,50,0.068,0.1,0.076,0.9921990633010864,0.050818972289562225,0,False
288,36.62035595299676,36.54,0.10000000000000142,162,1.424180254138901,-0.3646642845204303,2.41614064749693,2.760421363930007,0.4647411108016968,0.010432659946815208,-0.4727106765005375,0.010432659946815208,0.0,-0.0,False,False,38,1.0,50,0.088,0.1,0.076,0.9930933117866516,0.04245106503367424,0,False
289,36.72034799493849,36.64,0.10000000000000142,162,1.4077740155895906,-0.350236815769002,2.4242004875212775,2.7396059626811433,0.4612366557121277,0.010407700583226178,-0.46230297591731134,0.010407700583226178,0.0,-0.0,False,False,38,1.0,50,0.108,0.1,0.076,0.9938310384750366,0.03466404229402542,0,False
290,36.920094759203494,36.84,0.19999999999999574,325,1.3746211012172123,-0.32168181454206735,2.4363334823560643,2.698108453806517,0.45425018668174744,0.020748754355165558,-0.4415542215621458,0.020748754355165558,0.0,-0.0,False,False,38,1.0,50,0.148,0.1,0.076,0.9949050545692444,0.02198563888669014,0,False
291,37.020074740983546,36.940000000000005,0.10000000000000142,162,1.3579260655292853,-0.3075259099758795,2.4405183706703695,2.6774314796669034,0.4507690370082855,0.010338487028875236,-0.43121573453327056,0.010338487028875236,0.0,-0.0,False,False,38,1.0,50,0.168,0.1,0.076,0.995283842086792,0.016959814354777336,0,False
292,37.12146336492151,37.04,0.10099999999999909,163,1.3411786596776636,-0.29343293661344977,2.443713737382137,2.6568015919864454,0.44729581475257874,0.010314943799390575,-0.42090079073388,0.010314943799390575,0.0,-0.0,False,False,38,1.0,50,0.188,0.1,0.076,0.9955786466598511,0.01248113065958023,0,False
293,37.22179026482627,37.14,0.10000000000000142,162,1.3244267842539026,-0.27941980954681084,2.4481812034187986,2.636258973570514,0.4438372850418091,0.007771309167299909,-0.4131294815665801,0.01027130916729991,0.0,-0.0025,True,True,39,1.0,50,0.008,0.1,0.078,0.9349239468574524,0.41338032484054565,0,False
294,37.32187869492918,37.24,0.10000000000000142,163,1.3080171439976993,-0.2668427937837139,2.5344490696313913,2.617152138125325,0.440620481967926,0.009553417684771215,-0.4035760638818089,0.009553417684771215,0.0,-0.0,False,False,39,1.0,50,0.028,0.1,0.078,0.9335421323776245,0.39520174264907837,0,False
295,37.42134113004431,37.34,0.10000000000000142,160,1.290887120162549,-0.25581254990209834,2.6106948459856945,2.599053590166432,0.4375734329223633,0.009049273943619086,-0.3945267899381898,0.009049273943619086,0.0,-0.0,False,False,39,1.0,50,0.048,0.1,0.078,0.931953489780426,0.3636343777179718,0,False
296,37.52258805511519,37.440000000000005,0.10099999999999909,158,1.2729897865656066,-0.2461256480416934,2.680584082884163,2.581779055242775,0.43466511368751526,0.008637267427632203,-0.3858895225105576,0.008637267427632203,0.0,-0.0,False,False,39,1.0,50,0.068,0.1,0.078,0.9308419823646545,0.3270072042942047,0,False
297,37.72257351689041,37.64,0.19999999999999574,311,1.2353572828819919,-0.2302202921953614,2.7954890740792626,2.549507837111341,0.4292319715023041,0.016135609001833633,-0.36975391350872394,0.016135609001833633,0.0,-0.0,False,False,39,1.0,50,0.108,0.1,0.078,0.9383090138435364,0.22310563921928406,0,False
298,37.82229720009491,37.74,0.10000000000000142,158,1.2158554971573572,-0.22366408116722356,2.838441367687639,2.534361220704672,0.42668190598487854,0.007573308173350573,-0.3621806053353734,0.007573308173350573,0.0,-0.0,False,False,39,1.0,50,0.128,0.1,0.078,0.9393855929374695,0.17132021486759186,0,False
299,37.922799949068576,37.84,0.10000000000000142,159,1.1960766548520345,-0.21783482612378427,2.8706865222954874,2.519799644702182,0.42423033714294434,0.00728078797241912,-0.3548998173629543,0.00728078797241912,0.0,-0.0,False,False,39,1.0,50,0.148,0.1,0.078,0.9401938319206238,0.12977977097034454,0,False
300,38.02279782900587,37.940000000000005,0.10000000000000142,156,1.1761114956105652,-0.21255526694349852,2.8955674685122372,2.5057213244647185,0.42186012864112854,0.007039160090862733,-0.34786065727209153,0.007039160090862733,0.0,-0.0,False,False,39,1.0,50,0.168,0.1,0.078,0.9412515163421631,0.10732858628034592,0,False
301,38.22304347995669,38.14,0.19999999999999574,322,1.1357742473158723,-0.2032731342003658,2.935492376937707,2.478789108944621,0.41732585430145264,0.010966107706734477,-0.3368945495653571,0.013466107706734478,0.0,-0.0025,True,True,40,1.0,50,0.008,0.1,0.08,0.9986088275909424,-0.16123060882091522,0,False
302,38.323137409985065,38.24,0.10000000000000142,163,1.114921949453905,-0.19915894792139066,2.931424759179897,2.465633931130091,0.41511106491088867,0.006577588881223105,-0.33031696068413396,0.006577588881223105,0.0,-0.0,False,False,40,1.0,50,0.028,0.1,0.08,0.998635470867157,-0.16153398156166077,0,False
303,38.42317980108783,38.34,0.10000000000000142,162,1.093399659354741,-0.19420766282351343,2.902009244322797,2.4515444588365116,0.41273897886276245,0.007044736118898609,-0.32327222456523536,0.007044736118898609,0.0,-0.0,False,False,40,1.0,50,0.048,0.1,0.08,0.9989149570465088,-0.16053107380867004,0,False
304,38.523085311986506,38.440000000000005,0.10000000000000142,161,1.0720895979715064,-0.18858144874183577,2.868662098218355,2.43706077021007,0.41030052304267883,0.007241844284549153,-0.3160303802806862,0.007241844284549153,0.0,-0.0,False,False,40,1.0,50,0.068,0.1,0.08,0.9991598129272461,-0.15922795236110687,0,False
305,38.72387210978195,38.64,0.2010000000000005,324,1.0300347672333936,-0.1753284120136135,2.8041709860636583,2.406870384136468,0.405217707157135,0.015095192977036887,-0.3009351873036493,0.015095192977036887,0.0,-0.0,False,False,40,1.0,50,0.108,0.1,0.08,0.9994925856590271,-0.15661504864692688,0,False
306,38.82485598511994,38.74,0.10099999999999909,162,1.009340379421855,-0.16771660837269145,2.7730720502069746,2.391184574667429,0.40257686376571655,0.007842904703468167,-0.29309228260018116,0.007842904703468167,0.0,-0.0,False,False,40,1.0,50,0.128,0.1,0.08,0.9996052384376526,-0.15519200265407562,0,False
307,38.92612598882988,38.84,0.10099999999999909,163,0.9888976859223747,-0.15946771798553827,2.742157127922232,2.375125082810123,0.39987310767173767,0.008029745896862136,-0.28506253670331905,0.008029745896862136,0.0,-0.0,False,False,40,1.0,50,0.148,0.1,0.08,0.9996914863586426,-0.15379370748996735,0,False
308,39.02599185006693,38.940000000000005,0.10000000000000142,160,0.9687201078579591,-0.1505929968340413,2.7114328758910826,2.358700759402737,0.39710792899131775,0.008212161671179783,-0.2768503750321393,0.008212161671179783,0.0,-0.0,False,False,40,1.0,50,0.168,0.1,0.08,0.9997599124908447,-0.1522686928510666,0,False
309,39.12720245402306,39.04,0.10099999999999909,163,0.9488189369654138,-0.1411045190957869,2.6810272629514875,2.3419192161661115,0.39428260922431946,0.008390771585092348,-0.26845960344704695,0.008390771585092348,0.0,-0.0,False,False,40,1.0,50,0.188,0.1,0.08,0.9998127222061157,-0.15100912749767303,0,False
310,39.22677616588771,39.14,0.10000000000000142,160,0.929248547362405,-0.13103906770484633,2.6520647007412834,2.3248291327102777,0.3914053440093994,0.006045041694085795,-0.26241456175296113,0.008545041694085796,0.0,-0.0025,True,True,41,1.0,50,0.008,0.1,0.082,0.949609637260437,0.9180479049682617,0,False
311,39.328161519020796,39.24,0.10099999999999909,163,0.90993111207805,-0.12124063536838216,2.7173550474231103,2.3081672528059447,0.3886001706123352,0.008330939919183026,-0.2540836218337781,0.008330939919183026,0.0,-0.0,False,False,41,1.0,50,0.028,0.1,0.082,0.9518417716026306,0.9283450245857239,0,False
312,39.52923456393182,39.440000000000005,0.1939999999999955,323,0.8699122167881193,-0.11096739988664571,3.0815578647312476,2.2831843458882153,0.3843940794467926,0.012491453409409131,-0.24159216842436895,0.012491453409409131,0.0,-0.0,False,False,41,1.0,50,0.068,0.1,0.082,0.9462829828262329,0.9564827084541321,0,False
313,39.62866885680705,39.54,0.10000000000000142,162,0.8495309045945746,-0.11166751579658649,-3.010386589991398,2.276146336378448,0.3832091689109802,0.003519004740951369,-0.23807316368341758,0.003519004740951369,0.0,-0.0,False,False,41,1.0,50,0.088,0.1,0.082,0.9401870369911194,0.9683319926261902,0,False
314,39.72919753519818,39.64,0.10000000000000142,161,0.8297941050373442,-0.11622275043402781,-2.8161182353801704,2.2730942133379437,0.3826953172683716,0.0015260615142102308,-0.23654710216920735,0.0015260615142102308,0.0,-0.0,False,False,41,1.0,50,0.108,0.1,0.082,0.9329972267150879,0.9811608791351318,0,False
315,39.82877839775756,39.74,0.10000000000000142,158,0.8114977955245563,-0.1244336110966785,-2.6196659961392244,2.274147463082231,0.38287264108657837,-0.0005266248700586221,-0.23707372703926596,-0.0005266248700586221,0.0,-0.0,False,False,41,1.0,50,0.128,0.1,0.082,0.9159451723098755,0.9878464341163635,0,False
316,39.929484623949975,39.84,0.10000000000000142,155,0.7954886970759981,-0.13582791140051,-2.4223034495474396,2.2791584536303455,0.38371628522872925,-0.0025054952641376613,-0.23957922230340362,-0.0025054952641376613,0.0,-0.0,False,False,41,1.0,50,0.148,0.1,0.082,0.8964425921440125,0.9904126524925232,0,False
317,40.129468022845685,40.04,0.19999999999999574,302,0.7723387427153745,-0.1658854070564422,-2.026742055238218,2.2994709502534074,0.3871360719203949,-0.010156248271320804,-0.24973547057472442,-0.010156248271320804,0.0,-0.0,False,False,41,1.0,50,0.188,0.1,0.082,0.8783172369003296,0.9885334372520447,0,False
318,40.22883420716971,40.14,0.10000000000000142,153,0.7655760414099275,-0.1838698022879372,-1.831461808057526,2.3141723694992558,0.3896111845970154,-0.009850709593821581,-0.259586180168546,-0.007350709593821582,0.0,-0.0025,True,True,42,1.0,50,0.008,0.1,0.084,0.8614614009857178,-0.842292070388794,0,False
319,40.33014210918918,40.24,0.10099999999999909,159,0.7613843079268765,-0.2040914855669204,-1.741721924523863,2.331893163684316,0.3925946354866028,-0.008860397057450389,-0.2684465772259964,-0.008860397057450389,0.0,-0.0,False,False,42,1.0,50,0.028,0.1,0.084,0.8421982526779175,-0.8812063336372375,0,False
320,40.4296935708262,40.34,0.10000000000000142,155,0.7580347502302224,-0.2230751861083022,-1.7578662680732273,2.3487614451351764,0.39543455839157104,-0.008434140692038196,-0.2768807179180346,-0.008434140692038196,0.0,-0.0,False,False,42,1.0,50,0.048,0.1,0.084,0.8419424891471863,-0.8820651173591614,0,False
321,40.530155908782035,40.440000000000005,0.10000000000000142,156,0.7532115200401407,-0.2423271793493714,-1.9015581595287543,2.3654511166714176,0.3982444107532501,-0.008344835735082134,-0.28522555365311675,-0.008344835735082134,0.0,-0.0,False,False,42,1.0,50,0.068,0.1,0.084,0.8632202744483948,-0.840632975101471,0,False
322,40.73099323408678,40.64,0.19999999999999574,313,0.7345868332370632,-0.2767640654206642,-2.2293949123578987,2.392336245732359,0.4027707576751709,-0.013442564477249596,-0.29866811813036637,-0.013442564477249596,0.0,-0.0,False,False,42,1.0,50,0.108,0.1,0.084,0.8960954546928406,-0.7566636204719543,0,False
323,40.83041461696848,40.74,0.10000000000000142,156,0.7212014952150423,-0.2916342211194373,-2.3823480261404453,2.4024401855902027,0.40447184443473816,-0.005051969908920239,-0.30372008803928663,-0.005051969908920239,0.0,-0.0,False,False,42,1.0,50,0.128,0.1,0.084,0.9151026010513306,-0.7915192246437073,0,False
324,40.93040363583714,40.84,0.10000000000000142,158,0.7052266140524565,-0.30457902115688656,-2.541940433554608,2.410068191973535,0.4057560861110687,-0.0038140031765660255,-0.3075340912158527,-0.0038140031765660255,0.0,-0.0,False,False,42,1.0,50,0.148,0.1,0.084,0.9487683176994324,-0.7994726300239563,0,False
325,41.03047919506207,40.940000000000005,0.10000000000000142,157,0.6868469365509652,-0.3151157707058933,-2.7012913937598415,2.414854017198165,0.40656182169914246,-0.0023929126028410935,-0.30992700381869376,-0.0023929126028410935,0.0,-0.0,False,False,42,1.0,50,0.168,0.1,0.084,0.9600174427032471,-0.7750182747840881,0,False
326,41.23041488416493,41.14,0.19999999999999574,322,0.645848448331065,-0.32725896738038224,-3.0048774212344505,2.4152131842118054,0.4066222906112671,-0.002679583506109126,-0.3126065873248029,-0.00017958350610912597,0.0,-0.0025,True,True,43,1.0,50,0.008,0.1,0.086,0.9999905228614807,-0.46151161193847656,0,False
327,41.33045445289463,41.24,0.10000000000000142,160,0.624559373223157,-0.328968523321535,-3.103930415654576,2.411258806726489,0.40595653653144836,0.001977188734830294,-0.3106293985899726,0.001977188734830294,0.0,-0.0,False,False,43,1.0,50,0.028,0.1,0.086,0.9999905824661255,-0.44726479053497314,0,False
328,41.43049394199625,41.34,0.10000000000000142,162,0.602409165591887,-0.3287705070610858,3.088270395974034,2.4054248652437202,0.4049743413925171,0.002916970729835572,-0.3077124278601371,0.002916970729835572,0.0,-0.0,False,False,43,1.0,50,0.048,0.1,0.086,0.9999908208847046,-0.4324571490287781,0,False
329,41.53059196099639,41.440000000000005,0.10000000000000142,162,0.5803642571251992,-0.32663982306888645,3.002098022311188,2.3979315686175986,0.40371277928352356,0.003746648298227264,-0.30396577956190984,0.003746648298227264,0.0,-0.0,False,False,43,1.0,50,0.068,0.1,0.086,0.9999902844429016,-0.4085829555988312,0,False
330,41.73080257792026,41.64,0.19999999999999574,313,0.5371830910745524,-0.3169660185978311,2.841405515628377,2.3784232591522336,0.4004283845424652,0.009754154694064291,-0.2942116248678456,0.009754154694064291,0.0,-0.0,False,False,43,1.0,50,0.108,0.1,0.086,0.9999851584434509,-0.3912253677845001,0,False
331,41.83085415698588,41.74,0.10000000000000142,156,0.5163023406048398,-0.3095918974789993,2.7634197826121434,2.366597300216671,0.39843738079071045,0.005912979444370851,-0.2882986454234747,0.005912979444370851,0.0,-0.0,False,False,43,1.0,50,0.128,0.1,0.086,0.9999819397926331,-0.38222572207450867,0,False
332,41.93087126594037,41.84,0.10000000000000142,157,0.49604966315905563,-0.3006349242384012,2.687264741101389,2.3535051403700353,0.3962332010269165,0.006546079897400971,-0.28175256552607375,0.006546079897400971,0.0,-0.0,False,False,43,1.0,50,0.148,0.1,0.086,0.9999736547470093,-0.3730947971343994,0,False
333,42.030869784764946,41.940000000000005,0.10000000000000142,157,0.47652611798888583,-0.29018309416782323,2.6129720522043614,2.3392340488768526,0.3938305377960205,0.007135545718340647,-0.2746170198077331,0.007135545718340647,0.0,-0.0,False,False,43,1.0,50,0.168,0.1,0.086,0.9999597072601318,-0.36212992668151855,0,False
334,42.230915491934866,42.14,0.19999999999999574,316,0.44067503761110416,-0.2654306173272803,2.4623788001124685,2.3078930538389026,0.38855400681495667,0.01317049745693308,-0.2614465223508,0.01567049745693308,0.0,-0.0025,True,True,44,1.0,50,0.008,0.1,0.088,0.904122531414032,0.21649792790412903,0,False
335,42.33101001009345,42.24,0.10000000000000142,158,0.42687917091675237,-0.2536765379641352,2.420578013600686,2.2937488833653257,0.38617271184921265,0.007072085208789014,-0.254374437142011,0.007072085208789014,0.0,-0.0,False,False,44,1.0,50,0.028,0.1,0.088,0.917018711566925,0.22636649012565613,0,False
336,42.43183295382187,42.34,0.10000000000000142,158,0.41303382869690075,-0.24169747747726628,2.4431523720463626,2.2794307054129868,0.3837621212005615,0.007159088947825528,-0.2472153481941855,0.007159088947825528,0.0,-0.0,False,False,44,1.0,50,0.048,0.1,0.088,0.9060160517692566,0.2157861590385437,0,False
337,42.53146480489522,42.440000000000005,0.10000000000000142,154,0.39762903670238864,-0.22926623658769343,2.4854062378970365,2.264450661781002,0.3812400996685028,0.007490021786338199,-0.2397253264078473,0.007490021786338199,0.0,-0.0,False,False,44,1.0,50,0.068,0.1,0.088,0.9040988087654114,0.1958369016647339,0,False
338,42.73222602810711,42.64,0.19999999999999574,314,0.3653574491846261,-0.20623607774723657,2.5583185240095085,2.23628340030025,0.37649789452552795,0.014083630684616745,-0.22564169572323056,0.014083630684616745,0.0,-0.0,False,False,44,1.0,50,0.108,0.1,0.088,0.9027310609817505,0.16202417016029358,0,False
339,42.83172628004104,42.74,0.10000000000000142,151,0.3486700985768893,-0.1955870539125678,2.5904354412098636,2.223099899803521,0.37427833676338196,0.0065917502222668095,-0.21904994550096374,0.0065917502222668095,0.0,-0.0,False,False,44,1.0,50,0.128,0.1,0.088,0.9016619324684143,0.15415143966674805,0,False
340,42.93165076803416,42.84,0.10000000000000142,150,0.3316827798829525,-0.18548136677718516,2.6210035795338156,2.2105072812641757,0.3721582591533661,0.006296309244744565,-0.21275363625621918,0.006296309244744565,0.0,-0.0,False,False,44,1.0,50,0.148,0.1,0.088,0.9007272124290466,0.14512008428573608,0,False
341,43.03179711615667,42.940000000000005,0.10000000000000142,152,0.3144255762963333,-0.17589716612948966,2.649666513389892,2.198497578927845,0.3701363205909729,0.006004851144391278,-0.2067487851118279,0.006004851144391278,0.0,-0.0,False,False,44,1.0,50,0.168,0.1,0.088,0.8999457359313965,0.1360156387090683,0,False
342,43.23179961182177,43.14,0.19999999999999574,304,0.27907797145286584,-0.15812366171565148,2.7006530027043247,2.1760932752075997,0.36636435985565186,0.008702151815771598,-0.1980466332960563,0.011202151815771598,0.0,-0.0025,True,True,45,1.0,50,0.008,0.1,0.09,0.9047524333000183,-0.16356991231441498,0,False
343,43.33175666118041,43.24,0.10000000000000142,150,0.26096549253788753,-0.14934824157142243,2.6693865217520476,2.165132928246754,0.3645190894603729,0.005480173458725999,-0.19256645983733028,0.005480173458725999,0.0,-0.0,False,False,45,1.0,50,0.028,0.1,0.09,0.9052126407623291,-0.16465424001216888,0,False
344,43.431784968823195,43.34,0.10000000000000142,153,0.24331953137801815,-0.14004164442079034,2.6394052193863065,2.1538296998145325,0.36261609196662903,0.005651614193735105,-0.18691484564359517,0.005651614193735105,0.0,-0.0,False,False,45,1.0,50,0.048,0.1,0.09,0.9056801199913025,-0.16541996598243713,0,False
345,43.53187139611691,43.440000000000005,0.10000000000000142,150,0.22597705641850457,-0.1301432214528942,2.6073388109421836,2.142096143629645,0.36064064502716064,0.005866778069216263,-0.1810480675743789,0.005866778069216263,0.0,-0.0,False,False,45,1.0,50,0.068,0.1,0.09,0.9060420989990234,-0.16168491542339325,0,False
346,43.73262925911695,43.64,0.19999999999999574,306,0.19226048615794375,-0.10867768934516712,2.543281339866662,2.1174242551658167,0.3564869165420532,0.012335944183074304,-0.16871212339130462,0.012335944183074304,0.0,-0.0,False,False,45,1.0,50,0.108,0.1,0.09,0.9068012833595276,-0.1542818695306778,0,False
347,43.832113849930465,43.74,0.10000000000000142,150,0.17590744937518585,-0.09715616676007988,2.5125328693149767,2.1045207951893334,0.35431450605392456,0.006451729962698229,-0.1622603934286064,0.006451729962698229,0.0,-0.0,False,False,45,1.0,50,0.128,0.1,0.09,0.9071939587593079,-0.1507795751094818,0,False
348,43.93206752790138,43.84,0.10000000000000142,148,0.15990192761349048,-0.08513732402659675,2.4825411771921377,2.0912595843333204,0.35208186507225037,0.006630605401754948,-0.15562978802685146,0.006630605401754948,0.0,-0.0,False,False,45,1.0,50,0.148,0.1,0.09,0.9075947999954224,-0.1473921835422516,0,False
349,44.03202637517825,43.940000000000005,0.10000000000000142,148,0.14425018417869026,-0.07264225524915814,2.453210443349614,2.077655846039459,0.349791556596756,0.006801869120001064,-0.1488279189068504,0.006801869120001064,0.0,-0.0,False,False,45,1.0,50,0.168,0.1,0.09,0.9080033898353577,-0.14410386979579926,0,False
350,44.23206760082394,44.14,0.19999999999999574,303,0.11396126306389819,-0.046245518965713245,2.3975380603161462,2.0494165387358625,0.34503722190856934,0.011619653595896364,-0.13720826531095404,0.014119653595896365,0.0,-0.0025,True,True,46,1.0,50,0.008,0.1,0.092,0.9935128092765808,0.0731416791677475,0,False
351,44.33274088520557,44.24,0.10099999999999909,152,0.09787729138786831,-0.03167184780098809,2.4153418635838904,2.0340281174299166,0.3424464464187622,0.007694210622510374,-0.12951405468844365,0.007694210622510374,0.0,-0.0,False,False,46,1.0,50,0.028,0.1,0.092,0.9925957322120667,0.06988097727298737,0,False
352,44.43294672109187,44.34,0.10000000000000142,149,0.08148645830221478,-0.017254249603103698,2.4279991090653095,2.0188993797163857,0.3398993909358978,0.007564368826816985,-0.12194968586162666,0.007564368826816985,0.0,-0.0,False,False,46,1.0,50,0.048,0.1,0.092,0.9918315410614014,0.06691164523363113,0,False
353,44.53396016312763,44.440000000000005,0.10099999999999909,159,0.06490814727599115,-0.0030749048436636544,2.4403152002160744,2.00412626868122,0.3374122083187103,0.007386555488338433,-0.11456313037328823,0.007386555488338433,0.0,-0.0,False,False,46,1.0,50,0.068,0.1,0.092,0.9911056160926819,0.06371751427650452,0,False
354,44.63516645412892,44.54,0.10099999999999909,160,0.04815838766288704,0.010881483195322061,2.452822195341041,1.9897013496203422,0.3349836468696594,0.007212459501883576,-0.10735067087140465,0.007212459501883576,0.0,-0.0,False,False,46,1.0,50,0.088,0.1,0.092,0.9903150200843811,0.05990613251924515,0,False
355,44.73518789187074,44.64,0.10000000000000142,158,0.031253896560296396,0.024624930122396218,2.4647739536100475,1.9756223213158235,0.3326133191585541,0.007039514124388826,-0.10031115674701582,0.007039514124388826,0.0,-0.0,False,False,46,1.0,50,0.108,0.1,0.092,0.9894723892211914,0.05608276650309563,0,False
356,44.8352016787976,44.74,0.10000000000000142,159,0.01421529790674568,0.038159367056542666,2.4758680671656874,1.9618921930526478,0.3303017318248749,0.006865064104407987,-0.09344609264260784,0.006865064104407987,0.0,-0.0,False,False,46,1.0,50,0.128,0.1,0.092,0.9885194897651672,0.051363177597522736,0,False
357,44.93582067312673,44.84,0.10099999999999909,156,-0.0029401987008765267,0.051494762250100995,2.4859567635161923,1.94850742449554,0.3280482888221741,0.006692384252057723,-0.08675370839055012,0.006692384252057723,0.0,-0.0,False,False,46,1.0,50,0.148,0.1,0.092,0.9872845411300659,0.04700053110718727,0,False
358,45.03716832306236,44.940000000000005,0.10099999999999909,157,-0.02019445668373023,0.06464193205998367,2.495191830131247,1.9354634132086428,0.3258522152900696,0.006522005617627005,-0.08023170277292312,0.006522005617627005,0.0,-0.0,False,False,46,1.0,50,0.168,0.1,0.092,0.9859215617179871,0.043060436844825745,0,False
359,45.13779990701005,45.04,0.10099999999999909,158,-0.03753303693073147,0.077612122587022,2.5036491422751657,1.9227543176387525,0.3237125277519226,0.006354547759786524,-0.07387715501313659,0.006354547759786524,0.0,-0.0,False,False,46,1.0,50,0.188,0.1,0.092,0.9844609498977661,0.03906925395131111,0,False
360,45.23877734877169,45.14,0.1010000000000062,159,-0.05498058536110969,0.0904474587303068,2.510477586824483,1.9103438493493015,0.3216231167316437,0.00370523412015804,-0.07017192089297855,0.00620523412015804,0.0,-0.0025,True,True,47,1.0,50,0.008,0.1,0.094,0.9714416265487671,-0.26646047830581665,0,False
361,45.439840087201446,45.34,0.2009999999999934,317,-0.08831316394701559,0.11746538731625215,2.4052583245210433,1.8846049038336137,0.3172897398471832,0.012869472706891677,-0.057302448186086874,0.012869472706891677,0.0,-0.0,False,False,47,1.0,50,0.048,0.1,0.094,0.9657034277915955,-0.2621023654937744,0,False
362,45.53997122403234,45.440000000000005,0.10000000000000142,159,-0.10373536889942096,0.1321809734694925,2.354237766643014,1.8706974047731648,0.31494829058647156,0.006953749502693469,-0.05034869868339341,0.006953749502693469,0.0,-0.0,False,False,47,1.0,50,0.068,0.1,0.094,0.9630465507507324,-0.25704097747802734,0,False
363,45.64095258619636,45.54,0.10099999999999909,156,-0.11833896093549369,0.14763257211631983,2.302945156827573,1.85614361750828,0.3124980330467224,0.007276893603632101,-0.043071805079761306,0.007276893603632101,0.0,-0.0,False,False,47,1.0,50,0.088,0.1,0.094,0.9601597785949707,-0.2519019544124603,0,False
364,45.74120364105329,45.64,0.10000000000000142,159,-0.1321037986033736,0.16375547485305147,2.252533260941008,1.8409902744645883,0.30994683504104614,0.00757667149184862,-0.03549513358791269,0.00757667149184862,0.0,-0.0,False,False,47,1.0,50,0.108,0.1,0.094,0.957127034664154,-0.24682772159576416,0,False
365,45.84156424598768,45.74,0.10000000000000142,160,-0.14501344422814783,0.18048919855619644,2.2033085912410395,1.82528039071568,0.30730193853378296,0.007854941843355206,-0.027640191744557483,0.007854941843355206,0.0,-0.0,False,False,47,1.0,50,0.128,0.1,0.094,0.953976571559906,-0.24185580015182495,0,False
366,45.94149977294728,45.84,0.10000000000000142,159,-0.15705653824732316,0.19777461772812024,2.1551487915153733,1.809055919234563,0.30457040667533875,0.008112235708440942,-0.01952795603611654,0.008112235708440942,0.0,-0.0,False,False,47,1.0,50,0.148,0.1,0.094,0.9506627321243286,-0.23734647035598755,0,False
367,46.04167032893747,45.940000000000005,0.10000000000000142,158,-0.16822495475690624,0.2155523949162347,2.107961298863475,1.7923595210612997,0.30175942182540894,0.008348199053579848,-0.011179756982536692,0.008348199053579848,0.0,-0.0,False,False,47,1.0,50,0.168,0.1,0.094,0.9471055269241333,-0.2301061898469925,0,False
368,46.241637541912496,46.14,0.19999999999999574,316,-0.18805078006825052,0.2525085256456909,2.020265956571512,1.7575806834546437,0.29590409994125366,0.014889418734480632,0.0037096617519439407,0.017389418734480633,0.0,-0.0025,True,True,48,1.0,50,0.008,0.1,0.096,0.9980400800704956,0.4343065619468689,0,False
369,46.34191206796095,46.24,0.10000000000000142,158,-0.19756349456846595,0.271787958097891,2.063149769201535,1.7394677971378867,0.2928546369075775,0.009056443122522656,0.012766104874466597,0.009056443122522656,0.0,-0.0,False,False,48,1.0,50,0.028,0.1,0.096,0.9977284073829651,0.45159316062927246,0,False
370,46.44180856505409,46.34,0.10000000000000142,159,-0.20874865195133388,0.29048137660812495,2.155015166371795,1.7222166284270441,0.28995025157928467,0.008625584321271258,0.021391689195737855,0.008625584321271258,0.0,-0.0,False,False,48,1.0,50,0.048,0.1,0.096,0.996863842010498,0.47929903864860535,0,False
371,46.54184674099088,46.440000000000005,0.10000000000000142,157,-0.22160023795024378,0.30801749391690253,2.2530887382417757,1.7064323976373628,0.28729283809661865,0.007892115363594599,0.029283804559332452,0.007892115363594599,0.0,-0.0,False,False,48,1.0,50,0.068,0.1,0.096,0.9956729412078857,0.5133535861968994,0,False
372,46.74202701309696,46.64,0.19999999999999574,313,-0.2522013429146387,0.33858692506575044,2.467451313878054,1.6804459826859584,0.2829177975654602,0.012993207424260108,0.04227701198359256,0.012993207424260108,0.0,-0.0,False,False,48,1.0,50,0.108,0.1,0.096,0.9907975792884827,0.574384868144989,0,False
373,46.84214664902538,46.74,0.10000000000000142,155,-0.2697460975343385,0.35106006125411165,2.582707986090653,1.6708578696776697,0.2813035547733307,0.004794056485163924,0.047071068468756486,0.004794056485163924,0.0,-0.0,False,False,48,1.0,50,0.128,0.1,0.096,0.986935019493103,0.5784322619438171,0,False
374,46.942062105983496,46.84,0.10000000000000142,155,-0.2885439132450532,0.36137898118286577,2.6982041680999527,1.6638318973078368,0.2801206707954407,0.0035129861710080164,0.0505840546397645,0.0035129861710080164,0.0,-0.0,False,False,48,1.0,50,0.148,0.1,0.096,0.9819995164871216,0.5717201828956604,0,False
375,47.0420641717501,46.940000000000005,0.10000000000000142,155,-0.308290123796863,0.36942306245575207,2.8118242917663343,1.659464893746229,0.27938544750213623,0.0021835017721590247,0.05276755641192352,0.0021835017721590247,0.0,-0.0,False,False,48,1.0,50,0.168,0.1,0.096,0.9727945923805237,0.5436578392982483,0,False
376,47.242112554144114,47.14,0.19999999999999574,317,-0.3497471494083971,0.3790338925370804,2.986565201295229,1.6582684374400716,0.2791840136051178,-0.0019017718492897267,0.0508657845626338,0.0005982281507102734,0.0,-0.0025,True,True,49,1.0,50,0.008,0.1,0.098,0.995183527469635,-0.6125553846359253,0,False
377,47.34219672996551,47.24,0.10000000000000142,156,-0.3714604175405514,0.382924004029581,2.9257205112028117,1.659191933896533,0.2793394923210144,-0.0004617482264026197,0.05040403633623118,-0.0004617482264026197,0.0,-0.0,False,False,49,1.0,50,0.028,0.1,0.098,0.9946030378341675,-0.6092647910118103,0,False
378,47.44208844611421,47.34,0.10000000000000142,156,-0.3926786782055557,0.38907791351020565,2.7994562650276453,1.658091243659562,0.2791541814804077,0.0005503451163066062,0.050954381452537785,0.0005503451163066062,0.0,-0.0,False,False,49,1.0,50,0.048,0.1,0.098,0.9927935004234314,-0.599132239818573,0,False
379,47.5422794111073,47.440000000000005,0.10000000000000142,155,-0.4129658419839136,0.39770410466955325,2.6788032416509355,1.654658003526713,0.27857616543769836,0.0017166200596281172,0.0526710015121659,0.0017166200596281172,0.0,-0.0,False,False,49,1.0,50,0.068,0.1,0.098,0.9901397228240967,-0.5948876142501831,0,False
380,47.74231967283413,47.64,0.19999999999999574,312,-0.4496055932630476,0.4216875785563868,2.4444931400165104,1.6411018827422994,0.27629387378692627,0.006778060365371473,0.059449061877537374,0.006778060365371473,0.0,-0.0,False,False,49,1.0,50,0.108,0.1,0.098,0.980267345905304,-0.5800178647041321,0,False
381,47.84229508880526,47.74,0.10000000000000142,152,-0.4654626043546827,0.43658608984623787,2.3287035995363934,1.6312321360628912,0.27463221549987793,0.004934873320166185,0.06438393519770355,0.004934873320166185,0.0,-0.0,False,False,49,1.0,50,0.128,0.1,0.098,0.9733356833457947,-0.5768895745277405,0,False
382,47.94253801275045,47.84,0.10000000000000142,153,-0.47940020927487936,0.45308452861191617,2.2135876691578495,1.6194975177774213,0.2726565897464752,0.005867309119505346,0.0702512443172089,0.005867309119505346,0.0,-0.0,False,False,49,1.0,50,0.148,0.1,0.098,0.9634190797805786,-0.5656261444091797,0,False
383,48.04241999005899,47.940000000000005,0.10000000000000142,153,-0.49125356708528506,0.47086612681301027,2.1008182354042395,1.6061072617006373,0.2704022228717804,0.0066951280118849685,0.07694637232909388,0.0066951280118849685,0.0,-0.0,False,False,49,1.0,50,0.168,0.1,0.098,0.9531393647193909,-0.5660344958305359,0,False
384,48.242459271103144,48.14,0.19999999999999574,318,-0.5084255068387362,0.5095057974408279,1.8748704296139722,1.5748236200941415,0.26513534784317017,0.013141820741319575,0.09008819307041345,0.015641820741319576,0.0,-0.0025,True,True,50,1.0,50,0.008,0.1,0.1,0.9997216463088989,-0.2383040487766266,0,False
385,48.34264385513961,48.24,0.10000000000000142,158,-0.5144453438504442,0.530742646025262,1.827749283468759,1.5567181684814617,0.2620871365070343,0.009052725770498739,0.0991409188409122,0.009052725770498739,0.0,-0.0,False,False,50,1.0,50,0.028,0.1,0.1,0.9996371269226074,-0.22704580426216125,0,False
386,48.442599130794406,48.34,0.10000000000000142,159,-0.5193260709302316,0.5515650805349908,1.7710477024547735,1.5387212281449585,0.2590571939945221,0.008998470132625294,0.10813938897353749,0.008998470132625294,0.0,-0.0,False,False,50,1.0,50,0.048,0.1,0.1,0.9994957447052002,-0.21251830458641052,0,False
387,48.54267199616879,48.440000000000005,0.10000000000000142,157,-0.5231650160760406,0.5729977255479274,1.7253781643940023,1.5198806259124427,0.25588521361351013,0.009420301078961496,0.11755969005249899,0.009420301078961496,0.0,-0.0,False,False,50,1.0,50,0.068,0.1,0.1,0.9993497729301453,-0.20143285393714905,0,False
388,48.74267907720059,48.64,0.19999999999999574,309,-0.5280821354040669,0.6164440717132075,1.6422433836604198,1.4809110934408698,0.24932435154914856,0.01948476615864326,0.13704445621114225,0.01948476615864326,0.0,-0.0,False,False,50,1.0,50,0.108,0.1,0.1,0.9989355802536011,-0.1907801628112793,0,False
389,48.84271859191358,48.74,0.10000000000000142,159,-0.5292282109282882,0.638446010881431,1.6039732750844622,1.4607914565819091,0.2459370344877243,0.010059818389651976,0.14710427460079423,0.010059818389651976,0.0,-0.0,False,False,50,1.0,50,0.128,0.1,0.1,0.998655378818512,-0.19075988233089447,0,False
390,48.94275459693745,48.84,0.10000000000000142,159,-0.5295373405911985,0.66049276527929,1.565838216823508,1.440378237420276,0.24250029027462006,0.010206609540407008,0.15731088414120123,0.010206609540407008,0.0,-0.0,False,False,50,1.0,50,0.148,0.1,0.1,0.9982947111129761,-0.1869981735944748,0,False
391,49.04289671219885,48.940000000000005,0.10000000000000142,159,-0.5290190681381257,0.6825288042936252,1.5285756387584717,1.4197153361133799,0.23902150988578796,0.010331450612544297,0.16764233475374551,0.010331450612544297,0.0,-0.0,False,False,50,1.0,50,0.168,0.1,0.1,0.9977325201034546,-0.18027502298355103,0,False
392,49.24292567092925,49.14,0.19999999999999574,318,-0.525629949668871,0.7263729716362234,1.4601136693741967,1.3778289214088042,0.23196956515312195,0.018443207269370463,0.18608554202311597,0.020943207269370462,0.0,-0.0025,True,True,51,1.0,50,0.008,0.1,0.102,0.9916411638259888,-0.04066872224211693,0,False
393,49.34289962705225,49.24,0.10000000000000142,159,-0.5231373988525869,0.7480493881804714,1.454196297108348,1.3568541165641879,0.22843827307224274,0.010487402380786935,0.1965729444039029,0.010487402380786935,0.0,-0.0,False,False,51,1.0,50,0.028,0.1,0.102,0.9907110929489136,-0.04266561195254326,0,False
394,49.44299691077322,49.34,0.10000000000000142,159,-0.520475080121945,0.7696863980666602,1.4449067301931011,1.3358764794513516,0.22490650415420532,0.010488818514891305,0.20706176291879422,0.010488818514891305,0.0,-0.0,False,False,51,1.0,50,0.048,0.1,0.102,0.9898726344108582,-0.04289592057466507,0,False
395,49.54302999610081,49.440000000000005,0.10000000000000142,158,-0.51763780455582,0.7912855826897445,1.4356573999449251,1.314891407634438,0.22137348353862762,0.010492535866915223,0.21755429878570945,0.010492535866915223,0.0,-0.0,False,False,51,1.0,50,0.068,0.1,0.102,0.9889578223228455,-0.043152280151844025,0,False
396,49.74312149500474,49.64,0.19999999999999574,312,-0.5114104549411667,0.8343530718971682,1.4182377062787785,1.272899579447052,0.21430379152297974,0.020995914010567017,0.23855021279627647,0.020995914010567017,0.0,-0.0,False,False,51,1.0,50,0.108,0.1,0.102,0.9867641925811768,-0.04469245299696922,0,False
397,49.84300168091431,49.74,0.10000000000000142,155,-0.5080155616948387,0.8558139030849664,1.4092839351353905,1.25189521280289,0.21076752245426178,0.010502183280501218,0.2490523960767777,0.010502183280501218,0.0,-0.0,False,False,51,1.0,50,0.128,0.1,0.102,0.9855976700782776,-0.04553802311420441,0,False
398,49.94317168509588,49.84,0.10000000000000142,159,-0.5044307722827911,0.8772197802146301,1.4001658214452348,1.2308881909072718,0.207230806350708,0.010503510906224093,0.2595559069830018,0.010503510906224093,0.0,-0.0,False,False,51,1.0,50,0.148,0.1,0.102,0.9843418598175049,-0.04628241807222366,0,False
399,50.04320182884112,49.940000000000005,0.10000000000000142,159,-0.5006551363808963,0.8985586271195338,1.3908779454187679,1.209887895648676,0.20369522273540497,0.010500147587726157,0.27005605457072795,0.010500147587726157,0.0,-0.0,False,False,51,1.0,50,0.168,0.1,0.102,0.9829928874969482,-0.046917688101530075,0,False
400,50.24341155681759,50.14,0.19999999999999574,315,-0.4925172632042056,0.9410414215056575,1.371499025836652,1.167889783366177,0.19662447273731232,0.018499056058111047,0.288555110628839,0.020999056058111046,0.0,-0.0025,True,True,52,1.0,50,0.008,0.1,0.104,0.9855111837387085,-0.08394505828619003,0,False
401,50.34344046097249,50.24,0.10000000000000142,154,-0.48802647306230595,0.9622776153732131,1.353759209768608,1.1467508839815683,0.1930655539035797,0.010569449650458263,0.29912456027929724,0.010569449650458263,0.0,-0.0,False,False,52,1.0,50,0.028,0.1,0.104,0.9846644997596741,-0.0808611810207367,0,False
402,50.443083197809756,50.34,0.10000000000000142,154,-0.4831926290167365,0.9834235321466747,1.3375596439665884,1.1255678189144052,0.18949919939041138,0.010591532491648082,0.3097160927709453,0.010591532491648082,0.0,-0.0,False,False,52,1.0,50,0.048,0.1,0.104,0.9838916659355164,-0.07849559932947159,0,False
403,50.5433936198242,50.440000000000005,0.10000000000000142,156,-0.4780243574814981,1.0044763249632214,1.3220881879386424,1.104343508941289,0.1859259009361267,0.01061215494454295,0.32032824771548823,0.01061215494454295,0.0,-0.0,False,False,52,1.0,50,0.068,0.1,0.104,0.9831335544586182,-0.07643101364374161,0,False
404,50.743226930033416,50.64,0.19999999999999574,328,-0.46674029320642924,1.0462763266043518,1.2921274935375118,1.0618076197305304,0.17876461148262024,0.021267944521176235,0.3415961922366645,0.021267944521176235,0.0,-0.0,False,False,52,1.0,50,0.108,0.1,0.104,0.9815629720687866,-0.07258336246013641,0,False
405,50.84350687311962,50.74,0.10000000000000142,164,-0.4606464831060443,1.0670134150333535,1.277633154300123,1.040509051225023,0.17517881095409393,0.01064928421059154,0.352245476447256,0.01064928421059154,0.0,-0.0,False,False,52,1.0,50,0.128,0.1,0.104,0.9807509779930115,-0.07079394161701202,0,False
406,50.94350811699405,50.84,0.10000000000000142,159,-0.4542611897091314,1.0876437637942955,1.2635096923117055,1.01918941772463,0.1715894639492035,0.010659816707992712,0.3629052931552487,0.010659816707992712,0.0,-0.0,False,False,52,1.0,50,0.148,0.1,0.104,0.9799326062202454,-0.06913059204816818,0,False
407,51.04486765386537,50.940000000000005,0.10000000000000142,157,-0.44759235105552553,1.108169436657125,1.249753024859237,0.997848011162296,0.16799645125865936,-1.48932929676108,-1.1264240036058313,0.010670703238919978,-1.5,-0.0,False,False,52,1.0,50,0.168,0.1,0.104,0.9791138172149658,-0.0676010474562645,4,True
