ppo_step,t_wall_s,t_sim_s,ppo_step_sim_dt,inner_ticks,x,y,yaw,goal_distance_m,goal_distance_norm,ppo_reward,ppo_reward_cumulative,navigation_reward,terminal_reward,frame_cost_reward,fresh_observation,frame_consumed,episode_frame_count,current_fps,scan_divisor_k,obs_age_ratio,fps_ratio,frame_count_ratio,action_linear,action_angular,outcome,done
1,0.038323729764670134,0.040000000000000036,0.10000000000000003,24,2.4737414271586,2.4950021841370713,-2.976684160996804,1.7454047623771556,0.2938541769981384,0.0002258085482173561,0.0002258085482173561,0.0002258085482173561,0.0,-0.0,False,False,1,10.0,5,0.008,1.0,0.002,0.9999201893806458,0.07262936234474182,0,False
2,0.13838251400738955,0.14,0.09999999999999998,143,2.465844051295221,2.493692324895074,-2.9772059338788006,1.73746042703701,0.29251667857170105,0.002050544156014873,0.002276352704232229,0.004550544156014873,0.0,-0.0025,True,True,2,10.0,5,0.008,1.0,0.004,0.9999323487281799,0.10392621904611588,0,False
3,0.23858582694083452,0.24,0.10099999999999998,161,2.4482708098348986,2.4907627386103366,-2.9758805800824577,1.7197803467076114,0.2895400822162628,0.007627214269802434,0.009903566974034663,0.010127214269802435,0.0,-0.0025,True,True,3,10.0,5,0.008,1.0,0.006,0.9996281266212463,0.11546110361814499,0,False
4,0.3392221569083631,0.3400000000000001,0.10000000000000009,162,2.4266749995265107,2.4868682816515926,-2.9500177287598923,1.6979729435147168,0.2858686149120331,0.009991359806504282,0.019894926780538946,0.012491359806504282,0.0,-0.0025,True,True,4,10.0,5,0.008,1.0,0.008,0.9995707869529724,0.11951487511396408,0,False
5,0.4386681457981467,0.44000000000000006,0.09999999999999998,160,2.4051758649477466,2.482467681628572,-2.9273425136878783,1.6761159756279735,0.2821888029575348,0.010019750643280565,0.02991467742381951,0.012519750643280566,0.0,-0.0025,True,True,5,10.0,5,0.008,1.0,0.01,0.9978517293930054,0.06302247941493988,0,False
6,0.5390759771689773,0.54,0.09999999999999998,161,2.383759797306722,2.477719702848583,-2.917619966407572,1.6542404209810369,0.2785058617591858,0.010030397207071735,0.039945074630891246,0.012530397207071735,0.0,-0.0025,True,True,6,10.0,5,0.008,1.0,0.012,0.996584415435791,0.026218576356768608,0,False
7,0.6394723779521883,0.64,0.09999999999999998,162,2.3624036941053013,2.4728136848141147,-2.913392037209989,1.6323779655746173,0.2748251259326935,0.010022893914495143,0.04996796854538639,0.012522893914495143,0.0,-0.0025,True,True,7,10.0,5,0.008,1.0,0.014,0.9932500720024109,0.06446380168199539,0,False
8,0.7391278557479382,0.74,0.09999999999999998,161,2.341150632255901,2.467704609851913,-2.900583446471781,1.6105567550741506,0.2711513340473175,0.009999268682463397,0.05996723722784979,0.012499268682463397,0.0,-0.0025,True,True,8,10.0,5,0.008,1.0,0.016,0.9828152656555176,-0.07078444957733154,0,False
9,0.8394787581637502,0.8400000000000001,0.10000000000000009,162,2.319990991454165,2.4627311482211716,-2.9197161869137003,1.5888652978615097,0.2674993872642517,0.009924945527616786,0.06989218275546658,0.012424945527616787,0.0,-0.0025,True,True,9,10.0,5,0.008,1.0,0.018,0.9846103191375732,-0.22238071262836456,0,False
10,1.0395828359760344,1.04,0.19999999999999996,323,2.280778317165192,2.455887723081427,-3.0453767794900974,1.549367016316628,0.2608495056629181,0.020124759222890146,0.09001694197835672,0.022624759222890145,0.0,-0.0025,True,True,11,10.0,5,0.008,1.0,0.022,0.9998922348022461,0.19621270895004272,0,False
11,1.1395306619815528,1.14,0.10000000000000009,161,2.2619195225228332,2.4541503848797395,-3.040644172629336,1.5308367244709586,0.25772976875305176,0.008114218516361776,0.0981311604947185,0.010614218516361776,0.0,-0.0025,True,True,12,10.0,5,0.008,1.0,0.024,0.9996086359024048,0.21714165806770325,0,False
12,1.3390604848973453,1.34,0.19999999999999996,322,2.2186146278739303,2.4482619517379867,-2.979462094128537,1.4877520832925881,0.25047609210014343,0.022179039055347627,0.12031019955006612,0.024679039055347626,0.0,-0.0025,True,True,14,10.0,5,0.008,1.0,0.028,0.9993337988853455,0.05502067133784294,0,False
13,1.5399580257944763,1.54,0.19999999999999996,323,2.175295110820067,2.440937087415421,-2.975358966196941,1.4442514527194152,0.24315237998962402,0.02241731929257731,0.14272751884264342,0.02491731929257731,0.0,-0.0025,True,True,16,10.0,5,0.008,1.0,0.032,0.998760461807251,-0.028184639289975166,0,False
14,1.6398528320714831,1.64,0.10000000000000009,160,2.1536172739939032,2.437350054678742,-2.9805245853165143,1.4225170689415658,0.2394932061433792,0.009949534020182038,0.15267705286282546,0.012449534020182038,0.0,-0.0025,True,True,17,10.0,5,0.008,1.0,0.034,0.9980931878089905,0.03466695919632912,0,False
15,1.840091838967055,1.84,0.19999999999999973,324,2.1103387410196754,2.430126308480186,-2.9843997078992945,1.3791288440133713,0.232188418507576,0.022352932930602552,0.17502998579342802,0.02485293293060255,0.0,-0.0025,True,True,19,10.0,5,0.008,1.0,0.038,0.996415376663208,-0.19607019424438477,0,False
16,1.9398085759021342,1.9400000000000002,0.10000000000000009,160,2.088539126754861,2.427151349969392,-3.0251338241525603,1.357494474707038,0.22854608297348022,0.00989224536740135,0.18492223116082937,0.01239224536740135,0.0,-0.0025,True,True,20,10.0,5,0.008,1.0,0.04,0.9985837936401367,0.07070471346378326,0,False
17,2.039434614125639,2.04,0.10000000000000009,161,2.066773703487724,2.424371576871677,-3.006539304935604,1.33596666949248,0.22492168843746185,0.009831205068332112,0.19475343622916147,0.012331205068332112,0.0,-0.0025,True,True,21,10.0,5,0.008,1.0,0.042,0.9977520704269409,0.0011669466039165854,0,False
18,2.1395544479601085,2.1399999999999997,0.10000000000000009,158,2.0450098997964554,2.4214840653936958,-3.00677880898563,1.3144194809422918,0.22129403054714203,0.009842307913428668,0.20459574414259013,0.012342307913428668,0.0,-0.0025,True,True,22,10.0,5,0.008,1.0,0.044,0.9970325231552124,0.11814285069704056,0,False
19,2.340317860711366,2.34,0.20000000000000018,323,2.001750851904092,2.4145439354569915,-2.96041095040787,1.271240224303699,0.21402442455291748,0.02223323513483673,0.22682897927742685,0.024733235134836728,0.0,-0.0025,True,True,24,10.0,5,0.008,1.0,0.048,0.9957714080810547,0.09846183657646179,0,False
20,2.54032145999372,2.54,0.19999999999999973,323,1.9590369461563422,2.405456624518771,-2.8883005157187647,1.227909529823722,0.20672932267189026,0.02231997928077293,0.24914895855819977,0.024819979280772928,0.0,-0.0025,True,True,26,10.0,5,0.008,1.0,0.052,0.9950990676879883,0.2040385603904724,0,False
21,2.639730198774487,2.6399999999999997,0.10000000000000009,160,1.9380489972639205,2.3996015808557565,-2.848023629138344,1.2061662066993035,0.20306864380836487,0.009954654510386234,0.259103613068586,0.012454654510386234,0.0,-0.0025,True,True,27,10.0,5,0.008,1.0,0.054,0.9923092722892761,0.2051161378622055,0,False
22,2.840006765909493,2.84,0.19999999999999973,323,1.8969197068077155,2.3859675069867095,-2.8274070050758078,1.1628429469234036,0.19577479362487793,0.022315720655256513,0.2814193337238425,0.02481572065525651,0.0,-0.0025,True,True,29,10.0,5,0.008,1.0,0.058,0.6515138149261475,-0.19479995965957642,0,False
23,2.9398728418163955,2.9400000000000004,0.10000000000000009,162,1.8816689091566254,2.3811350159417297,-2.852972065297426,1.1468528456374858,0.19308272004127502,0.006659188131575731,0.2880785218554182,0.009159188131575732,0.0,-0.0025,True,True,30,10.0,5,0.008,1.0,0.06,0.9323429465293884,0.007495516445487738,0,False
24,3.0399792050011456,3.04,0.10000000000000009,161,1.862854331017696,2.3757906048991,-2.860746566052706,1.1273322335070408,0.18979625403881073,0.008681477574737093,0.2967599994301553,0.011181477574737093,0.0,-0.0025,True,True,31,10.0,5,0.008,1.0,0.062,0.9689015746116638,0.41330093145370483,0,False
25,3.1400711787864566,3.1399999999999997,0.10000000000000009,161,1.8431022255042682,2.369341497767535,-2.779855263236779,1.1065602013652953,0.18629910051822662,0.009398295505416146,0.30615829493557145,0.011898295505416146,0.0,-0.0025,True,True,32,10.0,5,0.008,1.0,0.064,0.9512521624565125,0.4742143154144287,0,False
26,3.3407786320894957,3.34,0.20000000000000018,323,1.8117872627071654,2.354504966792229,-2.613350679142433,1.0720947719388512,0.18049654364585876,0.01724192323786951,0.32340021817344095,0.01974192323786951,0.0,-0.0025,True,True,34,10.0,5,0.008,1.0,0.068,0.0032440011855214834,-0.5628213882446289,0,False
27,3.5407877508550882,3.54,0.19999999999999973,321,1.7894135554186503,2.3412946041086307,-2.6124512898142416,1.0466237412950925,0.1762082725763321,0.012089898925579266,0.3354901170990202,0.014589898925579266,0.0,-0.0025,True,True,36,10.0,5,0.008,1.0,0.072,0.037356745451688766,-0.4800054132938385,0,False
28,3.640755285974592,3.6399999999999997,0.10000000000000009,161,1.78051123875653,2.3361610153757173,-2.624553745661983,1.0365358214543676,0.17450988292694092,0.003278397148667661,0.3387685142476879,0.005778397148667661,0.0,-0.0025,True,True,37,10.0,5,0.008,1.0,0.074,-0.2401103377342224,-0.6294573545455933,0,False
29,3.740531412884593,3.74,0.09999999999999964,160,1.7786072361628649,2.335086678345586,-2.6561785188573515,1.0343863954005847,0.17414800822734833,-0.0012688009444414372,0.33749971330324646,0.0012311990555585628,0.0,-0.0025,True,True,38,10.0,5,0.008,1.0,0.076,-0.1656772345304489,-0.5153607130050659,0,False
30,3.840848185122013,3.84,0.10000000000000053,162,1.7805393688899687,2.3359787974390995,-2.748432482323822,1.0365033388782203,0.17450441420078278,-0.0037125929178855425,0.3337871203853609,-0.0012125929178855425,0.0,-0.0025,True,True,39,10.0,5,0.008,1.0,0.078,-0.05633394792675972,-0.5323246717453003,0,False
31,3.940836798865348,3.9400000000000004,0.09999999999999964,162,1.7813714321406546,2.3362660338424925,-2.8537457317536283,1.037383643244328,0.17465262115001678,-0.0030042415403164604,0.3307828788450444,-0.0005042415403164604,0.0,-0.0025,True,True,40,10.0,5,0.008,1.0,0.08,0.2697265148162842,-0.04962848871946335,0,False
32,4.041246409993619,4.04,0.10099999999999998,162,1.7790408250202558,2.3356722326263593,-2.907909584170417,1.034986393721301,0.17424902319908142,-0.0011268467605598936,0.3296560320844845,0.0013731532394401064,0.0,-0.0025,True,True,41,10.0,5,0.008,1.0,0.082,0.5001316070556641,0.7182649970054626,0,False
33,4.142510984092951,4.140000000000001,0.10099999999999998,164,1.7749192559883522,2.3346192608187364,-2.858268734732027,1.0307461341625352,0.17353513836860657,-7.116391378634472e-05,0.32958486817069815,0.0024288360862136553,0.0,-0.0025,True,True,42,10.0,5,0.008,1.0,0.084,0.4958280920982361,0.7319785356521606,0,False
34,4.242451348807663,4.24,0.09999999999999964,161,1.767241512626548,2.3319322094264905,-2.7435543104298583,1.022611948343272,0.1721656769514084,0.0021592912004528594,0.33174415937115104,0.0046592912004528595,0.0,-0.0025,True,True,43,10.0,5,0.008,1.0,0.086,0.2310352474451065,-0.03867793083190918,0,False
35,4.342443273868412,4.34,0.10000000000000053,161,1.7595751769268193,2.3284227621397746,-2.700754778954821,1.0142218847920146,0.1707531362771988,0.002305858895310479,0.3340500182664615,0.004805858895310479,0.0,-0.0025,True,True,44,10.0,5,0.008,1.0,0.088,-0.03194008395075798,-0.44189080595970154,0,False
36,4.4424810679629445,4.44,0.09999999999999964,161,1.7558137216359953,2.326646987798376,-2.723811107483105,1.0100881893250238,0.17005719244480133,-0.0001322042128554554,0.33391781405360604,0.0023677957871445447,0.0,-0.0025,True,True,45,10.0,5,0.008,1.0,0.09,-0.0908953994512558,-0.3823152184486389,0,False
37,4.542677470948547,4.54,0.10000000000000053,162,1.7565894492806977,2.326947174926026,-2.7905980445561083,1.01091928303081,0.17019711434841156,-0.0029760534952313743,0.33094176055837465,-0.0004760534952313745,0.0,-0.0025,True,True,46,10.0,5,0.008,1.0,0.092,0.03618977963924408,-0.4400639832019806,0,False
38,4.643028342165053,4.640000000000001,0.09999999999999964,160,1.7556680164429788,2.3266365304437455,-2.8755872167980683,1.0099469299475548,0.17003341019153595,-0.0019430326199561926,0.32899872793841844,0.0005569673800438073,0.0,-0.0025,True,True,47,10.0,5,0.008,1.0,0.094,0.47418391704559326,0.8366550207138062,0,False
39,4.74307202687487,4.74,0.09999999999999964,160,1.7549768496977527,2.326451757723108,-2.8682014615539835,1.0092331098477498,0.16991323232650757,-0.0020911212524981743,0.3269076066859203,0.0004088787475018256,0.0,-0.0025,True,True,48,10.0,5,0.008,1.0,0.096,0.362215131521225,0.9377137422561646,0,False
40,4.843243550043553,4.84,0.10000000000000053,162,1.7532097869042813,2.325833668849393,-2.754564744801798,1.0073611575711385,0.1695980727672577,-0.0014277389324660406,0.3254798677534542,0.0010722610675339595,0.0,-0.0025,True,True,49,10.0,5,0.008,1.0,0.098,0.1380268782377243,-0.022044796496629715,0,False
41,4.943045636173338,4.94,0.09999999999999964,161,1.7503645042888183,2.324579794520161,-2.725345706135054,1.0042632756972059,0.16907651722431183,-0.0007255220035575238,0.3247543457498967,0.0017744779964424763,0.0,-0.0025,True,True,50,10.0,5,0.008,1.0,0.1,-0.07833322882652283,-0.41767993569374084,0,False
42,5.043113890103996,5.04,0.10000000000000053,162,1.7496905254032828,2.324278325246099,-2.7838634544771534,1.003528036568988,0.16895273327827454,-0.002078852355177171,0.3226754933947195,0.00042114764482282895,0.0,-0.0025,True,True,51,10.0,5,0.008,1.0,0.102,-0.0022501014173030853,-0.4377738833427429,0,False
43,5.1431140238419175,5.140000000000001,0.09999999999999964,161,1.7495810709869986,2.3242345121187795,-2.8743551951123303,1.0034103204210971,0.16893291473388672,-0.002432571762656264,0.32024292163206325,6.74282373437364e-05,0.0,-0.0025,True,True,52,10.0,5,0.008,1.0,0.104,0.4198025166988373,0.9279795289039612,0,False
44,5.243375485762954,5.24,0.09999999999999964,162,1.7494902269768482,2.3242106689966535,-2.8543126724475982,1.0033165900446936,0.16891713440418243,-0.0024463108997390204,0.31779661073232424,5.368910026097967e-05,0.0,-0.0025,True,True,53,10.0,5,0.008,1.0,0.106,0.3702828884124756,0.9524113535881042,0,False
45,5.3432233217172325,5.34,0.10000000000000053,161,1.7477805538734423,2.3235817676473554,-2.738537082348297,1.0014954415792774,0.16861052811145782,-0.0014568395401617692,0.31633977119216244,0.0010431604598382309,0.0,-0.0025,True,True,54,10.0,5,0.008,1.0,0.108,0.15539191663265228,-0.054917190223932266,0,False
46,5.443268045783043,5.44,0.09999999999999964,161,1.7449853324066644,2.3223006810985085,-2.707286341481855,0.9984362378682232,0.16809548437595367,-0.0007476769958276431,0.3155920941963348,0.001752323004172357,0.0,-0.0025,True,True,55,10.0,5,0.008,1.0,0.11,-0.0319746769964695,-0.300185889005661,0,False
47,5.544488680083305,5.54,0.10099999999999998,162,1.7448593218115211,2.3222179916908554,-2.756528629811693,0.9982902875465148,0.16807091236114502,-0.0024163991252783117,0.3131756950710565,8.360087472168853e-05,0.0,-0.0025,True,True,56,10.0,5,0.008,1.0,0.112,-0.07397361099720001,-0.26189202070236206,0,False
48,5.644512195140123,5.640000000000001,0.10000000000000053,161,1.745224789702051,2.3223634133981226,-2.8051051288435893,0.9986831762536486,0.1681370586156845,-0.0027250480793751114,0.3104506469916814,-0.0002250480793751115,0.0,-0.0025,True,True,57,10.0,5,0.008,1.0,0.114,0.22003726661205292,0.008459172211587429,0,False
49,5.744545849040151,5.74,0.09999999999999964,162,1.7414618247244948,2.3210779235301167,-2.8092106763021025,0.9947066716728639,0.16746757924556732,-0.00022224372377456893,0.31022840326790685,0.002277756276225431,0.0,-0.0025,True,True,58,10.0,5,0.008,1.0,0.116,0.19053630530834198,0.06540039926767349,0,False
50,5.844665972050279,5.84,0.10000000000000053,159,1.7378307148369285,2.319803216974865,-2.7965485563734473,0.9908585042457949,0.1668197065591812,-0.0002957557118561348,0.3099326475560507,0.0022042442881438653,0.0,-0.0025,True,True,59,10.0,5,0.008,1.0,0.118,0.12372278422117233,0.05214377120137215,0,False
51,5.944727226160467,5.94,0.09999999999999964,159,1.7351466546570693,2.318826135924762,-2.786531541594833,0.9880026927962846,0.16633890569210052,-0.0008641808224561559,0.30906846673359456,0.0016358191775438442,0.0,-0.0025,True,True,60,10.0,5,0.008,1.0,0.12,0.15593810379505157,0.0972873866558075,0,False
52,6.044554051943123,6.04,0.09999999999999964,161,1.7321358372775364,2.3176787674806234,-2.7662056982266883,0.9847827578637494,0.16579680144786835,-0.0006556095679959198,0.30841285716559863,0.0018443904320040803,0.0,-0.0025,True,True,61,10.0,5,0.008,1.0,0.122,0.11571656912565231,0.09630720317363739,0,False
53,6.144859264139086,6.140000000000001,0.10000000000000053,162,1.729844309766385,2.3167542405374264,-2.7478319470524095,0.982315498210661,0.16538141667842865,-0.0010867447036133364,0.30732611246198527,0.0014132552963866637,0.0,-0.0025,True,True,62,10.0,5,0.008,1.0,0.124,-0.004936148412525654,-0.04444313049316406,0,False
54,6.2444947408512235,6.24,0.09999999999999964,161,1.7298031145825374,2.316735746720693,-2.758842246665596,0.9822705359526697,0.16537384688854218,-0.0024742454552101095,0.30485186700677513,2.5754544789890505e-05,0.0,-0.0025,True,True,63,10.0,5,0.008,1.0,0.126,-0.016704048961400986,-0.1175868809223175,0,False
55,6.3449696521274745,6.34,0.10000000000000053,162,1.7298092704186196,2.3167382945511488,-2.7834679162365044,0.9822771740813101,0.1653749644756317,-0.0025038023442110957,0.30234806466256403,-3.802344211095742e-06,0.0,-0.0025,True,True,64,10.0,5,0.008,1.0,0.128,0.24922402203083038,0.17123572528362274,0,False
56,6.444829527754337,6.44,0.09999999999999964,160,1.7264465494047545,2.315469525031855,-2.7659469973035784,0.9786849728946174,0.1647701859474182,-0.00044237410463661767,0.30190569055792743,0.0020576258953633824,0.0,-0.0025,True,True,65,10.0,5,0.008,1.0,0.13,0.10216249525547028,0.13886986672878265,0,False
57,6.5446040239185095,6.54,0.09999999999999964,159,1.7244467287428327,2.3146524265848702,-2.7403027043904484,0.9765284661702848,0.16440711915493011,-0.0012647451106162812,0.3006409454473111,0.0012352548893837189,0.0,-0.0025,True,True,66,10.0,5,0.008,1.0,0.132,0.04181142523884773,-0.040837958455085754,0,False
58,6.645001724828035,6.640000000000001,0.10000000000000053,160,1.723775815204484,2.3143683320175885,-2.751406371366732,0.9758018123551085,0.16428478062152863,-0.0020837700536901703,0.298557175393621,0.00041622994630982954,0.0,-0.0025,True,True,67,10.0,5,0.008,1.0,0.134,-0.049931157380342484,0.022498177364468575,0,False
59,6.745240177027881,6.74,0.09999999999999964,160,1.7244315229246292,2.314642394442128,-2.744512556195487,0.9765108530022921,0.16440415382385254,-0.0029061410596697068,0.2956510343339513,-0.00040614105966970695,0.0,-0.0025,True,True,68,10.0,5,0.008,1.0,0.136,0.13742581009864807,-0.09519314765930176,0,False
60,6.845110373105854,6.84,0.10000000000000053,158,1.7219991721642502,2.3136353773109257,-2.7608266377509283,0.9738837472115414,0.16396185755729675,-0.0009951842550097337,0.2946558500789416,0.0015048157449902664,0.0,-0.0025,True,True,69,10.0,5,0.008,1.0,0.138,0.050507061183452606,0.016142455860972404,0,False
61,6.945196656044573,6.94,0.09999999999999964,161,1.7209750602899034,2.3132214137968847,-2.7533285592139625,0.9727809327734053,0.1637761890888214,-0.0018683038817269974,0.2927875461972146,0.0006316961182730027,0.0,-0.0025,True,True,70,10.0,5,0.008,1.0,0.14,0.048465754836797714,0.029737314209342003,0,False
62,7.045308290049434,7.04,0.09999999999999964,161,1.7201186112713829,2.31287011618805,-2.7475921314450606,0.9718569937750343,0.16362063586711884,-0.0019707643837358303,0.29081678181347875,0.0005292356162641699,0.0,-0.0025,True,True,71,10.0,5,0.008,1.0,0.142,0.01623830571770668,-0.013808892108500004,0,False
63,7.145049366168678,7.140000000000001,0.10000000000000053,160,1.7196857150486582,2.312690712757042,-2.7521067686924847,0.9713894039936,0.16354191303253174,-0.0022321628737692026,0.28858461893970955,0.0002678371262307974,0.0,-0.0025,True,True,72,10.0,5,0.008,1.0,0.144,0.03860997036099434,0.02309310995042324,0,False
64,7.2453723177313805,7.24,0.09999999999999964,159,1.7191782182314865,2.3124814151073365,-2.747078099350615,0.9708415371098068,0.16344967484474182,-0.0021861798577760766,0.28639843908193346,0.0003138201422239233,0.0,-0.0025,True,True,73,10.0,5,0.008,1.0,0.146,-0.3373187184333801,0.4723259508609772,0,False
65,7.345464712008834,7.34,0.10000000000000053,160,1.722347010932808,2.3138821968900194,-2.703956062259492,0.9742925674274122,0.16403068602085114,-0.0044767627084736855,0.2819216763734598,-0.0019767627084736855,0.0,-0.0025,True,True,74,10.0,5,0.008,1.0,0.148,-0.13007259368896484,-0.19748210906982422,0,False
66,7.445160368923098,7.44,0.09999999999999964,159,1.726065977601917,2.3155975437463163,-2.72354880308078,0.9783659886863476,0.16471648216247559,-0.004833270501707633,0.27708840587175215,-0.0023332705017076326,0.0,-0.0025,True,True,75,10.0,5,0.008,1.0,0.15,-0.108613982796669,0.15998722612857819,0,False
67,7.545489950105548,7.54,0.09999999999999964,159,1.7286721329742427,2.3168049977176564,-2.6931495110519896,0.9812223311861491,0.16519737243652344,-0.004136123365080704,0.2729522825066715,-0.0016361233650807037,0.0,-0.0025,True,True,76,10.0,5,0.008,1.0,0.152,-0.056130923330783844,0.21323466300964355,0,False
68,7.645585114136338,7.640000000000001,0.10000000000000053,159,1.7295304774091778,2.317241276514424,-2.6565432955738406,0.9821756549673019,0.16535787284374237,-0.0030460673266387043,0.26990621518003277,-0.0005460673266387043,0.0,-0.0025,True,True,77,10.0,5,0.008,1.0,0.154,0.45327964425086975,0.369446337223053,0,False
69,7.745634387712926,7.74,0.10000000000000053,159,1.7246601608791217,2.314669096511401,-2.6417570084925543,0.9767359298173949,0.1644420474767685,0.0006158943362003979,0.2705221095162332,0.003115894336200398,0.0,-0.0025,True,True,78,10.0,5,0.008,1.0,0.156,0.5678330063819885,0.4360100328922272,0,False
70,7.845528532750905,7.84,0.09999999999999964,160,1.7155352797323968,2.3093343381582616,-2.572626731021466,0.9663811572053231,0.16269873082637787,0.0034312513859544986,0.2739533609021877,0.005931251385954499,0.0,-0.0025,True,True,79,10.0,5,0.008,1.0,0.158,-0.1940435767173767,-0.26889392733573914,0,False
71,7.945768075063825,7.9399999999999995,0.09999999999999964,159,1.711257597956278,2.306378778011405,-2.4904194741547445,0.9613835314228711,0.16185733675956726,0.00036265821174026385,0.27431601911392794,0.002862658211740264,0.0,-0.0025,True,True,80,10.0,5,0.008,1.0,0.16,0.9034241437911987,0.345110684633255,0,False
72,8.045790888834745,8.040000000000001,0.09999999999999964,160,1.7038379128498307,2.300163961735356,-2.4069989360003947,0.9523767414667234,0.16034096479415894,0.002659122021484378,0.27697514113541233,0.005159122021484378,0.0,-0.0025,True,True,81,10.0,5,0.008,1.0,0.162,0.2957567572593689,0.5216798186302185,0,False
73,8.145836933050305,8.14,0.09999999999999964,160,1.6986127070975408,2.2950246501813365,-2.3097384897562963,0.9458035779785523,0.15923431515693665,0.0012651319357673166,0.27824027307117966,0.0037651319357673166,0.0,-0.0025,True,True,82,10.0,5,0.008,1.0,0.164,0.8528517484664917,0.3425901532173157,0,False
74,8.245890227146447,8.24,0.10000000000000142,159,1.6901407608722765,2.2846692905589276,-2.2082794540784225,0.9345518614245808,0.15733999013900757,0.003945024135760162,0.2821852972069398,0.0064450241357601615,0.0,-0.0025,True,True,83,10.0,5,0.008,1.0,0.166,0.05099628493189812,0.2978261411190033,0,False
75,8.345546133816242,8.34,0.09999999999999964,159,1.68559289103718,2.2780091509967293,-2.1085912713174997,0.9282046598353312,0.15627138316631317,0.001135700138821027,0.2833209973457608,0.003635700138821027,0.0,-0.0025,True,True,84,10.0,5,0.008,1.0,0.168,-0.5491670966148376,-0.5344520211219788,0,False
76,8.445833175908774,8.44,0.09999999999999964,159,1.6850703203962767,2.277139841245565,-2.04501542136783,0.9274459659859169,0.1561436504125595,-0.0020654174056311467,0.2812555799401297,0.00043458259436885316,0.0,-0.0025,True,True,85,10.0,5,0.008,1.0,0.17,-0.9929870963096619,-0.7650362849235535,0,False
77,8.545831670984626,8.540000000000001,0.09999999999999964,159,1.6878109603253997,2.282846470374305,-2.007224896374184,0.9317780972450668,0.15687300264835358,-0.004981460530095468,0.2762741194100342,-0.002481460530095467,0.0,-0.0025,True,True,86,10.0,5,0.008,1.0,0.172,-0.7763729691505432,-0.7656096816062927,0,False
78,8.645852975081652,8.64,0.09999999999999964,158,1.6918942639162808,2.291000260024944,-2.0664354722679557,0.9381665437402692,0.1579485535621643,-0.006159325370852772,0.2701147940391814,-0.0036593253708527727,0.0,-0.0025,True,True,87,10.0,5,0.008,1.0,0.174,-0.7055549621582031,-0.7420052289962769,0,False
79,8.746051377151161,8.74,0.10000000000000142,160,1.6987677356318955,2.302055456255284,-2.192704776579975,0.9481671058080856,0.15963223576545715,-0.008228358298849443,0.261886435740332,-0.005728358298849443,0.0,-0.0025,True,True,88,10.0,5,0.008,1.0,0.176,-0.6042178869247437,-0.704517662525177,0,False
80,8.845872452948242,8.84,0.09999999999999964,156,1.7071151775394475,2.312096921158989,-2.3291385867231025,0.9593031419069491,0.16150708496570587,-0.008878761950641065,0.2530076737896909,-0.006378761950641064,0.0,-0.0025,True,True,89,10.0,5,0.008,1.0,0.178,-0.3437729775905609,-0.16185328364372253,0,False
81,8.94598558684811,8.94,0.09999999999999964,159,1.7148243922123807,2.3195778394690634,-2.4064505073772815,0.969037470762092,0.16314594447612762,-0.008075858947022455,0.24493181484266846,-0.005575858947022455,0.0,-0.0025,True,True,90,10.0,5,0.008,1.0,0.18,0.3874811828136444,0.0881664901971817,0,False
82,9.04609062988311,9.040000000000001,0.09999999999999964,159,1.7165805819998272,2.3211140929653458,-2.470554058025915,0.9712024742910844,0.16351044178009033,-0.003740121889973919,0.24119169295269455,-0.0012401218899739188,0.0,-0.0025,True,True,91,10.0,5,0.008,1.0,0.182,0.531588613986969,0.5853429436683655,0,False
83,9.14589880593121,9.14,0.09999999999999964,158,1.7146703278425075,2.3196049980852242,-2.4651441815418265,0.968900990837244,0.1631229668855667,-0.0011817019130455763,0.24000999103964898,0.0013182980869544238,0.0,-0.0025,True,True,92,10.0,5,0.008,1.0,0.184,0.49384787678718567,0.584086537361145,0,False
84,9.246096108108759,9.24,0.10000000000000142,160,1.7094083840527945,2.315097649593835,-2.3946165954477303,0.9624500574244393,0.16203689575195312,0.0011951181043600503,0.24120510914400903,0.0036951181043600504,0.0,-0.0025,True,True,93,10.0,5,0.008,1.0,0.186,0.5184050798416138,0.6386773586273193,0,False
85,9.346328950952739,9.34,0.09999999999999964,159,1.7022676196525934,2.3076622449479305,-2.2698167085586354,0.953280058012118,0.16049304604530334,0.002752608991154928,0.24395771813516395,0.005252608991154928,0.0,-0.0025,True,True,94,10.0,5,0.008,1.0,0.188,-0.3266321122646332,-0.07423104345798492,0,False
86,9.446138047147542,9.44,0.09999999999999964,158,1.6999281216878834,2.304618910391653,-2.156871640600771,0.9500859675270895,0.15995529294013977,-0.0006704133614577809,0.24328730477370616,0.0018295866385422191,0.0,-0.0025,True,True,95,10.0,5,0.008,1.0,0.19,-0.3445724546909332,-0.443475604057312,0,False
87,9.546118751168251,9.540000000000001,0.09999999999999964,158,1.699130876096807,2.3033773095716037,-2.1366499026684864,0.9489331458531953,0.1597612053155899,-0.0018396595553366538,0.2414476452183695,0.0006603404446633463,0.0,-0.0025,True,True,96,10.0,5,0.008,1.0,0.192,0.3953918516635895,0.3632195293903351,0,False
88,9.646347542759031,9.64,0.09999999999999964,159,1.6962052428590013,2.2986194746355593,-2.100772387764375,0.9446466849190919,0.15903954207897186,-4.4699598077008965e-05,0.2414029456202925,0.002455300401922991,0.0,-0.0025,True,True,97,10.0,5,0.008,1.0,0.194,0.35596898198127747,0.41108816862106323,0,False
89,9.746252848766744,9.74,0.10000000000000142,158,1.6925959033415157,2.2917782136320586,-2.0124241162508,0.9390750822801942,0.15810151398181915,0.0006914342411945733,0.24209437986148707,0.0031914342411945734,0.0,-0.0025,True,True,98,10.0,5,0.008,1.0,0.196,0.4799352288246155,0.9856788516044617,0,False
90,9.8462172630243,9.84,0.09999999999999964,158,1.6895971781015056,2.283859936336727,-1.8433000699100952,0.9337877685638722,0.15721134841442108,0.0005285925131132759,0.24262297237460034,0.003028592513113276,0.0,-0.0025,True,True,99,10.0,5,0.008,1.0,0.198,0.69876629114151,0.483008474111557,0,False
91,9.946352685801685,9.94,0.09999999999999964,159,1.6868756044159252,2.271025294928763,-1.724416983683529,0.9273634761740114,0.15612976253032684,0.0011798580295927408,0.2438028304041931,0.003679858029592741,0.0,-0.0025,True,True,100,10.0,5,0.008,1.0,0.2,0.29660049080848694,-0.7601759433746338,0,False
92,10.046545928809792,10.040000000000001,0.09999999999999964,159,1.6849122857920944,2.2561242518469062,-1.7051914329553373,0.9212325005616772,0.15509755909442902,0.0010118451133843834,0.2448146755175775,0.0035118451133843835,0.0,-0.0025,True,True,101,10.0,5,0.008,1.0,0.202,0.9917070865631104,-0.6838699579238892,0,False
93,10.146463084034622,10.14,0.09999999999999964,159,1.6819617471706045,2.2388924669391757,-1.78413822011461,0.9137429212875943,0.15383662283420563,0.0017900582285922703,0.24660473374616976,0.00429005822859227,0.0,-0.0025,True,True,102,10.0,5,0.008,1.0,0.204,0.9660611748695374,-0.5917358994483948,0,False
94,10.247720216866583,10.24,0.10100000000000087,161,1.6764182198109214,2.218737857762624,-1.9017757774004491,0.9033023840534877,0.15207886695861816,0.003480377673162074,0.2500851114193318,0.005980377673162074,0.0,-0.0025,True,True,103,10.0,5,0.008,1.0,0.206,-0.24373868107795715,-0.8698291778564453,0,False
95,10.347616221755743,10.34,0.09999999999999964,158,1.6712445134012373,2.2058728971802157,-2.016985769069448,0.8952377658223768,0.15072111785411835,0.002119442633120299,0.2522045540524521,0.004619442633120299,0.0,-0.0025,True,True,104,10.0,5,0.008,1.0,0.208,0.33613109588623047,-0.2687053680419922,0,False
96,10.447446248028427,10.44,0.09999999999999964,159,1.667714147829756,2.199002920704945,-2.0781871014455424,0.8902415561740347,0.14987996220588684,0.0003618470449752837,0.2525664010974274,0.0028618470449752837,0.0,-0.0025,True,True,105,10.0,5,0.008,1.0,0.21,-0.8099029660224915,0.8327504396438599,0,False
97,10.547540581785142,10.540000000000001,0.10000000000000142,159,1.6680515591445324,2.199490855993812,-2.1265327159661167,0.8906795841559235,0.1499537080526352,-0.0027509040200106643,0.24981549707741674,-0.0002509040200106643,0.0,-0.0025,True,True,106,10.0,5,0.008,1.0,0.212,-0.7434779405593872,-0.6675527691841125,0,False
98,10.647752733901143,10.64,0.09999999999999964,161,1.6726940232245064,2.2066349141128736,-2.1706054051440247,0.8968237475171569,0.1509881317615509,-0.006019399103883839,0.2437960979735329,-0.003519399103883839,0.0,-0.0025,True,True,107,10.0,5,0.008,1.0,0.214,-0.6288289427757263,-0.7680689692497253,0,False
99,10.747478589881212,10.74,0.09999999999999964,158,1.6797960696547773,2.21566658270563,-2.3024970786803296,0.9058439022389674,0.1525067538022995,-0.007666777407829369,0.23612932056570354,-0.005166777407829368,0.0,-0.0025,True,True,108,10.0,5,0.008,1.0,0.216,-0.06593464314937592,0.03930137678980827,0,False
100,10.847824212163687,10.84,0.09999999999999964,160,1.6863561328186871,2.222296672505775,-2.3918444401941574,0.9138069128476883,0.15384739637374878,-0.007061241417728905,0.22906807914797464,-0.004561241417728905,0.0,-0.0025,True,True,109,10.0,5,0.008,1.0,0.218,-0.15133702754974365,0.10412585735321045,0,False
101,10.947868925984949,10.94,0.09999999999999964,160,1.6905971025559356,2.2261648101511122,-2.4002804743191932,0.9188654323968689,0.15469904243946075,-0.005397538382636898,0.22367054076533774,-0.0028975383826368986,0.0,-0.0025,True,True,110,10.0,5,0.008,1.0,0.22,0.006946004927158356,0.2502470016479492,0,False
102,11.047926568891853,11.040000000000001,0.09999999999999964,160,1.6914244622302315,2.2269440445342292,-2.3612812655495063,0.9198592930169195,0.15486636757850647,-0.0030692869752879277,0.2206012537900498,-0.0005692869752879279,0.0,-0.0025,True,True,111,10.0,5,0.008,1.0,0.222,-0.045044347643852234,0.20444029569625854,0,False
103,11.147971963044256,11.14,0.10000000000000142,158,1.6922589966205912,2.2278017633841083,-2.3257164830003076,0.9208798831682956,0.15503819286823273,-0.003084597747977973,0.21751665604207182,-0.0005845977479779731,0.0,-0.0025,True,True,112,10.0,5,0.008,1.0,0.224,-0.09165558964014053,0.20873697102069855,0,False
104,11.247917687986046,11.24,0.09999999999999964,159,1.6921895418050383,2.2277579019299942,-2.36941000628196,0.9208017302671019,0.15502503514289856,-0.0024552337341545035,0.2150614223079173,4.47662658454964e-05,0.0,-0.0025,True,True,113,10.0,5,0.008,1.0,0.226,0.10181552171707153,-0.30678510665893555,0,False
105,11.347857872955501,11.34,0.09999999999999964,159,1.6911029000494926,2.2267160624769953,-2.3772691098837266,0.9194914521818558,0.15480443835258484,-0.001749467950649015,0.2133119543572683,0.000750532049350985,0.0,-0.0025,True,True,114,10.0,5,0.008,1.0,0.228,0.09923718124628067,0.36090558767318726,0,False
106,11.448902687989175,11.44,0.10100000000000087,160,1.6900598324517107,2.225667680512421,-2.319020108890686,0.9182224190025624,0.15459078550338745,-0.001773093182680697,0.2115388611745876,0.000726906817319303,0.0,-0.0025,True,True,115,10.0,5,0.008,1.0,0.23,0.058218494057655334,0.07743048667907715,0,False
107,11.549937192816287,11.540000000000001,0.10099999999999909,161,1.6882328263763302,2.223726036273033,-2.336423321152063,0.9159753682035738,0.15421247482299805,-0.001212881135576714,0.21032598003901087,0.001287118864423286,0.0,-0.0025,True,True,116,10.0,5,0.008,1.0,0.232,0.46673381328582764,0.2256997972726822,0,False
108,11.650035706814378,11.64,0.09999999999999964,158,1.682776120600916,2.2179906708557544,-2.3211386705685992,0.9092928968637897,0.15308742225170135,0.001327743870443716,0.21165372390945458,0.003827743870443716,0.0,-0.0025,True,True,117,10.0,5,0.008,1.0,0.234,0.4958997964859009,0.29249343276023865,0,False
109,11.750173709820956,11.74,0.09999999999999964,158,1.67595635047783,2.210167507439801,-2.25778000078856,0.9008162721150604,0.15166030824184418,0.00235544146382344,0.21400916537327802,0.00485544146382344,0.0,-0.0025,True,True,118,10.0,5,0.008,1.0,0.236,0.3876970112323761,0.2347094714641571,0,False
110,11.850180383771658,11.84,0.10000000000000142,159,1.670703621448769,2.2034366883307928,-2.2097449397884095,0.8941539806863433,0.15053865313529968,0.0013161847440419034,0.21532535011731993,0.0038161847440419034,0.0,-0.0025,True,True,119,10.0,5,0.008,1.0,0.238,0.5590397715568542,0.5675784349441528,0,False
111,11.950076078996062,11.94,0.09999999999999964,158,1.6644170192953367,2.1940700445319736,-2.1188780619340117,0.8859344727869549,0.14915482699871063,0.0022081639980462476,0.21753351411536617,0.004708163998046248,0.0,-0.0025,True,True,120,10.0,5,0.008,1.0,0.24,0.8920900225639343,-0.6366715431213379,0,False
112,12.050241741817445,12.040000000000001,0.09999999999999964,160,1.6610088476776501,2.1882225529476007,-2.0618956117051166,0.8813421268850987,0.14838166534900665,0.000130512423171145,0.2176640265385373,0.002630512423171145,0.0,-0.0025,True,True,121,10.0,5,0.008,1.0,0.242,0.7532954812049866,0.9154877066612244,0,False
113,12.150428493972868,12.14,0.09999999999999964,150,1.6570121982269648,2.179955546044967,-1.9721858766356029,0.8757019302502497,0.1474320888519287,0.0007307251313760231,0.21839475166991335,0.003230725131376023,0.0,-0.0025,True,True,122,10.0,5,0.008,1.0,0.244,0.4392103850841522,0.9589846730232239,0,False
114,12.250195709988475,12.24,0.09999999999999964,155,1.6538968503173683,2.170457210146287,-1.7861358068921132,0.8707442217480222,0.14659741520881653,0.0003397934485508264,0.21873454511846419,0.0028397934485508264,0.0,-0.0025,True,True,123,10.0,5,0.008,1.0,0.246,-0.033310454338788986,-0.3675777018070221,0,False
115,12.350252774078399,12.34,0.10000000000000142,159,1.6522707330523174,2.160338919182879,-1.6934478260468067,0.8672219421830092,0.14600440859794617,-0.0004824254636603756,0.21825211965480382,0.0020175745363396245,0.0,-0.0025,True,True,124,10.0,5,0.008,1.0,0.248,0.9986827373504639,0.28524598479270935,0,False
116,12.450376126915216,12.44,0.09999999999999964,159,1.6507483486474985,2.1429291239970616,-1.6232173172045044,0.8626711067122514,0.1452382355928421,0.00010673509737093786,0.21835885475217476,0.002606735097370938,0.0,-0.0025,True,True,125,10.0,5,0.008,1.0,0.25,0.9952463507652283,0.8577004671096802,0,False
117,12.550339221954346,12.540000000000001,0.09999999999999964,159,1.6510438642339038,2.1229120861975748,-1.4660052046565561,0.8598738878115411,0.14476729929447174,-0.000897742847359626,0.21746111190481512,0.001602257152640374,0.0,-0.0025,True,True,126,10.0,5,0.008,1.0,0.252,0.7430761456489563,0.999991774559021,0,False
118,12.650336536113173,12.64,0.09999999999999964,159,1.6541206690286852,2.1069759439783535,-1.2745274800824413,0.8607938439327277,0.1449221819639206,-0.0030269542097375,0.21443415769507762,-0.0005269542097374998,0.0,-0.0025,True,True,127,10.0,5,0.008,1.0,0.254,0.43756604194641113,0.999990701675415,0,False
119,12.750505918171257,12.74,0.09999999999999964,160,1.6584335492822122,2.096621856040822,-1.0765013163135637,0.8638541097443644,0.14543740451335907,-0.004252931379246139,0.21018122631583147,-0.0017529313792461398,0.0,-0.0025,True,True,128,10.0,5,0.008,1.0,0.256,0.9999958276748657,0.9999998211860657,0,False
120,12.850168284960091,12.84,0.10000000000000142,158,1.6687092079349348,2.081700104231679,-0.8755876593437957,0.8725426235592972,0.14690019190311432,-0.007476812291042153,0.2027044140247893,-0.004976812291042153,0.0,-0.0025,True,True,129,10.0,5,0.008,1.0,0.258,1.0,0.9991234540939331,0,False
121,12.95113858114928,12.94,0.09999999999999964,161,1.6841102777180774,2.0665792654532864,-0.6760936784863795,0.8866136861094474,0.14926917850971222,-0.010559955769104252,0.19214445825568505,-0.008059955769104251,0.0,-0.0025,True,True,130,10.0,5,0.008,1.0,0.26,1.0,0.998052179813385,0,False
122,13.0508868470788,13.040000000000001,0.09999999999999964,160,1.7022021412757633,2.054802711559699,-0.4771367799966593,0.9038650318370536,0.15217359364032745,-0.012381633531687228,0.17976282472399782,-0.009881633531687228,0.0,-0.0025,True,True,131,10.0,5,0.008,1.0,0.262,1.0,0.9995279908180237,0,False
123,13.150800151750445,13.14,0.09999999999999964,159,1.722268813020003,2.046837761065801,-0.27791191239358687,0.9234574242651975,0.15547214448451996,-0.013722593590139956,0.16604023113385785,-0.011222593590139955,0.0,-0.0025,True,True,132,10.0,5,0.008,1.0,0.264,1.0,0.999647855758667,0,False
124,13.250920084770769,13.24,0.09999999999999964,160,1.7435206466158244,2.043001514563233,-0.08000889541535643,0.9445000265303285,0.15901485085487366,-0.014553279055461193,0.15148695207839666,-0.012053279055461193,0.0,-0.0025,True,True,133,10.0,5,0.008,1.0,0.266,1.0,0.8912060856819153,0,False
125,13.35100403893739,13.34,0.10000000000000142,160,1.7651701209145294,2.043117480843947,0.09467034819673939,0.966132714177406,0.16265690326690674,-0.014891282106867782,0.1365956699715289,-0.012391282106867782,0.0,-0.0025,True,True,134,10.0,5,0.008,1.0,0.268,0.9999980330467224,-0.26758402585983276,0,False
126,13.451098192017525,13.44,0.09999999999999964,160,1.786693399633283,2.046597506350992,0.19845022959122466,0.9877931049480096,0.1663036197423935,-0.014907150556708812,0.12168851941482008,-0.012407150556708811,0.0,-0.0025,True,True,135,10.0,5,0.008,1.0,0.27,0.9999987483024597,0.022483253851532936,0,False
127,13.55109946615994,13.540000000000001,0.09999999999999964,159,1.8082353027679292,2.051057659850418,0.2045401626259369,1.0095273117090953,0.16996276378631592,-0.014949432624336376,0.1067390867904837,-0.012449432624336376,0.0,-0.0025,True,True,136,10.0,5,0.008,1.0,0.272,1.0,0.29523271322250366,0,False
128,13.650900391861796,13.64,0.09999999999999964,159,1.829511945758277,2.056195225169951,0.2694100703291053,1.0310444959178287,0.17358537018299103,-0.014825121317594411,0.0919139654728893,-0.01232512131759441,0.0,-0.0025,True,True,137,10.0,5,0.008,1.0,0.274,0.9999993443489075,-0.08178117126226425,0,False
129,13.751203833147883,13.74,0.09999999999999964,161,1.850826408484462,2.0618740169083325,0.24655906922824977,1.0526464711563963,0.17722225189208984,-0.014873689927651066,0.07704027554523823,-0.012373689927651066,0.0,-0.0025,True,True,138,10.0,5,0.008,1.0,0.276,0.9999920129776001,-0.27398619055747986,0,False
130,13.851198818068951,13.84,0.10000000000000142,159,1.8724179815596282,2.066701583005293,0.18657131242166008,1.0744903398026224,0.18089985847473145,-0.015012247350703972,0.06202802819453426,-0.012512247350703972,0.0,-0.0025,True,True,139,10.0,5,0.008,1.0,0.278,0.9999847412109375,-0.5460215210914612,0,False
131,13.951131281908602,13.94,0.09999999999999964,160,1.894410179951843,2.069770267548564,0.07386264562638395,1.0966318621370872,0.18462757766246796,-0.015182744465130389,0.04684528372940387,-0.012682744465130388,0.0,-0.0025,True,True,140,10.0,5,0.008,1.0,0.28,0.9998708963394165,-0.8234732151031494,0,False
132,14.050903168041259,14.040000000000001,0.09999999999999964,159,1.9166472334283822,2.0697927685394437,-0.0663767704278264,1.1188262239755298,0.1883641928434372,-0.015213011125050692,0.03163227260435318,-0.012713011125050692,0.0,-0.0025,True,True,141,10.0,5,0.008,1.0,0.282,1.0,-0.27938634157180786,0,False
133,14.151105829980224,14.14,0.09999999999999964,160,1.9386433506308225,2.0679099970533055,-0.11506703877318662,1.140666640794863,0.19204121828079224,-0.015010270131714225,0.016622002472638956,-0.012510270131714225,0.0,-0.0025,True,True,142,10.0,5,0.008,1.0,0.284,1.0,-0.29530075192451477,0,False
134,14.251086784992367,14.24,0.09999999999999964,159,1.9605046567137487,2.0647498084593994,-0.17248321286744742,1.1623095954142377,0.1956849992275238,-0.01489716306591435,0.001724839406724606,-0.01239716306591435,0.0,-0.0025,True,True,143,10.0,5,0.008,1.0,0.286,1.0,-0.2916112542152405,0,False
135,14.351276686880738,14.34,0.10000000000000142,160,1.982147187944414,2.0603132973540426,-0.2309938454271028,1.183684812178447,0.19928370416164398,-0.01474380184939933,-0.013018962442674724,-0.012243801849399329,0.0,-0.0025,True,True,144,10.0,5,0.008,1.0,0.288,1.0,-0.28998807072639465,0,False
136,14.451222102157772,14.44,0.09999999999999964,160,2.0034986894017495,2.0546339641529148,-0.28890522845838784,1.2047381239577846,0.20282821357250214,-0.014559413504121823,-0.027578375946796546,-0.012059413504121822,0.0,-0.0025,True,True,145,10.0,5,0.008,1.0,0.29,1.0,-0.2507220506668091,0,False
137,14.551245004869998,14.540000000000001,0.09999999999999964,159,2.024511596342184,2.0478415805569,-0.337737039991496,1.2254458105059085,0.20631453394889832,-0.014361438115529765,-0.04193981406232631,-0.011861438115529765,0.0,-0.0025,True,True,146,10.0,5,0.008,1.0,0.292,1.0,-0.24340561032295227,0,False
138,14.651423507835716,14.64,0.09999999999999964,161,2.045166392564849,2.040023729309933,-0.3857847442452858,1.2458094649736928,0.209742933511734,-0.014164375289548607,-0.05610418935187492,-0.011664375289548607,0.0,-0.0025,True,True,147,10.0,5,0.008,1.0,0.294,1.0,-0.232587993144989,0,False
139,14.751493950840086,14.74,0.09999999999999964,159,2.0654292561693395,2.031240157005324,-0.4318970870672705,1.2658148375116556,0.213111013174057,-0.013959150097994017,-0.07006333944986894,-0.011459150097994017,0.0,-0.0025,True,True,148,10.0,5,0.008,1.0,0.296,1.0,-0.23483023047447205,0,False
140,14.852464676834643,14.84,0.10100000000000087,161,2.0852654139558635,2.021523316244587,-0.478789253627891,1.2854456425775322,0.21641603112220764,-0.01374459648864155,-0.08380793593851049,-0.01124459648864155,0.0,-0.0025,True,True,149,10.0,5,0.008,1.0,0.298,1.0,-0.2172147035598755,0,False
141,14.952367532067,14.94,0.09999999999999964,158,2.104646611657615,2.010936013869408,-0.5215135324143627,1.3046924097744625,0.21965639293193817,-0.013524618201547964,-0.09733255414005845,-0.011024618201547964,0.0,-0.0025,True,True,150,10.0,5,0.008,1.0,0.3,1.0,-0.2104104459285736,0,False
142,15.052556064911187,15.040000000000001,0.09999999999999964,159,2.1235628736263052,1.9995370368740781,-0.5632119195868313,1.3235629278400514,0.22283340990543365,-0.013309101331662118,-0.11064165547172057,-0.010809101331662118,0.0,-0.0025,True,True,151,10.0,5,0.008,1.0,0.302,0.9999999403953552,-0.20752453804016113,0,False
143,15.152672808151692,15.14,0.10000000000000142,160,2.141990275544933,1.9873597595650963,-0.6045586178157915,1.342049762070221,0.2259458303451538,-0.013089325836259602,-0.12373098130798017,-0.010589325836259602,0.0,-0.0025,True,True,152,10.0,5,0.008,1.0,0.304,0.9999998211860657,-0.21488378942012787,0,False
144,15.25238329404965,15.24,0.09999999999999964,158,2.1598933277715155,1.9744130544291676,-0.6479710856980053,1.360134060179633,0.22899048030376434,-0.012858751683297835,-0.136589732991278,-0.010358751683297834,0.0,-0.0025,True,True,153,10.0,5,0.008,1.0,0.306,1.0,-0.23291385173797607,0,False
145,15.352839843835682,15.34,0.09999999999999964,160,2.1771997907071947,1.9606646430739927,-0.6950052069449945,1.3777613895134353,0.23195819556713104,-0.01259699830780474,-0.14918673129908275,-0.01009699830780474,0.0,-0.0025,True,True,154,10.0,5,0.008,1.0,0.308,1.0,-0.23985949158668518,0,False
146,15.45294319698587,15.44,0.09999999999999964,158,2.1938376084425077,1.9461125594762385,-0.7432890171782315,1.3948789105676498,0.23484008014202118,-0.012304978272391213,-0.16149170957147396,-0.009804978272391213,0.0,-0.0025,True,True,155,10.0,5,0.008,1.0,0.31,1.0,-0.25975295901298523,0,False
147,15.552641273941845,15.540000000000001,0.09999999999999964,159,2.209716757773349,1.9307441372196876,-0.7951914601280554,1.4114168787373607,0.237624391913414,-0.011973008273799591,-0.17346471784527356,-0.00947300827379959,0.0,-0.0025,True,True,156,10.0,5,0.008,1.0,0.312,0.9999998807907104,-0.22302551567554474,0,False
148,15.652527829166502,15.64,0.10000000000000142,158,2.224841735133889,1.9146658635436082,-0.8385076051018857,1.42739476586658,0.24031440913677216,-0.01165219181822726,-0.18511690966350083,-0.009152191818227259,0.0,-0.0025,True,True,157,10.0,5,0.008,1.0,0.314,0.9999999403953552,-0.21080434322357178,0,False
149,15.752541572786868,15.74,0.09999999999999964,159,2.239258877525779,1.8979525688472796,-0.8819312582623512,1.4428720495879264,0.2429201453924179,-0.011365444366786518,-0.19648235403028735,-0.008865444366786518,0.0,-0.0025,True,True,158,10.0,5,0.008,1.0,0.316,0.9999992847442627,-0.29193294048309326,0,False
150,15.852916533127427,15.840000000000002,0.10000000000000142,160,2.252712056966674,1.8804214241707968,-0.943390857320617,1.4576252462371706,0.2454039752483368,-0.010950684660238187,-0.20743303869052554,-0.008450684660238187,0.0,-0.0025,True,True,159,10.0,5,0.008,1.0,0.318,0.9999993443489075,-0.1916891485452652,0,False
151,15.954226915724576,15.94,0.10099999999999909,161,2.2653489239722933,1.8623351641544579,-0.9805374255721327,1.471801279728222,0.2477906346321106,-0.01062008350556272,-0.21805312219608827,-0.00812008350556272,0.0,-0.0025,True,True,160,10.0,5,0.008,1.0,0.32,0.9999986886978149,-0.19128280878067017,0,False
152,16.154348842799664,16.139999999999997,0.1999999999999993,318,2.2885565408066557,1.8248053075622483,-1.05193007428019,1.49883085446838,0.25234130024909973,-0.01798263864842573,-0.236035760844514,-0.015482638648425728,0.0,-0.0025,True,True,162,10.0,5,0.008,1.0,0.324,0.9999998807907104,-0.1842835545539856,0,False
153,16.254379586782306,16.24,0.10000000000000142,159,2.299143186533229,1.8054355584730308,-1.0890599208283436,1.5117160817181972,0.25451064109802246,-0.009880704999230898,-0.2459164658437449,-0.007380704999230898,0.0,-0.0025,True,True,163,10.0,5,0.008,1.0,0.326,0.9999998807907104,-0.18140798807144165,0,False
154,16.454330174718052,16.439999999999998,0.1999999999999993,318,2.3181153954946487,1.7655602925021436,-1.1675405289529546,1.5361107619299998,0.25861769914627075,-0.016473361486227973,-0.2623898273299729,-0.013973361486227975,0.0,-0.0025,True,True,165,10.0,5,0.008,1.0,0.33,0.9998601078987122,-0.21899254620075226,0,False
155,16.6542526637204,16.639999999999997,0.1999999999999993,318,2.3336290578805152,1.7242204613760275,-1.2575605238579484,1.558227413409158,0.2623412311077118,-0.015168498348819257,-0.2775583256787922,-0.012668498348819257,0.0,-0.0025,True,True,167,10.0,5,0.008,1.0,0.334,0.9999086856842041,-0.21003279089927673,0,False
156,16.75418792804703,16.74,0.10000000000000142,159,2.340005851628657,1.7031027922675455,-1.2986155215334114,1.568364101368295,0.2640478312969208,-0.008306331704138687,-0.2858646573829309,-0.005806331704138686,0.0,-0.0025,True,True,168,10.0,5,0.008,1.0,0.336,0.9986354112625122,-0.1823159009218216,0,False
157,16.954518022947013,16.939999999999998,0.1999999999999993,319,2.350181279773409,1.660225574748474,-1.3837892020880747,1.5869809544114362,0.2671821415424347,-0.013163801084874801,-0.2990284584678057,-0.0106638010848748,0.0,-0.0025,True,True,170,10.0,5,0.008,1.0,0.34,0.9971879720687866,-0.2601660192012787,0,False
158,17.154555320739746,17.139999999999997,0.1999999999999993,318,2.356089954760162,1.6164986625359565,-1.4903808720967633,1.602650655354974,0.26982027292251587,-0.011475661650985876,-0.3105041201187916,-0.008975661650985876,0.0,-0.0025,True,True,172,10.0,5,0.008,1.0,0.344,0.999107301235199,-0.27501630783081055,0,False
159,17.254279767163098,17.24,0.10000000000000142,158,2.3572694307005655,1.5944472591277794,-1.5451383154253193,1.6092112506529193,0.27092480659484863,-0.0062579328307277105,-0.3167620529495193,-0.0037579328307277104,0.0,-0.0025,True,True,173,10.0,5,0.008,1.0,0.346,0.9978489875793457,-0.2681806683540344,0,False
160,17.45468301186338,17.439999999999998,0.1999999999999993,317,2.3562279487918216,1.5504112753090427,-1.6401848792498566,1.6198688989477599,0.2727191150188446,-0.008604739677826838,-0.32536679262734614,-0.006104739677826839,0.0,-0.0025,True,True,175,10.0,5,0.008,1.0,0.35,0.9997179508209229,-0.29870474338531494,0,False
161,17.65547289280221,17.639999999999997,0.2010000000000005,319,2.35034392285038,1.5067195527893908,-1.7741308759370498,1.6269270883685945,0.2739074230194092,-0.0065429565527927655,-0.3319097491801389,-0.004042956552792765,0.0,-0.0025,True,True,177,10.0,5,0.008,1.0,0.354,0.9981215000152588,-0.3393236994743347,0,False
162,17.85581292817369,17.84,0.1999999999999993,318,2.3387295385964695,1.464305050003984,-1.9007056283913832,1.629312035226541,0.2743089497089386,-0.0038661062281687714,-0.3357758554083077,-0.0013661062281687714,0.0,-0.0025,True,True,179,10.0,5,0.008,1.0,0.358,0.9373275637626648,-0.44376814365386963,0,False
163,18.05559703707695,18.04,0.1999999999999993,317,2.3222497518111713,1.4274089754648367,-2.0857596294952083,1.6263778053506912,0.27381494641304016,-0.0008192624628421978,-0.3365951178711499,0.0016807375371578023,0.0,-0.0025,True,True,181,10.0,5,0.008,1.0,0.362,0.9961147904396057,-0.43033483624458313,0,False
164,18.15601280797273,18.139999999999997,0.10000000000000142,159,2.310808199670579,1.4090023308012924,-2.170919656251185,1.6222883640746368,0.2731264531612396,-0.0001575531742628875,-0.3367526710454128,0.0023424468257371126,0.0,-0.0025,True,True,182,10.0,5,0.008,1.0,0.364,0.8730518221855164,-0.4197046160697937,0,False
165,18.35567532805726,18.34,0.1999999999999993,316,2.287465821296287,1.3796527020746328,-2.2960832756102123,1.611640628718566,0.27133381366729736,0.0035990615104715316,-0.3331536095349413,0.006099061510471532,0.0,-0.0025,True,True,184,10.0,5,0.008,1.0,0.368,0.7808038592338562,-0.46914568543434143,0,False
166,18.556183191016316,18.54,0.1999999999999993,319,2.262493246816819,1.3568889714602368,-2.5661233701569146,1.5976478075779914,0.2689779996871948,0.005515138805336019,-0.3276384707296053,0.00801513880533602,0.0,-0.0025,True,True,186,10.0,5,0.008,1.0,0.372,0.5981959700584412,-0.9999489784240723,0,False
167,18.656117805745453,18.639999999999997,0.10000000000000142,159,2.2504049105476582,1.3505858071168646,-2.763554174559106,1.5891548972869978,0.267548143863678,0.002364769881621254,-0.325273700847984,0.004864769881621254,0.0,-0.0025,True,True,187,10.0,5,0.008,1.0,0.374,0.5902242064476013,-0.99363112449646,0,False
168,18.856140312738717,18.84,0.1999999999999993,317,2.2209712967485253,1.3453446214665294,-3.141111840263907,1.5645231916285396,0.26340118050575256,0.01160913052352609,-0.31366457032445794,0.01410913052352609,0.0,-0.0025,True,True,189,10.0,5,0.008,1.0,0.378,0.7673395276069641,0.026416949927806854,0,False
169,19.05605726176873,19.04,0.1999999999999993,314,2.186777729692674,1.3493503973960301,2.892725503320283,1.5318281953646986,0.25789669156074524,0.016227812687804145,-0.2974367576366538,0.018727812687804143,0.0,-0.0025,True,True,191,10.0,5,0.008,1.0,0.382,0.9496990442276001,-0.8490041494369507,0,False
170,19.156292353756726,19.139999999999997,0.10000000000000142,158,2.166738768746329,1.3561858277780097,2.7283224551152276,1.5107851505576584,0.25435391068458557,0.00955353254507519,-0.2878832250915786,0.01205353254507519,0.0,-0.0025,True,True,192,10.0,5,0.008,1.0,0.384,0.671856701374054,-0.27214932441711426,0,False
171,19.356165561825037,19.34,0.1999999999999993,318,2.1353147679574054,1.3735340183398135,2.557092165441616,1.4749661624472323,0.2483234703540802,0.018017246571476943,-0.26986597852010163,0.02051724657147694,0.0,-0.0025,True,True,194,10.0,5,0.008,1.0,0.388,0.8743032217025757,0.22869232296943665,0,False
172,19.55639758799225,19.54,0.1999999999999993,319,2.1031245374979997,1.394515884904016,2.573693556581542,1.4369218965997583,0.2419183850288391,0.019291893746887837,-0.2505740847732138,0.021791893746887836,0.0,-0.0025,True,True,196,10.0,5,0.008,1.0,0.392,0.9318639039993286,0.1772385537624359,0,False
173,19.656461820937693,19.639999999999997,0.10000000000000142,158,2.0856606991037028,1.4051012607794295,2.615408166644454,1.4166255085021977,0.23850131034851074,0.009125844868209146,-0.24144823990500466,0.011625844868209147,0.0,-0.0025,True,True,197,10.0,5,0.008,1.0,0.394,0.920785129070282,0.38981908559799194,0,False
174,19.856449279002845,19.84,0.1999999999999993,319,2.0508483472416557,1.4222313339696486,2.73284860705081,1.377838214788901,0.2319711297750473,0.01971750280891841,-0.22173073709608626,0.022217502808918408,0.0,-0.0025,True,True,199,10.0,5,0.008,1.0,0.398,0.6939254403114319,-0.44182851910591125,0,False
175,20.056150949094445,20.04,0.1999999999999993,318,2.0206548738662136,1.4368765844648965,2.620526125641168,1.3442865458969124,0.22632241249084473,0.016718517882729045,-0.20501221921335722,0.019218517882729044,0.0,-0.0025,True,True,201,10.0,5,0.008,1.0,0.402,0.9308947920799255,0.2958885431289673,0,False
176,20.15636665094644,20.139999999999997,0.10000000000000142,159,2.0059565430518798,1.445351178213983,2.63237811545395,1.3273908268476713,0.22347787022590637,0.007177929277817255,-0.19783428993553998,0.009677929277817255,0.0,-0.0025,True,True,202,10.0,5,0.008,1.0,0.404,0.9293800592422485,0.09736301749944687,0,False
177,20.356483647134155,20.34,0.1999999999999993,316,1.9699818986251645,1.4646990184440185,2.6609107537951298,1.2866253707995159,0.21661464869976044,0.020850601383830155,-0.17698368855170982,0.023350601383830154,0.0,-0.0025,True,True,204,10.0,5,0.008,1.0,0.408,0.9421632885932922,-0.039895135909318924,0,False
178,20.55686158174649,20.54,0.1999999999999993,319,1.9335492705825645,1.4842909624601224,2.6257660647125207,1.2453472742035525,0.20966511964797974,0.021144243752773895,-0.1558394447989359,0.023644243752773894,0.0,-0.0025,True,True,206,10.0,5,0.008,1.0,0.412,0.9505780935287476,-0.43208375573158264,0,False
179,20.656509147956967,20.639999999999997,0.10000000000000142,161,1.9157054292915887,1.4953358455051637,2.5349238251893036,1.2245344396977635,0.20616109669208527,0.009421667247833831,-0.14641777755110208,0.011921667247833832,0.0,-0.0025,True,True,207,10.0,5,0.008,1.0,0.414,0.9267105460166931,-0.7183974981307983,0,False
180,20.8568830229342,20.84,0.1999999999999993,322,1.8859835285194437,1.5234139837156535,2.1974573792546286,1.1859571763746513,0.19966627657413483,0.019597196638078736,-0.12682058091302334,0.022097196638078735,0.0,-0.0025,True,True,209,10.0,5,0.008,1.0,0.418,0.9097980856895447,-0.997116208076477,0,False
181,21.05672494182363,21.04,0.1999999999999993,321,1.8680978619244577,1.5618898211501893,1.8256945816486514,1.1544581053666767,0.19436313211917877,0.015542782354729884,-0.11127779855829345,0.018042782354729885,0.0,-0.0025,True,True,211,10.0,5,0.008,1.0,0.422,0.9892195463180542,-0.8308002948760986,0,False
182,21.156712494790554,21.139999999999997,0.10000000000000142,162,1.8642307742543536,1.583593687767385,1.664874816785463,1.1427954443956694,0.19239962100982666,0.004180414591389519,-0.10709738396690394,0.00668041459138952,0.0,-0.0025,True,True,212,10.0,5,0.008,1.0,0.424,0.9967464804649353,-0.6040491461753845,0,False
183,21.357136298902333,21.34,0.1999999999999993,322,1.8655903027922087,1.627841860325539,1.4045707424911096,1.1287091584038371,0.19002807140350342,0.00556867581182841,-0.10152870815507553,0.008068675811828411,0.0,-0.0025,True,True,214,10.0,5,0.008,1.0,0.428,0.9976235032081604,-0.3423141837120056,0,False
184,21.55709383683279,21.54,0.1999999999999993,320,1.8755691580651566,1.6706919789194166,1.3058423966183061,1.1248523171553446,0.1893787384033203,-0.0002907873154202726,-0.1018194954704958,0.0022092126845797274,0.0,-0.0025,True,True,216,10.0,5,0.008,1.0,0.432,0.9914625287055969,-0.03971821069717407,0,False
185,21.65711547108367,21.639999999999997,0.10000000000000142,161,1.8813410512111874,1.6917340802248058,1.3015370503828387,1.1244226974697338,0.18930640816688538,-0.0022539122826568,-0.1040734077531526,0.00024608771734320006,0.0,-0.0025,True,True,217,10.0,5,0.008,1.0,0.434,0.9892454743385315,0.23062878847122192,0,False
186,21.857155467849225,21.84,0.1999999999999993,316,1.8909566097301593,1.7338729651431406,1.394008097503932,1.1229469972187673,0.18905796110630035,-0.0016547135329080995,-0.1057281212860607,0.0008452864670919004,0.0,-0.0025,True,True,219,10.0,5,0.008,1.0,0.438,0.9921872019767761,-0.18543368577957153,0,False
187,22.05740581313148,22.04,0.1999999999999993,318,1.9001325393252664,1.776669105671642,1.3228406232547325,1.1225721642215356,0.1889948546886444,-0.0022852942968790715,-0.10801341558293977,0.00021470570312092854,0.0,-0.0025,True,True,221,10.0,5,0.008,1.0,0.442,0.9958573579788208,-0.014111138880252838,0,False
188,22.157423345837742,22.139999999999997,0.10000000000000142,159,1.9054615397601966,1.7978936224937543,1.3243238839448108,1.1237847290531942,0.18919900059700012,-0.0031945615425634623,-0.11120797712550323,-0.0006945615425634624,0.0,-0.0025,True,True,222,10.0,5,0.008,1.0,0.444,0.9923911094665527,-0.16984187066555023,0,False
189,22.357453314121813,22.34,0.1999999999999993,315,1.918042465670984,1.8397501271663348,1.2294372810906944,1.1294684718119246,0.19015590846538544,-0.00575566850940087,-0.1169636456349041,-0.0032556685094008698,0.0,-0.0025,True,True,224,10.0,5,0.008,1.0,0.448,0.9860926270484924,-0.16956788301467896,0,False
190,22.557212142739445,22.54,0.1999999999999993,315,1.9342334277555548,1.8803318536896991,1.139125919829175,1.1405288332442869,0.19201801717281342,-0.008835415226634459,-0.12579906086153855,-0.006335415226634458,0.0,-0.0025,True,True,226,10.0,5,0.008,1.0,0.452,0.9952248334884644,-0.2696564197540283,0,False
191,22.657583952881396,22.639999999999997,0.10000000000000142,159,1.9439376085015674,1.900018347098596,1.0857018478308567,1.1482985415469975,0.19332611560821533,-0.006950517154301299,-0.13274957801583986,-0.0044505171543012985,0.0,-0.0025,True,True,227,10.0,5,0.008,1.0,0.454,0.9853891730308533,-0.22895534336566925,0,False
192,22.857513600960374,22.84,0.1999999999999993,320,1.9658444635981156,1.9376368727643614,0.9968193334019705,1.1675112330169066,0.19656074047088623,-0.013505099501264174,-0.14625467751710403,-0.011005099501264173,0.0,-0.0025,True,True,229,10.0,5,0.008,1.0,0.458,0.9749398827552795,-0.2783159613609314,0,False
193,23.05753931775689,23.04,0.1999999999999993,321,1.9914293538410686,1.9727899941240823,0.8875626345372404,1.1917400485210794,0.20063987374305725,-0.01637835357887287,-0.1626330310959769,-0.013878353578872871,0.0,-0.0025,True,True,231,10.0,5,0.008,1.0,0.462,0.9859033226966858,-0.3566184639930725,0,False
194,23.15841672476381,23.139999999999997,0.10099999999999909,162,2.0057938969286684,1.9892319250151203,0.8136268001439256,1.2058420004965031,0.2030140608549118,-0.010577649344166629,-0.17321068044014354,-0.008077649344166628,0.0,-0.0025,True,True,232,10.0,5,0.008,1.0,0.464,0.9769840240478516,-0.581417977809906,0,False
195,23.258734745904803,23.24,0.10000000000000142,157,2.0215769669514847,2.0041066788962456,0.6924426593450934,1.2215838357712674,0.20566433668136597,-0.01151698045808,-0.18472766089822354,-0.00901698045808,0.0,-0.0025,True,True,233,10.0,5,0.008,1.0,0.466,0.9530044198036194,-0.4397973120212555,0,False
196,23.45842516515404,23.439999999999998,0.1999999999999993,321,2.0564893171840986,2.027740971701956,0.44313767932583104,1.2567954793652818,0.21159252524375916,-0.02266935742512149,-0.20739701832334503,-0.020169357425121492,0.0,-0.0025,True,True,235,10.0,5,0.008,1.0,0.47,0.9182600378990173,-0.7752658128738403,0,False
197,23.558568747714162,23.54,0.10000000000000142,162,2.075573900123824,2.035206270243119,0.2945101331212512,1.2760596827134412,0.21483582258224487,-0.013534605692342551,-0.22093162401568758,-0.01103460569234255,0.0,-0.0025,True,True,236,10.0,5,0.008,1.0,0.472,0.9028114676475525,-0.49122023582458496,0,False
198,23.75849636597559,23.74,0.1999999999999993,321,2.1141586842074154,2.0433201772599228,0.12994280158951457,1.3148724668407172,0.22137029469013214,-0.02473210381068907,-0.24566372782637666,-0.02223210381068907,0.0,-0.0025,True,True,238,10.0,5,0.008,1.0,0.476,0.8943036198616028,-0.6367714405059814,0,False
199,23.958621291909367,23.939999999999998,0.1999999999999993,318,2.1552242883409973,2.04352478972726,-0.09202021893974512,1.3559230083868852,0.22828151285648346,-0.02601389939321677,-0.27167762721959343,-0.023513899393216773,0.0,-0.0025,True,True,240,10.0,5,0.008,1.0,0.48,0.9960309267044067,-0.43567731976509094,0,False
200,24.05893812282011,24.04,0.10000000000000142,158,2.177016397220977,2.0405695807933166,-0.1777440501783551,1.377613934549235,0.2319333702325821,-0.01492464134007999,-0.2866022685596734,-0.01242464134007999,0.0,-0.0025,True,True,241,10.0,5,0.008,1.0,0.482,0.9775427579879761,-0.4520436227321625,0,False
201,24.160005738027394,24.139999999999997,0.10099999999999909,161,2.1981100436245926,2.0357759295554527,-0.269262480688333,1.3985676743989657,0.23546111583709717,-0.014502378340955068,-0.3011046469006285,-0.012002378340955067,0.0,-0.0025,True,True,242,10.0,5,0.008,1.0,0.484,0.9673752188682556,-0.5006358027458191,0,False
202,24.25985368201509,24.24,0.10000000000000142,159,2.2185035490674836,2.0290194508085384,-0.3710793070095396,1.418800336461578,0.23886746168136597,-0.01408934236378255,-0.31519398926441106,-0.01158934236378255,0.0,-0.0025,True,True,243,10.0,5,0.008,1.0,0.486,0.9709104895591736,-0.5229979157447815,0,False
203,24.459708620794117,24.439999999999998,0.1999999999999993,318,2.256406929889258,2.009536424084632,-0.5784473613144319,1.4564381718194916,0.2452041208744049,-0.02405908888532201,-0.33925307814973304,-0.02155908888532201,0.0,-0.0025,True,True,245,10.0,5,0.008,1.0,0.49,0.9814597368240356,-0.4338417649269104,0,False
204,24.66020456282422,24.639999999999997,0.1999999999999993,318,2.291015768629522,1.9827580432852145,-0.7379333357221078,1.4911154018037576,0.25104233622550964,-0.02236324336716542,-0.3616163215168985,-0.019863243367165422,0.0,-0.0025,True,True,247,10.0,5,0.008,1.0,0.494,0.9992924928665161,-0.19667990505695343,0,False
205,24.759820139966905,24.74,0.10000000000000142,157,2.3070400896069123,1.9676238902232295,-0.7736409494560376,1.5073878448278497,0.2537819445133209,-0.011820914505354998,-0.3734372360222535,-0.009320914505354997,0.0,-0.0025,True,True,248,10.0,5,0.008,1.0,0.496,0.9980573058128357,-0.225836381316185,0,False
206,24.960147264879197,24.939999999999998,0.1999999999999993,318,2.3370059251575044,1.9352824056645155,-0.8730090994911235,1.5383679026845218,0.25899770855903625,-0.020245489735343698,-0.39368272575759716,-0.0177454897353437,0.0,-0.0025,True,True,250,10.0,5,0.008,1.0,0.5,0.9997807145118713,-0.207839697599411,0,False
207,25.160351629834622,25.139999999999997,0.1999999999999993,319,2.363977961044092,1.9003503259876582,-0.9560485466149121,1.5671494123354717,0.2638433277606964,-0.01898615333262291,-0.4126688790902201,-0.016486153332622912,0.0,-0.0025,True,True,252,10.0,5,0.008,1.0,0.504,0.9995766282081604,-0.21464885771274567,0,False
208,25.26015411503613,25.24,0.10000000000000142,158,2.376321480231009,1.88205553613267,-0.999120504255939,1.5807278372321172,0.26612937450408936,-0.010277771130716724,-0.4229466502209368,-0.007777771130716723,0.0,-0.0025,True,True,253,10.0,5,0.008,1.0,0.506,0.9990958571434021,-0.2413112372159958,0,False
209,25.46004260284826,25.439999999999998,0.1999999999999993,317,2.398377833812039,1.8438200072333624,-1.0963998878434278,1.6059900766030377,0.27038249373435974,-0.01697030252565904,-0.43991695274659587,-0.01447030252565904,0.0,-0.0025,True,True,255,10.0,5,0.008,1.0,0.51,0.9998338222503662,-0.24045993387699127,0,False
210,25.660282637923956,25.639999999999997,0.1999999999999993,319,2.4165417657108454,1.8035555636202876,-1.2036068546004246,1.6284342090951258,0.274161159992218,-0.015356080663234331,-0.4552730334098302,-0.012856080663234331,0.0,-0.0025,True,True,257,10.0,5,0.008,1.0,0.514,0.9995632767677307,-0.25332850217819214,0,False
211,25.760585928801447,25.74,0.10000000000000142,155,2.4239805771000027,1.7827626755864594,-1.2528542611636897,1.638445923219058,0.2758467197418213,-0.008234746237124004,-0.4635077796469542,-0.005734746237124004,0.0,-0.0025,True,True,258,10.0,5,0.008,1.0,0.516,0.9997969269752502,-0.2261938899755478,0,False
212,25.861380605958402,25.84,0.10099999999999909,159,2.4304328149557555,1.7616487327613501,-1.2970155880354368,1.6477628465452885,0.27741530537605286,-0.007836767543027664,-0.47134454718998187,-0.005336767543027664,0.0,-0.0025,True,True,259,10.0,5,0.008,1.0,0.518,0.9994238018989563,-0.2407829761505127,0,False
213,25.96225024200976,25.939999999999998,0.10099999999999909,159,2.435884766905641,1.7402543517648037,-1.3458353369334553,1.6563775443697393,0.27886566519737244,-0.007434530223414525,-0.47877907741339637,-0.004934530223414524,0.0,-0.0025,True,True,260,10.0,5,0.008,1.0,0.52,0.9993209838867188,-0.2827666997909546,0,False
214,26.062169016804546,26.04,0.10000000000000142,158,2.4401876709420547,1.718585970207698,-1.4037988285888892,1.6641542448346178,0.28017494082450867,-0.006954522290203656,-0.4857335997036,-0.004454522290203655,0.0,-0.0025,True,True,261,10.0,5,0.008,1.0,0.522,0.9994515776634216,-0.29277870059013367,0,False
215,26.16323254071176,26.139999999999997,0.10099999999999909,160,2.44323402302131,1.6967002080173839,-1.4626373675181796,1.6709904552337151,0.2813258767127991,-0.006415806162373083,-0.4921494058659731,-0.003915806162373083,0.0,-0.0025,True,True,262,10.0,5,0.008,1.0,0.524,0.999495267868042,-0.3032497465610504,0,False
216,26.36374927405268,26.34,0.1999999999999993,319,2.445455867594119,1.652590893470555,-1.5758860042002925,1.681730770357225,0.2831341028213501,-0.00865209153773593,-0.500801497403709,-0.006152091537735929,0.0,-0.0025,True,True,264,10.0,5,0.008,1.0,0.528,0.999955415725708,-0.23284049332141876,0,False
217,26.46367783797905,26.439999999999998,0.10000000000000142,158,2.444857664768287,1.630514581164834,-1.6208518412781492,1.6858458790640227,0.28382691740989685,-0.004857149223353502,-0.5056586466270625,-0.0023571492233535017,0.0,-0.0025,True,True,265,10.0,5,0.008,1.0,0.53,0.9999817609786987,-0.22936134040355682,0,False
218,26.663842963054776,26.639999999999997,0.1999999999999993,317,2.4405779240304475,1.5865610751162753,-1.7170234317636466,1.691870998651637,0.28484129905700684,-0.005951210397697795,-0.5116098570247603,-0.0034512103976977945,0.0,-0.0025,True,True,267,10.0,5,0.008,1.0,0.534,0.9999532699584961,-0.2511175572872162,0,False
219,26.863906709942967,26.84,0.1999999999999993,318,2.4318556574883012,1.5432445150375362,-1.8275544582433296,1.6945731595502158,0.285296231508255,-0.004047807583537214,-0.5156576646082974,-0.0015478075835372133,0.0,-0.0025,True,True,269,10.0,5,0.008,1.0,0.538,0.9999569654464722,-0.32736653089523315,0,False
220,26.96393846301362,26.939999999999998,0.10000000000000142,159,2.425543179229211,1.5220462703950433,-1.8937584418628803,1.6943524196458248,0.28525906801223755,-0.0023735593804997627,-0.5180312239887972,0.0001264406195002374,0.0,-0.0025,True,True,270,10.0,5,0.008,1.0,0.54,0.9995264410972595,-0.3267900049686432,0,False
221,27.16406380897388,27.139999999999997,0.1999999999999993,318,2.4086770272090154,1.481199028468863,-2.0456651016349654,1.6902651025709354,0.28457093238830566,-0.00015876992441045358,-0.5181899939132076,0.0023412300755895465,0.0,-0.0025,True,True,272,10.0,5,0.008,1.0,0.544,0.9999450445175171,-0.36981651186943054,0,False
222,27.36423049401492,27.34,0.1999999999999993,318,2.3860943390333635,1.443216795064472,-2.163721860843827,1.6809826975136355,0.2830081582069397,0.0028169953531298132,-0.5153729985600778,0.005316995353129813,0.0,-0.0025,True,True,274,10.0,5,0.008,1.0,0.548,0.9996412992477417,-0.2935647964477539,0,False
223,27.464031709823757,27.439999999999998,0.10000000000000142,158,2.3731945231835203,1.4252720965175856,-2.222958306457129,1.6748890724384518,0.2819822430610657,0.0009904505899564452,-0.5143825479701214,0.0034904505899564452,0.0,-0.0025,True,True,275,10.0,5,0.008,1.0,0.55,0.9990862607955933,-0.33288225531578064,0,False
224,27.664296444039792,27.639999999999997,0.1999999999999993,321,2.343611132744688,1.39239077884909,-2.431462607230624,1.6588924215322753,0.2792890667915344,0.006662939777864026,-0.5077196081922574,0.009162939777864027,0.0,-0.0025,True,True,277,10.0,5,0.008,1.0,0.554,0.9990556240081787,-0.973733127117157,0,False
225,27.864520418923348,27.84,0.1999999999999993,321,2.305043844464998,1.3703351891068167,-2.812064933359879,1.6314518138666996,0.27466920018196106,0.01321807980197801,-0.49450152839027933,0.01571807980197801,0.0,-0.0025,True,True,279,10.0,5,0.008,1.0,0.558,0.9998051524162292,-0.2697535753250122,0,False
226,27.96447861287743,27.939999999999998,0.10000000000000142,161,2.283741461947342,1.3644417760920255,-2.9098604395116268,1.6141323166850512,0.27175331115722656,0.0074206709322546804,-0.48708085745802465,0.009920670932254681,0.0,-0.0025,True,True,280,10.0,5,0.008,1.0,0.56,0.9863204956054688,-0.30874258279800415,0,False
227,28.06582294497639,28.04,0.10099999999999909,162,2.2623335875855366,1.3600389867440705,-2.971643513174658,1.5962360988871191,0.26874032616615295,0.007751018597316216,-0.47932983886070846,0.010251018597316216,0.0,-0.0025,True,True,281,10.0,5,0.008,1.0,0.562,0.9966683387756348,-0.3241831660270691,0,False
228,28.165732768829912,28.139999999999997,0.10000000000000142,161,2.2404972654194277,1.3569834707712525,-3.0346936995614944,1.577498874444631,0.2655857503414154,0.008232750259902898,-0.47109708860080557,0.010732750259902899,0.0,-0.0025,True,True,282,10.0,5,0.008,1.0,0.564,0.9642934203147888,-0.13753201067447662,0,False
229,28.365822865162045,28.34,0.1999999999999993,322,2.1974386945946183,1.3536171056597295,-3.0973266594721496,1.5396902179097027,0.25922033190727234,0.019156935876354638,-0.4519401527244509,0.021656935876354637,0.0,-0.0025,True,True,284,10.0,5,0.008,1.0,0.568,0.9936318397521973,-0.1505158692598343,0,False
230,28.566062950063497,28.54,0.1999999999999993,316,2.1535041092665432,1.353322881053797,3.1041144466927593,1.500054925389682,0.25254738330841064,0.02020323960740745,-0.4317369131170435,0.022703239607407447,0.0,-0.0025,True,True,286,10.0,5,0.008,1.0,0.572,0.9836903810501099,0.47203704714775085,0,False
231,28.666127742733806,28.639999999999997,0.10000000000000142,159,2.1318167239223684,1.3540468887931894,3.137782957582998,1.4801997515757574,0.2492045909166336,0.00887311572297726,-0.4228637973940662,0.011373115722977261,0.0,-0.0025,True,True,287,10.0,5,0.008,1.0,0.574,0.9531005024909973,0.3552183508872986,0,False
232,28.866140198893845,28.84,0.1999999999999993,320,2.0895163878576617,1.351839629587826,-3.0894116154217346,1.4432478561773585,0.24298341572284698,0.018666179983507003,-0.4041976174105592,0.021166179983507002,0.0,-0.0025,True,True,289,10.0,5,0.008,1.0,0.578,0.9973891377449036,-0.09735764563083649,0,False
233,29.066041356883943,29.04,0.1999999999999993,318,2.045547039944403,1.3505820621275748,3.139737923620609,1.404681833418744,0.23649048805236816,0.01959075800188125,-0.38460685940867795,0.022090758001881247,0.0,-0.0025,True,True,291,10.0,5,0.008,1.0,0.582,0.995444655418396,-0.08323373645544052,0,False
234,29.166221999097615,29.139999999999997,0.10000000000000142,157,2.0236290258819127,1.3508154040180536,3.123724811856778,1.385174586053962,0.23320627212524414,0.00867382218839204,-0.3759330372202859,0.01117382218839204,0.0,-0.0025,True,True,292,10.0,5,0.008,1.0,0.584,0.9925387501716614,-0.021071331575512886,0,False
235,29.365912307985127,29.34,0.1999999999999993,320,1.9798345340547552,1.3518110810210557,3.1108368201725254,1.3461643397267273,0.2266385555267334,0.019845210876489074,-0.3560878263437969,0.022345210876489073,0.0,-0.0025,True,True,294,10.0,5,0.008,1.0,0.588,0.9947773814201355,0.20541584491729736,0,False
236,29.566356470808387,29.54,0.1999999999999993,324,1.9361907607291278,1.3514575522017471,-3.088806062133377,1.3082571733627746,0.22025655210018158,0.019213362664447547,-0.3368744636793493,0.021713362664447546,0.0,-0.0025,True,True,296,10.0,5,0.008,1.0,0.592,0.999461829662323,-0.18494446575641632,0,False
237,29.666534362826496,29.639999999999997,0.10000000000000142,160,1.9141991034325403,1.3504434194470205,-3.1187669038859562,1.289714490343643,0.2171347290277481,0.008121316225555847,-0.32875314745379347,0.010621316225555847,0.0,-0.0025,True,True,297,10.0,5,0.008,1.0,0.594,0.999323308467865,-0.011418509297072887,0,False
238,29.866176723036915,29.84,0.1999999999999993,316,1.8702549219553126,1.3492466073167484,-3.1100829707415873,1.2525676109799782,0.21088072657585144,0.018777867507468116,-0.30997527994632534,0.021277867507468115,0.0,-0.0025,True,True,299,10.0,5,0.008,1.0,0.598,0.9992560148239136,0.10147926956415176,0,False
239,29.96725688688457,29.939999999999998,0.10099999999999909,160,1.8483202757960133,1.3483372067218546,-3.0918463593785,1.2343580735102162,0.2078149914741516,0.007930489244080723,-0.3020447907022446,0.010430489244080724,0.0,-0.0025,True,True,300,10.0,5,0.008,1.0,0.6,0.9991667866706848,-0.35510024428367615,0,False
240,30.068447730038315,30.04,0.10099999999999909,161,1.826239327451965,1.3477977812747772,3.1277697187992444,1.215950188756677,0.20471586287021637,0.008044103289108847,-0.29400068741313573,0.010544103289108847,0.0,-0.0025,True,True,301,10.0,5,0.008,1.0,0.602,0.9823698401451111,-0.0900428369641304,0,False
241,30.168390073813498,30.139999999999997,0.10000000000000142,158,1.804492345286592,1.3482119651177815,3.1172504554854736,1.1974274201234667,0.2015973925590515,0.008109909192922623,-0.2858907782202131,0.010609909192922623,0.0,-0.0025,True,True,302,10.0,5,0.008,1.0,0.604,0.9913743138313293,-0.08340229839086533,0,False
242,30.36861534882337,30.34,0.1999999999999993,318,1.7609616681555593,1.3493827982517945,-3.119352755959249,1.160495616127753,0.1953795999288559,0.018654671555027928,-0.26723610666518516,0.021154671555027926,0.0,-0.0025,True,True,304,10.0,5,0.008,1.0,0.608,0.9927393794059753,-0.15442943572998047,0,False
243,30.469012898858637,30.439999999999998,0.10000000000000142,161,1.7391982026779025,1.3489598788506059,-3.139863080034011,1.1427801324456055,0.19239704310894012,0.007647493438928279,-0.25958861322625687,0.01014749343892828,0.0,-0.0025,True,True,305,10.0,5,0.008,1.0,0.61,0.9876704216003418,0.03339173644781113,0,False
244,30.66929164296016,30.639999999999997,0.1999999999999993,318,1.6958077677203103,1.3483232628156512,-3.119040732880574,1.107769845420352,0.18650275468826294,0.017554019650717685,-0.2420345935755392,0.020054019650717684,0.0,-0.0025,True,True,307,10.0,5,0.008,1.0,0.614,0.9846383333206177,-0.09962645918130875,0,False
245,30.869480377994478,30.84,0.1999999999999993,318,1.6523404943021571,1.3486085862222812,3.104509316921467,1.0727511500988205,0.18060705065727234,0.017558835953385084,-0.2244757576221541,0.020058835953385083,0.0,-0.0025,True,True,309,10.0,5,0.008,1.0,0.618,0.9965116381645203,-0.28942596912384033,0,False
246,30.96936278184876,30.939999999999998,0.10000000000000142,159,1.6304329267550595,1.350113337710898,3.0444007969264084,1.0545006332482512,0.17753441631793976,0.007953962382344134,-0.21652179523980997,0.010453962382344134,0.0,-0.0025,True,True,310,10.0,5,0.008,1.0,0.62,0.907988965511322,-0.03194941207766533,0,False
247,31.169592997059226,31.139999999999997,0.1999999999999993,318,1.5908541610765126,1.3545057932873696,3.0097617785100947,1.0208393909795042,0.1718672513961792,0.016781281911173715,-0.19974051332863624,0.019281281911173714,0.0,-0.0025,True,True,312,10.0,5,0.008,1.0,0.624,0.8983330130577087,-0.061515070497989655,0,False
248,31.370670313946903,31.36,0.2010000000000005,319,1.5481739145180629,1.3607342050636113,2.9767793475759334,0.987228952521952,0.1662086397409439,0.016752181303478116,-0.18298833202515813,0.019252181303478114,0.0,-0.0025,True,True,314,10.0,5,0.012,1.0,0.628,0.8324961066246033,-0.18035128712654114,0,False
249,31.57101052813232,31.56,0.1999999999999993,319,1.512582936456595,1.3687238328832796,2.841181800617627,0.9519895172960295,0.16027577221393585,0.017685276572885322,-0.1653030554522728,0.02018527657288532,0.0,-0.0025,True,True,316,10.0,5,0.012,1.0,0.632,0.8220301866531372,-0.49455899000167847,0,False
250,31.67098951106891,31.66,0.10000000000000142,158,1.4950840296343857,1.3751774304078441,2.734194557069382,0.9346362984208876,0.1573542058467865,0.007439986840847146,-0.15786306861142566,0.009939986840847147,0.0,-0.0025,True,True,317,10.0,5,0.012,1.0,0.634,0.9270743727684021,-0.6818270087242126,0,False
251,31.77064590714872,31.76,0.10000000000000142,158,1.4766883245146472,1.3846794663442408,2.609487996825167,0.9186601814593057,0.15466448664665222,0.0066511778597709535,-0.1512118907516547,0.009151177859770954,0.0,-0.0025,True,True,318,10.0,5,0.008,1.0,0.636,0.7864999175071716,-0.11791456490755081,0,False
252,31.970860422123224,31.959999999999997,0.19999999999999574,319,1.444710484475679,1.4063700551098055,2.4340530303845194,0.8806738000935767,0.1482691466808319,0.01925873730536689,-0.1319531534462878,0.021758737305366888,0.0,-0.0025,True,True,320,10.0,5,0.012,1.0,0.64,0.9588698148727417,-0.5746641755104065,0,False
253,32.07043772889301,32.04,0.10000000000000142,158,1.4324795342681815,1.41767411996111,2.3511830386875454,0.8597289110820333,0.14474289119243622,0.009497308548673606,-0.1224558448976142,0.011997308548673606,0.0,-0.0025,True,True,321,10.0,5,0.008,1.0,0.642,0.5816868543624878,-0.6978835463523865,0,False
254,32.170606140978634,32.160000000000004,0.10000000000000142,159,1.4202189748104903,1.432010736086673,2.2032043162099852,0.8444259888729765,0.14216651022434235,0.006265569458841278,-0.11619027543877292,0.008765569458841278,0.0,-0.0025,True,True,322,10.0,5,0.008,1.0,0.644,0.7948886752128601,-0.6552502512931824,0,False
255,32.27109616016969,32.260000000000005,0.10000000000000142,160,1.4107590244097816,1.4467671976226961,2.0853983242485694,0.8240710967349978,0.13873958587646484,0.009159356195189816,-0.1070309192435831,0.011659356195189817,0.0,-0.0025,True,True,323,10.0,5,0.012,1.0,0.646,0.8901715278625488,-0.0047604977153241634,0,False
256,32.47107674693689,32.46,0.19999999999999574,320,1.3952901134800486,1.4776464593927605,1.9272013812840663,0.7948979374942605,0.1338280290365219,0.01421049164107858,-0.09282042760250452,0.01671049164107858,0.0,-0.0025,True,True,325,10.0,5,0.012,1.0,0.65,0.7105249762535095,-0.866098165512085,0,False
257,32.57119964901358,32.56,0.10000000000000142,159,1.3909894550056179,1.4933535879123234,1.7460623847816714,0.7784337853150316,0.13105614483356476,0.0069307262061720255,-0.0858897013963325,0.009430726206172026,0.0,-0.0025,True,True,326,10.0,5,0.012,1.0,0.652,0.7651641368865967,-0.9898350834846497,0,False
258,32.670920443721116,32.660000000000004,0.10000000000000142,159,1.389685519700263,1.5103398071243295,1.5461159448452568,0.768615107971964,0.12940308451652527,0.0031241740674649234,-0.08276552732886756,0.005624174067464923,0.0,-0.0025,True,True,327,10.0,5,0.008,1.0,0.654,0.7440344095230103,-0.9987292289733887,0,False
259,32.771338373888284,32.760000000000005,0.10000000000000142,160,1.3919176731196072,1.527952623622096,1.3477241065667767,0.7570966271550277,0.12746384739875793,0.004097827675124073,-0.07866769965374348,0.006597827675124073,0.0,-0.0025,True,True,328,10.0,5,0.012,1.0,0.656,0.8733949065208435,-0.9540194272994995,0,False
260,32.97267173882574,32.96,0.2009999999999934,320,1.408757671711489,1.5667650713604597,0.9942067193203034,0.7471803250667542,0.12579435110092163,0.00318009387632971,-0.07548760577741377,0.00568009387632971,0.0,-0.0025,True,True,330,10.0,5,0.012,1.0,0.66,0.9957594871520996,-0.6145341992378235,0,False
261,33.07249754387885,33.06,0.10000000000000142,159,1.421751171781926,1.5845932824229092,0.8852611252954734,0.7477548329734911,0.1258910745382309,-0.0028290802169911693,-0.07831668599440494,-0.0003290802169911692,0.0,-0.0025,True,True,331,10.0,5,0.012,1.0,0.662,0.9990224242210388,-0.3193190395832062,0,False
262,33.172657765913755,33.160000000000004,0.10000000000000142,159,1.436095654326574,1.6012502105068855,0.8323011444465871,0.7507457082137393,0.1263946145772934,-0.004213184207759241,-0.08252987020216418,-0.0017131842077592414,0.0,-0.0025,True,True,332,10.0,5,0.012,1.0,0.664,0.9887195229530334,-0.26521337032318115,0,False
263,33.27237801114097,33.260000000000005,0.10000000000000142,159,1.4510927200235064,1.6168774117442999,0.7815668948459926,0.7554499287102828,0.1271866112947464,-0.005194594597609107,-0.08772446479977329,-0.002694594597609107,0.0,-0.0025,True,True,333,10.0,5,0.012,1.0,0.666,0.9690704345703125,-0.23846618831157684,0,False
264,33.37275347113609,33.36,0.10000000000000142,159,1.4666900779588163,1.6316261941133974,0.7365088719554356,0.7616921593586312,0.1282375454902649,-0.006075572402362623,-0.09380003720213591,-0.0035755724023626228,0.0,-0.0025,True,True,334,10.0,5,0.012,1.0,0.668,0.9662343263626099,-0.13490933179855347,0,False
265,33.47235256806016,33.46,0.10000000000000142,158,1.482657620666427,1.6457987564085423,0.7163129296991039,0.7690772987421041,0.12948089838027954,-0.006730234679670726,-0.10053027188180663,-0.004230234679670725,0.0,-0.0025,True,True,335,10.0,5,0.012,1.0,0.67,0.9772058725357056,-0.05352465808391571,0,False
266,33.672318543773144,33.660000000000004,0.19999999999999574,324,1.5152709715613346,1.6739960784188257,0.7159762900124487,0.7860604640726356,0.13234016299247742,-0.012228018825558337,-0.11275829070736497,-0.009728018825558337,0.0,-0.0025,True,True,337,10.0,5,0.012,1.0,0.674,0.9825616478919983,0.1169232577085495,0,False
267,33.77241294691339,33.760000000000005,0.10000000000000142,161,1.5313040252209327,1.6883469415047008,0.7392301484186415,0.7949422801935788,0.13383549451828003,-0.007587536554469759,-0.12034582726183472,-0.005087536554469759,0.0,-0.0025,True,True,338,10.0,5,0.012,1.0,0.676,0.9771444797515869,0.05674267187714577,0,False
268,33.8727232767269,33.86,0.10000000000000142,156,1.5471004327974793,1.7028593411678492,0.7496091938185846,0.8040221780731536,0.13536417484283447,-0.007700998505729421,-0.12804682576756415,-0.005200998505729421,0.0,-0.0025,True,True,339,10.0,5,0.012,1.0,0.678,0.9749746322631836,0.04238370060920715,0,False
269,34.072465975768864,34.06,0.19999999999999574,319,1.5784794676176153,1.7325990043633748,0.771806877630647,0.8231242340657218,0.13858017325401306,-0.01344172709774572,-0.14148855286530987,-0.01094172709774572,0.0,-0.0025,True,True,341,10.0,5,0.012,1.0,0.682,0.9891308546066284,0.08943066000938416,0,False
270,34.17301546409726,34.160000000000004,0.10000000000000142,158,1.5939035904111727,1.74791286639437,0.7914760978438344,0.8329651270126395,0.1402369737625122,-0.008136899246091438,-0.1496254521114013,-0.005636899246091439,0.0,-0.0025,True,True,342,10.0,5,0.012,1.0,0.684,0.9907228946685791,0.1119956448674202,0,False
271,34.272373903077096,34.260000000000005,0.10000000000000142,159,1.6090096466031454,1.7635636842734024,0.812233967463141,0.8428515132678399,0.141901433467865,-0.008162957978418315,-0.15778841008981961,-0.005662957978418316,0.0,-0.0025,True,True,343,10.0,5,0.012,1.0,0.686,0.9903321862220764,0.06789454817771912,0,False
272,34.372578953858465,34.36,0.10000000000000142,158,1.6238841059152245,1.7794329928518218,0.8244217329590176,0.8528979226774664,0.14359283447265625,-0.008254619822867517,-0.16604302991268713,-0.005754619822867517,0.0,-0.0025,True,True,344,10.0,5,0.012,1.0,0.688,0.9889858365058899,0.05193058028817177,0,False
273,34.47292753402144,34.46,0.10000000000000142,159,1.6385689940855963,1.7954473747299942,0.833595513394361,0.8631568407119699,0.14532001316547394,-0.008376345535546016,-0.17441937544823313,-0.005876345535546016,0.0,-0.0025,True,True,345,10.0,5,0.012,1.0,0.69,0.9879299402236938,0.042502790689468384,0,False
274,34.67266421299428,34.660000000000004,0.19999999999999574,318,1.6673008867304184,1.8275554268668155,0.8466343174068869,0.8842782154369677,0.14887598156929016,-0.014598400206766412,-0.18901777565499955,-0.012098400206766412,0.0,-0.0025,True,True,347,10.0,5,0.012,1.0,0.694,0.9624513983726501,-0.007361733354628086,0,False
275,34.773991405032575,34.760000000000005,0.10099999999999909,160,1.681312563878329,1.8433447982768314,0.8434376189221443,0.8951272188534175,0.15070250630378723,-0.008714348586952542,-0.1977321242419521,-0.006214348586952542,0.0,-0.0025,True,True,348,10.0,5,0.012,1.0,0.696,0.9558375477790833,-0.023337775841355324,0,False
276,34.87410996714607,34.86,0.10000000000000142,158,1.69537327332723,1.8590698368688507,0.8399585087711086,0.9063964600669998,0.1525997817516327,-0.008955062324477485,-0.2066871865664296,-0.006455062324477485,0.0,-0.0025,True,True,349,10.0,5,0.012,1.0,0.698,0.9640309810638428,0.006419578101485968,0,False
277,34.97411306994036,34.96,0.10000000000000142,159,1.7094484194942945,1.8748252799305072,0.8412028338593702,0.9180223900595298,0.15455710887908936,-0.009159374953421303,-0.2158465615198509,-0.006659374953421304,0.0,-0.0025,True,True,350,10.0,5,0.012,1.0,0.7,0.9567574858665466,-0.00814916007220745,0,False
278,35.07357924710959,35.06,0.10000000000000142,158,1.7234917524787403,1.8905106273949255,0.8397844360970081,0.9299596040311066,0.15656684339046478,-0.009337679547961044,-0.22518424106781196,-0.006837679547961045,0.0,-0.0025,True,True,351,10.0,5,0.012,1.0,0.702,0.9588159322738647,-0.010704041458666325,0,False
279,35.27387610077858,35.260000000000005,0.19999999999999574,315,1.7515114104968763,1.921620467826012,0.8344455467137366,0.9547341622179075,0.16073785722255707,-0.016690956970949227,-0.24187519803876117,-0.014190956970949228,0.0,-0.0025,True,True,353,10.0,5,0.012,1.0,0.706,0.948512077331543,-0.026284286752343178,0,False
280,35.37454692879692,35.36,0.10000000000000142,160,1.7656851186832017,1.9371654731058574,0.8269406124200656,0.9677271926768459,0.1629253476858139,-0.00994245506921939,-0.25181765310798054,-0.00744245506921939,0.0,-0.0025,True,True,354,10.0,5,0.012,1.0,0.708,0.9657019376754761,-0.1068590059876442,0,False
281,35.474043705966324,35.46,0.10000000000000142,158,1.780278118387047,1.952636631220366,0.8036362546419763,0.9814216520621268,0.16523092985153198,-0.010344236107527018,-0.26216188921550754,-0.007844236107527018,0.0,-0.0025,True,True,355,10.0,5,0.012,1.0,0.71,0.9653077125549316,-0.1127510517835617,0,False
282,35.57450221478939,35.56,0.10000000000000142,162,1.7952806901719687,1.967858776846462,0.7813349551649659,0.9957995731722302,0.16765157878398895,-0.010735725467503326,-0.2728976146830109,-0.008235725467503325,0.0,-0.0025,True,True,356,10.0,5,0.012,1.0,0.712,0.9774793982505798,-0.10271432250738144,0,False
283,35.77437712205574,35.760000000000005,0.19999999999999574,324,1.8265180642064653,1.9974771515011653,0.7307895265151668,1.0265211865538335,0.17282383143901825,-0.020097451800724326,-0.2929950664837352,-0.017597451800724327,0.0,-0.0025,True,True,358,10.0,5,0.012,1.0,0.716,0.9670529961585999,-0.1678360551595688,0,False
284,35.87382976990193,35.86,0.10000000000000142,160,1.8426769681875501,2.0114689952824825,0.6984411285761332,1.0427400820068926,0.17555442452430725,-0.011790242262052044,-0.30478530874578724,-0.009290242262052044,0.0,-0.0025,True,True,359,10.0,5,0.012,1.0,0.718,0.9725958108901978,-0.13715074956417084,0,False
285,35.97414537006989,35.96,0.10000000000000142,159,1.8592687373107775,2.0250398008995614,0.6695422439757305,1.059564640317108,0.17838698625564575,-0.012137168147874118,-0.3169224768936614,-0.009637168147874117,0.0,-0.0025,True,True,360,10.0,5,0.012,1.0,0.72,0.9714776873588562,-0.17499935626983643,0,False
286,36.07419824274257,36.06,0.10000000000000142,159,1.8762867795546174,2.0380257937483077,0.6328738110144424,1.0769583075227658,0.1813153624534607,-0.012463155791573508,-0.3293856326852349,-0.009963155791573508,0.0,-0.0025,True,True,361,10.0,5,0.012,1.0,0.722,0.9462066292762756,-0.3522827625274658,0,False
287,36.27457556594163,36.260000000000005,0.19999999999999574,317,1.9122613406678843,2.060836666996604,0.5010772262357881,1.113923833211973,0.18753883242607117,-0.02367398746362039,-0.3530596201488553,-0.02117398746362039,0.0,-0.0025,True,True,363,10.0,5,0.012,1.0,0.726,0.9729646444320679,-0.3408348858356476,0,False
288,36.37438037991524,36.36,0.10000000000000142,159,1.9314869141190354,2.070511805030777,0.4186250000722235,1.133681824822601,0.19086526334285736,-0.013817449403726534,-0.3668770695525818,-0.011317449403726533,0.0,-0.0025,True,True,364,10.0,5,0.012,1.0,0.728,0.9591223001480103,-0.813285768032074,0,False
289,36.47442583274096,36.46,0.10000000000000142,159,1.9515576453665475,2.077498781100008,0.2509109046635942,1.1541624873712213,0.19431336224079132,-0.01423139794350982,-0.3811084674960916,-0.01173139794350982,0.0,-0.0025,True,True,365,10.0,5,0.012,1.0,0.73,0.9445870518684387,-0.9111590385437012,0,False
290,36.57452446501702,36.56,0.10000000000000142,157,1.9722757572572918,2.0809282306042642,0.0665341171478594,1.1750658659516662,0.1978326290845871,-0.0144735312228734,-0.39558199871896504,-0.0119735312228734,0.0,-0.0025,True,True,366,10.0,5,0.012,1.0,0.732,0.9392107129096985,-0.5155410170555115,0,False
291,36.774525940883905,36.760000000000005,0.19999999999999574,319,2.0158064305458647,2.0790324702770415,-0.11516439735966523,1.218372486151774,0.2051236778497696,-0.027306189445767307,-0.42288818816473234,-0.024806189445767308,0.0,-0.0025,True,True,368,10.0,5,0.012,1.0,0.736,0.9991843700408936,-0.35486486554145813,0,False
292,36.87488554092124,36.86,0.10000000000000142,161,2.0374924604323126,2.075793949701904,-0.18486170165097823,1.2398114289509317,0.20873311161994934,-0.014780304353826051,-0.4376684925185584,-0.01228030435382605,0.0,-0.0025,True,True,369,10.0,5,0.012,1.0,0.738,0.9794484972953796,-0.3592962324619293,0,False
293,36.9746060767211,36.96,0.10000000000000142,158,2.0585219433564954,2.0710948553093105,-0.2560435916300041,1.2605284088791522,0.21222099661827087,-0.014366761397425288,-0.45203525391598365,-0.011866761397425287,0.0,-0.0025,True,True,370,10.0,5,0.012,1.0,0.74,0.9623920321464539,-0.3634682595729828,0,False
294,37.074184462893754,37.06,0.10000000000000142,159,2.078715094680119,2.0650324758814778,-0.3277616288563435,1.2803677396927216,0.2155611217021942,-0.013864040794793442,-0.46589929471077707,-0.011364040794793442,0.0,-0.0025,True,True,371,10.0,5,0.012,1.0,0.742,0.9371069073677063,-0.3512837290763855,0,False
295,37.27467689476907,37.260000000000005,0.19999999999999574,318,2.118920899300202,2.048916851773637,-0.41460460749693917,1.319827697108252,0.2222045511007309,-0.025102807022311224,-0.4910021017330883,-0.022602807022311225,0.0,-0.0025,True,True,373,10.0,5,0.012,1.0,0.746,0.9990576505661011,-0.04983646795153618,0,False
296,37.3748541069217,37.36,0.10000000000000142,158,2.1390398579988568,2.040035414879105,-0.4211012197289982,1.3396382626977126,0.22553983330726624,-0.013847563969878504,-0.5048496657029667,-0.011347563969878504,0.0,-0.0025,True,True,374,10.0,5,0.012,1.0,0.748,0.9986859560012817,-0.05933985859155655,0,False
297,37.47461603209376,37.46,0.10000000000000142,159,2.1590487102881624,2.030913193845647,-0.43382163897963844,1.359400237185525,0.22886693477630615,-0.013819730810253204,-0.51866939651322,-0.011319730810253203,0.0,-0.0025,True,True,375,10.0,5,0.012,1.0,0.75,0.9980555176734924,-0.08894073218107224,0,False
298,37.57489492185414,37.56,0.10000000000000142,160,2.1788876299824795,2.021448694476104,-0.4583381219899937,1.3790544084642162,0.23217588663101196,-0.013757980740264776,-0.5324273772534848,-0.011257980740264776,0.0,-0.0025,True,True,376,10.0,5,0.012,1.0,0.752,0.994094967842102,-0.19541077315807343,0,False
299,37.77499132696539,37.760000000000005,0.19999999999999574,317,2.217315910663812,2.000277655704469,-0.5505540897202176,1.417315962389188,0.23861755430698395,-0.0244163571473982,-0.556843734400883,-0.021916357147398202,0.0,-0.0025,True,True,378,10.0,5,0.012,1.0,0.756,0.9925960898399353,-0.2748507857322693,0,False
300,37.874781012069434,37.86,0.10000000000000142,156,2.235714857022805,1.9882409780247028,-0.6080025706946036,1.435762967847515,0.24172326922416687,-0.013066511770993028,-0.569910246171876,-0.010566511770993027,0.0,-0.0025,True,True,379,10.0,5,0.012,1.0,0.758,0.9953374266624451,-0.3619767427444458,0,False
301,37.97542796982452,37.96,0.10000000000000142,160,2.25317478582287,1.9750968147398218,-0.6786819983519378,1.4533881729801523,0.24469062685966492,-0.012595781557657174,-0.5825060277295332,-0.010095781557657174,0.0,-0.0025,True,True,380,10.0,5,0.012,1.0,0.76,0.9769183397293091,-0.2819842994213104,0,False
302,38.07525235414505,38.06,0.10000000000000142,157,2.269765366658906,1.9610192362262955,-0.7330375901571197,1.4702822103701378,0.2475348860025406,-0.012176966017283752,-0.594682993746817,-0.009676966017283751,0.0,-0.0025,True,True,381,10.0,5,0.012,1.0,0.762,0.995968759059906,-0.26087990403175354,0,False
303,38.27520242985338,38.260000000000005,0.19999999999999574,320,2.300917743020139,1.9299504619084777,-0.8390568587547674,1.502551569825552,0.2529677152633667,-0.020984006376987486,-0.6156670001238045,-0.018484006376987487,0.0,-0.0025,True,True,383,10.0,5,0.012,1.0,0.766,0.9961511492729187,-0.29192858934402466,0,False
304,38.37551616085693,38.36,0.10000000000000142,159,2.315102540147827,1.9132055519387385,-0.8910307163709894,1.5175864886542978,0.2554989755153656,-0.011112056148557923,-0.6267790562723624,-0.008612056148557923,0.0,-0.0025,True,True,384,10.0,5,0.012,1.0,0.768,0.9992038607597351,-0.16855549812316895,0,False
305,38.47537340503186,38.46,0.10000000000000142,158,2.3287273480450636,1.8958763624708523,-0.9231838832418452,1.5322693211399532,0.2579709589481354,-0.010910379811600432,-0.6376894360839629,-0.008410379811600432,0.0,-0.0025,True,True,385,10.0,5,0.012,1.0,0.77,0.9991044402122498,-0.16597294807434082,0,False
306,38.57520720874891,38.56,0.10000000000000142,158,2.3417568464043153,1.8780996271289272,-0.9552655438953049,1.5465683812818076,0.26037833094596863,-0.010690553618275181,-0.6483799897022381,-0.00819055361827518,0.0,-0.0025,True,True,386,10.0,5,0.012,1.0,0.772,0.9988528490066528,-0.1695927381515503,0,False
307,38.77530175400898,38.760000000000005,0.19999999999999574,317,2.366022870241652,1.8413225249994054,-1.0206755558471146,1.574041383015149,0.26500365138053894,-0.018236635241728295,-0.6666166249439663,-0.015736635241728296,0.0,-0.0025,True,True,388,10.0,5,0.012,1.0,0.776,0.9987398982048035,-0.2029331922531128,0,False
308,38.87571965390816,38.86,0.10000000000000142,160,2.3771448146219503,1.822278355973332,-1.0630188989477205,1.5871266392079988,0.26720666885375977,-0.009995282304792399,-0.6766119072487587,-0.0074952823047923995,0.0,-0.0025,True,True,389,10.0,5,0.012,1.0,0.778,0.9990990161895752,-0.22463785111904144,0,False
309,38.97565470682457,38.96,0.10000000000000142,160,2.3874255305313525,1.8027471705817808,-1.1094607964440637,1.599633935667219,0.26931238174438477,-0.009664224868811548,-0.6862761321175703,-0.007164224868811547,0.0,-0.0025,True,True,390,10.0,5,0.012,1.0,0.78,0.9996964931488037,-0.24087822437286377,0,False
310,39.07549472106621,39.06,0.10000000000000142,157,2.396773610423834,1.7827401541129264,-1.1578678244089098,1.6114862701005797,0.2713078260421753,-0.009289060239981653,-0.695565192357552,-0.006789060239981653,0.0,-0.0025,True,True,391,10.0,5,0.012,1.0,0.782,0.9996641278266907,-0.24075070023536682,0,False
311,39.275510447099805,39.260000000000005,0.19999999999999574,311,2.4125417264491418,1.741587953697573,-1.2541022093369163,1.6331159484626734,0.2749493718147278,-0.014889558377492031,-0.710454750735044,-0.01238955837749203,0.0,-0.0025,True,True,393,10.0,5,0.012,1.0,0.786,0.9967503547668457,-0.27760598063468933,0,False
312,39.375635649077594,39.36,0.10000000000000142,159,2.4188092886231933,1.7204472666362831,-1.3107795687775052,1.6427699117070758,0.2765747010707855,-0.008029825233106594,-0.7184845759681506,-0.005529825233106593,0.0,-0.0025,True,True,394,10.0,5,0.012,1.0,0.788,0.9987877011299133,-0.2902035415172577,0,False
313,39.47567109204829,39.46,0.10000000000000142,157,2.423827893895535,1.6990611046491046,-1.3713374431350516,1.6514784284163118,0.2780408561229706,-0.007488270021598239,-0.7259728459897489,-0.004988270021598239,0.0,-0.0025,True,True,395,10.0,5,0.012,1.0,0.79,0.9856401085853577,-0.3285444378852844,0,False
314,39.57567221391946,39.56,0.10000000000000142,158,2.4273989245890437,1.6778168990759665,-1.4351169167046185,1.6589844702494232,0.279304563999176,-0.006799488042235938,-0.7327723340319848,-0.004299488042235938,0.0,-0.0025,True,True,396,10.0,5,0.012,1.0,0.792,0.9444496035575867,-0.45130884647369385,0,False
315,39.77573582995683,39.760000000000005,0.19999999999999574,315,2.4294035032914882,1.6344032552585521,-1.609997796959567,1.6699152554107235,0.2811448574066162,-0.008761193467633448,-0.7415335274996183,-0.0062611934676334476,0.0,-0.0025,True,True,398,10.0,5,0.012,1.0,0.796,0.9993395805358887,-0.383987158536911,0,False
316,39.87570641282946,39.86,0.10000000000000142,158,2.4277599681419866,1.6123450893018492,-1.6911020085629045,1.6732838844248052,0.28171199560165405,-0.004429562942333057,-0.7459630904419514,-0.0019295629423330572,0.0,-0.0025,True,True,399,10.0,5,0.012,1.0,0.798,0.9984480738639832,-0.9713723659515381,0,False
317,39.97565105604008,39.96,0.10000000000000142,158,2.423271395843625,1.5907236308935595,-1.8725238244157467,1.6740719630570013,0.2818446755409241,-0.0029514143047433875,-0.7489145047466949,-0.0004514143047433876,0.0,-0.0025,True,True,400,10.0,5,0.012,1.0,0.8,0.9805035591125488,-0.8649407029151917,0,False
318,40.0764037030749,40.06,0.10099999999999909,160,2.4151558547979968,1.5704055658896956,-2.03245115039821,1.671310855576095,0.2813798189163208,-0.000918427599867992,-0.7498329323465629,0.001581572400132008,0.0,-0.0025,True,True,401,10.0,5,0.012,1.0,0.802,0.9980468153953552,-0.5332721471786499,0,False
319,40.17695391084999,40.160000000000004,0.10000000000000142,158,2.4047585376669565,1.55165257394196,-2.1285649734514482,1.666212949796981,0.28052154183387756,0.0004200989582894129,-0.7494128333882735,0.002920098958289413,0.0,-0.0025,True,True,402,10.0,5,0.012,1.0,0.804,0.9278736114501953,-0.5271089673042297,0,False
320,40.276572146918625,40.260000000000005,0.10000000000000142,157,2.392828798006875,1.5346027331719936,-2.22692892055913,1.6594270121587875,0.27937906980514526,0.0013870097422142773,-0.7480258236460592,0.0038870097422142773,0.0,-0.0025,True,True,403,10.0,5,0.012,1.0,0.806,0.9682823419570923,-0.4357454478740692,0,False
321,40.47693123994395,40.46,0.19999999999999574,316,2.362926173981149,1.5027620450667654,-2.4410771060821106,1.640116961468818,0.27612805366516113,0.008560867216360625,-0.7394649564296986,0.011060867216360626,0.0,-0.0025,True,True,405,10.0,5,0.012,1.0,0.81,0.9998719096183777,-0.6947526931762695,0,False
322,40.57703662198037,40.56,0.10000000000000142,159,2.345035031043342,1.489721545028594,-2.5746882723906737,1.6271193285740222,0.2739397883415222,0.004945091361205783,-0.7345198650684928,0.007445091361205783,0.0,-0.0025,True,True,406,10.0,5,0.012,1.0,0.812,0.9782319068908691,-0.5177728533744812,0,False
323,40.677643588744104,40.660000000000004,0.10099999999999909,159,2.3261475713372364,1.4788880076389206,-2.668364179154191,1.6126636085962527,0.27150604128837585,0.0057802889416574965,-0.7287395761268353,0.008280288941657497,0.0,-0.0025,True,True,407,10.0,5,0.012,1.0,0.814,0.9948943257331848,-0.3507991433143616,0,False
324,40.77782569080591,40.760000000000005,0.10000000000000142,159,2.306259144408676,1.4694312926313204,-2.739966638780766,1.596972134590774,0.268864244222641,0.006488133339998458,-0.7222514427868368,0.008988133339998459,0.0,-0.0025,True,True,408,10.0,5,0.012,1.0,0.816,0.9928081035614014,-0.48634690046310425,0,False
325,40.87782643409446,40.86,0.10000000000000142,157,2.2855488026143673,1.461836876740267,-2.832275096687645,1.5800236645459367,0.2660108208656311,0.007208145239814823,-0.715043297547022,0.009708145239814824,0.0,-0.0025,True,True,409,10.0,5,0.012,1.0,0.818,0.9973598718643188,-0.3940455913543701,0,False
326,41.07791640795767,41.06,0.19999999999999574,318,2.242701552735967,1.4511996697672254,-2.9536642447437877,1.5435575031472561,0.2598714232444763,0.018387949783099097,-0.6966553477639229,0.020887949783099095,0.0,-0.0025,True,True,411,10.0,5,0.012,1.0,0.822,0.9991273283958435,-0.21726521849632263,0,False
327,41.17789722094312,41.160000000000004,0.10000000000000142,156,2.220957254433264,1.4474891572246336,-2.9928409195308423,1.5245942282974647,0.2566787898540497,0.008362232754771987,-0.6882931150091509,0.010862232754771987,0.0,-0.0025,True,True,412,10.0,5,0.012,1.0,0.824,0.9994746446609497,-0.17257218062877655,0,False
328,41.27813369175419,41.260000000000005,0.10000000000000142,160,2.199088327060673,1.4445764124280636,-3.0262307175417655,1.5053050655856173,0.2534312903881073,0.00854890250657629,-0.6797442125025747,0.01104890250657629,0.0,-0.0025,True,True,413,10.0,5,0.012,1.0,0.826,0.9995241165161133,-0.09516535699367523,0,False
329,41.37780871801078,41.36,0.10000000000000142,157,2.1771934909904953,1.442212608836547,-3.0400773449876968,1.4858629603898934,0.25015804171562195,0.0086365085172004,-0.6711077039853742,0.0111365085172004,0.0,-0.0025,True,True,414,10.0,5,0.012,1.0,0.828,0.9999313354492188,-0.045182209461927414,0,False
330,41.577962561976165,41.56,0.19999999999999574,317,2.1333513116845695,1.4381332939107077,-3.0587756293157065,1.446900066046961,0.24359829723834991,0.019818087487782965,-0.6512896164975912,0.022318087487782964,0.0,-0.0025,True,True,416,10.0,5,0.012,1.0,0.832,0.9999674558639526,-0.06822661310434341,0,False
331,41.67825365299359,41.660000000000004,0.10000000000000142,160,2.111377538639505,1.436491770150887,-3.0787608927656094,1.4273236051275542,0.2403024286031723,0.008713467964033338,-0.6425761485335578,0.011213467964033339,0.0,-0.0025,True,True,417,10.0,5,0.012,1.0,0.834,0.9999913573265076,-0.15614807605743408,0,False
332,41.77807767689228,41.760000000000005,0.10000000000000142,159,2.0893569223677755,1.4355310763965206,-3.119676345733896,1.4075036576496152,0.23696556687355042,0.008852937949696887,-0.6337232105838609,0.011352937949696888,0.0,-0.0025,True,True,418,10.0,5,0.012,1.0,0.836,0.9916684627532959,-0.31544870138168335,0,False
333,41.87833734694868,41.86,0.10000000000000142,158,2.0673728950523493,1.4358501959382362,3.106690493663841,1.3872631183410162,0.23355789482593536,0.009093854478913027,-0.624629356104948,0.011593854478913028,0.0,-0.0025,True,True,419,10.0,5,0.012,1.0,0.838,0.9938833117485046,0.4499160647392273,0,False
334,42.078375223092735,42.06,0.19999999999999574,314,2.0237886649571255,1.4347553435512987,-3.041868914384026,1.3480208915448928,0.22695112228393555,0.0199780901321868,-0.6046512659727612,0.0224780901321868,0.0,-0.0025,True,True,421,10.0,5,0.012,1.0,0.842,0.999999463558197,-0.18697945773601532,0,False
335,42.178287506103516,42.160000000000004,0.10000000000000142,158,2.0018647847644946,1.4326967888250646,-3.0686003926808847,1.3290266387614458,0.22375327348709106,0.008379977027757227,-0.5962712889450039,0.010879977027757228,0.0,-0.0025,True,True,422,10.0,5,0.012,1.0,0.844,0.9999974966049194,-0.14038699865341187,0,False
336,42.278548386879265,42.260000000000005,0.10000000000000142,158,1.9798613700355456,1.4313077370085472,-3.0946307922255314,1.3097647366312153,0.2205103635787964,0.008533287546349258,-0.5877380013986546,0.011033287546349258,0.0,-0.0025,True,True,423,10.0,5,0.012,1.0,0.846,0.9999976754188538,-0.1765892058610916,0,False
337,42.37837627111003,42.36,0.10000000000000142,159,1.957826234634691,1.4306648232616943,-3.122657673346564,1.2902341230536187,0.2172222137451172,0.008687206440015137,-0.5790507949586395,0.011187206440015137,0.0,-0.0025,True,True,424,10.0,5,0.012,1.0,0.848,0.9999135136604309,0.015093930996954441,0,False
338,42.578558874782175,42.56,0.19999999999999574,317,1.9138428638184684,1.4296368766876446,-3.1196942955232005,1.2513832803221372,0.21068133413791656,0.019753903917499534,-0.55929689104114,0.022253903917499533,0.0,-0.0025,True,True,426,10.0,5,0.012,1.0,0.852,0.9999614357948303,-0.01727517880499363,0,False
339,42.67870311578736,42.660000000000004,0.10000000000000142,157,1.891839990835836,1.4292127571740338,-3.124209101971644,1.2320359676033994,0.20742404460906982,0.008582211041865573,-0.5507146799992744,0.011082211041865573,0.0,-0.0025,True,True,427,10.0,5,0.012,1.0,0.854,0.9999037981033325,-0.02520473301410675,0,False
340,42.77847156114876,42.760000000000005,0.10000000000000142,157,1.8698411274961646,1.4288877681971084,-3.1271478853049937,1.212736272394109,0.20417477190494537,0.008554935559391257,-0.5421597444398831,0.011054935559391257,0.0,-0.0025,True,True,428,10.0,5,0.012,1.0,0.856,0.9999861717224121,0.022757284343242645,0,False
341,42.87868320196867,42.86,0.10000000000000142,159,1.847854562596585,1.4284912948824013,-3.122274268901806,1.1935750042940678,0.2009488046169281,0.008475644008108912,-0.5336841004317742,0.010975644008108913,0.0,-0.0025,True,True,429,10.0,5,0.012,1.0,0.858,0.9999856352806091,0.015464410185813904,0,False
342,43.078872776124626,43.06,0.19999999999999574,317,1.8038839955737025,1.4274447787910773,-3.113233220044412,1.1556827073382698,0.19456930458545685,0.019204845413414585,-0.5144792550183596,0.021704845413414584,0.0,-0.0025,True,True,431,10.0,5,0.012,1.0,0.862,0.9999357461929321,0.009557478129863739,0,False
343,43.17876943014562,43.160000000000004,0.10000000000000142,158,1.7818967364943703,1.4268158386057082,-3.111725791506343,1.1369526520747133,0.191415935754776,0.008228643728154942,-0.5062506112902047,0.010728643728154942,0.0,-0.0025,True,True,432,10.0,5,0.012,1.0,0.864,0.9999262094497681,0.005589564796537161,0,False
344,43.27895057108253,43.260000000000005,0.10000000000000142,158,1.7599046648220191,1.4261606495282197,-3.113254565243105,1.1183508454564905,0.18828415870666504,0.008155182437996239,-0.4980954288522084,0.010655182437996239,0.0,-0.0025,True,True,433,10.0,5,0.012,1.0,0.866,0.9999898672103882,-0.04110298678278923,0,False
345,43.37894656416029,43.36,0.10000000000000142,160,1.7378857119420044,1.425666296970787,-3.1269922603886244,1.0997676255984612,0.18515551090240479,0.008144535874205069,-0.48995089297800337,0.01064453587420507,0.0,-0.0025,True,True,434,10.0,5,0.012,1.0,0.868,0.9975035190582275,-0.2674793004989624,0,False
346,43.578712990973145,43.56,0.19999999999999574,317,1.6938444000343553,1.4266694325829956,3.1073698728951733,1.0619160424983247,0.1787828654050827,0.019181524368919765,-0.4707693686090836,0.021681524368919763,0.0,-0.0025,True,True,436,10.0,5,0.012,1.0,0.872,0.9999730587005615,0.02268032729625702,0,False
347,43.67892270209268,43.660000000000004,0.10000000000000142,158,1.6718592050168843,1.4273130129765983,3.1071420556180005,1.0431245624177483,0.17561915516853333,0.008263828086588501,-0.4625055405224951,0.010763828086588502,0.0,-0.0025,True,True,437,10.0,5,0.012,1.0,0.874,0.9986175298690796,-0.10233382880687714,0,False
348,43.77888350514695,43.760000000000005,0.10000000000000142,160,1.6498728625073176,1.428357998969986,3.0916995294897314,1.0242355461003483,0.17243902385234833,0.008319697197530297,-0.4541858433249648,0.010819697197530297,0.0,-0.0025,True,True,438,10.0,5,0.012,1.0,0.876,0.9999982118606567,0.1265745311975479,0,False
349,43.87940422305837,43.86,0.10000000000000142,160,1.627928232224706,1.4291379971847473,3.112203426585813,1.0056582563039043,0.16931137442588806,0.00814113911337656,-0.44604470421158826,0.01064113911337656,0.0,-0.0025,True,True,439,10.0,5,0.012,1.0,0.878,0.9994704723358154,-0.05046078935265541,0,False
350,44.079272999893874,44.06,0.19999999999999574,319,1.5839495508410626,1.43109840242417,3.0861316052732124,0.9686205962834707,0.1630757600069046,0.018715306270714452,-0.4273293979408738,0.02121530627071445,0.0,-0.0025,True,True,441,10.0,5,0.012,1.0,0.882,0.9995396137237549,-0.05792738124728203,0,False
351,44.179624589160085,44.160000000000004,0.10000000000000142,159,1.5619813539107368,1.4324327058320483,3.0768141157362012,0.9501306642599354,0.15996281802654266,0.008091100263558214,-0.41923829767731563,0.010591100263558214,0.0,-0.0025,True,True,442,10.0,5,0.012,1.0,0.884,0.9996536374092102,-0.008515066467225552,0,False
352,44.27923756511882,44.260000000000005,0.10000000000000142,159,1.5400327630731088,1.4338363927470275,3.0766661498992303,0.9317669451889508,0.15687112510204315,0.008018805025624277,-0.41121949265169133,0.010518805025624278,0.0,-0.0025,True,True,443,10.0,5,0.012,1.0,0.886,0.9996954798698425,0.0026167123578488827,0,False
353,44.37922674790025,44.36,0.10000000000000142,159,1.5180892732018005,1.4352384916173317,3.0795083056295987,0.9135687367920684,0.15380729734897614,0.007923999909960499,-0.4032954927417308,0.010423999909960499,0.0,-0.0025,True,True,444,10.0,5,0.012,1.0,0.888,0.999682605266571,0.03445572778582573,0,False
354,44.57941926177591,44.56,0.19999999999999574,320,1.4741766773116052,1.4380831098913636,3.0671744563903665,0.8776473444838154,0.14775961637496948,0.018075904068173724,-0.3852195886735571,0.020575904068173723,0.0,-0.0025,True,True,446,10.0,5,0.012,1.0,0.892,0.999406635761261,-0.061642397195100784,0,False
355,44.67941472493112,44.660000000000004,0.10000000000000142,157,1.4522250193311788,1.4399047949232118,3.047937703599996,0.859711651947568,0.14473998546600342,0.007773629870891656,-0.37744595880266546,0.010273629870891657,0.0,-0.0025,True,True,447,10.0,5,0.012,1.0,0.894,0.9996811747550964,-0.1263778805732727,0,False
356,44.7795273559168,44.760000000000005,0.10000000000000142,159,1.4303323443133225,1.442280935576044,3.021704518393091,0.8416468256821682,0.14169861376285553,0.00784759814027848,-0.369598360662387,0.010347598140278481,0.0,-0.0025,True,True,448,10.0,5,0.012,1.0,0.896,0.9972878694534302,-0.13221842050552368,0,False
357,44.87961671780795,44.86,0.10000000000000142,158,1.408529445780918,1.4452190784704917,2.993860239594106,0.8234621590677124,0.13863706588745117,0.007916243127769847,-0.36168211753461715,0.010416243127769847,0.0,-0.0025,True,True,449,10.0,5,0.012,1.0,0.898,0.9981800317764282,-0.14335739612579346,0,False
358,45.07981420215219,45.06,0.19999999999999574,318,1.3651459940246102,1.4528650277944162,2.9414741013441073,0.7866045250960082,0.132431760430336,0.0186121866957091,-0.3430699308389081,0.0211121866957091,0.0,-0.0025,True,True,451,10.0,5,0.012,1.0,0.902,0.999854326248169,-0.13270694017410278,0,False
359,45.17999509302899,45.160000000000004,0.10000000000000142,160,1.3435996285582728,1.4575265084448208,2.915654218616801,0.7679700588848745,0.1292944848537445,0.008173889971514858,-0.3348960408673932,0.010673889971514859,0.0,-0.0025,True,True,452,10.0,5,0.012,1.0,0.904,0.9998565912246704,-0.12360505014657974,0,False
360,45.27975913789123,45.260000000000005,0.10000000000000142,158,1.3221790255964556,1.4627157898383019,2.8915704821888935,0.7492297366490207,0.12613938748836517,0.008234524687201447,-0.3266615161801918,0.010734524687201447,0.0,-0.0025,True,True,453,10.0,5,0.012,1.0,0.906,0.999703049659729,-0.11561137437820435,0,False
361,45.37980413995683,45.36,0.10000000000000142,159,1.3008891960550362,1.4684102809643456,2.865981010937401,0.7303955070199999,0.12296847999095917,0.008288315183307962,-0.3183732009968838,0.010788315183307962,0.0,-0.0025,True,True,454,10.0,5,0.012,1.0,0.908,0.999175488948822,-0.16876809298992157,0,False
362,45.57986847497523,45.56,0.19999999999999574,316,1.2589765991204647,1.4817488246120365,2.8046807713003927,0.6922743716428694,0.11655045300722122,0.01933592489285246,-0.29903727610403136,0.021835924892852458,0.0,-0.0025,True,True,456,10.0,5,0.012,1.0,0.912,0.9943337440490723,-0.12219009548425674,0,False
363,45.680154704954475,45.660000000000004,0.10000000000000142,159,1.2383571058017337,1.48922370322069,2.781992925630341,0.6730894275506772,0.1133204996585846,0.00848920570246184,-0.2905480704015695,0.01098920570246184,0.0,-0.0025,True,True,457,10.0,5,0.012,1.0,0.914,0.9960126876831055,-0.10216071456670761,0,False
364,45.78014806797728,45.760000000000005,0.10000000000000142,159,1.2178942734777602,1.4971338778057024,2.7619565769753724,0.6538424390827923,0.11008010059595108,0.008524744946354993,-0.2820233254552145,0.011024744946354994,0.0,-0.0025,True,True,458,10.0,5,0.012,1.0,0.916,0.9946215748786926,-0.10925092548131943,0,False
365,45.88006689073518,45.86,0.10000000000000142,159,1.1976482121875172,1.5054715656947113,2.7392554922036667,0.6345726597065751,0.10683586448431015,0.0085377996614798,-0.27348552579373475,0.0110377996614798,0.0,-0.0025,True,True,459,10.0,5,0.012,1.0,0.918,0.9912793040275574,-0.1297452300786972,0,False
366,46.080221994780004,46.06,0.19999999999999574,316,1.1577130994659341,1.5236874091690227,2.688812106531158,0.5956780495802574,0.10028761625289917,0.019778974040331472,-0.2537065517534033,0.02227897404033147,0.0,-0.0025,True,True,461,10.0,5,0.012,1.0,0.922,0.995720624923706,-0.12868043780326843,0,False
367,46.18044462474063,46.160000000000004,0.10000000000000142,159,1.1380796339242192,1.5335682804075808,2.657407472191837,0.5760697698975673,0.09698639065027237,0.008731693867285204,-0.24497485788611809,0.011231693867285205,0.0,-0.0025,True,True,462,10.0,5,0.012,1.0,0.924,0.994558572769165,-0.19848193228244781,0,False
368,46.28023194009438,46.260000000000005,0.10000000000000142,157,1.1188459561951862,1.5442177002243411,2.6184458874649894,0.5562375640087389,0.09364746510982513,0.008859959612006727,-0.23611489827411136,0.011359959612006728,0.0,-0.0025,True,True,463,10.0,5,0.012,1.0,0.926,0.9983163475990295,-0.17880754172801971,0,False
369,46.38031315198168,46.36,0.10000000000000142,159,1.0999668141773533,1.5555663536494357,2.5827718666877595,0.5361915218693055,0.09027253836393356,0.008982445793527472,-0.2271324524805839,0.011482445793527472,0.0,-0.0025,True,True,464,10.0,5,0.012,1.0,0.928,0.9980983138084412,-0.16714608669281006,0,False
370,46.58063491387293,46.56,0.19999999999999574,318,1.0633904111567258,1.5801622754342097,2.517534060046622,0.4956190140936329,0.08344180136919022,0.02074007991209384,-0.20639237256849005,0.023240079912093838,0.0,-0.0025,True,True,466,10.0,5,0.012,1.0,0.932,0.9995989799499512,-0.060784876346588135,0,False
371,46.68053569784388,46.660000000000004,0.10000000000000142,159,1.0455663030411528,1.5930653798141943,2.5120577129796744,0.475287886456187,0.08001887798309326,0.009145743802914058,-0.197246628765576,0.011645743802914058,0.0,-0.0025,True,True,467,10.0,5,0.012,1.0,0.934,0.9997888803482056,0.014925191178917885,0,False
372,46.78067057905719,46.760000000000005,0.10000000000000142,158,1.0277484863943687,1.6059505496004012,2.5166103634877763,0.4551311203310307,0.07662530988454819,0.009045868894968818,-0.1882007598706072,0.011545868894968819,0.0,-0.0025,True,True,468,10.0,5,0.012,1.0,0.936,0.9998301267623901,0.012124737724661827,0,False
373,46.88077448075637,46.86,0.10000000000000142,160,1.0099012444602051,1.618809066524371,2.516668964768668,0.4351609741290534,0.07326316088438034,0.008938972324713676,-0.1792617875458935,0.011438972324713676,0.0,-0.0025,True,True,469,10.0,5,0.012,1.0,0.938,0.9997929334640503,-0.037036582827568054,0,False
374,47.08092359500006,47.06,0.19999999999999574,316,0.9743508360036733,1.6447215042827061,2.515673003244335,0.3957537234549281,0.0666286051273346,0.020072616409275025,-0.15918917113661848,0.022572616409275024,0.0,-0.0025,True,True,471,10.0,5,0.012,1.0,0.942,0.9999794960021973,0.08304798603057861,0,False
375,47.18065249873325,47.160000000000004,0.10000000000000142,157,0.9564125929065569,1.6574050317451736,2.5325384848511967,0.3766114846569897,0.063405841588974,0.008464743954703619,-0.15072442718191487,0.010964743954703619,0.0,-0.0025,True,True,472,10.0,5,0.012,1.0,0.944,0.9999864101409912,0.06587602943181992,0,False
376,47.28113207779825,47.260000000000005,0.10000000000000142,159,0.9383110652370601,1.6698714060547408,2.5436933824764494,0.357931325993714,0.060260873287916183,0.00820006277416805,-0.14252436440774682,0.01070006277416805,0.0,-0.0025,True,True,473,10.0,5,0.012,1.0,0.946,0.9999898672103882,0.0021578040905296803,0,False
377,47.38080742303282,47.36,0.10000000000000142,158,0.920154895251318,1.6823062885933346,2.5395208115454064,0.33965642508393884,0.0571841336786747,0.007967929660079552,-0.13455643474766726,0.010467929660079553,0.0,-0.0025,True,True,474,10.0,5,0.012,1.0,0.948,0.9999949336051941,-0.06080015003681183,0,False
378,47.58110684575513,47.56,0.19999999999999574,318,0.8845161191275248,1.7082784767437302,2.48082502544428,0.3037176630057434,0.05113352835178375,0.018085853535526098,-0.11647058121214117,0.020585853535526097,0.0,-0.0025,True,True,476,10.0,5,0.012,1.0,0.952,0.9999945163726807,0.06557702273130417,0,False
379,47.680918079800904,47.660000000000004,0.10000000000000142,158,0.8669947348539094,1.7215243296676452,2.499363432409151,0.28642100098661816,0.04822148382663727,0.007407590868168475,-0.1090629903439727,0.009907590868168475,0.0,-0.0025,True,True,477,10.0,5,0.012,1.0,0.954,0.9999979138374329,0.08862806856632233,0,False
380,47.78189421398565,47.760000000000005,0.10099999999999909,160,0.8492769034369477,1.73450150540669,2.5195192788493417,0.2700327004906543,0.04546236991882324,0.006887278086319693,-0.102175712257653,0.009387278086319693,0.0,-0.0025,True,True,478,10.0,5,0.012,1.0,0.956,0.9999992251396179,0.10514838248491287,0,False
381,47.8819260969758,47.86,0.10000000000000142,158,0.8313153785254574,1.747164488066129,2.5318018697171363,0.25476743859808443,0.04289232939481735,0.006243997492683543,-0.09593171476496945,0.008743997492683543,0.0,-0.0025,True,True,479,10.0,5,0.012,1.0,0.958,0.9999996423721313,-0.051531627774238586,0,False
382,47.98190424917266,47.96,0.10000000000000142,158,0.8134006530646949,1.759954089374427,2.525166196762775,0.2404196767191043,0.040476758033037186,0.0057184501503041215,-0.09021326461466533,0.008218450150304122,0.0,-0.0025,True,True,480,10.0,5,0.012,1.0,0.96,0.999999463558197,0.17331406474113464,0,False
383,48.08189222216606,48.06,0.10000000000000142,160,0.7952495586612202,1.7722872359238688,2.553793656232835,0.22776231429841878,0.03834578022360802,0.004750183196944089,-0.08546308141772124,0.007250183196944089,0.0,-0.0025,True,True,481,10.0,5,0.012,1.0,0.962,0.9999998807907104,-0.09206414967775345,0,False
384,48.28233208274469,48.260000000000005,0.19999999999999574,318,0.7589042787337253,1.7970681933772912,2.5582979490480775,0.20705115379630623,0.03485887497663498,0.009363428009000307,-0.07609965340872094,0.011863428009000308,0.0,-0.0025,True,True,483,10.0,5,0.012,1.0,0.966,0.9999991059303284,0.3866645097732544,0,False
385,48.38234096579254,48.36,0.10000000000000142,158,0.7401674742621983,1.8083050083402241,2.63527136127576,0.20081558340369374,0.03380906209349632,0.0010717573836708269,-0.07502789602505011,0.003571757383670827,0.0,-0.0025,True,True,484,10.0,5,0.012,1.0,0.968,0.999998152256012,0.03434647619724274,0,False
386,48.399822698906064,48.38,0.0,26,0.7363179746183143,1.8104408911739984,2.6334788418190214,0.19997012921294854,0.03366672247648239,1.500484279233208,1.425456383208158,0.00048427923320811233,1.5,-0.0,False,False,484,10.0,5,0.016,1.0,0.968,0.999998152256012,0.03438090160489082,1,True
