ppo_step,t_wall_s,t_sim_s,ppo_step_sim_dt,inner_ticks,x,y,yaw,goal_distance_m,goal_distance_norm,ppo_reward,ppo_reward_cumulative,navigation_reward,terminal_reward,frame_cost_reward,fresh_observation,frame_consumed,episode_frame_count,current_fps,scan_divisor_k,obs_age_ratio,fps_ratio,frame_count_ratio,action_linear,action_angular,outcome,done
1,0.06586973881348968,0.05999999999998806,0.09999999999999432,47,-1.8681602926887184,-2.0777261556138535,-2.2680714158203363,4.509200065824157,0.7591633200645447,-0.0017533726054819521,-0.0017533726054819521,-0.0017533726054819521,0.0,-0.0,False,False,1,10.0,5,0.012,1.0,0.002,0.9998146891593933,-0.26509183645248413,0,False
2,0.2781064978335053,0.2599999999999909,0.1910000000000025,341,-1.8983796744727062,-2.109944726658735,-2.3843282662020915,4.537755348051039,0.7639708518981934,-0.0063437749177032345,-0.008097147523185187,-0.0063437749177032345,0.0,-0.0,True,True,2,1.0,50,0.032,0.1,0.004,0.9997798204421997,-0.29182106256484985,0,False
3,0.3779167728498578,0.35999999999999943,0.09999999999999432,161,-1.9148696283068176,-2.1246648628135008,-2.442171734494785,4.550598268294321,0.7661330699920654,-0.0028531532156489295,-0.010950300738834117,-0.0028531532156489295,0.0,-0.0,False,False,2,1.0,50,0.052,0.1,0.004,0.9997856020927429,-0.2807535231113434,0,False
4,0.4779361749533564,0.45999999999999375,0.10000000000000853,163,-1.93216582160354,-2.138424138002897,-2.4977683356978524,4.562473260873442,0.7681323289871216,-0.002638120662677925,-0.013588421401512042,-0.002638120662677925,0.0,-0.0,False,False,2,1.0,50,0.072,0.1,0.004,0.9997917413711548,-0.2701128423213959,0,False
5,0.5782083659432828,0.5599999999999881,0.09999999999999432,163,-1.9501824743715783,-2.1512172897648334,-2.5513304822485483,4.573392008894807,0.7699705958366394,-0.002425683601384569,-0.01601410500289661,-0.002425683601384569,0.0,-0.0,False,False,2,1.0,50,0.092,0.1,0.004,0.9997979998588562,-0.2604462206363678,0,False
6,0.6782502878922969,0.6599999999999966,0.09999999999999432,160,-1.9688424316757627,-2.1630425977509935,-2.603011015003094,4.583367257565408,0.7716500163078308,-0.002216077985558797,-0.01823018298845541,-0.002216077985558797,0.0,-0.0,False,False,2,1.0,50,0.112,0.1,0.004,0.9998002648353577,-0.25071418285369873,0,False
7,0.7777968950103968,0.7599999999999909,0.10000000000000853,157,-1.9880747768218918,-2.1739037954773544,-2.6526563276181427,4.592415292427509,0.7731733322143555,-0.0020100903278295174,-0.020240273316284925,-0.0020100903278295174,0.0,-0.0,False,False,2,1.0,50,0.132,0.1,0.004,0.9997934699058533,-0.24207571148872375,0,False
8,0.8791071358136833,0.8599999999999994,0.09999999999999432,161,-2.0078101256901273,-2.1838159145156517,-2.7003326821221516,4.600563020029198,0.7745450735092163,-0.001810080166086219,-0.022050353482371145,-0.001810080166086219,0.0,-0.0,False,False,2,1.0,50,0.152,0.1,0.004,0.99978107213974,-0.23159568011760712,0,False
9,0.9781029380392283,0.9599999999999937,0.10000000000000853,161,-2.027986362412365,-2.1927928332430726,-2.7462642187717416,4.607834514650346,0.7757692933082581,-0.0016154182902253012,-0.023665771772596447,-0.0016154182902253012,0.0,-0.0,False,False,2,1.0,50,0.172,0.1,0.004,0.9997714161872864,-0.2242051064968109,0,False
10,1.078641845844686,1.059999999999988,0.09999999999999432,163,-2.048545244090953,-2.2008477889854032,-2.7907642148378913,4.614252080403185,0.7768497467041016,-0.0014257114439319152,-0.025091483216528362,-0.0014257114439319152,0.0,-0.0,False,False,2,1.0,50,0.192,0.1,0.004,0.9997683763504028,-0.21678456664085388,0,False
11,1.1785104698501527,1.1599999999999966,0.09999999999999432,161,-2.0682806286114586,-2.2076125757962,-2.836574418454694,4.619538155002161,0.7777397036552429,-0.0011743420074665336,-0.026265825223994895,-0.0011743420074665336,0.0,-0.0,True,True,3,1.0,50,0.012,0.1,0.006,0.7320754528045654,-0.38285672664642334,0,False
12,1.2782075959257782,1.259999999999991,0.10000000000000853,171,-2.0842360141227063,-2.212019724820752,-2.9133694649594917,4.622816505466732,0.778291642665863,-0.0007283106951402342,-0.026994135919135128,-0.0007283106951402342,0.0,-0.0,False,False,3,1.0,50,0.032,0.1,0.006,0.7578975558280945,-0.3865373134613037,0,False
13,1.378230017842725,1.3599999999999994,0.09999999999999432,159,-2.1008034386585157,-2.215234895029905,-2.989550211880205,4.624923004955306,0.7786462903022766,-0.00046797501469597933,-0.027462110933831108,-0.00046797501469597933,0.0,-0.0,False,False,3,1.0,50,0.052,0.1,0.006,0.7728495597839355,-0.38649189472198486,0,False
14,1.4790228540077806,1.4599999999999937,0.10000000000000853,164,-2.11778747294521,-2.2171800047005896,-3.067787991626434,4.625796759701156,0.7787933945655823,-0.0001941113170201685,-0.027656222250851275,-0.0001941113170201685,0.0,-0.0,False,False,3,1.0,50,0.072,0.1,0.006,0.7807474732398987,-0.3868916928768158,0,False
15,1.5783182529266924,1.559999999999988,0.09999999999999432,162,-2.13508244775615,-2.2177942099379564,3.13829703463752,4.625387142909847,0.7787244319915771,9.099951126115291e-05,-0.027565222739590122,9.099951126115291e-05,0.0,-0.0,False,False,3,1.0,50,0.092,0.1,0.006,0.7768084406852722,-0.3883250951766968,0,False
16,1.6785673038102686,1.6599999999999966,0.09999999999999432,161,-2.1522815966186952,-2.217077358968187,3.060596347630807,4.623717874827725,0.7784433960914612,0.00037084070492294504,-0.02719438203466718,0.00037084070492294504,0.0,-0.0,False,False,3,1.0,50,0.112,0.1,0.006,0.7715523838996887,-0.38702520728111267,0,False
17,1.7784600269515067,1.759999999999991,0.10000000000000853,156,-2.169257612360499,-2.215047034336576,2.983289276158575,4.620811613600547,0.7779541015625,0.0006456482177545513,-0.026548733816912626,0.0006456482177545513,0.0,-0.0,False,False,3,1.0,50,0.132,0.1,0.006,0.7650120854377747,-0.3855264186859131,0,False
18,1.878499130019918,1.8599999999999994,0.09999999999999432,163,-2.1858683807627055,-2.2117471579009784,2.9063078797944777,4.616715799720998,0.7772645354270935,0.0009099164613474937,-0.02563881735556513,0.0009099164613474937,0.0,-0.0,False,False,3,1.0,50,0.152,0.1,0.006,0.7532650232315063,-0.38249537348747253,0,False
19,1.9790009879507124,1.9599999999999937,0.10000000000000853,163,-2.201935624451023,-2.207251187221348,2.8301210488036737,4.611506550397488,0.7763875126838684,0.0011572746834011393,-0.024481542672163993,0.0011572746834011393,0.0,-0.0,False,False,3,1.0,50,0.172,0.1,0.006,0.7479909062385559,-0.37292781472206116,0,False
20,2.079032351030037,2.059999999999988,0.09999999999999432,163,-2.2175389476707905,-2.20158821499619,2.75587823191711,4.605204399574612,0.7753264904022217,0.001400071132202102,-0.02308147153996189,0.001400071132202102,0.0,-0.0,False,False,3,1.0,50,0.192,0.1,0.006,0.7478235363960266,-0.3630746006965637,0,False
21,2.17837175889872,2.1599999999999966,0.09999999999999432,162,-2.2325713162716125,-2.194834628934818,2.6742057777057195,4.597884048326669,0.7740940451622009,0.0016262721645159627,-0.02145519937544593,0.0016262721645159627,0.0,-0.0,True,True,4,1.0,50,0.012,0.1,0.008,0.5091021656990051,-0.9999994039535522,0,False
22,2.2786325798369944,2.259999999999991,0.10000000000000853,168,-2.2443725386145403,-2.1876877573191473,2.5007220528408776,4.590326494615309,0.7728216648101807,0.0016789685107082958,-0.019776230864737634,0.0016789685107082958,0.0,-0.0,False,False,4,1.0,50,0.032,0.1,0.008,0.4727421998977661,-0.9999979138374329,0,False
23,2.3789363999385387,2.3599999999999994,0.09999999999999432,163,-2.2521790917161826,-2.1805867728800807,2.298189866186451,4.582971448081673,0.7715833783149719,0.0016339799882872403,-0.018142250876450394,0.0016339799882872403,0.0,-0.0,False,False,4,1.0,50,0.052,0.1,0.008,0.42601320147514343,-0.9999895691871643,0,False
24,2.4795539469923824,2.4599999999999937,0.10000000000000853,162,-2.257843935268625,-2.1728649536440217,2.098819084737585,4.5750740221839195,0.7702537775039673,0.0017544737231636478,-0.016387777153286747,0.0017544737231636478,0.0,-0.0,False,False,4,1.0,50,0.072,0.1,0.008,0.39292603731155396,-0.9999515414237976,0,False
25,2.5789784949738532,2.559999999999988,0.09999999999999432,162,-2.261563495696983,-2.164824544700552,1.8997621406027567,4.566923108280482,0.7688814997673035,0.0018107880274530655,-0.014576989125833682,0.0018107880274530655,0.0,-0.0,False,False,4,1.0,50,0.092,0.1,0.008,0.3542289733886719,-0.9998211860656738,0,False
26,2.6785400919616222,2.6599999999999966,0.09999999999999432,162,-2.263415780412026,-2.1570707216578566,1.7002893301350577,4.559117023032822,0.7675672769546509,0.0017341816973162152,-0.012842807428517468,0.0017341816973162152,0.0,-0.0,False,False,4,1.0,50,0.112,0.1,0.008,0.326313316822052,-0.9995183348655701,0,False
27,2.7794624059461057,2.759999999999991,0.10000000000000853,164,-2.263668527025706,-2.149666736481436,1.5006940799726722,4.551708871470062,0.7663200497627258,0.0016457776777335,-0.011197029750783967,0.0016457776777335,0.0,-0.0,False,False,4,1.0,50,0.132,0.1,0.008,0.29773521423339844,-0.9992763996124268,0,False
28,2.878990022931248,2.8599999999999994,0.09999999999999432,159,-2.262522618153088,-2.142839424588221,1.3011553016776258,4.54491921647983,0.7651769518852234,0.001508373921317598,-0.009688655829466368,0.001508373921317598,0.0,-0.0,False,False,4,1.0,50,0.152,0.1,0.008,0.2908623218536377,-0.9992873072624207,0,False
29,2.979017985984683,2.9599999999999937,0.10000000000000853,161,-2.260024372982231,-2.1363429863285863,1.101672862081015,4.5385020047605185,0.7640965580940247,0.0014256327926688666,-0.008263023036797502,0.0014256327926688666,0.0,-0.0,False,False,4,1.0,50,0.172,0.1,0.008,0.3334050476551056,-0.9991320371627808,0,False
30,3.0792858959175646,3.059999999999988,0.09999999999999432,162,-2.2557633523534655,-2.1296662535244097,0.9022646519212459,4.531961943407168,0.7629954814910889,0.00145292478092073,-0.006810098255876772,0.00145292478092073,0.0,-0.0,False,False,4,1.0,50,0.192,0.1,0.008,0.3884405791759491,-0.9984626770019531,0,False
31,3.179087669821456,3.1599999999999966,0.09999999999999432,161,-2.248158086565314,-2.121939502598702,0.7029096808863339,4.524488295641822,0.7617372274398804,0.0016603281613837028,-0.005149770094493069,0.0016603281613837028,0.0,-0.0,True,True,5,1.0,50,0.012,0.1,0.01,0.9316504597663879,-0.5643365383148193,0,False
32,3.2792734219692647,3.259999999999991,0.10000000000000853,161,-2.234142946832726,-2.1120377225717837,0.5462599307140753,4.515085165151648,0.760154128074646,0.002088977544592413,-0.0030607925499006564,0.002088977544592413,0.0,-0.0,False,False,5,1.0,50,0.032,0.1,0.01,0.922746479511261,-0.5070220828056335,0,False
33,3.380666571902111,3.3599999999999994,0.10099999999999909,161,-2.2162741502469943,-2.1024019965371825,0.4463147748035341,4.506149004884235,0.7586496472358704,0.001985236528729599,-0.0010755560211710572,0.001985236528729599,0.0,-0.0,False,False,5,1.0,50,0.052,0.1,0.01,0.9145732522010803,-0.47258588671684265,0,False
34,3.480745223816484,3.4599999999999937,0.09999999999999432,162,-2.1975904913729774,-2.0945335057617602,0.35219720178979846,4.499088868278999,0.7574610114097595,0.0015684634862298031,0.000492907465058746,0.0015684634862298031,0.0,-0.0,False,False,5,1.0,50,0.072,0.1,0.01,0.9082090854644775,-0.4387572109699249,0,False
35,3.580736296949908,3.559999999999988,0.10000000000000853,164,-2.178414359324946,-2.0884158244560687,0.2651946190643547,4.493882097190181,0.7565844058990479,0.00115672412456039,0.001649631589619136,0.00115672412456039,0.0,-0.0,False,False,5,1.0,50,0.092,0.1,0.01,0.9015042781829834,-0.41151824593544006,0,False
36,3.6803546028677374,3.6599999999999966,0.09999999999999432,163,-2.158938551365216,-2.0839629472875347,0.18380481722623024,4.490438059034744,0.7560045719146729,0.0007651194862121147,0.0024147510758312507,0.0007651194862121147,0.0,-0.0,False,False,5,1.0,50,0.112,0.1,0.01,0.896350085735321,-0.3874913156032562,0,False
37,3.7805646839551628,3.759999999999991,0.10000000000000853,162,-2.1392928937935585,-2.0810789738287,0.10718572979205145,4.488656562324406,0.7557046413421631,0.00039577315528591166,0.0028105242311171623,0.00039577315528591166,0.0,-0.0,False,False,5,1.0,50,0.132,0.1,0.01,0.8911547660827637,-0.3650607466697693,0,False
38,3.8807886249851435,3.8599999999999994,0.09999999999999432,164,-2.1196206423643216,-2.0796728614235427,0.03492818648360194,4.488438477671472,0.7556679248809814,4.8449177992042725e-05,0.002858973409109205,4.8449177992042725e-05,0.0,-0.0,False,False,5,1.0,50,0.152,0.1,0.01,0.8845006227493286,-0.34562572836875916,0,False
39,3.98077505803667,3.9599999999999937,0.09999999999999432,162,-2.100064985490341,-2.0796543962056053,-0.03367460987414461,4.489684321654715,0.755877673625946,-0.0002767737944060487,0.0025821996147031563,-0.0002767737944060487,0.0,-0.0,False,False,5,1.0,50,0.172,0.1,0.01,0.8776742815971375,-0.3289390504360199,0,False
40,4.0808585898485035,4.059999999999988,0.10000000000000853,164,-2.0806941473449494,-2.0809367147526023,-0.09900201108101589,4.492298859255239,0.7563178539276123,-0.0005808395770637635,0.0020013600376393927,-0.0005808395770637635,0.0,-0.0,False,False,5,1.0,50,0.192,0.1,0.01,0.8748228549957275,-0.3167504072189331,0,False
41,4.180951501941308,4.159999999999997,0.09999999999999432,164,-2.0610734712151366,-2.083520750085063,-0.1642460472959721,4.496312891389938,0.7569936513900757,-0.000891748019600601,0.0011096120180387917,-0.000891748019600601,0.0,-0.0,True,True,6,1.0,50,0.012,0.1,0.012,0.9998911619186401,0.5234407782554626,0,False
42,4.280632056994364,4.259999999999991,0.10000000000000853,163,-2.041081517414777,-2.0868913583691464,-0.14253987939601495,4.5012240444833,0.7578204870223999,-0.0010910503199768554,1.8561698061936218e-05,-0.0010910503199768554,0.0,-0.0,False,False,6,1.0,50,0.032,0.1,0.012,0.9998853206634521,0.5258540511131287,0,False
43,4.3810453759506345,4.359999999999999,0.09999999999999432,162,-2.0196245949760514,-2.0888730051950644,-0.036859247293217316,4.504960160298919,0.7584494948387146,-0.0008300067781659513,-0.000811445080104015,-0.0008300067781659513,0.0,-0.0,False,False,6,1.0,50,0.052,0.1,0.012,0.9998573660850525,0.5393121242523193,0,False
44,4.480602132854983,4.459999999999994,0.09999999999999432,164,-1.9978434355382195,-2.0885546879597494,0.07014935278799092,4.506534547395673,0.7587145566940308,-0.0003497621664458144,-0.0011612072465498294,-0.0003497621664458144,0.0,-0.0,False,False,6,1.0,50,0.072,0.1,0.012,0.9997947216033936,0.5435875654220581,0,False
45,4.5813346188515425,4.559999999999988,0.10000000000000853,165,-1.976233854951136,-2.0858803679968667,0.17824985797249104,4.505851970754669,0.7585996389389038,0.00015163963501410704,-0.0010095676115357223,0.00015163963501410704,0.0,-0.0,False,False,6,1.0,50,0.092,0.1,0.012,0.9996830224990845,0.5456236600875854,0,False
46,4.680884315865114,4.659999999999997,0.09999999999999432,164,-1.9550469747192967,-2.0808780958312267,0.2872579184980983,4.502915970711182,0.7581053376197815,0.0006522549238443305,-0.0003573126876913918,0.0006522549238443305,0.0,-0.0,False,False,6,1.0,50,0.112,0.1,0.012,0.9995004534721375,0.5470699667930603,0,False
47,4.780885698040947,4.759999999999991,0.10000000000000853,162,-1.9345315940790238,-2.0735995923554738,0.3966106050772643,4.497749913478026,0.757235586643219,0.0011476792293182707,0.0007903665416268789,0.0011476792293182707,0.0,-0.0,False,False,6,1.0,50,0.132,0.1,0.012,0.9993776679039001,0.5472362041473389,0,False
48,4.881188707891852,4.859999999999999,0.09999999999999432,163,-1.9149329920887384,-2.064126175669684,0.5059903781143053,4.4904023016484675,0.7559985518455505,0.0016323283117647954,0.002422694853391674,0.0016323283117647954,0.0,-0.0,False,False,6,1.0,50,0.152,0.1,0.012,0.9992377758026123,0.547803521156311,0,False
49,4.9814961878582835,4.959999999999994,0.09999999999999432,161,-1.8964858293474298,-2.0525707651818013,0.6154701372047687,4.480949960497972,0.7544071674346924,0.002099910070145926,0.0045226049235376,0.002099910070145926,0.0,-0.0,False,False,6,1.0,50,0.172,0.1,0.012,0.999053955078125,0.5509893894195557,0,False
50,5.08132245298475,5.059999999999988,0.10000000000000853,155,-1.8794179247169547,-2.0390665828831374,0.7256038608082521,4.469487416978379,0.7524773478507996,0.0025464919413129743,0.007069096864850574,0.0025464919413129743,0.0,-0.0,False,False,6,1.0,50,0.192,0.1,0.012,0.9988127946853638,0.553868293762207,0,False
51,5.181358434958383,5.159999999999997,0.09999999999999432,158,-1.8639436142136327,-2.023799063966926,0.8266073381924696,4.456159116768906,0.7502334117889404,0.0029609840971865278,0.010030080962037103,0.0029609840971865278,0.0,-0.0,True,True,7,1.0,50,0.012,0.1,0.014,0.9969057440757751,0.12944559752941132,0,False
52,5.281196338823065,5.259999999999991,0.10000000000000853,158,-1.8492289083547664,-2.0075962506828833,0.8451542899182584,4.441874926035206,0.7478285431861877,0.0031733425072166376,0.01320342346925374,0.0031733425072166376,0.0,-0.0,False,False,7,1.0,50,0.032,0.1,0.014,0.9969945549964905,0.12735259532928467,0,False
53,5.381489588879049,5.359999999999999,0.09999999999999432,156,-1.83493582247484,-1.9910224101992362,0.8699746838568174,4.427231037237575,0.7453631162643433,0.0032532521903983775,0.016456675659652118,0.0032532521903983775,0.0,-0.0,False,False,7,1.0,50,0.052,0.1,0.014,0.9971127510070801,0.12441989779472351,0,False
54,5.4818443190306425,5.459999999999994,0.09999999999999432,157,-1.8210546768873161,-1.9741033133654493,0.8958786736184837,4.412250816588826,0.7428410649299622,0.003327970890223834,0.019784646549875953,0.003327970890223834,0.0,-0.0,False,False,7,1.0,50,0.072,0.1,0.014,0.997244656085968,0.1212565079331398,0,False
55,5.581638492876664,5.559999999999988,0.10000000000000853,159,-1.8075849283221554,-1.9568454120609624,0.9204461960337934,4.396937450390709,0.7402629256248474,0.0034019817286822466,0.023186628278558198,0.0034019817286822466,0.0,-0.0,False,False,7,1.0,50,0.092,0.1,0.014,0.9973958730697632,0.1179560199379921,0,False
56,5.681749945040792,5.659999999999997,0.09999999999999432,159,-1.794526734949585,-1.9392639838794856,0.9438174767936127,4.3813022677161015,0.7376306056976318,0.0034734757267258624,0.026660104005284062,0.0034734757267258624,0.0,-0.0,False,False,7,1.0,50,0.112,0.1,0.014,0.997532308101654,0.114825040102005,0,False
57,5.781739106867462,5.759999999999991,0.10000000000000853,161,-1.781876510056405,-1.9213788224429602,0.9665434140926743,4.365362616207851,0.7349470257759094,0.003541115812883642,0.030201219818167705,0.003541115812883642,0.0,-0.0,False,False,7,1.0,50,0.132,0.1,0.014,0.9976550340652466,0.11172503978013992,0,False
58,5.881922848988324,5.859999999999999,0.09999999999999432,161,-1.7696310490446143,-1.9032104321287353,0.9887131356468162,4.349136197542332,0.732215166091919,0.0036048233358927343,0.03380604315406044,0.0036048233358927343,0.0,-0.0,False,False,7,1.0,50,0.152,0.1,0.014,0.9977589845657349,0.10868731141090393,0,False
59,5.981277006911114,5.959999999999994,0.09999999999999432,161,-1.7577862511834108,-1.8847777829177244,1.0103223473198786,4.332638943228283,0.7294377088546753,0.0036649915520677906,0.03747103470612823,0.0036649915520677906,0.0,-0.0,False,False,7,1.0,50,0.172,0.1,0.014,0.9978540539741516,0.10574375838041306,0,False
60,6.081345738843083,6.059999999999988,0.10000000000000853,162,-1.746336524310834,-1.8660958638914347,1.031351458723966,4.315883598472692,0.7266167998313904,0.0037223283227760524,0.041193363028904285,0.0037223283227760524,0.0,-0.0,False,False,7,1.0,50,0.192,0.1,0.014,0.9979429841041565,0.10287990421056747,0,False
61,6.181951086036861,6.159999999999997,0.09999999999999432,163,-1.7356761723474545,-1.8478517974156472,1.057100486842218,4.299485119512814,0.7238559722900391,0.003643047849697913,0.0448364108786022,0.003643047849697913,0.0,-0.0,True,True,8,1.0,50,0.012,0.1,0.016,0.8818372488021851,0.22825367748737335,0,False
62,6.281954728998244,6.259999999999991,0.10000000000000853,163,-1.726631653504378,-1.8307919605533631,1.1049015660470496,4.284043239144216,0.7212561964988708,0.0034305321371421007,0.0482669430157443,0.0034305321371421007,0.0,-0.0,False,False,8,1.0,50,0.032,0.1,0.016,0.8817741274833679,0.21615810692310333,0,False
63,6.3820465710014105,6.359999999999999,0.09999999999999432,160,-1.718331392776494,-1.813344825792947,1.1486305990453116,4.268131556284637,0.7185773253440857,0.003534902363108712,0.05180184537885301,0.003534902363108712,0.0,-0.0,False,False,8,1.0,50,0.052,0.1,0.016,0.8823559880256653,0.20339509844779968,0,False
64,6.482069582911208,6.459999999999994,0.09999999999999432,163,-1.7107539171445645,-1.7955522518408893,1.1886311480893734,4.251790076722685,0.7158260941505432,0.003630384996359104,0.05543223037521212,0.003630384996359104,0.0,-0.0,False,False,8,1.0,50,0.072,0.1,0.016,0.8828303217887878,0.19053754210472107,0,False
65,6.582092135911807,6.559999999999988,0.10000000000000853,165,-1.7038697663717297,-1.777465106145205,1.2259262045319406,4.235069427252788,0.7130110263824463,0.0037146204990045778,0.05914685087421669,0.0037146204990045778,0.0,-0.0,False,False,8,1.0,50,0.092,0.1,0.016,0.8833811283111572,0.1777517944574356,0,False
66,6.682103227823973,6.659999999999997,0.09999999999999432,161,-1.697639067009551,-1.7591208236148588,1.2608201968127448,4.218008551562972,0.7101386785507202,0.003790204362722584,0.06293705523693928,0.003790204362722584,0.0,-0.0,False,False,8,1.0,50,0.112,0.1,0.016,0.88454669713974,0.16419996321201324,0,False
67,6.782333178911358,6.759999999999991,0.10000000000000853,162,-1.6920181268305112,-1.7405479727501587,1.2931033001292915,4.200640020737766,0.7072145342826843,0.0038585523102472098,0.06679560754718648,0.0038585523102472098,0.0,-0.0,False,False,8,1.0,50,0.132,0.1,0.016,0.8856037259101868,0.15166400372982025,0,False
68,6.882229911861941,6.859999999999999,0.09999999999999432,163,-1.6869678841697833,-1.721781853473279,1.3228655819524682,4.183001362331084,0.7042449116706848,0.003918563223896367,0.07071417077108286,0.003918563223896367,0.0,-0.0,False,False,8,1.0,50,0.152,0.1,0.016,0.8866571187973022,0.13708315789699554,0,False
69,6.982593992026523,6.959999999999994,0.09999999999999432,162,-1.6824431092857035,-1.7028521565670818,1.3495587925146209,4.165126917595093,0.7012355923652649,0.003970944965037097,0.07468511573611995,0.003970944965037097,0.0,-0.0,False,False,8,1.0,50,0.172,0.1,0.016,0.8876428604125977,0.12260230630636215,0,False
70,7.082674512872472,7.059999999999988,0.10099999999999909,164,-1.6783934129738987,-1.683789194332065,1.3734514480254099,4.1470531519831235,0.6981927156448364,0.0040152256260917,0.07870034136221166,0.0040152256260917,0.0,-0.0,False,False,8,1.0,50,0.192,0.1,0.016,0.8885480165481567,0.10930142551660538,0,False
71,7.183612227905542,7.159999999999997,0.10000000000000853,159,-1.6747820007323337,-1.6646753854847858,1.3938089094141985,4.128865033541775,0.6951305866241455,0.0040406299840321696,0.08274097134624382,0.0040406299840321696,0.0,-0.0,True,True,9,1.0,50,0.012,0.1,0.018,0.9924523234367371,-0.7150048613548279,0,False
72,7.283856007969007,7.259999999999991,0.10099999999999909,162,-1.6708237273146345,-1.6454221876121353,1.3175155093993864,4.11061283503195,0.6920576691627502,0.004054865862630572,0.08679583720887439,0.004054865862630572,0.0,-0.0,False,False,9,1.0,50,0.032,0.1,0.018,0.9823651313781738,-0.7030412554740906,0,False
73,7.383664632914588,7.359999999999999,0.09999999999999432,161,-1.6639716666445319,-1.624893746628899,1.177898916464332,4.09163876215957,0.688863217830658,0.004215235787834801,0.09101107299670919,0.004215235787834801,0.0,-0.0,False,False,9,1.0,50,0.052,0.1,0.018,0.9573137760162354,-0.645809531211853,0,False
74,7.4847274359781295,7.459999999999994,0.10099999999999909,162,-1.65464673988109,-1.6058504789392887,1.052026172238354,4.074603022850206,0.6859951019287109,0.0037846201230514512,0.09479569311976063,0.0037846201230514512,0.0,-0.0,False,False,9,1.0,50,0.072,0.1,0.018,0.9458901286125183,-0.5794749855995178,0,False
75,7.584738018922508,7.559999999999988,0.10000000000000853,163,-1.6432241749272167,-1.5882381626895028,0.9386178794376993,4.059402947380886,0.6834360361099243,0.0033768133245305285,0.09817250644429117,0.0033768133245305285,0.0,-0.0,False,False,9,1.0,50,0.092,0.1,0.018,0.9418298602104187,-0.5361559391021729,0,False
76,7.684692081995308,7.659999999999997,0.09999999999999432,163,-1.6299998228638406,-1.5720412476243701,0.8326555314498618,4.0459872008901225,0.6811773777008057,0.0029804109591412137,0.10115291740343238,0.0029804109591412137,0.0,-0.0,False,False,9,1.0,50,0.112,0.1,0.018,0.942023515701294,-0.5036009550094604,0,False
77,7.78471117396839,7.759999999999991,0.10000000000000853,162,-1.6151873032097515,-1.5572823130237599,0.7333410167758655,4.0343543672438065,0.6792188882827759,0.002584323198803502,0.10373724060223588,0.002584323198803502,0.0,-0.0,False,False,9,1.0,50,0.132,0.1,0.018,0.9429837465286255,-0.46372348070144653,0,False
78,7.885844286996871,7.859999999999999,0.09999999999999432,161,-1.5990350648535105,-1.543997118083261,0.642393265360306,4.024507278710158,0.6775610446929932,0.002187606228361992,0.10592484683059787,0.002187606228361992,0.0,-0.0,False,False,9,1.0,50,0.152,0.1,0.018,0.9430922269821167,-0.41799643635749817,0,False
79,7.985486221965402,7.959999999999994,0.09999999999999432,159,-1.581808883622657,-1.5321661603724177,0.5607537530782287,4.0163875197571395,0.6761940121650696,0.0018038667163114861,0.10772871354690935,0.0018038667163114861,0.0,-0.0,False,False,9,1.0,50,0.172,0.1,0.018,0.9429485201835632,-0.3704693913459778,0,False
80,8.085300416918471,8.059999999999988,0.10000000000000853,159,-1.5637413518442669,-1.5217039573718678,0.4883292405214504,4.009874010918351,0.6750974059104919,0.0014470259361977975,0.10917573948310716,0.0014470259361977975,0.0,-0.0,False,False,9,1.0,50,0.192,0.1,0.018,0.9426777362823486,-0.3360074758529663,0,False
81,8.18537004897371,8.159999999999997,0.09999999999999432,163,-1.544652819281917,-1.51239490492856,0.41008489448750635,4.004803542737617,0.6742437481880188,0.00112644338831524,0.1103021828714224,0.00112644338831524,0.0,-0.0,True,True,10,1.0,50,0.012,0.1,0.02,0.9940985441207886,0.15027055144309998,0,False
82,8.285712977871299,8.259999999999991,0.10000000000000853,159,-1.5246704614492397,-1.5043097000432393,0.3866396951423652,4.001229220244063,0.6736419796943665,0.0007940631509866203,0.11109624602240903,0.0007940631509866203,0.0,-0.0,False,False,10,1.0,50,0.032,0.1,0.02,0.9942114353179932,0.14762148261070251,0,False
83,8.385703010950238,8.36,0.09999999999999432,155,-1.5045058267869191,-1.49570793961346,0.4170480699341174,3.997305466658875,0.6729813814163208,0.0008716919475421173,0.11196793796995115,0.0008716919475421173,0.0,-0.0,False,False,10,1.0,50,0.052,0.1,0.02,0.9941251873970032,0.14999955892562866,0,False
84,8.485620643943548,8.459999999999994,0.09999999999999432,162,-1.4847101417946553,-1.4865537432790816,0.4481705730631365,3.9928754451293735,0.6722355484962463,0.0009841632535951513,0.1129521012235463,0.0009841632535951513,0.0,-0.0,False,False,10,1.0,50,0.072,0.1,0.02,0.9940356016159058,0.152452290058136,0,False
85,8.585660296026617,8.559999999999988,0.10000000000000853,164,-1.465205157945563,-1.4768119521707597,0.4790774469419149,3.9879207459121297,0.6714013814926147,0.0011007244253227726,0.11405282564886908,0.0011007244253227726,0.0,-0.0,False,False,10,1.0,50,0.092,0.1,0.02,0.993946373462677,0.15489085018634796,0,False
86,8.68561311881058,8.659999999999997,0.09999999999999432,164,-1.4460100009882584,-1.4664755525986788,0.5100216075321256,3.9824275616995717,0.6704765558242798,0.0012203529963063348,0.11527317864517542,0.0012203529963063348,0.0,-0.0,False,False,10,1.0,50,0.112,0.1,0.02,0.9938562512397766,0.15733106434345245,0,False
87,8.785712640965357,8.759999999999991,0.10000000000000853,163,-1.427146361641334,-1.4555432092460936,0.5414250684820173,3.976387395687039,0.6694596409797668,0.0013418691976013893,0.1166150478427768,0.0013418691976013893,0.0,-0.0,False,False,10,1.0,50,0.132,0.1,0.02,0.9937608242034912,0.1597253382205963,0,False
88,8.885951061034575,8.86,0.09999999999999432,159,-1.4086380786724386,-1.4440177019060292,0.5733928547729378,3.9697949373716197,0.6683497428894043,0.0014645651678409908,0.1180796130106178,0.0014645651678409908,0.0,-0.0,False,False,10,1.0,50,0.152,0.1,0.02,0.993662416934967,0.162176251411438,0,False
89,8.985842414898798,8.959999999999994,0.09999999999999432,158,-1.3905126431611563,-1.431904220078722,0.6059255295270161,3.962644876250401,0.6671459674835205,0.0015884409070252381,0.11966805391764304,0.0015884409070252381,0.0,-0.0,False,False,10,1.0,50,0.172,0.1,0.02,0.9935609102249146,0.16468414664268494,0,False
90,9.085773547878489,9.059999999999988,0.10000000000000853,159,-1.3727988820254637,-1.4192078702158277,0.6389299878832062,3.954932609887526,0.6658475399017334,0.0017133391126281322,0.12138139303027118,0.0017133391126281322,0.0,-0.0,False,False,10,1.0,50,0.192,0.1,0.02,0.9934897422790527,0.166800394654274,0,False
91,9.186053017852828,9.159999999999997,0.09999999999999432,160,-1.3557435511910811,-1.4061104129881918,0.671920379300313,3.946764348341242,0.6644723415374756,0.0018146419393388028,0.12319603496960999,0.0018146419393388028,0.0,-0.0,True,True,11,1.0,50,0.012,0.1,0.022,0.9619306921958923,0.15819169580936432,0,False
92,9.285882101859897,9.259999999999991,0.10000000000000853,158,-1.3394250859159633,-1.3927243815699262,0.7033156563852396,3.938220103188762,0.6630338430404663,0.0018981695806173312,0.12509420455022732,0.0018981695806173312,0.0,-0.0,False,False,11,1.0,50,0.032,0.1,0.022,0.9636589884757996,0.15561585128307343,0,False
93,9.386010424001142,9.36,0.09999999999999432,159,-1.3235016009552059,-1.3788072902491524,0.7342585380286835,3.9291518884155945,0.6615071296691895,0.0020145734498189538,0.12710877800004627,0.0020145734498189538,0.0,-0.0,False,False,11,1.0,50,0.052,0.1,0.022,0.96527099609375,0.1530764251947403,0,False
94,9.486071664839983,9.459999999999994,0.09999999999999432,161,-1.307985751501988,-1.3643808157694437,0.7647550155765217,3.919573865362839,0.659894585609436,0.0021278312685017843,0.12923660926854805,0.0021278312685017843,0.0,-0.0,False,False,11,1.0,50,0.072,0.1,0.022,0.9667431116104126,0.15056085586547852,0,False
95,9.586134087992832,9.559999999999988,0.10000000000000853,159,-1.2928899187904328,-1.349468703449204,0.7947616600056674,3.9095023195727605,0.6581989526748657,0.002237471129087629,0.13147408039763567,0.002237471129087629,0.0,-0.0,False,False,11,1.0,50,0.092,0.1,0.022,0.9681321382522583,0.14809058606624603,0,False
96,9.686078819911927,9.659999999999997,0.09999999999999432,160,-1.2782247514009173,-1.3340926484597269,0.8242740064385097,3.8989521204535134,0.6564227342605591,0.0023438076366286828,0.13381788803426434,0.0023438076366286828,0.0,-0.0,False,False,11,1.0,50,0.112,0.1,0.022,0.9694432616233826,0.14566585421562195,0,False
97,9.786143441917375,9.759999999999991,0.10000000000000853,160,-1.263997829204473,-1.3182725176583228,0.8533045498645737,3.8879367212791425,0.6545681953430176,0.0024471553961766474,0.136265043430441,0.0024471553961766474,0.0,-0.0,False,False,11,1.0,50,0.132,0.1,0.022,0.9706821441650391,0.14328515529632568,0,False
98,9.886186073999852,9.86,0.09999999999999432,158,-1.2502142603487882,-1.3020272812473936,0.8818565993290629,3.876469221290165,0.6526375412940979,0.0025475930589945713,0.13881263648943556,0.0025475930589945713,0.0,-0.0,False,False,11,1.0,50,0.152,0.1,0.022,0.9718532562255859,0.1409481316804886,0,False
99,9.986081187846139,9.959999999999994,0.09999999999999432,159,-1.236879017554509,-1.2853757171447722,0.9099363794852627,3.864562719727098,0.6506329774856567,0.0026451206250824545,0.14145775711451802,0.0026451206250824545,0.0,-0.0,False,False,11,1.0,50,0.172,0.1,0.022,0.9729612469673157,0.13865402340888977,0,False
100,10.086301669012755,10.059999999999988,0.10000000000000853,160,-1.2239976252254319,-1.2683376442929615,0.9375569610356655,3.852231023897514,0.6485568284988403,0.002739580791914397,0.1441973379064324,0.002739580791914397,0.0,-0.0,False,False,11,1.0,50,0.192,0.1,0.022,0.9740104675292969,0.13640138506889343,0,False
101,10.186298120999709,10.159999999999997,0.09999999999999432,158,-1.2116343801654137,-1.2510096412950469,0.9666858550028239,3.8395421082386907,0.6464205384254456,0.002818939916255289,0.1470162778226877,0.002818939916255289,0.0,-0.0,True,True,12,1.0,50,0.012,0.1,0.024,0.9645439386367798,0.17169621586799622,0,False
102,10.286563960835338,10.259999999999991,0.10000000000000853,163,-1.1999283936630445,-1.2333832755162362,1.0015308694609728,3.8264403894868124,0.6442147493362427,0.002910647288883091,0.1499269251115708,0.002910647288883091,0.0,-0.0,False,False,12,1.0,50,0.032,0.1,0.024,0.9656943678855896,0.1692945659160614,0,False
103,10.38678068201989,10.36,0.09999999999999432,159,-1.1888125943576597,-1.2153490512832945,1.0356493263415734,3.812836651192951,0.6419244408607483,0.0030221747797804285,0.15294909989135122,0.0030221747797804285,0.0,-0.0,False,False,12,1.0,50,0.052,0.1,0.024,0.9667932987213135,0.16693784296512604,0,False
104,10.486529225949198,10.459999999999994,0.09999999999999432,159,-1.1782955610960386,-1.1969292340463202,1.0689379296349897,3.7987447006646793,0.6395519375801086,0.0031306348714216273,0.15607973476277284,0.0031306348714216273,0.0,-0.0,False,False,12,1.0,50,0.072,0.1,0.024,0.967840313911438,0.16463397443294525,0,False
105,10.586626508040354,10.559999999999988,0.10000000000000853,160,-1.1683818530246843,-1.1781494304784994,1.1016892859533,3.7841825936118982,0.6371002793312073,0.0032350837486513863,0.15931481851142423,0.0032350837486513863,0.0,-0.0,False,False,12,1.0,50,0.092,0.1,0.024,0.9688463807106018,0.16236041486263275,0,False
106,10.686612881021574,10.659999999999997,0.09999999999999432,159,-1.1590755106327684,-1.1590352906128603,1.1340242816737014,3.769167677677456,0.6345723867416382,0.00333567871399521,0.16265049722541944,0.00333567871399521,0.0,-0.0,False,False,12,1.0,50,0.112,0.1,0.024,0.969762921333313,0.16007693111896515,0,False
107,10.78666167287156,10.759999999999991,0.10000000000000853,160,-1.1503803607980774,-1.1396147716675766,1.1659288440089786,3.7537211948730014,0.6319718360900879,0.003431554603560649,0.1660820518289801,0.003431554603560649,0.0,-0.0,False,False,12,1.0,50,0.132,0.1,0.024,0.9704046845436096,0.1576714962720871,0,False
108,10.887773085851222,10.86,0.10099999999999909,161,-1.1422983734391603,-1.1199138956972976,1.1973573641616,3.7378612009084367,0.6293016672134399,0.00352341927871445,0.16960547110769453,0.00352341927871445,0.0,-0.0,False,False,12,1.0,50,0.152,0.1,0.024,0.9725949764251709,0.15533268451690674,0,False
109,10.987935616867617,10.959999999999994,0.09999999999999432,158,-1.1348150336361407,-1.099916333306799,1.2283167234276142,3.721573180409135,0.6265594363212585,0.003618508655650092,0.1732239797633446,0.003618508655650092,0.0,-0.0,False,False,12,1.0,50,0.172,0.1,0.024,0.9756567478179932,0.1530551314353943,0,False
110,11.089064498897642,11.059999999999988,0.10099999999999909,162,-1.1279282760743796,-1.0796347404348037,1.2588172168565133,3.7048649221127006,0.6237464547157288,0.0037118677048004374,0.17693584746814506,0.0037118677048004374,0.0,-0.0,False,False,12,1.0,50,0.192,0.1,0.024,0.9783364534378052,0.15080736577510834,0,False
111,11.188713004812598,11.159999999999997,0.09999999999999432,159,-1.121582799471662,-1.0589646308841532,1.2810472421434078,3.687653228140173,0.6208487153053284,0.0038237098007496734,0.18075955726889473,0.0038237098007496734,0.0,-0.0,True,True,13,1.0,50,0.012,0.1,0.026,0.9777748584747314,-0.6555770635604858,0,False
112,11.2885359688662,11.259999999999991,0.10000000000000853,159,-1.1145262360058765,-1.038154152649292,1.1862054952564798,3.670605805724402,0.6179786324501038,0.003787215614729593,0.1845467728836243,0.003787215614729593,0.0,-0.0,False,False,13,1.0,50,0.032,0.1,0.026,0.97991544008255,-0.6543015241622925,0,False
113,11.388622900936753,11.36,0.09999999999999432,157,-1.1050183472917519,-1.0185370339033966,1.0543836929416912,3.655594784158762,0.6154513955116272,0.0033348135501024634,0.18788158643372677,0.0033348135501024634,0.0,-0.0,False,False,13,1.0,50,0.052,0.1,0.026,0.9821572303771973,-0.6518678665161133,0,False
114,11.489754962967709,11.459999999999994,0.10099999999999909,165,-1.0930281120575027,-1.0002829549712429,0.9234180883086814,3.6428148818833734,0.6132997870445251,0.002839153290839673,0.19072073972456643,0.002839153290839673,0.0,-0.0,False,False,13,1.0,50,0.072,0.1,0.026,0.9835032224655151,-0.6407118439674377,0,False
115,11.589684135979041,11.559999999999988,0.10000000000000853,164,-1.0787819686599487,-0.9837081731296572,0.7965111098460118,3.632505779596348,0.6115641593933105,0.0022902461265433068,0.19301098585110973,0.0022902461265433068,0.0,-0.0,False,False,13,1.0,50,0.092,0.1,0.026,0.983550488948822,-0.6043077707290649,0,False
116,11.690051064826548,11.659999999999997,0.09999999999999432,163,-1.0626101623467705,-0.9690128384176726,0.6773161976854928,3.6247563397130866,0.610259473323822,0.0017215974952403562,0.1947325833463501,0.0017215974952403562,0.0,-0.0,False,False,13,1.0,50,0.112,0.1,0.026,0.9843177199363708,-0.5677372217178345,0,False
117,11.790300796041265,11.759999999999991,0.10000000000000853,157,-1.0448417803532757,-0.956275626679181,0.56522929778004,3.6195357613166967,0.6093805432319641,0.0011597915238163307,0.19589237487016642,0.0011597915238163307,0.0,-0.0,False,False,13,1.0,50,0.132,0.1,0.026,0.9852419495582581,-0.535132646560669,0,False
118,11.890543975867331,11.86,0.09999999999999432,162,-1.0257856702106203,-0.9455384423441217,0.45943294128012024,3.6167792562716476,0.6089164614677429,0.0006123787335165094,0.19650475360368294,0.0006123787335165094,0.0,-0.0,False,False,13,1.0,50,0.152,0.1,0.026,0.9859275817871094,-0.50713711977005,0,False
119,11.990444459021091,11.959999999999994,0.09999999999999432,162,-1.0057180773075511,-0.9368145152988966,0.3588947981200785,3.616400440397232,0.6088526844978333,8.415685138222755e-05,0.19658891045506516,8.415685138222755e-05,0.0,-0.0,False,False,13,1.0,50,0.172,0.1,0.026,0.9869617819786072,-0.4873048961162567,0,False
120,12.090639869915321,12.059999999999988,0.10000000000000853,162,-0.9848788436838998,-0.9301053661596004,0.26235997218966084,3.618310451278049,0.6091742515563965,-0.00042432356374537086,0.1961645868913198,-0.00042432356374537086,0.0,-0.0,False,False,13,1.0,50,0.192,0.1,0.026,0.987586259841919,-0.4606966972351074,0,False
121,12.190831560874358,12.159999999999997,0.09999999999999432,163,-0.9638819201543349,-0.9254518248843641,0.16488766053462,3.622301117199933,0.6098461151123047,-0.0008865570362442192,0.19527802985507559,-0.0008865570362442192,0.0,-0.0,True,True,14,1.0,50,0.012,0.1,0.028,0.9237033724784851,0.4367685914039612,0,False
122,12.290779953822494,12.259999999999991,0.10000000000000853,162,-0.9461530720987866,-0.923032771633592,0.11001169045150097,3.627149960392457,0.6106624603271484,-0.0010772076976934993,0.19420082215738207,-0.0010772076976934993,0.0,-0.0,False,False,14,1.0,50,0.032,0.1,0.028,0.931090772151947,0.4373161792755127,0,False
123,12.3910072138533,12.36,0.09999999999999432,162,-0.9285220176197486,-0.9206913739804898,0.15490212993541766,3.6321120943137775,0.6114978790283203,-0.0011023761018451189,0.19309844605553694,-0.0011023761018451189,0.0,-0.0,False,False,14,1.0,50,0.052,0.1,0.028,0.9261744022369385,0.43622738122940063,0,False
124,12.491052486002445,12.459999999999994,0.09999999999999432,163,-0.9083195901805741,-0.916590128529979,0.2504915918925129,3.6366030096100075,0.6122539639472961,-0.0009976912708267072,0.19210075478471023,-0.0009976912708267072,0.0,-0.0,False,False,14,1.0,50,0.072,0.1,0.028,0.9152502417564392,0.43451669812202454,0,False
125,12.590856930008158,12.559999999999988,0.10000000000000853,169,-0.8888190332788918,-0.9107059593902822,0.34353991863480343,3.639291540217778,0.6127066016197205,-0.0005972776910254587,0.19150347709368476,-0.0005972776910254587,0.0,-0.0,False,False,14,1.0,50,0.092,0.1,0.028,0.9074795246124268,0.4322335422039032,0,False
126,12.690626164898276,12.659999999999997,0.09999999999999432,160,-0.8701278263007328,-0.9031096788622113,0.4351134984965472,3.640198220081684,0.6128592491149902,-0.00020142588447669564,0.19130205120920807,-0.00020142588447669564,0.0,-0.0,False,False,14,1.0,50,0.112,0.1,0.028,0.8993337154388428,0.4300701320171356,0,False
127,12.790841524954885,12.759999999999991,0.10000000000000853,163,-0.8526923564728645,-0.8940807614654448,0.52135924626555,3.639385713136091,0.6127224564552307,0.00018050464852556385,0.19148255585773363,0.00018050464852556385,0.0,-0.0,False,False,14,1.0,50,0.132,0.1,0.028,0.8901966214179993,0.42890170216560364,0,False
128,12.890844597946852,12.86,0.09999999999999432,163,-0.8363071603701171,-0.8837263535566382,0.6074246163929987,3.637031036144745,0.6123260259628296,0.00052310955004085,0.19200566540777447,0.00052310955004085,0.0,-0.0,False,False,14,1.0,50,0.152,0.1,0.028,0.8863446712493896,0.4176141619682312,0,False
129,12.99096206901595,12.959999999999994,0.09999999999999432,164,-0.8208554701041838,-0.8720261839282265,0.690336010524609,3.6331600335551526,0.6116743087768555,0.0008599729093590051,0.19286563831713346,0.0008599729093590051,0.0,-0.0,False,False,14,1.0,50,0.172,0.1,0.028,0.8983564972877502,0.3995281159877777,0,False
130,13.090900192037225,13.059999999999988,0.10000000000000853,165,-0.8061840573908297,-0.8589172681371198,0.7694805420417111,3.627780494104919,0.6107686161994934,0.0011951059408916666,0.19406074425802514,0.0011951059408916666,0.0,-0.0,False,False,14,1.0,50,0.192,0.1,0.028,0.910385251045227,0.3831261992454529,0,False
131,13.191040202975273,13.159999999999997,0.09999999999999432,163,-0.793025159434455,-0.8452162102148185,0.8479769465918572,3.621297786183022,0.6096771955490112,0.0014401832763190692,0.1955009275343442,0.0014401832763190692,0.0,-0.0,True,True,15,1.0,50,0.012,0.1,0.03,0.7015102505683899,0.385151743888855,0,False
132,13.291230463888496,13.259999999999991,0.10000000000000853,162,-0.7833655624243272,-0.8333746715294928,0.9254812231404616,3.6149991756954205,0.6086167693138123,0.0013992846195725027,0.1969002121539167,0.0013992846195725027,0.0,-0.0,False,False,15,1.0,50,0.032,0.1,0.03,0.7023440003395081,0.39356759190559387,0,False
133,13.39097864786163,13.36,0.09999999999999432,163,-0.7746272980493385,-0.8207738446852805,1.004920904617026,3.6076614768046316,0.6073814034461975,0.001630126076401503,0.1985303382303182,0.001630126076401503,0.0,-0.0,False,False,15,1.0,50,0.052,0.1,0.03,0.7113878130912781,0.39019811153411865,0,False
134,13.491505385842174,13.459999999999994,0.09999999999999432,164,-0.7667912399842398,-0.8073367382099716,1.082956402070381,3.599219193308069,0.6059600710868835,0.0018755180168808045,0.200405856247199,0.0018755180168808045,0.0,-0.0,False,False,15,1.0,50,0.072,0.1,0.03,0.7242881655693054,0.383766770362854,0,False
135,13.591210420941934,13.559999999999988,0.10000000000000853,163,-0.7598916369296024,-0.7930781589332584,1.159367649542316,3.5896663066357655,0.6043517589569092,0.0021222470288305537,0.20252810327602955,0.0021222470288305537,0.0,-0.0,False,False,15,1.0,50,0.092,0.1,0.03,0.73643559217453,0.3774327337741852,0,False
136,13.691269082948565,13.659999999999997,0.09999999999999432,164,-0.7539940854768599,-0.7780853864848243,1.23451938635732,3.579044946777493,0.6025635600090027,0.002359616540486383,0.20488771981651593,0.002359616540486383,0.0,-0.0,False,False,15,1.0,50,0.112,0.1,0.03,0.747933566570282,0.37116432189941406,0,False
137,13.791658252011985,13.759999999999991,0.10000000000000853,162,-0.7491764436895465,-0.7625637665747005,1.3094669704291646,3.567496019077192,0.6006191968917847,0.002565682849478711,0.20745340266599466,0.002565682849478711,0.0,-0.0,False,False,15,1.0,50,0.132,0.1,0.03,0.7594188451766968,0.3647080659866333,0,False
138,13.891390696866438,13.86,0.09999999999999432,162,-0.7455288695093617,-0.7465749769930677,1.385274388776223,3.5550258961383587,0.5985197424888611,0.0027703334357372478,0.2102237361017319,0.0027703334357372478,0.0,-0.0,False,False,15,1.0,50,0.152,0.1,0.03,0.7740074992179871,0.35457319021224976,0,False
139,13.991616806946695,13.959999999999994,0.09999999999999432,163,-0.7430195199047704,-0.7299834332770466,1.4580393976856525,3.5415223493327774,0.5962463021278381,0.0029999164723587507,0.21322365257409065,0.0029999164723587507,0.0,-0.0,False,False,15,1.0,50,0.172,0.1,0.03,0.7877742648124695,0.3436090350151062,0,False
140,14.091699858894572,14.059999999999988,0.10000000000000853,164,-0.7416858610868536,-0.712954148763751,1.5283654421913724,3.527107874260961,0.5938194990158081,0.0032022861719910446,0.21642593874608168,0.0032022861719910446,0.0,-0.0,False,False,15,1.0,50,0.192,0.1,0.03,0.8007701635360718,0.3305434286594391,0,False
141,14.191558471880853,14.159999999999997,0.09999999999999432,162,-0.7415260148845467,-0.6962175972051672,1.5930190957853185,3.5124207933729754,0.591346800327301,0.003262847644481246,0.21968878639056294,0.003262847644481246,0.0,-0.0,True,True,16,1.0,50,0.012,0.1,0.032,0.8994203805923462,0.07259194552898407,0,False
142,14.291646233992651,14.259999999999991,0.10000000000000853,162,-0.7422006579953692,-0.6770013461795037,1.6108097333547011,3.4951733420141715,0.5884430408477783,0.0038316535783099984,0.22352043996887294,0.0038316535783099984,0.0,-0.0,False,False,16,1.0,50,0.032,0.1,0.032,0.899297297000885,0.06982135027647018,0,False
143,14.39185713394545,14.36,0.09999999999999432,156,-0.7431583739129625,-0.6572703160244023,1.6261668789344188,3.477359082977854,0.5854438543319702,0.0039575742503315395,0.2274780142192045,0.0039575742503315395,0.0,-0.0,False,False,16,1.0,50,0.052,0.1,0.032,0.8992201089859009,0.06764694303274155,0,False
144,14.492918147938326,14.459999999999994,0.10099999999999909,162,-0.7443832854813369,-0.6375497388658856,1.6398461246908833,3.4594471106879485,0.5824282169342041,0.003979281998912369,0.23145729621811686,0.003979281998912369,0.0,-0.0,False,False,16,1.0,50,0.072,0.1,0.032,0.8991712927818298,0.06585638970136642,0,False
145,14.592672691913322,14.559999999999988,0.09999999999999432,162,-0.7458713529043116,-0.6178479984921638,1.6527588934294615,3.4414455679155878,0.5793974995613098,0.003999180768444854,0.23545647698656172,0.003999180768444854,0.0,-0.0,False,False,16,1.0,50,0.092,0.1,0.032,0.8991353511810303,0.06423728913068771,0,False
146,14.69366147601977,14.659999999999997,0.10099999999999909,163,-0.7476146262568741,-0.5981686055379383,1.665453404393955,3.4233597651636836,0.576352596282959,0.0040178997690327916,0.23947437675559452,0.0040178997690327916,0.0,-0.0,False,False,16,1.0,50,0.112,0.1,0.032,0.8991210460662842,0.06265917420387268,0,False
147,14.794617099920288,14.759999999999991,0.1010000000000133,165,-0.7496058270486591,-0.5785120940454579,1.677944955394823,3.405192534700457,0.5732939839363098,0.004035989559516734,0.24351036631511125,0.004035989559516734,0.0,-0.0,False,False,16,1.0,50,0.132,0.1,0.032,0.8992117643356323,0.06146911159157753,0,False
148,14.894639692036435,14.86,0.09999999999999432,163,-0.7518394161787995,-0.5588782734695952,1.6902383000100287,3.386944584592962,0.5702217817306519,0.004053922047474777,0.24756428836258604,0.004053922047474777,0.0,-0.0,False,False,16,1.0,50,0.152,0.1,0.032,0.8993778228759766,0.06057197228074074,0,False
149,14.995697304839268,14.959999999999994,0.10099999999999909,166,-0.7543119684663817,-0.539268052792679,1.7023277232789416,3.3686176850088367,0.567136287689209,0.004071461279118069,0.2516357496417041,0.004071461279118069,0.0,-0.0,False,False,16,1.0,50,0.172,0.1,0.032,0.8997001647949219,0.05966376140713692,0,False
150,15.096664099022746,15.059999999999988,0.10099999999999909,161,-0.757020410825524,-0.5196799726652803,1.7142352533634033,3.3502107738474978,0.5640373229980469,0.00408923646455031,0.2557249861062544,0.00408923646455031,0.0,-0.0,False,False,16,1.0,50,0.192,0.1,0.032,0.9003164768218994,0.05888361856341362,0,False
151,15.197882971027866,15.159999999999997,0.10099999999999909,166,-0.7599468383109147,-0.5001062559448061,1.7185058286420392,3.331724913209529,0.5609250664710999,0.004106775696193405,0.25983176180244777,0.004106775696193405,0.0,-0.0,True,True,17,1.0,50,0.012,0.1,0.034,0.869655430316925,-0.8381756544113159,0,False
152,15.29894368397072,15.259999999999991,0.10099999999999909,164,-0.7619849662182322,-0.4802329713290968,1.6061234246537377,3.3134327089110975,0.557845413684845,0.0040637534553465944,0.26389551525779437,0.0040637534553465944,0.0,-0.0,False,False,17,1.0,50,0.032,0.1,0.034,0.8537828922271729,-0.8629083633422852,0,False
153,15.398910516873002,15.36,0.10000000000000853,164,-0.7609937636645805,-0.4613208993054414,1.4286423278711462,3.297498721939287,0.555162787437439,0.003539857392676046,0.2674353726504704,0.003539857392676046,0.0,-0.0,False,False,17,1.0,50,0.052,0.1,0.034,0.8144983053207397,-0.8985119462013245,0,False
154,15.4999023899436,15.459999999999994,0.10099999999999909,164,-0.7569070496057243,-0.4437930565153732,1.247343545452749,3.2843435441247575,0.552947998046875,0.0029225236295922024,0.2703578962800626,0.0029225236295922024,0.0,-0.0,False,False,17,1.0,50,0.072,0.1,0.034,0.7713685631752014,-0.9264539480209351,0,False
155,15.600894493982196,15.559999999999988,0.10099999999999909,166,-0.7500610245684682,-0.42814872041989716,1.0621250027676048,3.2742514643900846,0.5512489080429077,0.0022420329023401147,0.2725999291824027,0.0022420329023401147,0.0,-0.0,False,False,17,1.0,50,0.092,0.1,0.034,0.7139860391616821,-0.9399005770683289,0,False
156,15.70154108083807,15.659999999999997,0.10099999999999909,165,-0.741228348698993,-0.41519992415737356,0.8741826703601999,3.267548547614088,0.5501204133033752,0.0014891043618889112,0.27408903354429165,0.0014891043618889112,0.0,-0.0,False,False,17,1.0,50,0.112,0.1,0.034,0.6261788606643677,-0.9489138126373291,0,False
157,15.801716250833124,15.759999999999991,0.09999999999999432,161,-0.7314653988403237,-0.40546633625422207,0.6839350882498305,3.2641459313813668,0.549547553062439,0.0007559172884442926,0.27484495083273597,0.0007559172884442926,0.0,-0.0,False,False,17,1.0,50,0.132,0.1,0.034,0.5321106314659119,-0.9643638730049133,0,False
158,15.902658605016768,15.86,0.10099999999999909,165,-0.7217896015926494,-0.3989388916433462,0.49073536350990976,3.2635026524619146,0.5494392514228821,0.00014290934482398535,0.27498786017755994,0.00014290934482398535,0.0,-0.0,False,False,17,1.0,50,0.152,0.1,0.034,0.4527667760848999,-0.9747800230979919,0,False
159,16.00263363798149,15.959999999999994,0.10000000000000853,163,-0.7125856834373043,-0.39504984824259753,0.2955866094250726,3.264915246236606,0.5496770739555359,-0.0003138185392667794,0.2746740416382932,-0.0003138185392667794,0.0,-0.0,False,False,17,1.0,50,0.172,0.1,0.034,0.3737857937812805,-0.985130786895752,0,False
160,16.102853938005865,16.059999999999988,0.09999999999999432,164,-0.7043363201437542,-0.39334640568771817,0.09828878704624426,3.267730166813691,0.550150990486145,-0.0006253561919072174,0.27404868544638594,-0.0006253561919072174,0.0,-0.0,False,False,17,1.0,50,0.192,0.1,0.034,0.3553125858306885,-0.9953120946884155,0,False
161,16.202556932810694,16.159999999999997,0.09999999999999432,161,-0.6911751709929438,-0.3936171619871862,-0.09267236413109976,3.2748097752629386,0.5513429045677185,-0.0015727893056933396,0.2724758961406926,-0.0015727893056933396,0.0,-0.0,True,True,18,1.0,50,0.012,0.1,0.036,0.999580442905426,-0.28028079867362976,0,False
162,16.302801443031058,16.25999999999999,0.10000000000000853,163,-0.670481541599391,-0.3965938883881626,-0.1750370389784709,3.288186578065678,0.5535950064659119,-0.002971759320214042,0.2695041368204786,-0.002971759320214042,0.0,-0.0,False,False,18,1.0,50,0.032,0.1,0.036,0.9996852278709412,-0.23274175822734833,0,False
163,16.40415229392238,16.379999999999995,0.10099999999999909,166,-0.6448303796356384,-0.4018752931026235,-0.23230518679831091,3.306225294358425,0.5566319823265076,-0.004007439151057078,0.2654966976694215,-0.004007439151057078,0.0,-0.0,False,False,18,1.0,50,0.056,0.1,0.036,0.99973464012146,-0.199520081281662,0,False
164,16.503817769000307,16.47999999999999,0.09999999999999432,163,-0.6236299850990783,-0.40732696019424686,-0.2720255722294458,3.3189057132125885,0.5587668418884277,-0.0028170522859438953,0.2626796453834776,-0.0028170522859438953,0.0,-0.0,False,False,18,1.0,50,0.072,0.1,0.036,0.9997707009315491,-0.17204958200454712,0,False
165,16.605210488894954,16.58,0.10000000000000853,162,-0.6026522151086798,-0.4135831923259845,-0.30639651115845734,3.338668926817747,0.5620941519737244,-0.004390549453004082,0.2582890959304735,-0.004390549453004082,0.0,-0.0,False,False,18,1.0,50,0.096,0.1,0.036,0.9997983574867249,-0.14529523253440857,0,False
166,16.705545408884063,16.679999999999993,0.10099999999999909,161,-0.581720978735927,-0.42053463132312613,-0.3334513754053063,3.355823975425876,0.5649823546409607,-0.003811125598673814,0.2544779703317997,-0.003811125598673814,0.0,-0.0,False,False,18,1.0,50,0.116,0.1,0.036,0.9998213052749634,-0.11954771727323532,0,False
167,16.804992185905576,16.779999999999987,0.09999999999999432,159,-0.5609755381338081,-0.42800442701049135,-0.3567280677573403,3.3733691689813,0.5679362416267395,-0.0038977992904711345,0.25058017104132857,-0.0038977992904711345,0.0,-0.0,False,False,18,1.0,50,0.136,0.1,0.036,0.999836802482605,-0.10111768543720245,0,False
168,16.90500302799046,16.879999999999995,0.10000000000000853,166,-0.5404073338806067,-0.4359085086892862,-0.37635362371220615,3.391232992711467,0.5709437727928162,-0.003968585427148002,0.24661158561418056,-0.003968585427148002,0.0,-0.0,False,False,18,1.0,50,0.156,0.1,0.036,0.999849259853363,-0.08624257892370224,0,False
169,17.005690323887393,16.97999999999999,0.10099999999999909,163,-0.5199974073850777,-0.4441787713633045,-0.393162009430482,3.4093641117548894,0.5739963054656982,-0.004027967130693361,0.2425836184834872,-0.004027967130693361,0.0,-0.0,False,False,18,1.0,50,0.176,0.1,0.036,0.9998594522476196,-0.07518229633569717,0,False
170,17.106744647026062,17.08,0.10099999999999909,164,-0.4997243586244545,-0.45276761297702417,-0.40779759852775094,3.4277296009935116,0.5770882964134216,-0.0040800342667822904,0.2385035842167049,-0.0040800342667822904,0.0,-0.0,False,False,18,1.0,50,0.196,0.1,0.036,0.9998681545257568,-0.06540494412183762,0,False
171,17.206619190983474,17.179999999999993,0.09999999999999432,160,-0.4795848724534964,-0.4616351306113438,-0.4188439056954185,3.4462951191751663,0.5802139639854431,-0.004124472230362597,0.2343791119863423,-0.004124472230362597,0.0,-0.0,True,True,19,1.0,50,0.016,0.1,0.038,0.9905630946159363,0.20055940747261047,0,False
172,17.307843641843647,17.279999999999987,0.10099999999999909,162,-0.4595353425216873,-0.4699526432249487,-0.3716939294031531,3.4643947292346424,0.5832611918449402,-0.004020967168288732,0.23035814481805356,-0.004020967168288732,0.0,-0.0,False,False,19,1.0,50,0.036,0.1,0.038,0.9906301498413086,0.19816844165325165,0,False
173,17.40874346694909,17.379999999999995,0.10000000000000853,162,-0.4391594027414011,-0.47747241950848957,-0.3315234440271162,3.4820602941894134,0.5862353444099426,-0.003924540719882347,0.2264336040981712,-0.003924540719882347,0.0,-0.0,False,False,19,1.0,50,0.056,0.1,0.038,0.9906618595123291,0.19153006374835968,0,False
174,17.50903085595928,17.47999999999999,0.09999999999999432,165,-0.4184962084020539,-0.48419018385174384,-0.29454170775085986,3.4992726962289957,0.5891332030296326,-0.0038238671032755733,0.22260973699489564,-0.0038238671032755733,0.0,-0.0,False,False,19,1.0,50,0.076,0.1,0.038,0.9906914830207825,0.1854698657989502,0,False
175,17.60864080186002,17.58,0.09999999999999432,162,-0.3975918991342535,-0.490126720056413,-0.25818144174338475,3.516030519219279,0.5919545292854309,-0.0037228788816168015,0.21888685811327885,-0.0037228788816168015,0.0,-0.0,False,False,19,1.0,50,0.096,0.1,0.038,0.9907232522964478,0.17957061529159546,0,False
176,17.709850913845003,17.679999999999993,0.10099999999999909,165,-0.3764885776818434,-0.49530236748011897,-0.22246486141714952,3.5323327010596803,0.5946991443634033,-0.003621654706169081,0.21526520340710978,-0.003621654706169081,0.0,-0.0,False,False,19,1.0,50,0.116,0.1,0.038,0.99078369140625,0.17420288920402527,0,False
177,17.80967481690459,17.779999999999987,0.10000000000000853,160,-0.35521816123304917,-0.49973350519286674,-0.1877646675430292,3.5481806578843105,0.5973672866821289,-0.003520745135773358,0.21174445827133642,-0.003520745135773358,0.0,-0.0,False,False,19,1.0,50,0.136,0.1,0.038,0.9908421635627747,0.16901786625385284,0,False
178,17.91097480803728,17.879999999999995,0.10099999999999909,165,-0.3338066265934194,-0.5034364310422194,-0.15417589317880775,3.5635793461625536,0.5999597907066345,-0.0034209366830591334,0.2083235215882773,-0.0034209366830591334,0.0,-0.0,False,False,19,1.0,50,0.156,0.1,0.038,0.990898072719574,0.16402973234653473,0,False
179,18.01190653303638,17.97999999999999,0.10099999999999909,164,-0.31227800848514786,-0.5064288580847808,-0.12160109443222188,3.5785347844643773,0.6024776697158813,-0.003322465301815553,0.20500105628646176,-0.003322465301815553,0.0,-0.0,False,False,19,1.0,50,0.176,0.1,0.038,0.9909515380859375,0.15922243893146515,0,False
180,18.11203460395336,18.08,0.09999999999999432,162,-0.2906576857552393,-0.5087286483265216,-0.08998331214217845,3.5930526373262217,0.6049218773841858,-0.0032252523407795687,0.2017758039456822,-0.0032252523407795687,0.0,-0.0,False,False,19,1.0,50,0.196,0.1,0.038,0.9910027980804443,0.15458643436431885,0,False
181,18.21271044993773,18.179999999999993,0.10099999999999909,165,-0.2689496613050254,-0.5104068150450768,-0.07483829917739487,3.607193444481288,0.6073026061058044,-0.0031414887457121904,0.19863431519997002,-0.0031414887457121904,0.0,-0.0,True,True,20,1.0,50,0.016,0.1,0.04,0.9331308603286743,-0.34294649958610535,0,False
182,18.313910581870005,18.279999999999987,0.10099999999999909,161,-0.24818414211838713,-0.5127246379063419,-0.14826933798797648,3.621363990452663,0.6096883416175842,-0.0031480954518019696,0.19548621974816804,-0.0031480954518019696,0.0,-0.0,False,False,20,1.0,50,0.036,0.1,0.04,0.928016722202301,-0.3441837430000305,0,False
183,18.41462283791043,18.379999999999995,0.1010000000000133,161,-0.22799248369613564,-0.5164074923271054,-0.2168231563422385,3.6363509377384333,0.6122115254402161,-0.0033294652642201815,0.19215675448394787,-0.0033294652642201815,0.0,-0.0,False,False,20,1.0,50,0.056,0.1,0.04,0.9244982004165649,-0.33738431334495544,0,False
184,18.515025577042252,18.47999999999999,0.09999999999999432,164,-0.2081747054872966,-0.5214414649738738,-0.28299397859924835,3.652248459256912,0.6148880124092102,-0.0035317563125897224,0.18862499817135814,-0.0035317563125897224,0.0,-0.0,False,False,20,1.0,50,0.076,0.1,0.04,0.9224069118499756,-0.33556029200553894,0,False
185,18.614841159898788,18.58,0.09999999999999432,162,-0.18878746709163388,-0.5277758544920392,-0.3499526730130977,3.668968754693281,0.6177030205726624,-0.003714541847741529,0.1849104563236166,-0.003714541847741529,0.0,-0.0,False,False,20,1.0,50,0.096,0.1,0.04,0.9189077615737915,-0.34222355484962463,0,False
186,18.716042071813717,18.679999999999993,0.10099999999999909,165,-0.16994059110999385,-0.5353848459931565,-0.41867790242426844,3.6864141107939528,0.6206400990486145,-0.0038756196343125056,0.1810348366893041,-0.0038756196343125056,0.0,-0.0,False,False,20,1.0,50,0.116,0.1,0.04,0.9151504039764404,-0.3488747477531433,0,False
187,18.815839455928653,18.779999999999987,0.10000000000000853,161,-0.15173992382101797,-0.5442424267199782,-0.4889337705160912,3.704488584472977,0.6236830949783325,-0.0040153829286176,0.17701945376068648,-0.0040153829286176,0.0,-0.0,False,False,20,1.0,50,0.136,0.1,0.04,0.9087508320808411,-0.37136614322662354,0,False
188,18.91571091883816,18.879999999999995,0.09999999999999432,163,-0.13433916632757037,-0.5543269708066216,-0.5643217385606846,3.7230721583645336,0.6268118023872375,-0.0041284834447742344,0.17289097031591225,-0.0041284834447742344,0.0,-0.0,False,False,20,1.0,50,0.156,0.1,0.04,0.9027743935585022,-0.4015212953090668,0,False
189,19.01557137281634,18.97999999999999,0.10000000000000853,164,-0.11789033073796273,-0.5656649109271727,-0.6457279109844526,3.7420841128243554,0.6300126314163208,-0.004223651472973024,0.16866731884293923,-0.004223651472973024,0.0,-0.0,False,False,20,1.0,50,0.176,0.1,0.04,0.8951246738433838,-0.43339672684669495,0,False
190,19.117074301932007,19.08,0.10099999999999909,168,-0.10258381452379926,-0.5782477467522699,-0.7335597169692704,3.7613934554472697,0.6332635283470154,-0.00428971853387121,0.164377600309068,-0.00428971853387121,0.0,-0.0,False,False,20,1.0,50,0.196,0.1,0.04,0.887073278427124,-0.4654327630996704,0,False
191,19.21732803201303,19.179999999999993,0.09999999999999432,164,-0.0876916505874453,-0.5928063257500946,-0.795646044691705,3.782018032624815,0.6367358565330505,-0.00458190797582011,0.1597956923332479,-0.00458190797582011,0.0,-0.0,True,True,21,1.0,50,0.016,0.1,0.042,0.9999998807907104,-0.17505010962486267,0,False
192,19.31763176084496,19.279999999999987,0.09999999999999432,165,-0.07247042202435437,-0.6087844634259131,-0.8316795512224172,3.803968819396344,0.6404314637184143,-0.004876535606921153,0.15491915672632675,-0.004876535606921153,0.0,-0.0,False,False,21,1.0,50,0.036,0.1,0.042,0.9999998211860657,-0.18013517558574677,0,False
193,19.4186364649795,19.379999999999995,0.1010000000000133,165,-0.057842080462074404,-0.62531076612487,-0.8657525976061059,3.825991120940426,0.6441391110420227,-0.004892423162041901,0.15002673356428486,-0.004892423162041901,0.0,-0.0,False,False,21,1.0,50,0.056,0.1,0.042,0.9999998211860657,-0.18502305448055267,0,False
194,19.5191899118945,19.47999999999999,0.09999999999999432,164,-0.043833979309344503,-0.6423680698963826,-0.9020063207689726,3.8480541363401692,0.6478536128997803,-0.0049014680572839215,0.14512526550700094,-0.0049014680572839215,0.0,-0.0,False,False,21,1.0,50,0.076,0.1,0.042,0.9999998211860657,-0.18981535732746124,0,False
195,19.619352943031117,19.58,0.09999999999999432,164,-0.030483736937262956,-0.659935418676387,-0.9475891045671957,3.8701178598069674,0.6515682339668274,-0.004901625359809821,0.14022364014719113,-0.004901625359809821,0.0,-0.0,False,False,21,1.0,50,0.096,0.1,0.042,0.9999602437019348,-0.9989480376243591,0,False
196,19.719630662817508,19.679999999999993,0.10000000000000853,165,-0.019105548717858127,-0.6783475719598977,-1.113056186878253,3.891642744244924,0.6551921367645264,-0.004781918137563309,0.1354417220096278,-0.004781918137563309,0.0,-0.0,False,False,21,1.0,50,0.116,0.1,0.042,0.9999294877052307,-0.9993852376937866,0,False
197,19.819755703909323,19.779999999999987,0.09999999999999432,164,-0.011684270949503358,-0.6985372491491892,-1.3271279679839498,3.9121586331295295,0.6586461663246155,-0.004557762038087039,0.1308839599715408,-0.004557762038087039,0.0,-0.0,False,False,21,1.0,50,0.136,0.1,0.042,0.9998549818992615,-0.9994755387306213,0,False
198,19.919321769848466,19.879999999999995,0.10000000000000853,162,-0.008420080681296968,-0.7206409372927992,-1.5253409083219416,3.9316733151983887,0.6619316339492798,-0.0043353362663961625,0.12654862370514464,-0.0043353362663961625,0.0,-0.0,False,False,21,1.0,50,0.156,0.1,0.042,0.9997045993804932,-0.999053418636322,0,False
199,20.019636838929728,19.97999999999999,0.09999999999999432,163,-0.009610721793023422,-0.7429490494091825,-1.724553718322998,3.9486821479596634,0.6647952198982239,-0.0037786426270654703,0.12276998107807917,-0.0037786426270654703,0.0,-0.0,False,False,21,1.0,50,0.176,0.1,0.042,0.999470055103302,-0.9981223344802856,0,False
200,20.119590532034636,20.08,0.09999999999999432,163,-0.015068871834284424,-0.7640732243517709,-1.9293625110084909,3.962228532822071,0.6670758724212646,-0.0030094332751785706,0.1197605478029006,-0.0030094332751785706,0.0,-0.0,False,False,21,1.0,50,0.196,0.1,0.042,0.9994017481803894,-0.9972516894340515,0,False
201,20.21950938482769,20.179999999999993,0.10000000000000853,162,-0.024484694543346272,-0.7829606099940806,-2.1216111560490862,3.9716886627101715,0.6686685681343079,-0.002101640397931321,0.11765890740496929,-0.002101640397931321,0.0,-0.0,True,True,22,1.0,50,0.016,0.1,0.044,0.999760091304779,-0.1477530151605606,0,False
202,20.31963800592348,20.279999999999987,0.09999999999999432,163,-0.03630947805975651,-0.8006440748266085,-2.187128205807092,3.9788383697978627,0.6698722839355469,-0.001588362255762288,0.116070545149207,-0.001588362255762288,0.0,-0.0,False,False,22,1.0,50,0.036,0.1,0.044,0.9997082948684692,-0.1746465563774109,0,False
203,20.419750676956028,20.379999999999995,0.10000000000000853,163,-0.04931558174769979,-0.8183032125500868,-2.2237720231620752,3.985372412581246,0.6709723472595215,-0.0014515877094502827,0.11461895743975672,-0.0014515877094502827,0.0,-0.0,False,False,22,1.0,50,0.056,0.1,0.044,0.9996763467788696,-0.18790332973003387,0,False
204,20.520992008037865,20.47999999999999,0.10099999999999909,164,-0.06304849436918007,-0.8355669233695524,-2.262138263512374,3.9912699030821996,0.6719652414321899,-0.001310172738622842,0.11330878470113388,-0.001310172738622842,0.0,-0.0,False,False,22,1.0,50,0.076,0.1,0.044,0.9996417760848999,-0.20031175017356873,0,False
205,20.621999791823328,20.58,0.10099999999999909,165,-0.07745142004261799,-0.8522800904386786,-2.3027133740167613,3.9964430409859055,0.672836184501648,-0.0011492522545777655,0.11215953244655612,-0.0011492522545777655,0.0,-0.0,False,False,22,1.0,50,0.096,0.1,0.044,0.999606728553772,-0.21074514091014862,0,False
206,20.721641537034884,20.679999999999993,0.09999999999999432,163,-0.09247729094647082,-0.8683254347995996,-2.3461983013294545,4.000826330089778,0.6735741496086121,-0.000973781286882486,0.11118575115967363,-0.000973781286882486,0.0,-0.0,False,False,22,1.0,50,0.116,0.1,0.044,0.9996219277381897,-0.2223864495754242,0,False
207,20.822034295881167,20.779999999999987,0.09999999999999432,163,-0.10826540771614263,-0.883721707495371,-2.3911137003533702,4.004357106459451,0.674168586730957,-0.0007843890456409004,0.11040136211403273,-0.0007843890456409004,0.0,-0.0,False,False,22,1.0,50,0.136,0.1,0.044,0.9996540546417236,-0.23215487599372864,0,False
208,20.922810541000217,20.879999999999995,0.1010000000000133,164,-0.12475940073411275,-0.8983963326930324,-2.4381017394471227,4.0070112958150546,0.6746154427528381,-0.0005896485185169339,0.1098117135955158,-0.0005896485185169339,0.0,-0.0,False,False,22,1.0,50,0.156,0.1,0.044,0.9996843934059143,-0.23976069688796997,0,False
209,21.023028570925817,20.97999999999999,0.09999999999999432,165,-0.14193608063101493,-0.9122765317269641,-2.486374457309834,4.008743935898598,0.6749071478843689,-0.00038491928099525013,0.10942679431452054,-0.00038491928099525013,0.0,-0.0,False,False,22,1.0,50,0.176,0.1,0.044,0.9997141361236572,-0.24667510390281677,0,False
210,21.123692716937512,21.08,0.10099999999999909,164,-0.1597752429322219,-0.9253055061518498,-2.535938949785987,4.009521747558497,0.6750380992889404,-0.00017279682475428637,0.10925399748976626,-0.00017279682475428637,0.0,-0.0,False,False,22,1.0,50,0.196,0.1,0.044,0.9997392296791077,-0.25269344449043274,0,False
211,21.224895658902824,21.179999999999993,0.10099999999999909,165,-0.17811880743277195,-0.937496059979845,-2.5534478988679585,4.009443506148921,0.6750249266624451,1.7381929117391983e-05,0.10927137941888365,1.7381929117391983e-05,0.0,-0.0,True,True,23,1.0,50,0.016,0.1,0.046,0.9994382262229919,0.7428348064422607,0,False
212,21.32565129501745,21.279999999999987,0.10099999999999909,165,-0.19560344926073917,-0.9504696536068576,-2.4361591904816833,4.010612170823171,0.6752216815948486,-0.0002596278190776056,0.10901175159980604,-0.0002596278190776056,0.0,-0.0,False,False,23,1.0,50,0.036,0.1,0.046,0.9992443323135376,0.8367584347724915,0,False
213,21.426038002828136,21.379999999999995,0.09999999999999432,161,-0.2107997805604232,-0.9658710964703313,-2.262931496973879,4.015182035596031,0.6759910583496094,-0.0010152305024699005,0.10799652109733614,-0.0010152305024699005,0.0,-0.0,False,False,23,1.0,50,0.056,0.1,0.046,0.9994630813598633,0.8943230509757996,0,False
214,21.527152415830642,21.5,0.1010000000000133,165,-0.22512157746497738,-0.9874756265813909,-2.0463382006844753,4.0255541558509496,0.677737295627594,-0.0023042460513525635,0.10569227504598358,-0.0023042460513525635,0.0,-0.0,False,False,23,1.0,50,0.08,0.1,0.046,0.9998485445976257,0.9129555225372314,0,False
215,21.62849116581492,21.599999999999994,0.10099999999999909,160,-0.23324764161420994,-1.0074922147025729,-1.863219616983506,4.038046582902015,0.6798405051231384,-0.0027752884653046805,0.1029169865806789,-0.0027752884653046805,0.0,-0.0,False,False,23,1.0,50,0.1,0.1,0.046,0.9999767541885376,0.9188493490219116,0,False
216,21.72925474192016,21.69999999999999,0.10099999999999909,159,-0.23758522622893455,-1.0286528742601413,-1.6785749036558328,4.05360317013352,0.6824595928192139,-0.003456015146345619,0.09946097143433327,-0.003456015146345619,0.0,-0.0,False,False,23,1.0,50,0.12,0.1,0.046,0.9999970197677612,0.9505106806755066,0,False
217,21.82929913396947,21.799999999999997,0.09999999999999432,162,-0.23788680332794507,-1.0502421789045906,-1.4878283288366858,4.071720127835843,0.6855097413063049,-0.004024821080174569,0.0954361503541587,-0.004024821080174569,0.0,-0.0,False,False,23,1.0,50,0.14,0.1,0.046,0.9999997019767761,0.9618335962295532,0,False
218,21.929273345973343,21.89999999999999,0.09999999999999432,162,-0.23405795304046206,-1.0714912772575416,-1.2956923027014462,4.0917669222965225,0.6888847947120667,-0.004453549114646327,0.09098260123951238,-0.004453549114646327,0.0,-0.0,False,False,23,1.0,50,0.16,0.1,0.046,1.0,0.9615879058837891,0,False
219,22.02979861292988,22.0,0.10000000000000853,162,-0.2262339695475506,-1.0916198558129093,-1.1043588111188432,4.1129876919343635,0.6924574971199036,-0.00471435670266848,0.0862682445368439,-0.00471435670266848,0.0,-0.0,False,False,23,1.0,50,0.18,0.1,0.046,1.0,0.9375998973846436,0,False
220,22.130233951844275,22.099999999999994,0.09999999999999432,161,-0.21498428511697182,-1.1096253177387345,-0.9195724554516448,4.134218728544502,0.696031928062439,-0.0047166375892947225,0.08155160694754918,-0.0047166375892947225,0.0,-0.0,True,True,24,1.0,50,0.0,0.1,0.048,0.9999566674232483,0.05550634115934372,0,False
221,22.23064715997316,22.19999999999999,0.10000000000000853,161,-0.2019000029875974,-1.1242563050638252,-0.7803172293567903,4.15355568578256,0.699287474155426,-0.00429585333238319,0.07725575361516598,-0.00429585333238319,0.0,-0.0,False,False,24,1.0,50,0.02,0.1,0.048,0.9999271631240845,0.0346623919904232,0,False
222,22.33119162800722,22.299999999999997,0.10099999999999909,160,-0.18684928695745925,-1.13869570409616,-0.7586763563686715,4.173775602638183,0.7026916742324829,-0.004492009582240652,0.07276374403292533,-0.004492009582240652,0.0,-0.0,False,False,24,1.0,50,0.04,0.1,0.048,0.9999240636825562,0.0401853546500206,0,False
223,22.430809502955526,22.39999999999999,0.09999999999999432,159,-0.17084121340016556,-1.153767231105212,-0.7504018032927051,4.195045936969873,0.7062727212905884,-0.004725367879484845,0.0680383761534405,-0.004725367879484845,0.0,-0.0,False,False,24,1.0,50,0.06,0.1,0.048,0.9999226331710815,0.04239256680011749,0,False
224,22.53121685096994,22.5,0.10000000000000853,161,-0.15470263260740072,-1.1687050244445036,-0.7421153372800179,4.216279805848231,0.709847629070282,-0.004717266799398521,0.06332110935404198,-0.004717266799398521,0.0,-0.0,False,False,24,1.0,50,0.08,0.1,0.048,0.9999211430549622,0.04459501430392265,0,False
225,22.630979215959087,22.599999999999994,0.09999999999999432,160,-0.13843093302508552,-1.183501399247587,-0.733215557388426,4.237472960870928,0.7134156823158264,-0.004708221904156599,0.05861288744988538,-0.004708221904156599,0.0,-0.0,False,False,24,1.0,50,0.1,0.1,0.048,0.9999195337295532,0.046896521002054214,0,False
226,22.7315696219448,22.69999999999999,0.09999999999999432,162,-0.12204790347985556,-1.1981292745188519,-0.7233057759032615,4.258591414819324,0.7169711589813232,-0.004691626487668904,0.05392126096221648,-0.004691626487668904,0.0,-0.0,False,False,24,1.0,50,0.12,0.1,0.048,0.9999175667762756,0.049561757594347,0,False
227,22.83129342691973,22.799999999999997,0.10000000000000853,161,-0.10549951586376706,-1.2126020655295768,-0.713053472668973,4.279675881549081,0.7205209136009216,-0.004684075966423527,0.04923718499579295,-0.004684075966423527,0.0,-0.0,False,False,24,1.0,50,0.14,0.1,0.048,0.9999151825904846,0.05238429456949234,0,False
228,22.931443267967552,22.89999999999999,0.09999999999999432,162,-0.08878149228615465,-1.2269063824621846,-0.7024942292979283,4.300718572322594,0.7240636348724365,-0.004674795117392459,0.04456238987840049,-0.004674795117392459,0.0,-0.0,False,False,24,1.0,50,0.16,0.1,0.048,0.9999132752418518,0.05527070164680481,0,False
229,23.031364819966257,23.0,0.10000000000000853,160,-0.07191495006028967,-1.2410257942044662,-0.6913490717748321,4.3216950588264655,0.7275952100753784,-0.004660087331216356,0.03990230254718414,-0.004660087331216356,0.0,-0.0,False,False,24,1.0,50,0.18,0.1,0.048,0.9999114274978638,0.05827801302075386,0,False
230,23.132663030875847,23.099999999999994,0.10099999999999909,164,-0.054896943656888485,-1.2549438388828826,-0.6795872711126636,4.342594011987817,0.7311137318611145,-0.004642862704625062,0.035259439842559075,-0.004642862704625062,0.0,-0.0,True,True,25,1.0,50,0.0,0.1,0.05,0.9999750256538391,0.006944917142391205,0,False
231,23.232509944820777,23.19999999999999,0.09999999999999432,161,-0.03774421090977908,-1.268707386538131,-0.6767283732270458,4.363446586757067,0.734624445438385,-0.004632559389175346,0.03062688045338373,-0.004632559389175346,0.0,-0.0,False,False,25,1.0,50,0.02,0.1,0.05,0.9999753832817078,0.007586057763546705,0,False
232,23.332482566824183,23.299999999999997,0.09999999999999432,159,-0.02058391189755722,-1.2824468559262667,-0.6742539783912036,4.384294205056932,0.7381343245506287,-0.004631458271493848,0.025995422181889882,-0.004631458271493848,0.0,-0.0,False,False,25,1.0,50,0.04,0.1,0.05,0.9999758005142212,0.008355311118066311,0,False
233,23.432569967815652,23.39999999999999,0.10000000000000853,162,-0.003407154107323303,-1.2961537640108889,-0.6724112168105312,4.405134388652719,0.741642951965332,-0.004629806594971206,0.021365615586918678,-0.004629806594971206,0.0,-0.0,False,False,25,1.0,50,0.06,0.1,0.05,0.9999762177467346,0.009209126234054565,0,False
234,23.53275212785229,23.5,0.09999999999999432,163,0.013797394751762896,-1.30982889743023,-0.6707145963261909,4.4259742182149795,0.7451515197753906,-0.004629727943708355,0.016735887643210323,-0.004629727943708355,0.0,-0.0,False,False,25,1.0,50,0.08,0.1,0.05,0.999976634979248,0.010082271881401539,0,False
235,23.632489782990888,23.599999999999994,0.10000000000000853,164,0.031031427743521252,-1.323472540557393,-0.6687185834512167,4.446814755844295,0.7486602067947388,-0.004629885246234452,0.01210600239697587,-0.004629885246234452,0.0,-0.0,False,False,25,1.0,50,0.1,0.1,0.05,0.9999770522117615,0.010913650505244732,0,False
236,23.732532743830234,23.69999999999999,0.09999999999999432,163,0.04829686335058667,-1.3370819362407982,-0.6664861087793698,4.467654585406556,0.7521687746047974,-0.004629727943708355,0.007476274453267515,-0.004629727943708355,0.0,-0.0,False,False,25,1.0,50,0.12,0.1,0.05,0.9999774098396301,0.011711695231497288,0,False
237,23.832555965986103,23.799999999999997,0.09999999999999432,164,0.06559586864072403,-1.3506540481871505,-0.6640925832627668,4.4884929988347055,0.7556771039962769,-0.004629413338656357,0.0028468611146111582,-0.004629413338656357,0.0,-0.0,False,False,25,1.0,50,0.14,0.1,0.05,0.9999777674674988,0.012398822233080864,0,False
238,23.932643957901746,23.89999999999999,0.10000000000000853,161,0.08293081962792967,-1.3641861435145026,-0.6615924781890549,4.509328579994636,0.7591849565505981,-0.0046287841285527565,-0.0017819230139415982,-0.0046287841285527565,0.0,-0.0,False,False,25,1.0,50,0.16,0.1,0.05,0.9999781250953674,0.013011053204536438,0,False
239,24.033638540888205,24.0,0.10099999999999909,162,0.10030329803652585,-1.3776762303226133,-0.6589741986883672,4.5301606208192915,0.7626922130584717,-0.004627997615922861,-0.00640992062986446,-0.004627997615922861,0.0,-0.0,False,False,25,1.0,50,0.18,0.1,0.05,0.9999784827232361,0.013605250976979733,0,False
240,24.133961849845946,24.099999999999994,0.09999999999999432,161,0.11771485631196303,-1.3911220045447443,-0.6562349429700174,4.550988413241617,0.7661987543106079,-0.004627053800767263,-0.011036974430631723,-0.004627053800767263,0.0,-0.0,True,True,26,1.0,50,0.0,0.1,0.052,0.9997547268867493,0.15634790062904358,0,False
241,24.234859983902425,24.19999999999999,0.10099999999999909,164,0.13520625527057004,-1.404336220217744,-0.6280971455635839,4.571678486621749,0.7696821093559265,-0.004596458459470313,-0.015633432890102036,-0.004596458459470313,0.0,-0.0,False,False,26,1.0,50,0.02,0.1,0.052,0.9997421503067017,0.1560395210981369,0,False
242,24.334670587908477,24.299999999999997,0.10000000000000853,160,0.15313979902025782,-1.4169963494986417,-0.5994765077591611,4.5921653447571,0.773131251335144,-0.00455131263452316,-0.020184745524625194,-0.00455131263452316,0.0,-0.0,False,False,26,1.0,50,0.04,0.1,0.052,0.9997285008430481,0.15467308461666107,0,False
243,24.434636419871822,24.39999999999999,0.09999999999999432,161,0.17145698505111237,-1.4290942937211653,-0.5688552008965938,4.612412876227866,0.7765401005744934,-0.004498144380752534,-0.024682889905377727,-0.004498144380752534,0.0,-0.0,False,False,26,1.0,50,0.06,0.1,0.052,0.9997127056121826,0.153131365776062,0,False
244,24.53527708700858,24.5,0.10000000000000853,165,0.19013653327099483,-1.4406304608320488,-0.5379354948836794,4.632412938262917,0.7799072861671448,-0.004443167147933761,-0.029126057053311488,-0.004443167147933761,0.0,-0.0,False,False,26,1.0,50,0.08,0.1,0.052,0.9996957182884216,0.15156106650829315,0,False
245,24.635308377910405,24.599999999999994,0.09999999999999432,164,0.20915331301274154,-1.4515952561532848,-0.5075469753072331,4.652146413051766,0.7832295894622803,-0.004383942746914303,-0.03350999980022579,-0.004383942746914303,0.0,-0.0,False,False,26,1.0,50,0.1,0.1,0.052,0.9996781945228577,0.1500438153743744,0,False
246,24.735587347997352,24.69999999999999,0.09999999999999432,163,0.22848230375178386,-1.4619787815940488,-0.47760509804178847,4.671594890850985,0.7865039110183716,-0.004320628480220059,-0.037830628280445845,-0.004320628480220059,0.0,-0.0,False,False,26,1.0,50,0.12,0.1,0.052,0.9996611475944519,0.14890894293785095,0,False
247,24.835308121982962,24.799999999999997,0.10000000000000853,161,0.248103479616765,-1.4717758255062277,-0.4479081273833177,4.690746334520638,0.7897282242774963,-0.004254640070584724,-0.04208526835103057,-0.004254640070584724,0.0,-0.0,False,False,26,1.0,50,0.14,0.1,0.052,0.9996433854103088,0.14748753607273102,0,False
248,24.935405574040487,24.89999999999999,0.09999999999999432,162,0.26799697166004827,-1.4809830716593086,-0.4184582233506388,4.709589769021373,0.7929006814956665,-0.0041862134717972465,-0.046271481822827816,-0.0041862134717972465,0.0,-0.0,False,False,26,1.0,50,0.16,0.1,0.052,0.9996245503425598,0.14546599984169006,0,False
249,25.035313425818458,25.0,0.10000000000000853,157,0.2881519969596776,-1.489602292127013,-0.3894177923563417,4.728125194353192,0.7960212826728821,-0.004117786873009966,-0.050389268695837784,-0.004117786873009966,0.0,-0.0,False,False,26,1.0,50,0.18,0.1,0.052,0.9996050596237183,0.1434326469898224,0,False
250,25.135738704819232,25.099999999999994,0.09999999999999432,162,0.30855166628354724,-1.4976384498330841,-0.3607890975838699,4.746349778247872,0.7990895509719849,-0.004048731064118493,-0.05443799975995628,-0.004048731064118493,0.0,-0.0,True,True,27,1.0,50,0.0,0.1,0.054,0.9984942078590393,-0.5866110920906067,0,False
251,25.235259550856426,25.19999999999999,0.09999999999999432,161,0.32907370020798676,-1.5052564409037548,-0.37124415903808233,4.764333265310331,0.8021172285079956,-0.003995169554033217,-0.058433169313989494,-0.003995169554033217,0.0,-0.0,False,False,27,1.0,50,0.02,0.1,0.054,0.9984874725341797,-0.5873421430587769,0,False
252,25.335573229938745,25.299999999999997,0.10000000000000853,162,0.3492028825945931,-1.5144403321341233,-0.4896429794890647,4.783404697402771,0.8053280711174011,-0.004236864885152681,-0.06267003419914217,-0.004236864885152681,0.0,-0.0,False,False,27,1.0,50,0.04,0.1,0.054,0.9982549548149109,-0.6072919964790344,0,False
253,25.435449813026935,25.39999999999999,0.09999999999999432,163,0.36813021503483817,-1.5259973409280922,-0.6107775213827776,4.803748525993015,0.8087531328201294,-0.004519537524281465,-0.06718957172342364,-0.004519537524281465,0.0,-0.0,False,False,27,1.0,50,0.06,0.1,0.054,0.9979414939880371,-0.6332632303237915,0,False
254,25.53551706392318,25.5,0.10000000000000853,163,0.38547732153941316,-1.539825529423625,-0.7376645690095416,4.825050015275124,0.8123394250869751,-0.004732289190626621,-0.07192186091405027,-0.004732289190626621,0.0,-0.0,False,False,27,1.0,50,0.08,0.1,0.054,0.9976195693016052,-0.6568011045455933,0,False
255,25.635890662902966,25.599999999999994,0.09999999999999432,162,0.4008977446815809,-1.5557812438157195,-0.8698317033689673,4.846982038269696,0.8160318732261658,-0.004872367089983615,-0.07679422800403389,-0.004872367089983615,0.0,-0.0,False,False,27,1.0,50,0.1,0.1,0.054,0.9971686601638794,-0.6843578815460205,0,False
256,25.735630336916074,25.69999999999999,0.09999999999999432,162,0.4140405103305041,-1.5736574409595834,-1.0077104146788172,4.869166133135842,0.8197667598724365,-0.004928366789221035,-0.08172259479325493,-0.004928366789221035,0.0,-0.0,False,False,27,1.0,50,0.12,0.1,0.054,0.9614458084106445,-0.6696407198905945,0,False
257,25.836052605882287,25.799999999999997,0.10000000000000853,161,0.42436532827942464,-1.5923452329279728,-1.1387382381401032,4.890384424538991,0.82333904504776,-0.004713806143827731,-0.08643640093708266,-0.004713806143827731,0.0,-0.0,False,False,27,1.0,50,0.14,0.1,0.054,0.9418131113052368,-0.8325745463371277,0,False
258,25.93708189902827,25.89999999999999,0.10099999999999909,161,0.4314925313085063,-1.6119778623925456,-1.30943428016275,4.910531056454422,0.8267309069633484,-0.004475728770804956,-0.09091212970788762,-0.004475728770804956,0.0,-0.0,False,False,27,1.0,50,0.16,0.1,0.054,0.9119375944137573,-0.9162852764129639,0,False
259,26.037962822942063,26.0,0.10099999999999909,162,0.43490465204330636,-1.6318597798450187,-1.4959960526270895,4.9287499758126625,0.8297982215881348,-0.004047472643910898,-0.09495960235179851,-0.004047472643910898,0.0,-0.0,False,False,27,1.0,50,0.18,0.1,0.054,0.8685967326164246,-0.9538862705230713,0,False
260,26.137974944896996,26.099999999999994,0.09999999999999432,160,0.434534065926637,-1.6512169758822342,-1.6876035538000962,4.944384804453743,0.8324304819107056,-0.003473397075463011,-0.09843299942726152,-0.003473397075463011,0.0,-0.0,True,True,28,1.0,50,0.0,0.1,0.056,0.8022564649581909,0.23797062039375305,0,False
261,26.239056686870754,26.19999999999999,0.10099999999999909,165,0.43067237887333454,-1.671189441619848,-1.8002665855530573,4.958557120592755,0.8348165154457092,-0.00314848870811672,-0.10158148813537825,-0.00314848870811672,0.0,-0.0,False,False,28,1.0,50,0.02,0.1,0.056,0.799128532409668,0.14853863418102264,0,False
262,26.33977089286782,26.299999999999997,0.10099999999999909,163,0.4264061278513193,-1.6894324143313422,-1.7987717363378577,4.971119646282264,0.8369315266609192,-0.0027908614153735302,-0.10437234955075178,-0.0027908614153735302,0.0,-0.0,False,False,28,1.0,50,0.04,0.1,0.056,0.7976784110069275,0.1499544233083725,0,False
263,26.440686536952853,26.39999999999999,0.10099999999999909,160,0.4227286414261967,-1.706099178481471,-1.7739715225602892,4.982754958163273,0.8388904333114624,-0.002584873757644448,-0.10695722330839623,-0.002584873757644448,0.0,-0.0,False,False,28,1.0,50,0.06,0.1,0.056,0.7933226227760315,0.1672436147928238,0,False
264,26.541845418978482,26.5,0.1010000000000133,164,0.41951168907249503,-1.723216170804925,-1.738591478820963,4.995053374841273,0.8409609794616699,-0.0027321875731948215,-0.10968941088159105,-0.0027321875731948215,0.0,-0.0,False,False,28,1.0,50,0.08,0.1,0.056,0.7913742065429688,0.19024385511875153,0,False
265,26.64184699091129,26.599999999999994,0.09999999999999432,162,0.41692392035498604,-1.7404033151735046,-1.6988549860774043,5.007793979395109,0.8431059718132019,-0.002830423000649354,-0.1125198338822404,-0.002830423000649354,0.0,-0.0,False,False,28,1.0,50,0.1,0.1,0.056,0.799175500869751,0.24141906201839447,0,False
266,26.74286169395782,26.69999999999999,0.10099999999999909,163,0.41508865148005003,-1.757851908732583,-1.6483005091679448,5.021200875047685,0.8453631401062012,-0.002978444677566771,-0.11549827855980718,-0.002978444677566771,0.0,-0.0,False,False,28,1.0,50,0.12,0.1,0.056,0.8125959634780884,0.3075352609157562,0,False
267,26.842892115935683,26.799999999999997,0.09999999999999432,161,0.41423976231173465,-1.775641665981688,-1.5839880548182712,5.035467010071484,0.8477649688720703,-0.003169331292805099,-0.11866760985261228,-0.003169331292805099,0.0,-0.0,False,False,28,1.0,50,0.14,0.1,0.056,0.8685765266418457,0.5357508063316345,0,False
268,26.943720509996638,26.89999999999999,0.10099999999999909,163,0.414741941520696,-1.7942778889382123,-1.4819446422159148,5.051211589106086,0.8504157066345215,-0.003497778966984834,-0.12216538881959711,-0.003497778966984834,0.0,-0.0,False,False,28,1.0,50,0.16,0.1,0.056,0.9186444282531738,0.7261159420013428,0,False
269,27.04502916103229,27.0,0.1010000000000133,164,0.4179162344955865,-1.8140250044563737,-1.3342979092797964,5.069384484105752,0.8534752726554871,-0.004037247979724231,-0.12620263679932134,-0.004037247979724231,0.0,-0.0,False,False,28,1.0,50,0.18,0.1,0.056,0.9426381587982178,0.8388500213623047,0,False
270,27.14569743699394,27.099999999999994,0.10099999999999909,163,0.42436942766086544,-1.8334440748403302,-1.1635514648217036,5.089116896794019,0.8567973971366882,-0.004383706793125354,-0.1305863435924467,-0.004383706793125354,0.0,-0.0,True,True,29,1.0,50,0.0,0.1,0.058,1.0,0.7091653347015381,0,False
271,27.24585825786926,27.19999999999999,0.09999999999999432,160,0.4337102884066061,-1.8514173707095896,-1.0366003361247254,5.109252907703627,0.8601874709129333,-0.004473369232915862,-0.13505971282536255,-0.004473369232915862,0.0,-0.0,False,False,29,1.0,50,0.02,0.1,0.058,1.0,0.7917221784591675,0,False
272,27.346923879813403,27.299999999999997,0.10099999999999909,165,0.4463062138486541,-1.8689702126436911,-0.8742067049058719,5.130844704478279,0.8638226389884949,-0.0047967832262654116,-0.13985649605162798,-0.0047967832262654116,0.0,-0.0,False,False,29,1.0,50,0.04,0.1,0.058,0.9362521171569824,0.5097389817237854,0,False
273,27.447678095893934,27.39999999999999,0.10099999999999909,164,0.4600805178126016,-1.884034141849294,-0.7767208748518447,5.151020367142965,0.8672193884849548,-0.004482178174368835,-0.1443386742259968,-0.004482178174368835,0.0,-0.0,False,False,29,1.0,50,0.06,0.1,0.058,0.9334737658500671,0.4911690354347229,0,False
274,27.547648457810283,27.5,0.10000000000000853,161,0.4752374482322386,-1.897587951337266,-0.6814269913427669,5.170711003874988,0.8705344796180725,-0.004374425944094483,-0.1487131001700913,-0.004374425944094483,0.0,-0.0,False,False,29,1.0,50,0.08,0.1,0.058,0.9289630055427551,0.4697144329547882,0,False
275,27.647690559038892,27.599999999999994,0.09999999999999432,163,0.49153675537994734,-1.909585480702777,-0.5883128625527596,5.189750572949953,0.8737399578094482,-0.004229786271484807,-0.1529428864415761,-0.004229786271484807,0.0,-0.0,False,False,29,1.0,50,0.1,0.1,0.058,0.9242027401924133,0.4467088580131531,0,False
276,27.74769642087631,27.69999999999999,0.09999999999999432,161,0.5087804378318956,-1.9200147817249955,-0.49960336902512775,5.208025783639066,0.8768167495727539,-0.004059978194724004,-0.15700286463630012,-0.004059978194724004,0.0,-0.0,False,False,29,1.0,50,0.12,0.1,0.058,0.9205489158630371,0.42044931650161743,0,False
277,27.847858641995117,27.799999999999997,0.10000000000000853,163,0.5267483152728988,-1.9289056376944311,-0.4163632168701617,5.22544529529223,0.8797494769096375,-0.0038698780921153746,-0.16087274272841548,-0.0038698780921153746,0.0,-0.0,False,False,29,1.0,50,0.14,0.1,0.058,0.9191476106643677,0.3874841630458832,0,False
278,27.948945994023234,27.89999999999999,0.10099999999999909,163,0.5451449948270597,-1.936184859582567,-0.3362352638218672,5.241791377290041,0.882501482963562,-0.0036314074627779485,-0.16450415019119344,-0.0036314074627779485,0.0,-0.0,False,False,29,1.0,50,0.16,0.1,0.058,0.9171571731567383,0.35772791504859924,0,False
279,28.05009783594869,28.019999999999996,0.10099999999999909,165,0.5678761261121077,-1.943071216450292,-0.24754795611125427,5.260281132296813,0.8856143951416016,-0.004107640860086152,-0.1686117910512796,-0.004107640860086152,0.0,-0.0,False,False,29,1.0,50,0.184,0.1,0.058,0.9130087494850159,0.35395002365112305,0,False
280,28.151534834876657,28.11999999999999,0.10099999999999909,165,0.5870932820790552,-1.9471945156522221,-0.17389670555767223,5.274545143119445,0.888015866279602,-0.003168859385227004,-0.17178065043650662,-0.003168859385227004,0.0,-0.0,True,True,30,1.0,50,0.004,0.1,0.06,0.9998254179954529,0.26828616857528687,0,False
281,28.25155205698684,28.22,0.09999999999999432,163,0.6084843850864257,-1.9501174800721595,-0.10562972311072573,5.289092734797599,0.8904650807380676,-0.003231859046869447,-0.17501250948337607,-0.003231859046869447,0.0,-0.0,False,False,30,1.0,50,0.024,0.1,0.06,0.9997913837432861,0.267192542552948,0,False
282,28.35142557998188,28.319999999999993,0.10000000000000853,155,0.6308059986313961,-1.9519619561225507,-0.05846547015653068,5.3033344415079995,0.8928627967834473,-0.003163904355659669,-0.17817641383903574,-0.003163904355659669,0.0,-0.0,False,False,30,1.0,50,0.044,0.1,0.06,0.9997637271881104,0.2665504217147827,0,False
283,28.451827487908304,28.419999999999987,0.09999999999999432,163,0.6526313441141414,-1.9526610170973586,-0.004694442139482011,5.316409961778843,0.8950641751289368,-0.0029048270954230102,-0.18108124093445874,-0.0029048270954230102,0.0,-0.0,False,False,30,1.0,50,0.064,0.1,0.06,0.9997342228889465,0.2653736472129822,0,False
284,28.551845059962943,28.519999999999996,0.10000000000000853,163,0.6743951418911387,-1.9521517299156896,0.05019532047832374,5.328520386653746,0.8971030712127686,-0.0026904237525556063,-0.18377166468701434,-0.0026904237525556063,0.0,-0.0,False,False,30,1.0,50,0.084,0.1,0.06,0.9997003674507141,0.2639758288860321,0,False
285,28.65182332182303,28.61999999999999,0.09999999999999432,155,0.6962255967503087,-1.9504810146817182,0.10277279368848642,5.3397843173644155,0.8989994525909424,-0.002502368582784468,-0.1862740332697988,-0.002502368582784468,0.0,-0.0,False,False,30,1.0,50,0.104,0.1,0.06,0.9996574521064758,0.26194098591804504,0,False
286,28.75214995094575,28.72,0.09999999999999432,160,0.717941141585945,-1.9476678589915026,0.15495920619551307,5.3501189100654205,0.9007393717765808,-0.002295909017477488,-0.18856994228727628,-0.002295909017477488,0.0,-0.0,False,False,30,1.0,50,0.124,0.1,0.06,0.9996244311332703,0.2602660655975342,0,False
287,28.85264324885793,28.819999999999993,0.10000000000000853,159,0.7394844055298486,-1.9437301276098282,0.2068478188278068,5.359510711482715,0.9023205637931824,-0.0020864607041772214,-0.1906564029914535,-0.0020864607041772214,0.0,-0.0,False,False,30,1.0,50,0.144,0.1,0.06,0.9995852708816528,0.25781017541885376,0,False
288,28.952378912828863,28.919999999999987,0.09999999999999432,159,0.7607992054428219,-1.9386870460002015,0.25833964497286016,5.367947330442838,0.9037409424781799,-0.0018742595966732088,-0.1925306625881267,-0.0018742595966732088,0.0,-0.0,False,False,30,1.0,50,0.164,0.1,0.06,0.9995599389076233,0.25590649247169495,0,False
289,29.05290073994547,29.019999999999996,0.10000000000000853,162,0.7818255388626905,-1.932561826412091,0.3094274692608228,5.3754167298058535,0.9049984812736511,-0.0016593843462279073,-0.1941900469343546,-0.0016593843462279073,0.0,-0.0,False,False,30,1.0,50,0.184,0.1,0.06,0.9995477199554443,0.2542610168457031,0,False
290,29.153140499955043,29.11999999999999,0.09999999999999432,161,0.8025040996761894,-1.9253779583607278,0.3602208736869623,5.381907226465356,0.9060912132263184,-0.0014419136041045628,-0.19563196053845916,-0.0014419136041045628,0.0,-0.0,True,True,31,1.0,50,0.004,0.1,0.062,0.9996502995491028,-0.5461598634719849,0,False
291,29.25232998887077,29.22,0.09999999999999432,159,0.8230748426672574,-1.917517982790381,0.343058595958176,5.3878726914035875,0.9070955514907837,-0.001325273781113794,-0.19695723431957296,-0.001325273781113794,0.0,-0.0,False,False,31,1.0,50,0.024,0.1,0.062,0.9996551275253296,-0.5417289137840271,0,False
292,29.353327131830156,29.319999999999993,0.10000000000000853,160,0.8443305212923891,-1.9111767215105369,0.2341088266368426,5.395546722145493,0.9083875417709351,-0.0017048447762268606,-0.19866207909579983,-0.0017048447762268606,0.0,-0.0,False,False,31,1.0,50,0.044,0.1,0.062,0.9996852278709412,-0.5172807574272156,0,False
293,29.45268180896528,29.419999999999987,0.09999999999999432,157,0.8661248382179709,-1.9071056847503338,0.1326878564525052,5.405435232601858,0.9100523591041565,-0.0021968084261300112,-0.20085888752192985,-0.0021968084261300112,0.0,-0.0,False,False,31,1.0,50,0.064,0.1,0.062,0.9997227787971497,-0.4848749041557312,0,False
294,29.55262900190428,29.519999999999996,0.10000000000000853,160,0.888206502605547,-1.9052124425811094,0.03763238563726866,5.417301728376319,0.912050187587738,-0.0026362330323665313,-0.2034951205542964,-0.0026362330323665313,0.0,-0.0,False,False,31,1.0,50,0.084,0.1,0.062,0.9997562766075134,-0.4514622092247009,0,False
295,29.65340868686326,29.61999999999999,0.09999999999999432,160,0.9103582540560325,-1.9053617769316897,-0.05126496545097147,5.430894137597301,0.9143385887145996,-0.003019657939365237,-0.20651477849366162,-0.003019657939365237,0.0,-0.0,False,False,31,1.0,50,0.104,0.1,0.062,0.9997850060462952,-0.41730496287345886,0,False
296,29.752822533948347,29.72,0.09999999999999432,156,0.9324049140888723,-1.9074008839196535,-0.13333479578246504,5.445973133600219,0.916877269744873,-0.003349914592593514,-0.20986469308625513,-0.003349914592593514,0.0,-0.0,False,False,31,1.0,50,0.124,0.1,0.062,0.9998108744621277,-0.38074585795402527,0,False
297,29.853085102979094,29.819999999999993,0.10000000000000853,159,0.954213293352956,-1.9111563564234084,-0.20806664076117318,5.462308594592205,0.9196274876594543,-0.003629047924888657,-0.2134937410111438,-0.003629047924888657,0.0,-0.0,False,False,31,1.0,50,0.144,0.1,0.062,0.9998312592506409,-0.34992659091949463,0,False
298,29.954343523830175,29.919999999999987,0.10099999999999909,161,0.9756894964388052,-1.9164619365243836,-0.27717535552972794,5.479700845663753,0.9225556254386902,-0.003863821944866345,-0.21735756295601014,-0.003863821944866345,0.0,-0.0,False,False,31,1.0,50,0.164,0.1,0.062,0.9998465776443481,-0.32756468653678894,0,False
299,30.054533833870664,30.019999999999996,0.09999999999999432,160,0.9967568052348665,-1.9231902767424784,-0.3418534775334418,5.497993403995712,0.9256353378295898,-0.004063832106609643,-0.2214213950626198,-0.004063832106609643,0.0,-0.0,False,False,31,1.0,50,0.184,0.1,0.062,0.9998552203178406,-0.3068564534187317,0,False
300,30.15524230990559,30.11999999999999,0.10099999999999909,160,1.0173553590016593,-1.9312211188714752,-0.40247588393679395,5.517045718277667,0.9288429617881775,-0.004232617716951996,-0.22565401277957178,-0.004232617716951996,0.0,-0.0,True,True,32,1.0,50,0.004,0.1,0.064,0.886235773563385,0.5754621028900146,0,False
301,30.256082113832235,30.22,0.10099999999999909,160,1.037422647125017,-1.9403457248793328,-0.431034188258797,5.536648554694872,0.9321432709693909,-0.004354920430876748,-0.23000893321044852,-0.004354920430876748,0.0,-0.0,False,False,32,1.0,50,0.024,0.1,0.064,0.8916110992431641,0.5728424787521362,0,False
302,30.356843099929392,30.319999999999993,0.10099999999999909,160,1.0566680541360722,-1.9482955711116876,-0.3385841236180284,5.554838443303859,0.9352056980133057,-0.0040410232403472164,-0.23404995645079574,-0.0040410232403472164,0.0,-0.0,False,False,32,1.0,50,0.044,0.1,0.064,0.8779485821723938,0.5810903906822205,0,False
303,30.45824179891497,30.419999999999987,0.10099999999999909,161,1.0749201567080313,-1.9535343173949788,-0.22104828654090056,5.5703079382876,0.9378101229667664,-0.003436666935653982,-0.2374866233864497,-0.003436666935653982,0.0,-0.0,False,False,32,1.0,50,0.064,0.1,0.064,0.8572555184364319,0.5911163091659546,0,False
304,30.559003623900935,30.519999999999996,0.10099999999999909,162,1.093089342186982,-1.9565136652110617,-0.10021355200445269,5.583984607488125,0.9401127099990845,-0.003038376939953076,-0.24052500032640278,-0.003038376939953076,0.0,-0.0,False,False,32,1.0,50,0.084,0.1,0.064,0.8016197681427002,0.6997235417366028,0,False
305,30.659620130900294,30.61999999999999,0.1010000000000133,160,1.1101027532773593,-1.9570557924069363,0.04405683480738963,5.595065502865081,0.9419782757759094,-0.0024617058798267516,-0.24298670620622953,-0.0024617058798267516,0.0,-0.0,False,False,32,1.0,50,0.104,0.1,0.064,0.7304012179374695,0.7839120030403137,0,False
306,30.760061718989164,30.72,0.09999999999999432,162,1.1255198008140506,-1.9552040733614897,0.20316846349577647,5.603310943720358,0.9433664679527283,-0.0018317879146671474,-0.24481849412089668,-0.0018317879146671474,0.0,-0.0,False,False,32,1.0,50,0.124,0.1,0.064,0.6826208829879761,0.833667516708374,0,False
307,30.860128379892558,30.819999999999993,0.09999999999999432,161,1.1394447536191104,-1.9511455592572724,0.3704287928589078,5.608933704203978,0.944313108921051,-0.0012491393585548414,-0.24606763347945151,-0.0012491393585548414,0.0,-0.0,False,False,32,1.0,50,0.144,0.1,0.064,0.6345362067222595,0.8614510893821716,0,False
308,30.959927253890783,30.919999999999987,0.10000000000000853,161,1.1515644576637225,-1.9452423838193165,0.5436058317716981,5.612017690261957,0.9448323249816895,-0.0006851311517675235,-0.24675276463121903,-0.0006851311517675235,0.0,-0.0,False,False,32,1.0,50,0.164,0.1,0.064,0.5993887186050415,0.8834293484687805,0,False
309,31.059827085817233,31.019999999999996,0.09999999999999432,164,1.1617968351799923,-1.9378125537906208,0.7206135837929264,5.612754788066194,0.9449564218521118,-0.00016375192951216706,-0.24691651656073121,-0.00016375192951216706,0.0,-0.0,False,False,32,1.0,50,0.184,0.1,0.064,0.5612252354621887,0.8987345099449158,0,False
310,31.16022203490138,31.11999999999999,0.10000000000000853,164,1.1701383640227088,-1.9290927898816934,0.8994738949095269,5.611321660346909,0.944715142250061,0.0003183803125191661,-0.24659813624821206,0.0003183803125191661,0.0,-0.0,True,True,33,1.0,50,0.004,0.1,0.066,0.9745377898216248,0.12685394287109375,0,False
311,31.260484403930604,31.22,0.09999999999999432,156,1.1819376247443651,-1.912908520160944,0.9512682321582765,5.606376520034908,0.9438825845718384,0.0010986008412224302,-0.24549953540698963,0.0010986008412224302,0.0,-0.0,False,False,33,1.0,50,0.024,0.1,0.066,0.9732821583747864,0.12404514104127884,0,False
312,31.360839082859457,31.319999999999993,0.09999999999999432,156,1.1940547378862623,-1.8953304723946787,0.980606946411233,5.60063338815194,0.942915678024292,0.0012758807879661531,-0.24422365461902348,0.0012758807879661531,0.0,-0.0,False,False,33,1.0,50,0.044,0.1,0.066,0.972662091255188,0.12232267111539841,0,False
313,31.46064915601164,31.419999999999987,0.10000000000000853,159,1.2057393841782515,-1.8774608449012724,1.0057513030036198,5.5944639999018735,0.941877007484436,0.0013705769085868473,-0.24285307771043663,0.0013705769085868473,0.0,-0.0,False,False,33,1.0,50,0.064,0.1,0.066,0.9721593856811523,0.12090826779603958,0,False
314,31.56060286797583,31.519999999999996,0.09999999999999432,161,1.2169800607804242,-1.859320130569265,1.0292977328988775,5.587875435955256,0.940767765045166,0.0014637000039483428,-0.24138937770648827,0.0014637000039483428,0.0,-0.0,False,False,33,1.0,50,0.084,0.1,0.066,0.971703290939331,0.11961542814970016,0,False
315,31.660944327013567,31.61999999999999,0.10000000000000853,158,1.2277351123883888,-1.8409694880222214,1.053808637457087,5.580885752021992,0.9395909905433655,0.0015528118848979046,-0.23983656582159038,0.0015528118848979046,0.0,-0.0,False,False,33,1.0,50,0.104,0.1,0.066,0.9712198376655579,0.11826938390731812,0,False
316,31.760756219970062,31.72,0.09999999999999432,163,1.2380490421685786,-1.822324683883567,1.0775719474050387,5.573457420548165,0.9383403658866882,0.0016502607997229365,-0.23818630502186744,0.0016502607997229365,0.0,-0.0,False,False,33,1.0,50,0.124,0.1,0.066,0.9707626700401306,0.11699707806110382,0,False
317,31.86123487795703,31.819999999999993,0.09999999999999432,161,1.2479233346497207,-1.803443208357616,1.1009601924695882,5.565633633624129,0.9370231628417969,0.0017381142604651,-0.23644819076140233,0.0017381142604651,0.0,-0.0,False,False,33,1.0,50,0.144,0.1,0.066,0.9703177809715271,0.11575812846422195,0,False
318,31.961078290827572,31.919999999999987,0.10000000000000853,161,1.257324667271732,-1.7843978125790212,1.1247560198489184,5.557446254267361,0.9356447458267212,0.0018188891075393893,-0.23462930165386295,0.0018188891075393893,0.0,-0.0,False,False,33,1.0,50,0.164,0.1,0.066,0.9698602557182312,0.11449554562568665,0,False
319,32.06133684096858,32.019999999999996,0.09999999999999432,163,1.2662707095007508,-1.765125560451283,1.1482235592204946,5.548856692823362,0.9341986179351807,0.0019082369422779,-0.23272106471158505,0.0019082369422779,0.0,-0.0,False,False,33,1.0,50,0.184,0.1,0.066,0.9694144129753113,0.11326297372579575,0,False
320,32.16118653398007,32.11999999999999,0.10000000000000853,156,1.2747793300149497,-1.745616853677659,1.1707609871993043,5.539868489627407,0.932685375213623,0.00199679826438691,-0.23072426644719812,0.00199679826438691,0.0,-0.0,True,True,34,1.0,50,0.004,0.1,0.068,0.9677752256393433,-0.19865688681602478,0,False
321,32.261023016879335,32.22,0.09999999999999432,162,1.2832489922308445,-1.725961311913142,1.1388926390514011,5.530811957960647,0.9311606287956238,0.002011977958140911,-0.22871228848905722,0.002011977958140911,0.0,-0.0,False,False,34,1.0,50,0.024,0.1,0.068,0.9694007635116577,-0.20683905482292175,0,False
322,32.36107267788611,32.31999999999999,0.09999999999999432,163,1.292536792029482,-1.7066749658492821,1.1012145376580778,5.522645112548473,0.9297856688499451,0.0018143273342869038,-0.22689796115477032,0.0018143273342869038,0.0,-0.0,False,False,34,1.0,50,0.044,0.1,0.068,0.9708735942840576,-0.21338659524917603,0,False
323,32.461337147979066,32.41999999999999,0.10000000000000853,164,1.302649604599009,-1.6877683351475656,1.058853291073025,5.51538423893315,0.9285632371902466,0.0016130587523360098,-0.22528490240243432,0.0016130587523360098,0.0,-0.0,False,False,34,1.0,50,0.064,0.1,0.068,0.972051203250885,-0.21621237695217133,0,False
324,32.561596096958965,32.519999999999996,0.09999999999999432,164,1.313572729088296,-1.6692917719930436,1.01493456635459,5.509061554165679,0.9274987578392029,0.0014046329054547846,-0.22388026949697953,0.0014046329054547846,0.0,-0.0,False,False,34,1.0,50,0.084,0.1,0.068,0.9728939533233643,-0.21879900991916656,0,False
325,32.661154572851956,32.61999999999999,0.10000000000000853,163,1.3252998746754325,-1.651291080553104,0.9708163973680481,5.503709629330589,0.9265977144241333,0.001188971142379785,-0.22269129835459975,0.001188971142379785,0.0,-0.0,False,False,34,1.0,50,0.104,0.1,0.068,0.9737255573272705,-0.22227787971496582,0,False
326,32.761466851923615,32.72,0.09999999999999432,163,1.3378236006635547,-1.6338078433097807,0.9262517168969386,5.4993574951771365,0.9258649945259094,0.0009668599757407093,-0.22172443837885905,0.0009668599757407093,0.0,-0.0,False,False,34,1.0,50,0.124,0.1,0.068,0.9744956493377686,-0.2266952395439148,0,False
327,32.861616482026875,32.81999999999999,0.09999999999999432,163,1.3511352216428796,-1.616889238273628,0.8808326459245235,5.496036306655738,0.9253058433532715,0.0007378274979602513,-0.2209866108808988,0.0007378274979602513,0.0,-0.0,False,False,34,1.0,50,0.144,0.1,0.068,0.9752516746520996,-0.23108108341693878,0,False
328,32.96144360490143,32.91999999999999,0.10000000000000853,162,1.3652222579227788,-1.6005836902706319,0.8344849832723249,5.493775448549178,0.9249252080917358,0.0005022669653526683,-0.22048434391554614,0.0005022669653526683,0.0,-0.0,False,False,34,1.0,50,0.164,0.1,0.068,0.9759920239448547,-0.2353196144104004,0,False
329,33.06171721499413,33.019999999999996,0.09999999999999432,163,1.3800665383075235,-1.5849432685563858,0.7873032883642787,5.492601827405544,0.9247276186943054,0.00026072893675910394,-0.22022361497878704,0.00026072893675910394,0.0,-0.0,False,False,34,1.0,50,0.184,0.1,0.068,0.9765565991401672,-0.23853476345539093,0,False
330,33.16195461386815,33.11999999999999,0.10000000000000853,164,1.3956439375862963,-1.5700176253079683,0.739494406809891,5.49253597716943,0.9247165322303772,1.462913491325156e-05,-0.22020898584387377,1.462913491325156e-05,0.0,-0.0,True,True,35,1.0,50,0.004,0.1,0.07,0.9847393035888672,0.3847408592700958,0,False
331,33.26196614583023,33.22,0.09999999999999432,162,1.4113764698269904,-1.55565010999142,0.7682818411421108,5.493064549225974,0.9248055219650269,-0.00011742633562026956,-0.22032641217949403,-0.00011742633562026956,0.0,-0.0,False,False,35,1.0,50,0.024,0.1,0.07,0.9840128421783447,0.38746973872184753,0,False
332,33.361876487964764,33.31999999999999,0.09999999999999432,161,1.4262081401437063,-1.5401011691462398,0.8460848685694501,5.492200353385368,0.9246600270271301,0.00019198773291982598,-0.22013442444657422,0.00019198773291982598,0.0,-0.0,False,False,35,1.0,50,0.044,0.1,0.07,0.9825206995010376,0.3912661671638489,0,False
333,33.46169042191468,33.41999999999999,0.10000000000000853,162,1.4397722025625705,-1.523480941821609,0.9257231721749793,5.489768143051501,0.9242505431175232,0.0005403341766321445,-0.21959409026994206,0.0005403341766321445,0.0,-0.0,False,False,35,1.0,50,0.064,0.1,0.07,0.9809123873710632,0.3950151205062866,0,False
334,33.56190743087791,33.519999999999996,0.09999999999999432,163,1.451970639042407,-1.505877901811593,1.005225441959444,5.485759775453243,0.9235756993293762,0.0008904895993928079,-0.21870360067054925,0.0008904895993928079,0.0,-0.0,False,False,35,1.0,50,0.084,0.1,0.07,0.979274332523346,0.39989227056503296,0,False
335,33.66271318588406,33.61999999999999,0.10099999999999909,163,1.4627114961355234,-1.4873956734504303,1.0852991627592266,5.480181269160559,0.9226365089416504,0.0012393079506832216,-0.21746429271986603,0.0012393079506832216,0.0,-0.0,False,False,35,1.0,50,0.104,0.1,0.07,0.9774503111839294,0.4053226411342621,0,False
336,33.763905656989664,33.72,0.10099999999999909,165,1.471909640886183,-1.4681473678313441,1.1664427310109193,5.473047493581605,0.9214354753494263,0.0015848229489283509,-0.2158794697709377,0.0015848229489283509,0.0,-0.0,False,False,35,1.0,50,0.124,0.1,0.07,0.9754447937011719,0.4107511341571808,0,False
337,33.86505984887481,33.81999999999999,0.10099999999999909,165,1.479491095069634,-1.448253522354066,1.2486864123705803,5.46438535526447,0.9199771285057068,0.0019243604511876963,-0.21395510931975,0.0019243604511876963,0.0,-0.0,False,False,35,1.0,50,0.144,0.1,0.07,0.973587155342102,0.4140598475933075,0,False
338,33.96469770395197,33.91999999999999,0.10000000000000853,161,1.485397113921644,-1.4278410076168753,1.331494457803125,5.454234859997761,0.9182682037353516,0.0022550103607310197,-0.21170009895901898,0.0022550103607310197,0.0,-0.0,False,False,35,1.0,50,0.164,0.1,0.07,0.971771776676178,0.41441863775253296,0,False
339,34.065138201927766,34.019999999999996,0.09999999999999432,164,1.4895873186681794,-1.407048879697386,1.41445069292495,5.442656547514678,0.9163188934326172,0.0025722109043054414,-0.20912788805471355,0.0025722109043054414,0.0,-0.0,False,False,35,1.0,50,0.184,0.1,0.07,0.9699397683143616,0.42092832922935486,0,False
340,34.165084874024615,34.11999999999999,0.10000000000000853,160,1.4920220113319502,-1.3860233481802757,1.4989221402373867,5.429715205950754,0.9141401052474976,0.002875018266755758,-0.2062528697879578,0.002875018266755758,0.0,-0.0,True,True,36,1.0,50,0.004,0.1,0.072,0.8744930624961853,0.3142414093017578,0,False
341,34.26491717691533,34.22,0.09999999999999432,161,1.4927963170505276,-1.3666967829291259,1.5604819943225594,5.416813516141908,0.9119679927825928,0.002866209325302785,-0.203386660462655,0.002866209325302785,0.0,-0.0,False,False,36,1.0,50,0.024,0.1,0.072,0.8680211901664734,0.3006725609302521,0,False
342,34.36571004195139,34.31999999999999,0.10099999999999909,161,1.492405752320481,-1.3477503828078323,1.621343637086925,5.403374403438331,0.909705400466919,0.0029856019424972994,-0.2004010585201577,0.0029856019424972994,0.0,-0.0,False,False,36,1.0,50,0.044,0.1,0.072,0.86245197057724,0.2849494218826294,0,False
343,34.466901312815025,34.41999999999999,0.10099999999999909,168,1.49093026680612,-1.3289618736107591,1.678349630897989,5.389294490049993,0.9073349237442017,0.003127960728480733,-0.19727309779167695,0.003127960728480733,0.0,-0.0,False,False,36,1.0,50,0.064,0.1,0.072,0.8581650853157043,0.2702407240867615,0,False
344,34.567908075870946,34.519999999999996,0.10099999999999909,165,1.4884541402791986,-1.3104800475698413,1.733014895747666,5.37473132089663,0.904883086681366,0.0032353197024402366,-0.19403777808923672,0.0032353197024402366,0.0,-0.0,False,False,36,1.0,50,0.084,0.1,0.072,0.8558780550956726,0.24528589844703674,0,False
345,34.66911697690375,34.61999999999999,0.10099999999999909,164,1.4849978028193764,-1.292209510625085,1.7825234490355033,5.359628604647369,0.9023404121398926,0.003355184227212846,-0.19068259386202388,0.003355184227212846,0.0,-0.0,False,False,36,1.0,50,0.104,0.1,0.072,0.8550646901130676,0.2146049439907074,0,False
346,34.769693254027516,34.72,0.10099999999999909,171,1.4806919962743368,-1.2740919996724078,1.8257218357544713,5.344036260029589,0.8997153043746948,0.0034639589239058455,-0.18721863493811802,0.0034639589239058455,0.0,-0.0,False,False,36,1.0,50,0.124,0.1,0.072,0.8546549081802368,0.1879764348268509,0,False
347,34.8705329678487,34.81999999999999,0.10000000000000853,162,1.4756452244049505,-1.2561426829277431,1.8635625170204437,5.328039609123413,0.8970221281051636,0.0035537786662224514,-0.18366485627189558,0.0035537786662224514,0.0,-0.0,False,False,36,1.0,50,0.144,0.1,0.072,0.8546142578125,0.16526801884174347,0,False
348,34.97096875589341,34.91999999999999,0.09999999999999432,159,1.4699405629647972,-1.238295200479989,1.8958585295509647,5.311650689068776,0.8942629098892212,0.003640924265597768,-0.18002393200629782,0.003640924265597768,0.0,-0.0,False,False,36,1.0,50,0.164,0.1,0.072,0.8546231985092163,0.14853796362876892,0,False
349,35.0706078610383,35.019999999999996,0.09999999999999432,159,1.463691215525631,-1.220624969564866,1.92532477654446,5.295000846304377,0.8914597630500793,0.0036988902464098277,-0.176325041759888,0.0036988902464098277,0.0,-0.0,False,False,36,1.0,50,0.184,0.1,0.072,0.8545213937759399,0.14075063169002533,0,False
350,35.170795541023836,35.11999999999999,0.10000000000000853,161,1.456937280748935,-1.20313676672949,1.9532088601806503,5.2781208817471095,0.8886178731918335,0.0037500135673427647,-0.17257502819254525,0.0037500135673427647,0.0,-0.0,True,True,37,1.0,50,0.004,0.1,0.074,0.9339744448661804,-0.5050759315490723,0,False
351,35.2717874138616,35.22,0.10099999999999909,161,1.4496135340593437,-1.185331399546536,1.9468383429278011,5.260620296416149,0.8856714963912964,0.0038878892313365643,-0.16868713896120868,0.0038878892313365643,0.0,-0.0,False,False,37,1.0,50,0.024,0.1,0.074,0.9342036843299866,-0.5071312189102173,0,False
352,35.37171917594969,35.31999999999999,0.09999999999999432,156,1.4431061855693312,-1.165959261730147,1.843029625526333,5.242664423968835,0.8826484680175781,0.003989034755521138,-0.16469810420568753,0.003989034755521138,0.0,-0.0,False,False,37,1.0,50,0.044,0.1,0.074,0.9311818480491638,-0.5153585076332092,0,False
353,35.47174893785268,35.41999999999999,0.10000000000000853,155,1.4385540284692402,-1.1458150025472527,1.739555939163366,5.225638951631768,0.8797820806503296,0.003782339236425209,-0.16091576496926233,0.003782339236425209,0.0,-0.0,False,False,37,1.0,50,0.064,0.1,0.074,0.9278022050857544,-0.5208872556686401,0,False
354,35.57194322790019,35.519999999999996,0.09999999999999432,160,1.436126251049651,-1.1253935204780667,1.635714808785278,5.210015806097095,0.8771517872810364,0.003470801583784771,-0.15744496338547756,0.003470801583784771,0.0,-0.0,False,False,37,1.0,50,0.084,0.1,0.074,0.9204979538917542,-0.5224282145500183,0,False
355,35.67222352698445,35.61999999999999,0.10000000000000853,157,1.4358424936871519,-1.1049999230304357,1.5315155395010607,5.196028649492961,0.8747969269752502,0.003107354097581303,-0.15433760928789625,0.003107354097581303,0.0,-0.0,False,False,37,1.0,50,0.104,0.1,0.074,0.912624180316925,-0.5222493410110474,0,False
356,35.772317067021504,35.72,0.09999999999999432,161,1.4376716416269961,-1.0848447154594694,1.427216642979655,5.183808120191008,0.8727394938468933,0.0027148842953406754,-0.15162272499255558,0.0027148842953406754,0.0,-0.0,False,False,37,1.0,50,0.124,0.1,0.074,0.9065437912940979,-0.5184530019760132,0,False
357,35.872486577834934,35.81999999999999,0.09999999999999432,163,1.4415532691815802,-1.0651252305158254,1.323898773728325,5.173453701612464,0.8709962368011475,0.0023003134882038758,-0.14932241150435172,0.0023003134882038758,0.0,-0.0,False,False,37,1.0,50,0.144,0.1,0.074,0.903988778591156,-0.5073646903038025,0,False
358,35.97264820802957,35.91999999999999,0.10000000000000853,162,1.4474222493710505,-1.0459109676539866,1.2228424084393292,5.164974244595515,0.8695686459541321,0.0018837763994930285,-0.1474386351048587,0.0018837763994930285,0.0,-0.0,False,False,37,1.0,50,0.164,0.1,0.074,0.9069088697433472,-0.499498188495636,0,False
359,36.07230358198285,36.019999999999996,0.09999999999999432,160,1.4552032988066965,-1.0273348759968373,1.123320084771304,5.15841223316346,0.8684638738632202,0.001457801159225213,-0.14598083394563346,0.001457801159225213,0.0,-0.0,False,False,37,1.0,50,0.184,0.1,0.074,0.9084416031837463,-0.4900972843170166,0,False
360,36.172522821929306,36.11999999999999,0.10000000000000853,156,1.4647830456049915,-1.0096000133587546,1.0258813134585882,5.153825728814808,0.867691695690155,0.0010189271118296393,-0.14496190683380383,0.0010189271118296393,0.0,-0.0,True,True,38,1.0,50,0.004,0.1,0.076,0.9996998906135559,0.2193572223186493,0,False
361,36.272374955005944,36.22,0.09999999999999432,159,1.4758244234483984,-0.9924453689364942,0.9968717627055795,5.150796263920062,0.867181658744812,0.0006730188572696608,-0.14428888797653416,0.0006730188572696608,0.0,-0.0,False,False,38,1.0,50,0.024,0.1,0.076,0.9997401833534241,0.21647727489471436,0,False
362,36.37262983387336,36.31999999999999,0.09999999999999432,168,1.4872278770293865,-0.9738657161814053,1.0417814589729373,5.147184767906122,0.8665736317634583,0.0008023215335988442,-0.1434865664429353,0.0008023215335988442,0.0,-0.0,False,False,38,1.0,50,0.044,0.1,0.076,0.999690055847168,0.2203865498304367,0,False
363,36.472468826919794,36.41999999999999,0.10000000000000853,157,1.4978635871496118,-0.9547131989694432,1.0863055146942966,5.142707659917464,0.8658198714256287,0.0009946238715706677,-0.14249194257136463,0.0009946238715706677,0.0,-0.0,False,False,38,1.0,50,0.064,0.1,0.076,0.9996188282966614,0.22181804478168488,0,False
364,36.572566458024085,36.519999999999996,0.09999999999999432,162,1.507640987978875,-0.9351135069592962,1.1305436319119178,5.137376623060497,0.8649223446846008,0.001184330717864251,-0.14130761185350038,0.001184330717864251,0.0,-0.0,False,False,38,1.0,50,0.084,0.1,0.076,0.999528706073761,0.22234590351581573,0,False
365,36.67277595796622,36.61999999999999,0.10000000000000853,162,1.5165379802871406,-0.9151033790746659,1.1748838984694252,5.1311966138046055,0.8638818860054016,0.0013729364464761388,-0.13993467540702426,0.0013729364464761388,0.0,-0.0,False,False,38,1.0,50,0.104,0.1,0.076,0.9994140863418579,0.22298559546470642,0,False
366,36.77261176100001,36.72,0.09999999999999432,161,1.5245362009996877,-0.8947200183505137,1.2194350735169492,5.124174358786811,0.8626996278762817,0.001560047801091679,-0.13837462760593258,0.001560047801091679,0.0,-0.0,False,False,38,1.0,50,0.124,0.1,0.076,0.9992679357528687,0.2232552170753479,0,False
367,36.87267431197688,36.81999999999999,0.09999999999999432,161,1.5316185936470939,-0.8740022984521312,1.264154649604602,5.116318708845302,0.8613770604133606,0.0017451928741325797,-0.1366294347318,0.0017451928741325797,0.0,-0.0,False,False,38,1.0,50,0.144,0.1,0.076,0.9991127252578735,0.22848135232925415,0,False
368,36.9727115528658,36.91999999999999,0.10000000000000853,162,1.5377572529743935,-0.8529896916608797,1.3100934102695498,5.107628955913023,0.8599140644073486,0.0019304952496997751,-0.13469893948210024,0.0019304952496997751,0.0,-0.0,False,False,38,1.0,50,0.164,0.1,0.076,0.9989314079284668,0.23565927147865295,0,False
369,37.07303938199766,37.019999999999996,0.09999999999999432,163,1.5429086557212108,-0.8317214759086309,1.3577462474165758,5.098093062850039,0.8583086133003235,0.0021184717682076674,-0.13258046771389256,0.0021184717682076674,0.0,-0.0,False,False,38,1.0,50,0.184,0.1,0.076,0.9987934231758118,0.2535240650177002,0,False
370,37.173680807929486,37.11999999999999,0.10099999999999909,163,1.5470011639914096,-0.8102364013659606,1.4092531971485283,5.087674918236546,0.8565546274185181,0.002314470715539427,-0.13026599699835315,0.002314470715539427,0.0,-0.0,True,True,39,1.0,50,0.004,0.1,0.078,0.9962344765663147,0.36098554730415344,0,False
371,37.273778998991475,37.22,0.10000000000000853,159,1.5497998392367731,-0.7886375661454401,1.4806843582304465,5.076251318404978,0.8546313643455505,0.002537840302385704,-0.12772815669596743,0.002537840302385704,0.0,-0.0,False,False,39,1.0,50,0.024,0.1,0.078,0.9959017038345337,0.3592474162578583,0,False
372,37.37426844588481,37.31999999999999,0.09999999999999432,157,1.5510265445028586,-0.766905076775701,1.5511957808101398,5.063585414925441,0.8524989485740662,0.0028138275841620547,-0.12491432911180538,0.0028138275841620547,0.0,-0.0,False,False,39,1.0,50,0.044,0.1,0.078,0.9954888820648193,0.35778680443763733,0,False
373,37.47517195995897,37.41999999999999,0.10099999999999909,157,1.5506935009112672,-0.745148824987076,1.6223840126896818,5.049746598369326,0.8501690626144409,0.003074399218395061,-0.12183992989341032,0.003074399218395061,0.0,-0.0,False,False,39,1.0,50,0.064,0.1,0.078,0.9950994849205017,0.35651493072509766,0,False
374,37.575082852039486,37.519999999999996,0.09999999999999432,156,1.548813345980961,-0.7234782755329217,1.6937244045527964,5.034803197207437,0.8476532101631165,0.0033197911588744617,-0.11852013873453586,0.0033197911588744617,0.0,-0.0,False,False,39,1.0,50,0.084,0.1,0.078,0.9946731925010681,0.35579994320869446,0,False
375,37.67586929700337,37.64,0.1010000000000133,161,1.5445363150890303,-0.6977467717446441,1.7791795443294467,5.018828142346438,0.8449636697769165,0.003548980939181017,-0.11497115779535484,0.003548980939181017,0.0,-0.0,False,False,39,1.0,50,0.104,0.1,0.078,0.9937377572059631,0.35663485527038574,0,False
376,37.77661990188062,37.739999999999995,0.10099999999999909,165,1.539308693190448,-0.6766672008715584,1.8505368099384862,4.998403240078398,0.8415249586105347,0.0045375486635026545,-0.11043360913185218,0.0045375486635026545,0.0,-0.0,False,False,39,1.0,50,0.128,0.1,0.078,0.9930672645568848,0.35668766498565674,0,False
377,37.87709965882823,37.83999999999999,0.09999999999999432,161,1.5325949040747646,-0.6560232964000162,1.9218423290537108,4.980419753015939,0.8384972810745239,0.003995169554033217,-0.10643843957781897,0.003995169554033217,0.0,-0.0,False,False,39,1.0,50,0.148,0.1,0.078,0.9926309585571289,0.3571076989173889,0,False
378,37.977972673019394,37.94,0.09999999999999432,157,1.5244290702435326,-0.6359187769555884,1.9932685704420825,4.961647479254228,0.8353368043899536,0.004170404567939646,-0.10226803500987933,0.004170404567939646,0.0,-0.0,False,False,39,1.0,50,0.168,0.1,0.078,0.9923100471496582,0.3584173619747162,0,False
379,38.07789348484948,38.03999999999999,0.10000000000000853,165,1.514898247843182,-0.6165159352028524,2.0655374813215275,4.9422460879141665,0.8320704102516174,0.004310167862244444,-0.09795786714763488,0.004310167862244444,0.0,-0.0,False,False,39,1.0,50,0.188,0.1,0.078,0.9919716715812683,0.3599759042263031,0,False
380,38.177792767994106,38.14,0.09999999999999432,153,1.5041620111804568,-0.5982130090636955,2.1394067834113653,4.922576693193793,0.8287588953971863,0.0043697068683159,-0.09358816027931897,0.0043697068683159,0.0,-0.0,True,True,40,1.0,50,0.008,0.1,0.08,0.8858344554901123,0.2144010066986084,0,False
381,38.277829098980874,38.239999999999995,0.10000000000000853,155,1.4933962588576075,-0.582070448151137,2.1792647694514797,4.9042101418545885,0.8256667256355286,0.00408027022057124,-0.08950789005874774,0.00408027022057124,0.0,-0.0,False,False,40,1.0,50,0.028,0.1,0.08,0.8892091512680054,0.20599129796028137,0,False
382,38.378501884872094,38.33999999999999,0.09999999999999432,151,1.481968907868314,-0.5664227121685306,2.222259898850094,4.8856265679630315,0.8225380182266235,0.004128483444774333,-0.0853794066139734,0.004128483444774333,0.0,-0.0,False,False,40,1.0,50,0.048,0.1,0.08,0.8964337110519409,0.2025768905878067,0,False
383,38.47799594094977,38.44,0.09999999999999432,154,1.4696802747096274,-0.5509863030513049,2.264226303456491,4.866492117902698,0.819316565990448,0.004250864809961937,-0.08112854180401147,0.004250864809961937,0.0,-0.0,False,False,40,1.0,50,0.068,0.1,0.08,0.92134690284729,0.1986779421567917,0,False
384,38.57846344797872,38.53999999999999,0.10000000000000853,154,1.4564781800446784,-0.5357428961905906,2.3050002912353764,4.846752624543882,0.8159932494163513,0.0043852798183847495,-0.07674326198562671,0.0043852798183847495,0.0,-0.0,False,False,40,1.0,50,0.088,0.1,0.08,0.938971757888794,0.18906916677951813,0,False
385,38.67862471798435,38.64,0.09999999999999432,155,1.442383393388765,-0.5207246688304809,2.343149424648585,4.826442075105221,0.8125737905502319,0.004512144305562185,-0.07223111768006453,0.004512144305562185,0.0,-0.0,False,False,40,1.0,50,0.108,0.1,0.08,0.9491240978240967,0.1803944706916809,0,False
386,38.778617820004,38.739999999999995,0.10000000000000853,156,1.42757531621022,-0.5060608444514232,2.378749347562462,4.805779970373762,0.8090951442718506,0.004590245009695185,-0.06764087267036935,0.004590245009695185,0.0,-0.0,False,False,40,1.0,50,0.128,0.1,0.08,0.9546309113502502,0.1631828099489212,0,False
387,38.87854157201946,38.83999999999999,0.09999999999999432,154,1.4121931917743986,-0.49182413580317874,2.4106784444426963,4.784920314933962,0.8055832386016846,0.0046341324144349395,-0.0630067402559344,0.0046341324144349395,0.0,-0.0,False,False,40,1.0,50,0.148,0.1,0.08,0.95894855260849,0.1457412838935852,0,False
388,38.97886575083248,38.94,0.10099999999999909,163,1.3963148333080544,-0.4779956048230133,2.4392253836356868,4.763912673479671,0.8020464181900024,0.004667008642358133,-0.05833973161357627,0.004667008642358133,0.0,-0.0,False,False,40,1.0,50,0.168,0.1,0.08,0.962481677532196,0.13008244335651398,0,False
389,39.07958723581396,39.03999999999999,0.09999999999999432,161,1.3800066385788068,-0.46454947609581315,2.464735331781534,4.742793865497747,0.7984908819198608,0.004691705138931954,-0.05364802647464432,0.004691705138931954,0.0,-0.0,False,False,40,1.0,50,0.188,0.1,0.08,0.9654021859169006,0.11610599607229233,0,False
390,39.180526478914544,39.14,0.1010000000000133,159,1.3635990585396314,-0.4516678561201997,2.4872870903702045,4.72193668829264,0.7949793934822083,0.0046335818555939936,-0.04901444461905032,0.0046335818555939936,0.0,-0.0,True,True,41,1.0,50,0.008,0.1,0.082,0.9894281029701233,-0.42548155784606934,0,False
391,39.2799792450387,39.239999999999995,0.09999999999999432,163,1.3477161129619681,-0.43914146342618604,2.4374531047121444,4.701712523034687,0.7915744781494141,0.004492953397396448,-0.04452149122165387,0.004492953397396448,0.0,-0.0,False,False,41,1.0,50,0.028,0.1,0.082,0.9836774468421936,-0.39566388726234436,0,False
392,39.38117348682135,39.33999999999999,0.10099999999999909,160,1.3317312552195106,-0.4244445603748525,2.361424024650877,4.680096651980166,0.7879352569580078,0.004802131512147595,-0.039719359709506276,0.004802131512147595,0.0,-0.0,False,False,41,1.0,50,0.048,0.1,0.082,0.9667918682098389,-0.3336600959300995,0,False
393,39.482282298849896,39.44,0.10099999999999909,167,1.317144107594527,-0.4089950337150862,2.29686968079168,4.659142823622053,0.7844074964523315,0.004655053650385973,-0.0350643060591203,0.004655053650385973,0.0,-0.0,False,False,41,1.0,50,0.068,0.1,0.082,0.9380770325660706,-0.26807379722595215,0,False
394,39.58293167385273,39.53999999999999,0.10099999999999909,167,1.303795391895548,-0.39313363785635735,2.244211681204763,4.638932465671673,0.7810049057006836,0.00448988599814031,-0.030574420060979993,0.00448988599814031,0.0,-0.0,False,False,41,1.0,50,0.088,0.1,0.082,0.9348086714744568,-0.24046657979488373,0,False
395,39.68321976298466,39.64,0.10000000000000853,163,1.2913055579790882,-0.37670431998239295,2.1970216998510352,4.6190718928464545,0.7776612043380737,0.004412178550321962,-0.026162241510658032,0.004412178550321962,0.0,-0.0,False,False,41,1.0,50,0.108,0.1,0.082,0.9319854974746704,-0.21334128081798553,0,False
396,39.78301599691622,39.739999999999995,0.09999999999999432,161,1.2795961917930843,-0.35979074450519255,2.155370140019612,4.5995515462411545,0.774374783039093,0.004336594686603955,-0.02182564682405408,0.004336594686603955,0.0,-0.0,False,False,41,1.0,50,0.128,0.1,0.082,0.9300816655158997,-0.1950056254863739,0,False
397,39.88329456583597,39.83999999999999,0.09999999999999432,158,1.2685924553440104,-0.3424584729484117,2.116830051776712,4.580354786279982,0.771142840385437,0.004264707432245491,-0.01756093939180859,0.004264707432245491,0.0,-0.0,False,False,41,1.0,50,0.148,0.1,0.082,0.9289185404777527,-0.18496210873126984,0,False
398,39.98339693597518,39.94,0.10000000000000853,159,1.2582634113307312,-0.32475180174911544,2.080217221703311,4.56148692346585,0.7679662704467773,0.004191640408942479,-0.013369298982866111,0.004191640408942479,0.0,-0.0,False,False,41,1.0,50,0.168,0.1,0.082,0.9276939034461975,-0.17528821527957916,0,False
399,40.08346467697993,40.03999999999999,0.09999999999999432,156,1.2485878016646674,-0.3067172422328102,2.0454880288007335,4.542962827206912,0.7648475766181946,0.004115270032594578,-0.009254028950271533,0.004115270032594578,0.0,-0.0,False,False,41,1.0,50,0.188,0.1,0.082,0.9264106154441833,-0.16598466038703918,0,False
400,40.18383008497767,40.14,0.10000000000000853,158,1.2393037838359386,-0.2878873321128323,2.0099443952188416,4.524297825604032,0.7617051601409912,0.004146573235258375,-0.0051074557150131575,0.004146573235258375,0.0,-0.0,True,True,42,1.0,50,0.008,0.1,0.084,0.9964634776115417,-0.14555467665195465,0,False
401,40.283961836015806,40.239999999999995,0.09999999999999432,159,1.2303698738573996,-0.2673979199704901,1.9715913776625829,4.504952371561314,0.7584481835365295,0.004297740962694584,-0.0008097147523185733,0.004297740962694584,0.0,-0.0,False,False,42,1.0,50,0.028,0.1,0.084,0.9951536655426025,-0.11715158820152283,0,False
402,40.38400812703185,40.33999999999999,0.09999999999999432,156,1.2220687318642516,-0.2470934817181638,1.9450148589896106,4.4862551529074315,0.7553003430366516,0.004153730500189101,0.0033440157478705273,0.004153730500189101,0.0,-0.0,False,False,42,1.0,50,0.048,0.1,0.084,0.9938286542892456,-0.0955556333065033,0,False
403,40.4840105578769,40.44,0.10000000000000853,161,1.2142087446233036,-0.22665494396652916,1.9271243956894777,4.467865235355413,0.7522042393684387,0.004085461203927325,0.007429476951797852,0.004085461203927325,0.0,-0.0,False,False,42,1.0,50,0.068,0.1,0.084,0.9926151633262634,-0.07970809936523438,0,False
404,40.58428995683789,40.53999999999999,0.09999999999999432,166,1.206720528580418,-0.20611530074948703,1.912603103886983,4.449749339753672,0.749154269695282,0.00402458512638562,0.011454062078183471,0.00402458512638562,0.0,-0.0,False,False,42,1.0,50,0.088,0.1,0.084,0.9913700819015503,-0.06608007103204727,0,False
405,40.68385676201433,40.64,0.10000000000000853,167,1.1995357978909837,-0.18550497343118966,1.899990441912581,4.431872416782989,0.7461445331573486,0.003971495523877846,0.015425557602061317,0.003971495523877846,0.0,-0.0,False,False,42,1.0,50,0.108,0.1,0.084,0.9900505542755127,-0.05370507389307022,0,False
406,40.78428612998687,40.739999999999995,0.09999999999999432,169,1.1925986286095387,-0.16484611473585098,1.8895414659874532,4.414204373593525,0.7431699633598328,0.003925091278723294,0.01935064888078461,0.003925091278723294,0.0,-0.0,False,False,42,1.0,50,0.128,0.1,0.084,0.9887018799781799,-0.04275652766227722,0,False
407,40.88429164187983,40.83999999999999,0.09999999999999432,165,1.1858626076012957,-0.14415429500196644,1.881305496713244,4.396718303637192,0.7402260303497314,0.0038846645295545264,0.023235313410339138,0.0038846645295545264,0.0,-0.0,False,False,42,1.0,50,0.148,0.1,0.084,0.9873691201210022,-0.03329669311642647,0,False
408,40.98412485397421,40.94,0.10000000000000853,168,1.179287113711562,-0.12344300464569234,1.874978198927128,4.379390486667647,0.7373087406158447,0.0038495074150050905,0.02708482082534423,0.0038495074150050905,0.0,-0.0,False,False,42,1.0,50,0.168,0.1,0.084,0.986067533493042,-0.02512356825172901,0,False
409,41.08446828299202,41.03999999999999,0.09999999999999432,169,1.1728363560639188,-0.10272526245831325,1.8702457999198603,4.3622003887402965,0.7344146370887756,0.0038189120737083374,0.030903732899052568,0.0038189120737083374,0.0,-0.0,False,False,42,1.0,50,0.188,0.1,0.084,0.9848020076751709,-0.018017368391156197,0,False
410,41.1843341558706,41.14,0.10000000000000853,161,1.1664887943702367,-0.08202973153065071,1.8645879410671207,4.3451483638886685,0.731543779373169,0.0037882380811481414,0.03469197098020071,0.0037882380811481414,0.0,-0.0,True,True,43,1.0,50,0.008,0.1,0.086,0.8701648116111755,-0.23873193562030792,0,False
411,41.28448557597585,41.239999999999995,0.09999999999999432,164,1.161462904295095,-0.06359731550879012,1.8113463126096838,4.3305115557615865,0.72907954454422,0.0032516791651389814,0.03794365014533969,0.0032516791651389814,0.0,-0.0,False,False,43,1.0,50,0.028,0.1,0.086,0.8289769291877747,-0.23303215205669403,0,False
412,41.38429782888852,41.33999999999999,0.09999999999999432,164,1.157520661643839,-0.04588904362651275,1.7645393890757677,4.317212640334896,0.7268405556678772,0.0029544560423596,0.04089810618769929,0.0029544560423596,0.0,-0.0,False,False,43,1.0,50,0.048,0.1,0.086,0.7859485745429993,-0.22883854806423187,0,False
413,41.48476756596938,41.44,0.10000000000000853,166,1.154543521551283,-0.028796388645402654,1.7195681389803998,4.305093718655334,0.7248002290725708,0.002692311382867,0.04359041757056629,0.002692311382867,0.0,-0.0,False,False,43,1.0,50,0.068,0.1,0.086,0.7747578024864197,-0.2344011813402176,0,False
414,41.58470987784676,41.53999999999999,0.09999999999999432,162,1.1523963094966416,-0.01183681201453805,1.6726841786502786,4.293771726446155,0.7228940725326538,0.002515267389912226,0.04610568496047852,0.002515267389912226,0.0,-0.0,False,False,43,1.0,50,0.088,0.1,0.086,0.7677938938140869,-0.24247710406780243,0,False
415,41.684763558907434,41.64,0.10000000000000853,165,1.151076102313061,0.005071993423106461,1.6239206402166795,4.283202409516424,0.7211146354675293,0.0023480548048292692,0.048453739765307785,0.0023480548048292692,0.0,-0.0,False,False,43,1.0,50,0.108,0.1,0.086,0.7626315951347351,-0.24888482689857483,0,False
416,41.784826709888875,41.739999999999995,0.09999999999999432,170,1.1505945505128936,0.02191270685307353,1.573809206892216,4.2734084260118985,0.7194657325744629,0.0021758085389159292,0.05062954830422371,0.0021758085389159292,0.0,-0.0,False,False,43,1.0,50,0.128,0.1,0.086,0.7571129202842712,-0.25558406114578247,0,False
417,41.88491171086207,41.83999999999999,0.09999999999999432,171,1.1509638046054165,0.03863630544890351,1.522426044040525,4.264432259955879,0.7179545164108276,0.0019941241214456213,0.052623672425669336,0.0019941241214456213,0.0,-0.0,False,False,43,1.0,50,0.148,0.1,0.086,0.7509865164756775,-0.25752875208854675,0,False
418,41.98503189091571,41.94,0.10000000000000853,167,1.1521842996448353,0.055181719880389536,1.4710326169459638,4.256311438902278,0.7165873050689697,0.001804102670100435,0.05442777509576977,0.001804102670100435,0.0,-0.0,False,False,43,1.0,50,0.168,0.1,0.086,0.7443421483039856,-0.25348564982414246,0,False
419,42.085860994877294,42.03999999999999,0.10099999999999909,171,1.1542264505128084,0.07149260268665886,1.4207904712393438,4.24905552175634,0.7153657078742981,0.0016119576346545115,0.056039732730424285,0.0016119576346545115,0.0,-0.0,False,False,43,1.0,50,0.188,0.1,0.086,0.7380436658859253,-0.2400972992181778,0,False
420,42.18662919988856,42.14,0.10099999999999909,168,1.1571833701780747,0.08829451745080663,1.3744060855929419,4.2423501267456505,0.7142367959022522,0.001489654920729759,0.05752938765115404,0.001489654920729759,0.0,-0.0,True,True,44,1.0,50,0.008,0.1,0.088,0.9727005362510681,0.15858200192451477,0,False
421,42.28762603295036,42.239999999999995,0.10099999999999909,168,1.1610841021149236,0.10875826626991042,1.403090574760493,4.234513948648154,0.7129175066947937,0.0017408670546690433,0.05927025470582308,0.0017408670546690433,0.0,-0.0,False,False,44,1.0,50,0.028,0.1,0.088,0.9711137413978577,0.1599409133195877,0,False
422,42.38797319098376,42.33999999999999,0.09999999999999432,167,1.1643849969263846,0.12979967213300517,1.4319364457003063,4.225949523584607,0.7114756107330322,0.0019026527026067678,0.06117290740842985,0.0019026527026067678,0.0,-0.0,False,False,44,1.0,50,0.048,0.1,0.088,0.9694297909736633,0.1613112837076187,0,False
423,42.48885394493118,42.44,0.10099999999999909,167,1.1669973342918771,0.1508952312682443,1.4632604787549335,4.216863961168592,0.7099459767341614,0.00201842736170479,0.06319133477013464,0.00201842736170479,0.0,-0.0,False,False,44,1.0,50,0.068,0.1,0.088,0.9673894047737122,0.1626013070344925,0,False
424,42.588605507975444,42.53999999999999,0.10000000000000853,170,1.1689239050912608,0.17201577683673472,1.4960341764554157,4.20727142274121,0.7083309888839722,0.0021310559702836253,0.06532239074041826,0.0021310559702836253,0.0,-0.0,False,False,44,1.0,50,0.088,0.1,0.088,0.9648863077163696,0.16322766244411469,0,False
425,42.689679469913244,42.64,0.10099999999999909,167,1.1701614107983016,0.1931319490503881,1.528951163881891,4.197180051073592,0.7066320180892944,0.002241875599814116,0.06756426634023238,0.002241875599814116,0.0,-0.0,False,False,44,1.0,50,0.108,0.1,0.088,0.9621714353561401,0.1638631820678711,0,False
426,42.79087542090565,42.739999999999995,0.10099999999999909,171,1.170706796027833,0.2142160077993041,1.5617948875597512,4.186597634903343,0.7048503756523132,0.00235096490155931,0.06991523124179169,0.00235096490155931,0.0,-0.0,False,False,44,1.0,50,0.128,0.1,0.088,0.9592120051383972,0.16447512805461884,0,False
427,42.890509526012465,42.83999999999999,0.09999999999999432,163,1.1705602837291667,0.2352395237799026,1.5946851217695432,4.17553444120276,0.702987790107727,0.002457773316678261,0.07237300455846996,0.002457773316678261,0.0,-0.0,False,False,44,1.0,50,0.148,0.1,0.088,0.9559880495071411,0.16507968306541443,0,False
428,42.99185327603482,42.94,0.10099999999999909,172,1.1697241974341845,0.25617472701747274,1.6277112621948466,4.16400250711178,0.7010462880134583,0.0025619075888557263,0.07493491214732569,0.0025619075888557263,0.0,-0.0,False,False,44,1.0,50,0.168,0.1,0.088,0.9524807333946228,0.16569142043590546,0,False
429,43.09150536986999,43.03999999999999,0.10000000000000853,165,1.1682020422712545,0.2769930593690584,1.6608753330523265,4.15201457783739,0.6990280151367188,0.0026632104155665946,0.07759812256289228,0.0026632104155665946,0.0,-0.0,False,False,44,1.0,50,0.188,0.1,0.088,0.9486616253852844,0.16630996763706207,0,False
430,43.192001656861976,43.14,0.09999999999999432,171,1.165988208433147,0.29777102721710924,1.6927489505371536,4.1395214427192695,0.6969246864318848,0.002775445767830581,0.08037356833072286,0.002775445767830581,0.0,-0.0,True,True,45,1.0,50,0.008,0.1,0.09,0.9853485226631165,-0.41083288192749023,0,False
431,43.29213308682665,43.239999999999995,0.10000000000000853,170,1.1638096483414988,0.31923969480169895,1.6299502391320433,4.126778713964267,0.6947793364524841,0.002830894908227449,0.08320446323895031,0.002830894908227449,0.0,-0.0,False,False,45,1.0,50,0.028,0.1,0.09,0.987547755241394,-0.406872034072876,0,False
432,43.391980619868264,43.33999999999999,0.09999999999999432,165,1.16336644674229,0.3411151378002649,1.5515356102191473,4.11540857319535,0.6928650736808777,0.002525963961676593,0.0857304272006269,0.002525963961676593,0.0,-0.0,False,False,45,1.0,50,0.048,0.1,0.09,0.9896993637084961,-0.4018971621990204,0,False
433,43.49249458685517,43.44,0.09999999999999432,169,1.1646842441164769,0.363004176301203,1.4712362348790917,4.105645744641245,0.6912214159965515,0.002168887227774153,0.08789931442840106,0.002168887227774153,0.0,-0.0,False,False,45,1.0,50,0.068,0.1,0.09,0.9915119409561157,-0.3967171311378479,0,False
434,43.592412368860096,43.53999999999999,0.10000000000000853,163,1.167736391303904,0.3847552149407123,1.3915801410142628,4.097554662403954,0.6898592114448547,0.0017974959640104583,0.08969681039241152,0.0017974959640104583,0.0,-0.0,False,False,45,1.0,50,0.088,0.1,0.09,0.9928143620491028,-0.39044809341430664,0,False
435,43.69255528901704,43.64,0.09999999999999432,164,1.1724867718057288,0.4062236770527204,1.3135918639378859,4.091186307311436,0.688787043094635,0.0014147789183784022,0.09111158931078993,0.0014147789183784022,0.0,-0.0,False,False,45,1.0,50,0.108,0.1,0.09,0.9939133524894714,-0.38788706064224243,0,False
436,43.79285390791483,43.739999999999995,0.10000000000000853,163,1.178892091225299,0.42728084570352676,1.2360176223436954,4.086574312548804,0.688010573387146,0.0010245900027638201,0.09213617931355375,0.0010245900027638201,0.0,-0.0,False,False,45,1.0,50,0.128,0.1,0.09,0.9948495030403137,-0.39018774032592773,0,False
437,43.89285184885375,43.83999999999999,0.09999999999999432,164,1.1869220970209187,0.4477959410278496,1.1580344953008435,4.083761870206412,0.6875370740890503,0.0006248056330663696,0.09276098494662012,0.0006248056330663696,0.0,-0.0,False,False,45,1.0,50,0.148,0.1,0.09,0.9955404996871948,-0.39033448696136475,0,False
438,43.99266955186613,43.94,0.09999999999999432,166,1.1965310960588096,0.46763753371583255,1.080115553972165,4.082776240865875,0.6873711347579956,0.00021896511612008642,0.09297995006274021,0.00021896511612008642,0.0,-0.0,False,False,45,1.0,50,0.168,0.1,0.09,0.9959839582443237,-0.38806793093681335,0,False
439,44.092655713902786,44.03999999999999,0.10000000000000853,162,1.2076557966456472,0.48668186163238836,1.0026180470998998,4.0836216729295245,0.6875134706497192,-0.00018781921598218964,0.09279213084675801,-0.00018781921598218964,0.0,-0.0,False,False,45,1.0,50,0.188,0.1,0.09,0.9962787628173828,-0.38488197326660156,0,False
440,44.193890743888915,44.14,0.10099999999999909,164,1.2201871533224955,0.5047768092658287,0.9267862134477555,4.086273030016909,0.6879598498344421,-0.0005890193084133334,0.09220311153834468,-0.0005890193084133334,0.0,-0.0,True,True,46,1.0,50,0.008,0.1,0.092,0.9433324337005615,0.30311405658721924,0,False
441,44.29397851484828,44.239999999999995,0.09999999999999432,161,1.233197880394912,0.5219263366937733,0.94118270798358,4.089900811573115,0.6885706186294556,-0.0008059394916957314,0.09139717204664895,-0.0008059394916957314,0.0,-0.0,False,False,46,1.0,50,0.028,0.1,0.092,0.9430012106895447,0.3030329942703247,0,False
442,44.394653169903904,44.33999999999999,0.10099999999999909,163,1.2447960482456368,0.5389697306298062,1.0023881608342735,4.092428610959404,0.6889961957931519,-0.0005615700176351752,0.09083560202901378,-0.0005615700176351752,0.0,-0.0,False,False,46,1.0,50,0.048,0.1,0.092,0.9407089948654175,0.3025086522102356,0,False
443,44.495876700850204,44.44,0.10099999999999909,164,1.2553245870945373,0.5566321789478071,1.0637096298644504,4.09382491919183,0.689231276512146,-0.00031020058116979356,0.09052540144784399,-0.00031020058116979356,0.0,-0.0,False,False,46,1.0,50,0.068,0.1,0.092,0.9382749795913696,0.30200615525245667,0,False
444,44.59564001392573,44.53999999999999,0.10000000000000853,162,1.2647458935664464,0.5748481740407163,1.1242130862244475,4.094086195935119,0.6892752647399902,-5.8044632074911185e-05,0.09046735681576908,-5.8044632074911185e-05,0.0,-0.0,False,False,46,1.0,50,0.088,0.1,0.092,0.9357548356056213,0.30156296491622925,0,False
445,44.697038223966956,44.64,0.10099999999999909,168,1.273031719970041,0.5935517297582553,1.1843262541995532,4.093215981524545,0.6891287565231323,0.00019332480439027315,0.09066068162015935,0.00019332480439027315,0.0,-0.0,False,False,46,1.0,50,0.108,0.1,0.092,0.9335199594497681,0.2994436025619507,0,False
446,44.79727287287824,44.739999999999995,0.09999999999999432,165,1.2801653264183939,0.6126748308394047,1.244009439180518,4.09122808326768,0.6887940764427185,0.0004416268415997141,0.09110230846175907,0.0004416268415997141,0.0,-0.0,False,False,46,1.0,50,0.128,0.1,0.092,0.9311513900756836,0.2966039478778839,0,False
447,44.8971110759303,44.83999999999999,0.10000000000000853,164,1.2861373605583875,0.6321403365449609,1.3031774641706864,4.088145867377339,0.688275158405304,0.0006847378954526745,0.09178704635721174,0.0006847378954526745,0.0,-0.0,False,False,46,1.0,50,0.148,0.1,0.092,0.9289945363998413,0.2935880422592163,0,False
448,44.997487713815644,44.94,0.09999999999999432,163,1.2909439813487975,0.6518760957627774,1.3617864814611274,4.0839937621669185,0.6875761151313782,0.0009224220121604028,0.09270946836937215,0.0009224220121604028,0.0,-0.0,False,False,46,1.0,50,0.168,0.1,0.092,0.9267762303352356,0.2905845642089844,0,False
449,45.09737532585859,45.03999999999999,0.09999999999999432,162,1.2945846922020077,0.6718097915699837,1.4197906326689829,4.078798674184508,0.6867014765739441,0.0011541286328821498,0.0938635970022543,0.0011541286328821498,0.0,-0.0,False,False,46,1.0,50,0.188,0.1,0.092,0.9243346452713013,0.2877226173877716,0,False
450,45.1975426459685,45.14,0.10000000000000853,162,1.2970839003143648,0.6920788897916283,1.4780129858201758,4.0725205976415015,0.6856445074081421,0.0013947228463199186,0.09525831984857422,0.0013947228463199186,0.0,-0.0,True,True,47,5.0,10,0.008,0.5,0.094,0.938567578792572,0.35311388969421387,0,False
451,45.29751238692552,45.239999999999995,0.09999999999999432,166,1.2982458006412532,0.7125289280597741,1.5508360572600117,4.065043763574408,0.6843857169151306,0.001661036022750352,0.09691935587132457,0.001661036022750352,0.0,-0.0,False,False,47,5.0,10,0.028,0.5,0.094,0.933404266834259,0.36216500401496887,0,False
452,45.397666406817734,45.33999999999999,0.10000000000000853,162,1.297950665272422,0.7326782997770205,1.6235415204660333,4.056451723895717,0.6829391717910767,0.0019087875011188466,0.09882814337244342,0.0019087875011188466,0.0,-0.0,True,True,48,5.0,10,0.008,0.5,0.096,0.47284823656082153,0.500309944152832,0,False
453,45.498279712861404,45.44,0.09999999999999432,158,1.2968111359411987,0.7463403661883854,1.696900279909237,4.04981501138936,0.6818218231201172,0.0014743965757129068,0.10030253994815633,0.0014743965757129068,0.0,-0.0,False,False,48,5.0,10,0.028,0.5,0.096,0.4806518256664276,0.49666428565979004,0,False
454,45.59778819885105,45.53999999999999,0.09999999999999432,163,1.294902902543016,0.7569643252894558,1.7992572887791214,4.043745106560519,0.6807999014854431,0.00134847590369107,0.1016510158518474,0.00134847590369107,0.0,-0.0,True,True,49,5.0,10,0.008,0.5,0.098,0.827081024646759,0.4970076084136963,0,False
455,45.6978434198536,45.64,0.10000000000000853,160,1.290236376568834,0.7732547471106417,1.899442475278599,4.032883003903551,0.6789711713790894,0.002413099399309006,0.1040641152511564,0.002413099399309006,0.0,-0.0,False,False,49,5.0,10,0.028,0.5,0.098,0.8308461904525757,0.48957347869873047,0,False
456,45.79799871984869,45.739999999999995,0.09999999999999432,164,1.2835876493305067,0.7901119790133766,1.9954893843137458,4.020019549715675,0.6768054962158203,0.0028577149889014147,0.10692183024005782,0.0028577149889014147,0.0,-0.0,True,True,50,5.0,10,0.008,0.5,0.1,0.8944936990737915,0.29806840419769287,0,False
457,45.89840702689253,45.83999999999999,0.10000000000000853,158,1.2750671508750722,0.807630526569285,2.051177791985486,4.005216345830672,0.6743132472038269,0.0032886452587367622,0.11021047549879458,0.0032886452587367622,0.0,-0.0,False,False,50,5.0,10,0.028,0.5,0.1,0.8909798860549927,0.28977036476135254,0,False
458,45.99800099199638,45.94,0.09999999999999432,163,1.2654955546529914,0.8247116207205932,2.1090031368106845,3.989660466666223,0.671694278717041,0.00345585784381962,0.1136663333426142,0.00345585784381962,0.0,-0.0,True,True,51,5.0,10,0.008,0.5,0.102,0.9631881713867188,0.14901678264141083,0,False
459,46.09815167193301,46.03999999999999,0.09999999999999432,159,1.2544359890852559,0.8426029615590033,2.1386206202530396,3.972453729163081,0.6687973737716675,0.0038226086830679775,0.11748894202568218,0.0038226086830679775,0.0,-0.0,False,False,51,5.0,10,0.028,0.5,0.102,0.9624126553535461,0.1460724025964737,0,False
460,46.19834922184236,46.14,0.10000000000000853,156,1.242844391443176,0.8601238503047657,2.171755395857137,3.9549379203904382,0.665848433971405,0.003891271235644404,0.12138021326132659,0.003891271235644404,0.0,-0.0,True,True,52,5.0,10,0.008,0.5,0.104,0.9593831300735474,0.3201754093170166,0,False
461,46.29818937391974,46.239999999999995,0.09999999999999432,155,1.2305249187126286,0.8767942170780821,2.242635186013254,3.9371141024488785,0.662847638130188,0.003959697834431783,0.12533991109575837,0.003959697834431783,0.0,-0.0,False,False,52,5.0,10,0.028,0.5,0.104,0.9592914581298828,0.31554609537124634,0,False
462,46.39826485491358,46.33999999999999,0.10000000000000853,154,1.217169386963716,0.892611129181118,2.306424641793747,3.9186905517117476,0.6597458720207214,0.004092933073910048,0.1294328441696684,0.004092933073910048,0.0,-0.0,True,True,53,1.0,50,0.008,0.1,0.106,0.8895655274391174,0.39933449029922485,0,False
463,46.49849049397744,46.44,0.09999999999999432,156,1.2035568011190685,0.9065190244452886,2.387103927682625,3.9007828278241723,0.6567309498786926,0.003978338183756672,0.13341118235342508,0.003978338183756672,0.0,-0.0,False,False,53,1.0,50,0.028,0.1,0.106,0.8984054327011108,0.3960929214954376,0,False
464,46.59863740392029,46.53999999999999,0.09999999999999432,157,1.1887397222629266,0.9194236601867031,2.4655902715323967,3.8821592481440086,0.653595507144928,0.004137371037490454,0.13754855339091554,0.004137371037490454,0.0,-0.0,False,False,53,1.0,50,0.048,0.1,0.106,0.9102623462677002,0.3913775086402893,0,False
465,46.698398537002504,46.64,0.10000000000000853,154,1.1727331355025647,0.9312817540309284,2.543213124404396,3.8628428248505444,0.6503434181213379,0.004291291559130705,0.14183984495004626,0.004291291559130705,0.0,-0.0,False,False,53,1.0,50,0.068,0.1,0.106,0.9104171395301819,0.36841148138046265,0,False
466,46.79850162798539,46.739999999999995,0.09999999999999432,164,1.1559588272123615,0.9418431082689785,2.616255629917936,3.843314335474113,0.6470556259155273,0.004338403665652202,0.14617824861569845,0.004338403665652202,0.0,-0.0,False,False,53,1.0,50,0.088,0.1,0.106,0.8979249596595764,0.3559655249118805,0,False
467,46.89875649684109,46.83999999999999,0.10000000000000853,156,1.1386859105009326,0.9510572633425755,2.6869143975777536,3.8238375349926947,0.643776535987854,0.004326920581258038,0.15050516919695647,0.004326920581258038,0.0,-0.0,False,False,53,1.0,50,0.108,0.1,0.106,0.888310968875885,0.33618849515914917,0,False
468,46.998595559969544,46.94,0.09999999999999432,158,1.1211069201122181,0.958971970598692,2.754443564723366,3.804570322359552,0.6405327320098877,0.00428035903357729,0.15478552823053376,0.00428035903357729,0.0,-0.0,False,False,53,1.0,50,0.128,0.1,0.106,0.877418577671051,0.3181079626083374,0,False
469,47.09869086998515,47.03999999999999,0.09999999999999432,159,1.1032875394363826,0.9655555515126784,2.8204954621957303,3.7855849204142924,0.6373363733291626,0.004217752628249894,0.15900328085878365,0.004217752628249894,0.0,-0.0,False,False,53,1.0,50,0.148,0.1,0.106,0.8858644962310791,0.3023430407047272,0,False
470,47.198992199031636,47.14,0.10000000000000853,156,1.0847882961865927,0.9710845770659343,2.8821450015607972,3.766370812810273,0.6341015100479126,0.004268561344131228,0.16327184220291488,0.004268561344131228,0.0,-0.0,False,False,53,1.0,50,0.168,0.1,0.106,0.8939592242240906,0.2875497043132782,0,False
471,47.2986279129982,47.239999999999995,0.09999999999999432,159,1.0657173992372022,0.9755807760092541,2.9390170219716527,3.7470211103652247,0.6308438181877136,0.00429868477785028,0.16757052698076516,0.00429868477785028,0.0,-0.0,False,False,53,1.0,50,0.188,0.1,0.106,0.9007077813148499,0.27367347478866577,0,False
472,47.399694424821064,47.33999999999999,0.10099999999999909,155,1.046355976596955,0.9790228438810125,2.9932410797651956,3.7278070027612054,0.6276089549064636,0.004268561344131228,0.1718390883248964,0.004268561344131228,0.0,-0.0,True,True,54,1.0,50,0.008,0.1,0.108,0.35189786553382874,-0.9999995231628418,0,False
473,47.49986382503994,47.44,0.10000000000000853,153,1.0272258527303804,0.9817434725745338,2.979550328495089,3.7090874799950915,0.6244573593139648,0.0041586855297564345,0.17599777385465282,0.0041586855297564345,0.0,-0.0,False,False,54,1.0,50,0.028,0.1,0.108,0.363089919090271,-0.999999463558197,0,False
474,47.601000025868416,47.53999999999999,0.10099999999999909,164,1.0111322573743364,0.9850881337310015,2.8781336718159602,3.6929389487056214,0.621738612651825,0.0035875200580382923,0.1795852939126911,0.0035875200580382923,0.0,-0.0,False,False,54,1.0,50,0.048,0.1,0.108,0.4337824881076813,-0.9999985694885254,0,False
475,47.701214524917305,47.64,0.09999999999999432,165,0.999431250987539,0.9892187380839775,2.7031258548896253,3.680548483310474,0.6196525692939758,0.0027526369015680556,0.18233793081425914,0.0027526369015680556,0.0,-0.0,False,False,54,1.0,50,0.068,0.1,0.108,0.5247503519058228,-0.9999968409538269,0,False
476,47.80130385584198,47.739999999999995,0.10000000000000853,161,0.9892189194881328,0.9953148822315961,2.5018276565684126,3.668779700789601,0.6176711916923523,0.002614525283785603,0.18495245609804475,0.002614525283785603,0.0,-0.0,False,False,54,1.0,50,0.088,0.1,0.108,0.5336210131645203,-0.9999977946281433,0,False
477,47.901366306934506,47.83999999999999,0.09999999999999432,160,0.9803501130795433,1.0033656565218945,2.3010880969604735,3.6575065652072163,0.6157732605934143,0.002504413515621762,0.1874568696136665,0.002504413515621762,0.0,-0.0,False,False,54,1.0,50,0.108,0.1,0.108,0.5112953186035156,-0.9999988079071045,0,False
478,48.00163440499455,47.94,0.09999999999999432,162,0.9737203866458857,1.0123496655240651,2.1011896423626877,3.647953324501385,0.6141648888587952,0.002122325680093602,0.1895791952937601,0.002122325680093602,0.0,-0.0,False,False,54,1.0,50,0.128,0.1,0.108,0.4209168255329132,-0.9999991059303284,0,False
479,48.101217980030924,48.03999999999999,0.10000000000000853,158,0.9699415424896651,1.0203849787200079,1.901536564536482,3.64140689054454,0.6130627393722534,0.0014543405036543246,0.19103353579741442,0.0014543405036543246,0.0,-0.0,False,False,54,1.0,50,0.148,0.1,0.108,0.2668367624282837,-0.9999991655349731,0,False
480,48.20144781982526,48.14,0.09999999999999432,160,0.9685602951119384,1.0259526411416888,1.7017328540716814,3.6380219759881935,0.6124928593635559,0.0007519847252955065,0.19178552052270992,0.0007519847252955065,0.0,-0.0,False,False,54,1.0,50,0.168,0.1,0.108,0.17268139123916626,-0.9999994039535522,0,False
481,48.302603280870244,48.25999999999999,0.10099999999999909,153,0.9684236083961963,1.0303156349930596,1.461934966195182,3.636419266209239,0.6122230291366577,0.000356054267483892,0.1921415747901938,0.000356054267483892,0.0,-0.0,False,False,54,1.0,50,0.188,0.1,0.108,0.09521907567977905,-0.9999997019767761,0,False
482,48.4029881588649,48.36,0.10000000000000853,152,0.9701257834400083,1.037124816768432,1.2619067542574118,3.6352683032113644,0.6120292544364929,0.0002556952559288195,0.19239727004612261,0.0002556952559288195,0.0,-0.0,True,True,55,1.0,50,0.012,0.1,0.11,0.9854617118835449,-0.6760046482086182,0,False
483,48.50272077182308,48.459999999999994,0.09999999999999432,163,0.9775382244269721,1.0544449272194518,1.0873636142627048,3.635328488911038,0.6120393872261047,-1.3370714705655786e-05,0.19238389933141695,-1.3370714705655786e-05,0.0,-0.0,False,False,55,1.0,50,0.028,0.1,0.11,0.9898483157157898,-0.6473172903060913,0,False
484,48.6030479199253,48.55999999999999,0.09999999999999432,167,0.9889342393992175,1.0732090474579727,0.9603265380689378,3.639402352711883,0.6127252578735352,-0.0009050400830431095,0.19147885924837385,-0.0009050400830431095,0.0,-0.0,False,False,55,1.0,50,0.052,0.1,0.11,0.9924758076667786,-0.639971137046814,0,False
485,48.70310926088132,48.66,0.10000000000000853,159,1.0027036103681808,1.0904551151494672,0.8328753955765698,3.645997643295522,0.6138356328010559,-0.0014651943779447887,0.19001366487042906,-0.0014651943779447887,0.0,-0.0,False,False,55,1.0,50,0.072,0.1,0.11,0.9942274689674377,-0.6333352327346802,0,False
486,48.80332741001621,48.75999999999999,0.09999999999999432,160,1.0185670483410028,1.1058431049892978,0.7072541207560455,3.6553306751472534,0.6154069304466248,-0.0020734045945236617,0.1879402602759054,-0.0020734045945236617,0.0,-0.0,False,False,55,1.0,50,0.092,0.1,0.11,0.99546879529953,-0.6120112538337708,0,False
487,48.90322450292297,48.86,0.10000000000000853,154,1.0362131259534433,1.1191781589989451,0.5873860282141694,3.6671603514348545,0.6173985600471497,-0.0026280533010170602,0.18531220697488834,-0.0026280533010170602,0.0,-0.0,False,False,55,1.0,50,0.112,0.1,0.11,0.9965088367462158,-0.5775514245033264,0,False
488,49.002597668906674,48.94,0.09999999999999432,161,1.0513830871730128,1.1283115253531852,0.496719024885893,3.678211153961975,0.6192590594291687,-0.002455020522474121,0.18285718645241422,-0.002455020522474121,0.0,-0.0,False,False,55,1.0,50,0.128,0.1,0.11,0.9974765777587891,-0.5544231534004211,0,False
489,49.10291190794669,49.05999999999999,0.09999999999999432,166,1.075218497261895,1.1393034041442593,0.36049090186008464,3.6935886002285683,0.6218479871749878,-0.0034162176072806494,0.17944096884513358,-0.0034162176072806494,0.0,-0.0,False,False,55,1.0,50,0.148,0.1,0.11,0.9981167316436768,-0.5522527098655701,0,False
490,49.20450626499951,49.16,0.10099999999999909,163,1.0958308313430083,1.1457594337091421,0.2424313939730525,3.714020937200686,0.6252879500389099,-0.004539200340025198,0.17490176850510838,-0.004539200340025198,0.0,-0.0,False,False,55,1.0,50,0.172,0.1,0.11,0.9985906481742859,-0.5482190847396851,0,False
491,49.30483587295748,49.25999999999999,0.1010000000000133,153,1.1175027584902006,1.1498645483787862,0.13170387300656072,3.7330502393033544,0.6284916996955872,-0.004227505384858663,0.17067426312024972,-0.004227505384858663,0.0,-0.0,False,False,55,1.0,50,0.192,0.1,0.11,0.9989803433418274,-0.5481202006340027,0,False
492,49.40531579987146,49.36,0.09999999999999432,158,1.1389773597994985,1.1514863976763923,0.019585066775794663,3.7527518510747297,0.6318086385726929,-0.004376864133246626,0.1662973989870031,-0.004376864133246626,0.0,-0.0,True,True,56,1.0,50,0.012,0.1,0.112,0.999672532081604,0.33663374185562134,0,False
493,49.50505576399155,49.459999999999994,0.09999999999999432,159,1.1603220157029925,1.151488670731728,0.008824073067515217,3.7728864458502267,0.6351984739303589,-0.004473054627863865,0.16182434435913923,-0.004473054627863865,0.0,-0.0,False,False,56,1.0,50,0.032,0.1,0.112,0.9996827244758606,0.3298184871673584,0,False
494,49.60554288094863,49.55999999999999,0.10000000000000853,162,1.1825569150245046,1.1524863864463617,0.08340743554621789,3.793547842514631,0.6386770009994507,-0.0045900877071693835,0.15723425665196986,-0.0045900877071693835,0.0,-0.0,False,False,56,1.0,50,0.052,0.1,0.112,0.9996092915534973,0.3628672659397125,0,False
495,49.70510033494793,49.66,0.09999999999999432,167,1.2042998825346256,1.155092939873257,0.15733277829775225,3.813236355045489,0.6419917345046997,-0.004373954036516486,0.15286030261545336,-0.004373954036516486,0.0,-0.0,False,False,56,1.0,50,0.072,0.1,0.112,0.9995151162147522,0.3889409303665161,0,False
496,49.80564987193793,49.75999999999999,0.10000000000000853,164,1.2257397570396131,1.1593342561621962,0.23637347342279108,3.8321325405418207,0.6451730728149414,-0.004197932509980458,0.1486623701054729,-0.004197932509980458,0.0,-0.0,False,False,56,1.0,50,0.092,0.1,0.112,0.9993810057640076,0.41116517782211304,0,False
497,49.90559803391807,49.86,0.09999999999999432,161,1.2467458252133858,1.165293129648931,0.3192758843048616,3.850098325927905,0.6481977701187134,-0.003991236990884529,0.14467113311458837,-0.003991236990884529,0.0,-0.0,False,False,56,1.0,50,0.112,0.1,0.112,0.9992072582244873,0.42446309328079224,0,False
498,50.00573850283399,49.959999999999994,0.09999999999999432,168,1.267158908798004,1.1729892350286013,0.40472529820399805,3.8669896195580526,0.651041567325592,-0.003752530407758055,0.14091860270683032,-0.003752530407758055,0.0,-0.0,False,False,56,1.0,50,0.132,0.1,0.112,0.9990085363388062,0.43293052911758423,0,False
499,50.105329817859456,50.05999999999999,0.10000000000000853,160,1.2868170163006212,1.1824070029922413,0.491707290578741,3.8826733048259263,0.6536820530891418,-0.0034842509497532777,0.13743435175707705,-0.0034842509497532777,0.0,-0.0,False,False,56,1.0,50,0.152,0.1,0.112,0.9987740516662598,0.4389900267124176,0,False
500,50.205534596927464,50.16,0.09999999999999432,158,1.3055595518352832,1.1935018647817361,0.5794817848146211,3.897025824030432,0.6560984253883362,-0.0031885222009706386,0.13424582955610642,-0.0031885222009706386,0.0,-0.0,False,False,56,1.0,50,0.172,0.1,0.112,0.9985108375549316,0.4363440275192261,0,False
501,50.30548896896653,50.25999999999999,0.10000000000000853,162,1.3232516542688681,1.2061888818268833,0.66664236313987,3.909960084923807,0.6582760214805603,-0.002873445241496362,0.13137238431461007,-0.002873445241496362,0.0,-0.0,False,False,56,1.0,50,0.192,0.1,0.112,0.9981949925422668,0.4345300495624542,0,False
502,50.406311022816226,50.36,0.09999999999999432,155,1.3397802317120764,1.2203379693320833,0.7414322199208854,3.921422982476927,0.6602059006690979,-0.0025465705925759243,0.12882581372203414,-0.0025465705925759243,0.0,-0.0,True,True,57,1.0,50,0.012,0.1,0.114,0.9993259906768799,0.2662910521030426,0,False
503,50.50549666094594,50.459999999999994,0.10000000000000853,163,1.355593895946792,1.2354432744314998,0.7927675329421028,3.932006814781286,0.6619877815246582,-0.0023512795066112087,0.12647453421542293,-0.0023512795066112087,0.0,-0.0,False,False,57,1.0,50,0.032,0.1,0.114,0.999236524105072,0.2628138065338135,0,False
504,50.50778870098293,50.459999999999994,0.0,1,1.355593895946792,1.2354432744314998,0.7927675329421028,3.932006814781286,0.6619877815246582,-1.5,-1.373525465784577,0.0,-1.5,-0.0,False,False,57,1.0,50,0.032,0.1,0.114,0.9992367029190063,0.2628220021724701,4,True
