ppo_step,t_wall_s,t_sim_s,ppo_step_sim_dt,inner_ticks,x,y,yaw,goal_distance_m,goal_distance_norm,ppo_reward,ppo_reward_cumulative,navigation_reward,terminal_reward,frame_cost_reward,fresh_observation,frame_consumed,episode_frame_count,current_fps,scan_divisor_k,obs_age_ratio,fps_ratio,frame_count_ratio,action_linear,action_angular,outcome,done
1,0.09102598996832967,0.0800000000000125,0.09999999999999432,89,1.989363060595371,-0.8191498483163318,-1.427220217714914,4.268696593794514,0.7186724543571472,-0.0006768932657336683,-0.0006768932657336683,-0.0006768932657336683,0.0,-0.0,False,False,1,10.0,5,0.016,1.0,0.002,0.9977763295173645,-0.5084728002548218,0,False
2,0.1914968998171389,0.18000000000000682,0.10000000000000853,164,1.9915943087611403,-0.8359941975934773,-1.4633107961207954,4.274149064151411,0.719590425491333,-0.0037781796451156723,-0.00445507291084934,-0.0012781796451156722,0.0,-0.0025,True,True,2,1.0,50,0.016,0.1,0.004,0.998546302318573,-0.5099320411682129,0,False
3,0.2911245748400688,0.28000000000000114,0.09999999999999432,163,1.9929461824455088,-0.8574514600903845,-1.559614066940851,4.279721905907655,0.7205286622047424,-0.0013063973634028722,-0.005761470274252212,-0.0013063973634028722,0.0,-0.0,False,False,2,1.0,50,0.036,0.1,0.004,0.998847484588623,-0.5290660262107849,0,False
4,0.3911261879839003,0.38000000000000966,0.10000000000000853,163,1.992050477703307,-0.8795909932668605,-1.6643074338328963,4.283335880156288,0.7211371064186096,-0.0008471954949251033,-0.006608665769177315,-0.0008471954949251033,0.0,-0.0,False,False,2,1.0,50,0.056,0.1,0.004,0.9988696575164795,-0.5562453269958496,0,False
5,0.49166732700541615,0.480000000000004,0.09999999999999432,165,1.9887646055368455,-0.9015211507856296,-1.7770709777757563,4.284680853527228,0.7213635444641113,-0.0003152915052135068,-0.006923957274390822,-0.0003152915052135068,0.0,-0.0,False,False,2,1.0,50,0.076,0.1,0.004,0.9989939332008362,-0.6100722551345825,0,False
6,0.5917742890305817,0.5800000000000125,0.09999999999999432,163,1.9829174485287486,-0.9229360219740803,-1.9007006244700595,4.283527766328189,0.7211694121360779,0.0002703091425323452,-0.006653648131858477,0.0002703091425323452,0.0,-0.0,False,False,2,1.0,50,0.096,0.1,0.004,0.9989043474197388,-0.6522234678268433,0,False
7,0.6912892647087574,0.6800000000000068,0.10000000000000853,163,1.9743886795954504,-0.9434435510972984,-2.0317650552351103,4.279673757347916,0.720520555973053,0.0009034649449211866,-0.00575018318693729,0.0009034649449211866,0.0,-0.0,False,False,2,1.0,50,0.116,0.1,0.004,0.9984762668609619,-0.6813051700592041,0,False
8,0.7917858539149165,0.7800000000000011,0.09999999999999432,165,1.963201752335796,-0.9626323694456691,-2.1683669873366145,4.2730444795456375,0.7194044589996338,0.001554049338016424,-0.004196133848920866,0.001554049338016424,0.0,-0.0,False,False,2,1.0,50,0.136,0.1,0.004,0.9978842735290527,-0.69446861743927,0,False
9,0.8917830269783735,0.8800000000000097,0.10000000000000853,164,1.9494925347472511,-0.9800958832610294,-2.3066638843851974,4.263669317704134,0.7178260684013367,0.002197745288118386,-0.0019983885608024802,0.002197745288118386,0.0,-0.0,False,False,2,1.0,50,0.156,0.1,0.004,0.9963347315788269,-0.6951743960380554,0,False
10,0.9914858220145106,0.980000000000004,0.09999999999999432,163,1.9335399669093412,-0.995473262710061,-2.444678958171503,4.251719624050714,0.7158142328262329,0.002801272486305376,0.0008028839255028956,0.002801272486305376,0.0,-0.0,False,False,2,1.0,50,0.176,0.1,0.004,0.991916298866272,-0.6766402721405029,0,False
11,1.0920456009916961,1.0800000000000125,0.09999999999999432,164,1.915757231704518,-1.0084668900208202,-2.578514532259519,4.23750659405604,0.7134213447570801,0.0033318485833916875,0.004134732508894583,0.0033318485833916875,0.0,-0.0,False,False,2,1.0,50,0.196,0.1,0.004,0.9808260202407837,-0.6512463688850403,0,False
12,1.1916379169560969,1.1800000000000068,0.10000000000000853,161,1.8986305333100897,-1.0179546492479674,-2.6919929138550893,4.223150888549786,0.7110044360160828,0.0008652948788908689,0.005000027387785452,0.003365294878890869,0.0,-0.0025,True,True,3,1.0,50,0.016,0.1,0.006,0.406009703874588,-0.6721243262290955,0,False
13,1.2917098887264729,1.2800000000000011,0.09999999999999432,163,1.8882798344702738,-1.0223793558076746,-2.8024820639395807,4.214177554761987,0.7094936966896057,0.002103547905012733,0.007103575292798185,0.002103547905012733,0.0,-0.0,False,False,3,1.0,50,0.036,0.1,0.006,0.44330620765686035,-0.4932267665863037,0,False
14,1.391966720111668,1.3800000000000097,0.10000000000000853,160,1.8785906491416429,-1.0252435474291934,-2.896302230492987,4.205475764689773,0.7080286741256714,0.002039892052288841,0.009143467345087026,0.002039892052288841,0.0,-0.0,False,False,3,1.0,50,0.056,0.1,0.006,0.4934580326080322,-0.3486552834510803,0,False
15,1.492166930809617,1.480000000000004,0.09999999999999432,161,1.8676139819537176,-1.0275973160861585,-2.9636203903548792,4.195407051167914,0.7063335180282593,0.0023603291414253788,0.011503796486512403,0.0023603291414253788,0.0,-0.0,False,False,3,1.0,50,0.076,0.1,0.006,0.5368969440460205,-0.2782115638256073,0,False
16,1.5918016359210014,1.5800000000000125,0.09999999999999432,161,1.8558260666571682,-1.0293872258731005,-3.015792768756632,4.184419266608687,0.7044836282730103,0.002575779719876084,0.014079576206388488,0.002575779719876084,0.0,-0.0,False,False,3,1.0,50,0.096,0.1,0.006,0.5423886179924011,-0.21636641025543213,0,False
17,1.6919361879117787,1.6800000000000068,0.10000000000000853,161,1.8438707144464686,-1.030638217334277,-3.0570619106530548,4.173140820523391,0.7025848031044006,0.0026439172102103647,0.01672349341659885,0.0026439172102103647,0.0,-0.0,False,False,3,1.0,50,0.116,0.1,0.006,0.5465766787528992,-0.1726871132850647,0,False
18,1.7920572799630463,1.7800000000000011,0.09999999999999432,161,1.831774485221249,-1.0314509130293328,-3.0898796266362827,4.161621985672927,0.7006455063819885,0.002700269653495606,0.019423763070094458,0.002700269653495606,0.0,-0.0,False,False,3,1.0,50,0.136,0.1,0.006,0.5542228817939758,-0.13202351331710815,0,False
19,1.8921602410264313,1.8800000000000097,0.10000000000000853,160,1.819506054374275,-1.0319221870150614,-3.114740804568068,4.149854619286164,0.6986643671989441,0.0027585309424294087,0.022182294012523866,0.0027585309424294087,0.0,-0.0,False,False,3,1.0,50,0.156,0.1,0.006,0.5625739693641663,-0.09950784593820572,0,False
20,1.9924166020937264,1.980000000000004,0.09999999999999432,162,1.807062126001365,-1.032130101406398,-3.1337758215654445,4.137854298838312,0.6966440081596375,0.0028131405266437815,0.02499543453916765,0.0028131405266437815,0.0,-0.0,False,False,3,1.0,50,0.176,0.1,0.006,0.5698524117469788,-0.08132189512252808,0,False
21,2.092393795028329,2.0800000000000125,0.09999999999999432,160,1.7944727484103502,-1.032126627606591,3.1338190250528024,4.125663154319142,0.6945915222167969,0.0028578739094578844,0.027853308448625533,0.0028578739094578844,0.0,-0.0,False,False,3,1.0,50,0.196,0.1,0.006,0.5755268335342407,-0.06626886874437332,0,False
22,2.192378798034042,2.180000000000007,0.10000000000000853,159,1.7821546989824377,-1.0318088609138516,3.0669602220421264,4.11365858546896,0.6925704479217529,0.00031413644611284937,0.02816744489473838,0.0028141364461128494,0.0,-0.0025,True,True,4,1.0,50,0.016,0.1,0.008,0.9823362231254578,-0.9875005483627319,0,False
23,2.2926914878189564,2.280000000000001,0.09999999999999432,161,1.7647091400555126,-1.029260767658543,2.9268744107181885,4.0961318016569646,0.6896196603775024,0.004108665769177316,0.0322761106639157,0.004108665769177316,0.0,-0.0,False,False,4,1.0,50,0.036,0.1,0.008,0.9631349444389343,-0.9879994988441467,0,False
24,2.392423392739147,2.3800000000000097,0.10000000000000853,159,1.7446362707686103,-1.022703309467569,2.7266749575407028,4.07505547769834,0.6860712766647339,0.004940756485489752,0.03721686714940545,0.004940756485489752,0.0,-0.0,False,False,4,1.0,50,0.056,0.1,0.008,0.9387791156768799,-0.9853744506835938,0,False
25,2.492412894964218,2.480000000000004,0.09999999999999432,160,1.7263919587916436,-1.0124738407269918,2.5300651897840774,4.054831312440387,0.6826663613319397,0.004740991638675198,0.04195785878808064,0.004740991638675198,0.0,-0.0,False,False,4,1.0,50,0.076,0.1,0.008,0.9208269715309143,-0.9763470888137817,0,False
26,2.5928732440806925,2.5800000000000125,0.09999999999999432,160,1.7107762329250213,-0.9991543505386105,2.336394318373564,4.036394308429212,0.6795623302459717,0.004322041515400935,0.04627990030348158,0.004322041515400935,0.0,-0.0,False,False,4,1.0,50,0.096,0.1,0.008,0.903583824634552,-0.9667062759399414,0,False
27,2.693018766120076,2.680000000000007,0.10000000000000853,160,1.6982368215336727,-0.9833728881076961,2.144678176732509,4.020357297700902,0.676862359046936,0.003759430008730094,0.05003933031221167,0.003759430008730094,0.0,-0.0,False,False,4,1.0,50,0.116,0.1,0.008,0.8897957801818848,-0.957619845867157,0,False
28,2.792918528895825,2.780000000000001,0.09999999999999432,160,1.6890577145584789,-0.9657583988519645,1.954615068887855,4.007175921405338,0.6746431589126587,0.003090006139013601,0.05312933645122527,0.003090006139013601,0.0,-0.0,False,False,4,1.0,50,0.136,0.1,0.008,0.8822214007377625,-0.9429453015327454,0,False
29,2.8926753727719188,2.8800000000000097,0.10000000000000853,160,1.6833942462717129,-0.9468797323277491,1.7676871871177955,3.997165623415516,0.6729578375816345,0.00234663524872705,0.055475971699952324,0.00234663524872705,0.0,-0.0,False,False,4,1.0,50,0.156,0.1,0.008,0.8722718358039856,-0.9171767830848694,0,False
30,2.9930378631688654,2.980000000000004,0.09999999999999432,162,1.681311659576655,-0.9275150173280223,1.5862348361241672,3.9905968853464384,0.6718519330024719,0.0015398574855838736,0.057015829185536195,0.0015398574855838736,0.0,-0.0,False,False,4,1.0,50,0.176,0.1,0.008,0.8636482357978821,-0.887894332408905,0,False
31,3.093016605824232,3.0800000000000125,0.09999999999999432,160,1.6826849314203407,-0.9082822900607076,1.4113121897209984,3.9875079428190747,0.6713318824768066,0.0007241164472200242,0.057739945632756216,0.0007241164472200242,0.0,-0.0,False,False,4,1.0,50,0.196,0.1,0.008,0.8538820147514343,-0.820124626159668,0,False
32,3.192916128784418,3.180000000000007,0.10000000000000853,158,1.6876134451418983,-0.8883675320644008,1.251087193518018,3.9878233866920696,0.6713849902153015,-0.002573947020569954,0.05516599861218626,-7.394702056995426e-05,0.0,-0.0025,True,True,5,1.0,50,0.016,0.1,0.01,0.8544952869415283,0.27444934844970703,0,False
33,3.2931804601103067,3.280000000000001,0.09999999999999432,161,1.6949735287739982,-0.8684078638693407,1.2044619232530807,3.9906078603857904,0.67185378074646,-0.0006527422186114813,0.05451325639357478,-0.0006527422186114813,0.0,-0.0,False,False,5,1.0,50,0.036,0.1,0.01,0.858096718788147,0.2731150686740875,0,False
34,3.3931032228283584,3.3800000000000097,0.10000000000000853,156,1.7016303873306342,-0.850016363849165,1.2541475232988144,3.993150175146707,0.672281801700592,-0.0005959748088809684,0.05391728158469381,-0.0005959748088809684,0.0,-0.0,False,False,5,1.0,50,0.056,0.1,0.01,0.8552517294883728,0.2742258906364441,0,False
35,3.493317893706262,3.480000000000004,0.09999999999999432,156,1.7070137952326652,-0.8321133346901661,1.3071825720211876,3.994642426465084,0.6725330352783203,-0.0003498167134708101,0.053567464871223,-0.0003498167134708101,0.0,-0.0,False,False,5,1.0,50,0.076,0.1,0.01,0.8523227572441101,0.2752402424812317,0,False
36,3.5932561168447137,3.5800000000000125,0.09999999999999432,157,1.7113925081837098,-0.814009870003923,1.361578104928033,3.9951975510361906,0.6726264953613281,-0.00013013347727687912,0.053437331393946116,-0.00013013347727687912,0.0,-0.0,False,False,5,1.0,50,0.096,0.1,0.01,0.8489663600921631,0.2773730456829071,0,False
37,3.693570336792618,3.680000000000007,0.10000000000000853,160,1.7147591617467552,-0.7957638926117777,1.4170000719241584,3.994819089195302,0.6725627779960632,8.87198260261967e-05,0.053526051219972316,8.87198260261967e-05,0.0,-0.0,False,False,5,1.0,50,0.116,0.1,0.01,0.8462026715278625,0.2798849046230316,0,False
38,3.793744927737862,3.780000000000001,0.09999999999999432,159,1.7170961440211983,-0.7774145753924968,1.4729386478389213,3.9934967739701213,0.6723401546478271,0.0003099799347124713,0.053836031154684785,0.0003099799347124713,0.0,-0.0,False,False,5,1.0,50,0.136,0.1,0.01,0.8431968092918396,0.2828470468521118,0,False
39,3.8934073727577925,3.8800000000000097,0.10000000000000853,157,1.7183937519200891,-0.7590359202617409,1.5293639163796204,3.991233437628868,0.6719591021537781,0.0005305760970862075,0.05436660725177099,0.0005305760970862075,0.0,-0.0,False,False,5,1.0,50,0.156,0.1,0.01,0.839381992816925,0.2855057418346405,0,False
40,3.9935368639416993,3.980000000000004,0.09999999999999432,159,1.7186452514428736,-0.7406888901003977,1.5862728270971498,3.9880322664732897,0.671420156955719,0.0007504253198582471,0.05511703257162924,0.0007504253198582471,0.0,-0.0,False,False,5,1.0,50,0.176,0.1,0.01,0.8366965651512146,0.2879871129989624,0,False
41,4.093452087137848,4.0800000000000125,0.09999999999999432,159,1.7178488225311983,-0.722418425958693,1.6437904934245615,3.9838960927716065,0.6707237958908081,0.00096961059631754,0.05608664316794678,0.00096961059631754,0.0,-0.0,False,False,5,1.0,50,0.196,0.1,0.01,0.8341739177703857,0.2934553623199463,0,False
42,4.193398779723793,4.180000000000007,0.10000000000000853,159,1.715911941151096,-0.7037692409546613,1.7108145878626537,3.978650377994765,0.6698406338691711,-0.0012702884357068103,0.05481635473223997,0.0012297115642931897,0.0,-0.0025,True,True,6,1.0,50,0.016,0.1,0.012,0.863624095916748,0.3913395404815674,0,False
43,4.2939356081187725,4.280000000000001,0.09999999999999432,160,1.7125360788789876,-0.6852205600249819,1.7890505482761174,3.9720858883280172,0.6687354445457458,0.00153886156611491,0.056355216298354875,0.00153886156611491,0.0,-0.0,False,False,6,1.0,50,0.036,0.1,0.012,0.8656529188156128,0.3942205011844635,0,False
44,4.393766302149743,4.38000000000001,0.10000000000000853,159,1.7077114390981436,-0.6669441089214748,1.8682600204145194,3.964217847213046,0.6674107909202576,0.0018444428565061511,0.05819965915486103,0.0018444428565061511,0.0,-0.0,False,False,6,1.0,50,0.056,0.1,0.012,0.8683539628982544,0.39361289143562317,0,False
45,4.494001812767237,4.480000000000004,0.09999999999999432,160,1.7014515718032583,-0.6490405702125102,1.9468220692039877,3.9550699748961926,0.6658706665039062,0.0021444635965291938,0.06034412275139022,0.0021444635965291938,0.0,-0.0,False,False,6,1.0,50,0.076,0.1,0.012,0.8712477087974548,0.3933919072151184,0,False
46,4.593791617080569,4.5800000000000125,0.09999999999999432,159,1.693783546466237,-0.6316216611070362,2.025057079303436,3.9446794448978446,0.6641213297843933,0.002435770041198622,0.06277989279258885,0.002435770041198622,0.0,-0.0,False,False,6,1.0,50,0.096,0.1,0.012,0.8743648529052734,0.3928089141845703,0,False
47,4.693816509097815,4.680000000000007,0.10000000000000853,157,1.6847473696801754,-0.6147971313304318,2.1031681045576445,3.9330951138447947,0.6621710062026978,0.0027156234119753327,0.06549551620456417,0.0027156234119753327,0.0,-0.0,False,False,6,1.0,50,0.116,0.1,0.012,0.8772155046463013,0.392798513174057,0,False
48,4.793765871785581,4.780000000000001,0.09999999999999432,157,1.6743963929674215,-0.5986813735553684,2.181371525299368,3.9203782295372998,0.6600300073623657,0.0029811189437410723,0.06847663514830525,0.0029811189437410723,0.0,-0.0,False,False,6,1.0,50,0.136,0.1,0.012,0.8795686960220337,0.39319726824760437,0,False
49,4.8939976817928255,4.88000000000001,0.10000000000000853,160,1.6627869167590537,-0.5833822231738621,2.2596648015128378,3.9065914559097252,0.6577088832855225,0.0032319246633398316,0.07170855981164509,0.0032319246633398316,0.0,-0.0,False,False,6,1.0,50,0.156,0.1,0.012,0.8821331858634949,0.3938397765159607,0,False
50,4.994036413729191,4.980000000000004,0.09999999999999432,161,1.6499765210124318,-0.5689942261554287,2.338097974113212,3.8917956867288,0.6552178859710693,0.0034684555372167785,0.07517701534886187,0.0034684555372167785,0.0,-0.0,False,False,6,1.0,50,0.176,0.1,0.012,0.8848839402198792,0.3987269103527069,0,False
51,5.094098235946149,5.0800000000000125,0.09999999999999432,159,1.6360284304253527,-0.5556168220900493,2.4180497446953595,3.87605783433122,0.6525682806968689,0.0036893006794577817,0.07886631602831966,0.0036893006794577817,0.0,-0.0,False,False,6,1.0,50,0.196,0.1,0.012,0.8879732489585876,0.4176120162010193,0,False
52,5.194223886821419,5.180000000000007,0.10000000000000853,159,1.621272196234093,-0.5435076896243204,2.4759997559234463,3.859730870143894,0.6498194932937622,0.0013274015124862663,0.08019371754080593,0.0038274015124862663,0.0,-0.0025,True,True,7,1.0,50,0.016,0.1,0.014,0.7831800580024719,-0.5366579294204712,0,False
53,5.294257448986173,5.280000000000001,0.09999999999999432,160,1.6068518040253172,-0.5315584440127018,2.4067872195911444,3.8437837839315665,0.6471346616744995,0.0037383497133038524,0.08393206725410977,0.0037383497133038524,0.0,-0.0,False,False,7,1.0,50,0.036,0.1,0.014,0.7886775732040405,-0.5117461085319519,0,False
54,5.394466309808195,5.38000000000001,0.10000000000000853,159,1.594458727647551,-0.5190965953893082,2.304807210783559,3.8298012297632895,0.6447805762290955,0.0032778199522007986,0.08720988720631057,0.0032778199522007986,0.0,-0.0,False,False,7,1.0,50,0.056,0.1,0.014,0.7976239919662476,-0.45505741238594055,0,False
55,5.494512042030692,5.480000000000004,0.09999999999999432,159,1.5831776926089995,-0.5053976352775024,2.2154360260668926,3.8167866032591737,0.6425894498825073,0.003050916299857167,0.09026080350616773,0.003050916299857167,0.0,-0.0,False,False,7,1.0,50,0.076,0.1,0.014,0.8066896200180054,-0.3983360230922699,0,False
56,5.594240976963192,5.5800000000000125,0.09999999999999432,159,1.572967127208961,-0.4906667343373322,2.137580428454205,3.8047384882851105,0.640561044216156,0.0028243446206695447,0.09308514812683728,0.0028243446206695447,0.0,-0.0,False,False,7,1.0,50,0.096,0.1,0.014,0.8144598603248596,-0.36740297079086304,0,False
57,5.694431187119335,5.680000000000007,0.10000000000000853,160,1.563810249032533,-0.47507738891283047,2.0654837232938235,3.793674586517473,0.6386983394622803,0.0025936232770282716,0.09567877140386555,0.0025936232770282716,0.0,-0.0,False,False,7,1.0,50,0.116,0.1,0.014,0.8203141093254089,-0.34281641244888306,0,False
58,5.794419849757105,5.780000000000001,0.09999999999999432,158,1.555722055891718,-0.45880534737051837,1.9979033045734498,3.783642338448946,0.63700932264328,0.002351780832650081,0.09803055223651563,0.002351780832650081,0.0,-0.0,False,False,7,1.0,50,0.136,0.1,0.014,0.8188384175300598,-0.32446959614753723,0,False
59,5.894500601105392,5.88000000000001,0.10000000000000853,159,1.5487372396697767,-0.4420837004675022,1.9339847908628205,3.7747143209526652,0.6355062127113342,0.002092924764010662,0.10012347700052629,0.002092924764010662,0.0,-0.0,False,False,7,1.0,50,0.156,0.1,0.014,0.81618732213974,-0.3038123846054077,0,False
60,5.9948976300656796,5.980000000000004,0.09999999999999432,160,1.5428186289449906,-0.42501642424607194,1.874255633203446,3.766872832352256,0.6341860294342041,0.0018382183598252063,0.10196169536035149,0.0018382183598252063,0.0,-0.0,False,False,7,1.0,50,0.176,0.1,0.014,0.816455602645874,-0.2820838689804077,0,False
61,6.09497200185433,6.0800000000000125,0.09999999999999432,160,1.5378934380297848,-0.40763646431518524,1.8186479332069212,3.760055208713352,0.6330382227897644,0.0015982017678068344,0.10355989712815833,0.0015982017678068344,0.0,-0.0,False,False,7,1.0,50,0.196,0.1,0.014,0.8164875507354736,-0.27960899472236633,0,False
62,6.194671225734055,6.180000000000007,0.10000000000000853,159,1.5341178438261802,-0.39007117126006524,1.7143569905996092,3.754436342598534,0.6320922374725342,-0.0011828135090168443,0.10237708361914148,0.0013171864909831557,0.0,-0.0025,True,True,8,1.0,50,0.016,0.1,0.016,0.8781311511993408,-0.9684765934944153,0,False
63,6.295080024749041,6.280000000000001,0.09999999999999432,159,1.5332847728435448,-0.37081469696997305,1.5185053539598425,3.7516554092400884,0.6316240429878235,0.0006519122857206262,0.10302899590486211,0.0006519122857206262,0.0,-0.0,False,False,8,1.0,50,0.036,0.1,0.016,0.8219051361083984,-0.9866774082183838,0,False
64,6.396042299922556,6.38000000000001,0.10099999999999909,160,1.536002899657119,-0.35286352372773594,1.319297544239953,3.752629709507745,0.6317880749702454,-0.00022839753154723296,0.10280059837331489,-0.00022839753154723296,0.0,-0.0,False,False,8,1.0,50,0.056,0.1,0.016,0.7616952061653137,-0.9922916889190674,0,False
65,6.49664155812934,6.480000000000004,0.10099999999999909,159,1.5416959186031527,-0.33711441291983985,1.1213240184950957,3.7568515593230813,0.6324988603591919,-0.000989694972274818,0.10181090340104007,-0.000989694972274818,0.0,-0.0,False,False,8,1.0,50,0.076,0.1,0.016,0.6729040741920471,-0.9957313537597656,0,False
66,6.596762438770384,6.5800000000000125,0.10000000000000853,159,1.5491047420482271,-0.32481505277645667,0.9234852926693097,3.7631491077101002,0.6335591077804565,-0.0014762846261488275,0.10033461877489125,-0.0014762846261488275,0.0,-0.0,False,False,8,1.0,50,0.096,0.1,0.016,0.521571159362793,-0.9969905018806458,0,False
67,6.697108399122953,6.680000000000007,0.09999999999999432,160,1.5568171840969587,-0.31637968575843306,0.7253238892559344,3.7701154254305504,0.6347319483757019,-0.0016330589492202507,0.098701559825671,-0.0016330589492202507,0.0,-0.0,False,False,8,1.0,50,0.116,0.1,0.016,0.4275822341442108,-0.9982728362083435,0,False
68,6.797300138976425,6.780000000000001,0.10000000000000853,160,1.5643175091363741,-0.31087604484004333,0.5266918835608736,3.7771323699454324,0.6359133124351501,-0.0016449269895587606,0.09705663283611224,-0.0016449269895587606,0.0,-0.0,False,False,8,1.0,50,0.136,0.1,0.016,0.31572702527046204,-0.9993922114372253,0,False
69,6.8970459727570415,6.88000000000001,0.09999999999999432,159,1.5704013821216471,-0.3080269804125143,0.32783805043473246,3.7829625940761624,0.6368948817253113,-0.001366733484563656,0.09568989935154858,-0.001366733484563656,0.0,-0.0,False,False,8,1.0,50,0.156,0.1,0.016,0.17923831939697266,-0.9998051524162292,0,False
70,6.997114975005388,6.980000000000004,0.09999999999999432,160,1.573938271847866,-0.3071282397167228,0.1289713137480062,3.7864147750027324,0.6374760866165161,-0.0008092675618157417,0.09488063178973284,-0.0008092675618157417,0.0,-0.0,False,False,8,1.0,50,0.176,0.1,0.016,0.02834669128060341,-0.9999362230300903,0,False
71,7.096980458125472,7.0800000000000125,0.10000000000000853,159,1.5743912007149126,-0.3070487874157498,-0.06987716653129228,3.786859795146789,0.6375510096549988,-0.00010432256437308607,0.09477630922535976,-0.00010432256437308607,0.0,-0.0,False,False,8,1.0,50,0.196,0.1,0.016,-0.0594642236828804,-0.9999768137931824,0,False
72,7.197510376106948,7.180000000000007,0.09999999999999432,160,1.5865004077235514,-0.3095779573192827,-0.25335935765575035,3.7991344915784473,0.6396175622940063,-0.005377460325680629,0.08939884889967914,-0.002877460325680629,0.0,-0.0025,True,True,9,1.0,50,0.016,0.1,0.018,1.0,-0.42534327507019043,0,False
73,7.297085111029446,7.280000000000001,0.10000000000000853,158,1.60734319168949,-0.31595794470567556,-0.3368283854309033,3.820430670357644,0.6432029604911804,-0.004992295318008284,0.08440655358167086,-0.004992295318008284,0.0,-0.0,False,False,9,1.0,50,0.036,0.1,0.018,1.0,-0.4345419108867645,0,False
74,7.397531670052558,7.38000000000001,0.09999999999999432,161,1.627894889417699,-0.32421767524887807,-0.4247165312309437,3.8416008132010537,0.6467671394348145,-0.0049627497070959025,0.07944380387457496,-0.0049627497070959025,0.0,-0.0,False,False,9,1.0,50,0.056,0.1,0.018,1.0,-0.44239673018455505,0,False
75,7.497637320775539,7.480000000000004,0.09999999999999432,160,1.6476532807242044,-0.3342390711556303,-0.5138932884830855,3.8621432546002215,0.6502256393432617,-0.0048156026055577944,0.07462820126901716,-0.0048156026055577944,0.0,-0.0,False,False,9,1.0,50,0.076,0.1,0.018,1.0,-0.4495614767074585,0,False
76,7.597546943929046,7.5800000000000125,0.10000000000000853,158,1.6664498093994569,-0.3459740941033002,-0.6037377203401572,3.88189797140072,0.6535515189170837,-0.004630942537355388,0.06999725873166177,-0.004630942537355388,0.0,-0.0,False,False,9,1.0,50,0.096,0.1,0.018,1.0,-0.45663854479789734,0,False
77,7.697526605799794,7.680000000000007,0.09999999999999432,160,1.6841114070352174,-0.3593655583630905,-0.6947357532151812,3.900700692045794,0.6567171216011047,-0.004407773583020345,0.06558948514864142,-0.004407773583020345,0.0,-0.0,False,False,9,1.0,50,0.116,0.1,0.018,1.0,-0.46259376406669617,0,False
78,7.797575857955962,7.780000000000001,0.10000000000000853,161,1.700476611916665,-0.37432052298689866,-0.7869344875512653,3.91839670388393,0.6596964001655579,-0.004148336561357338,0.06144114858728408,-0.004148336561357338,0.0,-0.0,False,False,9,1.0,50,0.136,0.1,0.018,1.0,-0.46849897503852844,0,False
79,7.897759539075196,7.88000000000001,0.09999999999999432,161,1.7153893229578923,-0.39073050925317865,-0.8803843725424958,3.9348373128335803,0.6624643206596375,-0.00385404235828081,0.057587106229003274,-0.00385404235828081,0.0,-0.0,False,False,9,1.0,50,0.156,0.1,0.018,1.0,-0.47416383028030396,0,False
80,7.997439133003354,7.980000000000018,0.10000000000000853,160,1.7286987560855274,-0.40847109431147843,-0.9749535978700289,3.9498763030478923,0.6649962663650513,-0.0035254719268145588,0.054061634302188716,-0.0035254719268145588,0.0,-0.0,False,False,9,1.0,50,0.176,0.1,0.018,1.0,-0.48008376359939575,0,False
81,8.097500073723495,8.080000000000013,0.09999999999999432,156,1.7402655691750202,-0.42739915314201415,-1.0707561171680249,3.9633777256523084,0.6672693490982056,-0.003165032072341573,0.05089660222984714,-0.003165032072341573,0.0,-0.0,False,False,9,1.0,50,0.196,0.1,0.018,1.0,-0.48736244440078735,0,False
82,8.19785581389442,8.180000000000007,0.09999999999999432,161,1.7500285354133285,-0.44726816534306346,-1.143588725818546,3.9752704199078033,0.6692715883255005,-0.005287910566763681,0.045608691663083456,-0.002787910566763681,0.0,-0.0025,True,True,10,1.0,50,0.016,0.1,0.02,0.9994535446166992,-0.24952933192253113,0,False
83,8.298006894998252,8.280000000000001,0.09999999999999432,160,1.7587415049025634,-0.46757106280530036,-1.1937452814210667,3.986258558500557,0.6711215376853943,-0.002575862713165138,0.04303282894991832,-0.002575862713165138,0.0,-0.0,False,False,10,1.0,50,0.036,0.1,0.02,0.9994370341300964,-0.25086918473243713,0,False
84,8.397917047142982,8.379999999999995,0.10000000000002274,159,1.7664114548160847,-0.4882819553781198,-1.2420100263954783,3.9963531164699226,0.672821044921875,-0.0023663876515281107,0.040666441298390206,-0.0023663876515281107,0.0,-0.0,False,False,10,1.0,50,0.056,0.1,0.02,0.9994211196899414,-0.25189679861068726,0,False
85,8.497987648937851,8.480000000000018,0.09999999999999432,161,1.7730261169533563,-0.5093436076898339,-1.2914856952583789,4.0055420566759645,0.6743680834770203,-0.002154090818062301,0.0385123504803279,-0.002154090818062301,0.0,-0.0,False,False,10,1.0,50,0.076,0.1,0.02,0.9994091987609863,-0.25279003381729126,0,False
86,8.597700003068894,8.580000000000013,0.09999999999999432,160,1.7785726845600616,-0.5307055501794646,-1.3418701883103776,4.013812279878167,0.6757604479789734,-0.0019387232329007543,0.036573627247427146,-0.0019387232329007543,0.0,-0.0,False,False,10,1.0,50,0.096,0.1,0.02,0.9993994235992432,-0.25346851348876953,0,False
87,8.699079974088818,8.680000000000007,0.10099999999999909,163,1.7830366092385372,-0.5523222252837133,-1.3925257257996406,4.0211492707019,0.6769956946372986,-0.0017199529228866287,0.034853674324540514,-0.0017199529228866287,0.0,-0.0,False,False,10,1.0,50,0.116,0.1,0.02,0.9994014501571655,-0.2541622221469879,0,False
88,8.798896766733378,8.780000000000001,0.09999999999999432,160,1.786401938267382,-0.5741406131964149,-1.4431913602256479,4.027534973437265,0.6780707836151123,-0.0014969499551297978,0.033356724369410715,-0.0014969499551297978,0.0,-0.0,False,False,10,1.0,50,0.136,0.1,0.02,0.9994052052497864,-0.2547580301761627,0,False
89,8.89898705901578,8.879999999999995,0.09999999999999432,161,1.7886554569622217,-0.5961047330123362,-1.4939114464543641,4.032953456575522,0.6789830327033997,-0.0012702122893639626,0.03208651208004675,-0.0012702122893639626,0.0,-0.0,False,False,10,1.0,50,0.156,0.1,0.02,0.999398946762085,-0.2551799416542053,0,False
90,8.998984459787607,8.980000000000018,0.10000000000002274,161,1.789797412097041,-0.6181577104770353,-1.5447129225148588,4.037400471714343,0.6797317266464233,-0.0010424787041294764,0.031044033375917275,-0.0010424787041294764,0.0,-0.0,False,False,10,1.0,50,0.176,0.1,0.02,0.9993796944618225,-0.2554377317428589,0,False
91,9.099579237867147,9.080000000000013,0.09999999999999432,162,1.789821599081703,-0.6402431892572015,-1.595567846485634,4.040864689780848,0.6803149580955505,-0.00081208933364442,0.030231944042272856,-0.00081208933364442,0.0,-0.0,False,False,10,1.0,50,0.196,0.1,0.02,0.9994129538536072,-0.2557339370250702,0,False
92,9.199322491884232,9.180000000000007,0.09999999999999432,160,1.7887836095226008,-0.6622786909799859,-1.6293139058613861,4.0433907189994995,0.680740237236023,-0.003092157117583326,0.02713978692468953,-0.0005921571175833263,0.0,-0.0025,True,True,11,1.0,50,0.016,0.1,0.022,0.9787485003471375,0.9453325271606445,0,False
93,9.29966806108132,9.280000000000001,0.09999999999999432,160,1.788281728980172,-0.6841034037561251,-1.5391124103677267,4.046527810086602,0.6812683939933777,-0.0007354035345347377,0.02640438339015479,-0.0007354035345347377,0.0,-0.0,False,False,11,1.0,50,0.036,0.1,0.022,0.978809654712677,0.9372074007987976,0,False
94,9.399207905866206,9.379999999999995,0.09999999999999432,157,1.7908478506958407,-0.7052197675380931,-1.3518418260019,4.052678434559712,0.6823039054870605,-0.0014418424111808908,0.0249625409789739,-0.0014418424111808908,0.0,-0.0,False,False,11,1.0,50,0.056,0.1,0.022,0.9763622283935547,0.8806633353233337,0,False
95,9.499347556848079,9.480000000000018,0.10000000000002274,161,1.797122610686789,-0.7253739917978193,-1.1825625691855841,4.062407629928706,0.6839419007301331,-0.0022807385771978594,0.02268180240177604,-0.0022807385771978594,0.0,-0.0,False,False,11,1.0,50,0.076,0.1,0.022,0.9734216928482056,0.7351088523864746,0,False
96,9.599832375068218,9.580000000000013,0.09999999999999432,161,1.8065539385030154,-0.7443938075818447,-1.0355805532607427,4.075119203733289,0.6860820055007935,-0.002979874044404946,0.019701928357371095,-0.002979874044404946,0.0,-0.0,False,False,11,1.0,50,0.096,0.1,0.022,0.9238759875297546,-0.6975178718566895,0,False
97,9.69969675783068,9.680000000000007,0.09999999999999432,161,1.818537213892095,-0.7623076592563417,-0.9580499624216846,4.09020209410501,0.6886213421821594,-0.0035357630946604122,0.016166165262710683,-0.0035357630946604122,0.0,-0.0,False,False,11,1.0,50,0.116,0.1,0.022,0.9304171800613403,-0.8035041689872742,0,False
98,9.799921568017453,9.780000000000001,0.09999999999999432,161,1.8308628410584509,-0.7802827833075962,-1.005063727571274,4.105690706899236,0.691228985786438,-0.0036308734039457668,0.012535291858764916,-0.0036308734039457668,0.0,-0.0,False,False,11,1.0,50,0.136,0.1,0.022,0.9282782077789307,-0.7434837818145752,0,False
99,9.900027238763869,9.879999999999995,0.09999999999999432,161,1.840955430259488,-0.7988989819535708,-1.143541105956415,4.1191698253914195,0.6934983134269714,-0.0031598034951293838,0.009375488363635533,-0.0031598034951293838,0.0,-0.0,False,False,11,1.0,50,0.156,0.1,0.022,0.9378263354301453,-0.4045813977718353,0,False
100,9.999641813803464,9.980000000000018,0.10000000000002274,161,1.8488806118068755,-0.8180818417295501,-1.211300574648107,4.130701051415346,0.6954396963119507,-0.002703174418613443,0.006672313945022089,-0.002703174418613443,0.0,-0.0,False,False,11,1.0,50,0.176,0.1,0.022,0.9758810997009277,0.7648907899856567,0,False
101,10.099892294034362,10.080000000000013,0.09999999999999432,161,1.8559128548718022,-0.837418672330248,-1.2059057673192166,4.1414608383828675,0.6972512006759644,-0.002522332041708679,0.004149981903313411,-0.002522332041708679,0.0,-0.0,False,False,11,1.0,50,0.196,0.1,0.022,0.9761214852333069,0.7593209147453308,0,False
102,10.200063043739647,10.180000000000007,0.09999999999999432,159,1.8640849881702914,-0.8561218515825537,-1.1190054636005722,4.153279539631117,0.6992409825325012,-0.005270564969346131,-0.0011205830660327206,-0.0027705649693461312,0.0,-0.0025,True,True,12,1.0,50,0.016,0.1,0.024,0.9998640418052673,-0.08027095347642899,0,False
103,10.300228613894433,10.280000000000001,0.09999999999999432,161,1.873334646464792,-0.8756189746888111,-1.1370813456561224,4.16638479871827,0.7014473676681519,-0.0030721625818614135,-0.004192745647894134,-0.0030721625818614135,0.0,-0.0,False,False,12,1.0,50,0.036,0.1,0.024,0.9998555779457092,-0.08486156165599823,0,False
104,10.399934098124504,10.379999999999995,0.09999999999999432,161,1.882447365669145,-0.8956667025011362,-1.1541823609124686,4.179544933002185,0.7036629915237427,-0.003085026541668887,-0.007277772189563021,-0.003085026541668887,0.0,-0.0,False,False,12,1.0,50,0.056,0.1,0.024,0.9998477697372437,-0.08937209099531174,0,False
105,10.49999574990943,10.480000000000018,0.10000000000002274,161,1.8912009994381318,-0.9158780641656933,-1.1714785544199242,4.192464324487405,0.7058380842208862,-0.0030285911050946953,-0.010306363294657716,-0.0030285911050946953,0.0,-0.0,False,False,12,1.0,50,0.076,0.1,0.024,0.9998397827148438,-0.09415287524461746,0,False
106,10.600065871141851,10.580000000000013,0.09999999999999432,160,1.8995805839917217,-0.9362529913853299,-1.1901723455559239,4.2051312900675235,0.7079706788063049,-0.002969416889980775,-0.013275780184638491,-0.002969416889980775,0.0,-0.0,False,False,12,1.0,50,0.096,0.1,0.024,0.999830424785614,-0.09938223659992218,0,False
107,10.700577288866043,10.680000000000007,0.09999999999999432,162,1.9075639279055001,-0.9567925734363848,-1.2101837926507613,4.217527065965584,0.7100576162338257,-0.002905844030545833,-0.016181624215184324,-0.002905844030545833,0.0,-0.0,False,False,12,1.0,50,0.116,0.1,0.024,0.9998194575309753,-0.10502949357032776,0,False
108,10.800578869879246,10.780000000000001,0.09999999999999432,162,1.9151242161569348,-0.977498115903978,-1.2314110195044348,4.229627577901716,0.7120948433876038,-0.0028366276274533263,-0.01901825184263765,-0.0028366276274533263,0.0,-0.0,False,False,12,1.0,50,0.136,0.1,0.024,0.9998060464859009,-0.11258556693792343,0,False
109,10.900633481796831,10.879999999999995,0.09999999999999432,161,1.9222295696622058,-0.9983641135350982,-1.254141791818779,4.241403795126666,0.7140774726867676,-0.0027606057746564945,-0.021778857617294145,-0.0027606057746564945,0.0,-0.0,False,False,12,1.0,50,0.156,0.1,0.024,0.9997901916503906,-0.12081817537546158,0,False
110,11.000671222805977,10.980000000000018,0.10000000000002274,157,1.9288429299591423,-1.0193885714353093,-1.278522388091479,4.252822084455322,0.7159998416900635,-0.002676699559396903,-0.024455557176691047,-0.002676699559396903,0.0,-0.0,False,False,12,1.0,50,0.176,0.1,0.024,0.9997704029083252,-0.13014934957027435,0,False
111,11.101664687041193,11.080000000000013,0.10099999999999909,162,1.9349228498513307,-1.04057263925372,-1.3048097550225775,4.263845626400825,0.7178557515144348,-0.002584162042073169,-0.027039719218764215,-0.002584162042073169,0.0,-0.0,False,False,12,1.0,50,0.196,0.1,0.024,0.999751091003418,-0.1397126466035843,0,False
112,11.201782788150012,11.180000000000007,0.09999999999999432,159,1.940277550310376,-1.0613905752048125,-1.3376800328062761,4.274160393224291,0.7195923328399658,-0.004918009477335697,-0.03195772869609991,-0.002418009477335697,0.0,-0.0025,True,True,13,1.0,50,0.016,0.1,0.026,0.9531069397926331,-0.22114121913909912,0,False
113,11.301819148939103,11.280000000000001,0.09999999999999432,159,1.9446503076509263,-1.0819556299153192,-1.382780950963764,4.283544405903981,0.7211722135543823,-0.0021998201203452636,-0.03415754881644518,-0.0021998201203452636,0.0,-0.0,False,False,13,1.0,50,0.036,0.1,0.026,0.9472072720527649,-0.22280162572860718,0,False
114,11.401827211026102,11.379999999999995,0.09999999999999432,158,1.9480971950821262,-1.1025654195991175,-1.4279092050643465,4.292127948778012,0.7226173281669617,-0.0020121722937361747,-0.03616972111018135,-0.0020121722937361747,0.0,-0.0,False,False,13,1.0,50,0.056,0.1,0.026,0.9405222535133362,-0.22500430047512054,0,False
115,11.501949390862137,11.480000000000018,0.09999999999999432,153,1.950602551325701,-1.1231559922783614,-1.4729093718741992,4.299881637063604,0.7239227294921875,-0.0018176360241333944,-0.037987357134314746,-0.0018176360241333944,0.0,-0.0,False,False,13,1.0,50,0.076,0.1,0.026,0.9326783418655396,-0.229538694024086,0,False
116,11.602073261979967,11.580000000000013,0.10000000000002274,157,1.952156522691748,-1.143662672740422,-1.5186788763977273,4.306781750514413,0.7250844240188599,-0.0016175392041624156,-0.039604896338477164,-0.0016175392041624156,0.0,-0.0,False,False,13,1.0,50,0.096,0.1,0.026,0.9246005415916443,-0.23502373695373535,0,False
117,11.701948674861342,11.680000000000007,0.09999999999999432,158,1.9527507830169155,-1.1640360608386409,-1.5656297215971209,4.312808817286429,0.7260991334915161,-0.0014128777532920983,-0.04101777409176926,-0.0014128777532920983,0.0,-0.0,False,False,13,1.0,50,0.116,0.1,0.026,0.914691686630249,-0.24075311422348022,0,False
118,11.801743607968092,11.780000000000001,0.09999999999999432,154,1.952380223956432,-1.1841956411383474,-1.6137568820931687,4.317936992932143,0.7269625067710876,-0.001202157792318632,-0.04221993188408789,-0.001202157792318632,0.0,-0.0,False,False,13,1.0,50,0.136,0.1,0.026,0.9032890200614929,-0.24663591384887695,0,False
119,11.901929438114166,11.879999999999995,0.09999999999999432,163,1.9510451474899158,-1.2040746071731514,-1.663057946922965,4.3221489298087095,0.7276716232299805,-0.0009873711601805695,-0.04320730304426846,-0.0009873711601805695,0.0,-0.0,False,False,13,1.0,50,0.156,0.1,0.026,0.896604597568512,-0.25268253684043884,0,False
120,12.002082837745547,11.980000000000018,0.09999999999999432,162,1.9487340156598085,-1.2237430156333238,-1.7135641756283295,4.32545277068726,0.7282278537750244,-0.0007744933736912756,-0.04398179641795973,-0.0007744933736912756,0.0,-0.0,False,False,13,1.0,50,0.176,0.1,0.026,0.892702043056488,-0.25844770669937134,0,False
121,12.10290888370946,12.099999999999994,0.10099999999999909,164,1.9446564664652939,-1.2470384963409906,-1.775645687317977,4.327832584059059,0.7286285161972046,-0.0005578808891936023,-0.04453967730715334,-0.0005578808891936023,0.0,-0.0,False,False,13,1.0,50,0.196,0.1,0.026,0.8886063694953918,-0.26406872272491455,0,False
122,12.202993393875659,12.200000000000017,0.10000000000002274,164,1.9396658024747437,-1.2682094982801306,-1.8323952936725971,4.329383250909471,0.7288895845413208,-0.0028635106061687225,-0.047403187913322056,-0.00036351060616872225,0.0,-0.0025,True,True,14,1.0,50,0.016,0.1,0.028,0.9972900152206421,-0.32245656847953796,0,False
123,12.303169345017523,12.300000000000011,0.09999999999999432,164,1.9332607409780622,-1.289317951997994,-1.8974499647248304,4.329765607119162,0.7289539575576782,-8.96327522061061e-05,-0.047492820665528165,-8.96327522061061e-05,0.0,-0.0,False,False,14,1.0,50,0.036,0.1,0.028,0.9973363280296326,-0.3317282795906067,0,False
124,12.402889427728951,12.379999999999995,0.09999999999999432,164,1.927149880619186,-1.3058808076376667,-1.9515696883963167,4.328821045667815,0.7287949323654175,0.00022142609526448726,-0.04727139457026368,0.00022142609526448726,0.0,-0.0,False,False,14,1.0,50,0.056,0.1,0.028,0.9972047209739685,-0.33988314867019653,0,False
125,12.503712663892657,12.5,0.09999999999999432,164,1.9163353425721463,-1.3300455032976464,-2.033064587086857,4.325880089154943,0.7282997965812683,0.0006894252523847164,-0.04658196931787896,0.0006894252523847164,0.0,-0.0,False,False,14,1.0,50,0.08,0.1,0.028,0.9967001080513,-0.3468644618988037,0,False
126,12.603342188056558,12.599999999999994,0.09999999999999432,163,1.9058340869223676,-1.3494356407628931,-2.102582911633823,4.322810618471592,0.7277830243110657,0.0007195518163204773,-0.045862417501558485,0.0007195518163204773,0.0,-0.0,False,False,14,1.0,50,0.096,0.1,0.028,0.996065616607666,-0.35556039214134216,0,False
127,12.703143130987883,12.680000000000007,0.10000000000002274,164,1.8964718376742726,-1.3643799331042077,-2.1596313428216942,4.317709349373966,0.7269241809844971,0.001195850302348841,-0.044666567199209646,0.001195850302348841,0.0,-0.0,False,False,14,1.0,50,0.116,0.1,0.028,0.9956173300743103,-0.3638080358505249,0,False
128,12.803471299819648,12.800000000000011,0.09999999999999432,163,1.88085765002371,-1.3857104761119845,-2.2468640970020646,4.311184511462297,0.7258256673812866,0.0015295663177380197,-0.04313700088147163,0.0015295663177380197,0.0,-0.0,False,False,14,1.0,50,0.136,0.1,0.028,0.994966447353363,-0.3680693805217743,0,False
129,12.9038654579781,12.900000000000006,0.09999999999999432,164,1.8664679093477898,-1.4023739092591065,-2.3202622181218295,4.301489657345471,0.7241934537887573,0.0022726882281569917,-0.04086431265331464,0.0022726882281569917,0.0,-0.0,False,False,14,1.0,50,0.16,0.1,0.028,0.9941603541374207,-0.3695952296257019,0,False
130,13.004147137980908,13.0,0.09999999999999432,164,1.8509060281059835,-1.4179235339275926,-2.393967639081999,4.291893224549285,0.7225778102874756,0.002249616093793239,-0.0386146965595214,0.002249616093793239,0.0,-0.0,False,False,14,1.0,50,0.18,0.1,0.028,0.993004322052002,-0.3713371157646179,0,False
131,13.103671792894602,13.099999999999994,0.09999999999999432,163,1.8342607326621816,-1.4322654332151434,-2.4679583552618247,4.283253390344383,0.721123218536377,0.002025368226699657,-0.03658932833282174,0.002025368226699657,0.0,-0.0,False,False,14,1.0,50,0.196,0.1,0.028,0.9914498925209045,-0.37146711349487305,0,False
132,13.203722874168307,13.200000000000017,0.10000000000002274,164,1.816806506630641,-1.4450294490938136,-2.571761832262321,4.2712573182988605,0.7191035747528076,0.0003121446071749222,-0.03627718372564682,0.0028121446071749222,0.0,-0.0025,True,True,15,1.0,50,0.016,0.1,0.03,0.6893796920776367,-0.985593318939209,0,False
133,13.304210660979152,13.300000000000011,0.09999999999999432,164,1.8016110608620501,-1.4531966236914151,-2.7390478643723926,4.257308043282167,0.7167550921440125,0.003270018583027406,-0.033007165142619414,0.003270018583027406,0.0,-0.0,False,False,15,1.0,50,0.04,0.1,0.03,0.8079080581665039,0.17350798845291138,0,False
134,13.403535227756947,13.379999999999995,0.09999999999999432,163,1.7897911534260456,-1.4575743797833656,-2.8160712543362147,4.247700281413103,0.7151375412940979,0.0022522718790436006,-0.030754893263575812,0.0022522718790436006,0.0,-0.0,False,False,15,1.0,50,0.056,0.1,0.03,0.820391833782196,0.30910056829452515,0,False
135,13.504273063968867,13.5,0.09999999999999432,163,1.7713424981038626,-1.4638150339567422,-2.7889289256738015,4.232530652827147,0.712583601474762,0.0035560964504848533,-0.02719879681309096,0.0035560964504848533,0.0,-0.0,False,False,15,1.0,50,0.08,0.1,0.03,0.8190451860427856,0.2888118624687195,0,False
136,13.604261165019125,13.599999999999994,0.09999999999999432,163,1.7547795753575806,-1.4704318485416696,-2.7385847383250077,4.219295109401877,0.710355281829834,0.003102704112242758,-0.024096092700848202,0.003102704112242758,0.0,-0.0,False,False,15,1.0,50,0.1,0.1,0.03,0.8113281726837158,0.21580620110034943,0,False
137,13.703911128919572,13.700000000000017,0.10000000000002274,163,1.7386160610922237,-1.4777251075097237,-2.699006597257584,4.209178247320279,0.7086520195007324,0.0023716162287403,-0.0217244764721079,0.0023716162287403,0.0,-0.0,False,False,15,1.0,50,0.116,0.1,0.03,0.8067455291748047,0.16569256782531738,0,False
138,13.804427307099104,13.800000000000011,0.09999999999999432,164,1.7227687486128713,-1.485532516127734,-2.6688919938283795,4.19462994757507,0.7062026858329773,0.003410443228150139,-0.01831403324395776,0.003410443228150139,0.0,-0.0,False,False,15,1.0,50,0.14,0.1,0.03,0.8042851686477661,0.12216497957706451,0,False
139,13.904538096860051,13.900000000000006,0.09999999999999432,163,1.7071581039477688,-1.4937214824808063,-2.6476498580360874,4.182952151670763,0.704236626625061,0.0027375336402921174,-0.015576499603665642,0.0027375336402921174,0.0,-0.0,False,False,15,1.0,50,0.16,0.1,0.03,0.8004967570304871,0.08232168108224869,0,False
140,14.004569298122078,14.0,0.09999999999999432,163,1.6917625281185877,-1.5021498573073198,-2.634314729096679,4.171602898879968,0.7023258805274963,0.002660515868026426,-0.012915983735639217,0.002660515868026426,0.0,-0.0,False,False,15,1.0,50,0.18,0.1,0.03,0.7967873811721802,0.04918019846081734,0,False
141,14.103939934168011,14.080000000000013,0.09999999999999432,162,1.6795541484910528,-1.5089903587179774,-2.6276455545676436,4.162690458858896,0.7008253931999207,0.0020892730592912325,-0.010826710676347984,0.0020892730592912325,0.0,-0.0,False,False,15,1.0,50,0.196,0.1,0.03,0.7940416932106018,0.025900619104504585,0,False
142,14.204675039742142,14.200000000000017,0.10000000000002274,164,1.659978860430794,-1.52060083081708,-2.553964801117767,4.148694097383047,0.6984689831733704,0.0007810566904748527,-0.010045653985873131,0.0032810566904748527,0.0,-0.0025,True,True,16,1.0,50,0.02,0.1,0.032,0.9403241276741028,0.3453007936477661,0,False
143,14.304868970066309,14.300000000000011,0.09999999999999432,163,1.6432143885807804,-1.53238974070676,-2.4988748357523147,4.137452824818136,0.6965764164924622,0.002635202914857271,-0.00741045107101586,0.002635202914857271,0.0,-0.0,False,False,16,1.0,50,0.04,0.1,0.032,0.9323574900627136,0.29454129934310913,0,False
144,14.404838440939784,14.400000000000006,0.09999999999999432,162,1.627319180630666,-1.5450366554246004,-2.4450066386395077,4.127409601710258,0.6948855519294739,0.0023543536246113882,-0.005056097446404471,0.0023543536246113882,0.0,-0.0,False,False,16,1.0,50,0.06,0.1,0.032,0.9221712946891785,0.2487584799528122,0,False
145,14.504875903017819,14.5,0.09999999999999432,163,1.612221349732711,-1.5583316856230367,-2.3962882443937263,4.1184256469166325,0.6933730244636536,0.0021060377036854023,-0.002950059742719069,0.0021060377036854023,0.0,-0.0,False,False,16,1.0,50,0.08,0.1,0.032,0.9126515984535217,0.22129926085472107,0,False
146,14.604501206893474,14.599999999999994,0.09999999999999432,162,1.5978569435017873,-1.572162012117541,-2.3545825567916503,4.111936212357714,0.6922804713249207,0.001521266988829885,-0.001428792753889184,0.001521266988829885,0.0,-0.0,False,False,16,1.0,50,0.096,0.1,0.032,0.9053882360458374,0.18138496577739716,0,False
147,14.704970133956522,14.700000000000017,0.10000000000002274,163,1.5841369812510906,-1.5863911627571687,-2.321887084957602,4.103209639938576,0.690811276435852,0.002045701582524306,0.0006169088286351221,0.002045701582524306,0.0,-0.0,False,False,16,1.0,50,0.12,0.1,0.032,0.8942990303039551,0.13501779735088348,0,False
148,14.80463066790253,14.800000000000011,0.09999999999999432,157,1.5709847965454287,-1.6008221598033163,-2.298582985368513,4.097957198524711,0.6899269819259644,0.0012312884367857416,0.0018481972654208637,0.0012312884367857416,0.0,-0.0,False,False,16,1.0,50,0.136,0.1,0.032,0.8837267160415649,0.09237214922904968,0,False
149,14.904662209097296,14.900000000000006,0.09999999999999432,163,1.558238628263099,-1.615368170758187,-2.2827427595113012,4.091861449248363,0.6889007091522217,0.0014289784513734174,0.0032771757167942813,0.0014289784513734174,0.0,-0.0,False,False,16,1.0,50,0.156,0.1,0.032,0.8755751848220825,0.06228530779480934,0,False
150,15.00524879572913,15.0,0.09999999999999432,164,1.545399614781435,-1.630457451107613,-2.2622072147089414,4.084900087997297,0.6877287030220032,0.0016318970431732826,0.004909072759967564,0.0016318970431732826,0.0,-0.0,False,False,16,1.0,50,0.18,0.1,0.032,0.7702590227127075,-0.9966429471969604,0,False
151,15.105241426732391,15.099999999999994,0.09999999999999432,163,1.5320263573720931,-1.646466692260375,-2.304323596603373,4.079077652604171,0.6867484450340271,-0.0011350923677960587,0.0037739803921715055,0.0013649076322039414,0.0,-0.0025,True,True,17,1.0,50,0.0,0.1,0.034,0.7711247205734253,-0.9963987469673157,0,False
152,15.205355276819319,15.200000000000017,0.10000000000002274,163,1.517262609646346,-1.6612951151975566,-2.382901820671998,4.071601880637661,0.68548983335495,0.0017524862922059005,0.005526466684377406,0.0017524862922059005,0.0,-0.0,False,False,17,1.0,50,0.02,0.1,0.034,0.6450549960136414,0.8547876477241516,0,False
153,15.30525917885825,15.300000000000011,0.09999999999999432,163,1.502562808526213,-1.6757026252065517,-2.3319386016107195,4.064105220693028,0.684227705001831,0.0017573828962616645,0.007283849580639071,0.0017573828962616645,0.0,-0.0,False,False,17,1.0,50,0.04,0.1,0.034,0.6376929879188538,0.869610071182251,0,False
154,15.405860535800457,15.400000000000006,0.10099999999999909,165,1.4916008055212,-1.6886858240272165,-2.1977480659781823,4.059504555003276,0.6834531426429749,0.001078497791590069,0.008362347372229139,0.001078497791590069,0.0,-0.0,False,False,17,1.0,50,0.06,0.1,0.034,0.5809102058410645,0.920887291431427,0,False
155,15.506686140783131,15.5,0.09999999999999432,164,1.485548729204115,-1.6986824227767046,-2.0105042679776295,4.0581758671746,0.6832294464111328,0.00031147381391596885,0.008673821186145108,0.00031147381391596885,0.0,-0.0,False,False,17,1.0,50,0.08,0.1,0.034,0.43608587980270386,0.9733322858810425,0,False
156,15.606190246064216,15.599999999999994,0.09999999999999432,161,1.482576719031463,-1.7068131669262157,-1.8167388110841127,4.058889244732495,0.6833495497703552,-0.00016723147749548973,0.008506589708649618,-0.00016723147749548973,0.0,-0.0,False,False,17,1.0,50,0.1,0.1,0.034,0.45379939675331116,0.9831093549728394,0,False
157,15.706238106824458,15.700000000000017,0.09999999999999432,158,1.4809475828904337,-1.7178497278121363,-1.6239339955495167,4.062066341608205,0.6838844418525696,-0.0007447817762008904,0.007761807932448728,-0.0007447817762008904,0.0,-0.0,False,False,17,1.0,50,0.12,0.1,0.034,0.6464778184890747,0.9753157496452332,0,False
158,15.806352837011218,15.800000000000011,0.10000000000002274,158,1.4816107004623356,-1.732309932646693,-1.4299904823688183,4.0688025375357855,0.6850185394287109,-0.0015791133113185203,0.006182694621130208,-0.0015791133113185203,0.0,-0.0,False,False,17,1.0,50,0.14,0.1,0.034,0.8134088516235352,0.9713591933250427,0,False
159,15.90710058202967,15.900000000000006,0.09999999999999432,159,1.485220913152066,-1.7470998918732636,-1.2363141845387344,4.07838339285676,0.6866315603256226,-0.0022459643890733933,0.003936730232056814,-0.0022459643890733933,0.0,-0.0,False,False,17,1.0,50,0.16,0.1,0.034,0.9460890293121338,0.9455413222312927,0,False
160,16.007151492871344,16.0,0.09999999999999432,159,1.4937855005170482,-1.7658112868534999,-1.0488543104879287,4.09415948087531,0.6892876029014587,-0.003698263954678455,0.0002384662773783591,-0.003698263954678455,0.0,-0.0,False,False,17,1.0,50,0.18,0.1,0.034,0.9866628646850586,0.9313664436340332,0,False
161,16.106567518785596,16.099999999999994,0.09999999999999432,155,1.5061037295126198,-1.7832866954635138,-0.865538798668487,4.112823420377607,0.6924298405647278,-0.006875240213701074,-0.006636773936322714,-0.004375240213701073,0.0,-0.0025,True,True,18,1.0,50,0.0,0.1,0.036,0.9967538714408875,0.8596783876419067,0,False
162,16.207313613966107,16.200000000000017,0.09999999999999432,159,1.5207433381010786,-1.7979898558370064,-0.7246419097836051,4.132396163944975,0.6957250833511353,-0.004588283986768475,-0.01122505792309119,-0.004588283986768475,0.0,-0.0,False,False,18,1.0,50,0.02,0.1,0.036,0.9999995827674866,-0.5697053670883179,0,False
163,16.30734491487965,16.30000000000001,0.10000000000002274,159,1.5365278634969446,-1.811522735542101,-0.7104443346490591,4.152499957803581,0.6991097331047058,-0.004712773920388207,-0.015937831843479397,-0.004712773920388207,0.0,-0.0,False,False,18,1.0,50,0.04,0.1,0.036,0.9999995827674866,-0.5704148411750793,0,False
164,16.407373886089772,16.400000000000006,0.09999999999999432,159,1.55223804644886,-1.8262903467466465,-0.8116518913789322,4.173083467091937,0.702575147151947,-0.004825229827090798,-0.020763061670570196,-0.004825229827090798,0.0,-0.0,False,False,18,1.0,50,0.06,0.1,0.036,0.9999995827674866,-0.5754178762435913,0,False
165,16.507697034161538,16.5,0.09999999999999432,159,1.5666092638824778,-1.843229086036665,-0.9256480033815249,4.193428003749236,0.7060003280639648,-0.00476920935696219,-0.025532271027532385,-0.00476920935696219,0.0,-0.0,False,False,18,1.0,50,0.08,0.1,0.036,0.9999996423721313,-0.6452361941337585,0,False
166,16.606969491112977,16.599999999999994,0.09999999999999432,157,1.578833362690835,-1.861813038662579,-1.056120792842299,4.212591838592352,0.7092267274856567,-0.004492426737881528,-0.030024697765413912,-0.004492426737881528,0.0,-0.0,False,False,18,1.0,50,0.1,0.1,0.036,0.9999996423721313,-0.7207962870597839,0,False
167,16.707328169140965,16.700000000000017,0.09999999999999432,158,1.588407065178211,-1.8819156106216615,-1.2022342268829806,4.2300867593868725,0.7121721506118774,-0.0041011963731601405,-0.03412589413857405,-0.0041011963731601405,0.0,-0.0,False,False,18,1.0,50,0.12,0.1,0.036,0.9999997615814209,-0.8056888580322266,0,False
168,16.806799083948135,16.80000000000001,0.10000000000002274,156,1.5947947272942347,-1.9032603203723402,-1.3640784741561656,4.245334629382405,0.7147392630577087,-0.003574437967371575,-0.03770033210594563,-0.003574437967371575,0.0,-0.0,False,False,18,1.0,50,0.14,0.1,0.036,0.9999998211860657,-0.8603307604789734,0,False
169,16.90697726374492,16.900000000000006,0.09999999999999432,158,1.5975266593209723,-1.9253801959329861,-1.5359111001930972,4.255507428761345,0.7164519429206848,-0.002384729168414624,-0.040085061274360255,-0.002384729168414624,0.0,-0.0,False,False,18,1.0,50,0.16,0.1,0.036,0.9999997615814209,-0.8810150623321533,0,False
170,17.008502802811563,17.0,0.10099999999999909,161,1.596370656669249,-1.9476479923080792,-1.7127020393549242,4.266821278199392,0.718356728553772,-0.002652216539118499,-0.042737277813478754,-0.002652216539118499,0.0,-0.0,False,False,18,1.0,50,0.18,0.1,0.036,0.9999995231628418,-0.9063341021537781,0,False
171,17.108640912920237,17.099999999999994,0.10099999999999909,157,1.5912604790812397,-1.9693617304491968,-1.893299436964964,4.272240823438231,0.7192691564559937,-0.0037704612692312294,-0.046507739082709984,-0.0012704612692312296,0.0,-0.0025,True,True,19,1.0,50,0.0,0.1,0.038,0.9999664425849915,-0.30450311303138733,0,False
172,17.209312818944454,17.200000000000017,0.09999999999999432,160,1.5828582390393073,-1.9898640874471565,-1.987957215373555,4.274292447730045,0.719614565372467,-0.00048094611021665286,-0.046988685192926635,-0.00048094611021665286,0.0,-0.0,False,False,19,1.0,50,0.02,0.1,0.038,0.9998776912689209,-0.3162568211555481,0,False
173,17.3093409598805,17.30000000000001,0.09999999999999432,157,1.5732077684799168,-2.0097680434020906,-2.057484749190668,4.275074861825801,0.7197462916374207,-0.00018341516886596725,-0.047172100361792604,-0.00018341516886596725,0.0,-0.0,False,False,19,1.0,50,0.04,0.1,0.038,0.9998804330825806,-0.33405065536499023,0,False
174,17.40982452686876,17.400000000000006,0.09999999999999432,158,1.562266569072354,-2.0289961530319274,-2.1237797236869262,4.274514780785309,0.719651997089386,0.00013129538332405546,-0.04704080497846855,0.00013129538332405546,0.0,-0.0,False,False,19,1.0,50,0.06,0.1,0.038,0.9998812675476074,-0.3507271111011505,0,False
175,17.50958654982969,17.5,0.10000000000002274,157,1.5500208494599816,-2.0474316298571997,-2.1926630745551026,4.272543876137765,0.7193201780319214,0.00046202364030623896,-0.04657878133816231,0.00046202364030623896,0.0,-0.0,False,False,19,1.0,50,0.08,0.1,0.038,0.9998645782470703,-0.3580318093299866,0,False
176,17.609710140153766,17.599999999999994,0.09999999999999432,158,1.5364972692015963,-2.0649556818428674,-2.262660812496471,4.269128160664526,0.7187451124191284,0.0008007192530405482,-0.045778062085121765,0.0008007192530405482,0.0,-0.0,False,False,19,1.0,50,0.1,0.1,0.038,0.999839186668396,-0.33637842535972595,0,False
177,17.709681841079146,17.700000000000017,0.09999999999999432,154,1.5218194367428264,-2.081520640898908,-2.329233712763361,4.264348354009863,0.7179403901100159,0.0011204923958644437,-0.04465756968925732,0.0011204923958644437,0.0,-0.0,False,False,19,1.0,50,0.12,0.1,0.038,0.9998195171356201,-0.3297400176525116,0,False
178,17.809785950928926,17.80000000000001,0.09999999999999432,160,1.5060942313699184,-2.097085614003159,-2.3943633161193136,4.258274554812219,0.7169178128242493,0.0014238328674503864,-0.04323373682180693,0.0014238328674503864,0.0,-0.0,False,False,19,1.0,50,0.14,0.1,0.038,0.9997885823249817,-0.3182041645050049,0,False
179,17.90994873084128,17.900000000000006,0.09999999999999432,159,1.489416187589818,-2.111601717481766,-2.4572088921782314,4.250959160033662,0.7156862020492554,0.0017148903322529642,-0.041518846489553965,0.0017148903322529642,0.0,-0.0,False,False,19,1.0,50,0.16,0.1,0.038,0.9997462630271912,-0.30421799421310425,0,False
180,18.009932652115822,18.0,0.10000000000002274,157,1.4718883962666838,-2.125054287895201,-2.517211046046288,4.242477932849075,0.7142583131790161,0.0019881872331920965,-0.03953065925636187,0.0019881872331920965,0.0,-0.0,False,False,19,1.0,50,0.18,0.1,0.038,0.9996737241744995,-0.28945305943489075,0,False
181,18.10975819407031,18.099999999999994,0.09999999999999432,157,1.4536083617089828,-2.137452864761442,-2.574328784400414,4.232913717103893,0.7126480937004089,-0.0002579362955133029,-0.039788595551875174,0.002242063704486697,0.0,-0.0025,True,True,20,1.0,50,0.0,0.1,0.04,0.9999963641166687,-0.2787525951862335,0,False
182,18.20987762371078,18.200000000000017,0.09999999999999432,156,1.4346567200994094,-2.1488122132828247,-2.629877012114634,4.222336257403028,0.7108672857284546,0.0024795904978329197,-0.037309005054042256,0.0024795904978329197,0.0,-0.0,False,False,20,1.0,50,0.02,0.1,0.04,0.9999951720237732,-0.2838457524776459,0,False
183,18.309793485794216,18.30000000000001,0.09999999999999432,162,1.4150906925873377,-2.1590934284521484,-2.686534994246959,4.210767857858716,0.7089196443557739,0.002711888713966537,-0.03459711634007572,0.002711888713966537,0.0,-0.0,False,False,20,1.0,50,0.04,0.1,0.04,0.9999934434890747,-0.28787288069725037,0,False
184,18.40970500698313,18.400000000000006,0.09999999999999432,162,1.394965833384621,-2.1682437839477924,-2.743809855916272,4.198221263677945,0.7068073153495789,0.002941199171693783,-0.03165591716838194,0.002941199171693783,0.0,-0.0,False,False,20,1.0,50,0.06,0.1,0.04,0.99998939037323,-0.28661444783210754,0,False
185,18.50977580808103,18.5,0.10000000000002274,162,1.3743488916435191,-2.176231691244421,-2.800774398732987,4.184728691911715,0.704535722732544,0.003162957240114696,-0.028492959928267243,0.003162957240114696,0.0,-0.0,False,False,20,1.0,50,0.08,0.1,0.04,0.9999834299087524,-0.28519222140312195,0,False
186,18.610107705928385,18.599999999999994,0.09999999999999432,163,1.353309366014027,-2.183037811873814,-2.8574524370372383,4.170331210449218,0.7021117806434631,0.003375088087002189,-0.025117871841265054,0.003375088087002189,0.0,-0.0,False,False,20,1.0,50,0.1,0.1,0.04,0.9999743103981018,-0.2837783396244049,0,False
187,18.71024025604129,18.700000000000017,0.09999999999999432,163,1.3319192853149693,-2.1886453772239234,-2.913793655021248,4.155072011380806,0.699542760848999,0.0035770937526221447,-0.02154077808864291,0.0035770937526221447,0.0,-0.0,False,False,20,1.0,50,0.12,0.1,0.04,0.9999604225158691,-0.2795974910259247,0,False
188,18.810260825790465,18.80000000000001,0.09999999999999432,163,1.3102576030473034,-2.1930434163192807,-2.969187118974431,4.139003137635021,0.6968374252319336,0.0037668994047472693,-0.01777387868389564,0.0037668994047472693,0.0,-0.0,False,False,20,1.0,50,0.14,0.1,0.04,0.9999383687973022,-0.27539652585983276,0,False
189,18.91009155800566,18.900000000000006,0.09999999999999432,161,1.2883963467722033,-2.196241873811998,-3.023926421407166,4.122182296676845,0.6940054893493652,0.003943177150752279,-0.013830701533143364,0.003943177150752279,0.0,-0.0,False,False,20,1.0,50,0.16,0.1,0.04,0.9999027848243713,-0.2733142673969269,0,False
190,19.010028189979494,19.0,0.10000000000002274,162,1.2663959365908728,-2.1982430690706187,-3.078235347217813,4.10465268059663,0.6910542249679565,0.004109329715489958,-0.009721371817653406,0.004109329715489958,0.0,-0.0,False,False,20,1.0,50,0.18,0.1,0.04,0.9998462796211243,-0.27129223942756653,0,False
191,19.110413307789713,19.099999999999994,0.09999999999999432,160,1.2443181916475727,-2.199051171122164,-3.1321125424820275,4.086459959719424,0.6879913210868835,0.001764776145935992,-0.007956595671717415,0.004264776145935992,0.0,-0.0025,True,True,21,1.0,50,0.0,0.1,0.042,0.991996705532074,-0.32383835315704346,0,False
192,19.21044602803886,19.200000000000017,0.09999999999999432,163,1.2223367472265332,-2.1985734969129815,3.0839994541972935,4.067691580326517,0.6848315000534058,0.004399723233979686,-0.003556872437737729,0.004399723233979686,0.0,-0.0,False,False,21,1.0,50,0.02,0.1,0.042,0.9904269576072693,-0.32918083667755127,0,False
193,19.3103926689364,19.30000000000001,0.09999999999999432,164,1.2005222556645527,-2.1966482218122145,3.0201485770139027,4.048310014863994,0.681568443775177,0.0045434676106654226,0.0009865951729276937,0.0045434676106654226,0.0,-0.0,False,False,21,1.0,50,0.04,0.1,0.042,0.987240731716156,-0.32977625727653503,0,False
194,19.41056863917038,19.400000000000006,0.09999999999999432,164,1.1789503987804475,-2.193308272855429,2.955067954800931,4.028387486171464,0.6782143115997314,0.004670281356379298,0.005656876529306991,0.004670281356379298,0.0,-0.0,False,False,21,1.0,50,0.06,0.1,0.042,0.9829727411270142,-0.330824613571167,0,False
195,19.510188402142376,19.5,0.10000000000002274,162,1.1577417363428673,-2.188583932594837,2.8891608647180207,4.008033036575395,0.6747874617576599,0.004771533169056335,0.010428409698363325,0.004771533169056335,0.0,-0.0,False,False,21,1.0,50,0.08,0.1,0.042,0.9791412353515625,-0.33155813813209534,0,False
196,19.61063111992553,19.599999999999994,0.09999999999999432,164,1.1369657441780563,-2.1824960314603365,2.8230417054003345,3.987308621943097,0.6712983250617981,0.004858261156144707,0.015286670854508033,0.004858261156144707,0.0,-0.0,False,False,21,1.0,50,0.1,0.1,0.042,0.9763922095298767,-0.33228716254234314,0,False
197,19.710271232761443,19.700000000000017,0.09999999999999432,163,1.11669963437385,-2.1750722628325954,2.756983279779075,3.966287527214761,0.6677592396736145,0.004927809532393431,0.020214480386901462,0.004927809532393431,0.0,-0.0,False,False,21,1.0,50,0.12,0.1,0.042,0.9727596640586853,-0.31846049427986145,0,False
198,19.81073213974014,19.80000000000001,0.09999999999999432,164,1.0970373187917914,-2.1663905048421896,2.694528122824511,3.9450858753874045,0.6641897559165955,0.004970136109824024,0.025184616496725487,0.004970136109824024,0.0,-0.0,False,False,21,1.0,50,0.14,0.1,0.042,0.9685413241386414,-0.2959812581539154,0,False
199,19.91069527110085,19.900000000000006,0.09999999999999432,162,1.0780242702484997,-2.15658895082165,2.637191367205859,3.923814478955132,0.6606085300445557,0.004986485787772714,0.0301711022844982,0.004986485787772714,0.0,-0.0,False,False,21,1.0,50,0.16,0.1,0.042,0.9635545611381531,-0.2562686502933502,0,False
200,20.01078962115571,20.0,0.10000000000002274,163,1.0596665639002811,-2.145849940396436,2.5878605540390116,3.9025756536073892,0.6570327877998352,0.004978850405177326,0.03514995268967552,0.004978850405177326,0.0,-0.0,False,False,21,1.0,50,0.18,0.1,0.042,0.9585388898849487,-0.219229593873024,0,False
201,20.110889930743724,20.099999999999994,0.09999999999999432,162,1.0419224757778778,-2.134349290977544,2.545708233673394,3.881431355211486,0.6534729599952698,0.00245669119699317,0.03760664388666869,0.00495669119699317,0.0,-0.0025,True,True,22,1.0,50,0.0,0.1,0.044,0.9947464466094971,0.46602481603622437,0,False
202,20.210753933060914,20.200000000000017,0.09999999999999432,162,1.024170671680151,-2.121828129557404,2.5183621838215324,3.859719187037487,0.6498175263404846,0.005089812432676836,0.04269645631934553,0.005089812432676836,0.0,-0.0,False,False,22,1.0,50,0.02,0.1,0.044,0.9989690184593201,0.53071528673172,0,False
203,20.310570954810828,20.30000000000001,0.09999999999999432,162,1.006044032277465,-2.1098616036988695,2.611097016631668,3.8379988760923553,0.6461607217788696,0.005091721278325709,0.04778817759767124,0.005091721278325709,0.0,-0.0,False,False,22,1.0,50,0.04,0.1,0.044,0.9987093210220337,0.517627477645874,0,False
204,20.410574206151068,20.400000000000006,0.09999999999999432,163,0.9867426293457033,-2.099805017710739,2.712789706921464,3.8163476016850844,0.6425155401229858,0.005075537586955232,0.05286371518462647,0.005075537586955232,0.0,-0.0,False,False,22,1.0,50,0.06,0.1,0.044,0.9981563091278076,0.512139618396759,0,False
205,20.51085648406297,20.5,0.10000000000002274,161,0.9665269397924697,-2.091769313442409,2.8145171711317594,3.7950482366041403,0.6389296054840088,0.00499304225760998,0.05785675744223645,0.00499304225760998,0.0,-0.0,False,False,22,1.0,50,0.08,0.1,0.044,0.997376561164856,0.504621684551239,0,False
206,20.61098054377362,20.599999999999994,0.09999999999999432,158,0.9456187848853976,-2.085812602813383,2.914873012753036,3.774325238105952,0.6354407072067261,0.004857929182988387,0.06271468662522484,0.004857929182988387,0.0,-0.0,False,False,22,1.0,50,0.1,0.1,0.044,0.9961885213851929,0.48894229531288147,0,False
207,20.710934944916517,20.700000000000017,0.09999999999999432,158,0.9242461776728997,-2.081947356052514,3.010926657785331,3.7543867779046853,0.6320838928222656,0.004674016054387781,0.06738870267961261,0.004674016054387781,0.0,-0.0,False,False,22,1.0,50,0.12,0.1,0.044,0.9937165975570679,0.4474423825740814,0,False
208,20.811021694913507,20.80000000000001,0.09999999999999432,158,0.9026471327006499,-2.080062432935928,3.0979661788917885,3.7353819041154135,0.6288842558860779,0.004455162751084809,0.07184386543069742,0.004455162751084809,0.0,-0.0,False,False,22,1.0,50,0.14,0.1,0.044,0.9912423491477966,0.38547125458717346,0,False
209,20.91105136508122,20.900000000000006,0.09999999999999432,157,0.8810017012129188,-2.0799291167386396,-3.1119743654359766,3.717348144292051,0.625848114490509,0.004227512159139273,0.07607137758983669,0.004227512159139273,0.0,-0.0,False,False,22,1.0,50,0.16,0.1,0.044,0.9873921871185303,0.30036860704421997,0,False
210,21.011257694102824,21.0,0.10000000000002274,157,0.8594518577244794,-2.0811907458441476,-3.0561962102852815,3.700216461896737,0.6229638457298279,0.004016045258564319,0.08008742284840101,0.004016045258564319,0.0,-0.0,False,False,22,1.0,50,0.18,0.1,0.044,0.9822800159454346,0.21828046441078186,0,False
211,21.111789401154965,21.099999999999994,0.10099999999999909,159,0.8380693572145694,-2.0834723628911793,-3.016560435313342,3.683846305619057,0.6202077865600586,0.0013375266937540116,0.08142494954215503,0.0038375266937540117,0.0,-0.0025,True,True,23,1.0,50,0.0,0.1,0.046,0.996315062046051,-0.9146491289138794,0,False
212,21.212121819145977,21.200000000000017,0.09999999999999432,158,0.8166043586739399,-2.086641391144235,-2.97270745926525,3.667965777709898,0.6175341606140137,0.003722746974956859,0.08514769651711189,0.003722746974956859,0.0,-0.0,False,False,23,1.0,50,0.02,0.1,0.046,0.9968550801277161,-0.916286826133728,0,False
213,21.31260553607717,21.30000000000001,0.09999999999999432,159,0.7948150898619094,-2.089636561854209,-3.0532400335299084,3.651780072900041,0.6148091554641724,0.0037942871901435102,0.0889419837072554,0.0037942871901435102,0.0,-0.0,False,False,23,1.0,50,0.04,0.1,0.046,0.9957292079925537,-0.9209771752357483,0,False
214,21.41225615888834,21.400000000000006,0.09999999999999432,158,0.7726405018874543,-2.089713675953789,3.047164372863346,3.6336613450300805,0.6117587089538574,0.004247430548518442,0.09318941425577384,0.004247430548518442,0.0,-0.0,False,False,23,1.0,50,0.06,0.1,0.046,0.9913845658302307,-0.9326409101486206,0,False
215,21.512123900000006,21.5,0.10000000000002274,151,0.7509177095543939,-2.085716749744396,2.863905959238341,3.613603575530049,0.6083818078041077,0.004701984792807715,0.09789139904858156,0.004701984792807715,0.0,-0.0,False,False,23,1.0,50,0.08,0.1,0.046,0.9825705885887146,-0.9449433088302612,0,False
216,21.612166501116008,21.599999999999994,0.09999999999999432,163,0.7305257391563496,-2.0778316341460736,2.676886854176434,3.59240369387033,0.6048126220703125,0.004969721143378544,0.1028611201919601,0.004969721143378544,0.0,-0.0,False,False,23,1.0,50,0.1,0.1,0.046,0.9681457877159119,-0.9520843029022217,0,False
217,21.712462089024484,21.700000000000017,0.09999999999999432,164,0.7121887829017185,-2.0663824125151082,2.4874987958024857,3.570823580202085,0.6011794209480286,0.00505885593585022,0.10791997612781032,0.00505885593585022,0.0,-0.0,False,False,23,1.0,50,0.12,0.1,0.046,0.9655597805976868,-0.9539508819580078,0,False
218,21.812685397919267,21.80000000000001,0.09999999999999432,162,0.6963747444441161,-2.0517163214347653,2.297526316782286,3.549440309175125,0.5975793600082397,0.0050127116671218825,0.11293268779493221,0.0050127116671218825,0.0,-0.0,False,False,23,1.0,50,0.14,0.1,0.046,0.9645160436630249,-0.9577934741973877,0,False
219,21.91256851889193,21.900000000000006,0.09999999999999432,162,0.6836191223763328,-2.0343332292949707,2.107040461922766,3.5289899164931056,0.5941363573074341,0.00479402435039702,0.11772671214532923,0.00479402435039702,0.0,-0.0,False,False,23,1.0,50,0.16,0.1,0.046,0.9663470387458801,-0.9528523683547974,0,False
220,22.012600618880242,22.0,0.10000000000002274,162,0.6743606316037529,-2.0148173836792185,1.9179588409681712,3.5101907361833065,0.5909713506698608,0.00440694365012949,0.12213365579545872,0.00440694365012949,0.0,-0.0,False,False,23,1.0,50,0.18,0.1,0.046,0.9677723050117493,-0.9461828470230103,0,False
221,22.11247503105551,22.099999999999994,0.09999999999999432,162,0.6689149511539729,-1.9938739147189084,1.7301509095511556,3.493738090093721,0.5882014036178589,0.0013568641301095925,0.12349051992556831,0.0038568641301095926,0.0,-0.0025,True,True,24,1.0,50,0.0,0.1,0.048,0.9999992847442627,0.36435630917549133,0,False
222,22.212551441043615,22.200000000000017,0.09999999999999432,160,0.6671631951889875,-1.971954582488962,1.5963558831542415,3.479832007167382,0.5858601927757263,0.0032598934017596605,0.12675041332732798,0.0032598934017596605,0.0,-0.0,False,False,24,1.0,50,0.02,0.1,0.048,0.9999985694885254,0.3745783567428589,0,False
223,22.31253759097308,22.30000000000001,0.09999999999999432,162,0.6668682785366815,-1.9500944327439664,1.591430633092552,3.4672471773656413,0.5837414264678955,0.0029501624469143524,0.12970057577424232,0.0029501624469143524,0.0,-0.0,False,False,24,1.0,50,0.04,0.1,0.048,0.9999985098838806,0.3749886751174927,0,False
224,22.412988667842,22.400000000000006,0.09999999999999432,162,0.6655399403897573,-1.9283183972614817,1.670711819123208,3.453944367570148,0.5815017819404602,0.00311847283716786,0.1328190486114102,0.00311847283716786,0.0,-0.0,False,False,24,1.0,50,0.06,0.1,0.048,0.999998927116394,0.37195128202438354,0,False
225,22.512660400941968,22.5,0.10000000000002274,161,0.6626015120562798,-1.9066728083237277,1.7450151520748587,3.4394605019269426,0.5790632963180542,0.0033953384495376796,0.13621438706094788,0.0033953384495376796,0.0,-0.0,False,False,24,1.0,50,0.08,0.1,0.048,0.9999991059303284,0.36841002106666565,0,False
226,22.612678290810436,22.599999999999994,0.09999999999999432,161,0.6580741119210894,-1.885297594176619,1.817371341539302,3.423877008147349,0.5764396786689758,0.0036531156054189764,0.13986750266636686,0.0036531156054189764,0.0,-0.0,False,False,24,1.0,50,0.1,0.1,0.048,0.9999992847442627,0.3641938865184784,0,False
227,22.712809321004897,22.700000000000017,0.09999999999999432,156,0.6520034799917672,-1.8643037970862975,1.8892350768651889,3.407279208311492,0.573645293712616,0.003890891378632258,0.14375839404499913,0.003890891378632258,0.0,-0.0,False,False,24,1.0,50,0.12,0.1,0.048,0.9999994039535522,0.35940051078796387,0,False
228,22.81326727801934,22.80000000000001,0.09999999999999432,163,0.6444357919923729,-1.84379641550439,1.9604733492170205,3.3897492381977496,0.5706939697265625,0.004109412708779013,0.14786780675377814,0.004109412708779013,0.0,-0.0,False,False,24,1.0,50,0.14,0.1,0.048,0.999999463558197,0.3545878231525421,0,False
229,22.913348896894604,22.900000000000006,0.09999999999999432,162,0.6354321673770718,-1.8238719436368003,2.03082591372173,3.3713773763556327,0.5676009058952332,0.0043067707502103675,0.1521745775039885,0.0043067707502103675,0.0,-0.0,False,False,24,1.0,50,0.16,0.1,0.048,0.9999995827674866,0.3499470353126526,0,False
230,23.013053169939667,23.0,0.10000000000002274,159,0.6250538712072231,-1.804621249367935,2.100229174988734,3.3522510690664316,0.5643808245658875,0.004483629449239068,0.15665820695322757,0.004483629449239068,0.0,-0.0,False,False,24,1.0,50,0.18,0.1,0.048,0.9999996423721313,0.34668049216270447,0,False
231,23.11329348804429,23.099999999999994,0.09999999999999432,160,0.6133676910560544,-1.7861294637563259,2.169017311891833,3.332460948913184,0.5610489845275879,0.002139241866263419,0.15879744881949098,0.004639241866263419,0.0,-0.0025,True,True,25,1.0,50,0.0,0.1,0.05,0.999984085559845,0.10654732584953308,0,False
232,23.213558536954224,23.200000000000017,0.09999999999999432,162,0.6005827284352199,-1.7683704375615306,2.2045034002200383,3.312158896279183,0.5576309561729431,0.004759250162272658,0.16355669898176364,0.004759250162272658,0.0,-0.0,False,False,25,1.0,50,0.02,0.1,0.05,0.9999856948852539,0.10185211896896362,0,False
233,23.3132399097085,23.30000000000001,0.09999999999999432,161,0.5873925648884175,-1.7508095538520714,2.227025432123235,3.2916394670593028,0.5541763305664062,0.004810208041767496,0.16836690702353113,0.004810208041767496,0.0,-0.0,False,False,25,1.0,50,0.04,0.1,0.05,0.9999865293502808,0.09910819679498672,0,False
234,23.41325744986534,23.400000000000006,0.09999999999999432,161,0.5738502765035486,-1.733523392269128,2.24594944644356,3.270985859132503,0.5506991147994995,0.004841662498328751,0.1732085695218599,0.004841662498328751,0.0,-0.0,False,False,25,1.0,50,0.06,0.1,0.05,0.9999870657920837,0.09691900759935379,0,False
235,23.51350470772013,23.5,0.10000000000002274,161,0.5599726649531112,-1.7165104892035028,2.2643764245726414,3.2502086935046086,0.5472010970115662,0.004870627156217543,0.17807919667807745,0.004870627156217543,0.0,-0.0,False,False,25,1.0,50,0.08,0.1,0.05,0.9999856352806091,0.0931965634226799,0,False
236,23.613350910134614,23.599999999999994,0.09999999999999432,161,0.5457736824745625,-1.6997599783930502,2.2826487020234616,3.2293122185779497,0.5436829924583435,0.004898595894637372,0.18297779257271482,0.004898595894637372,0.0,-0.0,False,False,25,1.0,50,0.1,0.1,0.05,0.9999840259552002,0.08944395929574966,0,False
237,23.71379087679088,23.700000000000017,0.09999999999999432,157,0.531276503736805,-1.683260816616396,2.3003740647174404,3.208307763425406,0.5401467084884644,0.004923908847806632,0.18790170142052146,0.004923908847806632,0.0,-0.0,False,False,25,1.0,50,0.12,0.1,0.05,0.9999822974205017,0.0858086571097374,0,False
238,23.813430409878492,23.80000000000001,0.09999999999999432,158,0.5164943440152002,-1.667008878765308,2.3173547192881294,3.187202408717527,0.5365934371948242,0.004947561935194389,0.19284926335571584,0.004947561935194389,0.0,-0.0,False,False,25,1.0,50,0.14,0.1,0.05,0.9999803900718689,0.08234336972236633,0,False
239,23.913514468818903,23.900000000000006,0.09999999999999432,161,0.5014419821516817,-1.6509993475294553,2.333608295880829,3.1660050052925004,0.5330246686935425,0.00496914019035506,0.1978184035460709,0.00496914019035506,0.0,-0.0,False,False,25,1.0,50,0.16,0.1,0.05,0.9999783635139465,0.07910013943910599,0,False
240,24.01397592574358,24.0,0.10000000000002274,159,0.48613753496098044,-1.6352247480434097,2.349193280076324,3.1447247580220408,0.5294419527053833,0.004988560619999695,0.20280696416607058,0.004988560619999695,0.0,-0.0,False,False,25,1.0,50,0.18,0.1,0.05,0.9999760985374451,0.07609616965055466,0,False
241,24.113691927865148,24.099999999999994,0.09999999999999432,158,0.47059616913473334,-1.6196907398755764,2.3642003416264514,3.1233765363143027,0.5258477926254272,0.00250449533150301,0.2053114594975736,0.00500449533150301,0.0,-0.0025,True,True,26,1.0,50,0.0,0.1,0.052,0.9997144937515259,-0.012348121032118797,0,False
242,24.213898696936667,24.200000000000017,0.09999999999999432,160,0.4548890713119044,-1.6043488675308968,2.3662292456809046,3.101994681421453,0.5222479701042175,0.005012379693965561,0.21032383919153916,0.005012379693965561,0.0,-0.0,False,False,26,1.0,50,0.02,0.1,0.052,0.9997104406356812,-0.0123862624168396,0,False
243,24.31386350793764,24.30000000000001,0.09999999999999432,161,0.43920065927514734,-1.5889400460816316,2.3648679768588696,3.0806022055227786,0.5186463594436646,0.005014869492637918,0.21533870868417707,0.005014869492637918,0.0,-0.0,False,False,26,1.0,50,0.04,0.1,0.052,0.9997005462646484,-0.010836326517164707,0,False
244,24.414331504143775,24.400000000000006,0.09999999999999432,162,0.4235399369610792,-1.5734956339487824,2.3625436511478397,3.0592238909652036,0.5150471329689026,0.0050115497610748105,0.22035025844525188,0.0050115497610748105,0.0,-0.0,False,False,26,1.0,50,0.06,0.1,0.052,0.9996820688247681,-0.009466610848903656,0,False
245,24.513965466991067,24.5,0.10000000000002274,161,0.40790464282245165,-1.558020423896808,2.36046008149644,3.037860091782256,0.5114503502845764,0.005008147036222543,0.22535840548147443,0.005008147036222543,0.0,-0.0,False,False,26,1.0,50,0.08,0.1,0.052,0.9996628165245056,-0.008196788839995861,0,False
246,24.61440197378397,24.599999999999994,0.09999999999999432,162,0.3922936931382867,-1.5425174462122435,2.358809016152218,3.0165122241080455,0.5078562498092651,0.005004412338213852,0.2303628178196883,0.005004412338213852,0.0,-0.0,False,False,26,1.0,50,0.1,0.1,0.052,0.9996442198753357,-0.007037821225821972,0,False
247,24.714215096086264,24.700000000000017,0.09999999999999432,160,0.3767071630504706,-1.526993820237837,2.3574582086519507,2.995184536344902,0.504265546798706,0.004999681720736404,0.23536249954042468,0.004999681720736404,0.0,-0.0,False,False,26,1.0,50,0.12,0.1,0.052,0.9996256828308105,-0.005954299587756395,0,False
248,24.81412906711921,24.80000000000001,0.09999999999999432,159,0.3611435727341276,-1.5114554288139987,2.356320379908924,2.9738784446269353,0.5006784796714783,0.004994619130102532,0.24035711867052723,0.004994619130102532,0.0,-0.0,False,False,26,1.0,50,0.14,0.1,0.052,0.9996070861816406,-0.004920390900224447,0,False
249,24.914613452740014,24.900000000000006,0.09999999999999432,160,0.3455985642958044,-1.4959034984575186,2.355375668190904,2.9525920017697445,0.4970947206020355,0.004990013002558614,0.24534713167308583,0.004990013002558614,0.0,-0.0,False,False,26,1.0,50,0.16,0.1,0.052,0.9995911121368408,-0.003911199513822794,0,False
250,25.0145979328081,25.0,0.10000000000002274,161,0.33006616997992866,-1.4803371707832764,2.354626567975339,2.931319366220126,0.493513286113739,0.0049867762642844555,0.2503339079373703,0.0049867762642844555,0.0,-0.0,False,False,26,1.0,50,0.18,0.1,0.052,0.9995752573013306,-0.0029483872931450605,0,False
251,25.11541255703196,25.099999999999994,0.10099999999999909,163,0.31454248487726766,-1.4647574668732992,2.354062456489166,2.910058059743387,0.4899337589740753,0.0024841204790339902,0.25281802841640433,0.00498412047903399,0.0,-0.0025,True,True,27,1.0,50,0.0,0.1,0.054,0.9863142371177673,0.14813090860843658,0,False
252,25.215537645854056,25.200000000000017,0.09999999999999432,162,0.29908171026449,-1.4494674805474113,2.3798067622006553,2.889007757249033,0.48638975620269775,0.00493465647874244,0.25775268489514674,0.00493465647874244,0.0,-0.0,False,False,27,1.0,50,0.02,0.1,0.054,0.9888217449188232,0.1262861043214798,0,False
253,25.315271658822894,25.30000000000001,0.09999999999999432,161,0.28321069641853036,-1.4346417413002666,2.4015756276135236,2.8678445180594094,0.48282673954963684,0.004961131337958876,0.26271381623310563,0.004961131337958876,0.0,-0.0,False,False,27,1.0,50,0.04,0.1,0.054,0.9905132055282593,0.10719641298055649,0,False
254,25.415524556767195,25.400000000000006,0.09999999999999432,162,0.26698636399434983,-1.42015254714925,2.422037513168852,2.8465513485651965,0.47924184799194336,0.004991589875051061,0.2677054061081567,0.004991589875051061,0.0,-0.0,False,False,27,1.0,50,0.06,0.1,0.054,0.9908450245857239,0.08483057469129562,0,False
255,25.51541203772649,25.5,0.09999999999999432,161,0.25049257811837006,-1.405951911419212,2.4383896077886207,2.8251751582087863,0.47564297914505005,0.00501105180134038,0.27271645790949706,0.00501105180134038,0.0,-0.0,False,False,27,1.0,50,0.08,0.1,0.054,0.9908468127250671,0.06387460231781006,0,False
256,25.615382067859173,25.599999999999994,0.10000000000002274,162,0.23379762910776428,-1.3919736037788812,2.4507324742356515,2.8037405523203405,0.4720342755317688,0.005024745694038397,0.27774120360353544,0.005024745694038397,0.0,-0.0,False,False,27,1.0,50,0.1,0.1,0.054,0.9907953143119812,0.05152049660682678,0,False
257,25.715807035099715,25.700000000000017,0.09999999999999432,163,0.216944584320802,-1.3781765711478857,2.460567128029284,2.782263816442123,0.4684184789657593,0.005034621895438875,0.2827758254989743,0.005034621895438875,0.0,-0.0,False,False,27,1.0,50,0.12,0.1,0.054,0.990752100944519,0.04207426309585571,0,False
258,25.815678775776178,25.80000000000001,0.09999999999999432,161,0.19996594239294727,-1.3645297734487327,2.468599356400794,2.760756810697305,0.46479758620262146,0.0050417178216552545,0.28781754332062953,0.0050417178216552545,0.0,-0.0,False,False,27,1.0,50,0.14,0.1,0.054,0.9907045364379883,0.03466218337416649,0,False
259,25.915772794745862,25.900000000000006,0.09999999999999432,161,0.1828873442703784,-1.351008528784165,2.475251407447348,2.7392290939911286,0.4611732065677643,0.005046572929066439,0.292864116249696,0.005046572929066439,0.0,-0.0,False,False,27,1.0,50,0.16,0.1,0.054,0.9906535148620605,0.0288094412535429,0,False
260,26.015548347029835,26.0,0.09999999999999432,161,0.16572717476598828,-1.337592409667376,2.4808038314392773,2.717686330860034,0.45754629373550415,0.005050100143852235,0.2979142163935482,0.005050100143852235,0.0,-0.0,False,False,27,1.0,50,0.18,0.1,0.054,0.9905996322631836,0.024202119559049606,0,False
261,26.116005703806877,26.099999999999994,0.10000000000002274,159,0.148498068365251,-1.3242642669716571,2.485473951001939,2.6961304684884224,0.45391717553138733,0.00255317089554818,0.3004673872890964,0.00505317089554818,0.0,-0.0025,True,True,28,1.0,50,0.0,0.1,0.056,0.9666230082511902,0.12659889459609985,0,False
262,26.215684375725687,26.200000000000017,0.09999999999999432,161,0.13142356123270948,-1.3114177602130557,2.5151457408676707,2.674948996572133,0.4503510892391205,0.004965405492346473,0.30543279278144286,0.004965405492346473,0.0,-0.0,False,False,28,1.0,50,0.02,0.1,0.056,0.9754875302314758,0.08447752147912979,0,False
263,26.315745065920055,26.30000000000001,0.09999999999999432,162,0.11400050354215027,-1.298922235065734,2.528032142310249,2.6536384794350725,0.446763277053833,0.004995656546216074,0.31042844932765895,0.004995656546216074,0.0,-0.0,False,False,28,1.0,50,0.04,0.1,0.056,0.9810202717781067,0.06504454463720322,0,False
264,26.416051072999835,26.400000000000006,0.09999999999999432,162,0.09627365456147913,-1.2866108724074146,2.5391428830213316,2.6321550169198327,0.44314634799957275,0.005036198767931427,0.3154646480955904,0.005036198767931427,0.0,-0.0,False,False,28,1.0,50,0.06,0.1,0.056,0.9849381446838379,0.047301847487688065,0,False
265,26.515962483827025,26.5,0.09999999999999432,162,0.07835510445293191,-1.2744298137125727,2.548299971458172,2.6105695927486754,0.4395122528076172,0.005060100835186347,0.3205247489307767,0.005060100835186347,0.0,-0.0,False,False,28,1.0,50,0.08,0.1,0.056,0.9874725937843323,0.033069245517253876,0,False
266,26.616037863772362,26.599999999999994,0.10000000000002274,161,0.060307506881427074,-1.2623479622394942,2.5547447397921577,2.588921150609625,0.4358675479888916,0.005074873640642485,0.32559962257141917,0.005074873640642485,0.0,-0.0,False,False,28,1.0,50,0.1,0.1,0.056,0.9888665080070496,0.023716650903224945,0,False
267,26.716193662025034,26.700000000000017,0.09999999999999432,162,0.0421704219134023,-1.2503446505100482,2.5592035099000654,2.5672339417993135,0.4322163164615631,0.005083961405796792,0.330683583977216,0.005083961405796792,0.0,-0.0,False,False,28,1.0,50,0.12,0.1,0.056,0.989623486995697,0.01785934716463089,0,False
268,26.815883724950254,26.80000000000001,0.09999999999999432,161,0.023970593226936,-1.2384027498730217,2.5625369934654074,2.5455228357258965,0.4285610616207123,0.0050895634528096735,0.3357731474300257,0.0050895634528096735,0.0,-0.0,False,False,28,1.0,50,0.14,0.1,0.056,0.990074634552002,0.013758387416601181,0,False
269,26.91624540183693,26.900000000000006,0.09999999999999432,160,0.005726066659578657,-1.2265092879592914,2.5651373049025636,2.5237972142778524,0.42490336298942566,0.00509296617766194,0.3408661136076876,0.00509296617766194,0.0,-0.0,False,False,28,1.0,50,0.16,0.1,0.056,0.9902686476707458,0.011245283298194408,0,False
270,27.01644218992442,27.0,0.09999999999999432,159,-0.012549462297981253,-1.2146568222691365,2.5673240977700655,2.5020653972430775,0.42124462127685547,0.005094418560220754,0.34596053216790834,0.005094418560220754,0.0,-0.0,False,False,28,1.0,50,0.18,0.1,0.056,0.9903357625007629,0.00974886491894722,0,False
271,27.115954094100744,27.099999999999994,0.10000000000002274,162,-0.03084980562538594,-1.2028408668495203,2.569221252190497,2.480330393906555,0.4175853431224823,0.0025951654998225553,0.3485556976677309,0.005095165499822555,0.0,-0.0025,True,True,29,1.0,50,0.0,0.1,0.058,0.910760223865509,0.08473224192857742,0,False
272,27.216386200860143,27.200000000000017,0.09999999999999432,159,-0.048055191149083964,-1.191955638366173,2.5928418055005307,2.4600049750597397,0.41416338086128235,0.004764727719351905,0.3533204253870828,0.004764727719351905,0.0,-0.0,False,False,29,1.0,50,0.02,0.1,0.058,0.9134557843208313,0.0279450211673975,0,False
273,27.31653492897749,27.30000000000001,0.09999999999999432,158,-0.06519006274687973,-1.1814699482061282,2.5947089641997367,2.4399353454365373,0.4107844829559326,0.004704765067991813,0.35802519045507464,0.004704765067991813,0.0,-0.0,False,False,29,1.0,50,0.04,0.1,0.058,0.9138321280479431,0.02218695916235447,0,False
274,27.416642249096185,27.400000000000006,0.09999999999999432,161,-0.08239719529677811,-1.1710660674956,2.597515591946678,2.4198423496005206,0.4074016511440277,0.004710242625071062,0.3627354330801457,0.004710242625071062,0.0,-0.0,False,False,29,1.0,50,0.06,0.1,0.058,0.9145734906196594,0.010368765331804752,0,False
275,27.516387779731303,27.5,0.09999999999999432,159,-0.09962804815557318,-1.1606786754995224,2.599898613921669,2.3997369625910414,0.40401673316955566,0.0047131473901888985,0.36744858047033463,0.0047131473901888985,0.0,-0.0,False,False,29,1.0,50,0.08,0.1,0.058,0.9151314496994019,0.0015501516172662377,0,False
276,27.616624617949128,27.599999999999994,0.10000000000002274,162,-0.11687599316123451,-1.1502967876950396,2.6002963856984085,2.3796193614248637,0.40062975883483887,0.004716010658662156,0.3721645911289968,0.004716010658662156,0.0,-0.0,False,False,29,1.0,50,0.1,0.1,0.058,0.9152738451957703,0.0005065202130936086,0,False
277,27.71664363797754,27.700000000000017,0.09999999999999432,162,-0.13413303375283075,-1.1399200332892232,2.6002287405856492,2.359496626772538,0.3972419202327728,0.004717214061353703,0.3768818051903505,0.004717214061353703,0.0,-0.0,False,False,29,1.0,50,0.12,0.1,0.058,0.9153568148612976,0.00146715238224715,0,False
278,27.816520758904517,27.80000000000001,0.09999999999999432,162,-0.15139423594499213,-1.1295461856236313,2.6004975906806735,2.3393717679190464,0.39385372400283813,0.004717712021088341,0.38159951721143887,0.004717712021088341,0.0,-0.0,False,False,29,1.0,50,0.14,0.1,0.058,0.9155093431472778,0.0013015412259846926,0,False
279,27.916615237947553,27.900000000000006,0.09999999999999432,161,-0.16865995119921812,-1.1191744913676518,2.6007955671547958,2.3192442538140994,0.3904650807380676,0.0047183344707563005,0.3863178516821952,0.0047183344707563005,0.0,-0.0,False,False,29,1.0,50,0.16,0.1,0.058,0.9156621098518372,0.001114144455641508,0,False
280,28.016841846052557,28.0,0.09999999999999432,162,-0.1859308783543987,-1.108805579411967,2.6010218576200077,2.2991137304241684,0.38707593083381653,0.004719039913713522,0.3910368915959087,0.004719039913713522,0.0,-0.0,False,False,29,1.0,50,0.18,0.1,0.058,0.9158005118370056,0.001215993775986135,0,False
281,28.116999235004187,28.099999999999994,0.10000000000002274,162,-0.2032070551914403,-1.09843952516682,2.6012556444390573,2.2789803747660176,0.3836863040924072,0.0022197038600261644,0.3932565954559349,0.0047197038600261644,0.0,-0.0025,True,True,30,1.0,50,0.0,0.1,0.06,0.8832301497459412,0.12093839794397354,0,False
282,28.216936144977808,28.200000000000017,0.09999999999999432,157,-0.2200705139972802,-1.0885292854555237,2.62799888574087,2.2594283421600077,0.3803945481777191,0.004583428879357395,0.3978400243352923,0.004583428879357395,0.0,-0.0,False,False,30,1.0,50,0.02,0.1,0.06,0.8833824396133423,0.0877753496170044,0,False
283,28.316946094855666,28.30000000000001,0.09999999999999432,160,-0.23702213123397758,-1.0790771202490472,2.641620347598828,2.2400200471661593,0.3771269917488098,0.004549733603991051,0.40238975793928333,0.004549733603991051,0.0,-0.0,False,False,30,1.0,50,0.04,0.1,0.06,0.8833907246589661,0.07060107588768005,0,False
284,28.41705952398479,28.400000000000006,0.09999999999999432,161,-0.25412184353863154,-1.0698927977147652,2.654147391875642,2.2206108670884923,0.3738592863082886,0.004549941087213739,0.40693969902649707,0.004549941087213739,0.0,-0.0,False,False,30,1.0,50,0.06,0.1,0.06,0.8835535049438477,0.05326461419463158,0,False
285,28.5168228847906,28.5,0.09999999999999432,161,-0.2713340933631442,-1.0608980066460498,2.6644691727950627,2.2011944293235115,0.37059035897254944,0.004551642449639924,0.411491341476137,0.004551642449639924,0.0,-0.0,False,False,30,1.0,50,0.08,0.1,0.06,0.8840780854225159,0.03735406696796417,0,False
286,28.616919823922217,28.599999999999994,0.10000000000002274,162,-0.288633871274472,-1.0520360268552849,2.6716847701972686,2.181765423368305,0.3673193156719208,0.004554588711402236,0.4160459301875392,0.004554588711402236,0.0,-0.0,False,False,30,1.0,50,0.1,0.1,0.06,0.8844395279884338,0.025992557406425476,0,False
287,28.717360330745578,28.700000000000017,0.09999999999999432,162,-0.30599639791194194,-1.043269838444443,2.6764768923873263,2.162327743591675,0.3640468120574951,0.004556622046984638,0.42060255223452386,0.004556622046984638,0.0,-0.0,False,False,30,1.0,50,0.12,0.1,0.06,0.8848475217819214,0.015413821674883366,0,False
288,28.81741377012804,28.80000000000001,0.09999999999999432,162,-0.3234076071764301,-1.0345629861032175,2.678949165170217,2.1428764335242363,0.3607720136642456,0.004559817288614217,0.4251623695231381,0.004559817288614217,0.0,-0.0,False,False,30,1.0,50,0.14,0.1,0.06,0.8857341408729553,0.0029725641943514347,0,False
289,28.917028252966702,28.900000000000006,0.09999999999999432,158,-0.3408489155311103,-1.0258689423295038,2.6792689982347744,2.123405297579258,0.35749387741088867,0.004564464912802714,0.4297268344359408,0.004564464912802714,0.0,-0.0,False,False,30,1.0,50,0.16,0.1,0.06,0.8861666917800903,-0.0020585330203175545,0,False
290,29.017434728797525,29.0,0.09999999999999432,162,-0.3582979920729593,-1.0171683448147244,2.6787323974718507,2.103924425712274,0.3542141020298004,0.0045667472282523835,0.4342935816641932,0.0045667472282523835,0.0,-0.0,False,False,30,1.0,50,0.18,0.1,0.06,0.8864061236381531,-0.004302206914871931,0,False
291,29.117476868908852,29.099999999999994,0.10000000000002274,160,-0.3757448397362054,-1.0084534720234346,2.6778558907981647,2.084438774392669,0.3509335219860077,0.0020678676376548765,0.43636144930184806,0.004567867637654877,0.0,-0.0025,True,True,31,1.0,50,0.0,0.1,0.062,0.5706937909126282,-0.9659327268600464,0,False
292,29.217400698922575,29.200000000000017,0.09999999999999432,161,-0.39314006375584726,-0.99968024269984,2.656760708551575,2.0649706477326744,0.34765589237213135,0.004563759469845596,0.44092520877169367,0.004563759469845596,0.0,-0.0,False,False,31,1.0,50,0.02,0.1,0.062,0.5721874833106995,-0.9687301516532898,0,False
293,29.317458817735314,29.30000000000001,0.09999999999999432,159,-0.4085267824533114,-0.9903967682746715,2.5264056388641722,2.047013005117723,0.3446325659751892,0.004209668601987086,0.44513487737368074,0.004209668601987086,0.0,-0.0,False,False,31,1.0,50,0.04,0.1,0.062,0.5661532878875732,-0.9688364863395691,0,False
294,29.417596627026796,29.400000000000006,0.09999999999999432,163,-0.41883131166454635,-0.9817554596965055,2.3403990024502836,2.033815520296658,0.3424106538295746,0.003093782333666768,0.4482286597073475,0.003093782333666768,0.0,-0.0,False,False,31,1.0,50,0.06,0.1,0.062,0.5493062138557434,-0.9735215902328491,0,False
295,29.517739125993103,29.5,0.09999999999999432,162,-0.42663288475815875,-0.9720378791713763,2.1478927939053345,2.0222979245635404,0.3404715657234192,0.00269997917698376,0.45092863888433127,0.00269997917698376,0.0,-0.0,False,False,31,1.0,50,0.08,0.1,0.062,0.5437079668045044,-0.9794930219650269,0,False
296,29.617886994034052,29.599999999999994,0.10000000000002274,160,-0.4323019684521007,-0.9612309281095563,1.9530312770802662,2.012143357911265,0.33876195549964905,0.0023804550140271315,0.4533090938983584,0.0023804550140271315,0.0,-0.0,False,False,31,1.0,50,0.1,0.1,0.062,0.5147705078125,-0.9883975982666016,0,False
297,29.717588155996054,29.700000000000017,0.09999999999999432,161,-0.4356170759239734,-0.9499679225839518,1.7560031012745414,2.003867824206151,0.3373686969280243,0.0019399681322368808,0.4552490620305953,0.0019399681322368808,0.0,-0.0,False,False,31,1.0,50,0.12,0.1,0.062,0.5196593403816223,-0.9959914088249207,0,False
298,29.817890152800828,29.80000000000001,0.09999999999999432,162,-0.43666260167342485,-0.9381565635473225,1.557775537026674,1.9973723710772644,0.3362751305103302,0.0015226778747443282,0.4567717399053396,0.0015226778747443282,0.0,-0.0,False,False,31,1.0,50,0.14,0.1,0.062,0.5256728529930115,-0.9986228942871094,0,False
299,29.917685185093433,29.900000000000006,0.09999999999999432,161,-0.4353600160498588,-0.9263157135214037,1.3592637936401624,1.9929915602080845,0.3355375826358795,0.0010269589590715892,0.45779869886441116,0.0010269589590715892,0.0,-0.0,False,False,31,1.0,50,0.16,0.1,0.062,0.5190970301628113,-0.9994093179702759,0,False
300,30.017921383026987,30.0,0.09999999999999432,162,-0.43183388072582185,-0.9152150893780348,1.1606604097459488,1.9909871993921913,0.33520013093948364,0.00046986650612447105,0.4582685653705356,0.00046986650612447105,0.0,-0.0,False,False,31,1.0,50,0.18,0.1,0.062,0.491682767868042,-0.9998069405555725,0,False
301,30.11872828612104,30.099999999999994,0.10099999999999909,163,-0.4264406979136238,-0.9054917168585178,0.9619760968852235,1.991338223634699,0.33525922894477844,-0.00258228784612246,0.45568627752441315,-8.228784612245996e-05,0.0,-0.0025,True,True,32,1.0,50,0.0,0.1,0.064,0.8537308573722839,0.32241544127464294,0,False
302,30.21895457385108,30.200000000000017,0.10000000000002274,158,-0.4184090668596196,-0.8958698154567357,0.8159437079522724,1.9941536752620754,0.33573323488235474,-0.0006600041314059692,0.45502627339300716,-0.0006600041314059692,0.0,-0.0,False,False,32,1.0,50,0.02,0.1,0.064,0.8605101108551025,0.32052233815193176,0,False
303,30.318819174077362,30.30000000000001,0.09999999999999432,161,-0.40909903773854667,-0.8863358207048114,0.7949223851861774,1.9982286011635026,0.3364192843437195,-0.0009552527573067772,0.4540710206357004,-0.0009552527573067772,0.0,-0.0,False,False,32,1.0,50,0.04,0.1,0.064,0.8619630932807922,0.31968942284584045,0,False
304,30.419177431147546,30.400000000000006,0.09999999999999432,161,-0.39712225870331175,-0.8736574784636839,0.8409902900505906,2.003408465704231,0.3372913599014282,-0.0012142748125244089,0.452856745823176,-0.0012142748125244089,0.0,-0.0,False,False,32,1.0,50,0.06,0.1,0.064,0.8600823283195496,0.32098859548568726,0,False
305,30.519397968892008,30.5,0.09999999999999432,162,-0.38506923941561516,-0.8592551576078108,0.9054430878901426,2.008057102936958,0.3380739986896515,-0.0010897433822603074,0.45176700244091567,-0.0010897433822603074,0.0,-0.0,False,False,32,1.0,50,0.08,0.1,0.064,0.8575735688209534,0.3224506080150604,0,False
306,30.61901674186811,30.599999999999994,0.09999999999999432,159,-0.3739865232171466,-0.8441573377092219,0.9704956447712366,2.0116974526833897,0.33868688344955444,-0.0008533784949615732,0.4509136239459541,-0.0008533784949615732,0.0,-0.0,False,False,32,1.0,50,0.1,0.1,0.064,0.8552905917167664,0.3229084610939026,0,False
307,30.719497127924114,30.700000000000017,0.10000000000002274,161,-0.3639165979469455,-0.8284218828798111,1.0349491691765151,2.014319956038283,0.33912840485572815,-0.0006147727888575406,0.45029885115709656,-0.0006147727888575406,0.0,-0.0,False,False,32,1.0,50,0.12,0.1,0.064,0.8530205488204956,0.32244598865509033,0,False
308,30.81950988713652,30.80000000000001,0.09999999999999432,158,-0.35490394745114434,-0.8121103064523221,1.099025266066136,2.01591239884494,0.33939650654792786,-0.00037330381428025045,0.4499255473428163,-0.00037330381428025045,0.0,-0.0,False,False,32,1.0,50,0.14,0.1,0.064,0.851554274559021,0.32331278920173645,0,False
309,30.91923661902547,30.900000000000006,0.09999999999999432,161,-0.3469699225859887,-0.7952769531878369,1.1632585520342626,2.0164786754721624,0.3394918441772461,-0.00013274776588286975,0.44979279957693347,-0.00013274776588286975,0.0,-0.0,False,False,32,1.0,50,0.16,0.1,0.064,0.8514120578765869,0.32217633724212646,0,False
310,31.01926616812125,31.0,0.09999999999999432,160,-0.34013426237068034,-0.7779700266020175,1.2272458019602426,2.0160203790708247,0.33941468596458435,0.00010743481271361056,0.4499002343896471,0.00010743481271361056,0.0,-0.0,False,False,32,1.0,50,0.18,0.1,0.064,0.851471483707428,0.3206265866756439,0,False
311,31.119331596884876,31.099999999999994,0.09999999999999432,157,-0.3344197146533832,-0.7602620372498984,1.2909781742915105,2.0145442362779487,0.33916616439819336,-0.002153959481182357,0.44774627490846475,0.00034604051881764313,0.0,-0.0025,True,True,33,1.0,50,0.0,0.1,0.066,0.966147243976593,0.35438644886016846,0,False
312,31.21937615610659,31.200000000000017,0.10000000000002274,158,-0.3294061926066267,-0.7403927948491908,1.3576575036348368,2.0117909175346473,0.33870261907577515,0.0006454388091724144,0.44839171371763714,0.0006454388091724144,0.0,-0.0,False,False,33,1.0,50,0.02,0.1,0.066,0.9646540880203247,0.3523702621459961,0,False
313,31.319411816075444,31.30000000000001,0.09999999999999432,160,-0.3256772083255743,-0.7196461103416881,1.427601783044373,2.0077290908737373,0.3380187749862671,0.0009521820056108319,0.44934389572324795,0.0009521820056108319,0.0,-0.0,False,False,33,1.0,50,0.04,0.1,0.066,0.9623778462409973,0.3500826954841614,0,False
314,31.419847821816802,31.400000000000006,0.09999999999999432,162,-0.32340522379110215,-0.6987426603804776,1.4974588097515227,2.002460717951136,0.3371317982673645,0.0012350231347943294,0.4505789188580423,0.0012350231347943294,0.0,-0.0,False,False,33,1.0,50,0.06,0.1,0.066,0.9595224261283875,0.3477436900138855,0,False
315,31.519514973741025,31.5,0.09999999999999432,158,-0.3225870156597371,-0.6777968896247455,1.5666421300106537,1.9960180158178455,0.33604711294174194,0.0015103118746714929,0.4520892307327138,0.0015103118746714929,0.0,-0.0,False,False,33,1.0,50,0.08,0.1,0.066,0.9554704427719116,0.3455421030521393,0,False
316,31.619687671773136,31.599999999999994,0.09999999999999432,155,-0.3232091365677083,-0.6569429447819416,1.6353375394753014,1.988446123748621,0.3347723186016083,0.0017750189701910084,0.4538642497029048,0.0017750189701910084,0.0,-0.0,False,False,33,1.0,50,0.1,0.1,0.066,0.9498723149299622,0.34873712062835693,0,False
317,31.71972077107057,31.700000000000017,0.10000000000002274,161,-0.3252547521590611,-0.6363099805829626,1.7048207439312622,1.9797878798002886,0.3333146274089813,0.002029683877731989,0.4558939335806368,0.002029683877731989,0.0,-0.0,False,False,33,1.0,50,0.12,0.1,0.066,0.943636953830719,0.35308247804641724,0,False
318,31.819753769785166,31.80000000000001,0.09999999999999432,162,-0.3287110377968583,-0.6160097603196395,1.7753192867798757,1.9700737308562128,0.33167916536331177,0.0022772113624120113,0.4581711449430488,0.0022772113624120113,0.0,-0.0,False,False,33,1.0,50,0.14,0.1,0.066,0.9369158744812012,0.3621218502521515,0,False
319,31.91971084009856,31.900000000000006,0.09999999999999432,160,-0.3335698290321026,-0.5961532725124327,1.8477202610812904,1.9593265120789167,0.3298697769641876,0.0025193857799464714,0.46069053072299526,0.0025193857799464714,0.0,-0.0,False,False,33,1.0,50,0.16,0.1,0.066,0.930427610874176,0.37188249826431274,0,False
320,32.020019536837935,32.0,0.09999999999999432,162,-0.3398242322599154,-0.5768454208570187,1.9220567825416737,1.9475637481280115,0.32788941264152527,0.002757452029671391,0.46344798275266663,0.002757452029671391,0.0,-0.0,False,False,33,1.0,50,0.18,0.1,0.066,0.9230343699455261,0.3818727135658264,0,False
321,32.119955176953226,32.099999999999994,0.09999999999999432,159,-0.3474377702967809,-0.5582407661360621,1.998333521162978,1.9348435005020053,0.32574784755706787,0.0004819073799873482,0.46392989013265395,0.0029819073799873482,0.0,-0.0025,True,True,34,1.0,50,0.0,0.1,0.068,0.9587770700454712,-0.26496627926826477,0,False
322,32.21979222772643,32.20000000000002,0.10000000000002274,161,-0.3566311745545619,-0.5393978777883508,2.025881278880962,1.9206662278936077,0.32336097955703735,0.0033234662611946546,0.46725335639384863,0.0033234662611946546,0.0,-0.0,False,False,34,1.0,50,0.02,0.1,0.068,0.9582096338272095,-0.2694038152694702,0,False
323,32.32023970410228,32.30000000000001,0.09999999999999432,155,-0.36537690214963825,-0.5200557452292156,1.969323049449506,1.9069084850152875,0.3210447430610657,0.0032251192136352985,0.4704784756074839,0.0032251192136352985,0.0,-0.0,False,False,34,1.0,50,0.04,0.1,0.068,0.9610490798950195,-0.2547784745693207,0,False
324,32.42034411197528,32.400000000000006,0.09999999999999432,159,-0.37312839664710074,-0.5002773977188951,1.9181836312625493,1.8941323000919377,0.31889376044273376,0.0029950203196619325,0.4734734959271458,0.0029950203196619325,0.0,-0.0,False,False,34,1.0,50,0.06,0.1,0.068,0.9620470404624939,-0.2461690455675125,0,False
325,32.520179132930934,32.5,0.09999999999999432,161,-0.37989628899829186,-0.48012829731884876,1.869783149682503,1.8823656417722299,0.3169127404689789,0.0027583649558513,0.4762318608829971,0.0027583649558513,0.0,-0.0,False,False,34,1.0,50,0.08,0.1,0.068,0.9627902507781982,-0.24021342396736145,0,False
326,32.620276380795985,32.599999999999994,0.09999999999999432,162,-0.3856896506352768,-0.4596617692130534,1.8225503731874533,1.8716332924030885,0.3151058554649353,0.0025159000618050985,0.4787477609448022,0.0025159000618050985,0.0,-0.0,False,False,34,1.0,50,0.1,0.1,0.068,0.9636826515197754,-0.23391865193843842,0,False
327,32.72049677884206,32.70000000000002,0.10000000000002274,160,-0.3905217606524893,-0.4389284363018437,1.7763108914410815,1.861953130677652,0.3134761154651642,0.0022692440066603542,0.48101700495146255,0.0022692440066603542,0.0,-0.0,False,False,34,1.0,50,0.12,0.1,0.068,0.964531421661377,-0.22766542434692383,0,False
328,32.820458048954606,32.80000000000001,0.09999999999999432,160,-0.39440577562903456,-0.4179786647197537,1.731195373799084,1.853341973188476,0.31202635169029236,0.0020186457702843865,0.4830356507217469,0.0020186457702843865,0.0,-0.0,False,False,34,1.0,50,0.14,0.1,0.068,0.9653286337852478,-0.22143755853176117,0,False
329,32.92061303695664,32.900000000000006,0.09999999999999432,161,-0.39735872166174974,-0.3968617319826978,1.6873550971713112,1.8458100869078577,0.3107582926750183,0.001765640728525064,0.484801291450272,0.001765640728525064,0.0,-0.0,False,False,34,1.0,50,0.16,0.1,0.068,0.9661051034927368,-0.21655479073524475,0,False
330,33.0204687169753,33.0,0.09999999999999432,159,-0.3993960287703486,-0.3756153138512763,1.6443482008393273,1.8393643754895836,0.30967310070991516,0.0015110173176286624,0.48631230876790066,0.0015110173176286624,0.0,-0.0,False,False,34,1.0,50,0.18,0.1,0.068,0.9681962132453918,-0.21461433172225952,0,False
331,33.120640164706856,33.099999999999994,0.09999999999999432,161,-0.40052204639112693,-0.3542568585028594,1.6017443632352282,1.834017053090352,0.30877283215522766,-0.0012464693617409448,0.4850658394061597,0.0012535306382590553,0.0,-0.0025,True,True,35,1.0,50,0.0,0.1,0.07,0.9081608653068542,0.2710317373275757,0,False
332,33.220587324816734,33.20000000000002,0.10000000000002274,161,-0.4008877286950601,-0.33305673451880663,1.593202079860343,1.8296808504456359,0.3080427944660187,0.0010165018046475746,0.4860823412108073,0.0010165018046475746,0.0,-0.0,False,False,35,1.0,50,0.02,0.1,0.07,0.9098389148712158,0.26840829849243164,0,False
333,33.32073651300743,33.30000000000001,0.09999999999999432,161,-0.4019722965887966,-0.3132025858111705,1.6510102529976969,1.8251026658848795,0.3072720170021057,0.0010732277177335086,0.4871555689285408,0.0010732277177335086,0.0,-0.0,False,False,35,1.0,50,0.04,0.1,0.07,0.9059391617774963,0.27332907915115356,0,False
334,33.42068937281147,33.400000000000006,0.09999999999999432,162,-0.40410624656052824,-0.29351076412816796,1.707254413733743,1.8197206481999535,0.3063659071922302,0.0012616639805888734,0.48841723290912964,0.0012616639805888734,0.0,-0.0,False,False,35,1.0,50,0.06,0.1,0.07,0.9025773406028748,0.2735464870929718,0,False
335,33.52083624107763,33.5,0.09999999999999432,158,-0.40729596509151234,-0.27403907240727077,1.7615818228644433,1.813528424787363,0.30532339215278625,0.0014515941226476837,0.4898688270317773,0.0014515941226476837,0.0,-0.0,False,False,35,1.0,50,0.08,0.1,0.07,0.8982140421867371,0.27439844608306885,0,False
336,33.620902080088854,33.599999999999994,0.09999999999999432,161,-0.4115207052661029,-0.25485722593044075,1.8158520264430633,1.8065465295917031,0.3041479289531708,0.0016367106539397843,0.4915055376857171,0.0016367106539397843,0.0,-0.0,False,False,35,1.0,50,0.1,0.1,0.07,0.8957245349884033,0.2787167727947235,0,False
337,33.72079906985164,33.70000000000002,0.10000000000002274,162,-0.41678532494321996,-0.23598756618873656,1.8714035309620112,1.7987620403892197,0.3028373420238495,0.001824856440283407,0.4933303941260005,0.001824856440283407,0.0,-0.0,False,False,35,1.0,50,0.12,0.1,0.07,0.8937167525291443,0.28411948680877686,0,False
338,33.82067717984319,33.80000000000001,0.09999999999999432,161,-0.423085547833112,-0.2174875142309299,1.9281607589572485,1.7901747801631496,0.3013916015625,0.0020130437232714527,0.49534343784927193,0.0020130437232714527,0.0,-0.0,False,False,35,1.0,50,0.14,0.1,0.07,0.8914946913719177,0.2900150418281555,0,False
339,33.92066439893097,33.900000000000006,0.09999999999999432,161,-0.4304162140008218,-0.19942654643368105,1.9860938503360284,1.780785633997311,0.29981085658073425,0.002201023523036915,0.49754446137230884,0.002201023523036915,0.0,-0.0,False,False,35,1.0,50,0.16,0.1,0.07,0.8891919851303101,0.296073317527771,0,False
340,34.02109298482537,34.0,0.09999999999999432,162,-0.4387700085423107,-0.1818700195930448,2.0452274509227286,1.770595309958759,0.2980952262878418,0.0023888373362241644,0.499933298708533,0.0023888373362241644,0.0,-0.0,False,False,35,1.0,50,0.18,0.1,0.07,0.8878228068351746,0.3026081323623657,0,False
341,34.12162947002798,34.099999999999994,0.10099999999999909,159,-0.4481428552178989,-0.1648734017211271,2.1056672864455894,1.7595984975445815,0.296243816614151,7.789604874759238e-05,0.5000111947572806,0.0025778960487475924,0.0,-0.0025,True,True,36,1.0,50,0.0,0.1,0.072,0.9521520137786865,-0.15048246085643768,0,False
342,34.22305514803156,34.20000000000002,0.10099999999999909,161,-0.45869591018571104,-0.14779574317349695,2.1182130400674466,1.7475650749619087,0.29421788454055786,0.0028209003991728552,0.5028320951564534,0.0028209003991728552,0.0,-0.0,False,False,36,1.0,50,0.02,0.1,0.072,0.951752781867981,-0.15168827772140503,0,False
343,34.32299538794905,34.30000000000001,0.09999999999999432,162,-0.469298802595651,-0.12965129899755723,2.088132183962415,1.735550593172957,0.2921951413154602,0.002816460258207046,0.5056485554146605,0.002816460258207046,0.0,-0.0,False,False,36,1.0,50,0.04,0.1,0.072,0.9551115036010742,-0.1464182585477829,0,False
344,34.42313228594139,34.400000000000006,0.10000000000002274,161,-0.47941842851931765,-0.11115126944468795,2.057116780114457,1.7241680612305774,0.2902787923812866,0.0026683172371998703,0.5083168726518603,0.0026683172371998703,0.0,-0.0,False,False,36,1.0,50,0.06,0.1,0.072,0.9583329558372498,-0.14089035987854004,0,False
345,34.52322603482753,34.5,0.09999999999999432,162,-0.48904269311701215,-0.09232007224150196,2.0285734500761783,1.713446155850497,0.2884736657142639,0.0025134517597772683,0.5108303244116376,0.0025134517597772683,0.0,-0.0,False,False,36,1.0,50,0.08,0.1,0.072,0.9611677527427673,-0.135626882314682,0,False
346,34.623294442892075,34.599999999999994,0.09999999999999432,160,-0.49817197949721087,-0.07318113552069473,2.001864045372272,1.703400808541453,0.286782443523407,0.0023548515843460262,0.5131851759959836,0.0023548515843460262,0.0,-0.0,False,False,36,1.0,50,0.1,0.1,0.072,0.9636409878730774,-0.13216723501682281,0,False
347,34.72313922410831,34.70000000000002,0.09999999999999432,161,-0.5068107250840161,-0.05375759239861808,1.9758703066404506,1.6940424632925062,0.2852068841457367,0.0021938031068869544,0.5153789791028706,0.0021938031068869544,0.0,-0.0,False,False,36,1.0,50,0.12,0.1,0.072,0.9659296870231628,-0.12873685359954834,0,False
348,34.82349187973887,34.80000000000001,0.09999999999999432,159,-0.5149653958341249,-0.0340694175990724,1.9503932858489361,1.6853789088412614,0.2837482988834381,0.0020309287770681676,0.5174099078799387,0.0020309287770681676,0.0,-0.0,False,False,36,1.0,50,0.14,0.1,0.072,0.968361496925354,-0.12520521879196167,0,False
349,34.92330379085615,34.900000000000006,0.10000000000002274,157,-0.5226412209364903,-0.014134864839659244,1.9255746167718055,1.677418287958851,0.28240805864334106,0.001866145601600508,0.5192760534815392,0.001866145601600508,0.0,-0.0,False,False,36,1.0,50,0.16,0.1,0.072,0.9706324934959412,-0.12168615311384201,0,False
350,35.0234230090864,35.0,0.09999999999999432,161,-0.5298397859158762,0.006027346307357296,1.9014688673606421,1.670171044634336,0.28118792176246643,0.0016989141241050183,0.5209749676056442,0.0016989141241050183,0.0,-0.0,False,False,36,1.0,50,0.18,0.1,0.072,0.972711443901062,-0.11820394545793533,0,False
351,35.12331023905426,35.099999999999994,0.09999999999999432,160,-0.5365700522918292,0.02639586757995467,1.8780677980288685,1.6636393030688814,0.28008824586868286,-0.0009688153131249533,0.5200061522925192,0.0015311846868750467,0.0,-0.0025,True,True,37,1.0,50,0.0,0.1,0.074,0.9572094678878784,0.03096737340092659,0,False
352,35.22330891806632,35.20000000000002,0.09999999999999432,160,-0.5428375209525054,0.04655383708434266,1.8764177051538369,1.6578163366254648,0.2791078984737396,0.001365032122137575,0.5213711844146568,0.001365032122137575,0.0,-0.0,False,False,37,1.0,50,0.02,0.1,0.074,0.9578023552894592,0.031391747295856476,0,False
353,35.32327683689073,35.30000000000001,0.09999999999999432,161,-0.5492240353105752,0.06662583161625223,1.8808403534392177,1.6521199371681266,0.2781488597393036,0.0013353620212915606,0.5227065464359484,0.0013353620212915606,0.0,-0.0,False,False,37,1.0,50,0.04,0.1,0.074,0.9581376910209656,0.031631194055080414,0,False
354,35.42354372376576,35.400000000000006,0.10000000000002274,162,-0.5557313728198524,0.08666303577459455,1.8874828818036924,1.6465508127639212,0.2772112488746643,0.00130552593386749,0.5240120723698158,0.00130552593386749,0.0,-0.0,False,False,37,1.0,50,0.06,0.1,0.074,0.9583991169929504,0.03181614726781845,0,False
355,35.52330497512594,35.5,0.09999999999999432,160,-0.5623627725060877,0.10666576116002366,1.8942468167389859,1.6411073702619756,0.2762947976589203,0.0012760633162441633,0.52528813568606,0.0012760633162441633,0.0,-0.0,False,False,37,1.0,50,0.08,0.1,0.074,0.9586598873138428,0.032001055777072906,0,False
356,35.62365117203444,35.599999999999994,0.09999999999999432,162,-0.5691187506760732,0.12663342008277154,1.9007033960849982,1.6357901407125806,0.2753995954990387,0.0012464762086873075,0.5265346118947474,0.0012464762086873075,0.0,-0.0,False,False,37,1.0,50,0.1,0.1,0.074,0.9589242339134216,0.03223663941025734,0,False
357,35.72346528200433,35.70000000000002,0.09999999999999432,161,-0.576007655422024,0.14656199527213734,1.9070841363093518,1.630592397478714,0.2745245099067688,0.0012184659736228993,0.5277530778683702,0.0012184659736228993,0.0,-0.0,False,False,37,1.0,50,0.12,0.1,0.074,0.9592669010162354,0.03280191868543625,0,False
358,35.823971286881715,35.80000000000001,0.09999999999999432,162,-0.5830288891716234,0.16645217176699778,1.9135935214996906,1.6255159107280133,0.2736698389053345,0.0011900407721131157,0.5289431186404834,0.0011900407721131157,0.0,-0.0,False,False,37,1.0,50,0.14,0.1,0.074,0.9596032500267029,0.033360935747623444,0,False
359,35.9236624580808,35.900000000000006,0.10000000000002274,161,-0.5901841295025312,0.18630224426447511,1.920239524012614,1.6205603264269508,0.27283552289009094,0.0011616985638924382,0.5301048172043759,0.0011616985638924382,0.0,-0.0,False,False,37,1.0,50,0.16,0.1,0.074,0.9599327445030212,0.03391294926404953,0,False
360,36.02384787611663,36.0,0.09999999999999432,162,-0.5974753841828113,0.2061103081908364,1.9270019075134275,1.615724759491708,0.27202141284942627,0.0011335638388944487,0.5312383810432703,0.0011335638388944487,0.0,-0.0,False,False,37,1.0,50,0.18,0.1,0.074,0.9602566957473755,0.034459590911865234,0,False
361,36.12390090478584,36.099999999999994,0.09999999999999432,161,-0.6049045249731932,0.22587434405450357,1.9338708067399053,1.6110086788719935,0.2712274193763733,-0.0013944463961699594,0.5298439346471003,0.0011055536038300407,0.0,-0.0025,True,True,38,1.0,50,0.0,0.1,0.076,0.9871178269386292,-0.32664385437965393,0,False
362,36.22369046509266,36.20000000000002,0.09999999999999432,161,-0.6123559178635409,0.24587303216108952,1.8996653583562924,1.6065699835210687,0.27048012614250183,0.001040528361836128,0.5308844630089364,0.001040528361836128,0.0,-0.0,False,False,38,1.0,50,0.02,0.1,0.076,0.9882636070251465,-0.3246038258075714,0,False
363,36.3240529820323,36.30000000000001,0.09999999999999432,160,-0.6187098139127857,0.2667953283032057,1.8362964833424862,1.6036391169637303,0.26998668909072876,0.0006870599436458887,0.5315715229525824,0.0006870599436458887,0.0,-0.0,False,False,38,1.0,50,0.04,0.1,0.076,0.9899495840072632,-0.3204566240310669,0,False
364,36.42407974973321,36.400000000000006,0.10000000000002274,159,-0.6237393450610278,0.28811521129886336,1.7709922802883682,1.602375748320877,0.2697739899158478,0.00029616155208071743,0.531867684504663,0.00029616155208071743,0.0,-0.0,False,False,38,1.0,50,0.06,0.1,0.076,0.991614818572998,-0.3151927888393402,0,False
365,36.524123708717525,36.5,0.09999999999999432,161,-0.6274284235438432,0.30973995159886575,1.7077123056169443,1.602785188095421,0.2698429226875305,-9.598173882063241e-05,0.5317717027658424,-9.598173882063241e-05,0.0,-0.0,False,False,38,1.0,50,0.08,0.1,0.076,0.9928831458091736,-0.3084026277065277,0,False
366,36.624183206819,36.599999999999994,0.09999999999999432,162,-0.6297793221398565,0.33157305946426174,1.6466912081484724,1.6048469023427676,0.27019003033638,-0.0004833114189553245,0.5312883913468871,-0.0004833114189553245,0.0,-0.0,False,False,38,1.0,50,0.1,0.1,0.076,0.9937241673469543,-0.2997758388519287,0,False
367,36.724451693706214,36.70000000000002,0.09999999999999432,162,-0.6308092749055829,0.35352310032299383,1.5875101330517627,1.6085205312407833,0.27080851793289185,-0.0008611798641350178,0.5304272114827521,-0.0008611798641350178,0.0,-0.0,False,False,38,1.0,50,0.12,0.1,0.076,0.9944049119949341,-0.29547813534736633,0,False
368,36.82432469399646,36.80000000000001,0.09999999999999432,159,-0.630544159453044,0.3755093607320945,1.5287787351616864,1.613752969760344,0.27168944478034973,-0.0012265993159527172,0.5292006121667994,-0.0012265993159527172,0.0,-0.0,False,False,38,1.0,50,0.14,0.1,0.076,0.9949638843536377,-0.29588669538497925,0,False
369,36.924146773759276,36.900000000000006,0.10000000000002274,161,-0.628984807390962,0.397454145270202,1.469917544924988,1.6205118238336844,0.2728273570537567,-0.0015844248818196076,0.5276161872849797,-0.0015844248818196076,0.0,-0.0,False,False,38,1.0,50,0.16,0.1,0.076,0.9954668879508972,-0.2961379289627075,0,False
370,37.02445794083178,37.0,0.09999999999999432,162,-0.6261345071458312,0.4192800278885124,1.4109964368431005,1.6287567336386706,0.2742154598236084,-0.0019327892127314994,0.5256833980722482,-0.0019327892127314994,0.0,-0.0,False,False,38,1.0,50,0.18,0.1,0.076,0.9959186315536499,-0.29623427987098694,0,False
371,37.12444461975247,37.099999999999994,0.09999999999999432,161,-0.6220005244978437,0.4409086374983328,1.3520671242937248,1.6384391965820357,0.27584558725357056,-0.0047697834630393635,0.5209136146092088,-0.002269783463039363,0.0,-0.0025,True,True,39,1.0,50,0.0,0.1,0.078,0.9706012010574341,0.3368399143218994,0,False
372,37.22445630887523,37.20000000000002,0.09999999999999432,162,-0.6169019725138598,0.46184300423633506,1.333013408389708,1.649090118239854,0.2776387631893158,-0.002496811605316784,0.518416803003892,-0.002496811605316784,0.0,-0.0,False,False,39,1.0,50,0.02,0.1,0.078,0.9707585573196411,0.3390187919139862,0,False
373,37.324305668938905,37.30000000000001,0.09999999999999432,160,-0.612654436833935,0.4826429389938275,1.4040501491296478,1.6590991771123302,0.27932387590408325,-0.00234634477221536,0.5160704582316766,-0.00234634477221536,0.0,-0.0,False,False,39,1.0,50,0.04,0.1,0.078,0.9698473811149597,0.3343820869922638,0,False
374,37.424393157009035,37.400000000000006,0.10000000000002274,161,-0.6098032016284396,0.5036528143458514,1.4708341895041703,1.6680503838046619,0.28083088994026184,-0.002098360824445383,0.5139720974072313,-0.002098360824445383,0.0,-0.0,False,False,39,1.0,50,0.06,0.1,0.078,0.9692822098731995,0.3291475176811218,0,False
375,37.524828291963786,37.5,0.09999999999999432,162,-0.6083456427458449,0.5247943328739826,1.5355455302629484,1.6759393128977553,0.28215906023979187,-0.0018493394605619152,0.5121227579466694,-0.0018493394605619152,0.0,-0.0,False,False,39,1.0,50,0.08,0.1,0.078,0.9688425660133362,0.32467082142829895,0,False
376,37.62459546281025,37.599999999999994,0.09999999999999432,159,-0.6082601346122885,0.545980811918092,1.5996729652467618,1.6827748152297977,0.2833098769187927,-0.0016023929289053769,0.510520365017764,-0.0016023929289053769,0.0,-0.0,False,False,39,1.0,50,0.1,0.1,0.078,0.9685032963752747,0.320597767829895,0,False
377,37.72444526292384,37.70000000000002,0.09999999999999432,161,-0.6095337971909723,0.567126824168827,1.6632804241490338,1.6885542355493328,0.2842828929424286,-0.0013548239475807754,0.5091655410701832,-0.0013548239475807754,0.0,-0.0,False,False,39,1.0,50,0.12,0.1,0.078,0.9682655334472656,0.3164574205875397,0,False
378,37.824847728945315,37.80000000000001,0.09999999999999432,153,-0.61213972475055,0.5881475550671914,1.726149446904302,1.6932860706610204,0.2850795388221741,-0.0011092468051940492,0.5080562942649891,-0.0011092468051940492,0.0,-0.0,False,False,39,1.0,50,0.14,0.1,0.078,0.9679614305496216,0.3119715750217438,0,False
379,37.92467973893508,37.900000000000006,0.10000000000002274,161,-0.6160515647846774,0.6089599144936786,1.7880635057956114,1.6969752770342457,0.28570064902305603,-0.0008648315688544992,0.5071914626961346,-0.0008648315688544992,0.0,-0.0,False,False,39,1.0,50,0.16,0.1,0.078,0.9681828022003174,0.30777519941329956,0,False
380,38.02507337508723,38.0,0.09999999999999432,163,-0.6212379660914371,0.6294990609711617,1.849133233376562,1.699634776892762,0.28614839911460876,-0.0006234455875663676,0.5065680171085682,-0.0006234455875663676,0.0,-0.0,False,False,39,1.0,50,0.18,0.1,0.078,0.9685599207878113,0.30372244119644165,0,False
381,38.12568241916597,38.099999999999994,0.10099999999999909,162,-0.6276629642209982,0.6496925258088059,1.9094275935872906,1.701277138426795,0.2864249050617218,-0.0028850058680404958,0.5036830112405277,-0.00038500586804049555,0.0,-0.0025,True,True,40,1.0,50,0.0,0.1,0.08,0.8912819623947144,-0.4699214696884155,0,False
382,38.22613829374313,38.20000000000002,0.09999999999999432,159,-0.6351584901103509,0.6696928299141441,1.926668336908093,1.7021215083898624,0.2865670621395111,-0.00019793899445499482,0.5034850722460728,-0.00019793899445499482,0.0,-0.0,False,False,40,1.0,50,0.02,0.1,0.08,0.8905079960823059,-0.46638932824134827,0,False
383,38.32619311287999,38.30000000000001,0.09999999999999432,160,-0.6415014589747974,0.6891544254275942,1.8353363969371606,1.7040690468245931,0.28689494729042053,-0.00045654608322714696,0.5030285261628457,-0.00045654608322714696,0.0,-0.0,False,False,40,1.0,50,0.04,0.1,0.08,0.9041839838027954,-0.5452407598495483,0,False
384,38.42609881190583,38.400000000000006,0.09999999999999432,161,-0.6457232107582553,0.7088270468025102,1.7247261140804786,1.7082774433658847,0.2876034677028656,-0.0009865412272898183,0.5020419849355559,-0.0009865412272898183,0.0,-0.0,False,False,40,1.0,50,0.06,0.1,0.08,0.9133918285369873,-0.5997605919837952,0,False
385,38.5263859690167,38.5,0.10000000000002274,160,-0.647659649022378,0.7290966704552081,1.6027652000749326,1.715034350254824,0.2887410521507263,-0.001583968418729705,0.5004580165168262,-0.001583968418729705,0.0,-0.0,False,False,40,1.0,50,0.08,0.1,0.08,0.9254239201545715,-0.6867537498474121,0,False
386,38.626371967140585,38.599999999999994,0.09999999999999432,159,-0.6469308478734164,0.7497219208832164,1.4628584950089392,1.7245597993287467,0.2903447449207306,-0.0022329759393325465,0.49822504057749367,-0.0022329759393325465,0.0,-0.0,False,False,40,1.0,50,0.1,0.1,0.08,0.9333310723304749,-0.77679443359375,0,False
387,38.72638144576922,38.70000000000002,0.09999999999999432,161,-0.6431174372701003,0.7701915772153484,1.3053148802722585,1.7369739849702366,0.29243478178977966,-0.002910159681578009,0.4953148808959157,-0.002910159681578009,0.0,-0.0,False,False,40,1.0,50,0.12,0.1,0.08,0.9354186058044434,-0.8447694182395935,0,False
388,38.82640836481005,38.80000000000001,0.09999999999999432,161,-0.6359943065356028,0.7898100647072257,1.1353874494459995,1.752116884024867,0.29498422145843506,-0.003549830457159381,0.4917650504387563,-0.003549830457159381,0.0,-0.0,False,False,40,1.0,50,0.14,0.1,0.08,0.9330436587333679,-0.8873046636581421,0,False
389,38.92629579408094,38.900000000000006,0.09999999999999432,161,-0.6256044411599766,0.8078573297433123,0.9579610791990382,1.769563479242885,0.2979215085506439,-0.004089867789200691,0.4876751826495556,-0.004089867789200691,0.0,-0.0,False,False,40,1.0,50,0.16,0.1,0.08,0.9290375113487244,-0.9068494439125061,0,False
390,39.0267499089241,39.0,0.10000000000002274,161,-0.6122182478509808,0.8236945894142105,0.7772165788804966,1.7887212955160332,0.30114689469337463,-0.004491015851967242,0.48318416679758835,-0.004491015851967242,0.0,-0.0,False,False,40,1.0,50,0.18,0.1,0.08,0.9251386523246765,-0.9194806218147278,0,False
391,39.12676264811307,39.099999999999994,0.09999999999999432,161,-0.5962430534580908,0.8368106348248628,0.5939060719824849,1.8089466998913317,0.30455201864242554,-0.007241282115186836,0.47594288468240153,-0.004741282115186836,0.0,-0.0025,True,True,41,1.0,50,0.0,0.1,0.082,0.9992175102233887,0.43059611320495605,0,False
392,39.22680551605299,39.20000000000002,0.09999999999999432,161,-0.5789349154652094,0.8469615326747488,0.5125903253437859,1.8289876527988074,0.30792608857154846,-0.004698042611576387,0.4712448420708251,-0.004698042611576387,0.0,-0.0,False,False,41,1.0,50,0.02,0.1,0.082,0.9990475177764893,0.4160684645175934,0,False
393,39.32673669513315,39.30000000000001,0.09999999999999432,161,-0.5611669989089445,0.8576412811457542,0.5783247228442145,1.849681620547741,0.3114100992679596,-0.0048511237332838015,0.46639371833754134,-0.0048511237332838015,0.0,-0.0,False,False,41,1.0,50,0.04,0.1,0.082,0.9992119669914246,0.4284924268722534,0,False
394,39.42677727388218,39.400000000000006,0.09999999999999432,160,-0.5434487532048208,0.8703523811640541,0.6647908066840337,1.8712764266073771,0.3150457739830017,-0.005062300157347014,0.46133141818019435,-0.005062300157347014,0.0,-0.0,False,False,41,1.0,50,0.06,0.1,0.082,0.9994086623191833,0.44415098428726196,0,False
395,39.52672024304047,39.5,0.10000000000002274,160,-0.5269042234782148,0.8845462976151822,0.7547077008346829,1.8925304753968024,0.3186240792274475,-0.004982419116607805,0.45634899906358656,-0.004982419116607805,0.0,-0.0,False,False,41,1.0,50,0.08,0.1,0.082,0.9995824098587036,0.46040186285972595,0,False
396,39.62693114997819,39.599999999999994,0.09999999999999432,160,-0.5117058820306715,0.9001751484622097,0.8472142537526908,1.9132832127112998,0.32211798429489136,-0.004864900619271028,0.45148409844431553,-0.004864900619271028,0.0,-0.0,False,False,41,1.0,50,0.1,0.1,0.082,0.9997466206550598,0.4757571816444397,0,False
397,39.72680458985269,39.70000000000002,0.09999999999999432,159,-0.49804124655721455,0.9171657556086179,0.9419784571887988,1.9333537274183208,0.325497031211853,-0.004704972551214501,0.44677912589310104,-0.004704972551214501,0.0,-0.0,False,False,41,1.0,50,0.12,0.1,0.082,0.9998463988304138,0.47873643040657043,0,False
398,39.826982527039945,39.80000000000001,0.09999999999999432,158,-0.48605081037468245,0.9353838037926955,1.0370508531011,1.952578987078456,0.32873377203941345,-0.00450682607353687,0.4422722998195642,-0.00450682607353687,0.0,-0.0,False,False,41,1.0,50,0.14,0.1,0.082,0.9999094605445862,0.47526663541793823,0,False
399,39.927093965001404,39.900000000000006,0.09999999999999432,159,-0.47583676508176415,0.9546629515430992,1.1313080646514315,1.9708172012639449,0.3318043351173401,-0.004275440783582799,0.4379968590359814,-0.004275440783582799,0.0,-0.0,False,False,41,1.0,50,0.16,0.1,0.082,0.9999459385871887,0.4702761471271515,0,False
400,40.02698228415102,40.0,0.10000000000002274,159,-0.46747265062358284,0.9748202477805391,1.224602486890525,1.9879449892904568,0.3346879482269287,-0.004015132332384513,0.4339817267035969,-0.004015132332384513,0.0,-0.0,False,False,41,1.0,50,0.18,0.1,0.082,0.9999668002128601,0.4635936915874481,0,False
401,40.12705622194335,40.099999999999994,0.09999999999999432,155,-0.461007795361357,0.9956704960181816,1.316585646033885,2.003859681435019,0.33736732602119446,-0.006230755827353043,0.42775097087624386,-0.0037307558273530434,0.0,-0.0025,True,True,42,1.0,50,0.0,0.1,0.084,0.9999062418937683,-0.4252236783504486,0,False
402,40.22725786874071,40.20000000000002,0.09999999999999432,160,-0.4562291423597345,1.016874324564108,1.3556658062844318,2.018606062938859,0.3398500084877014,-0.003456877973390219,0.42429409290285364,-0.003456877973390219,0.0,-0.0,False,False,42,1.0,50,0.02,0.1,0.084,0.9999006986618042,-0.42834165692329407,0,False
403,40.32728561712429,40.30000000000001,0.09999999999999432,159,-0.4508172753717104,1.038237401334391,1.2779209039244783,2.0341035265712724,0.34245914220809937,-0.0036329482361726444,0.420661144666681,-0.0036329482361726444,0.0,-0.0,False,False,42,1.0,50,0.04,0.1,0.084,0.9999145865440369,-0.42706790566444397,0,False
404,40.426954278722405,40.400000000000006,0.09999999999999432,153,-0.44357376361528433,1.05915688057163,1.195229362775827,2.0510597853537145,0.3453138768672943,-0.003974922083825379,0.4166862225828556,-0.003974922083825379,0.0,-0.0,False,False,42,1.0,50,0.06,0.1,0.084,0.9999231696128845,-0.4145437479019165,0,False
405,40.52744217310101,40.5,0.10000000000002274,159,-0.43461441534167017,1.0794018179577622,1.1136229516023184,2.0692255996828313,0.3483722507953644,-0.004258468655965993,0.4124277539268896,-0.004258468655965993,0.0,-0.0,False,False,42,1.0,50,0.08,0.1,0.084,0.9999300241470337,-0.394171804189682,0,False
406,40.62727468274534,40.599999999999994,0.09999999999999432,159,-0.42407801604176204,1.0988695542690745,1.0354886510024337,2.088399701498244,0.35160037875175476,-0.004494833543264832,0.4079329203836247,-0.004494833543264832,0.0,-0.0,False,False,42,1.0,50,0.1,0.1,0.084,0.9999364018440247,-0.3805391192436218,0,False
407,40.727341000922024,40.70000000000002,0.09999999999999432,154,-0.4120903769117341,1.1174783501750385,0.9599842495899503,2.1084066671870803,0.35496872663497925,-0.00469007525582473,0.4032428451278,-0.00469007525582473,0.0,-0.0,False,False,42,1.0,50,0.12,0.1,0.084,0.9999410510063171,-0.37260377407073975,0,False
408,40.82761482708156,40.80000000000001,0.09999999999999432,160,-0.39874433576003215,1.1351398627649911,0.8862281784474327,2.129099395818668,0.35845252871513367,-0.004850833256772111,0.3983920118710279,-0.004850833256772111,0.0,-0.0,False,False,42,1.0,50,0.14,0.1,0.084,0.9999398589134216,-0.3628805875778198,0,False
409,40.92748377704993,40.900000000000006,0.09999999999999432,152,-0.38414795444021266,1.151783216887032,0.8144544728452473,2.1503309634790977,0.36202704906463623,-0.0049771490427512445,0.39341486282827665,-0.0049771490427512445,0.0,-0.0,False,False,42,1.0,50,0.16,0.1,0.084,0.9999359846115112,-0.36242911219596863,0,False
410,41.02748344512656,41.0,0.10000000000002274,159,-0.368394990167683,1.1673412991931045,0.742087049659882,2.171971970914071,0.36567050218582153,-0.005073130781571825,0.3883417320467048,-0.005073130781571825,0.0,-0.0,False,False,42,1.0,50,0.18,0.1,0.084,0.9999292492866516,-0.37308332324028015,0,False
411,41.12773986207321,41.099999999999994,0.09999999999999432,160,-0.351541852045067,1.1817001405914198,0.6675551659277478,2.1939034628583514,0.36936286091804504,-0.007641226775261734,0.38070050527144306,-0.005141226775261735,0.0,-0.0025,True,True,43,1.0,50,0.0,0.1,0.086,1.0,-0.5001654028892517,0,False
412,41.22764874109998,41.20000000000002,0.09999999999999432,156,-0.3335195667616299,1.1946270277955813,0.5661337623498537,2.216051269287929,0.3730916380882263,-0.005191935674889412,0.37550856959655365,-0.005191935674889412,0.0,-0.0,False,False,43,1.0,50,0.02,0.1,0.086,1.0,-0.700658917427063,0,False
413,41.327883787918836,41.30000000000001,0.09999999999999432,157,-0.3140854962860103,1.205415560494899,0.4349521300352081,2.2382358952043657,0.37682661414146423,-0.005200566976953659,0.3703080026196,-0.005200566976953659,0.0,-0.0,False,False,43,1.0,50,0.04,0.1,0.086,1.0,-0.6523231267929077,0,False
414,41.42789348587394,41.400000000000006,0.09999999999999432,160,-0.29338335984396124,1.213499947826323,0.30972362494631334,2.2600374568440564,0.3804970979690552,-0.005110768238169444,0.3651972343814306,-0.005110768238169444,0.0,-0.0,False,False,43,1.0,50,0.06,0.1,0.086,0.9999999403953552,-0.5920549035072327,0,False
415,41.52787360502407,41.5,0.10000000000002274,159,-0.2718688896429251,1.2190033377447431,0.19469498942244562,2.281152901507469,0.3840520679950714,-0.004949927243933216,0.36024730713749736,-0.004949927243933216,0.0,-0.0,False,False,43,1.0,50,0.08,0.1,0.086,0.9999999403953552,-0.5045279264450073,0,False
416,41.62761838501319,41.599999999999994,0.09999999999999432,152,-0.24991971687492603,1.22220007029217,0.09695723315005217,2.3014312338951277,0.38746610283851624,-0.0047536896119042505,0.3554936175255931,-0.0047536896119042505,0.0,-0.0,False,False,43,1.0,50,0.1,0.1,0.086,0.9999999403953552,-0.4274146854877472,0,False
417,41.72802047012374,41.70000000000002,0.09999999999999432,160,-0.2277964297319657,1.2234193763994556,0.014481424354169523,2.320849441827746,0.39073532819747925,-0.004552057416085299,0.35094156010950783,-0.004552057416085299,0.0,-0.0,False,False,43,1.0,50,0.12,0.1,0.086,0.9999999403953552,-0.35880643129348755,0,False
418,41.82758025173098,41.80000000000001,0.09999999999999432,159,-0.2056706493188868,1.222965916155431,-0.05447528397866375,2.3394432826916,0.39386576414108276,-0.004358807542463329,0.3465827525670445,-0.004358807542463329,0.0,-0.0,False,False,43,1.0,50,0.14,0.1,0.086,0.9999999403953552,-0.29872751235961914,0,False
419,41.927835538983345,41.900000000000006,0.09999999999999432,159,-0.18364389350335972,1.2211180661075498,-0.11185228555620179,2.3572911749130294,0.39687061309814453,-0.004183940682372451,0.3423988118846721,-0.004183940682372451,0.0,-0.0,False,False,43,1.0,50,0.16,0.1,0.086,0.9999999403953552,-0.250014066696167,0,False
420,42.02794915577397,42.0,0.10000000000002274,156,-0.1617646362330771,1.2181145968051854,-0.15999657327134523,2.374490831745622,0.39976632595062256,-0.004031979970067634,0.3383668319146044,-0.004031979970067634,0.0,-0.0,False,False,43,1.0,50,0.18,0.1,0.086,1.0,-0.21002402901649475,0,False
421,42.12781181605533,42.099999999999994,0.09999999999999432,159,-0.14005180688811975,1.214148820523596,-0.20045471191664635,2.391138550308855,0.40256911516189575,-0.0064025934323924515,0.33196423848221196,-0.003902593432392451,0.0,-0.0025,True,True,44,1.0,50,0.0,0.1,0.088,0.8885615468025208,0.992813229560852,0,False
422,42.2282515107654,42.20000000000002,0.09999999999999432,159,-0.11852379398367006,1.209029782774756,-0.2776074304954452,2.407134493147977,0.40526217222213745,-0.0037498027871968828,0.32821443569501507,-0.0037498027871968828,0.0,-0.0,False,False,44,1.0,50,0.02,0.1,0.088,0.8816576600074768,0.994706392288208,0,False
423,42.327922951895744,42.30000000000001,0.09999999999999432,152,-0.09735500701293943,1.2033435294170516,-0.23250838794003792,2.422633195897736,0.4078715145587921,-0.0036332387126843863,0.3245811969823307,-0.0036332387126843863,0.0,-0.0,False,False,44,1.0,50,0.04,0.1,0.088,0.887127697467804,0.9939014911651611,0,False
424,42.42825387697667,42.400000000000006,0.09999999999999432,159,-0.07646722908844784,1.1998582148279529,-0.07210993736183609,2.439067609260656,0.41063839197158813,-0.003852589975721996,0.32072860700660866,-0.003852589975721996,0.0,-0.0,False,False,44,1.0,50,0.06,0.1,0.088,0.9039629101753235,0.989990234375,0,False
425,42.52825407590717,42.5,0.10000000000002274,161,-0.056962303958082446,1.2003338371106211,0.12422217632240506,2.4563003682280686,0.41353967785835266,-0.004039739842596551,0.3166888671640121,-0.004039739842596551,0.0,-0.0,False,False,44,1.0,50,0.08,0.1,0.088,0.9083978533744812,0.9737492799758911,0,False
426,42.628518141806126,42.599999999999994,0.09999999999999432,159,-0.03788752421056434,1.2045778891250434,0.31642506003272963,2.475022900279166,0.41669178009033203,-0.004388975603043773,0.3122998915609683,-0.004388975603043773,0.0,-0.0,False,False,44,1.0,50,0.1,0.1,0.088,0.90022873878479,0.9321206212043762,0,False
427,42.7281367527321,42.70000000000002,0.09999999999999432,159,-0.020070056735304098,1.2122618586795104,0.4996130234363449,2.494328171516514,0.4199419915676117,-0.004525582556868864,0.30777430900409947,-0.004525582556868864,0.0,-0.0,False,False,44,1.0,50,0.12,0.1,0.088,0.8944181799888611,0.869564414024353,0,False
428,42.82839749008417,42.80000000000001,0.09999999999999432,159,-0.005005026474984534,1.2222239097795917,0.6842113259382742,2.5123364409258975,0.4229738414287567,-0.004221536642325595,0.30355277236177386,-0.004221536642325595,0.0,-0.0,False,False,44,1.0,50,0.14,0.1,0.088,0.7686119675636292,0.9662917852401733,0,False
429,42.928449537139386,42.900000000000006,0.09999999999999432,161,0.00669489964222775,1.2337620761377721,0.8757485944507508,2.52817554691234,0.4256404936313629,-0.003713036760134489,0.29983973560163935,-0.003713036760134489,0.0,-0.0,False,False,44,1.0,50,0.16,0.1,0.088,0.7374635338783264,0.9808846116065979,0,False
430,43.02928532892838,43.0,0.10100000000002751,161,0.015505296898593774,1.2466626115421144,1.0715608866836668,2.5421706692708432,0.4279966950416565,-0.0032807662139632144,0.2965589693876761,-0.0032807662139632144,0.0,-0.0,False,False,44,1.0,50,0.18,0.1,0.088,0.6868681311607361,0.9891043305397034,0,False
431,43.129287478048354,43.099999999999994,0.09999999999999432,161,0.021188272591410838,1.2599625265636436,1.2686418481913844,2.5536606503888164,0.4299311339855194,-0.005193505700435548,0.2913654636872406,-0.0026935057004355482,0.0,-0.0025,True,True,45,1.0,50,0.0,0.1,0.09,0.9999929070472717,-0.13961297273635864,0,False
432,43.22969596274197,43.20000000000002,0.09999999999999432,160,0.024636974535893395,1.2758081995439832,1.4162181240468514,2.56450699855381,0.43175721168518066,-0.002542623900888749,0.2888228397863518,-0.002542623900888749,0.0,-0.0,False,False,45,1.0,50,0.02,0.1,0.09,0.9999949932098389,-0.10797576606273651,0,False
433,43.32959398208186,43.30000000000001,0.09999999999999432,161,0.027065430868440772,1.2938578562356267,1.4456255444145876,2.5756335642558135,0.43363046646118164,-0.0026083130891953557,0.28621452669715647,-0.0026083130891953557,0.0,-0.0,False,False,45,1.0,50,0.04,0.1,0.09,0.9999954104423523,-0.10237472504377365,0,False
434,43.429402061738074,43.400000000000006,0.09999999999999432,161,0.029983584131849164,1.3155051531352682,1.4246156641244312,2.5890887854848916,0.43589577078819275,-0.0031542014481166065,0.28306032524903985,-0.0031542014481166065,0.0,-0.0,False,False,45,1.0,50,0.06,0.1,0.09,0.9999949932098389,-0.10892938822507858,0,False
435,43.529812616761774,43.5,0.10000000000002274,161,0.03339333697193149,1.3372735087926448,1.4036190251325882,2.603141615308376,0.4382616877555847,-0.0032942941200832265,0.2797660311289566,-0.0032942941200832265,0.0,-0.0,False,False,45,1.0,50,0.08,0.1,0.09,0.9999947547912598,-0.11518296599388123,0,False
436,43.62947803689167,43.599999999999994,0.09999999999999432,161,0.03729508852577416,1.3589660381936484,1.3809230152097702,2.617685666651255,0.44071030616760254,-0.003409447308681175,0.2763565838202754,-0.003409447308681175,0.0,-0.0,False,False,45,1.0,50,0.1,0.1,0.09,0.9999944567680359,-0.12174731492996216,0,False
437,43.72949790582061,43.70000000000002,0.09999999999999432,156,0.04171196930807446,1.3805662332857607,1.3564964476912686,2.6327239487985117,0.4432421326637268,-0.003525305940236346,0.272831277880039,-0.003525305940236346,0.0,-0.0,False,False,45,1.0,50,0.12,0.1,0.09,0.9999939799308777,-0.1285378485918045,0,False
438,43.829865810927004,43.80000000000001,0.09999999999999432,161,0.04667064448719028,1.402054641733256,1.3306401105762953,2.6482610641860043,0.4458579421043396,-0.0036422434845496386,0.2691890343954894,-0.0036422434845496386,0.0,-0.0,False,False,45,1.0,50,0.14,0.1,0.09,0.9999934434890747,-0.13553203642368317,0,False
439,43.929796469863504,43.900000000000006,0.09999999999999432,161,0.05219524853814081,1.423407224691828,1.3033944016370207,2.6642957736963857,0.4485575258731842,-0.003758890552350981,0.26543014384313846,-0.003758890552350981,0.0,-0.0,False,False,45,1.0,50,0.16,0.1,0.09,0.9999926686286926,-0.14547568559646606,0,False
440,44.02965327911079,44.0,0.10000000000002274,159,0.058322833910609155,1.4445969965778362,1.2734154298145688,2.680836220100789,0.45134225487709045,-0.0038774464658013004,0.26155269737733716,-0.0038774464658013004,0.0,-0.0,False,False,45,1.0,50,0.18,0.1,0.09,0.99998939037323,-0.1789618581533432,0,False
441,44.13011178281158,44.099999999999994,0.09999999999999432,161,0.06515886742663234,1.4655758665467449,1.2365014690554235,2.6979356854451018,0.45422109961509705,-0.006508492869258193,0.25504420450807896,-0.004008492869258193,0.0,-0.0025,True,True,46,1.0,50,0.0,0.1,0.092,1.0,0.30371350049972534,0,False
442,44.230332009959966,44.20000000000002,0.09999999999999432,163,0.07248063702336847,1.4862783618779862,1.2550344945879868,2.7153621007520523,0.4571549892425537,-0.004085137171723088,0.25095906733635587,-0.004085137171723088,0.0,-0.0,False,False,46,1.0,50,0.02,0.1,0.092,1.0,0.30243316292762756,0,False
443,44.33030996797606,44.30000000000001,0.09999999999999432,163,0.07861988107802621,1.507285235988919,1.3135490976157542,2.732035309729265,0.45996206998825073,-0.003908568949206233,0.24705049838714963,-0.003908568949206233,0.0,-0.0,False,False,46,1.0,50,0.04,0.1,0.092,1.0,0.30407699942588806,0,False
444,44.43014831794426,44.400000000000006,0.09999999999999432,161,0.08350027049371424,1.528615742135786,1.3758603418103112,2.747915483604897,0.4626356363296509,-0.0037226639816678045,0.2433278344054818,-0.0037226639816678045,0.0,-0.0,False,False,46,1.0,50,0.06,0.1,0.092,1.0,0.3038695752620697,0,False
445,44.530251394957304,44.5,0.10000000000002274,161,0.08708947838870212,1.5502036982111762,1.4372026267821314,2.7629530576850985,0.4651673436164856,-0.0035251399536581334,0.23980269445182367,-0.0035251399536581334,0.0,-0.0,False,False,46,1.0,50,0.08,0.1,0.092,1.0,0.30337581038475037,0,False
446,44.6301459139213,44.599999999999994,0.09999999999999432,161,0.08937054706606502,1.5719690142187153,1.4975102574408883,2.7771036007621706,0.46754971146583557,-0.0033172002678691827,0.23648549418395448,-0.0033172002678691827,0.0,-0.0,False,False,46,1.0,50,0.1,0.1,0.092,1.0,0.30291977524757385,0,False
447,44.73052326915786,44.70000000000002,0.09999999999999432,162,0.09033376957316094,1.5938305701860913,1.5575671603504975,2.790326930030742,0.4697759747505188,-0.0030998408437695004,0.233385653340185,-0.0030998408437695004,0.0,-0.0,False,False,46,1.0,50,0.12,0.1,0.092,1.0,0.3030746877193451,0,False
448,44.830440897960216,44.80000000000001,0.09999999999999432,161,0.08997586245974606,1.6157093603667334,1.6177878056004984,2.802589235288938,0.47184044122695923,-0.002874555560562792,0.2305110977796222,-0.002874555560562792,0.0,-0.0,False,False,46,1.0,50,0.14,0.1,0.092,1.0,0.3035127520561218,0,False
449,44.93058201484382,44.900000000000006,0.09999999999999432,162,0.08829682949982544,1.6375292797122112,1.6781578666640875,2.813859361586339,0.4737378656864166,-0.0026419668679171205,0.22786913091170508,-0.0026419668679171205,0.0,-0.0,False,False,46,1.0,50,0.16,0.1,0.092,1.0,0.30408430099487305,0,False
450,45.03068580199033,45.0,0.10000000000002274,157,0.0853025020880128,1.6592098840374612,1.7386425327335633,2.8241077471233997,0.47546327114105225,-0.0024024482356332826,0.22546668267607178,-0.0024024482356332826,0.0,-0.0,False,False,46,1.0,50,0.18,0.1,0.092,1.0,0.30583032965660095,0,False
451,45.13051219191402,45.099999999999994,0.09999999999999432,160,0.08099963015747724,1.6806681657270517,1.7995158219029344,2.833302882916173,0.4770113527774811,-0.004655543200621219,0.22081113947545056,-0.0021555432006212195,0.0,-0.0025,True,True,47,1.0,50,0.0,0.1,0.094,0.9999926090240479,0.9813241958618164,0,False
452,45.23067447775975,45.20000000000002,0.09999999999999432,162,0.07524505799744612,1.7017046902813604,1.897852136499071,2.8412213738088115,0.47834450006484985,-0.0018562694001999776,0.21895487007525058,-0.0018562694001999776,0.0,-0.0,False,False,47,1.0,50,0.02,0.1,0.094,0.9999853372573853,0.9769251942634583,0,False
453,45.33044243790209,45.30000000000001,0.09999999999999432,161,0.06636054714185258,1.721385480848788,2.0943579526439184,2.8459723267309838,0.4791443645954132,-0.0011137284428043856,0.2178411416324462,-0.0011137284428043856,0.0,-0.0,False,False,47,1.0,50,0.04,0.1,0.094,0.9999605417251587,0.9659407138824463,0,False
454,45.43051052605733,45.400000000000006,0.09999999999999432,162,0.05386041621699395,1.7390082803188043,2.285386682900521,2.84675898922907,0.4792768061161041,-0.00018441108833503503,0.21765673054411117,-0.00018441108833503503,0.0,-0.0,False,False,47,1.0,50,0.06,0.1,0.094,0.9999055862426758,0.9547796249389648,0,False
455,45.53079237183556,45.5,0.10000000000002274,162,0.03824361821044951,1.7539476729624772,2.4742157461722147,2.843601010163846,0.47874513268470764,0.0007403001385905018,0.21839703068270166,0.0007403001385905018,0.0,-0.0,False,False,47,1.0,50,0.08,0.1,0.094,0.9997901916503906,0.9466486573219299,0,False
456,45.630920068826526,45.599999999999994,0.09999999999999432,160,0.02010119539275845,1.7656948294726735,2.66173604478272,2.8366401799630716,0.4775732159614563,0.001631772553239545,0.2200288032359412,0.001631772553239545,0.0,-0.0,False,False,47,1.0,50,0.1,0.1,0.094,0.9996739625930786,0.9329250454902649,0,False
457,45.73091829707846,45.70000000000002,0.09999999999999432,162,9.475415151835248e-05,1.7738834100688294,2.8465225265897955,2.8261422007891297,0.47580578923225403,0.002460958504434352,0.22248976174037555,0.002460958504434352,0.0,-0.0,False,False,47,1.0,50,0.12,0.1,0.094,0.9996035099029541,0.907239556312561,0,False
458,45.83097169408575,45.80000000000001,0.09999999999999432,162,-0.021075531151053865,1.7783148095717232,3.024991965784333,2.8124927921702216,0.4735077917575836,0.003199723267176985,0.22568948500755254,0.003199723267176985,0.0,-0.0,False,False,47,1.0,50,0.14,0.1,0.094,0.9995952844619751,0.8483613133430481,0,False
459,45.930912773124874,45.900000000000006,0.09999999999999432,160,-0.04272087721300748,1.779045179855703,-3.0923532888593126,2.7962215882634758,0.47076839208602905,0.003814330069456209,0.22950381507700873,0.003814330069456209,0.0,-0.0,False,False,47,1.0,50,0.16,0.1,0.094,0.9996515512466431,0.7747936248779297,0,False
460,46.030991749837995,46.0,0.10000000000002274,163,-0.06424458424973611,1.7763412990548575,-2.9417676445807137,2.777920002076566,0.4676871597766876,0.004290296582328043,0.23379411165933678,0.004290296582328043,0.0,-0.0,False,False,47,1.0,50,0.18,0.1,0.094,0.999710202217102,0.655773937702179,0,False
461,46.131714553106576,46.099999999999994,0.10099999999999909,162,-0.08524030911472437,1.7706685491281575,-2.816057203388679,2.758165285276067,0.4643612802028656,0.0021309425373554924,0.23592505419669227,0.0046309425373554924,0.0,-0.0025,True,True,48,1.0,50,0.0,0.1,0.096,0.9793983101844788,0.4975699484348297,0,False
462,46.23207170795649,46.20000000000002,0.09999999999999432,163,-0.1049471049955645,1.7624652918572956,-2.6678877582950205,2.737796674338898,0.46093204617500305,0.0047748529006196505,0.24069990709731193,0.0047748529006196505,0.0,-0.0,False,False,48,1.0,50,0.02,0.1,0.096,0.9766849279403687,0.5180593132972717,0,False
463,46.33229586388916,46.30000000000001,0.09999999999999432,165,-0.1235072313622145,1.7520132869487666,-2.5750854850929574,2.7168681593780013,0.4574085474014282,0.004906106787299023,0.24560601388461095,0.004906106787299023,0.0,-0.0,False,False,48,1.0,50,0.04,0.1,0.096,0.9740699529647827,0.522473931312561,0,False
464,46.43237439217046,46.400000000000006,0.09999999999999432,164,-0.14080732193213236,1.7397298312147715,-2.4740337312199117,2.695725277116208,0.4538489580154419,0.004956359223836849,0.2505623731084478,0.004956359223836849,0.0,-0.0,False,False,48,1.0,50,0.06,0.1,0.096,0.9708800315856934,0.5256282091140747,0,False
465,46.53327974304557,46.5,0.10099999999999909,167,-0.15667884145218747,1.7257733652375526,-2.3687385129789424,2.67459443199435,0.45029139518737793,0.0049535374520080664,0.25551591056045586,0.0049535374520080664,0.0,-0.0,False,False,48,1.0,50,0.08,0.1,0.096,0.9670589566230774,0.5286149978637695,0,False
466,46.633539888076484,46.599999999999994,0.09999999999999432,165,-0.17094746191480104,1.71030681469219,-2.2630155496113606,2.6537151276937747,0.4467761814594269,0.004894570720116938,0.2604104812805728,0.004894570720116938,0.0,-0.0,False,False,48,1.0,50,0.1,0.1,0.096,0.9623273611068726,0.5158978700637817,0,False
467,46.73324134899303,46.70000000000002,0.10000000000002274,162,-0.18348743005902432,1.693517969564579,-2.1613850279174947,2.6333109363870926,0.4433409571647644,0.004783193726172156,0.26519367500674496,0.004783193726172156,0.0,-0.0,False,False,48,1.0,50,0.12,0.1,0.096,0.9581922292709351,0.47978609800338745,0,False
468,46.83347459509969,46.80000000000001,0.09999999999999432,162,-0.1942956186203589,1.6756350886407736,-2.0677917138532953,2.613542235262258,0.44001272320747375,0.004634220772274126,0.26982789577901906,0.004634220772274126,0.0,-0.0,False,False,48,1.0,50,0.14,0.1,0.096,0.9595144987106323,0.4228934049606323,0,False
469,46.93324895389378,46.900000000000006,0.09999999999999432,159,-0.20351679758148974,1.6568083558963138,-1.9863647620317342,2.5944092013360343,0.4367915093898773,0.00448520632173162,0.27431310210075066,0.00448520632173162,0.0,-0.0,False,False,48,1.0,50,0.16,0.1,0.096,0.9608321785926819,0.3886515498161316,0,False
470,47.03334765089676,47.0,0.09999999999999432,161,-0.2112643428225226,1.6373171143390537,-1.9108502589820509,2.576019637817543,0.4336954653263092,0.004310920414664331,0.278624022515415,0.004310920414664331,0.0,-0.0,False,False,48,1.0,50,0.18,0.1,0.096,0.9561280012130737,0.3048790991306305,0,False
471,47.13339592888951,47.099999999999994,0.09999999999999432,161,-0.2176569082717272,1.6174186855769506,-1.8546196912652164,2.5584618760718927,0.43073946237564087,0.0016159276819716997,0.28023995019738673,0.0041159276819717,0.0,-0.0025,True,True,49,1.0,50,0.0,0.1,0.098,0.9995434880256653,-0.3765086829662323,0,False
472,47.233416916802526,47.20000000000002,0.10000000000002274,162,-0.2230712919503775,1.5967883489663057,-1.8020509882136755,2.5412556696190416,0.4278426468372345,0.004033515345915606,0.28427346554330235,0.004033515345915606,0.0,-0.0,False,False,49,1.0,50,0.02,0.1,0.098,0.9996469020843506,-0.3865499794483185,0,False
473,47.33338635507971,47.30000000000001,0.09999999999999432,161,-0.22865689931928945,1.5756681912670334,-1.867950242239067,2.5236727714929392,0.4248824119567871,0.004121820205496427,0.2883952857487988,0.004121820205496427,0.0,-0.0,False,False,49,1.0,50,0.04,0.1,0.098,0.9995859265327454,-0.37737879157066345,0,False
474,47.433508112095296,47.400000000000006,0.09999999999999432,161,-0.23589382827994806,1.5547607200067306,-1.9416089231467402,2.5049937855657234,0.4217376410961151,0.004378767428486973,0.2927740531772858,0.004378767428486973,0.0,-0.0,False,False,49,1.0,50,0.06,0.1,0.098,0.9994671940803528,-0.3686622083187103,0,False
475,47.5335869891569,47.5,0.09999999999999432,162,-0.24465331172929944,1.5344484554052185,-2.015037715216823,2.4855407053306475,0.4184625446796417,0.004560232255059592,0.29733428543234536,0.004560232255059592,0.0,-0.0,False,False,49,1.0,50,0.08,0.1,0.098,0.9992885589599609,-0.38189390301704407,0,False
476,47.63364585582167,47.599999999999994,0.09999999999999432,162,-0.2549048478068345,1.5148488111649447,-2.091533075888723,2.4653928342978695,0.41507047414779663,0.004723106584878431,0.3020573920172238,0.004723106584878431,0.0,-0.0,False,False,49,1.0,50,0.1,0.1,0.098,0.9984385371208191,-0.39160239696502686,0,False
477,47.7337743928656,47.70000000000002,0.10000000000002274,162,-0.26662597090847784,1.4961138415462079,-2.1697100121422017,2.444645584503048,0.4115774929523468,0.0048636142232903225,0.30692100624051416,0.0048636142232903225,0.0,-0.0,False,False,49,1.0,50,0.12,0.1,0.098,0.9965514540672302,-0.3973657488822937,0,False
478,47.83373636100441,47.80000000000001,0.09999999999999432,163,-0.2797537814241363,1.4783938687988483,-2.2489656290170847,2.423426053982553,0.4080049991607666,0.004974327270922566,0.3118953335114367,0.004974327270922566,0.0,-0.0,False,False,49,1.0,50,0.14,0.1,0.098,0.9927788376808167,-0.40519747138023376,0,False
479,47.93381139775738,47.900000000000006,0.09999999999999432,158,-0.2941954097707729,1.4618461918260217,-2.329768529221158,2.4018919646728825,0.40437954664230347,0.005048066808269728,0.31694340031970647,0.005048066808269728,0.0,-0.0,False,False,49,1.0,50,0.16,0.1,0.098,0.9861657023429871,-0.4127231240272522,0,False
480,48.03423740295693,48.0,0.09999999999999432,159,-0.3098393830954087,1.4466299735099475,-2.4120630890420265,2.3802196252707257,0.40073081851005554,0.005080475687655471,0.32202387600736193,0.005080475687655471,0.0,-0.0,False,False,49,1.0,50,0.18,0.1,0.098,0.9800590872764587,-0.4199680984020233,0,False
481,48.134129281155765,48.099999999999994,0.09999999999999432,157,-0.3265817257217154,1.4328529313220228,-2.4956942663323405,2.3585511802373715,0.39708274602890015,0.0025795627614755615,0.3246034387688375,0.0050795627614755616,0.0,-0.0025,True,True,50,1.0,50,0.0,0.1,0.1,0.8903656601905823,0.31689223647117615,0,False
482,48.234424656722695,48.20000000000002,0.10000000000002274,159,-0.3444839859068667,1.4201725655375748,-2.52953929096288,2.3366278310642237,0.39339175820350647,0.0051393179296128615,0.3297427566984504,0.0051393179296128615,0.0,-0.0,False,False,50,1.0,50,0.02,0.1,0.1,0.8817386627197266,0.3505213260650635,0,False
483,48.33453156379983,48.30000000000001,0.09999999999999432,148,-0.36057084821518537,1.408173887167261,-2.466731206944748,2.3165606796757134,0.39001327753067017,0.004704184114968329,0.3344469408134187,0.004704184114968329,0.0,-0.0,False,False,50,1.0,50,0.04,0.1,0.1,0.8977864384651184,0.29159581661224365,0,False
484,48.43452746188268,48.400000000000006,0.09999999999999432,157,-0.3756001572521497,1.395435192576514,-2.411281659268824,2.2968834962177356,0.38670045137405396,0.004612767007046984,0.3390597078204657,0.004612767007046984,0.0,-0.0,False,False,50,1.0,50,0.06,0.1,0.1,0.9105427861213684,0.2402159869670868,0,False
485,48.53404254280031,48.5,0.09999999999999432,157,-0.39017018256205793,1.381763730333377,-2.3648199312400333,2.2770057527664336,0.3833538591861725,0.004659782705310652,0.34371949052577633,0.004659782705310652,0.0,-0.0,False,False,50,1.0,50,0.08,0.1,0.1,0.919043779373169,0.20790329575538635,0,False
486,48.634538096841425,48.599999999999994,0.09999999999999432,160,-0.4042654190999229,1.3673404847282202,-2.3243220504704207,2.257051715089957,0.3799944221973419,0.004677667759107315,0.34839715828488366,0.004677667759107315,0.0,-0.0,False,False,50,1.0,50,0.1,0.1,0.1,0.9253130555152893,0.18231913447380066,0,False
487,48.73453197488561,48.70000000000002,0.10000000000002274,158,-0.4179011515364851,1.3522857376583282,-2.288883730873842,2.2370858172903096,0.3766329884529114,0.004680448034291518,0.3530776063191752,0.004680448034291518,0.0,-0.0,False,False,50,1.0,50,0.12,0.1,0.1,0.9300584197044373,0.16259828209877014,0,False
488,48.83475225092843,48.80000000000001,0.09999999999999432,159,-0.4311049708997088,1.336685853636182,-2.257164496637191,2.2171420465861305,0.3732752799987793,0.004675260953724012,0.3577528672728992,0.004675260953724012,0.0,-0.0,False,False,50,1.0,50,0.14,0.1,0.1,0.9403404593467712,0.14644591510295868,0,False
489,48.93470446905121,48.900000000000006,0.09999999999999432,158,-0.44398462618143403,1.3205011502287123,-2.2286952523280235,2.197114723969463,0.3699035048484802,0.00469484736994686,0.36244771464284603,0.00469484736994686,0.0,-0.0,False,False,50,1.0,50,0.16,0.1,0.1,0.9505978226661682,0.12772685289382935,0,False
490,49.034666646737605,49.0,0.09999999999999432,159,-0.4565574777040349,1.3038054515219788,-2.204005709193209,2.177039429809821,0.3665236532688141,0.004706092960617098,0.3671538076034631,0.004706092960617098,0.0,-0.0,False,False,50,1.0,50,0.18,0.1,0.1,0.9582239985466003,0.10825558006763458,0,False
491,49.13485379284248,49.099999999999994,0.09999999999999432,159,-0.4688417635006951,1.2866900079230374,-2.1831659527745426,2.1569607723316673,0.3631432354450226,0.002206881396863374,0.3693606890003265,0.004706881396863374,0.0,-0.0025,True,True,51,1.0,50,0.0,0.1,0.102,0.4901460111141205,0.8557700514793396,0,False
492,49.234893640037626,49.20000000000002,0.10000000000002274,158,-0.4786688890372683,1.2719341210830861,-2.0993890746823944,2.14027977461685,0.3603348433971405,0.0039103948015659475,0.37327108380189244,0.0039103948015659475,0.0,-0.0,False,False,51,1.0,50,0.02,0.1,0.102,0.43740105628967285,0.8436463475227356,0,False
493,49.33456433098763,49.30000000000001,0.09999999999999432,157,-0.48378704894827457,1.261954870337979,-1.9646628504118666,2.1302386757101357,0.3586443364620209,0.002353855664877063,0.3756249394667695,0.002353855664877063,0.0,-0.0,False,False,51,1.0,50,0.04,0.1,0.102,0.32377129793167114,0.8068555593490601,0,False
494,49.43491650512442,49.400000000000006,0.09999999999999432,159,-0.486486048758204,1.2533910694679589,-1.8048268437574726,2.1229976279723517,0.3574252426624298,0.001697461741546152,0.37732240120831567,0.001697461741546152,0.0,-0.0,False,False,51,1.0,50,0.06,0.1,0.102,0.9931572079658508,-0.15674906969070435,0,False
495,49.53472371492535,49.5,0.09999999999999432,157,-0.4887614647465146,1.2412148416312412,-1.7267663502328807,2.113989421882094,0.3559086322784424,0.002111722743987234,0.3794341239523029,0.002111722743987234,0.0,-0.0,False,False,51,1.0,50,0.08,0.1,0.102,0.9964612126350403,-0.2810841202735901,0,False
496,49.63564980495721,49.599999999999994,0.10099999999999909,162,-0.49117117829497337,1.224679033675707,-1.718412230949528,2.1023640229398555,0.3539513945579529,0.00272525063350844,0.38215937458581134,0.00272525063350844,0.0,-0.0,False,False,51,1.0,50,0.1,0.1,0.102,0.9969436526298523,-0.30384567379951477,0,False
497,49.73588641081005,49.70000000000002,0.09999999999999432,159,-0.4947760347175301,1.2037383088899585,-1.7700324476216083,2.0872889213057393,0.351413369178772,0.0035339372423006978,0.38569331182811206,0.0035339372423006978,0.0,-0.0,False,False,51,1.0,50,0.12,0.1,0.102,0.9961962103843689,-0.24586378037929535,0,False
498,49.83722351770848,49.80000000000001,0.10099999999999909,161,-0.49964369976051654,1.1822918855375795,-1.815521824895209,2.07099629837058,0.3486703634262085,0.003819351163445607,0.3895126629915577,0.003819351163445607,0.0,-0.0,False,False,51,1.0,50,0.14,0.1,0.102,0.9953847527503967,-0.19430328905582428,0,False
499,49.936985997948796,49.900000000000006,0.10000000000002274,158,-0.5053854343300664,1.1610929408062636,-1.85270990463648,2.0542285624415273,0.34584736824035645,0.003930728157390389,0.39344339114894805,0.003930728157390389,0.0,-0.0,False,False,51,1.0,50,0.16,0.1,0.102,0.9947735667228699,-0.15130946040153503,0,False
500,50.03724250290543,50.0,0.09999999999999432,160,-0.5118018382749163,1.1401203546644727,-1.8812130078965816,2.037127326929577,0.342968225479126,0.004008907835703569,0.3974522989846516,0.004008907835703569,0.0,-0.0,False,False,51,1.0,50,0.18,0.1,0.102,0.9932900667190552,-0.10379945486783981,0,False
501,50.13698717299849,50.099999999999994,0.09999999999999432,158,-0.5186958947953524,1.119343271127509,-1.900580170162437,2.019829956843397,0.34005606174468994,0.0015548861178535894,0.3990071851025052,0.0040548861178535895,0.0,-0.0025,True,True,52,1.0,50,0.0,0.1,0.104,0.8844661712646484,0.7609337568283081,0,False
502,50.23746295692399,50.20000000000002,0.09999999999999432,158,-0.5259058860103132,1.0988251306798955,-1.907861035876559,2.0025003697062154,0.33713847398757935,0.004062438507159819,0.40306962360966503,0.004062438507159819,0.0,-0.0,False,False,52,1.0,50,0.02,0.1,0.104,0.8851935267448425,0.7552219033241272,0,False
503,50.33762289304286,50.30000000000001,0.09999999999999432,158,-0.5318703685306231,1.0786851791845196,-1.7918640141283226,1.9865090293029513,0.3344461917877197,0.0037487238744388124,0.40681834748410384,0.0037487238744388124,0.0,-0.0,False,False,52,1.0,50,0.04,0.1,0.104,0.886694073677063,0.8026440739631653,0,False
504,50.437234884127975,50.400000000000006,0.10000000000002274,153,-0.534573639060513,1.0596900797888689,-1.627756748032468,1.9739776585638618,0.33233642578125,0.002937630460263356,0.4097559779443672,0.002937630460263356,0.0,-0.0,False,False,52,1.0,50,0.06,0.1,0.104,0.8833106756210327,0.8735030889511108,0,False
505,50.53775658691302,50.5,0.09999999999999432,155,-0.5340548882868029,1.0407443250113653,-1.4545751078396,1.9643120122130522,0.3307091295719147,0.0022658412818081395,0.4120218192261753,0.0022658412818081395,0.0,-0.0,False,False,52,1.0,50,0.08,0.1,0.104,0.8693637251853943,0.839881420135498,0,False
506,50.637605246156454,50.599999999999994,0.09999999999999432,151,-0.5303669294694553,1.0223222430955474,-1.2890989121616432,1.957758320568893,0.32960575819015503,0.0015363302707979737,0.4135581494969733,0.0015363302707979737,0.0,-0.0,False,False,52,1.0,50,0.1,0.1,0.104,0.8711778521537781,0.7548412084579468,0,False
507,50.73789121070877,50.70000000000002,0.09999999999999432,154,-0.5237217973258413,1.0043018661619378,-1.1681407544233198,1.9541061106992907,0.3289908766746521,0.0008561587701456723,0.41441430826711895,0.0008561587701456723,0.0,-0.0,False,False,52,1.0,50,0.12,0.1,0.104,0.9585285782814026,-0.9673582911491394,0,False
508,50.837457322049886,50.80000000000001,0.09999999999999432,152,-0.5159601157772579,0.9863650073310808,-1.1752086260077517,1.951641860331186,0.328575998544693,0.00057767478863893,0.41499198305575785,0.00057767478863893,0.0,-0.0,False,False,52,1.0,50,0.14,0.1,0.104,0.9585880637168884,-0.9675562977790833,0,False
509,50.937501069158316,50.900000000000006,0.10000000000002274,154,-0.509346930817936,0.9676514745829609,-1.3071786467233322,1.94798805731071,0.3279608488082886,0.0008565322399465207,0.4158485152957044,0.0008565322399465207,0.0,-0.0,False,False,52,1.0,50,0.16,0.1,0.104,0.9589752554893494,-0.9566739797592163,0,False
510,50.93915363587439,50.900000000000006,0.0,1,-0.509346930817936,0.9676514745829609,-1.3071786467233322,1.94798805731071,0.3279608488082886,-1.5,-1.0841514847042957,0.0,-1.5,-0.0,False,False,52,1.0,50,0.16,0.1,0.104,0.9589752554893494,-0.9566739797592163,4,True
