ppo_step,t_wall_s,t_sim_s,ppo_step_sim_dt,inner_ticks,x,y,yaw,goal_distance_m,goal_distance_norm,ppo_reward,ppo_reward_cumulative,navigation_reward,terminal_reward,frame_cost_reward,fresh_observation,frame_consumed,episode_frame_count,current_fps,scan_divisor_k,obs_age_ratio,fps_ratio,frame_count_ratio,action_linear,action_angular,outcome,done
1,0.07996651669964194,0.0800000000000054,0.10000000000000142,57,1.8523101878088724,-0.38709108594410196,-0.5854300214113379,2.391655439258993,0.4026561379432678,-0.0023405433007187603,-0.0023405433007187603,-0.0023405433007187603,0.0,-0.0,False,False,1,10.0,5,0.016,1.0,0.002,0.8690611124038696,0.8043700456619263,0,False
2,0.2941618110053241,0.28000000000000114,0.19299999999999784,348,1.8839259227378826,-0.40405181598264667,-0.45089575381829244,2.405190141014993,0.404934823513031,-0.008172380765569585,-0.010512924066288346,-0.0056723807655695855,0.0,-0.0025,True,True,2,1.0,50,0.032,0.1,0.004,0.9629917740821838,0.11725527048110962,0,False
3,0.39439161168411374,0.38000000000000256,0.10000000000000142,170,1.9030440001693634,-0.4130692837014904,-0.42809026050574395,2.41501634157052,0.406589150428772,-0.004118151403305854,-0.0146310754695942,-0.004118151403305854,0.0,-0.0,False,False,2,1.0,50,0.052,0.1,0.004,0.9625235199928284,0.114194355905056,0,False
4,0.4945247736759484,0.480000000000004,0.10000000000000142,169,1.9223585322504209,-0.4216386908993743,-0.40612587511316933,2.4228829665513816,0.40791356563568115,-0.003296895124534705,-0.017927970594128907,-0.003296895124534705,0.0,-0.0,False,False,2,1.0,50,0.072,0.1,0.004,0.9619683027267456,0.11071708053350449,0,False
5,0.5957490168511868,0.5799999999999983,0.10099999999999909,172,1.9418517385396135,-0.4297745346527023,-0.38448657937131686,2.430470259079052,0.40919095277786255,-0.0031798271563411532,-0.02110779775047006,-0.0031798271563411532,0.0,-0.0,False,False,2,1.0,50,0.092,0.1,0.004,0.96144038438797,0.10524389147758484,0,False
6,0.6948681669309735,0.6800000000000068,0.09999999999999432,171,1.961505991040682,-0.43749146915054604,-0.3635427735388996,2.437795389779615,0.41042420268058777,-0.0030699553813763477,-0.024177753131846405,-0.0030699553813763477,0.0,-0.0,False,False,2,1.0,50,0.112,0.1,0.004,0.9612138271331787,0.10133393853902817,0,False
7,0.7955542448908091,0.7800000000000011,0.10000000000000853,170,1.9813066203108727,-0.444802037383652,-0.3433840008278479,2.4448735820947527,0.41161587834358215,-0.002966463736490435,-0.02714421686833684,-0.002966463736490435,0.0,-0.0,False,False,2,1.0,50,0.132,0.1,0.004,0.9610142707824707,0.09769418835639954,0,False
8,0.8951018420048058,0.8799999999999955,0.09999999999999432,167,2.0012429992486176,-0.4517179505484577,-0.32397866988888674,2.45171828929851,0.41276824474334717,-0.0028686103460932493,-0.030012827214430087,-0.0028686103460932493,0.0,-0.0,False,False,2,1.0,50,0.152,0.1,0.004,0.9608311057090759,0.09427245706319809,0,False
9,0.9952150639146566,0.980000000000004,0.10000000000000853,166,2.0213069470245277,-0.458251999664835,-0.3052694129614306,2.458344380799041,0.4138838052749634,-0.0027769887106565134,-0.0327898159250866,-0.0027769887106565134,0.0,-0.0,False,False,2,1.0,50,0.172,0.1,0.004,0.9606614708900452,0.09107125550508499,0,False
10,1.0952526070177555,1.0799999999999983,0.09999999999999432,165,2.041488799642739,-0.4644159586085476,-0.2871962172789505,2.464765132853627,0.41496479511260986,-0.002690931142149376,-0.035480747067235974,-0.002690931142149376,0.0,-0.0,False,False,2,1.0,50,0.192,0.1,0.004,0.960495114326477,0.08793838322162628,0,False
11,1.1961447317153215,1.1800000000000068,0.09999999999999432,168,2.0617098274606214,-0.47023895660004056,-0.27931777686007975,2.471009576211522,0.4160161018371582,-0.005117040333327556,-0.04059778740056353,-0.0026170403333275567,0.0,-0.0025,True,True,3,1.0,50,0.012,0.1,0.006,0.9536174535751343,-0.011872717179358006,0,False
12,1.2956854687072337,1.2800000000000011,0.10000000000000853,158,2.081864666821093,-0.47607692749345104,-0.2816323040177955,2.4774297972158172,0.4170970022678375,-0.0026907085794723633,-0.043288495980035896,-0.0026907085794723633,0.0,-0.0,False,False,3,1.0,50,0.032,0.1,0.006,0.9533469676971436,-0.00927967019379139,0,False
13,1.3964042756706476,1.3799999999999955,0.09999999999999432,165,2.102001999842631,-0.4819445678389163,-0.28417454508234,2.484039780190847,0.41820985078811646,-0.002770237642782165,-0.04605873362281806,-0.002770237642782165,0.0,-0.0,False,False,3,1.0,50,0.052,0.1,0.006,0.9530865550041199,-0.006498007103800774,0,False
14,1.4963453100062907,1.480000000000004,0.10000000000000853,166,2.1221231496994317,-0.48783693114567894,-0.2856306658169105,2.4908324444660632,0.4193534553050995,-0.0028467992037301843,-0.04890553282654824,-0.0028467992037301843,0.0,-0.0,False,False,3,1.0,50,0.072,0.1,0.006,0.9528471231460571,-0.003846998792141676,0,False
15,1.5955358897335827,1.5799999999999983,0.09999999999999432,169,2.1422339521872353,-0.49374713180721935,-0.2862630090412725,2.49780000130386,0.42052650451660156,-0.0029200965120793495,-0.05182562933862759,-0.0029200965120793495,0.0,-0.0,False,False,3,1.0,50,0.092,0.1,0.006,0.9526196122169495,-0.0013296745019033551,0,False
16,1.6961031989194453,1.6800000000000068,0.09999999999999432,169,2.1623388648839055,-0.4996653283119111,-0.28639579174734325,2.5049312986481214,0.42172712087631226,-0.0029887200042078978,-0.05481434934283549,-0.0029887200042078978,0.0,-0.0,False,False,3,1.0,50,0.112,0.1,0.006,0.9523990750312805,0.001112684141844511,0,False
17,1.7961693806573749,1.7800000000000011,0.10000000000000853,169,2.1824393780779108,-0.5055807349245304,-0.2860933440860664,2.5122139453253856,0.42295321822166443,-0.003052150367202489,-0.057866499710037975,-0.003052150367202489,0.0,-0.0,False,False,3,1.0,50,0.132,0.1,0.006,0.9521856904029846,0.0034936077427119017,0,False
18,1.896416551899165,1.8799999999999955,0.09999999999999432,169,2.202536176235539,-0.5114830328895305,-0.28533088942268414,2.5196364352460088,0.4242028594017029,-0.003110758538858207,-0.06097725824889618,-0.003110758538858207,0.0,-0.0,False,False,3,1.0,50,0.152,0.1,0.006,0.9519447684288025,0.006152268964797258,0,False
19,1.996732432860881,1.980000000000004,0.10000000000000853,170,2.2226310318197635,-0.5173619647558068,-0.28402402730613147,2.5271872623203477,0.4254741072654724,-0.0031645445191752376,-0.06414180276807142,-0.0031645445191752376,0.0,-0.0,False,False,3,1.0,50,0.172,0.1,0.006,0.9516914486885071,0.008832775987684727,0,False
20,2.09609514195472,2.0799999999999983,0.09999999999999432,162,2.2427287469247927,-0.5232072004337371,-0.2821827542590593,2.53485545150905,0.426765114068985,-0.0032137308708305935,-0.06735553363890202,-0.0032137308708305935,0.0,-0.0,False,False,3,1.0,50,0.192,0.1,0.006,0.951457679271698,0.011443264782428741,0,False
21,2.1966679198667407,2.180000000000007,0.09999999999999432,167,2.262251752486409,-0.5288938413833438,-0.2946490383585092,2.5424554892437103,0.4280446469783783,-0.0056851686605933665,-0.07304070229949539,-0.0031851686605933664,0.0,-0.0025,True,True,4,1.0,50,0.012,0.1,0.008,0.875998854637146,-0.18256469070911407,0,False
22,2.2959499289281666,2.280000000000001,0.10000000000000853,167,2.2806369562363247,-0.5348931187703897,-0.3333100277350611,2.5503803527398436,0.429378867149353,-0.003321302831464469,-0.07636200513095985,-0.003321302831464469,0.0,-0.0,False,False,4,1.0,50,0.032,0.1,0.008,0.8743987679481506,-0.211151584982872,0,False
23,2.3962787999771535,2.3799999999999955,0.09999999999999432,166,2.298742738477822,-0.5416135853604093,-0.37799347520279125,2.559110642511021,0.4308486878871918,-0.0036588562251783563,-0.0800208613561382,-0.0036588562251783563,0.0,-0.0,False,False,4,1.0,50,0.052,0.1,0.008,0.8725147247314453,-0.2425938993692398,0,False
24,2.49694736674428,2.480000000000004,0.10000000000000853,167,2.3164849858773473,-0.5491534816135906,-0.4280028940147806,2.5687245999668162,0.4324672818183899,-0.004029200519995318,-0.08405006187613352,-0.004029200519995318,0.0,-0.0,False,False,4,1.0,50,0.072,0.1,0.008,0.8700041770935059,-0.2781161069869995,0,False
25,2.597177247982472,2.5799999999999983,0.09999999999999432,171,2.333760789390088,-0.5576067168464194,-0.4849538158631474,2.5792921467289105,0.4342464208602905,-0.004428848900640605,-0.08847891077677413,-0.004428848900640605,0.0,-0.0,False,False,4,1.0,50,0.092,0.1,0.008,0.8664919137954712,-0.31942126154899597,0,False
26,2.696764884982258,2.680000000000007,0.09999999999999432,164,2.3504292714936783,-0.5670649494617797,-0.5503912451383736,2.590873114463449,0.4361961781978607,-0.004853572676247251,-0.09333248345302138,-0.004853572676247251,0.0,-0.0,False,False,4,1.0,50,0.112,0.1,0.008,0.861735463142395,-0.3682694137096405,0,False
27,2.7963619120419025,2.780000000000001,0.10000000000000853,167,2.3663503338172127,-0.5776490792886407,-0.6266873234534803,2.6035528252505573,0.43833091855049133,-0.005314054855319685,-0.09864653830834107,-0.005314054855319685,0.0,-0.0,False,False,4,1.0,50,0.132,0.1,0.008,0.8618013262748718,-0.5008515119552612,0,False
28,2.896419853903353,2.8799999999999955,0.09999999999999432,168,2.381363772651972,-0.5895991120388612,-0.7244135347568785,2.617529714882395,0.440684050321579,-0.005857701288096416,-0.10450423959643748,-0.005857701288096416,0.0,-0.0,False,False,4,1.0,50,0.152,0.1,0.008,0.8574904799461365,-0.6186736226081848,0,False
29,2.9967286749742925,2.980000000000004,0.10000000000000853,168,2.394893828084423,-0.6030695071643032,-0.8488525834189815,2.632852462968991,0.4432637691497803,-0.0064217492996137045,-0.11092598889605118,-0.0064217492996137045,0.0,-0.0,False,False,4,1.0,50,0.172,0.1,0.008,0.8486601114273071,-0.7471482753753662,0,False
30,3.0973885017447174,3.0799999999999983,0.09999999999999432,165,2.4063602312743035,-0.6181449639487097,-0.9988406217182463,2.649492746828147,0.4460653066635132,-0.006973927301682003,-0.11789991619773318,-0.006973927301682003,0.0,-0.0,False,False,4,1.0,50,0.192,0.1,0.008,0.8400658369064331,-0.8442227840423584,0,False
31,3.196864959783852,3.180000000000007,0.09999999999999432,164,2.4157389093414636,-0.6352332672803869,-1.1016108062073575,2.667825487965476,0.44915178418159485,-0.010183234553834988,-0.12808315075156818,-0.007683234553834987,0.0,-0.0025,True,True,5,1.0,50,0.012,0.1,0.01,0.9956120848655701,-0.09421730786561966,0,False
32,3.2974585476331413,3.280000000000001,0.10000000000000853,166,2.4257771989519785,-0.6546966162517448,-1.1121246886180896,2.6886242496385475,0.4526534378528595,-0.008716741439071047,-0.13679989219063923,-0.008716741439071047,0.0,-0.0,False,False,5,1.0,50,0.032,0.1,0.01,0.9956421852111816,-0.09807927161455154,0,False
33,3.3972099237143993,3.3799999999999955,0.09999999999999432,166,2.4354189203725594,-0.6744042837520698,-1.125481662107034,2.7096177297517388,0.4561878740787506,-0.00879834775403458,-0.1455982399446738,-0.00879834775403458,0.0,-0.0,False,False,5,1.0,50,0.052,0.1,0.01,0.995639443397522,-0.102424256503582,0,False
34,3.4977876120246947,3.480000000000004,0.10000000000000853,167,2.4446602067758794,-0.6943057856161501,-1.1451648082059769,2.730751938192108,0.45974600315093994,-0.008857326863485754,-0.15445556680815956,-0.008857326863485754,0.0,-0.0,False,False,5,1.0,50,0.072,0.1,0.01,0.9956140518188477,-0.10868954658508301,0,False
35,3.5974010680802166,3.5799999999999983,0.09999999999999432,167,2.453481538536423,-0.7143993082794344,-1.1679260620168779,2.7520190862220506,0.46332651376724243,-0.008913041720338258,-0.16336860852849783,-0.008913041720338258,0.0,-0.0,False,False,5,1.0,50,0.092,0.1,0.01,0.9957135915756226,-0.11572463810443878,0,False
36,3.697142483666539,3.680000000000007,0.09999999999999432,167,2.461849248437146,-0.7346919775658305,-1.1917780485069611,2.7734175806906927,0.4669291377067566,-0.008968088889159355,-0.17233669741765717,-0.008968088889159355,0.0,-0.0,False,False,5,1.0,50,0.112,0.1,0.01,0.9958093762397766,-0.12365055084228516,0,False
37,3.7976130228489637,3.780000000000001,0.10000000000000853,172,2.4697256983322933,-0.755186359123477,-1.2168428531069757,2.7949408719777753,0.4705527722835541,-0.009020391118295121,-0.18135708853595228,-0.009020391118295121,0.0,-0.0,False,False,5,1.0,50,0.132,0.1,0.01,0.9958017468452454,-0.13314664363861084,0,False
38,3.8973873080685735,3.8799999999999955,0.09999999999999432,163,2.4770671891796097,-0.7758826779038193,-1.2437168604986437,2.8165790471445287,0.4741957485675812,-0.00906853884412361,-0.1904256273800759,-0.00906853884412361,0.0,-0.0,False,False,5,1.0,50,0.152,0.1,0.01,0.9957911372184753,-0.1432189792394638,0,False
39,3.9976393189281225,3.980000000000004,0.10000000000000853,170,2.483827828162925,-0.79677891192534,-1.2726736135731467,2.8383202460677825,0.4778560698032379,-0.009111716003495529,-0.19953734338357143,-0.009111716003495529,0.0,-0.0,False,False,5,1.0,50,0.172,0.1,0.01,0.9957773089408875,-0.15396304428577423,0,False
40,4.098066858947277,4.079999999999998,0.09999999999999432,168,2.4899579337189786,-0.817871616491607,-1.3038398919241092,2.860150130389673,0.4815313220024109,-0.009148883970583452,-0.20868622735415487,-0.009148883970583452,0.0,-0.0,False,False,5,1.0,50,0.192,0.1,0.01,0.9957602024078369,-0.16541483998298645,0,False
41,4.198240030091256,4.180000000000007,0.09999999999999432,173,2.495367832210296,-0.8391966926054081,-1.3509533317042985,2.882087286870393,0.4852246344089508,-0.01169384163137259,-0.22038006898552748,-0.009193841631372589,0.0,-0.0025,True,True,6,1.0,50,0.012,0.1,0.012,0.9957395792007446,-0.4190448224544525,0,False
42,4.297588889021426,4.280000000000001,0.10000000000000853,170,2.49911804529022,-0.8605555343720015,-1.4391742331786679,2.9037729025298304,0.4888755977153778,-0.009088421109951202,-0.22946849009547868,-0.009088421109951202,0.0,-0.0,False,False,6,1.0,50,0.032,0.1,0.012,0.8810199499130249,-0.38338756561279297,0,False
43,4.397631702013314,4.3799999999999955,0.09999999999999432,170,2.5009314877280078,-0.8800361013139385,-1.5161633352024806,2.923275547458755,0.49215903878211975,-0.008173540131648713,-0.23764203022712738,-0.008173540131648713,0.0,-0.0,False,False,6,1.0,50,0.052,0.1,0.012,0.8885414600372314,-0.37818005681037903,0,False
44,4.497403976973146,4.480000000000004,0.10000000000000853,168,2.5012697488623865,-0.8997564028311161,-1.5918065728289104,2.942763677013053,0.4954400360584259,-0.008167456751806147,-0.2458094869789335,-0.008167456751806147,0.0,-0.0,False,False,6,1.0,50,0.072,0.1,0.012,0.895347535610199,-0.3742368817329407,0,False
45,4.598462610971183,4.579999999999998,0.09999999999999432,171,2.5001141564648344,-0.9197460405892379,-1.6661872514366605,2.9622679150928515,0.49872374534606934,-0.008174207819680309,-0.2539836947986138,-0.008174207819680309,0.0,-0.0,False,False,6,1.0,50,0.092,0.1,0.012,0.9185519814491272,-0.36867520213127136,0,False
46,4.698384254705161,4.680000000000007,0.09999999999999432,172,2.4974336300643776,-0.9399808551216435,-1.7396334718166326,2.981765957585919,0.5020064115524292,-0.008171611255113238,-0.26215530605372706,-0.008171611255113238,0.0,-0.0,False,False,6,1.0,50,0.112,0.1,0.012,0.9311279058456421,-0.3636891543865204,0,False
47,4.798875073902309,4.780000000000001,0.10000000000000853,174,2.4932311250594053,-0.9602160907917052,-1.8120267635071836,3.0010257355149843,0.5052489638328552,-0.008071754800621262,-0.27022706085434833,-0.008071754800621262,0.0,-0.0,False,False,6,1.0,50,0.132,0.1,0.012,0.9409205317497253,-0.35677599906921387,0,False
48,4.898507090751082,4.8799999999999955,0.09999999999999432,172,2.4875242012382985,-0.9803126912660554,-1.8845837711047633,3.0199243992460088,0.5084307193756104,-0.007920412180143187,-0.2781474730344915,-0.007920412180143187,0.0,-0.0,False,False,6,1.0,50,0.152,0.1,0.012,0.9512447714805603,-0.39804935455322266,0,False
49,4.9981144168414176,4.980000000000004,0.10000000000000853,172,2.4802274559208084,-1.0001390916171369,-1.9642522187654021,3.038330602340292,0.5115295648574829,-0.0077140223908438305,-0.28586149542533534,-0.0077140223908438305,0.0,-0.0,False,False,6,1.0,50,0.172,0.1,0.012,0.9587873816490173,-0.4277662932872772,0,False
50,5.097672113683075,5.079999999999998,0.09999999999999432,173,2.4712650457152594,-1.0194207684943297,-2.048864184495822,3.0559766954510517,0.5145004391670227,-0.007395461012249296,-0.29325695643758465,-0.007395461012249296,0.0,-0.0,False,False,6,1.0,50,0.192,0.1,0.012,0.9614642858505249,-0.4177234172821045,0,False
51,5.198159982915968,5.180000000000007,0.09999999999999432,171,2.4614724848996006,-1.0365460510767694,-2.1459267029225626,3.071411495149099,0.5170990228652954,-0.008968710024497445,-0.3022256664620821,-0.006468710024497445,0.0,-0.0025,True,True,7,5.0,10,0.012,0.5,0.014,0.5661917924880981,-1.0,0,False
52,5.298524972982705,5.280000000000001,0.10000000000000853,171,2.4523149681786314,-1.0485478795534988,-2.317226965081577,3.0819202723456294,0.5188682675361633,-0.004404218631033269,-0.3066298850931154,-0.004404218631033269,0.0,-0.0,False,False,7,5.0,10,0.032,0.5,0.014,0.5477088689804077,-1.0,0,False
53,5.39881436387077,5.3799999999999955,0.09999999999999432,171,2.443698546744323,-1.056222400177626,-2.5201890487936778,3.0882624289571123,0.5199360251426697,-0.005157991865927673,-0.3117878769590431,-0.002657991865927673,0.0,-0.0025,True,True,8,5.0,10,0.012,0.5,0.016,0.48648908734321594,-1.0,0,False
54,5.498705607838929,5.480000000000004,0.10000000000000853,164,2.434097611912043,-1.0617773634353451,-2.7200312607869535,3.0923971865246855,0.5206321477890015,-0.0017328730044751557,-0.31352074996351825,-0.0017328730044751557,0.0,-0.0,False,False,8,5.0,10,0.032,0.5,0.016,0.49752962589263916,-1.0,0,False
55,5.598485152702779,5.579999999999998,0.09999999999999432,164,2.421819877049249,-1.0658223352558118,-2.9156221202374497,3.0947047770568754,0.5210206508636475,-0.0034671090198793134,-0.31698785898339754,-0.0009671090198793132,0.0,-0.0025,True,True,9,5.0,10,0.012,0.5,0.018,0.9996684789657593,-0.5249874591827393,0,False
56,5.699026132002473,5.680000000000007,0.09999999999999432,171,2.403155091412518,-1.0685232825160524,-3.0665243514944485,3.094894184994083,0.5210525393486023,-7.938068819191717e-05,-0.31706723967158945,-7.938068819191717e-05,0.0,-0.0,False,False,9,5.0,10,0.032,0.5,0.018,0.9991127848625183,-0.6129814386367798,0,False
57,5.798144693020731,5.780000000000001,0.10000000000000853,163,2.3810471016838273,-1.068819608396589,3.076145098361138,3.0923858574518057,0.5206302404403687,-0.0014487622881490245,-0.31851600195973845,0.0010512377118509755,0.0,-0.0025,True,True,10,5.0,10,0.012,0.5,0.02,0.9609933495521545,-0.9429181814193726,0,False
58,5.899059007875621,5.8799999999999955,0.09999999999999432,165,2.3597965092932016,-1.0652824567245147,2.884216008552079,3.086326219595261,0.5196100473403931,0.0025395885216711145,-0.3159764134380673,0.0025395885216711145,0.0,-0.0,False,False,10,5.0,10,0.032,0.5,0.02,0.9719738960266113,-0.9522237777709961,0,False
59,5.999051180668175,5.980000000000004,0.10000000000000853,164,2.339358152455725,-1.0578342453418486,2.716097815763102,3.076607645232092,0.5179738402366638,0.001573045367398647,-0.31440336807066865,0.004073045367398647,0.0,-0.0025,True,True,11,1.0,50,0.012,0.1,0.022,0.9988412261009216,-0.6209874749183655,0,False
60,6.099232802633196,6.079999999999998,0.09999999999999432,165,2.3196967412782072,-1.0475894929952823,2.594558764259725,3.064312060822312,0.5159037709236145,0.005153067852164048,-0.3092503002185046,0.005153067852164048,0.0,-0.0,False,False,11,1.0,50,0.032,0.1,0.022,0.998109757900238,-0.634397566318512,0,False
61,6.199168435763568,6.180000000000007,0.09999999999999432,163,2.3014882478966525,-1.0349271100040096,2.4701672410312354,3.049865368699493,0.5134715437889099,0.006054595069836096,-0.3031957051486685,0.006054595069836096,0.0,-0.0,False,False,11,1.0,50,0.052,0.1,0.022,0.9966623187065125,-0.6417261362075806,0,False
62,6.29916495969519,6.280000000000001,0.10000000000000853,162,2.2850554727635704,-1.0200810806073468,2.342535777561384,3.0335040632600005,0.51071697473526,0.006857007708606707,-0.2963386974400618,0.006857007708606707,0.0,-0.0,False,False,11,1.0,50,0.072,0.1,0.022,0.9930498600006104,-0.6378249526023865,0,False
63,6.399194022640586,6.3799999999999955,0.09999999999999432,163,2.270706110414041,-1.003335719348098,2.2151123306547675,3.0155110172922996,0.5076876878738403,0.00754086862800269,-0.2887978288120591,0.00754086862800269,0.0,-0.0,False,False,11,1.0,50,0.092,0.1,0.022,0.9849653244018555,-0.6327307224273682,0,False
64,6.498703839723021,6.480000000000004,0.10000000000000853,161,2.2586958738875884,-0.9850838637777335,2.0888342637985313,2.9962724813748833,0.5044487118721008,0.008062852293534426,-0.2807349765185247,0.008062852293534426,0.0,-0.0,False,False,11,1.0,50,0.112,0.1,0.022,0.9725973606109619,-0.6321184039115906,0,False
65,6.59928099764511,6.579999999999998,0.09999999999999432,168,2.249200150646617,-0.9657172282286134,1.9627773338165757,2.976168687516278,0.5010640621185303,0.008425481082209488,-0.2723094954363152,0.008425481082209488,0.0,-0.0,False,False,11,1.0,50,0.132,0.1,0.022,0.9638136625289917,-0.6294561624526978,0,False
66,6.699475779663771,6.680000000000007,0.09999999999999432,166,2.24226680270142,-0.9454719746247907,1.8373791256050145,2.9554184284364733,0.49757057428359985,0.008696414047889059,-0.26361308138842615,0.008696414047889059,0.0,-0.0,False,False,11,1.0,50,0.152,0.1,0.022,0.9576260447502136,-0.6261823773384094,0,False
67,6.799489872995764,6.780000000000001,0.10000000000000853,165,2.237942575247927,-0.924649076294593,1.712564305250961,2.934312365661539,0.49401718378067017,0.008845531041595705,-0.25476755034683046,0.008845531041595705,0.0,-0.0,False,False,11,1.0,50,0.172,0.1,0.022,0.9512178897857666,-0.6185711622238159,0,False
68,6.898876511957496,6.8799999999999955,0.09999999999999432,165,2.23624188341326,-0.9036058198446995,1.5898429536040697,2.913200461333402,0.4904628098011017,0.008847979231044334,-0.24591957111578613,0.008847979231044334,0.0,-0.0,False,False,11,1.0,50,0.192,0.1,0.022,0.943706750869751,-0.596479594707489,0,False
69,6.998867924790829,6.980000000000004,0.10000000000000853,164,2.237039712327188,-0.8819472032152161,1.49296802610191,2.8916789402139567,0.4868394732475281,0.006519649242704581,-0.23939992187308157,0.009019649242704582,0.0,-0.0025,True,True,12,1.0,50,0.012,0.1,0.024,0.7690386772155762,0.7908293008804321,0,False
70,7.098966226913035,7.079999999999998,0.09999999999999432,161,2.2386049248761255,-0.8600789552603856,1.523489574210402,2.8700145665661685,0.4831920862197876,0.009079518602864364,-0.2303204032702172,0.009079518602864364,0.0,-0.0,False,False,12,1.0,50,0.032,0.1,0.024,0.7684910297393799,0.7932047843933105,0,False
71,7.199034469667822,7.180000000000007,0.09999999999999432,162,2.238442201387307,-0.8407201978366782,1.6510000417786712,2.850709649362348,0.4799419343471527,0.00809067262818093,-0.22222973064203627,0.00809067262818093,0.0,-0.0,False,False,12,1.0,50,0.052,0.1,0.024,0.7669284343719482,0.7995495200157166,0,False
72,7.298818734940141,7.280000000000001,0.10000000000000853,160,2.2358078125872023,-0.8243595756593337,1.8128278966658293,2.834186373584028,0.47716009616851807,0.006924889325144718,-0.21530484131689157,0.006924889325144718,0.0,-0.0,False,False,12,1.0,50,0.072,0.1,0.024,0.7722564339637756,0.7909926176071167,0,False
73,7.398972096852958,7.3799999999999955,0.09999999999999432,161,2.2305757445408414,-0.8084826815637669,1.969505742486276,2.817931809253074,0.47442349791526794,0.00681227261049477,-0.2084925687063968,0.00681227261049477,0.0,-0.0,False,False,12,1.0,50,0.092,0.1,0.024,0.7860148549079895,0.7674719095230103,0,False
74,7.499520174693316,7.480000000000004,0.10000000000000853,166,2.222798790251009,-0.793288564657714,2.121206428289489,2.8021599696368544,0.47176817059516907,0.006609963136943934,-0.20188260556945287,0.006609963136943934,0.0,-0.0,False,False,12,1.0,50,0.112,0.1,0.024,0.8118324279785156,0.7441455721855164,0,False
75,7.599091032054275,7.579999999999998,0.09999999999999432,168,2.2124892191777454,-0.778951581532119,2.2675479922158845,2.787063625991089,0.46922656893730164,0.006326863411578673,-0.1955557421578742,0.006326863411578673,0.0,-0.0,False,False,12,1.0,50,0.132,0.1,0.024,0.8390504121780396,0.6787609457969666,0,False
76,7.699681679718196,7.680000000000007,0.09999999999999432,167,2.199844089198283,-0.7657359528343345,2.3989778112296,2.772946716099129,0.4668498635292053,0.005916383647311076,-0.18963935851056313,0.005916383647311076,0.0,-0.0,False,False,12,1.0,50,0.152,0.1,0.024,0.8570249676704407,0.5947546362876892,0,False
77,7.799689742736518,7.780000000000001,0.10000000000000853,164,2.185406688740348,-0.7539558423746291,2.513279754017545,2.7601900030197912,0.46470215916633606,0.005346326443509978,-0.18429303206705314,0.005346326443509978,0.0,-0.0,False,False,12,1.0,50,0.172,0.1,0.024,0.8645626306533813,0.5034040212631226,0,False
78,7.899969194084406,7.8799999999999955,0.09999999999999432,165,2.169625885893437,-0.7436347249037039,2.6088506347566014,2.748873321313525,0.4627968966960907,0.004742810650573836,-0.1795502214164793,0.004742810650573836,0.0,-0.0,False,False,12,1.0,50,0.192,0.1,0.024,0.8803495764732361,0.3996743857860565,0,False
79,7.999277142807841,7.980000000000004,0.10000000000000853,160,2.154065496104988,-0.7353195599046206,2.7116264453538834,2.739654996324701,0.4612449109554291,0.001363391325500808,-0.1781868300909785,0.003863391325500808,0.0,-0.0025,True,True,13,5.0,10,0.012,0.5,0.026,0.977961003780365,-0.25208279490470886,0,False
80,8.100296237971634,8.079999999999998,0.09999999999999432,163,2.1381008294655395,-0.7283174893124696,2.7231544640701277,2.731810498439308,0.45992422103881836,0.003287621679652413,-0.17489920841132608,0.003287621679652413,0.0,-0.0,False,False,13,5.0,10,0.032,0.5,0.026,0.9792975783348083,-0.2456703782081604,0,False
81,8.199804204981774,8.180000000000007,0.09999999999999432,165,2.1188561110515094,-0.7193749570534562,2.673037464406489,2.721971198643264,0.4582676887512207,0.0016236412826761376,-0.17327556712864994,0.004123641282676138,0.0,-0.0025,True,True,14,5.0,10,0.012,0.5,0.028,0.9933642148971558,-0.3251276910305023,0,False
82,8.299904117826372,8.280000000000001,0.10000000000000853,165,2.0995772446935628,-0.7088574447009143,2.6109132085439346,2.710687088021527,0.4563679099082947,0.0047291601397070684,-0.16854640698894288,0.0047291601397070684,0.0,-0.0,False,False,14,5.0,10,0.032,0.5,0.028,0.9927746653556824,-0.3262341022491455,0,False
83,8.40057879500091,8.379999999999995,0.10099999999999909,164,2.0809949185231713,-0.6971328671256647,2.5511410101646534,2.6983486655549203,0.45429062843322754,0.0026710212414561636,-0.16587538574748673,0.005171021241456164,0.0,-0.0025,True,True,15,5.0,10,0.012,0.5,0.03,0.9949723482131958,-0.2762656509876251,0,False
84,8.501285141799599,8.480000000000004,0.09999999999999432,166,2.0630727140070495,-0.6844001888229617,2.4949628883586117,2.685141090778322,0.4520670175552368,0.005535282156430559,-0.16034010359105616,0.005535282156430559,0.0,-0.0,False,False,15,5.0,10,0.032,0.5,0.03,0.994963526725769,-0.2782995104789734,0,False
85,8.600940697826445,8.579999999999998,0.10000000000000853,160,2.0459340680115767,-0.6706543926538914,2.426640436743055,2.6710493172668137,0.44969454407691956,0.003405849013924906,-0.15693425457713125,0.005905849013924906,0.0,-0.0025,True,True,16,5.0,10,0.012,0.5,0.032,0.9919893741607666,-0.35944831371307373,0,False
86,8.70094892103225,8.680000000000007,0.09999999999999432,164,2.0298638442774695,-0.6557059199402471,2.3570767429090735,2.655873847127654,0.4471396207809448,0.006360025250477575,-0.15057422932665368,0.006360025250477575,0.0,-0.0,False,False,16,5.0,10,0.032,0.5,0.032,0.9914776086807251,-0.35551172494888306,0,False
87,8.801253801677376,8.780000000000001,0.09999999999999432,163,2.014865155939656,-0.6396983964218809,2.3006487741141517,2.6397401852463385,0.4444233775138855,0.00426160250765815,-0.14631262681899554,0.00676160250765815,0.0,-0.0025,True,True,17,5.0,10,0.012,0.5,0.034,0.9970700144767761,-0.07867612689733505,0,False
88,8.901089496910572,8.879999999999995,0.10000000000000853,164,2.0002468917283935,-0.623303763506963,2.288722253391436,2.6233038246990175,0.4416561722755432,0.006888463233647333,-0.1394241635853482,0.006888463233647333,0.0,-0.0,False,False,17,5.0,10,0.032,0.5,0.034,0.9972211718559265,-0.08024132251739502,0,False
89,9.00104984967038,8.980000000000004,0.09999999999999432,163,1.986035106772256,-0.6069438181305814,2.296774494708193,2.606981285930785,0.4389081299304962,0.004340760633173055,-0.13508340295217514,0.006840760633173055,0.0,-0.0025,True,True,18,5.0,10,0.012,0.5,0.036,0.9124919772148132,0.27635595202445984,0,False
90,9.10156659875065,9.079999999999998,0.10000000000000853,161,1.9722990948150743,-0.5924400162194552,2.356099268866492,2.5925880528706178,0.4364849030971527,0.006032190427000563,-0.12905121252517457,0.006032190427000563,0.0,-0.0,False,False,18,5.0,10,0.032,0.5,0.036,0.9129214286804199,0.29490840435028076,0,False
91,9.200911267660558,9.180000000000007,0.09999999999999432,163,1.9577860148453348,-0.5786556010731593,2.392289880156685,2.5790011311693126,0.43419742584228516,0.003194266095491593,-0.12585694642968298,0.005694266095491593,0.0,-0.0025,True,True,19,5.0,10,0.012,0.5,0.038,0.9908407330513,-0.19668611884117126,0,False
92,9.300988149829209,9.280000000000001,0.09999999999999432,164,1.9422577606987341,-0.5634598009251185,2.348557998484098,2.564110126969492,0.43169039487838745,0.0062408058430715365,-0.11961614058661145,0.0062408058430715365,0.0,-0.0,False,False,19,5.0,10,0.032,0.5,0.038,0.9927136898040771,-0.19746620953083038,0,False
93,9.401205761823803,9.379999999999995,0.10000000000000853,163,1.9271991606695758,-0.5475413159099748,2.308346769448204,2.548581331369896,0.4290759861469269,0.004008103618357168,-0.11560803696825428,0.006508103618357169,0.0,-0.0025,True,True,20,5.0,10,0.012,0.5,0.04,0.9942094683647156,-0.19079676270484924,0,False
94,9.50147468270734,9.480000000000004,0.09999999999999432,165,1.91274172714981,-0.5310342828343764,2.2705137181650437,2.5325379480380903,0.4263749420642853,0.006723766852538817,-0.10888427011571546,0.006723766852538817,0.0,-0.0,False,False,20,5.0,10,0.032,0.5,0.04,0.9952303171157837,-0.19039063155651093,0,False
95,9.601702644024044,9.579999999999998,0.10000000000000853,164,1.8989172612362122,-0.5140997022522724,2.2541809593946165,2.5161309722735514,0.42361268401145935,0.004376148098843572,-0.10450812201687189,0.0068761480988435725,0.0,-0.0025,True,True,21,5.0,10,0.012,0.5,0.042,0.9182627201080322,0.3775253891944885,0,False
96,9.70130030065775,9.680000000000007,0.09999999999999432,161,1.885408423726221,-0.4987445032453924,2.332062454292308,2.5013706064453753,0.42112764716148376,0.006186055424486768,-0.09832206659238513,0.006186055424486768,0.0,-0.0,False,False,21,5.0,10,0.032,0.5,0.042,0.9182553291320801,0.36650550365448,0,False
97,9.80134686268866,9.780000000000001,0.09999999999999432,159,1.870891065337746,-0.48442540269691464,2.3816687455652343,2.4877778431908664,0.4188391864299774,0.003196714284940593,-0.09512535230744454,0.005696714284940593,0.0,-0.0025,True,True,22,5.0,10,0.012,0.5,0.044,0.9297049641609192,-0.09814757853746414,0,False
98,9.901464365888387,9.879999999999995,0.10000000000000853,161,1.856271660827726,-0.4700307546045948,2.3553587528693605,2.474208977199463,0.4165547490119934,0.005686698964467763,-0.08943865334297678,0.005686698964467763,0.0,-0.0,False,False,22,5.0,10,0.032,0.5,0.044,0.9302412867546082,-0.09671454131603241,0,False
99,10.001544817816466,9.980000000000004,0.09999999999999432,164,1.8418916302017936,-0.45533515644488715,2.334574692428539,2.460420433404251,0.41423332691192627,0.0032787657252587106,-0.08615988761771806,0.005778765725258711,0.0,-0.0025,True,True,23,5.0,10,0.012,0.5,0.046,0.934931218624115,-0.09100844711065292,0,False
100,10.10133381281048,10.079999999999998,0.10000000000000853,169,1.8277581487341286,-0.44034545363825056,2.316991064864726,2.4464164602075607,0.4118756353855133,0.0058690519846322535,-0.08029083563308581,0.0058690519846322535,0.0,-0.0,False,False,23,5.0,10,0.032,0.5,0.046,0.9361950755119324,-0.08946767449378967,0,False
101,10.2019919808954,10.180000000000007,0.09999999999999432,166,1.8139015010040231,-0.4251554192380561,2.3084663929279072,2.4322852119577374,0.4094965159893036,0.0034223928395946995,-0.07686844279349112,0.0059223928395947,0.0,-0.0025,True,True,24,5.0,10,0.012,0.5,0.048,0.9351472854614258,-0.0020615688990801573,0,False
102,10.301790225785226,10.280000000000001,0.09999999999999432,169,1.8000537901459213,-0.40994162102394593,2.308103034779172,2.4182219381451917,0.40712884068489075,0.005893904816916787,-0.07097453797657433,0.005893904816916787,0.0,-0.0,False,False,24,5.0,10,0.032,0.5,0.048,0.9354339838027954,-0.002223774790763855,0,False
103,10.402013577055186,10.379999999999995,0.10000000000000853,171,1.7861727588758989,-0.394771575845427,2.3277781585508253,2.4042988616095333,0.40478476881980896,0.003335148270142626,-0.0676393897064317,0.005835148270142626,0.0,-0.0025,True,True,25,5.0,10,0.012,0.5,0.05,0.9633152484893799,0.32492998242378235,0,False
104,10.502124228980392,10.480000000000004,0.09999999999999432,169,1.7711045099113953,-0.3800008893709157,2.3967266823521287,2.390982598539995,0.4025428593158722,0.0055808333176921646,-0.062058556388739534,0.0055808333176921646,0.0,-0.0,False,False,25,5.0,10,0.032,0.5,0.05,0.9705269932746887,0.3252336084842682,0,False
105,10.601934503763914,10.579999999999998,0.10000000000000853,168,1.754951655814512,-0.3661595493833833,2.478532967929941,2.3788148202336394,0.4004943072795868,0.0025995044345242164,-0.05945905195421532,0.0050995044345242165,0.0,-0.0025,True,True,26,5.0,10,0.012,0.5,0.052,0.9866777062416077,0.47246235609054565,0,False
106,10.702485001645982,10.680000000000007,0.09999999999999432,169,1.737375355735206,-0.35373067932512964,2.5736803368997454,2.3683368439540007,0.39873024821281433,0.004391309995757226,-0.055067741958458094,0.004391309995757226,0.0,-0.0,False,False,26,5.0,10,0.032,0.5,0.052,0.9884487986564636,0.5030068159103394,0,False
107,10.802028140053153,10.780000000000001,0.09999999999999432,167,1.7186678355916387,-0.3429741219800888,2.648961089574944,2.359804104891164,0.39729368686676025,0.0010760629092695147,-0.05399167904918858,0.003576062909269515,0.0,-0.0025,True,True,27,5.0,10,0.012,0.5,0.054,0.9977500438690186,-0.2658308744430542,0,False
108,10.902580227702856,10.879999999999995,0.10000000000000853,168,1.6995356095900118,-0.33225566629897907,2.603264270049298,2.3515303413536874,0.3959007263183594,0.003467526510367902,-0.05052415253882068,0.003467526510367902,0.0,-0.0,False,False,27,5.0,10,0.032,0.5,0.054,0.9976769089698792,-0.266938716173172,0,False
109,11.002297013998032,10.980000000000004,0.09999999999999432,166,1.6809159574080645,-0.3204873398212536,2.5522406922001535,2.342322814387452,0.3943505585193634,0.001358865884398448,-0.04916528665442223,0.003858865884398448,0.0,-0.0025,True,True,28,5.0,10,0.012,0.5,0.056,0.9963583946228027,-0.26163721084594727,0,False
110,11.10213085776195,11.079999999999998,0.10000000000000853,161,1.6629404941387151,-0.307773735878032,2.4999326862294993,2.3322583492679234,0.3926561176776886,0.0042180078577978295,-0.0449472787966244,0.0042180078577978295,0.0,-0.0,False,False,28,5.0,10,0.032,0.5,0.056,0.9960566759109497,-0.26356247067451477,0,False
111,11.202046432066709,11.180000000000007,0.09999999999999432,164,1.6456522136271396,-0.29423953069938114,2.4690515619835813,2.3214429790365854,0.3908352553844452,0.0020327114833215997,-0.0429145673133028,0.0045327114833216,0.0,-0.0025,True,True,29,5.0,10,0.012,0.5,0.058,0.9836807250976562,0.10733496397733688,0,False
112,11.302342792972922,11.280000000000001,0.09999999999999432,160,1.6285145769702838,-0.2810812852289313,2.4954347568814126,2.31113246061545,0.3890993893146515,0.004321128564888472,-0.03859343874841433,0.004321128564888472,0.0,-0.0,False,False,29,5.0,10,0.032,0.5,0.058,0.9858214855194092,0.1156633049249649,0,False
113,11.402737952768803,11.379999999999995,0.10000000000000853,161,1.6110114366618655,-0.2681350571487105,2.497332319890171,2.3012494376787607,0.3874354958534241,0.0016419656097635218,-0.03695147313865081,0.004141965609763522,0.0,-0.0025,True,True,30,5.0,10,0.012,0.5,0.06,0.9996029138565063,-0.29886502027511597,0,False
114,11.502696225885302,11.480000000000004,0.09999999999999432,163,1.5938394401310183,-0.25421277692832606,2.4329065626277213,2.2905112467564157,0.3856276273727417,0.0045003657075723645,-0.032451107431078444,0.0045003657075723645,0.0,-0.0,False,False,30,5.0,10,0.032,0.5,0.06,0.9995357394218445,-0.29624778032302856,0,False
115,11.602285692933947,11.579999999999998,0.10000000000000853,165,1.5776053432413473,-0.23952994444985562,2.3951451956877454,2.279015424085239,0.38369220495224,0.0023178884603402192,-0.030133218970738226,0.004817888460340219,0.0,-0.0025,True,True,31,5.0,10,0.012,0.5,0.062,0.9750429391860962,-0.005779947154223919,0,False
116,11.70284525072202,11.680000000000007,0.09999999999999432,167,1.561778566761727,-0.22503749868726558,2.39563780688729,2.267780878157351,0.3818007707595825,0.00470838762317087,-0.025424831347567355,0.00470838762317087,0.0,-0.0,False,False,31,5.0,10,0.032,0.5,0.062,0.9759665727615356,-0.0038759515155106783,0,False
117,11.802425347734243,11.780000000000001,0.09999999999999432,164,1.546081067057531,-0.21061338659541148,2.397611089402531,2.2567352091163797,0.3799411356449127,0.0021292294976559653,-0.02329560184991139,0.004629229497655965,0.0,-0.0025,True,True,32,5.0,10,0.012,0.5,0.064,0.965204656124115,-0.0028332395013421774,0,False
118,11.902946456801146,11.879999999999995,0.10000000000000853,167,1.5304528810875007,-0.19623331325592655,2.3977727493053163,2.2458662028056264,0.37811124324798584,0.004555190313716261,-0.01874041153619513,0.004555190313716261,0.0,-0.0,False,False,32,5.0,10,0.032,0.5,0.064,0.9659198522567749,-0.0028459352906793356,0,False
119,12.003017129842192,11.980000000000004,0.09999999999999432,162,1.514732527823718,-0.1816375929370136,2.3749986668890184,2.234955774572157,0.37627437710762024,0.0020725502025357224,-0.016667861333659405,0.0045725502025357224,0.0,-0.0025,True,True,33,5.0,10,0.012,0.5,0.066,0.9625476598739624,-0.2659286558628082,0,False
120,12.10300844302401,12.079999999999998,0.10000000000000853,160,1.499871063764788,-0.16642538855556424,2.3204940198794355,2.2234045456539278,0.3743296265602112,0.00484110916632542,-0.011826752167333985,0.00484110916632542,0.0,-0.0,False,False,33,5.0,10,0.032,0.5,0.066,0.9613678455352783,-0.2679635286331177,0,False
121,12.203201483935118,12.180000000000007,0.09999999999999432,165,1.4856609115663062,-0.15039383850084653,2.2892398944868635,2.2110491295780013,0.3722494840621948,0.0026781432471257812,-0.009148608920208204,0.005178143247125781,0.0,-0.0025,True,True,34,5.0,10,0.012,0.5,0.068,0.9846535325050354,0.5929479598999023,0,False
122,12.303152828011662,12.280000000000001,0.09999999999999432,164,1.470925416409631,-0.13486212197755543,2.3862092130717136,2.199444441597121,0.3702957332134247,0.0048635138091609525,-0.004285095111047251,0.0048635138091609525,0.0,-0.0,False,False,34,5.0,10,0.032,0.5,0.068,0.9892446398735046,0.6274725198745728,0,False
123,12.403380998875946,12.379999999999995,0.10000000000000853,158,1.4559396533048643,-0.12235545977603432,2.5097157634127134,2.190980208021854,0.36887070536613464,0.0010473523239140307,-0.0032377427871332206,0.0035473523239140307,0.0,-0.0025,True,True,35,5.0,10,0.012,0.5,0.07,0.8286301493644714,0.6595563292503357,0,False
124,12.503230733796954,12.480000000000004,0.09999999999999432,164,1.4403726870761295,-0.11247433426867535,2.645140144169174,2.1853445253144805,0.3679218888282776,0.002361909317727428,-0.0008758334694057928,0.002361909317727428,0.0,-0.0,False,False,35,5.0,10,0.032,0.5,0.07,0.9164035320281982,0.7456796765327454,0,False
125,12.603054618928581,12.579999999999998,0.10000000000000853,163,1.4227301039989484,-0.1045007878230535,2.793102275516207,2.1822382351442697,0.3673989176750183,-0.0011981567136512556,-0.002073990183057048,0.0013018432863487444,0.0,-0.0025,True,True,36,5.0,10,0.012,0.5,0.072,0.9997820258140564,0.946527898311615,0,False
126,12.70342223905027,12.680000000000007,0.09999999999999432,162,1.4019726780369333,-0.09908708033104413,2.985672140977642,2.1826138647169384,0.367462158203125,-0.00015742600032101365,-0.002231416183378062,-0.00015742600032101365,0.0,-0.0,False,False,36,5.0,10,0.032,0.5,0.072,0.9999598860740662,0.9802843332290649,0,False
127,12.80292901583016,12.780000000000001,0.09999999999999432,166,1.3803705385086253,-0.09765891780155368,-3.1285122129491634,2.1872616168658467,0.36824464797973633,-0.004447868550625022,-0.006679284734003084,-0.0019478685506250217,0.0,-0.0025,True,True,37,5.0,10,0.012,0.5,0.074,0.9999605417251587,0.23619526624679565,0,False
128,12.902966308873147,12.879999999999995,0.10000000000000853,167,1.3584929039443423,-0.0985773964350885,-3.076130769678499,2.1944380534848635,0.3694528639316559,-0.0030076378317677502,-0.009686922565770834,-0.0030076378317677502,0.0,-0.0,False,False,37,5.0,10,0.032,0.5,0.074,0.9999688863754272,0.2644214332103729,0,False
129,13.003046981059015,12.980000000000004,0.09999999999999432,166,1.336630943890124,-0.10051597600993639,-3.04704238546471,2.202776782174635,0.37085676193237305,-0.0059947533445421225,-0.015681675910312956,-0.0034947533445421224,0.0,-0.0025,True,True,38,5.0,10,0.012,0.5,0.076,0.9963807463645935,-0.2685217559337616,0,False
130,13.103042914997786,13.079999999999998,0.10000000000000853,166,1.31462142769088,-0.10188517909337472,-3.106192193510154,2.210806439594906,0.3722086250782013,-0.0033652218664269257,-0.01904689777673988,-0.0033652218664269257,0.0,-0.0,False,False,38,5.0,10,0.032,0.5,0.076,0.9966632127761841,-0.27094992995262146,0,False
131,13.20368237188086,13.180000000000007,0.09999999999999432,164,1.292631734520277,-0.10215341281528104,3.139739466663856,2.217976326593664,0.3734157383441925,-0.005504892892082423,-0.024551790668822304,-0.003004892892082422,0.0,-0.0025,True,True,39,5.0,10,0.012,0.5,0.078,0.9940525889396667,-0.08984865993261337,0,False
132,13.303520957008004,13.280000000000001,0.09999999999999432,162,1.2707341881161958,-0.10199190078324895,3.122131214049762,2.2249042316763816,0.37458211183547974,-0.0029034784988504272,-0.02745526916767273,-0.0029034784988504272,0.0,-0.0,False,False,39,5.0,10,0.032,0.5,0.078,0.9939435124397278,-0.09052924811840057,0,False
133,13.404073046054691,13.379999999999995,0.10000000000000853,166,1.248774799113635,-0.10144116198872859,3.1115206201776857,2.231679725325514,0.37572282552719116,-0.005339603010501438,-0.03279487217817417,-0.002839603010501438,0.0,-0.0025,True,True,40,5.0,10,0.012,0.5,0.08,0.9984313249588013,-0.017014067620038986,0,False
134,13.503634083084762,13.480000000000004,0.09999999999999432,165,1.2268186125484515,-0.10078567573618277,3.1092879286114976,2.2385508080270693,0.37687963247299194,-0.002879664292392759,-0.03567453647056693,-0.002879664292392759,0.0,-0.0,False,False,40,5.0,10,0.032,0.5,0.08,0.998417317867279,-0.016721313819289207,0,False
135,13.603967032860965,13.579999999999998,0.10000000000000853,166,1.2048421807992504,-0.10003201931504056,3.101910265022055,2.2455312870886197,0.3780548572540283,-0.005425512203890691,-0.04110004867445762,-0.002925512203890691,0.0,-0.0025,True,True,41,5.0,10,0.012,0.5,0.082,0.9991570115089417,-0.05699658393859863,0,False
136,13.70372889796272,13.680000000000007,0.09999999999999432,164,1.182857941000955,-0.09902985278682856,3.0907858294681168,2.2524758317471294,0.37922403216362,-0.0029104521294017883,-0.04401050080385941,-0.0029104521294017883,0.0,-0.0,False,False,41,5.0,10,0.032,0.5,0.082,0.9991475939750671,-0.057101666927337646,0,False
137,13.803914909716696,13.780000000000001,0.09999999999999432,164,1.1608465039863038,-0.0977445450297362,3.0713100184058066,2.2593607217562566,0.380383163690567,-0.0053854509219991836,-0.049395951725858596,-0.002885450921999184,0.0,-0.0025,True,True,42,5.0,10,0.012,0.5,0.084,0.9993584156036377,-0.12265641242265701,0,False
138,13.904050421901047,13.879999999999995,0.10000000000000853,164,1.138890485762334,-0.09592576158209148,3.0471878916442794,2.265924680372713,0.38148826360702515,-0.0027509488774272294,-0.05214690060328583,-0.0027509488774272294,0.0,-0.0,False,False,42,5.0,10,0.032,0.5,0.084,0.999353289604187,-0.12298735976219177,0,False
139,14.004127074033022,13.980000000000004,0.09999999999999432,163,1.1174720463967367,-0.09366852073053113,3.0323351729625148,2.272070348376438,0.38252294063568115,-0.005075643675373415,-0.05722254427865924,-0.002575643675373415,0.0,-0.0025,True,True,43,5.0,10,0.012,0.5,0.086,0.9580259919166565,-0.02508622035384178,0,False
140,14.10408293781802,14.079999999999998,0.10000000000000853,165,1.0965171599047625,-0.0913416216554066,3.026943789745512,2.2781551226134344,0.3835473656654358,-0.0025501231550572848,-0.05977266743371653,-0.0025501231550572848,0.0,-0.0,False,False,43,5.0,10,0.032,0.5,0.086,0.9581456780433655,-0.02499539405107498,0,False
141,14.204178370069712,14.180000000000007,0.09999999999999432,164,1.0754262954806704,-0.08888036454527595,3.0223754564167726,2.2843505323277724,0.38459041714668274,-0.005096490379468742,-0.06486915781318527,-0.0025964903794687424,0.0,-0.0025,True,True,44,5.0,10,0.012,0.5,0.088,0.9693424105644226,-0.0278124138712883,0,False
142,14.30393059598282,14.280000000000001,0.09999999999999432,164,1.05424525004441,-0.08628427652199934,3.0171621524816636,2.29064046899395,0.3856493830680847,-0.0026361065360054796,-0.06750526434919074,-0.0026361065360054796,0.0,-0.0,False,False,44,5.0,10,0.032,0.5,0.088,0.969683825969696,-0.027787519618868828,0,False
143,14.40443579480052,14.379999999999995,0.10000000000000853,162,1.0327169475776918,-0.08354912879865907,3.017186271566575,2.2971314967037433,0.3867422044277191,-0.005220383603095399,-0.07272564795228614,-0.0027203836030953985,0.0,-0.0025,True,True,45,5.0,10,0.012,0.5,0.09,0.9957889318466187,0.030518557876348495,0,False
144,14.504590165801346,14.480000000000004,0.09999999999999432,159,1.010982025272088,-0.0809098265521821,3.02325820857581,2.3039839926451053,0.3878958821296692,-0.0028718745986917307,-0.07559752255097787,-0.0028718745986917307,0.0,-0.0,False,False,45,5.0,10,0.032,0.5,0.09,0.9956488609313965,0.03192625194787979,0,False
145,14.604190962854773,14.579999999999998,0.10000000000000853,162,0.9892002448587851,-0.07841305268001798,3.033161787895807,2.311172289387293,0.3891060948371887,-0.005512608398224508,-0.08111013094920239,-0.003012608398224508,0.0,-0.0025,True,True,46,5.0,10,0.012,0.5,0.092,0.9985840320587158,0.059539712965488434,0,False
146,14.704276885837317,14.680000000000007,0.09999999999999432,161,0.9673711895634399,-0.07616982063839078,3.0450211402090512,2.318793569133603,0.39038920402526855,-0.003194071167680389,-0.08430420211688278,-0.003194071167680389,0.0,-0.0,False,False,46,5.0,10,0.032,0.5,0.092,0.9983000159263611,0.05930795520544052,0,False
147,14.804564055986702,14.780000000000001,0.09999999999999432,165,0.9457364997866692,-0.0741316875159263,3.0405294292518104,2.326691526081647,0.39171889424324036,-0.00581002632248776,-0.09011422843937053,-0.0033100263224877602,0.0,-0.0025,True,True,47,5.0,10,0.012,0.5,0.094,0.9747273325920105,-0.06981013715267181,0,False
148,14.90465207863599,14.879999999999995,0.10000000000000853,166,0.9243918213418908,-0.0718101296652056,3.028265407147679,2.3343800721981802,0.3930133283138275,-0.0032222624401223466,-0.09333649087949288,-0.0032222624401223466,0.0,-0.0,False,False,47,5.0,10,0.032,0.5,0.094,0.9745892286300659,-0.06774594634771347,0,False
149,15.004677611868829,14.980000000000004,0.09999999999999432,164,0.9033394563260921,-0.06925080783388404,3.0160912802377444,2.341893017685077,0.3942781984806061,-0.005648668381536668,-0.09898515926102955,-0.003148668381536668,0.0,-0.0025,True,True,48,5.0,10,0.012,0.5,0.096,0.9550150632858276,-0.048028890043497086,0,False
150,15.104505945928395,15.079999999999998,0.10000000000000853,163,0.8824903087894035,-0.06651565684180263,3.0059339664805806,2.349322234242723,0.39552897214889526,-0.003113577666102477,-0.10209873692713202,-0.003113577666102477,0.0,-0.0,False,False,48,5.0,10,0.032,0.5,0.096,0.9548832178115845,-0.046820372343063354,0,False
151,15.204722898080945,15.180000000000007,0.09999999999999432,163,0.8616025993095607,-0.06359481875759249,3.0017559853938205,2.3567716307114357,0.39678314328193665,-0.005622035047835102,-0.10772077197496713,-0.003122035047835102,0.0,-0.0025,True,True,49,5.0,10,0.012,0.5,0.098,0.960787296295166,-0.002160650212317705,0,False
152,15.304857739713043,15.280000000000001,0.09999999999999432,164,0.8406695426121856,-0.06065466953134358,3.0012329012626964,2.364390963273344,0.3980659246444702,-0.0031932551045305356,-0.11091402707949766,-0.0031932551045305356,0.0,-0.0,False,False,49,5.0,10,0.032,0.5,0.098,0.9609376192092896,-0.0015996978618204594,0,False
153,15.404911812860519,15.379999999999995,0.10000000000000853,163,0.8198503073041592,-0.05770833881460095,2.9982900456999126,2.37211225749117,0.3993658721446991,-0.005735987138548056,-0.11665001421804572,-0.0032359871385480563,0.0,-0.0025,True,True,50,5.0,10,0.012,0.5,0.1,0.9518153071403503,-0.02746359072625637,0,False
154,15.50447773002088,15.480000000000004,0.09999999999999432,167,0.7991223325553057,-0.054659499400705976,2.993094969283357,2.3798597501900307,0.40067023038864136,-0.003246966897288624,-0.11989698111533434,-0.003246966897288624,0.0,-0.0,False,False,50,5.0,10,0.032,0.5,0.1,0.951795756816864,-0.027394859120249748,0,False
155,15.604717240668833,15.579999999999998,0.10000000000000853,167,0.7787242314545305,-0.051538313012677306,2.9853159984400426,2.3875351970660468,0.4019624590873718,-0.005716772560752063,-0.1256137536760864,-0.003216772560752063,0.0,-0.0025,True,True,51,5.0,10,0.012,0.5,0.102,0.9275005459785461,-0.04593323543667793,0,False
156,15.704839802812785,15.680000000000007,0.09999999999999432,158,0.7585676905668285,-0.048265211708672213,2.976186098221629,2.395108505269381,0.4032374918460846,-0.0031739663391754137,-0.12878772001526181,-0.0031739663391754137,0.0,-0.0,False,False,51,5.0,10,0.032,0.5,0.102,0.9273173809051514,-0.04532436281442642,0,False
157,15.80462815798819,15.780000000000001,0.09999999999999432,160,0.7380955481734844,-0.044744810326899455,2.9656646281507095,2.402786784413617,0.40453019738197327,-0.0057179595616969996,-0.1345056795769588,-0.003217959561696999,0.0,-0.0025,True,True,52,5.0,10,0.012,0.5,0.104,0.9540679454803467,-0.057389356195926666,0,False
158,15.904868888668716,15.879999999999995,0.10000000000000853,165,0.7174312542148963,-0.04094958161174779,2.9542319888169035,2.4104891378377222,0.40582695603370667,-0.0032280490697287716,-0.13773372864668756,-0.0032280490697287716,0.0,-0.0,False,False,52,5.0,10,0.032,0.5,0.104,0.9540085792541504,-0.05768230929970741,0,False
159,16.005170149728656,15.980000000000004,0.09999999999999432,162,0.6967791043891817,-0.036911228556792644,2.9424762485653413,2.41813820921594,0.40711474418640137,-0.005705718614452367,-0.14343944726113994,-0.003205718614452367,0.0,-0.0025,True,True,53,5.0,10,0.012,0.5,0.106,0.9564040303230286,-0.05949180945754051,0,False
160,16.105212222784758,16.08,0.10000000000000853,166,0.6761558059814778,-0.0326240961944844,2.9305831662073665,2.4257214303580446,0.40839144587516785,-0.003178120842482877,-0.1466175681036228,-0.003178120842482877,0.0,-0.0,False,False,53,5.0,10,0.032,0.5,0.106,0.9563319683074951,-0.0597868449985981,0,False
161,16.205275034997612,16.180000000000007,0.09999999999999432,165,0.6554220718451965,-0.028051230726454743,2.917693642208825,2.4332862417567194,0.409665048122406,-0.005670405336340791,-0.1522879734399636,-0.003170405336340791,0.0,-0.0025,True,True,54,5.0,10,0.012,0.5,0.108,0.9689918756484985,-0.06852148473262787,0,False
162,16.304845791775733,16.28,0.09999999999999432,160,0.6346455124079959,-0.023171167925675112,2.904060287243722,2.4407814855672423,0.4109269380569458,-0.0031412496256310956,-0.15542922306559467,-0.0031412496256310956,0.0,-0.0,False,False,54,5.0,10,0.032,0.5,0.108,0.9688662886619568,-0.0689733475446701,0,False
163,16.40507119288668,16.379999999999995,0.10000000000000853,166,0.614004122543369,-0.01802756702776062,2.8911098451643262,2.4481462680228843,0.41216686367988586,-0.0055865733946052695,-0.16101579646019995,-0.0030865733946052695,0.0,-0.0025,True,True,55,5.0,10,0.012,0.5,0.11,0.9638108611106873,-0.061505649238824844,0,False
164,16.5051589156501,16.480000000000004,0.09999999999999432,162,0.5934719619214169,-0.012642353575041747,2.878769526507617,2.45541245214112,0.413390189409256,-0.0030452509242100702,-0.16406104738441002,-0.0030452509242100702,0.0,-0.0,False,False,55,5.0,10,0.032,0.5,0.11,0.9637219309806824,-0.06166263297200203,0,False
165,16.605683704838157,16.58,0.10000000000000853,165,0.5731606707150446,-0.007049487778681414,2.867023070471979,2.4625430414183267,0.4145906865596771,-0.005488423253971756,-0.16954947063838177,-0.0029884232539717564,0.0,-0.0025,True,True,56,5.0,10,0.012,0.5,0.112,0.9524440169334412,-0.05757144093513489,0,False
166,16.705724387895316,16.680000000000007,0.09999999999999432,165,0.5529981501819491,-0.0012475736760438215,2.855528774193003,2.4695760944587093,0.41577476263046265,-0.0029475459089307685,-0.17249701654731253,-0.0029475459089307685,0.0,-0.0,False,False,56,5.0,10,0.032,0.5,0.112,0.9535409808158875,-0.05798846855759621,0,False
167,16.80531855393201,16.78,0.09999999999999432,164,0.5327786703791423,0.004822645216105054,2.8445622218813527,2.476584542168931,0.4169546961784363,-0.0054372338382216116,-0.17793425038553415,-0.002937233838221611,0.0,-0.0025,True,True,57,5.0,10,0.012,0.5,0.114,0.9621228575706482,-0.053163766860961914,0,False
168,16.905464576091617,16.879999999999995,0.10000000000000853,166,0.5125533963831099,0.011128089365660681,2.833930288184175,2.483567853498701,0.41813039779663086,-0.002926699204835441,-0.18086094959036958,-0.002926699204835441,0.0,-0.0,False,False,57,5.0,10,0.032,0.5,0.114,0.9620399475097656,-0.053416989743709564,0,False
169,17.00556332897395,16.980000000000004,0.09999999999999432,164,0.49201005292624295,0.017770272068589752,2.8244055060933553,2.490636132875069,0.41932040452957153,-0.005462309233183344,-0.1863232588235529,-0.002962309233183344,0.0,-0.0025,True,True,58,5.0,10,0.012,0.5,0.116,0.9929627776145935,-0.044068653136491776,0,False
170,17.105486911721528,17.08,0.10000000000000853,169,0.4712681502479382,0.02467725538552153,2.815559332165964,2.497783184711304,0.42052367329597473,-0.0029953226969641755,-0.1893185815205171,-0.0029953226969641755,0.0,-0.0,False,False,58,5.0,10,0.032,0.5,0.116,0.992914617061615,-0.0445103645324707,0,False
171,17.205923622008413,17.180000000000007,0.09999999999999432,168,0.4507497306772789,0.03176452400255477,2.7966532611369908,2.504820840187544,0.42170852422714233,-0.005449474785466243,-0.19476805630598332,-0.0029494747854662434,0.0,-0.0025,True,True,59,5.0,10,0.012,0.5,0.118,0.982049286365509,-0.10475661605596542,0,False
172,17.30582396592945,17.28,0.09999999999999432,166,0.430447682877562,0.039281056616126506,2.777333554074815,2.5115559740145423,0.42284244298934937,-0.0028226882470361887,-0.1975907445530195,-0.0028226882470361887,0.0,-0.0,False,False,59,5.0,10,0.032,0.5,0.118,0.9835726618766785,-0.10483454912900925,0,False
173,17.40587304905057,17.379999999999995,0.10000000000000853,167,0.4105179819724259,0.047125221973810465,2.757757475857459,2.5179699994321063,0.4239223003387451,-0.005188112014905292,-0.2027788565679248,-0.002688112014905292,0.0,-0.0025,True,True,60,5.0,10,0.012,0.5,0.12,0.9642763733863831,-0.09106860309839249,0,False
174,17.50594767089933,17.480000000000004,0.09999999999999432,166,0.3908888065209494,0.05526316991680081,2.7391667417908763,2.5241315989445683,0.424959659576416,-0.002582320555688449,-0.20536117712361324,-0.002582320555688449,0.0,-0.0,False,False,60,5.0,10,0.032,0.5,0.12,0.9645000696182251,-0.09095237404108047,0,False
175,17.60604596370831,17.58,0.10000000000000853,166,0.3712309311041639,0.06379539299911728,2.731718451912792,2.530173358107975,0.42597684264183044,-0.005032095578206414,-0.21039327270181965,-0.0025320955782064136,0.0,-0.0025,True,True,61,5.0,10,0.012,0.5,0.122,0.9788619875907898,0.046945057809352875,0,False
176,17.706545552704483,17.680000000000007,0.09999999999999432,165,0.3514325360275594,0.07222315867557876,2.7422222476112146,2.5365525112230807,0.4270508289337158,-0.002673497065770787,-0.21306676976759042,-0.002673497065770787,0.0,-0.0,False,False,61,5.0,10,0.032,0.5,0.122,0.9792908430099487,0.049024976789951324,0,False
177,17.806758794002235,17.78,0.09999999999999432,168,0.3315306987720016,0.08051865226356782,2.745176151167073,2.543265340937847,0.428180992603302,-0.0053133406145949545,-0.21838011038218538,-0.002813340614594955,0.0,-0.0025,True,True,62,5.0,10,0.012,0.5,0.124,0.9812214970588684,-0.020630083978176117,0,False
178,17.90647073974833,17.879999999999995,0.10000000000000853,168,0.31163122548372096,0.0889071232388654,2.7417700954938433,2.5500716355038713,0.4293268918991089,-0.002852511645777481,-0.22123262202796287,-0.002852511645777481,0.0,-0.0,False,False,62,5.0,10,0.032,0.5,0.124,0.9814412593841553,-0.020091794431209564,0,False
179,18.00631880387664,17.980000000000004,0.09999999999999432,167,0.2917302925212096,0.09733317166236861,2.748572686933838,2.5570151180617984,0.43049588799476624,-0.0054100070040473906,-0.22664262903201027,-0.002910007004047391,0.0,-0.0025,True,True,63,5.0,10,0.012,0.5,0.126,0.9847211241722107,0.08186035603284836,0,False
180,18.106499725952744,18.08,0.10000000000000853,169,0.2716734792183087,0.10544999334513736,2.7640960706604103,2.56445548667556,0.43174853920936584,-0.003118251482323094,-0.22976088051433335,-0.003118251482323094,0.0,-0.0,False,False,63,5.0,10,0.032,0.5,0.126,0.9854313135147095,0.08415251970291138,0,False
181,18.20623071072623,18.180000000000007,0.09999999999999432,165,0.2514337916183974,0.11332920664343309,2.7663588373222243,2.572355036774478,0.43307849764823914,-0.005810694010519356,-0.23557157452485272,-0.0033106940105193565,0.0,-0.0025,True,True,64,5.0,10,0.012,0.5,0.128,0.9915935397148132,-0.05255788564682007,0,False
182,18.306457513011992,18.28,0.09999999999999432,169,0.23116867711419514,0.12145080404104253,2.7569539020177865,2.580254055823105,0.43440836668014526,-0.0033104714478421576,-0.23888204597269488,-0.0033104714478421576,0.0,-0.0,False,False,64,5.0,10,0.032,0.5,0.128,0.9914678931236267,-0.052837666124105453,0,False
183,18.406713333912194,18.379999999999995,0.10000000000000853,169,0.21098132460776808,0.1297581975662136,2.7501212291521484,2.588125283239824,0.4357335567474365,-0.00579882400107018,-0.24468086997376506,-0.0032988240010701796,0.0,-0.0025,True,True,65,5.0,10,0.012,0.5,0.13,0.9917489886283875,-0.010874826461076736,0,False
184,18.506584097631276,18.480000000000004,0.09999999999999432,167,0.1908188296028651,0.13811222353368158,2.747234366744941,2.5961051989494823,0.43707704544067383,-0.0033443751623315984,-0.24802524513609667,-0.0033443751623315984,0.0,-0.0,False,False,65,5.0,10,0.032,0.5,0.13,0.9917415380477905,-0.008510935120284557,0,False
185,18.607052667066455,18.58,0.10000000000000853,167,0.17069778959336046,0.1465632440803078,2.7321675469668714,2.604145654392342,0.4384307265281677,-0.005869747307529472,-0.2538949924436261,-0.003369747307529472,0.0,-0.0025,True,True,66,5.0,10,0.012,0.5,0.132,0.9928339719772339,-0.10974238812923431,0,False
186,18.70645916601643,18.680000000000007,0.09999999999999432,167,0.15071886555221037,0.15548180851385637,2.7118736020538337,2.6119127959519783,0.439738392829895,-0.0032552017163440497,-0.25715019415997015,-0.0032552017163440497,0.0,-0.0,False,False,66,5.0,10,0.032,0.5,0.132,0.9927266240119934,-0.1126382127404213,0,False
187,18.80695188464597,18.78,0.09999999999999432,171,0.1309967375483654,0.16474143038670652,2.706014779476658,2.6194174216509793,0.44100186228752136,-0.005645181566260988,-0.26279537572623113,-0.0031451815662609877,0.0,-0.0025,True,True,67,5.0,10,0.012,0.5,0.134,0.9926789402961731,0.10524104535579681,0,False
188,18.906710309907794,18.879999999999995,0.10000000000000853,162,0.11110589885349162,0.1736609131162981,2.7280751161552446,2.6274389363001185,0.4423523545265198,-0.0033618092387103734,-0.2661571849649415,-0.0033618092387103734,0.0,-0.0,False,False,67,5.0,10,0.032,0.5,0.134,0.9930655360221863,0.10657104104757309,0,False
189,19.006998820696026,18.980000000000004,0.09999999999999432,148,0.0910264369567325,0.18218114376245187,2.75020344033892,2.6360283207273536,0.4437984526157379,-0.006099802928168054,-0.27225698789310954,-0.0035998029281680546,0.0,-0.0025,True,True,68,5.0,10,0.012,0.5,0.136,0.9937908053398132,0.10321366041898727,0,False
190,19.107583628967404,19.08,0.10000000000000853,153,0.07076817430927879,0.19030115558287625,2.771471534801896,2.645173891826278,0.4453381896018982,-0.003832900238728106,-0.27608988813183766,-0.003832900238728106,0.0,-0.0,False,False,68,5.0,10,0.032,0.5,0.136,0.994140088558197,0.1087820827960968,0,False
191,19.20747969299555,19.180000000000007,0.09999999999999432,151,0.05041520134659652,0.19804678463417574,2.7699207122688767,2.654791212600585,0.4469573497772217,-0.00653061008361764,-0.2826204982154553,-0.004030610083617639,0.0,-0.0025,True,True,69,5.0,10,0.012,0.5,0.138,0.9999383091926575,-0.2902461588382721,0,False
192,19.307022189721465,19.28,0.09999999999999432,152,0.030113557600261208,0.20681158153336493,2.7067497752026988,2.663827564356278,0.44847869873046875,-0.0037871265147893024,-0.2864076247302446,-0.0037871265147893024,0.0,-0.0,False,False,69,5.0,10,0.032,0.5,0.138,0.9999364018440247,-0.2977423667907715,0,False
193,19.407542089000344,19.379999999999995,0.10000000000000853,155,0.010369747036138516,0.21672677528920004,2.6461483754643624,2.67183314749668,0.44982650876045227,-0.005855132358395153,-0.29226275708863975,-0.0033551323583951532,0.0,-0.0025,True,True,70,5.0,10,0.012,0.5,0.14,0.9987300038337708,-0.2899431586265564,0,False
194,19.507110585924238,19.480000000000004,0.09999999999999432,162,-0.008755787601297933,0.22775689724600282,2.588191596397384,2.678795570848328,0.4509986937046051,-0.0029179450728666757,-0.29518070216150644,-0.0029179450728666757,0.0,-0.0,False,False,70,5.0,10,0.032,0.5,0.14,0.9986391067504883,-0.2929231822490692,0,False
195,19.606918880715966,19.58,0.10000000000000853,170,-0.026605095618194786,0.23946108947285938,2.533587359334108,2.684515867568772,0.4519617557525635,-0.004897370970957074,-0.3000780731324635,-0.002397370970957074,0.0,-0.0025,True,True,71,5.0,10,0.012,0.5,0.142,0.9469963312149048,-0.27776265144348145,0,False
196,19.707229400984943,19.680000000000007,0.09999999999999432,173,-0.04345226713115549,0.2518814186694092,2.477677256695708,2.6891664519859004,0.452744722366333,-0.001949055551569958,-0.3020271286840334,-0.001949055551569958,0.0,-0.0,False,False,71,5.0,10,0.032,0.5,0.142,0.9455259442329407,-0.27990689873695374,0,False
197,19.808321944903582,19.78,0.10099999999999909,171,-0.059477403076424816,0.2650222420626308,2.4471043165003605,2.692878493521649,0.453369677066803,-0.0040557131134449954,-0.3060828417974784,-0.001555713113444995,0.0,-0.0025,True,True,72,5.0,10,0.012,0.5,0.144,0.9530246257781982,0.4918159544467926,0,False
198,19.90918958093971,19.879999999999995,0.10099999999999909,169,-0.07583159294546106,0.27757818417295294,2.536620486154184,2.6973717100358074,0.45412614941596985,-0.0018831028115674233,-0.30796594460904586,-0.0018831028115674233,0.0,-0.0,False,False,72,5.0,10,0.032,0.5,0.144,0.9542824029922485,0.47446367144584656,0,False
199,20.010222014971077,19.980000000000004,0.10099999999999909,175,-0.09337876190920727,0.28864483518800393,2.6082517063881894,2.703880793455503,0.4552220106124878,-0.005227950734119415,-0.3131938953431653,-0.0027279507341194144,0.0,-0.0025,True,True,73,5.0,10,0.012,0.5,0.146,0.9830265045166016,-0.2086043357849121,0,False
200,20.110698814038187,20.08,0.10000000000000853,178,-0.1116037329268258,0.2997905029277552,2.5692628890322826,2.711011382732709,0.45642250776290894,-0.0029884232539715704,-0.31618231859713686,-0.0029884232539715704,0.0,-0.0,False,False,73,5.0,10,0.032,0.5,0.146,0.9830960631370544,-0.20815247297286987,0,False
201,20.210718006826937,20.180000000000007,0.09999999999999432,175,-0.1297809944330548,0.3120542536162313,2.5164386136268164,2.717559232823665,0.4575248956680298,-0.005244197809553067,-0.3214265164066899,-0.002744197809553067,0.0,-0.0025,True,True,74,5.0,10,0.012,0.5,0.148,0.9999982714653015,-0.32280388474464417,0,False
202,20.31110509671271,20.28,0.09999999999999432,173,-0.14728735186225486,0.32557433831648047,2.4532819875102017,2.722966032855515,0.45843517780303955,-0.0022659848038655305,-0.32369250121055543,-0.0022659848038655305,0.0,-0.0,False,False,74,5.0,10,0.036,0.5,0.148,0.9999982714653015,-0.32308825850486755,0,False
203,20.410463065840304,20.379999999999995,0.10000000000000853,170,-0.1638558084503358,0.340052436464119,2.406682480242477,2.7272142581686496,0.45915040373802185,-0.004280427229831364,-0.3279729284403868,-0.0017804272298313638,0.0,-0.0025,True,True,75,5.0,10,0.012,0.5,0.15,0.9932564496994019,-0.1221645325422287,0,False
204,20.51074466574937,20.480000000000004,0.09999999999999432,177,-0.17996230563542095,0.354888801544378,2.3821274618999375,2.7310486182881464,0.4597959518432617,-0.0016069767167538962,-0.3295799051571407,-0.0016069767167538962,0.0,-0.0,False,False,75,5.0,10,0.032,0.5,0.15,0.9933315515518188,-0.12251009792089462,0,False
205,20.610841998830438,20.58,0.10000000000000853,178,-0.19572492363679686,0.37016505264981625,2.3578365407422566,2.7345146065222883,0.4603794813156128,-0.003952592406354352,-0.33353249756349507,-0.0014525924063543516,0.0,-0.0025,True,True,76,5.0,10,0.012,0.5,0.152,0.9971553683280945,-0.1362343281507492,0,False
206,20.710961340926588,20.680000000000007,0.09999999999999432,177,-0.2110909024983528,0.38588878587726,2.3312430589609727,2.7375679686801386,0.46089354157447815,-0.001279661206190224,-0.3348121587696853,-0.001279661206190224,0.0,-0.0,False,False,76,5.0,10,0.032,0.5,0.152,0.9969633221626282,-0.13839954137802124,0,False
207,20.810843844898045,20.78,0.09999999999999432,175,-0.226002804190579,0.4020937293080653,2.2891540585939207,2.740144624693222,0.46132734417915344,-0.0035798741096473314,-0.3383920328793326,-0.0010798741096473311,0.0,-0.0025,True,True,77,5.0,10,0.012,0.5,0.154,0.9999265670776367,-0.2901884615421295,0,False
208,20.910806078929454,20.879999999999995,0.10000000000000853,172,-0.24003521681834566,0.419176082111801,2.2309101938928846,2.741671394280529,0.4615843892097473,-0.000639867696874583,-0.3390319005762072,-0.000639867696874583,0.0,-0.0,False,False,77,5.0,10,0.032,0.5,0.154,0.9999091625213623,-0.2920480966567993,0,False
209,21.01095732068643,20.980000000000004,0.09999999999999432,172,-0.2530867860676802,0.4369944758880517,2.18227325522342,2.7421498705929337,0.46166494488716125,-0.0027005289721336177,-0.3417324295483408,-0.00020052897213361756,0.0,-0.0025,True,True,78,5.0,10,0.012,0.5,0.156,0.9997352957725525,-0.1970110535621643,0,False
210,21.11182231688872,21.08,0.10099999999999909,177,-0.265415980865052,0.4552981528524004,2.142060860246386,2.741936034342329,0.4616289436817169,8.961857134194623e-05,-0.3416428109769989,8.961857134194623e-05,0.0,-0.0,False,False,78,5.0,10,0.036,0.5,0.156,0.9997104406356812,-0.19713732600212097,0,False
211,21.212160086724907,21.180000000000007,0.10000000000000853,173,-0.27704844901749254,0.4740169423771016,2.1192197455705215,2.741089894211624,0.46148648858070374,-0.002145383467702979,-0.3437881944447019,0.0003546165322970211,0.0,-0.0025,True,True,79,5.0,10,0.016,0.5,0.158,0.9999988079071045,-0.04227130860090256,0,False
212,21.311993900686502,21.28,0.09999999999999432,164,-0.2884858586691509,0.49282711477829005,2.1108394165069586,2.7402076426611153,0.46133795380592346,0.0003697507943446798,-0.3434184436503572,0.0003697507943446798,0.0,-0.0,False,False,79,5.0,10,0.036,0.5,0.158,0.9999988079071045,-0.04237177222967148,0,False
213,21.41239043092355,21.379999999999995,0.09999999999999432,169,-0.2997184862769635,0.5117834292647376,2.092250954507128,2.739250513019542,0.4611768126487732,-0.0020988678681738227,-0.345517311518531,0.0004011321318261773,0.0,-0.0025,True,True,80,5.0,10,0.016,0.5,0.16,1.0,-0.1263658106327057,0,False
214,21.512091586831957,21.480000000000004,0.10000000000000853,166,-0.310467309717464,0.5310324993232327,2.0684974187160896,2.7379051856150745,0.4609503149986267,0.0005638254488402759,-0.34495348606969073,0.0005638254488402759,0.0,-0.0,False,False,80,5.0,10,0.036,0.5,0.16,1.0,-0.12948453426361084,0,False
215,21.6124917967245,21.58,0.09999999999999432,169,-0.32067472686028775,0.5506106593399603,2.0260268077765047,2.7361031549601424,0.46064692735671997,-0.0017447706487901415,-0.34669825671848087,0.0007552293512098586,0.0,-0.0025,True,True,81,5.0,10,0.016,0.5,0.162,0.9999994039535522,-0.26219749450683594,0,False
216,21.7125174398534,21.680000000000007,0.10000000000000853,169,-0.3298560476593324,0.5707104584226986,1.974465127294283,2.73333089542312,0.4601801931858063,0.0011618513624063198,-0.34553640535607455,0.0011618513624063198,0.0,-0.0,False,False,81,5.0,10,0.036,0.5,0.162,0.9999992847442627,-0.263845831155777,0,False
217,21.81243720371276,21.78,0.09999999999999432,173,-0.33799289171113583,0.5912478475800662,1.9252308171891963,2.7296140744347506,0.45955443382263184,-0.0009422838224605881,-0.34647868917853514,0.001557716177539412,0.0,-0.0025,True,True,82,5.0,10,0.016,0.5,0.164,0.9999998807907104,-0.22977253794670105,0,False
218,21.912502516061068,21.879999999999995,0.09999999999999432,173,-0.34518524648902593,0.6121295347190209,1.878563481341297,2.7250831533499142,0.4587916135787964,0.0018989047616468646,-0.34457978441688825,0.0018989047616468646,0.0,-0.0,False,False,82,5.0,10,0.036,0.5,0.164,0.9999998211860657,-0.23419171571731567,0,False
219,22.012536078691483,21.980000000000004,0.10000000000000853,171,-0.3514084701412827,0.6333145730081353,1.834724978486172,2.719733529732754,0.45789095759391785,-0.00025797777771020824,-0.34483776219459844,0.002242022222289792,0.0,-0.0025,True,True,83,5.0,10,0.016,0.5,0.166,0.9999228119850159,-0.21455493569374084,0,False
220,22.112655051983893,22.08,0.09999999999999432,165,-0.3567241988168349,0.6547432427580818,1.7917973030540606,2.7136441530599,0.45686575770378113,0.0025520520315929457,-0.3422857101630055,0.0025520520315929457,0.0,-0.0,False,False,83,5.0,10,0.036,0.5,0.166,0.9999039173126221,-0.21928395330905914,0,False
221,22.212909462861717,22.180000000000007,0.10000000000000853,165,-0.3611463491453605,0.6763398814761229,1.763454896107424,2.7068594545390527,0.45572349429130554,0.0003434607635723879,-0.34194224939943313,0.002843460763572388,0.0,-0.0025,True,True,84,5.0,10,0.016,0.5,0.168,0.9999464750289917,0.09041768312454224,0,False
222,22.312637387774885,22.28,0.09999999999999432,168,-0.3656950106925837,0.6978210774292082,1.7875907566009972,2.700404184215536,0.45463669300079346,0.0027053977161658107,-0.33923685168326734,0.0027053977161658107,0.0,-0.0,False,False,84,5.0,10,0.036,0.5,0.168,0.9999562501907349,0.10795360058546066,0,False
223,22.412613791879267,22.379999999999995,0.09999999999999432,170,-0.370589650563238,0.7192394072743402,1.7881433141683913,2.694446685031673,0.45363369584083557,-3.217699905348325e-06,-0.3392400693831727,0.0024967823000946517,0.0,-0.0025,True,True,85,5.0,10,0.016,0.5,0.17,0.9924104809761047,-0.21195565164089203,0,False
224,22.512772732879966,22.480000000000004,0.10000000000000853,171,-0.3747151857702064,0.7407578510639946,1.742889854784242,2.687929104807318,0.452536404132843,0.002731511736954037,-0.3365085576462187,0.002731511736954037,0.0,-0.0,False,False,85,5.0,10,0.036,0.5,0.17,0.9919509291648865,-0.20911216735839844,0,False
225,22.612888905685395,22.58,0.09999999999999432,172,-0.3779845034950293,0.7623272712421658,1.706851281341492,2.6807916118763253,0.45133474469184875,0.0004913165687749689,-0.3360172410774437,0.002991316568774969,0.0,-0.0025,True,True,86,5.0,10,0.016,0.5,0.172,0.9860934019088745,-0.1233026385307312,0,False
226,22.713080747053027,22.680000000000007,0.10000000000000853,174,-0.38069930645795846,0.7838970430715014,1.6817562387128393,2.6733192032283255,0.450076699256897,0.003131679430512663,-0.332885561646931,0.003131679430512663,0.0,-0.0,False,False,86,5.0,10,0.036,0.5,0.172,0.9856598973274231,-0.12126373499631882,0,False
227,22.812892491929233,22.78,0.09999999999999432,170,-0.3828189179288518,0.80568728444218,1.6413785815841713,2.665372212636724,0.4487387537956238,0.0008305762763467605,-0.33205498537058425,0.0033305762763467606,0.0,-0.0025,True,True,87,5.0,10,0.016,0.5,0.174,0.9998542070388794,-0.27833226323127747,0,False
228,22.912907815072685,22.879999999999995,0.09999999999999432,171,-0.3837468562427153,0.827765178962725,1.5870258559731991,2.656385425574879,0.44722574949264526,0.003766353998253289,-0.32828863137233094,0.003766353998253289,0.0,-0.0,False,False,87,5.0,10,0.036,0.5,0.174,0.9997862577438354,-0.27644121646881104,0,False
229,23.012937967665493,22.980000000000004,0.10000000000000853,172,-0.3834309545543786,0.8498226972975423,1.5221611886786808,2.646441154837934,0.4455515444278717,0.0016676345051975373,-0.3266209968671334,0.004167634505197537,0.0,-0.0025,True,True,88,5.0,10,0.016,0.5,0.176,0.9999549984931946,-0.35733187198638916,0,False
230,23.113030140753835,23.08,0.09999999999999432,171,-0.3815544250655022,0.8718719374567191,1.450764574655348,2.63523705579341,0.4436652362346649,0.0046956273630128975,-0.32192536950412054,0.0046956273630128975,0.0,-0.0,False,False,88,5.0,10,0.036,0.5,0.176,0.9999247789382935,-0.3483119308948517,0,False
231,23.21324179181829,23.180000000000007,0.10000000000000853,172,-0.37818515551825926,0.8936687072343071,1.3884084223264843,2.622924654791074,0.44159233570098877,0.002660115670274538,-0.319265253833846,0.005160115670274538,0.0,-0.0025,True,True,89,5.0,10,0.016,0.5,0.178,0.9997101426124573,-0.27766355872154236,0,False
232,23.314186037052423,23.28,0.10099999999999909,174,-0.37359608558625174,0.9152827426536309,1.3328017836690138,2.6097068130421786,0.43936699628829956,0.005539585034855907,-0.3137256687989901,0.005539585034855907,0.0,-0.0,False,False,89,5.0,10,0.036,0.5,0.178,0.999571681022644,-0.2672517001628876,0,False
233,23.414277088828385,23.379999999999995,0.09999999999999432,171,-0.3678855860961486,0.9365305456633626,1.2844657823444476,2.5957368270641274,0.43701502680778503,0.0033548079732930174,-0.3103708608256971,0.005854807973293017,0.0,-0.0025,True,True,90,5.0,10,0.016,0.5,0.18,0.9925225377082825,-0.2253701537847519,0,False
234,23.51526246406138,23.480000000000004,0.10099999999999909,170,-0.3612442583464227,0.9574102466677032,1.239685195793595,2.5811756050951655,0.4345635175704956,0.006102594420546516,-0.3042682664051506,0.006102594420546516,0.0,-0.0,False,False,90,5.0,10,0.036,0.5,0.18,0.9904611110687256,-0.219406396150589,0,False
235,23.615277606993914,23.58,0.10000000000000853,168,-0.35370876660546136,0.9779438475711879,1.1996844934489554,2.5660366004093373,0.43201473355293274,0.0038447426133116597,-0.30042352379183895,0.00634474261331166,0.0,-0.0025,True,True,91,5.0,10,0.016,0.5,0.182,0.990226149559021,-0.18284527957439423,0,False
236,23.71531303972006,23.680000000000007,0.09999999999999432,170,-0.34542545319098095,0.9981617139618567,1.1635004061980954,2.5504315105845663,0.42938748002052307,0.006540078456311321,-0.2938834453355276,0.006540078456311321,0.0,-0.0,False,False,91,5.0,10,0.036,0.5,0.182,0.9893389940261841,-0.17307715117931366,0,False
237,23.816314534749836,23.78,0.10099999999999909,170,-0.3364050104924832,1.0181537918827357,1.132704633504837,2.534326348402214,0.42667603492736816,0.004249658310649844,-0.2896337870248778,0.006749658310649845,0.0,-0.0025,True,True,92,5.0,10,0.016,0.5,0.184,0.9983562231063843,-0.08014705777168274,0,False
238,23.916215628851205,23.879999999999995,0.09999999999999432,172,-0.3269758246125823,1.0380224159927987,1.1187133063300463,2.5179788502702936,0.4239237904548645,0.006851221079000097,-0.2827825659458777,0.006851221079000097,0.0,-0.0,False,False,92,5.0,10,0.036,0.5,0.184,0.9983219504356384,-0.07927432656288147,0,False
239,24.016722097992897,23.980000000000004,0.10000000000000853,169,-0.3171895674955511,1.0577502677424795,1.098417604676079,2.501439997016764,0.42113932967185974,0.0044314178303418664,-0.27835114811553585,0.006931417830341867,0.0,-0.0025,True,True,93,5.0,10,0.016,0.5,0.186,0.9997949600219727,-0.1215093731880188,0,False
240,24.116427863016725,24.08,0.09999999999999432,169,-0.3069113359693849,1.0772467219545419,1.0748124041429916,2.4846154387065487,0.41830676794052124,0.007051156550661246,-0.2712999915648746,0.007051156550661246,0.0,-0.0,False,False,93,5.0,10,0.036,0.5,0.186,0.9997768402099609,-0.11321114748716354,0,False
241,24.216787933837622,24.180000000000007,0.10000000000000853,171,-0.29620453405139124,1.0964878466536678,1.0526669868998286,2.467567485240486,0.41543659567832947,0.004644781250192584,-0.26665521031468203,0.007144781250192585,0.0,-0.0025,True,True,94,5.0,10,0.016,0.5,0.188,0.9984577298164368,-0.10101033002138138,0,False
242,24.316468168981373,24.28,0.09999999999999432,167,-0.28511522028180464,1.1154929137428091,1.0324907192677781,2.4503274685857597,0.41253408789634705,0.007225274751770124,-0.2594299355629119,0.007225274751770124,0.0,-0.0,False,False,94,5.0,10,0.036,0.5,0.188,0.9983690977096558,-0.09503671526908875,0,False
243,24.416589541826397,24.379999999999995,0.09999999999999432,172,-0.27373044249462736,1.1341663164181834,1.0139737161628255,2.43300602421971,0.4096178710460663,0.00475940102893695,-0.2546705345339749,0.00725940102893695,0.0,-0.0025,True,True,95,5.0,10,0.016,0.5,0.19,0.988305926322937,-0.08819788694381714,0,False
244,24.516759683843702,24.480000000000004,0.10000000000000853,169,-0.2620629297835586,1.1525508664040232,0.9966343861680212,2.4155948323544414,0.40668654441833496,0.00729701412137927,-0.24737352041259567,0.00729701412137927,0.0,-0.0,False,False,95,5.0,10,0.036,0.5,0.19,0.9879938364028931,-0.08315727859735489,0,False
245,24.616613167803735,24.58,0.09999999999999432,169,-0.25003006943761924,1.1708661354815357,0.986124361562732,2.397936171053456,0.40371355414390564,0.00490072832894238,-0.2424727920836533,0.007400728328942381,0.0,-0.0025,True,True,96,5.0,10,0.016,0.5,0.192,0.9965595006942749,-0.03125058114528656,0,False
246,24.716864618938416,24.680000000000007,0.10000000000000853,170,-0.23787368354269,1.189125914152955,0.9794028283889551,2.3802511342546726,0.40073612332344055,0.0074117822752418905,-0.2350610098084114,0.0074117822752418905,0.0,-0.0,False,False,96,5.0,10,0.036,0.5,0.192,0.9965936541557312,-0.03410392999649048,0,False
247,24.816797802690417,24.78,0.09999999999999432,168,-0.22576853420437826,1.2070194398984668,0.9700396156489055,2.362808433405457,0.3977994918823242,0.004810219506891639,-0.23025079030151976,0.0073102195068916395,0.0,-0.0025,True,True,97,5.0,10,0.016,0.5,0.194,0.9708975553512573,-0.05958830937743187,0,False
248,24.917000943794847,24.879999999999995,0.09999999999999432,170,-0.21357556717352613,1.224585045981093,0.9585184353096134,2.345460613541609,0.3948788344860077,0.007270454975236646,-0.2229803353262831,0.007270454975236646,0.0,-0.0,False,False,97,5.0,10,0.036,0.5,0.194,0.9710128307342529,-0.05883385241031647,0,False
249,25.017099427059293,24.980000000000004,0.10000000000000853,168,-0.20138717439461548,1.241724538074806,0.94783178626362,2.328322735559564,0.39199352264404297,0.0046824685301938476,-0.21829786679608926,0.007182468530193847,0.0,-0.0025,True,True,98,5.0,10,0.016,0.5,0.196,0.9447109699249268,-0.0478769950568676,0,False
250,25.117299507837743,25.08,0.09999999999999432,171,-0.18916939792525983,1.2585630181710286,0.9381134392332837,2.3113181512006196,0.3891306519508362,0.0071266052982230845,-0.21117126149786616,0.0071266052982230845,0.0,-0.0,False,False,98,5.0,10,0.036,0.5,0.196,0.9452207088470459,-0.04790863022208214,0,False
251,25.21794868586585,25.180000000000007,0.10099999999999909,172,-0.1766252765632177,1.2754128663871758,0.9131389512792538,2.294062734087447,0.38622555136680603,0.004731729069408332,-0.20643953242845783,0.007231729069408332,0.0,-0.0025,True,True,99,5.0,10,0.016,0.5,0.198,0.9123449325561523,-0.2500895857810974,0,False
252,25.318016699049622,25.28,0.10000000000000853,163,-0.163872869450888,1.2910001103865378,0.8621288530894891,2.2770654074158156,0.38336390256881714,0.007123563608301988,-0.19931596882015584,0.007123563608301988,0.0,-0.0,False,False,99,5.0,10,0.036,0.5,0.198,0.907985270023346,-0.24022798240184784,0,False
253,25.41859071701765,25.379999999999995,0.09999999999999432,170,-0.14996956479053417,1.306459861817097,0.8214990002983693,2.2590633335931636,0.3803330957889557,0.0050446521935146975,-0.19427131662664116,0.007544652193514698,0.0,-0.0025,True,True,100,5.0,10,0.016,0.5,0.2,0.968732476234436,-0.13260497152805328,0,False
254,25.518260702956468,25.480000000000004,0.10000000000000853,168,-0.1352485318022375,1.321937011813501,0.7954983567966758,2.240324870033329,0.3771783113479614,0.007853272439195716,-0.18641804418744545,0.007853272439195716,0.0,-0.0,False,False,100,5.0,10,0.036,0.5,0.2,0.9685868620872498,-0.12441567331552505,0,False
255,25.618323815986514,25.58,0.09999999999999432,171,-0.12053815962529968,1.336586940748364,0.7658814559920931,2.2218908753071376,0.374074786901474,0.005225669837615994,-0.18119237434982946,0.007725669837615995,0.0,-0.0025,True,True,101,5.0,10,0.016,0.5,0.202,0.9214375019073486,-0.15531916916370392,0,False
256,25.718305228743702,25.680000000000007,0.09999999999999432,171,-0.10570012910214535,1.3504263224379143,0.7366190649205412,2.203614956550971,0.3709978759288788,0.007659420347377319,-0.17353295400245214,0.007659420347377319,0.0,-0.0,False,False,101,5.0,10,0.036,0.5,0.202,0.914038896560669,-0.13289886713027954,0,False
257,25.81847668066621,25.78,0.10000000000000853,172,-0.09054920490567032,1.3638599618862046,0.7263921171122237,2.1851933529982417,0.3678964376449585,0.005220476708481851,-0.16831247729397028,0.007720476708481852,0.0,-0.0025,True,True,102,5.0,10,0.016,0.5,0.204,0.9426246285438538,0.3812099099159241,0,False
258,25.91849149391055,25.879999999999995,0.09999999999999432,171,-0.07569036169902403,1.3781708081374717,0.8051997719044512,2.166832289178713,0.3648051917552948,0.00769510456328435,-0.16061737273068594,0.00769510456328435,0.0,-0.0,False,False,102,5.0,10,0.036,0.5,0.204,0.9626650214195251,0.3053537607192993,0,False
259,26.018979022745043,25.980000000000004,0.10000000000000853,172,-0.061648507286845275,1.3935420058754786,0.851915657960884,2.148996434097218,0.3618023693561554,0.004974990075559283,-0.15564238265512664,0.007474990075559284,0.0,-0.0025,True,True,103,5.0,10,0.016,0.5,0.206,0.9130114912986755,-0.2978173792362213,0,False
260,26.118549979757518,26.08,0.09999999999999432,175,-0.04780784861410623,1.4085822722192054,0.7933401496004284,2.1314999201518243,0.3588566780090332,0.007332772524845057,-0.1483096101302816,0.007332772524845057,0.0,-0.0,False,False,103,5.0,10,0.036,0.5,0.206,0.9109017848968506,-0.28545451164245605,0,False
261,26.218734440859407,26.180000000000007,0.09999999999999432,169,-0.03349525473450407,1.4224261092720585,0.7422172931091398,2.113928705132129,0.3558984100818634,0.0048640796747677975,-0.1434455304555138,0.007364079674767798,0.0,-0.0025,True,True,104,5.0,10,0.016,0.5,0.208,0.8948111534118652,-0.21878762543201447,0,False
262,26.319015321787447,26.28,0.10000000000000853,170,-0.018650218398426312,1.4354926573536797,0.7007782700020938,2.0960956823188543,0.3528960645198822,0.007473803074614347,-0.13597172738089947,0.007473803074614347,0.0,-0.0,False,False,104,5.0,10,0.036,0.5,0.208,0.8973277807235718,-0.1926632970571518,0,False
263,26.419205904006958,26.379999999999995,0.09999999999999432,168,-0.0037096247688560213,1.4476113043702015,0.6621734693293502,2.0784575549624638,0.34992653131484985,0.0048921225720915,-0.13107960480880795,0.007392122572091499,0.0,-0.0025,True,True,105,5.0,10,0.016,0.5,0.21,0.8565791845321655,-0.1402996927499771,0,False
264,26.519121697638184,26.480000000000004,0.10000000000000853,170,0.011339352061958944,1.4590465281749951,0.6361617396677708,2.0609226283793367,0.34697437286376953,0.007348871225160826,-0.12373073358364713,0.007348871225160826,0.0,-0.0,False,False,105,5.0,10,0.036,0.5,0.21,0.8587296009063721,-0.12270423024892807,0,False
265,26.61929750908166,26.58,0.09999999999999432,171,0.026599802042818876,1.4701013616358183,0.6302093297808188,2.0433064511016505,0.34400853514671326,0.0048829233147683355,-0.11884781026887879,0.007382923314768336,0.0,-0.0025,True,True,106,5.0,10,0.016,0.5,0.212,0.8592281937599182,0.3299632668495178,0,False
266,26.72016895469278,26.680000000000007,0.10099999999999909,173,0.04148547077024286,1.4818547078053699,0.6984965017034401,2.0258957902866728,0.3410772979259491,0.007296791558702257,-0.11155101871017653,0.007296791558702257,0.0,-0.0,False,False,106,5.0,10,0.036,0.5,0.212,0.9072908759117126,0.19970232248306274,0,False
267,26.81991200102493,26.78,0.09999999999999432,170,0.05638971992544456,1.4947514896648058,0.718883320160671,2.008207390169378,0.33809930086135864,0.004913191838864026,-0.1066378268713125,0.0074131918388640255,0.0,-0.0025,True,True,107,5.0,10,0.016,0.5,0.214,0.8996095657348633,-0.21261194348335266,0,False
268,26.920032843016088,26.879999999999995,0.10000000000000853,171,0.07171928629175822,1.5074115108015798,0.6707999373710953,1.9902035461790888,0.3350681960582733,0.007545394069105236,-0.09909243280220727,0.007545394069105236,0.0,-0.0,False,False,107,5.0,10,0.036,0.5,0.214,0.9012006521224976,-0.16988618671894073,0,False
269,27.021325044799596,26.980000000000004,0.10099999999999909,174,0.08744655952548296,1.5194495210289864,0.6307776302715402,1.972001443413404,0.33200371265411377,0.005128484135250126,-0.09396394866695715,0.007628484135250126,0.0,-0.0025,True,True,108,5.0,10,0.016,0.5,0.216,0.8908173441886902,-0.18973183631896973,0,False
270,27.121048549655825,27.08,0.09999999999999432,171,0.10351923837480655,1.5307572064876476,0.5950833773276525,1.9536704724437124,0.328917533159256,0.007682492678244356,-0.08628145598871279,0.007682492678244356,0.0,-0.0,False,False,108,5.0,10,0.036,0.5,0.216,0.8856924176216125,-0.15561971068382263,0,False
271,27.221274201758206,27.180000000000007,0.10000000000000853,171,0.11995416015247146,1.5413984954374964,0.5372092345147401,1.9351711585316986,0.3258030116558075,0.005253045046908378,-0.08102841094180441,0.007753045046908378,0.0,-0.0025,True,True,109,5.0,10,0.016,0.5,0.218,0.875831663608551,-0.3622652590274811,0,False
272,27.321559231728315,27.28,0.09999999999999432,169,0.13701585892078283,1.550658254894056,0.47104567845573797,1.9164075585914122,0.3226439952850342,0.007863807072581979,-0.07316460386922242,0.007863807072581979,0.0,-0.0,False,False,109,5.0,10,0.036,0.5,0.218,0.8788948655128479,-0.22806793451309204,0,False
273,27.421487115789205,27.379999999999995,0.09999999999999432,167,0.15567061498333837,1.5594248592131394,0.39805848405939975,1.8962218059711926,0.3192455470561981,0.005959829922053326,-0.0672047739471691,0.008459829922053326,0.0,-0.0025,True,True,110,5.0,10,0.016,0.5,0.22,0.9956360459327698,-0.32838931679725647,0,False
274,27.52154249884188,27.480000000000004,0.10000000000000853,169,0.1762060533490484,1.5673174745413816,0.33729014310179606,1.8744168810129904,0.3155744969844818,0.009138423524756318,-0.05806635042241279,0.009138423524756318,0.0,-0.0,False,False,110,5.0,10,0.036,0.5,0.22,0.9902979135513306,-0.2912086844444275,0,False
275,27.62182368990034,27.58,0.09999999999999432,171,0.1970380455957591,1.5739555138819596,0.2931139403707894,1.8526158504235908,0.31190410256385803,0.006636791398456982,-0.05142955902395581,0.009136791398456983,0.0,-0.0025,True,True,111,5.0,10,0.016,0.5,0.222,0.9668326377868652,0.024558961391448975,0,False
276,27.722019320819527,27.680000000000007,0.10000000000000853,170,0.21738378474721398,1.5802415703251742,0.29811071963011215,1.831370475455589,0.30832725763320923,0.00890391665057413,-0.042525642373381675,0.00890391665057413,0.0,-0.0,False,False,111,5.0,10,0.036,0.5,0.222,0.9682778120040894,0.0013756892876699567,0,False
277,27.8216698076576,27.78,0.09999999999999432,168,0.2377648972622944,1.5865612247600946,0.32003429480466056,1.8100840325983982,0.3047434985637665,0.006421128164275614,-0.03610451420910606,0.008921128164275614,0.0,-0.0025,True,True,112,5.0,10,0.016,0.5,0.224,0.8965710997581482,0.5743424892425537,0,False
278,27.921999397687614,27.879999999999995,0.09999999999999432,171,0.25671872990124356,1.594018230032537,0.4287138037204571,1.7899303200124166,0.3013504445552826,0.008446401973863852,-0.027658112235242213,0.008446401973863852,0.0,-0.0,False,False,112,5.0,10,0.036,0.5,0.224,0.9567046761512756,0.2567192018032074,0,False
279,28.02166412398219,27.980000000000004,0.10000000000000853,170,0.27559516252696875,1.6031316742298363,0.4547735420442027,1.7694848837997819,0.2979082763195038,0.0060686630711913585,-0.021589449164050853,0.008568663071191359,0.0,-0.0025,True,True,113,5.0,10,0.016,0.5,0.226,0.8836705684661865,-0.4076937139034271,0,False
280,28.122104994021356,28.08,0.09999999999999432,170,0.293960696960944,1.6113430760869911,0.37812024784149534,1.7497498158600588,0.2945857048034668,0.008270948396691874,-0.013318500767358979,0.008270948396691874,0.0,-0.0,False,False,113,5.0,10,0.036,0.5,0.226,0.8809695243835449,-0.32644110918045044,0,False
281,28.221867888700217,28.180000000000007,0.10000000000000853,169,0.3126073530753813,1.6180014396599898,0.2935515112789637,1.7300915731958015,0.29127606749534607,0.005738750996060709,-0.00757974977129827,0.00823875099606071,0.0,-0.0025,True,True,114,5.0,10,0.016,0.5,0.228,0.9004240036010742,-0.457415908575058,0,False
282,28.32202615076676,28.28,0.09999999999999432,169,0.33192305636912434,1.6228803507826686,0.20807819561186963,1.7101754171067667,0.28792300820350647,0.00834684226960811,0.00076709249830984,0.00834684226960811,0.0,-0.0,False,False,114,5.0,10,0.036,0.5,0.228,0.8901968002319336,-0.3567297160625458,0,False
283,28.42215195298195,28.379999999999995,0.09999999999999432,166,0.35224450695116366,1.6263123370907737,0.1272991098411425,1.6895977493716139,0.28445857763290405,0.0061240811778076314,0.0068911736761174715,0.008624081177807632,0.0,-0.0025,True,True,115,1.0,50,0.016,0.1,0.23,0.9518729448318481,-0.27973392605781555,0,False
284,28.522188785951585,28.480000000000004,0.10000000000000853,166,0.3731006873028459,1.6284673874238973,0.0762327921506785,1.6687834102233332,0.2809543013572693,0.00872326994426801,0.015614443620385481,0.00872326994426801,0.0,-0.0,False,False,115,1.0,50,0.036,0.1,0.23,0.9343701601028442,-0.25770625472068787,0,False
285,28.62247005663812,28.58,0.09999999999999432,173,0.39361959910143024,1.629503976919709,0.02590470155787902,1.6485525183283583,0.27754825353622437,0.008478747749613179,0.02409319136999866,0.008478747749613179,0.0,-0.0,False,False,115,1.0,50,0.056,0.1,0.23,0.9112472534179688,-0.2385103553533554,0,False
286,28.722361710853875,28.680000000000007,0.10000000000000853,169,0.4136282361835372,1.6295435526426492,-0.021512395357661872,1.629052882684417,0.274265319108963,0.008172278943144835,0.032265470313143495,0.008172278943144835,0.0,-0.0,False,False,115,1.0,50,0.076,0.1,0.23,0.8827230930328369,-0.220497727394104,0,False
287,28.822315523866564,28.78,0.09999999999999432,169,0.4329978887270633,1.6287114778578846,-0.06503671037926176,1.6103884121318284,0.2711229920387268,0.007822262039509488,0.040087732352652984,0.007822262039509488,0.0,-0.0,False,False,115,1.0,50,0.096,0.1,0.23,0.8629183173179626,-0.20008237659931183,0,False
288,28.922248617745936,28.879999999999995,0.09999999999999432,170,0.45194687761363006,1.6271103086180896,-0.1040730980975049,1.5923300469783053,0.26808270812034607,0.007568243837295074,0.04765597618994806,0.007568243837295074,0.0,-0.0,False,False,115,1.0,50,0.116,0.1,0.23,0.8532814979553223,-0.1784776896238327,0,False
289,29.022203892003745,28.980000000000004,0.10000000000000853,169,0.47060164697881346,1.6248351994735601,-0.13876394571313294,1.5747405992319445,0.26512137055397034,0.007371720993350663,0.055027697183298724,0.007371720993350663,0.0,-0.0,False,False,115,1.0,50,0.136,0.1,0.23,0.8436561822891235,-0.15570053458213806,0,False
290,29.122514151968062,29.08,0.09999999999999432,171,0.4889666010029515,1.6219853048079709,-0.16910374831678857,1.5575997119649156,0.262235552072525,0.007183729718697819,0.06221142690199654,0.007183729718697819,0.0,-0.0,False,False,115,1.0,50,0.156,0.1,0.23,0.8374021649360657,-0.1387157440185547,0,False
291,29.222579244989902,29.180000000000007,0.10000000000000853,171,0.5071024444013127,1.6186350410079375,-0.19567806388243605,1.5408381716225938,0.25941359996795654,0.007024745779636693,0.06923617268163323,0.007024745779636693,0.0,-0.0,False,False,115,1.0,50,0.176,0.1,0.23,0.8313754200935364,-0.10875809192657471,0,False
292,29.322931814938784,29.28,0.09999999999999432,171,0.5250262560454318,1.6148852122330497,-0.2163713497517848,1.5244214599360488,0.2566497027873993,0.006880228414591814,0.07611640109622506,0.006880228414591814,0.0,-0.0,False,False,115,1.0,50,0.196,0.1,0.23,0.8271270990371704,-0.08500581234693527,0,False
293,29.42268939083442,29.379999999999995,0.09999999999999432,169,0.5445186172605115,1.6103986198087588,-0.23504947197008175,1.5067233238967483,0.2536700665950775,0.004917272154612174,0.08103367325083723,0.0074172721546121746,0.0,-0.0025,True,True,116,1.0,50,0.016,0.1,0.232,0.8641306161880493,0.2574930787086487,0,False
294,29.522566654719412,29.480000000000004,0.10000000000000853,167,0.5634411373986965,1.6063604397495916,-0.18054548813636814,1.489514462192441,0.2507728040218353,0.007212217741376104,0.08824589099221333,0.007212217741376104,0.0,-0.0,False,False,116,1.0,50,0.036,0.1,0.232,0.8649352788925171,0.2517297565937042,0,False
295,29.62265050690621,29.58,0.09999999999999432,171,0.582133782337608,1.60336485389369,-0.13146678112038346,1.4722988738511114,0.2478744089603424,0.007215036868620281,0.09546092786083361,0.007215036868620281,0.0,-0.0,False,False,116,1.0,50,0.056,0.1,0.232,0.8651249408721924,0.257709801197052,0,False
296,29.72270719986409,29.680000000000007,0.10000000000000853,172,0.6009607516873469,1.601332005708049,-0.08108089330106957,1.4547326153008013,0.24491697549819946,0.007362002423114067,0.10282293028394768,0.007362002423114067,0.0,-0.0,False,False,116,1.0,50,0.076,0.1,0.232,0.8655707836151123,0.26806405186653137,0,False
297,29.823138779960573,29.78,0.09999999999999432,168,0.6198726168548208,1.6002886540116148,-0.027649103451437947,1.4368440092237103,0.24190527200698853,0.007497097968158582,0.11032002825210627,0.007497097968158582,0.0,-0.0,False,False,116,1.0,50,0.096,0.1,0.232,0.8660302758216858,0.2755827009677887,0,False
298,29.922906304709613,29.879999999999995,0.09999999999999432,166,0.6388266529141707,1.600277719433977,0.0276601891858942,1.4186510228213585,0.23884232342243195,0.007624663475958647,0.11794469172806492,0.007624663475958647,0.0,-0.0,False,False,116,1.0,50,0.116,0.1,0.232,0.8680909872055054,0.28377148509025574,0,False
299,30.023238424677402,29.980000000000004,0.10000000000000853,172,0.6577968761642399,1.6013286050935591,0.08417170250057396,1.4001600286972407,0.23572920262813568,0.0077495582316326975,0.1256942499596976,0.0077495582316326975,0.0,-0.0,False,False,116,1.0,50,0.136,0.1,0.232,0.869890570640564,0.27812379598617554,0,False
300,30.122925720643252,30.08,0.09999999999999432,170,0.6767226756088054,1.603440892014515,0.13932103124289974,1.38142032602006,0.2325742095708847,0.00785379175210915,0.13354804171180676,0.00785379175210915,0.0,-0.0,False,False,116,1.0,50,0.156,0.1,0.232,0.8720886707305908,0.26859089732170105,0,False
301,30.223945065867156,30.180000000000007,0.10099999999999909,172,0.6955589950957928,1.6065854563145594,0.19180800539496048,1.3624761689807532,0.22938479483127594,0.007939478382820924,0.14148752009462767,0.007939478382820924,0.0,-0.0,False,False,116,1.0,50,0.176,0.1,0.232,0.8751415610313416,0.23545508086681366,0,False
302,30.32408539764583,30.28,0.10000000000000853,171,0.714300337170957,1.6106718440368306,0.2374145746926264,1.3433540215854998,0.22616541385650635,0.00801407397345381,0.14950159406808147,0.00801407397345381,0.0,-0.0,False,False,116,1.0,50,0.196,0.1,0.232,0.8785429000854492,0.20150388777256012,0,False
303,30.42414215998724,30.379999999999995,0.09999999999999432,171,0.7327737402315541,1.6154836438259244,0.26203047852222233,1.3242791376661667,0.22295399010181427,0.005494265895185256,0.15499585996326673,0.007994265895185256,0.0,-0.0025,True,True,117,1.0,50,0.016,0.1,0.234,0.9957385659217834,-0.4208216369152069,0,False
304,30.524056533817202,30.480000000000004,0.10000000000000853,169,0.7531265248641416,1.6201753595273134,0.18664071286543565,1.303441697830217,0.2194458246231079,0.008732951420725135,0.16372881138399187,0.008732951420725135,0.0,-0.0,False,False,117,1.0,50,0.036,0.1,0.234,0.9954323172569275,-0.417044997215271,0,False
305,30.624458513688296,30.58,0.09999999999999432,170,0.7749383821853609,1.623378272129856,0.1035330803347019,1.2816473053694577,0.21577654778957367,0.00913400936499237,0.17286282074898424,0.00913400936499237,0.0,-0.0,False,False,117,1.0,50,0.056,0.1,0.234,0.9950442314147949,-0.4134691655635834,0,False
306,30.724300938658416,30.680000000000007,0.09999999999999432,170,0.7969294275394961,1.624770128831979,0.02126779637353588,1.2602286309897488,0.2121705263853073,0.008976546270891885,0.18183936701987613,0.008976546270891885,0.0,-0.0,False,False,117,1.0,50,0.076,0.1,0.234,0.9945037961006165,-0.41291719675064087,0,False
307,30.82449463987723,30.78,0.10000000000000853,172,0.8189480690361925,1.6243476436389976,-0.060722643036721785,1.2393540176334126,0.20865610241889954,0.008748530808127285,0.19058789782800342,0.008748530808127285,0.0,-0.0,False,False,117,1.0,50,0.096,0.1,0.234,0.9936845898628235,-0.4071073532104492,0,False
308,30.924586062785238,30.879999999999995,0.09999999999999432,171,0.8408398832276195,1.6221407133283035,-0.14179263835199812,1.2191922507846804,0.205261692404747,0.008449777507801026,0.19903767533580444,0.008449777507801026,0.0,-0.0,False,False,117,1.0,50,0.116,0.1,0.234,0.9923224449157715,-0.4034332036972046,0,False
309,31.024833243805915,30.980000000000004,0.10000000000000853,173,0.862449317803308,1.6181862860782592,-0.22206484423543907,1.1999180459893695,0.2020167112350464,0.008077801086684544,0.20711547642248898,0.008077801086684544,0.0,-0.0,False,False,117,1.0,50,0.136,0.1,0.234,0.990199625492096,-0.4004339873790741,0,False
310,31.124888906721026,31.08,0.09999999999999432,167,0.8836249106281826,1.6125281740916693,-0.3019833858746353,1.181705410726242,0.19895045459270477,0.007632898295014073,0.21474837471750305,0.007632898295014073,0.0,-0.0,False,False,117,1.0,50,0.156,0.1,0.234,0.9873732924461365,-0.4036247134208679,0,False
311,31.224621891975403,31.180000000000007,0.09999999999999432,164,0.9042188191753051,1.6052109815112623,-0.38231249733175005,1.164729503083024,0.1960924118757248,0.007114586913655838,0.22186296163115887,0.007114586913655838,0.0,-0.0,False,False,117,1.0,50,0.176,0.1,0.234,0.9839150309562683,-0.39316967129707336,0,False
312,31.325617416761816,31.28,0.10099999999999909,168,0.9240917271420234,1.5963202895268902,-0.4600398375039562,1.1491457437782846,0.19346874952316284,0.006531138855444735,0.2283941004866036,0.006531138855444735,0.0,-0.0,False,False,117,1.0,50,0.196,0.1,0.234,0.9795781373977661,-0.3761577904224396,0,False
313,31.42560728965327,31.379999999999995,0.10000000000000853,168,0.9433423672549394,1.5859489149282404,-0.517585267969278,1.1348848307490171,0.19106779992580414,0.0034767352266048203,0.23187083571320843,0.00597673522660482,0.0,-0.0025,True,True,118,1.0,50,0.016,0.1,0.236,0.9973094463348389,0.695328414440155,0,False
314,31.52567468304187,31.480000000000004,0.09999999999999432,171,0.9625185616706513,1.575629499895497,-0.4510327007261066,1.120918385106241,0.18871642649173737,0.005853324222111847,0.23772415993532028,0.005853324222111847,0.0,-0.0,False,False,118,1.0,50,0.036,0.1,0.236,0.9971853494644165,0.6744781732559204,0,False
315,31.625613247044384,31.58,0.10000000000000853,166,0.9826238481578935,1.567583342231292,-0.31166657097524,1.1054584490277417,0.1861136108636856,0.006479244657883708,0.244203404593204,0.006479244657883708,0.0,-0.0,False,False,118,1.0,50,0.056,0.1,0.236,0.9962784647941589,0.667535126209259,0,False
316,31.72619458474219,31.680000000000007,0.09999999999999432,173,1.0036040649838947,1.562286232820159,-0.1784020416659695,1.088300568151393,0.18322493135929108,0.0071908517243674365,0.25139425631757145,0.0071908517243674365,0.0,-0.0,False,False,118,1.0,50,0.076,0.1,0.236,0.9952415227890015,0.6607769727706909,0,False
317,31.8261694079265,31.78,0.09999999999999432,169,1.0250794565612527,1.5598064545882826,-0.04728737647944706,1.0696917693710026,0.1800919771194458,0.007798930052185689,0.25919318636975713,0.007798930052185689,0.0,-0.0,False,False,118,1.0,50,0.096,0.1,0.236,0.9939922094345093,0.6753489375114441,0,False
318,31.925915203988552,31.879999999999995,0.10000000000000853,167,1.0466592013410363,1.5602015109855685,0.0876964557605274,1.0498958961729328,0.17675916850566864,0.008296431823228347,0.2674896181929855,0.008296431823228347,0.0,-0.0,False,False,118,1.0,50,0.116,0.1,0.236,0.9917863607406616,0.713238537311554,0,False
319,32.02601604582742,31.980000000000004,0.09999999999999432,171,1.0679042817014126,1.563575336764139,0.23123814203053955,1.0292079469939666,0.1732761710882187,0.008670300027100647,0.2761599182200861,0.008670300027100647,0.0,-0.0,False,False,118,1.0,50,0.136,0.1,0.236,0.9851530194282532,0.7215686440467834,0,False
320,32.126062898896635,32.08,0.10000000000000853,170,1.0882656916710913,1.5699124303451584,0.374408746351957,1.0080847135929494,0.1697198897600174,0.008852727234824172,0.2850126454549103,0.008852727234824172,0.0,-0.0,False,False,118,1.0,50,0.156,0.1,0.236,0.9688400030136108,0.6985225677490234,0,False
321,32.22604414168745,32.18000000000001,0.09999999999999432,164,1.1071761952734411,1.5788712135485037,0.5124231786488679,0.9871594734421818,0.16619694232940674,0.008769748450017881,0.29378239390492816,0.008769748450017881,0.0,-0.0,False,False,118,1.0,50,0.176,0.1,0.236,0.9289677143096924,0.6067410111427307,0,False
322,32.32610081508756,32.28,0.09999999999999432,169,1.123847001357294,1.5895971850832327,0.628104765637152,0.9675094620574386,0.16288869082927704,0.008235301274564545,0.30201769517949273,0.008235301274564545,0.0,-0.0,False,False,118,1.0,50,0.196,0.1,0.236,0.8380874395370483,0.4378509223461151,0,False
323,32.42623916687444,32.379999999999995,0.10000000000000853,165,1.140012090825818,1.6026706541960605,0.7291309057345152,0.947338313320228,0.15949270129203796,0.005953709448431056,0.3079714046279238,0.008453709448431056,0.0,-0.0025,True,True,119,5.0,10,0.016,0.5,0.238,0.9898908138275146,-0.7889747023582458,0,False
324,32.526277269702405,32.480000000000004,0.09999999999999432,170,1.1561467786666282,1.6169639730295253,0.7051883148686938,0.9267172764779574,0.15602096915245056,0.008642257129776851,0.3166136617577006,0.008642257129776851,0.0,-0.0,False,False,119,5.0,10,0.036,0.5,0.238,0.9903346300125122,-0.7878027558326721,0,False
325,32.62627351284027,32.58,0.10000000000000853,171,1.1734597499786543,1.6299986914810864,0.5639136140098389,0.9055770494676207,0.15246182680130005,0.006359849240493695,0.3229735109981943,0.008859849240493696,0.0,-0.0025,True,True,120,5.0,10,0.016,0.5,0.24,0.9646323323249817,-0.8055186867713928,0,False
326,32.72681990172714,32.68000000000001,0.09999999999999432,170,1.1924639988228922,1.640039392619561,0.4056164059561844,0.8841301409140944,0.14885105192661285,0.008988379186561637,0.33196189018475597,0.008988379186561637,0.0,-0.0,False,False,120,5.0,10,0.036,0.5,0.24,0.9664061069488525,-0.796554684638977,0,False
327,32.82644025795162,32.78,0.09999999999999432,168,1.212828699266246,1.6470202482925687,0.2670893520918776,0.8626896049640629,0.14524134993553162,0.006485708434435531,0.3384475986191915,0.008985708434435531,0.0,-0.0025,True,True,121,5.0,10,0.016,0.5,0.242,0.9935593605041504,-0.25142592191696167,0,False
328,32.926395321730524,32.879999999999995,0.10000000000000853,175,1.2339987908175698,1.6523250419054547,0.22159520420932305,0.8412108333930624,0.14162521064281464,0.009001732947192032,0.3474493315663835,0.009001732947192032,0.0,-0.0,False,False,121,5.0,10,0.036,0.5,0.242,0.9932898283004761,-0.24810364842414856,0,False
329,33.02675597183406,32.980000000000004,0.09999999999999432,172,1.2556182364209947,1.6565957731860272,0.16638046085854852,0.8197748113705065,0.13801626861095428,0.006483816651679526,0.35393314821806304,0.008983816651679527,0.0,-0.0025,True,True,122,5.0,10,0.016,0.5,0.244,0.9999951720237732,-0.293620765209198,0,False
330,33.126833823975176,33.08,0.10000000000000853,171,1.277518067701714,1.6596036640157754,0.10758191169770603,0.7986550297963823,0.13446056842803955,0.008851280577422566,0.3627844287954856,0.008851280577422566,0.0,-0.0,False,False,122,5.0,10,0.036,0.5,0.244,0.9999961853027344,-0.28870871663093567,0,False
331,33.2265783296898,33.18000000000001,0.09999999999999432,170,1.2994078141437788,1.6614357571858844,0.07665891416879436,0.7781100216541407,0.13100163638591766,0.006110393573161392,0.368894822368647,0.008610393573161393,0.0,-0.0025,True,True,123,5.0,10,0.016,0.5,0.246,0.9980328679084778,0.1444447785615921,0,False
332,33.326941980049014,33.28,0.09999999999999432,171,1.3212044032078307,1.6635893122108767,0.1096023309463243,0.7575853704397297,0.12754613161087036,0.00860186200386978,0.37749668437251677,0.00860186200386978,0.0,-0.0,False,False,123,5.0,10,0.036,0.5,0.246,0.9978439211845398,0.14062200486660004,0,False
333,33.426668545696884,33.379999999999995,0.10000000000000853,171,1.3424063495599747,1.6663171335102525,0.1574263465410933,0.7374101060627619,0.12414944916963577,0.005955434309179207,0.383452118681696,0.008455434309179208,0.0,-0.0025,True,True,124,5.0,10,0.016,0.5,0.248,0.9296332597732544,0.34796127676963806,0,False
334,33.526701458729804,33.480000000000004,0.09999999999999432,173,1.3623294829690593,1.6702408683603192,0.22736021296898906,0.7178890956445986,0.1208629161119461,0.008181237090901017,0.391633355772597,0.008181237090901017,0.0,-0.0,False,False,124,5.0,10,0.036,0.5,0.248,0.9247857928276062,0.32582205533981323,0,False
335,33.62717914767563,33.58,0.10000000000000853,170,1.3813013534429361,1.6752599664960601,0.2874394218555708,0.6987446441371132,0.11763978004455566,0.005523421605895092,0.3971567773784921,0.008023421605895092,0.0,-0.0025,True,True,125,5.0,10,0.016,0.5,0.25,0.8722752928733826,0.2170906364917755,0,False
336,33.726752664893866,33.68000000000001,0.09999999999999432,170,1.3995041714671013,1.6810222764263372,0.3286760525909294,0.679957368204676,0.114476777613163,0.007873729658605898,0.405030507037098,0.007873729658605898,0.0,-0.0,False,False,125,5.0,10,0.036,0.5,0.25,0.8687953352928162,0.17114436626434326,0,False
337,33.82679896708578,33.78,0.09999999999999432,171,1.4165595920191767,1.6871657606072665,0.3703346189001902,0.6620180910789628,0.11145654320716858,0.0050183341569388674,0.41004884119403684,0.007518334156938868,0.0,-0.0025,True,True,126,5.0,10,0.016,0.5,0.252,0.79561847448349,0.1749567687511444,0,False
338,33.92736218590289,33.879999999999995,0.10000000000000853,174,1.4326918051427755,1.6937235645261486,0.40193930283755924,0.6447044797047089,0.10854164510965347,0.0072561182294486395,0.4173049594234855,0.0072561182294486395,0.0,-0.0,False,False,126,5.0,10,0.036,0.5,0.252,0.7914153337478638,0.14590571820735931,0,False
339,34.02720482973382,33.980000000000004,0.09999999999999432,171,1.4486037179495523,1.7007704134300154,0.4306009432819314,0.6273565270782884,0.10562096536159515,0.004770510615905853,0.42207547003939133,0.007270510615905852,0.0,-0.0025,True,True,127,5.0,10,0.016,0.5,0.254,0.7943711876869202,0.1218048483133316,0,False
340,34.12799299694598,34.08,0.10099999999999909,175,1.4643523029457182,1.70823573152145,0.45445911363523983,0.60995480560988,0.10269123315811157,0.00729304508696972,0.42936851512636104,0.00729304508696972,0.0,-0.0,False,False,127,5.0,10,0.036,0.5,0.254,0.7946228384971619,0.1033346876502037,0,False
341,34.22809742903337,34.18000000000001,0.10000000000000853,170,1.4804255200428496,1.7163023838207754,0.4758395841646356,0.5919814085029549,0.09966525435447693,0.005032633808947263,0.4344011489353083,0.007532633808947264,0.0,-0.0025,True,True,128,5.0,10,0.016,0.5,0.256,0.8334999680519104,0.039991993457078934,0,False
342,34.32894028490409,34.28,0.10099999999999909,173,1.4967157669299125,1.724725412733626,0.4816609717674638,0.5736472069773249,0.09657853096723557,0.007683846601197144,0.44208499553650543,0.007683846601197144,0.0,-0.0,False,False,128,5.0,10,0.036,0.5,0.256,0.8337833881378174,0.03830018639564514,0,False
343,34.43036651564762,34.379999999999995,0.10099999999999909,171,1.5126579182183777,1.73314868190557,0.49168531673004884,0.5556184921317291,0.09354323893785477,0.0050558174211529,0.44714081295765834,0.0075558174211529,0.0,-0.0025,True,True,129,5.0,10,0.016,0.5,0.258,0.8118561506271362,0.058669451624155045,0,False
344,34.53093598363921,34.480000000000004,0.10099999999999909,173,1.5283386996249515,1.7416801357192724,0.5029856561541134,0.5377671923375975,0.09053781628608704,0.007481462940087087,0.45462227589774545,0.007481462940087087,0.0,-0.0,False,False,129,5.0,10,0.036,0.5,0.258,0.8137532472610474,0.04915544018149376,0,False
345,34.632002147845924,34.58,0.10099999999999909,176,1.5440547466673034,1.7504537857607436,0.516387032772499,0.5197685703418384,0.08750759065151215,0.005043205536113092,0.45966548143385855,0.007543205536113091,0.0,-0.0025,True,True,130,5.0,10,0.016,0.5,0.26,0.826240062713623,0.06796230375766754,0,False
346,34.73312904173508,34.7,0.10099999999999909,170,1.5629456050022361,1.7613887256283471,0.5312813516284869,0.5015980208142914,0.0844484195113182,0.007615260202848067,0.46728074163670663,0.007615260202848067,0.0,-0.0,False,False,130,5.0,10,0.036,0.5,0.26,0.8323299288749695,0.04899850860238075,0,False
347,34.83342569274828,34.8,0.09999999999999432,169,1.5794449951939962,1.7711565664057904,0.5341320199883774,0.4826648388143367,0.08126085251569748,0.005434878754159411,0.47271562039086606,0.007934878754159411,0.0,-0.0025,True,True,131,5.0,10,0.016,0.5,0.262,0.8821099996566772,0.003643019823357463,0,False
348,34.93405536003411,34.900000000000006,0.10000000000000853,172,1.5961449991679584,1.7810555161834214,0.5352115807933048,0.45938607228118744,0.07734166830778122,0.007256109141472636,0.4799717295323387,0.009756109141472636,0.0,-0.0025,True,True,132,5.0,10,0.0,0.5,0.264,0.8833181858062744,-0.0013013475108891726,0,False
349,35.034217041917145,35.0,0.09999999999999432,172,1.6129775359366547,1.7909808364872064,0.5273028229187957,0.43985837948019263,0.07405401021242142,0.008184037671255482,0.48815576720359416,0.008184037671255482,0.0,-0.0,False,False,132,5.0,10,0.02,0.5,0.264,0.8880192041397095,-0.04212811961770058,0,False
350,35.133849527686834,35.10000000000001,0.10000000000000853,168,1.6299044886259808,1.8007603363517084,0.5202027637418531,0.42422607332799595,0.07142217457294464,0.006551484793516364,0.4947072519971105,0.006551484793516364,0.0,-0.0,False,False,132,5.0,10,0.036,0.5,0.264,0.8874464631080627,-0.036312952637672424,0,False
351,35.23435745667666,35.2,0.09999999999999432,169,1.6468967952153146,1.8104125137425395,0.5127454943096116,0.4007808667827347,0.06747496873140335,0.007325863993876866,0.5020331159909874,0.009825863993876867,0.0,-0.0025,True,True,133,5.0,10,0.02,0.5,0.266,0.8870440721511841,-0.03434646874666214,0,False
352,35.33459517871961,35.3,0.09999999999999432,168,1.6639361460719917,1.8199316662177554,0.5062206019635932,0.3812656979177749,0.06418941915035248,0.005678788901452132,0.5077119048924396,0.008178788901452133,0.0,-0.0025,True,True,134,5.0,10,0.0,0.5,0.268,0.8863322138786316,-0.029611563310027122,0,False
353,35.4339135279879,35.400000000000006,0.10000000000000853,169,1.6811337755944744,1.8294423099902684,0.5064206449276049,0.36555165427491865,0.061543822288513184,0.0065857408989113625,0.514297645791351,0.0065857408989113625,0.0,-0.0,False,False,134,5.0,10,0.016,0.5,0.268,0.8952263593673706,-0.0001679733395576477,0,False
354,35.53369039297104,35.480000000000004,0.09999999999999432,169,1.6949146783350695,1.8370760268616528,0.504910623740747,0.3458630753627744,0.058229077607393265,0.008251464888994272,0.5225491106803453,0.008251464888994272,0.0,-0.0,False,False,134,5.0,10,0.036,0.5,0.268,0.8947817087173462,-0.008470183238387108,0,False
355,35.634018152952194,35.60000000000001,0.10000000000000853,171,1.7155579829145957,1.8484623853133062,0.5024048492746901,0.3262148341456687,0.05492112413048744,0.005734559398973937,0.5282836700793192,0.008234559398973938,0.0,-0.0025,True,True,135,5.0,10,0.016,0.5,0.27,0.8915625810623169,-0.01394673902541399,0,False
356,35.73467302089557,35.7,0.09999999999999432,172,1.7327669627980653,1.8578858663382736,0.49966849982523537,0.3026713169152422,0.050957366824150085,0.007367065909488669,0.5356507359888079,0.00986706590948867,0.0,-0.0025,True,True,136,5.0,10,0.0,0.5,0.272,0.8910212516784668,-0.01559521071612835,0,False
357,35.834131988696754,35.8,0.09999999999999432,170,1.7500562521374172,1.8673075058166946,0.49981873511535135,0.2869250119671933,0.048306338489055634,0.006599261581549655,0.5422499975703575,0.006599261581549655,0.0,-0.0,False,False,136,5.0,10,0.016,0.5,0.272,0.8963620066642761,-0.0006666666595265269,0,False
358,35.934259690809995,35.900000000000006,0.10000000000000853,171,1.7673733024674736,1.8767504681739142,0.4987384632974719,0.2672037734621379,0.044986095279455185,0.008265152493640465,0.550515150063998,0.008265152493640465,0.0,-0.0,False,False,136,5.0,10,0.036,0.5,0.272,0.8965387940406799,-0.006056350190192461,0,False
359,36.03426095377654,36.0,0.09999999999999432,170,1.7845238765686526,1.886125660122189,0.5045534959381489,0.2476149434963644,0.04168814420700073,0.005709660199465122,0.5562248102634632,0.008209660199465122,0.0,-0.0025,True,True,137,5.0,10,0.016,0.5,0.274,0.8879228234291077,0.025016920641064644,0,False
360,36.13491011178121,36.10000000000001,0.10000000000000853,170,1.8016150147859291,1.895596666020835,0.5073558805756792,0.22417995966920953,0.03774265944957733,0.007321579662341255,0.5635463899258044,0.009821579662341255,0.0,-0.0025,True,True,138,5.0,10,0.0,0.5,0.276,0.8888435363769531,0.010595245286822319,0,False
361,36.23497753404081,36.2,0.09999999999999432,169,1.8189147807137205,1.9052476232900715,0.510305474695531,0.20437678452963537,0.03440862149000168,0.0082994920600394,0.5718458819858439,0.0082994920600394,0.0,-0.0,False,False,138,5.0,10,0.02,0.5,0.276,0.9037361145019531,0.0073824673891067505,0,False
362,36.275579392910004,36.24000000000001,0.0,63,1.8258535839937542,1.9091341835336477,0.510829425220723,0.19642700592400444,0.03307020664215088,1.503331744730402,2.075177626716246,0.0033317447304020424,1.5,-0.0,False,False,138,5.0,10,0.028,0.5,0.276,0.903799295425415,0.002110817236825824,1,True
