ppo_step,t_wall_s,t_sim_s,ppo_step_sim_dt,inner_ticks,x,y,yaw,goal_distance_m,goal_distance_norm,ppo_reward,ppo_reward_cumulative,navigation_reward,terminal_reward,frame_cost_reward,fresh_observation,frame_consumed,episode_frame_count,current_fps,scan_divisor_k,obs_age_ratio,fps_ratio,frame_count_ratio,action_linear,action_angular,outcome,done
1,0.0938542599324137,0.0799999999999983,0.09999999999999432,75,-1.8783166358481869,-2.0790828933122683,-2.246815127261506,4.509361151079165,0.7591904401779175,-0.001855584975700218,-0.001855584975700218,-0.001855584975700218,0.0,-0.0,False,False,1,10.0,5,0.016,1.0,0.002,0.9999254941940308,-0.12044410407543182,0,False
2,0.19348819297738373,0.1799999999999926,0.10000000000000853,171,-1.8919765056498712,-2.095423569173683,-2.295808165517491,4.524037964994853,0.7616614103317261,-0.003260782957595135,-0.005116367933295353,-0.003260782957595135,0.0,-0.0,True,True,2,10.0,5,0.016,1.0,0.004,0.9935472011566162,-0.3153645098209381,0,False
3,0.2937850998714566,0.2799999999999869,0.09999999999999432,173,-1.907034889935002,-2.111321157953638,-2.3598873935387927,4.538175231814644,0.764041543006897,-0.003140910484916406,-0.008257278418211758,-0.003140910484916406,0.0,-0.0,True,True,3,10.0,5,0.016,1.0,0.006,0.9886420965194702,-0.3215908408164978,0,False
4,0.39356456184759736,0.37999999999999545,0.09999999999999432,165,-1.9230157824242655,-2.126156474899073,-2.4264897813673274,4.551220305202124,0.7662377953529358,-0.00289825524986773,-0.011155533668079488,-0.00289825524986773,0.0,-0.0,True,True,4,10.0,5,0.016,1.0,0.008,0.9847006797790527,-0.3299505412578583,0,False
5,0.4938797189388424,0.47999999999998977,0.10000000000000853,174,-1.939554591501326,-2.139577029244028,-2.4973184595871136,4.562868716323649,0.7681989073753357,-0.0025879554436220795,-0.013743489111701567,-0.0025879554436220795,0.0,-0.0,True,True,5,10.0,5,0.016,1.0,0.01,0.946315348148346,-0.36824703216552734,0,False
6,0.5935314518865198,0.5799999999999983,0.09999999999999432,176,-1.9548299332186019,-2.150256487556432,-2.5707556556044713,4.571981185287753,0.7697330713272095,-0.002024539090735839,-0.015768028202437407,-0.002024539090735839,0.0,-0.0,True,True,6,10.0,5,0.016,1.0,0.012,0.37226441502571106,-0.6287923455238342,0,False
7,0.6936293998733163,0.6799999999999926,0.10000000000000853,180,-1.9643483945249889,-2.1558811297040035,-2.662664214717521,4.576663278688828,0.770521342754364,-0.0010402319233451616,-0.01680826012578257,-0.0010402319233451616,0.0,-0.0,True,True,7,10.0,5,0.016,1.0,0.014,0.4484490156173706,-0.5409517288208008,0,False
8,0.7935813900548965,0.7799999999999869,0.09999999999999432,174,-1.9735832375429212,-2.1600505832029477,-2.772480332304141,4.57994446142162,0.7710737586021423,-0.0007289882393621707,-0.017537248365144743,-0.0007289882393621707,0.0,-0.0,True,True,8,10.0,5,0.016,1.0,0.016,0.4760812819004059,-0.5423347353935242,0,False
9,0.8940779860131443,0.8799999999999955,0.09999999999999432,174,-1.984091892669704,-2.1634278808231087,-2.8951552391276327,4.582341622436265,0.7714773416519165,-0.0005325830134569843,-0.018069831378601728,-0.0005325830134569843,0.0,-0.0,True,True,9,10.0,5,0.016,1.0,0.018,0.5456209182739258,-0.6946730017662048,0,False
10,0.9939416470006108,0.9799999999999898,0.10000000000000853,170,-1.9967248267024873,-2.1655876075749245,-3.055219343768643,4.5833633631966055,0.7716493606567383,-0.00022700259589981145,-0.01829683397450154,-0.00022700259589981145,0.0,-0.0,True,True,10,10.0,5,0.016,1.0,0.02,0.6509938836097717,-0.9932509064674377,0,False
11,1.093671279028058,1.0799999999999983,0.09999999999999432,165,-2.011992756370559,-2.1653042547120904,3.0253696265987178,4.581763131652344,0.7713799476623535,0.00035552728117358947,-0.01794130669332795,0.00035552728117358947,0.0,-0.0,True,True,11,10.0,5,0.016,1.0,0.022,0.6877202391624451,-0.9999523758888245,0,False
12,1.19427274283953,1.1799999999999926,0.10000000000000853,172,-2.026565864574583,-2.1621350615301926,2.824634109878125,4.5773932958225165,0.7706442475318909,0.000970856909629335,-0.016970449783698615,0.000970856909629335,0.0,-0.0,True,True,12,10.0,5,0.016,1.0,0.024,0.6410852670669556,-0.999399721622467,0,False
13,1.2941886440385133,1.279999999999987,0.09999999999999432,167,-2.039787589415211,-2.1563144336233586,2.6258821950047335,4.570531063959148,0.7694889307022095,0.001524598515705173,-0.015445851267993442,0.001524598515705173,0.0,-0.0,True,True,13,10.0,5,0.016,1.0,0.026,0.6422340273857117,-0.9997438192367554,0,False
14,1.3939174260012805,1.3799999999999955,0.09999999999999432,172,-2.050100026155353,-2.14916274336178,2.427070513098628,4.562599296809228,0.7681535482406616,0.001762219736153122,-0.01368363153184032,0.001762219736153122,0.0,-0.0,True,True,14,10.0,5,0.016,1.0,0.028,0.44796788692474365,-0.9999878406524658,0,False
15,1.4942078629974276,1.4799999999999898,0.10000000000000853,166,-2.0576669759579924,-2.141143073585431,2.2282200147280666,4.554028145108659,0.7667105197906494,0.0019042733356662556,-0.011779358196174065,0.0019042733356662556,0.0,-0.0,True,True,15,10.0,5,0.016,1.0,0.03,0.4676837921142578,-0.9999902844429016,0,False
16,1.5942529519088566,1.5799999999999983,0.09999999999999432,162,-2.0633661055192083,-2.132061091953953,2.02937129648938,4.544546065141854,0.7651141285896301,0.002106656453909509,-0.009672701742264556,0.002106656453909509,0.0,-0.0,True,True,16,10.0,5,0.016,1.0,0.032,0.43901586532592773,-0.9992685317993164,0,False
17,1.6939389740582556,1.6799999999999926,0.10000000000000853,168,-2.068035935484624,-2.1192014714796263,1.8304095885401996,4.5313774340532795,0.7628970742225647,0.002925706360737098,-0.006746995381527458,0.002925706360737098,0.0,-0.0,True,True,17,10.0,5,0.016,1.0,0.034,0.8567135334014893,-0.960860550403595,0,False
18,1.7942404919303954,1.779999999999987,0.09999999999999432,175,-2.0712638648467525,-2.0997840626514086,1.6422064680631303,4.511776013770184,0.7595970034599304,0.004354894568463482,-0.002392100813063976,0.004354894568463482,0.0,-0.0,True,True,18,10.0,5,0.016,1.0,0.036,0.8767090439796448,-0.9437333941459656,0,False
19,1.894425889942795,1.8799999999999955,0.09999999999999432,178,-2.0709442233391164,-2.080940177784562,1.4673934953532215,4.49300586420964,0.7564368844032288,0.004170209157800589,0.001778108344736613,0.004170209157800589,0.0,-0.0,True,True,19,10.0,5,0.016,1.0,0.038,0.6971682906150818,-0.6626245379447937,0,False
20,1.9945211890153587,1.9799999999999898,0.10000000000000853,176,-2.0682379599051406,-2.0649571206282484,1.331626583246775,4.477265533577367,0.7537868618965149,0.0034970670179150865,0.0052751753626516995,0.0034970670179150865,0.0,-0.0,True,True,20,10.0,5,0.016,1.0,0.04,0.7267071604728699,-0.6866481900215149,0,False
21,2.094465679023415,2.0799999999999983,0.09999999999999432,181,-2.0626365374834226,-2.0474766507840423,1.1958439353914703,4.460253514514346,0.7509227395057678,0.003779601087378527,0.009054776450030227,0.003779601087378527,0.0,-0.0,True,True,21,10.0,5,0.016,1.0,0.042,0.9858419895172119,-0.5003340244293213,0,False
22,2.19460761686787,2.1799999999999926,0.10000000000000853,177,-2.0536129848946727,-2.0276216011536112,1.0866615346878181,4.441150573437959,0.7477065920829773,0.004244146247248275,0.013298922697278502,0.004244146247248275,0.0,-0.0,True,True,22,10.0,5,0.016,1.0,0.044,0.9870225787162781,-0.5760238170623779,0,False
23,2.2942709599155933,2.279999999999987,0.09999999999999432,170,-2.042184652785222,-2.0087335087317064,0.9682931592968047,4.423229750309866,0.7446894645690918,0.003981512266753111,0.017280434964031612,0.003981512266753111,0.0,-0.0,True,True,23,10.0,5,0.016,1.0,0.046,0.9973804950714111,-0.6087164878845215,0,False
24,2.394229270052165,2.3799999999999955,0.09999999999999432,174,-2.02882684378256,-1.9915628396572411,0.8661848184348051,4.407220708230227,0.7419942021369934,0.0035567672848201156,0.020837202248851727,0.0035567672848201156,0.0,-0.0,True,True,24,10.0,5,0.016,1.0,0.048,0.9531136155128479,-0.270199716091156,0,False
25,2.494461116846651,2.4799999999999898,0.10000000000000853,174,-2.015025074526892,-1.9759803431951082,0.8215936143717116,4.392881642299766,0.7395800948143005,0.0031857446774536877,0.024022946926305414,0.0031857446774536877,0.0,-0.0,True,True,25,10.0,5,0.016,1.0,0.05,0.9312583208084106,-0.20527228713035583,0,False
26,2.5956697368528694,2.5799999999999983,0.10099999999999909,178,-2.001072767264267,-1.9615124038990133,0.7819033295766118,4.379718321714104,0.7373639345169067,0.0029245265135651264,0.026947473439870542,0.0029245265135651264,0.0,-0.0,True,True,26,10.0,5,0.016,1.0,0.052,0.8963282704353333,-0.2094092071056366,0,False
27,2.6953763789497316,2.6799999999999926,0.09999999999999432,179,-1.9860011776705742,-1.9471178599755243,0.7500186774739891,4.366786893088949,0.7351868152618408,0.0028730065203860814,0.029820479960256625,0.0028730065203860814,0.0,-0.0,True,True,27,10.0,5,0.016,1.0,0.054,0.9740106463432312,-0.09917028248310089,0,False
28,2.7956458360422403,2.779999999999987,0.10000000000000853,181,-1.9702057397566461,-1.9325456373641636,0.7528546275414908,4.353811564306385,0.7330023050308228,0.0028827599236748917,0.03270323988393151,0.0028827599236748917,0.0,-0.0,True,True,28,10.0,5,0.016,1.0,0.056,0.9909541010856628,0.23906341195106506,0,False
29,2.8954224579501897,2.8799999999999955,0.09999999999999432,169,-1.9547814968575095,-1.9171865546393172,0.8039373923164518,4.34008285217732,0.7306909561157227,0.0030501409091476866,0.0357533807930792,0.0030501409091476866,0.0,-0.0,True,True,29,10.0,5,0.016,1.0,0.058,0.9958047270774841,0.2303686887025833,0,False
30,2.9955072270240635,2.9799999999999898,0.09999999999999432,165,-1.940085083203452,-1.9011755160809332,0.8521931377184477,4.325694575586537,0.728268563747406,0.0031966779279146667,0.038950058720993865,0.0031966779279146667,0.0,-0.0,True,True,30,10.0,5,0.016,1.0,0.06,0.9894880652427673,0.22611184418201447,0,False
31,3.095632345881313,3.079999999999984,0.09999999999999432,162,-1.9260724329118775,-1.8845522478002912,0.8779003954772618,4.310683908054425,0.7257413864135742,0.003334956016477255,0.04228501473747112,0.003334956016477255,0.0,-0.0,True,True,31,10.0,5,0.016,1.0,0.062,0.9090460538864136,-0.33159658312797546,0,False
32,3.195768343983218,3.180000000000007,0.10000000000002274,167,-1.9122022230534612,-1.868815807710343,0.835131505982718,4.296595851894955,0.7233695387840271,0.0031299772344554272,0.04541499197192655,0.0031299772344554272,0.0,-0.0,True,True,32,10.0,5,0.016,1.0,0.064,0.9984328746795654,0.09784239530563354,0,False
33,3.2958127928432077,3.280000000000001,0.09999999999999432,172,-1.89774269282669,-1.8523275207987104,0.8504914346268158,4.281886466894738,0.7208930850028992,0.003268019353583779,0.048683011325510325,0.003268019353583779,0.0,-0.0,True,True,33,10.0,5,0.016,1.0,0.066,0.997936487197876,0.02170802839100361,0,False
34,3.3960100109688938,3.3799999999999955,0.09999999999999432,166,-1.8833081635757314,-1.835785670106001,0.8523559851320612,4.267183100464488,0.7184176445007324,0.003266682193455584,0.05194969351896591,0.003266682193455584,0.0,-0.0,True,True,34,10.0,5,0.016,1.0,0.068,0.9982265830039978,-0.029255593195557594,0,False
35,3.4961942189838737,3.4799999999999898,0.09999999999999432,171,-1.8687515945156443,-1.819312642138016,0.8420165463994368,4.252625595847564,0.7159667611122131,0.0032342757244635018,0.055183969243429415,0.0032342757244635018,0.0,-0.0,True,True,35,10.0,5,0.016,1.0,0.07,0.9986337423324585,-0.06958183646202087,0,False
36,3.596089099999517,3.579999999999984,0.09999999999999432,177,-1.8541273972874956,-1.8030246031468076,0.857014118025682,4.238324411504545,0.7135590314865112,0.00317732843429327,0.05836129767772268,0.00317732843429327,0.0,-0.0,True,True,36,10.0,5,0.016,1.0,0.072,0.9929295182228088,0.22671644389629364,0,False
37,3.695861690910533,3.680000000000007,0.10000000000002274,169,-1.8402045747955573,-1.7861960659623677,0.8849475155153561,4.223459251752232,0.7110563516616821,0.0033026282039633832,0.061663925881686066,0.0033026282039633832,0.0,-0.0,True,True,37,10.0,5,0.016,1.0,0.074,0.9983550906181335,0.05558578670024872,0,False
38,3.795894590904936,3.780000000000001,0.09999999999999432,175,-1.8263669719035953,-1.7691309901201635,0.8890917128713325,4.208409286498568,0.7085225582122803,0.003343686885550317,0.06500761276723638,0.003343686885550317,0.0,-0.0,True,True,38,10.0,5,0.016,1.0,0.076,0.999262809753418,-0.02005879394710064,0,False
39,3.895895119989291,3.8799999999999955,0.09999999999999432,168,-1.8124456267718734,-1.7521004904652486,0.8843294424606387,4.193466239370205,0.7060067653656006,0.0033199326291534813,0.06832754539638985,0.0033199326291534813,0.0,-0.0,True,True,39,10.0,5,0.016,1.0,0.078,0.9994408488273621,-0.02836586907505989,0,False
40,3.9963000169955194,3.9799999999999898,0.09999999999999432,173,-1.7985243790869672,-1.7351203883920143,0.8991625169882759,4.178635420870059,0.7035098671913147,0.003294998525584279,0.07162254392197413,0.003294998525584279,0.0,-0.0,True,True,40,10.0,5,0.016,1.0,0.08,0.999718189239502,0.220075324177742,0,False
41,4.096029598033056,4.079999999999984,0.09999999999999432,166,-1.7853070061690663,-1.7176324892715678,0.9368018149340911,4.163261160905212,0.7009214758872986,0.0034157362195227302,0.07503828014149687,0.0034157362195227302,0.0,-0.0,True,True,41,10.0,5,0.016,1.0,0.082,0.9998816847801208,0.1548117846250534,0,False
42,4.1963334458414465,4.180000000000007,0.10000000000002274,176,-1.7727170258819815,-1.699763199138258,0.9866286440855421,4.1474740978473115,0.6982635855674744,0.00350744967302879,0.07854572981452566,0.00350744967302879,0.0,-0.0,True,True,42,10.0,5,0.016,1.0,0.084,0.9950338006019592,0.3117288649082184,0,False
43,4.295984928030521,4.280000000000001,0.09999999999999432,175,-1.7613237666198014,-1.6812617969402734,1.0502453256136337,4.130932589342326,0.6954786777496338,0.0036750666279362163,0.08222079644246189,0.0036750666279362163,0.0,-0.0,True,True,43,10.0,5,0.016,1.0,0.086,0.9912660121917725,0.3099541962146759,0,False
44,4.396130035864189,4.3799999999999955,0.09999999999999432,179,-1.751080944099628,-1.6620346133103758,1.1095799889788818,4.113541046337833,0.6925506591796875,0.0038639208319401143,0.086084717274402,0.0038639208319401143,0.0,-0.0,True,True,44,10.0,5,0.016,1.0,0.088,0.9979994297027588,0.27377235889434814,0,False
45,4.496291874907911,4.47999999999999,0.09999999999999432,169,-1.7419899549031554,-1.6422650979584208,1.181805697180634,4.095471175094666,0.6895084381103516,0.004014626644048297,0.0900993439184503,0.004014626644048297,0.0,-0.0,True,True,45,10.0,5,0.016,1.0,0.09,0.9894264340400696,0.4304947853088379,0,False
46,4.596611222019419,4.579999999999984,0.09999999999999432,164,-1.734657844887608,-1.621859372679722,1.2674204802912237,4.076522238602737,0.6863182187080383,0.004209930679259327,0.09430927459770963,0.004209930679259327,0.0,-0.0,True,True,46,10.0,5,0.016,1.0,0.092,0.9948736429214478,0.4151528477668762,0,False
47,4.69628496398218,4.680000000000007,0.10000000000002274,172,-1.7292617544198654,-1.601677395412536,1.3531772469403747,4.057500725237674,0.6831157803535461,0.004226055257277059,0.09853532985498668,0.004226055257277059,0.0,-0.0,True,True,47,10.0,5,0.016,1.0,0.094,0.928910493850708,0.4299052953720093,0,False
48,4.796369533054531,4.780000000000001,0.09999999999999432,169,-1.725574622901356,-1.5810413663784109,1.4242054211757464,4.037764064147077,0.6797929406166077,0.004384941343111227,0.1029202711980979,0.004384941343111227,0.0,-0.0,True,True,48,10.0,5,0.016,1.0,0.096,0.9945787191390991,0.2509467303752899,0,False
49,4.897463983856142,4.8799999999999955,0.10099999999999909,175,-1.7228638893162773,-1.559390822495072,1.473910150139267,4.016875377958023,0.6762761473655701,0.004640889522965022,0.10756116072106293,0.004640889522965022,0.0,-0.0,True,True,49,10.0,5,0.016,1.0,0.098,0.9966909885406494,0.2387961745262146,0,False
50,4.998206446878612,4.97999999999999,0.10099999999999909,178,-1.7213019700652807,-1.538018684563756,1.5306247533739286,3.9960759082178967,0.6727743744850159,0.004621068090474757,0.1121822288115377,0.004621068090474757,0.0,-0.0,True,True,50,10.0,5,0.016,1.0,0.1,0.9640716314315796,0.3090995252132416,0,False
51,5.099451005924493,5.099999999999994,0.10099999999999909,173,-1.721169842680967,-1.5126091241102928,1.5970082814680167,3.9752505940302636,0.6692682504653931,0.0046268100133786865,0.11680903882491638,0.0046268100133786865,0.0,-0.0,True,True,51,10.0,5,0.016,1.0,0.102,0.9674047827720642,0.2553989291191101,0,False
52,5.200819334946573,5.199999999999989,0.10099999999999909,178,-1.7222810666570767,-1.4909677469629141,1.6452571616187783,3.949548468001435,0.6649410724639893,0.0057103029996985015,0.12251934182461488,0.0057103029996985015,0.0,-0.0,True,True,53,10.0,5,0.0,1.0,0.106,0.995627224445343,0.22985690832138062,0,False
53,5.301382509991527,5.299999999999983,0.10099999999999909,174,-1.7244331514359226,-1.4692228607409181,1.695264435057491,3.9277569963172776,0.6612722873687744,0.004841463542211114,0.127360805366826,0.004841463542211114,0.0,-0.0,True,True,54,10.0,5,0.0,1.0,0.108,0.9862255454063416,0.2776121497154236,0,False
54,5.401594778057188,5.400000000000006,0.09999999999999432,172,-1.7276695304560008,-1.4478131742406175,1.7490211669364393,3.906109970312337,0.6576278209686279,0.004809371699131676,0.13217017706595768,0.004809371699131676,0.0,-0.0,True,True,55,10.0,5,0.0,1.0,0.11,0.999468207359314,0.10060087591409683,0,False
55,5.502145842881873,5.5,0.10099999999999909,168,-1.7319437448052684,-1.426604299204321,1.7789857284917672,3.8844820621178804,0.6539865732192993,0.0048051242493124605,0.13697530131527014,0.0048051242493124605,0.0,-0.0,True,True,56,10.0,5,0.0,1.0,0.112,0.9997521042823792,0.064876027405262,0,False
56,5.602696287911385,5.599999999999994,0.09999999999999432,170,-1.736617618581745,-1.4051403382215828,1.7930852385236575,3.862534107614572,0.6502914428710938,0.00487622970554704,0.14185153102081718,0.00487622970554704,0.0,-0.0,True,True,57,10.0,5,0.0,1.0,0.114,0.9998427629470825,0.0835016667842865,0,False
57,5.702965534990653,5.699999999999989,0.10000000000002274,164,-1.741589213938003,-1.3837429568030504,1.8083571141780723,3.840601022519418,0.6465988159179688,0.004872926133465461,0.14672445715428264,0.004872926133465461,0.0,-0.0,True,True,58,10.0,5,0.0,1.0,0.116,0.9995992183685303,0.0821569487452507,0,False
58,5.8030107349622995,5.799999999999983,0.09999999999999432,171,-1.7469159436904973,-1.3624357852965983,1.8236647071248497,3.818696260106463,0.6429109573364258,0.0048666336152145525,0.1515910907694972,0.0048666336152145525,0.0,-0.0,True,True,59,10.0,5,0.0,1.0,0.118,0.9981278777122498,0.062171969562768936,0,False
59,5.902843296062201,5.900000000000006,0.09999999999999432,168,-1.7525557708492183,-1.341231923762821,1.8361614267416473,3.79684070835383,0.6392313838005066,0.004855700364753672,0.15644679113425086,0.004855700364753672,0.0,-0.0,True,True,60,10.0,5,0.0,1.0,0.12,0.9994840025901794,0.1066172868013382,0,False
60,6.003121492918581,6.0,0.09999999999999432,172,-1.7584955781962879,-1.3201083995831784,1.8566402913485736,3.775014541383978,0.6355567574501038,0.0048491718770684285,0.1612959630113193,0.0048491718770684285,0.0,-0.0,True,True,61,10.0,5,0.0,1.0,0.122,0.9955249428749084,0.09463717043399811,0,False
61,6.103258240967989,6.099999999999994,0.09999999999999432,167,-1.7648550239208471,-1.2991686893761247,1.874637860629628,3.753299540941759,0.6319008469581604,0.004824473742933759,0.16612043675425306,0.004824473742933759,0.0,-0.0,True,True,62,10.0,5,0.0,1.0,0.124,0.9858190417289734,0.062437064945697784,0,False
62,6.2032079610507935,6.199999999999989,0.10000000000002274,173,-1.7715062503076353,-1.2785009059255983,1.8873874000439192,3.731805811454222,0.6282821893692017,0.004775313444098953,0.17089575019835201,0.004775313444098953,0.0,-0.0,True,True,63,10.0,5,0.0,1.0,0.126,0.990678608417511,0.058299947530031204,0,False
63,6.302877434063703,6.299999999999983,0.09999999999999432,177,-1.7784028666895528,-1.2578768043759945,1.8993699695677537,3.710315976335487,0.6246641874313354,0.004774448222839527,0.17567019842119155,0.004774448222839527,0.0,-0.0,True,True,64,10.0,5,0.0,1.0,0.128,0.9960541129112244,-0.00014912337064743042,0,False
64,6.403018251992762,6.400000000000006,0.09999999999999432,177,-1.7855361200995503,-1.2371488328002658,1.9014972950628182,3.688687714107503,0.6210228800773621,0.0048052029057905725,0.18047540132698212,0.0048052029057905725,0.0,-0.0,True,True,65,10.0,5,0.0,1.0,0.13,0.9978302717208862,-0.01840970106422901,0,False
65,6.50331598892808,6.5,0.09999999999999432,177,-1.7926439758850223,-1.2163829089201108,1.8990130073012967,3.66702971306321,0.6173765659332275,0.004811810049953928,0.18528721137693605,0.004811810049953928,0.0,-0.0,True,True,66,10.0,5,0.0,1.0,0.132,0.9980091452598572,-0.0031841066665947437,0,False
66,6.603226579958573,6.599999999999994,0.09999999999999432,173,-1.7996978691911294,-1.1955891495738047,1.8981336210446194,3.645356488577235,0.6137276887893677,0.0048151922785137176,0.19010240365544975,0.0048151922785137176,0.0,-0.0,True,True,67,10.0,5,0.0,1.0,0.134,0.9889715313911438,-0.00963117927312851,0,False
67,6.703617705963552,6.699999999999989,0.10000000000002274,171,-1.8066867751486742,-1.174937730380789,1.8959906349656284,3.623837622709246,0.6101047992706299,0.004780898054046659,0.19488330170949641,0.004780898054046659,0.0,-0.0,True,True,68,10.0,5,0.0,1.0,0.136,0.9829012751579285,-0.032704465091228485,0,False
68,6.8035552960354835,6.799999999999983,0.09999999999999432,166,-1.8135668760952892,-1.1543879892051503,1.8896992365174765,3.6024405443747143,0.6065024137496948,0.00475384022556785,0.19963714193506427,0.00475384022556785,0.0,-0.0,True,True,69,10.0,5,0.0,1.0,0.138,0.9807204008102417,-0.04955152049660683,0,False
69,6.903568944893777,6.900000000000006,0.09999999999999432,167,-1.8202689132710617,-1.1338364829058174,1.8807096571431754,3.581073558890019,0.6029050946235657,0.004747154424926382,0.20438429635999064,0.004747154424926382,0.0,-0.0,True,True,70,10.0,5,0.0,1.0,0.14,0.9739001393318176,0.0196234118193388,0,False
70,7.0035621949937195,7.0,0.09999999999999432,166,-1.8268606668556229,-1.1133226580936062,1.887673187173594,3.5597646349038325,0.5993175506591797,0.004734254762512117,0.20911855112250277,0.004734254762512117,0.0,-0.0,True,True,71,10.0,5,0.0,1.0,0.142,0.9923744797706604,-0.03896026313304901,0,False
71,7.1033518959302455,7.099999999999994,0.09999999999999432,167,-1.8335710345495302,-1.0926034487829046,1.8790195631997344,3.5382369181976565,0.5956931710243225,0.004782864465999945,0.21390141558850273,0.004782864465999945,0.0,-0.0,True,True,72,10.0,5,0.0,1.0,0.144,0.9938839077949524,-0.01922077126801014,0,False
72,7.20392165100202,7.199999999999989,0.10000000000002274,162,-1.8401568566304884,-1.0717507685310816,1.8752563835945313,3.5166001591650127,0.5920504331588745,0.004807090661265845,0.21870850624976856,0.004807090661265845,0.0,-0.0,True,True,73,10.0,5,0.0,1.0,0.146,0.9831532835960388,0.02874591015279293,0,False
73,7.303849081043154,7.299999999999983,0.09999999999999432,153,-1.8466511135363068,-1.0511017613596716,1.879217952261922,3.4951821928523588,0.5884445309638977,0.004758480957777919,0.22346698720754649,0.004758480957777919,0.0,-0.0,True,True,74,10.0,5,0.0,1.0,0.148,0.9834386706352234,0.012820156291127205,0,False
74,7.4038530208636075,7.400000000000006,0.09999999999999432,164,-1.8532560302658165,-1.0305049798115107,1.8811308564010965,3.4738010460265643,0.5848448276519775,0.004750300684051738,0.22821728789159823,0.004750300684051738,0.0,-0.0,True,True,75,10.0,5,0.0,1.0,0.15,0.9855088591575623,-0.0902509093284607,0,False
75,7.504426905885339,7.5,0.09999999999999432,170,-1.8598231493308643,-1.0097926453356858,1.8668627682080476,3.4523147512431045,0.5812274217605591,0.004773661658058113,0.23299094954965635,0.004773661658058113,0.0,-0.0,True,True,76,10.0,5,0.0,1.0,0.152,0.9969092607498169,-0.042266543954610825,0,False
76,7.60409219795838,7.599999999999994,0.09999999999999432,170,-1.8661079294453315,-0.9888070538804842,1.8587009154726326,3.430605415337325,0.5775724649429321,0.004823215239283676,0.23781416478894002,0.004823215239283676,0.0,-0.0,True,True,77,10.0,5,0.0,1.0,0.154,0.9968150854110718,-0.003917290363460779,0,False
77,7.7041867868974805,7.699999999999989,0.10000000000002274,158,-1.8722663081502169,-0.9677581992694372,1.8562377335195444,3.4088557196094116,0.5739107131958008,0.004832182077791073,0.2426463468667311,0.004832182077791073,0.0,-0.0,True,True,78,10.0,5,0.0,1.0,0.156,0.9931356906890869,-0.013639498502016068,0,False
78,7.803981428034604,7.799999999999983,0.09999999999999432,161,-1.8783921329517586,-0.9467606248575562,1.852858325722526,3.387164085380007,0.5702587366104126,0.004819282415376809,0.24746562928210789,0.004819282415376809,0.0,-0.0,True,True,79,10.0,5,0.0,1.0,0.158,0.9940513372421265,-0.005963671952486038,0,False
79,7.9040358969941735,7.900000000000006,0.09999999999999432,161,-1.884467668056591,-0.925753801044228,1.8516198882604549,3.3654735132511844,0.5666069388389587,0.0048190464459424735,0.25228467572805036,0.0048190464459424735,0.0,-0.0,True,True,80,10.0,5,0.0,1.0,0.16,0.9933298826217651,-0.041991617530584335,0,False
80,8.004420033888891,8.0,0.09999999999999432,163,-1.890479236982994,-0.9047262916627824,1.8443459968788731,3.3437744443177024,0.5629537105560303,0.004820934201417647,0.257105609929468,0.004820934201417647,0.0,-0.0,True,True,81,10.0,5,0.0,1.0,0.162,0.9929510951042175,-0.03427905961871147,0,False
81,8.105177996912971,8.099999999999994,0.10099999999999909,167,-1.8963173063523646,-0.8836626412435933,1.838104543407664,3.32206829471367,0.5592992901802063,0.004822507330980473,0.2619281172604485,0.004822507330980473,0.0,-0.0,True,True,82,10.0,5,0.0,1.0,0.164,0.9904816150665283,-0.044704049825668335,0,False
82,8.204968767939135,8.199999999999989,0.09999999999999432,162,-1.9019954223414486,-0.8625970352214903,1.8296014752461107,3.3003858653559806,0.5556488633155823,0.004817237346945213,0.26674535460739374,0.004817237346945213,0.0,-0.0,True,True,83,10.0,5,0.0,1.0,0.166,0.9899687170982361,-0.05063493549823761,0,False
83,8.305244125891477,8.299999999999983,0.10000000000002274,165,-1.9074798813463787,-0.8414977445024129,1.8199626705930596,3.2787016658306527,0.5519981384277344,0.004817630629336068,0.2715629852367298,0.004817630629336068,0.0,-0.0,True,True,84,10.0,5,0.0,1.0,0.168,0.9983404874801636,-0.046295978128910065,0,False
84,8.405203606002033,8.400000000000006,0.09999999999999432,168,-1.9127940472030323,-0.8202065977140229,1.810933760116252,3.256854256849152,0.548319935798645,0.004853891265756511,0.2764168765024863,0.004853891265756511,0.0,-0.0,True,True,85,10.0,5,0.0,1.0,0.17,0.98969966173172,-0.03762286528944969,0,False
85,8.505072275875136,8.5,0.09999999999999432,170,-1.9178994817235626,-0.7989844560150434,1.8033327713823224,3.235107747422986,0.5446587204933167,0.0048314741694878705,0.2812483506719742,0.0048314741694878705,0.0,-0.0,True,True,86,10.0,5,0.0,1.0,0.172,0.9924116134643555,-0.03252679482102394,0,False
86,8.605112744960934,8.599999999999994,0.09999999999999432,170,-1.9228589654579233,-0.7777197287538825,1.7967439994916812,3.2133417661528076,0.5409942269325256,0.004835800275785395,0.2860841509477596,0.004835800275785395,0.0,-0.0,True,True,87,10.0,5,0.0,1.0,0.174,0.9922075271606445,-0.03699083998799324,0,False
87,8.705311883008108,8.699999999999989,0.09999999999999432,172,-1.9276826823664264,-0.7564154346315427,1.7896083046229527,3.1915580832062553,0.5373267531394958,0.004839733099692065,0.2909238840474516,0.004839733099692065,0.0,-0.0,True,True,88,10.0,5,0.0,1.0,0.176,0.9916224479675293,-0.035551801323890686,0,False
88,8.805386702064425,8.799999999999983,0.10000000000002274,172,-1.9323518006381641,-0.7350891408016912,1.7827965488222395,3.1697758163938126,0.5336595177650452,0.004839418473779618,0.29576330252123123,0.004839418473779618,0.0,-0.0,True,True,89,10.0,5,0.0,1.0,0.178,0.9927961230278015,-0.028129881247878075,0,False
89,8.90539348195307,8.900000000000006,0.09999999999999432,169,-1.93688553872794,-0.7137173862353451,1.7771920342727343,3.1479694753015006,0.5299882292747498,0.004844767114292792,0.300608069635524,0.004844767114292792,0.0,-0.0,True,True,90,10.0,5,0.0,1.0,0.18,0.9918971061706543,-0.02446172386407852,0,False
90,9.005474420962855,9.0,0.09999999999999432,166,-1.9413053271416414,-0.6923339912026287,1.7722609844339359,3.126168798745628,0.5263178944587708,0.004843508610642709,0.3054515782461667,0.004843508610642709,0.0,-0.0,True,True,91,10.0,5,0.0,1.0,0.182,0.9923869967460632,-0.020921604707837105,0,False
91,9.105124132940546,9.099999999999994,0.09999999999999432,169,-1.9456295585700427,-0.6709279954564205,1.768083478452626,3.1043599794186236,0.5226461887359619,0.0048453177096397715,0.31029689595580645,0.0048453177096397715,0.0,-0.0,True,True,92,10.0,5,0.0,1.0,0.184,0.9920119643211365,-0.019385740160942078,0,False
92,9.205347951035947,9.199999999999989,0.09999999999999432,169,-1.9498688283910306,-0.6495106917752977,1.7642855200409029,3.082552930259257,0.518974781036377,0.004844924427249015,0.3151418203830555,0.004844924427249015,0.0,-0.0,True,True,93,10.0,5,0.0,1.0,0.186,0.9896351099014282,-0.015212077647447586,0,False
93,9.3066417099908,9.299999999999983,0.10100000000002751,174,-1.9540240135460116,-0.6281240457172387,1.7612676350237682,3.060789073190244,0.5153106451034546,0.0048353283369165275,0.319977148719972,0.0048353283369165275,0.0,-0.0,True,True,94,10.0,5,0.0,1.0,0.188,0.9790288805961609,-0.0012913562823086977,0,False
94,9.406697019003332,9.400000000000006,0.09999999999999432,165,-1.9580943374990705,-0.6069267228108791,1.7606775280551976,3.039224891030736,0.5116801261901855,0.004790966083248014,0.32476811480322004,0.004790966083248014,0.0,-0.0,True,True,95,10.0,5,0.0,1.0,0.19,0.9806347489356995,-5.885958671569824e-05,0,False
95,9.506864666938782,9.5,0.09999999999999432,160,-1.9621598353463348,-0.5857482741705337,1.7604624645416977,3.0176805347487674,0.5080529451370239,0.004786561320472379,0.32955467612369244,0.004786561320472379,0.0,-0.0,True,True,96,10.0,5,0.0,1.0,0.192,0.987309992313385,-0.011475796811282635,0,False
96,9.607371242018417,9.599999999999994,0.10099999999999909,163,-1.9662382120330784,-0.5644422472080844,1.7585183111620792,2.9960083723633746,0.5044042468070984,0.004814956309079382,0.33436963243277185,0.004814956309079382,0.0,-0.0,True,True,97,10.0,5,0.0,1.0,0.194,0.9860403537750244,-0.0131762670353055,0,False
97,9.707563810050488,9.699999999999989,0.09999999999999432,167,-1.970266973822605,-0.5431190331179523,1.756245213885523,2.974327005106267,0.5007539987564087,0.004817001377510879,0.33918663381028274,0.004817001377510879,0.0,-0.0,True,True,98,10.0,5,0.0,1.0,0.196,0.9809936285018921,-0.010978436097502708,0,False
98,9.807571759913117,9.799999999999983,0.09999999999999432,170,-1.9742262582833807,-0.5218797929133921,1.7541426628856356,2.952738571650126,0.49711939692497253,0.004796354052000294,0.34398298786228304,0.004796354052000294,0.0,-0.0,True,True,99,10.0,5,0.0,1.0,0.198,0.9541476964950562,0.014894724823534489,0,False
99,9.907509229844436,9.900000000000006,0.10000000000002274,170,-1.978076513866658,-0.5011361954020724,1.7563846397753313,2.931656583155062,0.4935700595378876,0.004683835960027031,0.34866682382231007,0.004683835960027031,0.0,-0.0,True,True,100,10.0,5,0.0,1.0,0.2,0.9414315819740295,0.010367029346525669,0,False
100,10.007930506020784,10.0,0.09999999999999432,170,-1.9819221475143414,-0.48074780948674645,1.7580922079656824,2.910927212053379,0.4900800883769989,0.0046054941078039055,0.353272317930114,0.0046054941078039055,0.0,-0.0,True,True,101,10.0,5,0.0,1.0,0.202,0.9826961159706116,0.08514165133237839,0,False
101,10.107946504838765,10.099999999999994,0.09999999999999432,170,-1.9859925681710702,-0.45948327336352207,1.7661966817434789,2.8892985957918675,0.48643872141838074,0.0048052815622686845,0.35807759949238266,0.0048052815622686845,0.0,-0.0,True,True,102,10.0,5,0.0,1.0,0.204,0.9537136554718018,0.07226745039224625,0,False
102,10.208013965049759,10.199999999999989,0.09999999999999432,169,-1.990266605007389,-0.4388681223448198,1.7807233724052063,2.86828405068379,0.4829007387161255,0.004668851900942263,0.3627464513933249,0.004668851900942263,0.0,-0.0,True,True,103,10.0,5,0.0,1.0,0.206,0.9215572476387024,0.12134204804897308,0,False
103,10.308119892841205,10.299999999999983,0.09999999999999432,170,-1.994748847002483,-0.41882759536988,1.8041827263349324,2.8478092296883735,0.4794536232948303,0.00454894010002433,0.3672953914933492,0.00454894010002433,0.0,-0.0,True,True,104,10.0,5,0.0,1.0,0.208,0.8828458786010742,-0.030208997428417206,0,False
104,10.40806044288911,10.400000000000006,0.10000000000002274,171,-1.9993678336693814,-0.39972176385120917,1.8033647893912743,2.828241088556863,0.47615915536880493,0.004347500859518615,0.37164289235286785,0.004347500859518615,0.0,-0.0,True,True,105,10.0,5,0.0,1.0,0.21,0.9745014309883118,-0.03900052234530449,0,False
105,10.50789169385098,10.5,0.09999999999999432,170,-2.004166419928437,-0.3792579178642495,1.7979237813972697,2.8073046078415973,0.47263431549072266,0.004651508147513356,0.3762944005003812,0.004651508147513356,0.0,-0.0,True,True,106,10.0,5,0.0,1.0,0.212,0.9736601710319519,-0.036534640938043594,0,False
106,10.608146101934835,10.599999999999994,0.09999999999999432,165,-2.0089066675231053,-0.35835258153940686,1.7909061634040608,2.7859402776083586,0.4690374433994293,0.004746564501340297,0.3810409650017215,0.004746564501340297,0.0,-0.0,True,True,107,10.0,5,0.0,1.0,0.214,0.9697147011756897,-0.018223674967885017,0,False
107,10.70798602188006,10.699999999999989,0.09999999999999432,161,-2.0135089643111153,-0.33749750754773644,1.7866721502080427,2.764646046013563,0.4654523730278015,0.004730990518669446,0.38577195552039095,0.004730990518669446,0.0,-0.0,True,True,108,10.0,5,0.0,1.0,0.216,0.9540644288063049,-0.004918789025396109,0,False
108,10.807942441897467,10.799999999999983,0.09999999999999432,162,-2.0179954974869605,-0.3169241325550889,1.785175434653925,2.743647963464514,0.4619171619415283,0.004665194374708935,0.39043714989509987,0.004665194374708935,0.0,-0.0,True,True,109,10.0,5,0.0,1.0,0.218,0.9703767895698547,-0.04209209233522415,0,False
109,10.908426527865231,10.900000000000006,0.10000000000002274,162,-2.022473785915838,-0.2960352912462416,1.7758728538688964,2.722339570528619,0.4583297073841095,0.0047341367777949004,0.39517128667289475,0.0047341367777949004,0.0,-0.0,True,True,110,10.0,5,0.0,1.0,0.22,0.9651908874511719,-0.03123275376856327,0,False
110,11.008064249996096,11.0,0.09999999999999432,160,-2.0267614399298,-0.2752133460675681,1.7707180817052017,2.7011244654272177,0.454757958650589,0.004713410795806105,0.39988469746870087,0.004713410795806105,0.0,-0.0,True,True,111,10.0,5,0.0,1.0,0.222,0.9580245018005371,-0.020637238398194313,0,False
111,11.107962511014193,11.099999999999994,0.09999999999999432,160,-2.0309043248172576,-0.25451847030221936,1.7667752442699645,2.6800559302061977,0.4512108862400055,0.0046808470138579965,0.4045655444825589,0.0046808470138579965,0.0,-0.0,True,True,112,10.0,5,0.0,1.0,0.224,0.9497067332267761,-0.012220914475619793,0,False
112,11.208348326850682,11.199999999999989,0.09999999999999432,162,-2.0349444055315544,-0.2339857273457548,1.7640437317429591,2.6591626415812866,0.4476933181285858,0.0046419120571806706,0.40920745653973956,0.0046419120571806706,0.0,-0.0,True,True,113,10.0,5,0.0,1.0,0.226,0.9147976636886597,-0.062087103724479675,0,False
113,11.308453856036067,11.299999999999983,0.09999999999999432,169,-2.0387655867899426,-0.2138718348903236,1.7489729874579993,2.638714904150723,0.44425076246261597,0.004542922879446961,0.4137503794191865,0.004542922879446961,0.0,-0.0,True,True,114,10.0,5,0.0,1.0,0.228,0.9094697833061218,-0.06544405221939087,0,False
114,11.408192767063156,11.400000000000006,0.10000000000002274,165,-2.0422483591836302,-0.19412253873868032,1.7381796964357712,2.618674836327066,0.440876841545105,0.0044523499448735696,0.4182027293640601,0.0044523499448735696,0.0,-0.0,True,True,115,10.0,5,0.0,1.0,0.23,0.9243984818458557,-0.04038773477077484,0,False
115,11.508564513875172,11.5,0.09999999999999432,171,-2.0455382428784272,-0.17409483456058572,1.7306104455698705,2.5983855289000553,0.4374609589576721,0.0045077241054811736,0.4227104534695413,0.0045077241054811736,0.0,-0.0,True,True,116,10.0,5,0.0,1.0,0.232,0.9250394105911255,-0.041324544697999954,0,False
116,11.608242186019197,11.599999999999994,0.09999999999999432,168,-2.048690625051783,-0.15397069546832567,1.7222012119439847,2.5780195732143425,0.4340321719646454,0.004524753232997536,0.42723520670253884,0.004524753232997536,0.0,-0.0,True,True,117,10.0,5,0.0,1.0,0.234,0.9205334782600403,-0.030510371550917625,0,False
117,11.708210116019472,11.699999999999989,0.09999999999999432,171,-2.051685206758487,-0.1338997862918506,1.7159528698551987,2.557727787552639,0.4306158721446991,0.004508274700828153,0.431743481403367,0.004508274700828153,0.0,-0.0,True,True,118,10.0,5,0.0,1.0,0.236,0.928211510181427,-0.031048113480210304,0,False
118,11.808538743061945,11.799999999999983,0.09999999999999432,167,-2.0545795091401526,-0.11369610345140933,1.7098769033231096,2.537318108726281,0.4271797239780426,0.004534467308047339,0.43627794871141434,0.004534467308047339,0.0,-0.0,True,True,119,10.0,5,0.0,1.0,0.238,0.9129375219345093,-0.018879806622862816,0,False
119,11.90828798385337,11.900000000000006,0.10000000000002274,170,-2.0573313609999344,-0.09371401743715818,1.7059970088752392,2.5171474025309797,0.4237838089466095,0.0044813741853056656,0.44075932289672,0.0044813741853056656,0.0,-0.0,True,True,120,10.0,5,0.0,1.0,0.24,0.9193116426467896,-0.014987434260547161,0,False
120,12.008670910960063,12.0,0.09999999999999432,168,-2.0600198717317304,-0.07368229793109417,1.702835596357079,2.4969361594967805,0.4203810691833496,0.004490380352052266,0.4452497032487723,0.004490380352052266,0.0,-0.0,True,True,121,10.0,5,0.0,1.0,0.242,0.952517569065094,-0.09466695785522461,0,False
121,12.10872068000026,12.099999999999994,0.09999999999999432,170,-2.06261693692777,-0.05301104858051484,1.6832148100671183,2.4761039416553614,0.4168737828731537,0.004628343814702309,0.44987804706347456,0.004628343814702309,0.0,-0.0,True,True,122,10.0,5,0.0,1.0,0.244,0.943946123123169,-0.09541751444339752,0,False
122,12.20856335083954,12.199999999999989,0.09999999999999432,172,-2.064818053758665,-0.03226340081206132,1.6667562369161273,2.4552499507520014,0.4133628308773041,0.0046331811881077075,0.45451122825158224,0.0046331811881077075,0.0,-0.0,True,True,123,10.0,5,0.0,1.0,0.246,0.9482972025871277,-0.08102938532829285,0,False
123,12.308587569976225,12.299999999999983,0.09999999999999432,168,-2.0666523173581477,-0.011438830046604152,1.6515012038631909,2.434370115401135,0.40984752774238586,0.004638923111011538,0.4591501513625938,0.004638923111011538,0.0,-0.0,True,True,124,10.0,5,0.0,1.0,0.248,0.8996338844299316,-0.07554680109024048,0,False
124,12.40898134605959,12.400000000000006,0.10000000000002274,172,-2.068075623882653,0.00860162521167613,1.6321289665668817,2.414323851990747,0.4064725637435913,0.004453726433240968,0.4636038777958348,0.004453726433240968,0.0,-0.0,True,True,125,10.0,5,0.0,1.0,0.25,0.9654267430305481,0.0026441304944455624,0,False
125,12.508719007950276,12.5,0.09999999999999432,171,-2.069314980197882,0.029493484375005333,1.6305521638508769,2.393460656215672,0.40296006202697754,0.004635226256539203,0.468239104052374,0.004635226256539203,0.0,-0.0,True,True,126,10.0,5,0.0,1.0,0.252,0.8702142238616943,-0.07424892485141754,0,False
126,12.608835696009919,12.599999999999994,0.09999999999999432,168,-2.070434831838005,0.04913573736259031,1.6187175118568464,2.373852509295555,0.39965885877609253,0.004356389041547999,0.472595493093922,0.004356389041547999,0.0,-0.0,True,True,127,10.0,5,0.0,1.0,0.254,0.8681625723838806,-0.07409090548753738,0,False
127,12.810426492011175,12.799999999999983,0.19999999999998863,343,-2.0717935887604613,0.08763783584226943,1.5939721796188382,2.335538115866605,0.3932082951068878,0.008512400705045234,0.48110789379896723,0.008512400705045234,0.0,-0.0,True,True,129,10.0,5,0.0,1.0,0.258,0.8920866250991821,-0.042219508439302444,0,False
128,12.911295444937423,12.900000000000006,0.10099999999999909,168,-2.072152703252278,0.10727103538113482,1.5854195859318372,2.3160505173625983,0.38992738723754883,0.004329606510742827,0.48543750030971006,0.004329606510742827,0.0,-0.0,True,True,130,10.0,5,0.0,1.0,0.26,0.8992475271224976,-0.027501225471496582,0,False
129,13.012672123033553,13.0,0.10099999999999909,168,-2.0723806059653604,0.12706305469306978,1.579815587058555,2.296426969984035,0.3866235911846161,0.004359810598346893,0.48979731090805695,0.004359810598346893,0.0,-0.0,True,True,131,10.0,5,0.0,1.0,0.262,0.8953895568847656,-0.022498929873108864,0,False
130,13.113669473910704,13.099999999999994,0.10099999999999909,169,-2.07251824371432,0.14681125730202743,1.5755385129438018,2.2768627232213268,0.3833297789096832,0.004346635638259188,0.49414394654631616,0.004346635638259188,0.0,-0.0,True,True,132,10.0,5,0.0,1.0,0.264,0.8933352828025818,-0.010369122959673405,0,False
131,13.213266127044335,13.199999999999989,0.10000000000002274,167,-2.0725875326468417,0.16649940807274677,1.5735720173365648,2.257371053331754,0.3800481855869293,0.0043305110602413575,0.4984744576065575,0.0043305110602413575,0.0,-0.0,True,True,133,10.0,5,0.0,1.0,0.266,0.8891603350639343,-0.006107813213020563,0,False
132,13.31415082886815,13.299999999999983,0.10099999999999909,169,-2.07262835529306,0.1860989950536163,1.5723989945531052,2.237974441444313,0.3767825961112976,0.004309391795861905,0.5027838494024194,0.004309391795861905,0.0,-0.0,True,True,134,10.0,5,0.0,1.0,0.268,0.8916382193565369,0.0023003031965345144,0,False
133,13.41430528787896,13.400000000000006,0.09999999999999432,166,-2.0726586428251568,0.2057142377835083,1.5727557170163742,2.2185675625845747,0.3735152781009674,0.004311672833727835,0.5070955222361472,0.004311672833727835,0.0,-0.0,True,True,135,10.0,5,0.0,1.0,0.27,0.8890230655670166,0.0008080227416940033,0,False
134,13.51448185602203,13.5,0.09999999999999432,171,-2.0726989391938258,0.22529110746258274,1.5729665259917998,2.199200866530207,0.3702547252178192,0.004302745323459345,0.5113982675596065,0.004302745323459345,0.0,-0.0,True,True,136,10.0,5,0.0,1.0,0.272,0.892356276512146,0.041590020060539246,0,False
135,13.614911841927096,13.599999999999994,0.09999999999999432,166,-2.0727845010458577,0.24490138933453004,1.5801596187467424,2.1797982360727985,0.3669881224632263,0.004310728955990199,0.5157089965155967,0.004310728955990199,0.0,-0.0,True,True,137,10.0,5,0.0,1.0,0.274,0.8600910305976868,-0.04175102338194847,0,False
136,13.714844151865691,13.699999999999989,0.09999999999999432,160,-2.072891177684506,0.2639671610173904,1.5672625868608099,2.1609340906107044,0.3638121783733368,0.004191092452745805,0.5199000889683425,0.004191092452745805,0.0,-0.0,True,True,138,10.0,5,0.0,1.0,0.276,0.8549585938453674,-0.026703042909502983,0,False
137,13.814881800906733,13.799999999999983,0.10000000000002274,165,-2.0728272796504665,0.2828056269394132,1.564225284685441,2.142324495254877,0.36067909002304077,0.004134538444966131,0.5240346274133086,0.004134538444966131,0.0,-0.0,True,True,139,10.0,5,0.0,1.0,0.278,0.8486093282699585,-0.007710915058851242,0,False
138,13.915166747989133,13.900000000000006,0.09999999999999432,170,-2.0726794917689757,0.3015044405177773,1.5630914240631757,2.123869612550563,0.3575720489025116,0.004100165564020862,0.5281347929773295,0.004100165564020862,0.0,-0.0,True,True,140,10.0,5,0.0,1.0,0.28,0.8172071576118469,0.049144767224788666,0,False
139,14.015104477992281,14.0,0.09999999999999432,167,-2.072544246847664,0.31965827084071263,1.5683785730468023,2.105955516059493,0.35455605387687683,0.003980017793668397,0.5321148107709979,0.003980017793668397,0.0,-0.0,True,True,141,10.0,5,0.0,1.0,0.282,0.8202706575393677,0.24857670068740845,0,False
140,14.11531098606065,14.099999999999994,0.09999999999999432,172,-2.0727077139254426,0.3376612459847064,1.6049678755545587,2.0881478066434336,0.35155797004699707,0.003956381521988778,0.5360711922929866,0.003956381521988778,0.0,-0.0,True,True,142,10.0,5,0.0,1.0,0.284,0.827306866645813,0.15008845925331116,0,False
141,14.215008507948369,14.199999999999989,0.09999999999999432,164,-2.073636910329389,0.35582966239571984,1.6225871860995398,2.07005917162331,0.34851258993148804,0.004018795437389401,0.540089987730376,0.004018795437389401,0.0,-0.0,True,True,143,10.0,5,0.0,1.0,0.286,0.8394302129745483,0.023112084716558456,0,False
142,14.315237334929407,14.299999999999983,0.10000000000002274,168,-2.0746367985817598,0.37420695077221844,1.6294005389136164,2.051755107201708,0.3454309403896332,0.00406665790433492,0.5441566456347109,0.00406665790433492,0.0,-0.0,True,True,144,10.0,5,0.0,1.0,0.288,0.8715462684631348,-0.07041605561971664,0,False
143,14.415430963039398,14.400000000000006,0.09999999999999432,170,-2.075703154590374,0.3931744231986145,1.619483652008581,2.032859452755667,0.34224969148635864,0.004198092879299916,0.5483547385140108,0.004198092879299916,0.0,-0.0,True,True,145,10.0,5,0.0,1.0,0.29,0.8352271318435669,0.3408063054084778,0,False
144,14.515383312944323,14.5,0.09999999999999432,172,-2.076702892038603,0.411912710884872,1.6537057028407638,2.0142025939239194,0.3391086459159851,0.004145039084797249,0.5524997775988081,0.004145039084797249,0.0,-0.0,True,True,146,10.0,5,0.0,1.0,0.292,0.8044740557670593,0.3380707800388336,0,False
145,14.615393972955644,14.599999999999994,0.09999999999999432,167,-2.0788108131265477,0.42941992472468293,1.7229915546256487,1.9965841154283046,0.3361424207687378,0.003914339634425103,0.5564141172332332,0.003914339634425103,0.0,-0.0,True,True,147,10.0,5,0.0,1.0,0.294,0.8135935664176941,0.16032674908638,0,False
146,14.715426621958613,14.699999999999989,0.09999999999999432,166,-2.081870306907533,0.4468901254260155,1.763588238911897,1.9788493369189086,0.33315661549568176,0.003940178287492737,0.5603542955207259,0.003940178287492737,0.0,-0.0,True,True,148,10.0,5,0.0,1.0,0.296,0.8052623867988586,0.17474044859409332,0,False
147,14.815251413034275,14.799999999999983,0.10000000000002274,173,-2.0855064815289457,0.4641598215892216,1.797038776669916,1.9612198833839414,0.3301885426044464,0.003916777985247355,0.5642710735059733,0.003916777985247355,0.0,-0.0,True,True,149,10.0,5,0.0,1.0,0.298,0.8059677481651306,0.07917888462543488,0,False
148,14.915727597894147,14.900000000000006,0.09999999999999432,173,-2.0896855015944342,0.4814174163501128,1.8140021827996085,1.9435159057914373,0.32720792293548584,0.003933335173894898,0.5682044086798682,0.003933335173894898,0.0,-0.0,True,True,150,10.0,5,0.0,1.0,0.3,0.7889312505722046,0.13922911882400513,0,False
149,15.015650148037821,15.0,0.09999999999999432,171,-2.0940826413061386,0.4982959861872311,1.8417109392723472,1.9261525084523798,0.3242846429347992,0.0038576676419283602,0.5720620763217966,0.0038576676419283602,0.0,-0.0,True,True,151,10.0,5,0.0,1.0,0.302,0.7976136803627014,0.17391419410705566,0,False
150,15.115691256942227,15.099999999999994,0.09999999999999432,174,-2.0990051436917465,0.5151216446891018,1.8748394884607789,1.9087599033473044,0.3213564455509186,0.0038641568013745484,0.5759262331231711,0.0038641568013745484,0.0,-0.0,True,True,152,10.0,5,0.0,1.0,0.304,0.7800806760787964,0.15947943925857544,0,False
151,15.215620727976784,15.199999999999989,0.09999999999999432,173,-2.1043766100611054,0.5314574561455823,1.9039977243367254,1.8917834646537952,0.31849831342697144,0.0037716961113259833,0.5796979292344971,0.0037716961113259833,0.0,-0.0,True,True,153,10.0,5,0.0,1.0,0.306,0.8225532174110413,0.08841502666473389,0,False
152,15.315727565903217,15.299999999999983,0.10000000000002274,167,-2.1105151046315402,0.5484622064523227,1.9258172699358513,1.8740313385015523,0.3155095875263214,0.003944032454921345,0.5836419616894185,0.003944032454921345,0.0,-0.0,True,True,154,10.0,5,0.0,1.0,0.308,0.8398343920707703,0.08345340192317963,0,False
153,15.415779215050861,15.400000000000006,0.09999999999999432,162,-2.117051036546562,0.5656766704679853,1.9426014849608029,1.8560177585892568,0.31247684359550476,0.00400212026402464,0.5876440819534432,0.00400212026402464,0.0,-0.0,True,True,155,10.0,5,0.0,1.0,0.31,0.8851546049118042,0.05769023299217224,0,False
154,15.515683834906667,15.5,0.09999999999999432,160,-2.1241365617412296,0.5835176878347148,1.9543779422111154,1.8373100959463142,0.30932724475860596,0.004156326289409731,0.591800408242853,0.004156326289409731,0.0,-0.0,True,True,156,10.0,5,0.0,1.0,0.312,0.8819305896759033,0.05115318298339844,0,False
155,15.616067431867123,15.599999999999994,0.09999999999999432,159,-2.131492031311117,0.6014890202237153,1.9642885746960048,1.818444003299819,0.30615097284317017,0.004191525063375518,0.5959919333062285,0.004191525063375518,0.0,-0.0,True,True,157,10.0,5,0.0,1.0,0.314,0.9684107303619385,0.00015166401863098145,0,False
156,15.71565900486894,15.699999999999989,0.09999999999999432,162,-2.1395259001635627,0.6206682401379484,1.967455995948433,1.7982959552502773,0.3027588725090027,0.004476340170704987,0.6004682734769334,0.004476340170704987,0.0,-0.0,True,True,158,10.0,5,0.0,1.0,0.316,0.9691179990768433,0.005710040684789419,0,False
157,15.815662813838571,15.799999999999983,0.10000000000002274,160,-2.1477608628488545,0.6403318278032435,1.968534847196276,1.7776547384969397,0.2992837429046631,0.004585908644748124,0.6050541821216816,0.004585908644748124,0.0,-0.0,True,True,159,10.0,5,0.0,1.0,0.318,0.9674363136291504,0.001543669612146914,0,False
158,15.9157672629226,15.900000000000006,0.09999999999999432,163,-2.1560032696250784,0.6599655346068117,1.9683520660640734,1.7570584840015937,0.29581618309020996,0.004575919272024831,0.6096301013937064,0.004575919272024831,0.0,-0.0,True,True,160,10.0,5,0.0,1.0,0.32,0.9472863078117371,-0.004687144421041012,0,False
159,16.01589737087488,16.0,0.09999999999999432,168,-2.1641036993833076,0.6792693731907075,1.967278947524435,1.7368249368551627,0.2924096882343292,0.004495335710174783,0.6141254371038812,0.004495335710174783,0.0,-0.0,True,True,161,10.0,5,0.0,1.0,0.322,0.9322500228881836,-0.04765067622065544,0,False
160,16.115715492051095,16.099999999999994,0.09999999999999432,161,-2.172008018525862,0.6982852899018955,1.958952697914897,1.71691975580548,0.28905847668647766,0.004422381826703888,0.6185478189305851,0.004422381826703888,0.0,-0.0,True,True,162,10.0,5,0.0,1.0,0.324,0.9254179000854492,-0.039034776389598846,0,False
161,16.215748230926692,16.19999999999999,0.09999999999999432,165,-2.179662903075481,0.7171976981185868,1.9517159760738532,1.6971659240888,0.2857327461242676,0.004388756182300877,0.6229365751128859,0.004388756182300877,0.0,-0.0,True,True,163,10.0,5,0.0,1.0,0.326,0.9207245111465454,-0.034146834164857864,0,False
162,16.31586180999875,16.299999999999983,0.10000000000002274,160,-2.1871353619242138,0.7360613111152129,1.9447157837126816,1.6774991846198828,0.28242167830467224,0.00436940668867948,0.6273059818015654,0.00436940668867948,0.0,-0.0,True,True,164,10.0,5,0.0,1.0,0.328,0.9145001173019409,-0.001026600250042975,0,False
163,16.416236425982788,16.400000000000006,0.09999999999999432,164,-2.1944620399540358,0.7548315420405763,1.9434289638697009,1.657958127053225,0.27913177013397217,0.004341483638941294,0.6316474654405067,0.004341483638941294,0.0,-0.0,True,True,165,10.0,5,0.0,1.0,0.33,0.9095878005027771,0.0029130198527127504,0,False
164,16.51622300595045,16.5,0.09999999999999432,164,-2.2017512496586193,0.7734963549938018,1.9432089307725666,1.6385409812211895,0.2758627235889435,0.004313953871593765,0.6359614193121004,0.004313953871593765,0.0,-0.0,True,True,166,10.0,5,0.0,1.0,0.332,0.9090738892555237,0.0039368439465761185,0,False
165,16.615969666978344,16.599999999999994,0.09999999999999432,162,-2.2090370875157745,0.7921263916841416,1.9437306883991645,1.619173931133294,0.2726021111011505,0.004302823979937556,0.6402642432920379,0.004302823979937556,0.0,-0.0,True,True,167,10.0,5,0.0,1.0,0.334,0.8892258405685425,-0.04838845133781433,0,False
166,16.71640229295008,16.69999999999999,0.09999999999999432,162,-2.216254118720415,0.810701072409332,1.9351200843106955,1.5998854764885015,0.2693547308444977,0.0042853622417914315,0.6445496055338293,0.0042853622417914315,0.0,-0.0,True,True,168,10.0,5,0.0,1.0,0.336,0.8832002878189087,-0.03218146041035652,0,False
167,16.81638417299837,16.799999999999983,0.10000000000002274,155,-2.22313478458814,0.8289133316822668,1.9292960346810584,1.581010710020583,0.2661769986152649,0.004193452147089797,0.6487430576809191,0.004193452147089797,0.0,-0.0,True,True,169,10.0,5,0.0,1.0,0.338,0.885815441608429,-0.02235599048435688,0,False
168,16.916328522842377,16.900000000000006,0.09999999999999432,163,-2.229915178346686,0.847180985445787,1.924411646799322,1.5621062047363552,0.26299425959587097,0.004200059291253202,0.6529431169721723,0.004200059291253202,0.0,-0.0,True,True,170,10.0,5,0.0,1.0,0.34,0.8857539296150208,-0.013469177298247814,0,False
169,17.01621474302374,17.0,0.09999999999999432,166,-2.236626680130795,0.8654796758024939,1.9211357794009298,1.5431926715971762,0.2598100006580353,0.004202065031445691,0.657145182003618,0.004202065031445691,0.0,-0.0,True,True,171,10.0,5,0.0,1.0,0.342,0.8856572508811951,-0.002419295720756054,0,False
170,17.116153293056414,17.099999999999994,0.09999999999999432,167,-2.2432968915937965,0.8837843518625874,1.9201084945230278,1.524291883664987,0.2566278874874115,0.004199233398232783,0.6613444154018508,0.004199233398232783,0.0,-0.0,True,True,172,10.0,5,0.0,1.0,0.344,0.8833073973655701,0.01922662928700447,0,False
171,17.216387131018564,17.19999999999999,0.09999999999999432,170,-2.2499608114691947,0.902040819723831,1.923021374234619,1.5054546447509825,0.2534564733505249,0.004185114560407441,0.6655295299622583,0.004185114560407441,0.0,-0.0,True,True,173,10.0,5,0.0,1.0,0.346,0.8903455138206482,9.482353925704956e-05,0,False
172,17.31659533805214,17.299999999999983,0.10000000000002274,159,-2.2567179758996243,0.9203974108123081,1.9229708899871263,1.48652394098572,0.2502693235874176,0.004205879870635293,0.6697354098328936,0.004205879870635293,0.0,-0.0,True,True,174,10.0,5,0.0,1.0,0.348,0.9045513868331909,0.025607511401176453,0,False
173,17.41622807085514,17.400000000000006,0.09999999999999432,153,-2.263590248438471,0.93901372752207,1.9273767715994878,1.4673406342985926,0.24703964591026306,0.004262001267785105,0.6739974111006787,0.004262001267785105,0.0,-0.0,True,True,175,10.0,5,0.0,1.0,0.35,0.9358593821525574,0.043519046157598495,0,False
174,17.517577248858288,17.5,0.10099999999999909,168,-2.27078393520409,0.958162830729908,1.9347601255813245,1.4476156563144031,0.24371877312660217,0.0043823456793328,0.6783797567800115,0.0043823456793328,0.0,-0.0,True,True,176,10.0,5,0.0,1.0,0.352,0.9474149942398071,0.027577945962548256,0,False
175,17.617587279062718,17.599999999999994,0.09999999999999432,164,-2.278243114717802,0.9775799098629577,1.9397447664795315,1.4276217013577022,0.24035261571407318,0.004442104938596389,0.6828218617186079,0.004442104938596389,0.0,-0.0,True,True,177,10.0,5,0.0,1.0,0.354,0.8532895445823669,-0.04116674140095711,0,False
176,17.717838346026838,17.69999999999999,0.09999999999999432,162,-2.2850815501338344,0.9953741132635808,1.9304982678807094,1.4093190530702098,0.23727120459079742,0.0040663432784224735,0.6868882049970304,0.0040663432784224735,0.0,-0.0,True,True,178,10.0,5,0.0,1.0,0.356,0.8517608046531677,-0.035913579165935516,0,False
177,17.817995724035427,17.799999999999983,0.10000000000002274,161,-2.291647345919138,1.0129419690507926,1.9247784526086182,1.3912837000959735,0.2342347949743271,0.004006957637429989,0.6908951626344604,0.004006957637429989,0.0,-0.0,True,True,179,10.0,5,0.0,1.0,0.358,0.869226336479187,0.03903782367706299,0,False
178,17.918423269875348,17.900000000000006,0.09999999999999432,155,-2.2982410346920337,1.0308047862472964,1.9300232425324892,1.372971404394857,0.2311517596244812,0.0040684866674516335,0.694963649301912,0.0040684866674516335,0.0,-0.0,True,True,180,10.0,5,0.0,1.0,0.36,0.9128432273864746,0.0111446687951684,0,False
179,18.018853135872632,18.0,0.09999999999999432,152,-2.3052490161804626,1.04942783972955,1.9308072018357323,1.3538917410229028,0.22793953120708466,0.004238974583810877,0.6992026238857229,0.004238974583810877,0.0,-0.0,True,True,181,10.0,5,0.0,1.0,0.362,0.9129000902175903,-0.04427071288228035,0,False
180,18.119716117857024,18.099999999999994,0.10099999999999909,159,-2.3123044806286766,1.0682468433091148,1.9234574745867163,1.3346373621051313,0.22469788789749146,0.004277791555770887,0.7034804154414938,0.004277791555770887,0.0,-0.0,True,True,182,10.0,5,0.0,1.0,0.364,0.9052680730819702,-0.027291717007756233,0,False
181,18.220757429022342,18.19999999999999,0.10099999999999909,163,-2.319146916111097,1.0869906469049986,1.9186131612885835,1.315496362424539,0.22147533297538757,0.004252601818647897,0.7077330172601417,0.004252601818647897,0.0,-0.0,True,True,183,10.0,5,0.0,1.0,0.366,0.9117753505706787,-0.035364046692848206,0,False
182,18.32056154985912,18.299999999999983,0.09999999999999432,161,-2.325908541421794,1.1058541155721129,1.9114832507755544,1.2962650841944365,0.21823757886886597,0.004272659220572496,0.7120056764807142,0.004272659220572496,0.0,-0.0,True,True,184,10.0,5,0.0,1.0,0.368,0.9113671183586121,-0.08109846711158752,0,False
183,18.420944385929033,18.400000000000006,0.09999999999999432,160,-2.3325044833747635,1.1248116893469542,1.896619373667206,1.2769733547395148,0.21498964726924896,0.004286089814214187,0.7162917662949284,0.004286089814214187,0.0,-0.0,True,True,185,10.0,5,0.0,1.0,0.37,0.8987169861793518,-0.11707374453544617,0,False
184,18.520861306926236,18.5,0.10000000000002274,160,-2.3386955425169873,1.1436775746323837,1.8756282607630055,1.257817308634004,0.21176455914974213,0.00425594471896868,0.7205477110138971,0.00425594471896868,0.0,-0.0,True,True,186,10.0,5,0.0,1.0,0.372,0.8788039088249207,-0.14327122271060944,0,False
185,18.621182512957603,18.599999999999994,0.09999999999999432,168,-2.344320408364475,1.1623154346134927,1.8495053918754927,1.2389363465793544,0.20858578383922577,0.004194828635457196,0.7247425396493543,0.004194828635457196,0.0,-0.0,True,True,187,10.0,5,0.0,1.0,0.374,0.8696553111076355,-0.12052692472934723,0,False
186,18.72084320592694,18.69999999999999,0.09999999999999432,166,-2.3493890736961465,1.1808616120447015,1.8262452765112824,1.2201885011310416,0.20542941987514496,0.004165253799678121,0.7289077934490324,0.004165253799678121,0.0,-0.0,True,True,188,10.0,5,0.0,1.0,0.376,-0.5965538024902344,-0.6581933498382568,0,False
187,18.821027553873137,18.799999999999983,0.09999999999999432,160,-2.3533284866570865,1.196283226812838,1.824271213381001,1.2046212043853306,0.20280852913856506,0.00345862366422618,0.7323664171132587,0.00345862366422618,0.0,-0.0,True,True,189,10.0,5,0.0,1.0,0.378,-0.5556681752204895,-0.924298107624054,0,False
188,18.921042512869462,18.900000000000006,0.09999999999999432,158,-2.3548699969796516,1.2022471264585166,1.8233943728936455,1.1986028114347387,0.2017952799797058,0.0013371208000685256,0.7337035379133272,0.0013371208000685256,0.0,-0.0,True,True,190,10.0,5,0.0,1.0,0.38,-0.5658155083656311,-0.9229707717895508,0,False
189,19.02138185990043,19.0,0.10000000000002274,158,-2.354743469221807,1.2016404326806072,1.7864175819926018,1.199213784794807,0.20189814269542694,-0.00013574141714272134,0.7335677964961845,-0.00013574141714272134,0.0,-0.0,True,True,191,10.0,5,0.0,1.0,0.382,-0.7354063987731934,-0.7296204566955566,0,False
190,19.121997013920918,19.099999999999994,0.10099999999999909,160,-2.3534811089755197,1.1942379169390507,1.7104803787318363,1.2066591098779536,0.2031516283750534,-0.0016541457351946498,0.7319136507609899,-0.0016541457351946498,0.0,-0.0,True,True,192,10.0,5,0.0,1.0,0.384,0.3288007378578186,-0.23211868107318878,0,False
191,19.223390721948817,19.19999999999999,0.10099999999999909,168,-2.352706345816201,1.1865101678664203,1.6107882085536849,1.2144111165042895,0.20445674657821655,-0.0017222819093796991,0.7301913688516102,-0.0017222819093796991,0.0,-0.0,True,True,193,10.0,5,0.0,1.0,0.386,0.2705702781677246,-0.7081940770149231,0,False
192,19.323123472975567,19.299999999999983,0.09999999999999432,163,-2.352632884030267,1.1883594480916437,1.511836301879118,1.2125660707757675,0.2041461169719696,0.0004099182358044022,0.7306012870874146,0.0004099182358044022,0.0,-0.0,True,True,194,10.0,5,0.0,1.0,0.388,0.2365858554840088,-0.848260760307312,0,False
193,19.423495989991352,19.400000000000006,0.09999999999999432,169,-2.3519319398373257,1.1938630470653748,1.3555874705204782,1.2070943941000043,0.20322491228580475,0.001215655533707418,0.731816942621122,0.001215655533707418,0.0,-0.0,True,True,195,10.0,5,0.0,1.0,0.39,0.2692001760005951,-0.9971452951431274,0,False
194,19.52366105793044,19.5,0.09999999999999432,158,-2.3500748439771995,1.1998148844528134,1.1726984233895241,1.2012230135717032,0.20223641395568848,0.0013044586975226543,0.7331214013186446,0.0013044586975226543,0.0,-0.0,True,True,196,10.0,5,0.0,1.0,0.392,0.5243744254112244,-0.9957955479621887,0,False
195,19.623204800998792,19.599999999999994,0.09999999999999432,154,-2.3451717820897513,1.2086442676947953,0.9780643355449347,1.1926167240435304,0.2007874697446823,0.0019120799911212338,0.7350334813097658,0.0019120799911212338,0.0,-0.0,True,True,197,10.0,5,0.0,1.0,0.394,0.7965223789215088,-0.9833593368530273,0,False
196,19.723669706843793,19.69999999999999,0.10000000000002274,168,-2.335026055395334,1.22068614508187,0.7796065830220954,1.1811023146121602,0.1988489180803299,0.002558183966647775,0.7375916652764135,0.002558183966647775,0.0,-0.0,True,True,198,10.0,5,0.0,1.0,0.396,0.8006255030632019,-0.8142794966697693,0,False
197,19.823226840002462,19.799999999999983,0.09999999999999432,158,-2.321431775066378,1.231905237435273,0.6101374738077092,1.1707340887260438,0.1971033364534378,0.0023035336186833164,0.7398951988950968,0.0023035336186833164,0.0,-0.0,True,True,199,10.0,5,0.0,1.0,0.398,0.9419075846672058,-0.7393689751625061,0,False
198,19.923519966891035,19.900000000000006,0.09999999999999432,155,-2.304220419839792,1.241890134555838,0.44962545287458905,1.1620637191293948,0.1956436038017273,0.0019263168136638411,0.7418215157087606,0.0019263168136638411,0.0,-0.0,True,True,200,10.0,5,0.0,1.0,0.4,0.8293069005012512,-0.4644368886947632,0,False
199,20.024753335863352,20.0,0.10099999999999909,160,-2.2859646156442324,1.2493894043528708,0.33516472260027697,1.156247744848146,0.19466443359851837,0.0012921489586944248,0.7431136646674551,0.0012921489586944248,0.0,-0.0,True,True,201,10.0,5,0.0,1.0,0.402,0.9835007786750793,-0.41943061351776123,0,False
200,20.12440721783787,20.099999999999994,0.09999999999999432,157,-2.2661787305087944,1.25535191819377,0.24941897467960777,1.1524440971371592,0.19402405619621277,0.000845065536970851,0.7439587302044259,0.000845065536970851,0.0,-0.0,True,True,202,10.0,5,0.0,1.0,0.404,0.9389405846595764,-0.2565039098262787,0,False
201,20.224552326835692,20.19999999999999,0.09999999999999432,160,-2.2455808622443656,1.2598903400480732,0.19235901738027275,1.1505195708817155,0.19370004534721375,0.0004275766151458549,0.7443863068195717,0.0004275766151458549,0.0,-0.0,True,True,203,10.0,5,0.0,1.0,0.406,0.826994776725769,-0.22817441821098328,0,False
202,20.32465443504043,20.299999999999983,0.10000000000002274,163,-2.227026652343054,1.2630369819908376,0.14318550766096447,1.1500455199884043,0.1936202347278595,0.0001053210242237735,0.7444916278437955,0.0001053210242237735,0.0,-0.0,True,True,204,10.0,5,0.0,1.0,0.408,0.7713671326637268,-0.17752888798713684,0,False
203,20.42460612487048,20.400000000000006,0.09999999999999432,160,-2.209812292974768,1.2651801984953328,0.10498987306483319,1.150646491901321,0.19372141361236572,-0.00013351937163539996,0.7443581084721601,-0.00013351937163539996,0.0,-0.0,True,True,205,10.0,5,0.0,1.0,0.41,0.9847626686096191,-0.3343488574028015,0,False
204,20.52502068085596,20.5,0.09999999999999432,161,-2.190097071141871,1.2668670632197763,0.059161358189317115,1.152410286935284,0.19401836395263672,-0.0003918665740722923,0.7439662418980878,-0.0003918665740722923,0.0,-0.0,True,True,206,10.0,5,0.0,1.0,0.412,0.9938247799873352,-0.1185983270406723,0,False
205,20.624985350994393,20.599999999999994,0.09999999999999432,160,-2.168242211942755,1.2675368595934962,0.022252328681679947,1.1559344251763162,0.19461168348789215,-0.0007829662474826749,0.7431832756506052,-0.0007829662474826749,0.0,-0.0,True,True,207,10.0,5,0.0,1.0,0.414,0.9911633133888245,-0.0894445851445198,0,False
206,20.725284588057548,20.69999999999999,0.09999999999999432,162,-2.146367820505509,1.2677524006453518,-0.0004339152936294444,1.160307712833037,0.19534796476364136,-0.000971623810291294,0.7422116518403139,-0.000971623810291294,0.0,-0.0,True,True,208,10.0,5,0.0,1.0,0.416,0.9739928245544434,0.015190877951681614,0,False
207,20.825163717847317,20.799999999999983,0.10000000000002274,150,-2.124832419457275,1.2676745957350959,-0.0018836974345401135,1.165280202235037,0.1961851269006729,-0.0011047498995359875,0.7411069019407779,-0.0011047498995359875,0.0,-0.0,True,True,209,10.0,5,0.0,1.0,0.418,0.9749906659126282,-0.00061182671925053,0,False
208,20.92493478883989,20.900000000000006,0.09999999999999432,156,-2.1033804458087957,1.2676401644835826,-0.0024639297331011454,1.1705647721915209,0.19707483053207397,-0.0011740855850126595,0.7399328163557652,-0.0011740855850126595,0.0,-0.0,True,True,210,10.0,5,0.0,1.0,0.42,0.9742171168327332,-0.026098521426320076,0,False
209,21.02519584703259,21.0,0.09999999999999432,156,-2.0819428618061298,1.2675643694234877,-0.006588917826480844,1.1762528518609634,0.1980324685573578,-0.0012637343059679173,0.7386690820497973,-0.0012637343059679173,0.0,-0.0,True,True,211,10.0,5,0.0,1.0,0.422,0.9932470321655273,0.040081944316625595,0,False
210,21.12515092594549,21.099999999999994,0.09999999999999432,154,-2.0601966178707265,1.2674466013507737,0.0011859377224906586,1.1824311794575995,0.19907264411449432,-0.0013726538640663121,0.737296428185731,-0.0013726538640663121,0.0,-0.0,True,True,212,10.0,5,0.0,1.0,0.424,0.9925830960273743,0.0215030238032341,0,False
211,21.225956029025838,21.19999999999999,0.10099999999999909,164,-2.0383751994666177,1.267496329374268,0.0044470580069258985,1.1888385667465227,0.20015138387680054,-0.0014235446054201677,0.7358728835803109,-0.0014235446054201677,0.0,-0.0,True,True,213,10.0,5,0.0,1.0,0.426,0.9934845566749573,-0.007831092923879623,0,False
212,21.32600250793621,21.299999999999983,0.10000000000002274,161,-2.0165298449656266,1.2676043676146191,0.003432514600825956,1.1955622829922596,0.20128338038921356,-0.001493824168634476,0.7343790594116764,-0.001493824168634476,0.0,-0.0,True,True,214,10.0,5,0.0,1.0,0.428,0.9991545081138611,-0.031195737421512604,0,False
213,21.426238575950265,21.400000000000006,0.09999999999999432,164,-1.9945696403328017,1.26764531798626,-0.001727096188891047,1.202747216415936,0.20249302685260773,-0.001596293895525788,0.7327827655161506,-0.001596293895525788,0.0,-0.0,True,True,215,10.0,5,0.0,1.0,0.43,0.9994726181030273,-0.09353776276111603,0,False
214,21.52651985292323,21.5,0.09999999999999432,164,-1.9725550223620192,1.2674725029721583,-0.01841157942662081,1.2105071887966405,0.20379948616027832,-0.001724051680137755,0.7310587138360128,-0.001724051680137755,0.0,-0.0,True,True,216,10.0,5,0.0,1.0,0.432,0.9993431568145752,-0.024279743432998657,0,False
215,21.62613194505684,21.599999999999994,0.09999999999999432,160,-1.9506216549336406,1.267069462894254,-0.01294996524148029,1.2187996276026924,0.2051955908536911,-0.001842351023253954,0.7292163628127589,-0.001842351023253954,0.0,-0.0,True,True,217,10.0,5,0.0,1.0,0.434,0.999373197555542,-0.007898464798927307,0,False
216,21.72621134389192,21.69999999999999,0.09999999999999432,165,-1.9286253291915514,1.2666357816630511,-0.018796132721264697,1.2274805296967841,0.20665709674358368,-0.00192865684388833,0.7272877059688706,-0.00192865684388833,0.0,-0.0,True,True,218,10.0,5,0.0,1.0,0.436,0.9992344379425049,-0.03026394359767437,0,False
217,21.826318312902004,21.799999999999983,0.10000000000002274,157,-1.9066261820885027,1.2661551412730991,-0.026277258074471743,1.2365362647881077,0.2081817090511322,-0.0020119343901146168,0.725275771578756,-0.0020119343901146168,0.0,-0.0,True,True,219,10.0,5,0.0,1.0,0.438,0.9982929825782776,-0.03031736984848976,0,False
218,21.9264437709935,21.900000000000006,0.09999999999999432,164,-1.8846478358077712,1.265535543531293,-0.032017799486749585,1.2460326831127762,0.2097805142402649,-0.0021098420412740196,0.7231659295374819,-0.0021098420412740196,0.0,-0.0,True,True,220,10.0,5,0.0,1.0,0.44,0.9930102825164795,-0.06367938965559006,0,False
219,22.026276831980795,22.0,0.09999999999999432,162,-1.86275824242322,1.2647397085295367,-0.04356172640022045,1.2559635890840586,0.21145246922969818,-0.0022063732040661227,0.7209595563334158,-0.0022063732040661227,0.0,-0.0,True,True,221,10.0,5,0.0,1.0,0.442,0.9986417293548584,-0.08519859611988068,0,False
220,22.126689347904176,22.099999999999994,0.09999999999999432,159,-1.8407983903208256,1.263625880878344,-0.059616580317213494,1.2665119295272862,0.21322837471961975,-0.002343550101934851,0.7186160062314809,-0.002343550101934851,0.0,-0.0,True,True,222,10.0,5,0.0,1.0,0.444,0.9989112615585327,-0.07722686231136322,0,False
221,22.22675326699391,22.19999999999999,0.09999999999999432,160,-1.818841879838443,1.2621385882866407,-0.07503946295341468,1.2776828379286078,0.21510909497737885,-0.0024818675187365936,0.7161341387127443,-0.0024818675187365936,0.0,-0.0,True,True,223,10.0,5,0.0,1.0,0.446,0.9939995408058167,-0.020435471087694168,0,False
222,22.326639046892524,22.299999999999983,0.10000000000002274,157,-1.7970406630515445,1.2604443845766307,-0.0754893965236729,1.2892428291766425,0.2170553207397461,-0.002568310988207739,0.7135658277245366,-0.002568310988207739,0.0,-0.0,True,True,224,10.0,5,0.0,1.0,0.448,0.9878098964691162,-0.02075999416410923,0,False
223,22.42708155303262,22.400000000000006,0.09999999999999432,163,-1.7753513867993422,1.2586944232921244,-0.08203742360545953,1.3010627695422377,0.21904531121253967,-0.0026260645072788873,0.7109397632172577,-0.0026260645072788873,0.0,-0.0,True,True,225,10.0,5,0.0,1.0,0.45,0.9686881899833679,-0.7182514071464539,0,False
224,22.527127951849252,22.5,0.09999999999999432,164,-1.7535242637019384,1.256626422811101,-0.1295549730248435,1.3134816461279668,0.22113613784313202,-0.002759131604165071,0.7081806316130926,-0.002759131604165071,0.0,-0.0,True,True,226,10.0,5,0.0,1.0,0.452,0.9566574692726135,-0.789352536201477,0,False
225,22.627274509985,22.599999999999994,0.09999999999999432,154,-1.7324107428093536,1.252274119536915,-0.28668630882989965,1.3277613229341911,0.22354024648666382,-0.00317255005324648,0.7050080815598462,-0.00317255005324648,0.0,-0.0,True,True,227,10.0,5,0.0,1.0,0.454,0.9997822046279907,0.11741027235984802,0,False
226,22.726823773002252,22.69999999999999,0.09999999999999432,163,-1.712552826788864,1.2448882120860283,-0.4029390518956027,1.3441975064647482,0.22630742192268372,-0.0036516663256908337,0.7013564152341554,-0.0036516663256908337,0.0,-0.0,True,True,228,10.0,5,0.0,1.0,0.456,0.9149066209793091,0.16992513835430145,0,False
227,22.826915581943467,22.799999999999983,0.10000000000002274,161,-1.6935510116070005,1.2367051571947882,-0.3941263044714541,1.3610015308303691,0.22913652658462524,-0.0037333904064738963,0.6976230248276815,-0.0037333904064738963,0.0,-0.0,True,True,229,10.0,5,0.0,1.0,0.458,0.9391065239906311,0.2647249698638916,0,False
228,22.927422177046537,22.900000000000006,0.09999999999999432,156,-1.6744402904965379,1.2292632659993132,-0.34513599396248446,1.3773384964648467,0.23188699781894684,-0.0036296228476932974,0.6939934019799882,-0.0036296228476932974,0.0,-0.0,True,True,230,10.0,5,0.0,1.0,0.46,0.9999839067459106,0.14443865418434143,0,False
229,23.02738951705396,23.0,0.09999999999999432,152,-1.6539808070090005,1.222403104638268,-0.3115810730173277,1.394015422794098,0.234694704413414,-0.0037051527308231153,0.690288249249165,-0.0037051527308231153,0.0,-0.0,True,True,231,10.0,5,0.0,1.0,0.462,0.9999747276306152,0.12627381086349487,0,False
230,23.128829473862424,23.099999999999994,0.10099999999999909,163,-1.6329841965732186,1.2160020809232648,-0.2831718434247525,1.4107318238616646,0.23750905692577362,-0.0037139229281352827,0.6865743263210297,-0.0037139229281352827,0.0,-0.0,True,True,232,10.0,5,0.0,1.0,0.464,0.9980854392051697,-0.06888736039400101,0,False
231,23.228436067001894,23.19999999999999,0.09999999999999432,163,-1.6119666256556202,1.2100169197166892,-0.284184684109765,1.427254834114839,0.24029085040092468,-0.0036709568269536223,0.682903369494076,-0.0036709568269536223,0.0,-0.0,True,True,233,10.0,5,0.0,1.0,0.466,0.9994854927062988,0.18639633059501648,0,False
232,23.328952581854537,23.299999999999983,0.09999999999999432,163,-1.5909555618593343,1.2039307580254732,-0.25977136947448476,1.443999469356223,0.24310995638370514,-0.0037201957822665895,0.6791831737118095,-0.0037201957822665895,0.0,-0.0,True,True,234,10.0,5,0.0,1.0,0.468,0.9946430325508118,0.09260523319244385,0,False
233,23.428684832993895,23.400000000000006,0.10000000000002274,159,-1.569788972797653,1.198553672600266,-0.24228438780439554,1.4603847605672033,0.24586856365203857,-0.003640359456958849,0.6755428142548506,-0.003640359456958849,0.0,-0.0,True,True,235,10.0,5,0.0,1.0,0.47,0.97919762134552,-0.3597712516784668,0,False
234,23.528952820925042,23.5,0.09999999999999432,159,-1.5486411851761026,1.1933581328640384,-0.2667649153647572,1.4767519960682813,0.24862413108348846,-0.00363634797657387,0.6719064662782768,-0.00363634797657387,0.0,-0.0,True,True,236,10.0,5,0.0,1.0,0.472,0.9976412653923035,0.15951398015022278,0,False
235,23.62915035802871,23.599999999999994,0.09999999999999432,160,-1.5280036943865558,1.1870193476759756,-0.29857232625825936,1.493887484324016,0.25150904059410095,-0.0038070325341284417,0.6680994337441484,-0.0038070325341284417,0.0,-0.0,True,True,237,10.0,5,0.0,1.0,0.474,0.9897252321243286,0.14357678592205048,0,False
236,23.729042269056663,23.69999999999999,0.09999999999999432,159,-1.50710102300076,1.1809802422331346,-0.2689369481605189,1.5110519148206232,0.25439882278442383,-0.0038134627012160706,0.6642859710429323,-0.0038134627012160706,0.0,-0.0,True,True,238,10.0,5,0.0,1.0,0.476,0.9984138011932373,0.16763131320476532,0,False
237,23.82926116604358,23.799999999999983,0.09999999999999432,156,-1.4859206318029983,1.1755374635717446,-0.23424784007928767,1.5280214498603462,0.25725579261779785,-0.003770162310002312,0.66051580873293,-0.003770162310002312,0.0,-0.0,True,True,239,10.0,5,0.0,1.0,0.478,0.9985378384590149,0.17428633570671082,0,False
238,23.929102846886963,23.900000000000006,0.10000000000002274,158,-1.4645328395427437,1.1708145236247378,-0.19923666125639772,1.5446668672056507,0.26005819439888,-0.0036981523042690532,0.656817656428661,-0.0036981523042690532,0.0,-0.0,True,True,240,10.0,5,0.0,1.0,0.48,0.9976444840431213,0.197815403342247,0,False
239,24.029035496991128,24.0,0.09999999999999432,155,-1.443017414374003,1.1668784639658898,-0.16028703608204328,1.5608985963740816,0.2627909481525421,-0.0036062422095674675,0.6532114142190935,-0.0036062422095674675,0.0,-0.0,True,True,241,10.0,5,0.0,1.0,0.482,0.9876309037208557,0.1084984689950943,0,False
240,24.13033459498547,24.099999999999994,0.10099999999999909,163,-1.4216015054921538,1.1636914881544345,-0.14118014215029698,1.576617330961177,0.2654373347759247,-0.0034922689727487437,0.6497191452463447,-0.0034922689727487437,0.0,-0.0,True,True,242,10.0,5,0.0,1.0,0.484,0.9962050914764404,0.24083471298217773,0,False
241,24.230453914031386,24.19999999999999,0.09999999999999432,159,-1.4000045344002656,1.161062087233259,-0.09506227956328724,1.5921551544157244,0.268053263425827,-0.0034520755124213837,0.6462670697339232,-0.0034520755124213837,0.0,-0.0,True,True,243,10.0,5,0.0,1.0,0.486,0.994149923324585,0.13124193251132965,0,False
242,24.330084445886314,24.299999999999983,0.09999999999999432,162,-1.378273888889598,1.1593546634247478,-0.06806934587473971,1.607210430172301,0.2705879509449005,-0.003344866732722387,0.6429222030012008,-0.003344866732722387,0.0,-0.0,True,True,244,10.0,5,0.0,1.0,0.488,0.993943989276886,0.12077828496694565,0,False
243,24.430018585873768,24.400000000000006,0.09999999999999432,169,-1.3564853419584293,1.1581882973748543,-0.041491494779379794,1.6220416027059752,0.2730849087238312,-0.00329507718206244,0.6396271258191384,-0.00329507718206244,0.0,-0.0,True,True,245,10.0,5,0.0,1.0,0.49,0.9844366908073425,0.13771137595176697,0,False
244,24.530107254860923,24.5,0.10000000000002274,163,-1.3348467493638945,1.157569134084883,-0.013699104710088445,1.6365164404942294,0.2755218744277954,-0.0032159094368188466,0.6364112163823196,-0.0032159094368188466,0.0,-0.0,True,True,246,10.0,5,0.0,1.0,0.492,0.9958294630050659,0.13866324722766876,0,False
245,24.63014399399981,24.599999999999994,0.09999999999999432,161,-1.3130444019511758,1.1575536800761668,0.01365881873658631,1.6508013392949843,0.27792686223983765,-0.003173710236298997,0.6332375061460206,-0.003173710236298997,0.0,-0.0,True,True,247,10.0,5,0.0,1.0,0.494,0.9936831593513489,0.22699585556983948,0,False
246,24.730481329839677,24.69999999999999,0.09999999999999432,162,-1.2913027119078044,1.15822200446727,0.05431295173537014,1.6646989254166635,0.2802666425704956,-0.003087660049218509,0.6301498460968021,-0.003087660049218509,0.0,-0.0,True,True,248,10.0,5,0.0,1.0,0.496,0.9879265427589417,0.2491765022277832,0,False
247,24.830541028873995,24.799999999999983,0.09999999999999432,163,-1.26970574398667,1.1599000824436185,0.10269665547565686,1.6779192454002516,0.28249239921569824,-0.0029371902065448586,0.6272126558902573,-0.0029371902065448586,0.0,-0.0,True,True,249,10.0,5,0.0,1.0,0.498,0.9963690638542175,0.24051325023174286,0,False
248,24.931387722026557,24.919999999999987,0.10099999999999909,158,-1.2437812126974428,1.1633521346710138,0.16156368876476873,1.690522307928658,0.284614235162735,-0.002800052636915137,0.6244126032533421,-0.002800052636915137,0.0,-0.0,True,True,250,10.0,5,0.0,1.0,0.5,0.9986337423324585,0.21586649119853973,0,False
249,25.032606611028314,25.019999999999982,0.10099999999999909,139,-1.2222598339628588,1.1673511219353558,0.20504786997671898,1.7048445572665634,0.287025511264801,-0.003182008494742346,0.6212305947585998,-0.003182008494742346,0.0,-0.0,True,True,251,10.0,5,0.004,1.0,0.502,0.997954785823822,0.11241357773542404,0,False
250,25.13260411005467,25.120000000000005,0.09999999999999432,157,-1.200910573670654,1.1720520073459546,0.22551838832106613,1.71629594873004,0.2889534533023834,-0.0025441831135396015,0.6186864116450601,-0.0025441831135396015,0.0,-0.0,True,True,252,10.0,5,0.004,1.0,0.504,0.9975727796554565,0.12022605538368225,0,False
251,25.23240369092673,25.22,0.10000000000002274,162,-1.1796388113602954,1.1772451314825236,0.25089981727870625,1.7275448330157914,0.2908473014831543,-0.0024991916080459482,0.6161872200370142,-0.0024991916080459482,0.0,-0.0,True,True,253,10.0,5,0.004,1.0,0.506,0.9979342818260193,0.15454038977622986,0,False
252,25.3335647508502,25.319999999999993,0.10099999999999909,155,-1.1585211045048451,1.1830091435525028,0.28304771573492754,1.7384869472499715,0.2926895022392273,-0.0024310357697413464,0.6137561842672729,-0.0024310357697413464,0.0,-0.0,True,True,254,10.0,5,0.004,1.0,0.508,0.9973195791244507,0.0793607160449028,0,False
253,25.433690140023828,25.419999999999987,0.09999999999999432,159,-1.1375569370358924,1.1892125818375194,0.29404527683280834,1.7492194736358766,0.29449641704559326,-0.002384471134684966,0.6113717131325879,-0.002384471134684966,0.0,-0.0,True,True,255,10.0,5,0.004,1.0,0.51,0.9973733425140381,0.0969979465007782,0,False
254,25.533545640064403,25.519999999999982,0.09999999999999432,158,-1.116660593595363,1.19578762824802,0.31372660257993734,1.7598544637849578,0.2962869107723236,-0.0023628012749585836,0.6090089118576293,-0.0023628012749585836,0.0,-0.0,True,True,256,10.0,5,0.004,1.0,0.512,0.9991438984870911,0.11424458026885986,0,False
255,25.634065445046872,25.620000000000005,0.09999999999999432,158,-1.0958750430777566,1.2028044967876543,0.33739943405560524,1.770316154522332,0.2980482280254364,-0.002324298928911168,0.6066846129287181,-0.002324298928911168,0.0,-0.0,True,True,257,10.0,5,0.004,1.0,0.514,0.9975248575210571,0.2060604840517044,0,False
256,25.73410229384899,25.72,0.09999999999999432,160,-1.075377763396247,1.2104021367252606,0.3779383119195205,1.7803839829603718,0.2997432351112366,-0.0022367935969851197,0.604447819331733,-0.0022367935969851197,0.0,-0.0,True,True,258,10.0,5,0.004,1.0,0.516,0.9992942214012146,0.20293287932872772,0,False
257,25.834106833906844,25.819999999999993,0.10000000000002274,163,-1.0551693429474267,1.2188628551877367,0.41712304308774123,1.7898756218324192,0.3013412356376648,-0.0021087801788192157,0.6023390391529138,-0.0021087801788192157,0.0,-0.0,True,True,259,10.0,5,0.004,1.0,0.518,0.9916379451751709,0.1801784336566925,0,False
258,25.933696375926957,25.919999999999987,0.09999999999999432,161,-1.0354493986853646,1.228029980897248,0.4525744935783234,1.798752835517505,0.3028357923030853,-0.001972271861014634,0.6003667672918991,-0.001972271861014634,0.0,-0.0,True,True,260,10.0,5,0.004,1.0,0.52,0.9890649318695068,0.19795545935630798,0,False
259,26.03372289496474,26.019999999999982,0.09999999999999432,166,-1.0161466237052525,1.237898964841116,0.4926664725170954,1.8070774028661767,0.3042373061180115,-0.0018494890986447362,0.5985172781932544,-0.0018494890986447362,0.0,-0.0,True,True,261,10.0,5,0.004,1.0,0.522,0.9939730763435364,0.20509032905101776,0,False
260,26.13431197986938,26.120000000000005,0.09999999999999432,159,-0.9971607913064626,1.2485858859768508,0.5338040672918456,1.8148587057669125,0.3055473566055298,-0.0017287907329454398,0.596788487460309,-0.0017287907329454398,0.0,-0.0,True,True,262,10.0,5,0.004,1.0,0.524,0.9787455201148987,0.20285925269126892,0,False
261,26.234146520961076,26.22,0.09999999999999432,157,-0.9789109427288119,1.2598640721573275,0.5740294113543626,1.8219230907744781,0.30673670768737793,-0.0015695113647205667,0.5952189760955884,-0.0015695113647205667,0.0,-0.0,True,True,263,10.0,5,0.004,1.0,0.526,0.9846392869949341,0.19987936317920685,0,False
262,26.334321807837114,26.319999999999993,0.10000000000002274,158,-0.9610200523948322,1.2719375947283145,0.613791640218744,1.828438723814432,0.3078336715698242,-0.0014475938236101936,0.5937713822719782,-0.0014475938236101936,0.0,-0.0,True,True,264,10.0,5,0.004,1.0,0.528,0.9924631118774414,0.1448635458946228,0,False
263,26.433880171040073,26.419999999999987,0.09999999999999432,155,-0.9433419301241428,1.2847481053708945,0.6405015642912265,1.8345679292591286,0.30886557698249817,-0.0013617402777249845,0.5924096419942533,-0.0013617402777249845,0.0,-0.0,True,True,265,10.0,5,0.004,1.0,0.53,0.9983696341514587,0.14746268093585968,0,False
264,26.534199337940663,26.519999999999982,0.09999999999999432,162,-0.925982166921365,1.2981090763178058,0.6702182990318373,1.8403510669307024,0.3098392188549042,-0.0012848535703473205,0.5911247884239059,-0.0012848535703473205,0.0,-0.0,True,True,266,10.0,5,0.004,1.0,0.532,0.99862140417099,0.13325168192386627,0,False
265,26.634459655033424,26.620000000000005,0.09999999999999432,160,-0.9089924249743365,1.311957264059401,0.6970670480054176,1.8457899069967907,0.3107548952102661,-0.0012083601453603137,0.5899164282785456,-0.0012083601453603137,0.0,-0.0,True,True,267,10.0,5,0.004,1.0,0.534,0.9987263679504395,0.15361179411411285,0,False
266,26.734521223930642,26.72,0.09999999999999432,162,-0.8924052313462388,1.3262772885259635,0.7281702289146058,1.8508706421498213,0.31161028146743774,-0.0011287991177260134,0.5887876291608196,-0.0011287991177260134,0.0,-0.0,True,True,268,10.0,5,0.004,1.0,0.536,0.996741771697998,0.1828961819410324,0,False
267,26.834316004998982,26.819999999999993,0.10000000000002274,164,-0.8763454468398659,1.3411055259396658,0.7648176344618942,1.8554732550239748,0.3123851716518402,-0.0010225735440037088,0.5877650556168159,-0.0010225735440037088,0.0,-0.0,True,True,269,10.0,5,0.004,1.0,0.538,0.9973278045654297,0.1371545046567917,0,False
268,26.93468005186878,26.919999999999987,0.09999999999999432,170,-0.8607548935371581,1.356472710982852,0.7911926747481929,1.8596303167037802,0.31308504939079285,-0.0009235843662699,0.586841471250546,-0.0009235843662699,0.0,-0.0,True,True,270,10.0,5,0.004,1.0,0.54,0.9956550598144531,0.014529494568705559,0,False
269,27.035554183879867,27.019999999999982,0.10099999999999909,167,-0.8453694836372498,1.3721028686701862,0.7916922056552574,1.8637190499127796,0.31377342343330383,-0.0009084036659896563,0.5859330675845563,-0.0009084036659896563,0.0,-0.0,True,True,271,10.0,5,0.004,1.0,0.542,0.9982207417488098,-0.027963463217020035,0,False
270,27.13532700506039,27.120000000000005,0.09999999999999432,164,-0.8299342647559629,1.3877358085613916,0.7869478134548408,1.868096674480212,0.31451043486595154,-0.0009725873521484336,0.5849604802324079,-0.0009725873521484336,0.0,-0.0,True,True,272,10.0,5,0.004,1.0,0.544,0.9981818795204163,-0.03385625407099724,0,False
271,27.235680260928348,27.22,0.09999999999999432,168,-0.8143961782154311,1.4032678835257957,0.7815080309302058,1.8728626738273029,0.31531283259391785,-0.0010588735086633557,0.5839016067237445,-0.0010588735086633557,0.0,-0.0,True,True,273,10.0,5,0.004,1.0,0.546,0.9996357560157776,0.26277583837509155,0,False
272,27.335799959953874,27.319999999999993,0.09999999999999432,162,-0.7990945516573363,1.4189655923802302,0.8301217664219958,1.8775853040672759,0.31610792875289917,-0.0010492380900917132,0.5828523686336528,-0.0010492380900917132,0.0,-0.0,True,True,274,10.0,5,0.004,1.0,0.548,0.9995945692062378,0.23557960987091064,0,False
273,27.435718529857695,27.419999999999987,0.10000000000002274,166,-0.7846281638682715,1.4354195285366762,0.8729110452646428,1.8814467477516257,0.31675803661346436,-0.0008579062070265071,0.5819944624266262,-0.0008579062070265071,0.0,-0.0,True,True,275,10.0,5,0.004,1.0,0.55,0.999150812625885,0.22651976346969604,0,False
274,27.53553127986379,27.519999999999982,0.09999999999999432,160,-0.7709427674876523,1.4525117306629158,0.9172641355224386,1.884558702458276,0.31728196144104004,-0.000691390442813138,0.581303071983813,-0.000691390442813138,0.0,-0.0,True,True,276,10.0,5,0.004,1.0,0.552,0.953796923160553,-0.471156507730484,0,False
275,27.635838357033208,27.620000000000005,0.09999999999999432,165,-0.75755821886751,1.4700871905335071,0.8943718301158942,1.8874196473939349,0.31776362657546997,-0.0006356229998149267,0.5806674489839981,-0.0006356229998149267,0.0,-0.0,True,True,277,10.0,5,0.004,1.0,0.554,0.9982208609580994,-0.34056591987609863,0,False
276,27.736072164960206,27.72,0.09999999999999432,169,-0.7431016812061078,1.4867836952167455,0.8263422638157781,1.8918974634496475,0.3185175061225891,-0.0009948471354608512,0.5796726018485373,-0.0009948471354608512,0.0,-0.0,True,True,278,10.0,5,0.004,1.0,0.556,0.9994267225265503,-0.27359703183174133,0,False
277,27.835763136856258,27.819999999999993,0.09999999999999432,162,-0.7276581244586198,1.5025773014822454,0.770648279029985,1.8979185116516957,0.3195312023162842,-0.0013377107236545605,0.5783348911248828,-0.0013377107236545605,0.0,-0.0,True,True,279,10.0,5,0.004,1.0,0.558,0.9999992251396179,0.014853904955089092,0,False
278,27.93692316603847,27.919999999999987,0.10100000000002751,165,-0.7115559065164473,1.5176586140565693,0.7538985148517695,1.9050905228516186,0.32073867321014404,-0.001593422934073823,0.576741468190809,-0.001593422934073823,0.0,-0.0,True,True,280,10.0,5,0.004,1.0,0.56,1.0,0.25193819403648376,0,False
279,28.03689285600558,28.019999999999982,0.09999999999999432,161,-0.6958131072364055,1.5329352125891191,0.797577369539016,1.9120810918687023,0.3219155967235565,-0.0015531114890292956,0.5751883567017797,-0.0015531114890292956,0.0,-0.0,True,True,281,10.0,5,0.004,1.0,0.562,1.0,0.19468630850315094,0,False
280,28.13808423606679,28.120000000000005,0.10099999999999909,164,-0.680789739868282,1.548912066195976,0.8334251015245489,1.9183416437520984,0.32296961545944214,-0.0013909218311133524,0.5737974348706664,-0.0013909218311133524,0.0,-0.0,True,True,282,10.0,5,0.004,1.0,0.564,1.0,0.23300577700138092,0,False
281,28.238134333863854,28.22,0.09999999999999432,163,-0.6664602226254719,1.5654831648176923,0.8810153429183999,1.9239486497437452,0.3239136040210724,-0.0012457219724748138,0.5725517128981915,-0.0012457219724748138,0.0,-0.0,True,True,283,10.0,5,0.004,1.0,0.566,0.9999999403953552,0.02450866997241974,0,False
282,28.33850370091386,28.319999999999993,0.09999999999999432,161,-0.6525898440870485,1.5825574535986817,0.8868163025976602,1.9291589611678377,0.3247908055782318,-0.0011575873887236748,0.5713941255094679,-0.0011575873887236748,0.0,-0.0,True,True,284,10.0,5,0.004,1.0,0.568,0.9999998211860657,0.07574736326932907,0,False
283,28.438351450953633,28.419999999999987,0.09999999999999432,162,-0.6388806699441865,1.5997189361649928,0.9051798387386341,1.9344227316545815,0.3256770074367523,-0.0011694645169221915,0.5702246609925457,-0.0011694645169221915,0.0,-0.0,True,True,285,10.0,5,0.004,1.0,0.57,0.999959409236908,0.443928986787796,0,False
284,28.538219762034714,28.519999999999982,0.10000000000002274,161,-0.6257606543137055,1.6172142104242622,0.9732943652033788,1.9392469695169445,0.3264892101287842,-0.0010718124993166762,0.569152848493229,-0.0010718124993166762,0.0,-0.0,True,True,286,10.0,5,0.004,1.0,0.572,0.999993622303009,0.4376850724220276,0,False
285,28.638205660972744,28.620000000000005,0.09999999999999432,166,-0.614237723914198,1.6357623107287917,1.0568533372640068,1.9424228272753072,0.3270238935947418,-0.0007055879371166895,0.5684472605561123,-0.0007055879371166895,0.0,-0.0,True,True,287,10.0,5,0.004,1.0,0.574,0.9992961287498474,0.4301319718360901,0,False
286,28.73849279806018,28.72,0.09999999999999432,160,-0.6043528893242867,1.6552100979313942,1.1425902821841518,1.9439805747962697,0.32728615403175354,-0.00034608850379722614,0.568101172052315,-0.00034608850379722614,0.0,-0.0,True,True,288,10.0,5,0.004,1.0,0.576,0.9995608925819397,0.3172033131122589,0,False
287,28.838605685858056,28.819999999999993,0.09999999999999432,163,-0.5959020773525147,1.6753878244499976,1.2033742948955288,1.9441790105884287,0.32731956243515015,-4.408695599507273e-05,0.5680570850963199,-4.408695599507273e-05,0.0,-0.0,True,True,289,10.0,5,0.004,1.0,0.578,0.9372051358222961,0.7782446146011353,0,False
288,28.93866098485887,28.919999999999987,0.09999999999999432,160,-0.5892550593834949,1.6956183592644851,1.3290139165781076,1.9429232536664165,0.32710814476013184,0.00027899452794742814,0.5683360796242674,0.00027899452794742814,0.0,-0.0,True,True,290,10.0,5,0.004,1.0,0.58,1.0,-0.07068517804145813,0,False
289,29.038894003024325,29.019999999999982,0.10000000000002274,158,-0.5854721531836334,1.7156201189466052,1.410823436816415,1.9393006055963595,0.32649824023246765,0.000804852412523988,0.5691409320367914,0.000804852412523988,0.0,-0.0,True,True,291,10.0,5,0.004,1.0,0.582,0.9998491406440735,0.11613292992115021,0,False
290,29.13887453195639,29.120000000000005,0.09999999999999432,162,-0.5821794926677386,1.737328056601412,1.4328678148066716,1.9348399601667303,0.3257472515106201,0.00099103229627125,0.5701319643330627,0.00099103229627125,0.0,-0.0,True,True,292,10.0,5,0.004,1.0,0.584,1.0,0.04050017148256302,0,False
291,29.238545273896307,29.22,0.09999999999999432,162,-0.5792439900845133,1.7591193105210918,1.439212737767966,1.930253986868369,0.3249751627445221,0.0010188766895313246,0.5711508410225941,0.0010188766895313246,0.0,-0.0,True,True,293,10.0,5,0.004,1.0,0.586,0.910474419593811,0.3259696960449219,0,False
292,29.3388145910576,29.319999999999993,0.09999999999999432,167,-0.5769791758970818,1.77961397015855,1.4967029243793637,1.9256904946990034,0.3242068588733673,0.0010138820031697026,0.5721647230257637,0.0010138820031697026,0.0,-0.0,True,True,294,10.0,5,0.004,1.0,0.588,0.8483268022537231,0.2963407635688782,0,False
293,29.43908564792946,29.419999999999987,0.09999999999999432,163,-0.5760964633546086,1.7982289305986037,1.5521512636373624,1.9206125918141927,0.3233519494533539,0.0011281698659009226,0.5732928928916646,0.0011281698659009226,0.0,-0.0,True,True,295,10.0,5,0.004,1.0,0.59,0.8979048728942871,0.3094983994960785,0,False
294,29.539033867884427,29.519999999999982,0.10000000000002274,160,-0.5763311480939688,1.8179623514402514,1.613246074329802,1.9142976957843265,0.32228878140449524,0.001402995600507247,0.5746958884921719,0.001402995600507247,0.0,-0.0,True,True,296,10.0,5,0.004,1.0,0.592,0.9191639423370361,0.3690434694290161,0,False
295,29.63905749702826,29.620000000000005,0.09999999999999432,153,-0.577902055233154,1.8380863988659497,1.6876649891103215,1.9067741292916045,0.3210221230983734,0.001671528816862613,0.5763674173090345,0.001671528816862613,0.0,-0.0,True,True,297,10.0,5,0.004,1.0,0.594,0.9090085029602051,0.3632397949695587,0,False
296,29.739319893997163,29.72,0.09999999999999432,158,-0.5809210601982345,1.8577280909202005,1.759550971208334,1.8981852759146605,0.31957611441612244,0.0019082061595730735,0.5782756234686076,0.0019082061595730735,0.0,-0.0,True,True,298,10.0,5,0.004,1.0,0.596,0.9553436040878296,0.3721883296966553,0,False
297,29.839262473862618,29.819999999999993,0.09999999999999432,154,-0.5856041164893598,1.878110373998324,1.8342824054457822,1.8879622037748156,0.31785497069358826,0.002271284462647655,0.5805469079312553,0.002271284462647655,0.0,-0.0,True,True,299,10.0,5,0.004,1.0,0.598,0.9663125276565552,0.42264997959136963,0,False
298,29.939102194970474,29.919999999999987,0.09999999999999432,156,-0.5919346538566111,1.8982374527694916,1.9192174419764034,1.8763969905322506,0.31590786576271057,0.0025694711712602072,0.5831163791025155,0.0025694711712602072,0.0,-0.0,True,True,300,10.0,5,0.004,1.0,0.6,0.9983674883842468,0.3341483771800995,0,False
299,30.03897816501558,30.019999999999982,0.10000000000002274,161,-0.6000161932454272,1.9184995768219235,1.9823552861362634,1.863272436617849,0.3136982321739197,0.0029159136292091336,0.5860322927317246,0.0029159136292091336,0.0,-0.0,True,True,301,10.0,5,0.004,1.0,0.602,0.9999935626983643,0.3674403727054596,0,False
300,30.13907295302488,30.120000000000005,0.09999999999999432,161,-0.6094965217078816,1.9381932919889895,2.0561416528941066,1.8490992353950177,0.3113120496273041,0.0031488941174471602,0.5891811868491718,0.0031488941174471602,0.0,-0.0,True,True,302,10.0,5,0.004,1.0,0.604,0.9999955892562866,0.3459496796131134,0,False
301,30.239002323010936,30.22,0.09999999999999432,163,-0.6203548428759289,1.9571734042786961,2.1250656808184276,1.8339117281159232,0.308755099773407,0.0033742449273060837,0.5925554317764778,0.0033742449273060837,0.0,-0.0,True,True,303,10.0,5,0.004,1.0,0.606,0.9999934434890747,0.34926390647888184,0,False
302,30.33911706204526,30.319999999999993,0.09999999999999432,162,-0.6324956437085778,1.9753576604784098,2.1948463607643767,1.8177989542127295,0.3060423731803894,0.0035798136329138475,0.5961352454093917,0.0035798136329138475,0.0,-0.0,True,True,304,10.0,5,0.004,1.0,0.608,0.9999806880950928,0.34342512488365173,0,False
303,30.439167140983045,30.419999999999987,0.09999999999999432,162,-0.6458636799746083,1.9926632509845006,2.2631287649214307,1.8008103013625218,0.3031821846961975,0.0037744097598216755,0.5999096551692134,0.0037744097598216755,0.0,-0.0,True,True,305,10.0,5,0.004,1.0,0.61,0.9999866485595703,0.3132386803627014,0,False
304,30.53947752690874,30.519999999999982,0.10000000000002274,160,-0.6603465262210614,2.0090644509945275,2.32513943349874,1.7830381723159756,0.3001900911331177,0.003948476545936037,0.6038581317151493,0.003948476545936037,0.0,-0.0,True,True,306,10.0,5,0.004,1.0,0.612,0.9996817111968994,0.29869821667671204,0,False
305,30.639563225908205,30.620000000000005,0.09999999999999432,157,-0.6757995859129686,2.024552163477396,2.384752206873167,1.764604177589784,0.29708656668663025,0.004095524831810792,0.6079536565469601,0.004095524831810792,0.0,-0.0,True,True,307,10.0,5,0.004,1.0,0.614,0.9999826550483704,0.3048665523529053,0,False
306,30.739534654887393,30.72,0.09999999999999432,154,-0.6921553166783377,2.0390888161566276,2.4457732653056787,1.7455630153639443,0.293880820274353,0.00423042069181364,0.6121840772387738,0.00423042069181364,0.0,-0.0,True,True,308,10.0,5,0.004,1.0,0.616,0.9999940395355225,0.2730976939201355,0,False
307,30.839651793939993,30.819999999999993,0.09999999999999432,153,-0.7093340260955784,2.0526658461924803,2.4998762869813156,1.7259757564219491,0.29058313369750977,0.004351748309337978,0.6165358255481117,0.004351748309337978,0.0,-0.0,True,True,309,10.0,5,0.004,1.0,0.618,0.9999982118606567,0.27370819449424744,0,False
308,30.939784451853484,30.919999999999987,0.09999999999999432,160,-0.7272251586052649,2.0652866880923724,2.554701811058246,1.7059333873803635,0.28720882534980774,0.004452861211981493,0.6209886867600932,0.004452861211981493,0.0,-0.0,True,True,310,10.0,5,0.004,1.0,0.62,0.9975321888923645,0.20631855726242065,0,False
309,31.04040878592059,31.019999999999982,0.10099999999999909,163,-0.7456635104697305,2.076980514185735,2.595835484026995,1.6855773446334203,0.2837817072868347,0.004522550851609766,0.625511237611703,0.004522550851609766,0.0,-0.0,True,True,311,10.0,5,0.004,1.0,0.622,0.9982693791389465,0.10014978796243668,0,False
310,31.14045090484433,31.120000000000005,0.10000000000002274,159,-0.7645131252635046,2.088109128098375,2.61624124904497,1.664960379176716,0.28031066060066223,0.004580520675995796,0.6300917582876988,0.004580520675995796,0.0,-0.0,True,True,312,10.0,5,0.004,1.0,0.624,0.9961913824081421,0.16380715370178223,0,False
311,31.240626052953303,31.22,0.09999999999999432,166,-0.7836093891727525,2.0987293731808845,2.651163452806547,1.6442271137062308,0.27682003378868103,0.004606359329063381,0.6346981176167622,0.004606359329063381,0.0,-0.0,True,True,313,10.0,5,0.004,1.0,0.626,0.9983115792274475,0.17547088861465454,0,False
312,31.340811701025814,31.319999999999993,0.09999999999999432,163,-0.8030935623790656,2.1087194380794285,2.686308491212429,1.6232543445543974,0.2732890844345093,0.004659570436522222,0.6393576880532844,0.004659570436522222,0.0,-0.0,True,True,314,10.0,5,0.004,1.0,0.628,0.9987042546272278,0.13923344016075134,0,False
313,31.440859498921782,31.419999999999987,0.09999999999999432,160,-0.8229075450993926,2.118094125558503,2.713062053071365,1.6020896892306637,0.26972582936286926,0.004702202247671785,0.6440598903009562,0.004702202247671785,0.0,-0.0,True,True,315,10.0,5,0.004,1.0,0.63,0.9992008209228516,0.10910261422395706,0,False
314,31.54060509102419,31.519999999999982,0.09999999999999432,164,-0.8429690011705049,2.1269808594072153,2.734491685402937,1.5807862527641534,0.2661392092704773,0.004733035587100991,0.6487929258880573,0.004733035587100991,0.0,-0.0,True,True,316,10.0,5,0.004,1.0,0.632,0.996856689453125,0.10392722487449646,0,False
315,31.640710819046944,31.620000000000005,0.10000000000002274,163,-0.863163390042298,2.135426086293761,2.755468298430584,1.5594442266431465,0.2625460922718048,0.0047416091432177804,0.653534535031275,0.0047416091432177804,0.0,-0.0,True,True,317,10.0,5,0.004,1.0,0.634,0.9890339374542236,0.10746534168720245,0,False
316,31.740705258911476,31.72,0.09999999999999432,165,-0.8833652696671247,2.1433896650986837,2.777036683562737,1.538190354870485,0.2589678168296814,0.004722023680161999,0.658256558711437,0.004722023680161999,0.0,-0.0,True,True,318,10.0,5,0.004,1.0,0.636,0.9960343241691589,0.0005081518902443349,0,False
317,31.840708867879584,31.819999999999993,0.09999999999999432,159,-0.9038539418985988,2.151188005920681,2.7758412187285404,1.5166939701314917,0.25534871220588684,0.004775903367684987,0.6630324620791219,0.004775903367684987,0.0,-0.0,True,True,319,10.0,5,0.004,1.0,0.638,0.9918389320373535,0.05133629962801933,0,False
318,31.941167342942208,31.919999999999987,0.09999999999999432,163,-0.9242581342576304,2.1588567879266383,2.78760223358437,1.495314062423043,0.2517492175102234,0.004750025386378347,0.6677824874655003,0.004750025386378347,0.0,-0.0,True,True,320,10.0,5,0.004,1.0,0.64,0.9883876442909241,0.1064978688955307,0,False
319,32.040918075013906,32.01999999999998,0.09999999999999432,163,-0.9446859010226883,2.166186016224457,2.8093730665336314,1.473976992771421,0.24815693497657776,0.004740507952523872,0.6725229954180242,0.004740507952523872,0.0,-0.0,True,True,321,10.0,5,0.004,1.0,0.642,0.9899368286132812,0.07395988702774048,0,False
320,32.14128663088195,32.120000000000005,0.10000000000002274,161,-0.965294397145567,2.173153080479788,2.822720067802073,1.4525287565921667,0.24454593658447266,0.004765206086658492,0.6772882015046827,0.004765206086658492,0.0,-0.0,True,True,322,10.0,5,0.004,1.0,0.644,0.953364908695221,0.06543679535388947,0,False
321,32.24113805103116,32.22,0.09999999999999432,166,-0.9852290329283717,2.179587288176728,2.835418857016407,1.431837532603071,0.24106238782405853,0.0045970188722847805,0.6818852203769675,0.0045970188722847805,0.0,-0.0,True,True,323,10.0,5,0.004,1.0,0.646,0.9217734932899475,0.08535771816968918,0,False
322,32.3409462319687,32.31999999999999,0.09999999999999432,165,-1.0047644290611992,2.1856308771768855,2.8503381320542807,1.4116077028086786,0.23765651881694794,0.004494509817154363,0.6863797301941219,0.004494509817154363,0.0,-0.0,True,True,324,10.0,5,0.004,1.0,0.648,0.9117554426193237,0.09570823609828949,0,False
323,32.441410657949746,32.41999999999999,0.09999999999999432,162,-1.02398922972537,2.191201681344271,2.8688655332113258,1.391762353425142,0.23431538045406342,0.0044090888818989656,0.6907888190760209,0.0044090888818989656,0.0,-0.0,True,True,325,10.0,5,0.004,1.0,0.65,0.9044068455696106,0.10125408321619034,0,False
324,32.54124653805047,32.51999999999998,0.09999999999999432,163,-1.043166252373678,2.196361339807546,2.8889029722266732,1.372030117753639,0.23099328577518463,0.0043839581371345835,0.6951727772131554,0.0043839581371345835,0.0,-0.0,True,True,326,10.0,5,0.004,1.0,0.652,0.8948701620101929,0.08673124760389328,0,False
325,32.64106464898214,32.620000000000005,0.10000000000002274,159,-1.0622396762139867,2.2011155921250025,2.90570916672164,1.3524635697730019,0.22769908607006073,0.004347146905367062,0.6995199241185225,0.004347146905367062,0.0,-0.0,True,True,327,10.0,5,0.004,1.0,0.654,0.8626127243041992,0.08499737828969955,0,False
326,32.74124269699678,32.72,0.09999999999999432,158,-1.0807027192387813,2.205391801525831,2.9224257173287658,1.3335732258298738,0.22451873123645782,0.0041969130321277475,0.7037168371506503,0.0041969130321277475,0.0,-0.0,True,True,328,10.0,5,0.004,1.0,0.656,0.8561333417892456,0.050948791205883026,0,False
327,32.841356694931164,32.81999999999999,0.09999999999999432,153,-1.0990930342345167,2.2093890225753334,2.931995985144441,1.3147971462077435,0.22135761380195618,0.004171526653809477,0.7078883638044597,0.004171526653809477,0.0,-0.0,True,True,329,10.0,5,0.004,1.0,0.658,0.85697340965271,0.0827629417181015,0,False
328,32.941280064871535,32.91999999999999,0.09999999999999432,149,-1.117535793057611,2.213154675271536,2.94899928494639,1.296003718942766,0.21819357573986053,0.004175380821238134,0.7120637446256979,0.004175380821238134,0.0,-0.0,True,True,330,10.0,5,0.004,1.0,0.66,0.8535560369491577,0.07252128422260284,0,False
329,33.041401182999834,33.01999999999998,0.09999999999999432,156,-1.13596709579125,2.2166214760583687,2.9630061756028225,1.2772653438913135,0.21503880620002747,0.004163149738888016,0.7162268943645859,0.004163149738888016,0.0,-0.0,True,True,331,10.0,5,0.004,1.0,0.662,0.8559519052505493,0.07543552666902542,0,False
330,33.14166162000038,33.120000000000005,0.10000000000002274,151,-1.15449927618176,2.2198279182517813,2.9778208440570526,1.258464924464168,0.2118735909461975,0.0041769342866813585,0.7204038286512672,0.0041769342866813585,0.0,-0.0,True,True,332,10.0,5,0.004,1.0,0.664,0.8603860139846802,0.060062475502491,0,False
331,33.24169844901189,33.22,0.09999999999999432,154,-1.1731760768259523,2.2228005655806173,2.989414301221325,1.2395550201686458,0.20868994295597076,0.004201258802544776,0.7246050874538119,0.004201258802544776,0.0,-0.0,True,True,333,10.0,5,0.004,1.0,0.666,0.8535131812095642,0.07216613739728928,0,False
332,33.3416458889842,33.31999999999999,0.09999999999999432,160,-1.1917350591967035,2.2255117484002165,3.004081523195017,1.2207990319492006,0.20553220808506012,0.004167062898675282,0.7287721503524872,0.004167062898675282,0.0,-0.0,True,True,334,10.0,5,0.004,1.0,0.668,0.8539993166923523,0.07411015778779984,0,False
333,33.44277627905831,33.41999999999999,0.10099999999999909,163,-1.2103396584029478,2.2279515821066673,3.0187352846410334,1.2020367596346424,0.2023734152317047,0.004168459051162184,0.7329406094036494,0.004168459051162184,0.0,-0.0,True,True,335,10.0,5,0.004,1.0,0.67,0.8530125617980957,0.06324952840805054,0,False
334,33.543922228971496,33.51999999999998,0.10099999999999909,158,-1.2289633015160575,2.230133609558581,3.0309911546279524,1.1832926315383683,0.19921767711639404,0.004164427906657702,0.7371050373103071,0.004164427906657702,0.0,-0.0,True,True,336,10.0,5,0.004,1.0,0.672,0.8496401906013489,0.09839042276144028,0,False
335,33.643828409025446,33.620000000000005,0.09999999999999432,164,-1.2475241636624026,2.2320179922003267,3.051046576450128,1.1646538284165227,0.19607967138290405,0.0041410276044123685,0.7412460649147194,0.0041410276044123685,0.0,-0.0,True,True,337,10.0,5,0.004,1.0,0.674,0.8516623377799988,0.08861615508794785,0,False
336,33.74380387784913,33.72,0.09999999999999432,172,-1.2661664215737176,2.2335571614170875,3.068176745317673,1.1459851094616043,0.19293662905693054,0.00414767407681478,0.7453937389915343,0.00414767407681478,0.0,-0.0,True,True,338,10.0,5,0.004,1.0,0.676,0.8620196580886841,0.1040303185582161,0,False
337,33.84408179484308,33.81999999999999,0.10000000000002274,170,-1.2850519293271698,2.2347564153904504,3.088912402128724,1.127126717044332,0.18976165354251862,0.0041898142849760706,0.7495835532765104,0.0041898142849760706,0.0,-0.0,True,True,339,10.0,5,0.004,1.0,0.678,0.8644017577171326,0.02084541879594326,0,False
338,33.94410688383505,33.91999999999999,0.09999999999999432,172,-1.3043092481262686,2.2357386584018233,3.090751165548081,1.1079350020609267,0.18653056025505066,0.004263869359140826,0.7538474226356512,0.004263869359140826,0.0,-0.0,True,True,340,10.0,5,0.004,1.0,0.68,0.8787617683410645,0.058323055505752563,0,False
339,34.04447037097998,34.01999999999998,0.09999999999999432,161,-1.3236108286463422,2.2365886982230663,3.10345933646919,1.088722576116163,0.18329598009586334,0.00426847076311179,0.758115893398763,0.00426847076311179,0.0,-0.0,True,True,341,10.0,5,0.004,1.0,0.682,0.8808461427688599,0.08230730891227722,0,False
340,34.14443531003781,34.120000000000005,0.09999999999999432,158,-1.3429574798292778,2.2371790920100563,3.1201860250004687,1.069508999562435,0.1800612062215805,0.004268726396665728,0.7623846197954287,0.004268726396665728,0.0,-0.0,True,True,342,10.0,5,0.004,1.0,0.684,0.873616635799408,0.07293810695409775,0,False
341,34.24446202884428,34.22,0.09999999999999432,165,-1.3621488074810093,2.2374663309629836,3.1342649873309796,1.0505009394714158,0.17686103284358978,0.004223066311107927,0.7666076861065366,0.004223066311107927,0.0,-0.0,True,True,343,10.0,5,0.004,1.0,0.686,0.8782976865768433,0.12775039672851562,0,False
342,34.34430807991885,34.31999999999999,0.10000000000002274,169,-1.3814009146925077,2.2373779865307313,-3.123194635300779,1.031498897950364,0.17366187274456024,0.004221729150979584,0.7708294152575162,0.004221729150979584,0.0,-0.0,True,True,344,10.0,5,0.004,1.0,0.688,0.8396131992340088,0.13936226069927216,0,False
343,34.44441670784727,34.41999999999999,0.09999999999999432,169,-1.3997831047784843,2.2368055421840656,-3.095958988059567,1.0134427455063877,0.17062196135520935,0.004011578705520457,0.7748409939630367,0.004011578705520457,0.0,-0.0,True,True,345,10.0,5,0.004,1.0,0.69,0.8387783765792847,0.16384759545326233,0,False
344,34.54442879697308,34.51999999999998,0.09999999999999432,173,-1.4180994533960165,2.23568801150417,-3.0634804466606056,0.9955536968873874,0.16761018335819244,0.003974452847840366,0.7788154468108771,0.003974452847840366,0.0,-0.0,True,True,346,10.0,5,0.004,1.0,0.692,0.8172571063041687,0.056963831186294556,0,False
345,34.64488325291313,34.620000000000005,0.09999999999999432,168,-1.4362606878529676,2.2342823039665753,-3.062383885610533,0.9778833524799948,0.16463522613048553,0.003925862808472042,0.7827413096193492,0.003925862808472042,0.0,-0.0,True,True,347,10.0,5,0.004,1.0,0.694,0.821632981300354,0.23777782917022705,0,False
346,34.74485741206445,34.72,0.09999999999999432,167,-1.4540524614768473,2.232469898117577,-3.0140403181097826,0.9606680296638108,0.1617368757724762,0.0038247695699480553,0.7865660791892972,0.0038247695699480553,0.0,-0.0,True,True,348,10.0,5,0.004,1.0,0.696,0.8058541417121887,0.127916619181633,0,False
347,34.84495751094073,34.81999999999999,0.10000000000002274,170,-1.471625967869902,2.229992082285553,-2.9907275091379586,0.9438119623696488,0.15889900922775269,0.003744952908759818,0.7903110320980571,0.003744952908759818,0.0,-0.0,True,True,349,10.0,5,0.004,1.0,0.698,0.9463894963264465,-0.41788169741630554,0,False
348,34.94471553200856,34.91999999999999,0.09999999999999432,165,-1.490168123828202,2.2273206515381405,-3.0328510528599044,0.926073555016596,0.1559125930070877,0.003940984516393628,0.7942520166144507,0.003940984516393628,0.0,-0.0,True,True,350,10.0,5,0.004,1.0,0.7,0.8300928473472595,0.1837143450975418,0,False
349,35.04501506895758,35.01999999999998,0.09999999999999432,171,-1.5098286854266878,2.22547702395828,-3.0375906644486457,0.9071180689044094,0.15272127091884613,0.004211385824104764,0.7984634024385554,0.004211385824104764,0.0,-0.0,True,True,351,10.0,5,0.004,1.0,0.702,0.8515601754188538,0.1955416053533554,0,False
350,35.14505462697707,35.120000000000005,0.09999999999999432,168,-1.5283647332101027,2.2231929056699142,-2.9991112303656022,0.8893867422219065,0.14973604679107666,0.003939411386830901,0.8024028138253863,0.003939411386830901,0.0,-0.0,True,True,352,10.0,5,0.004,1.0,0.704,0.8498868942260742,0.16697779297828674,0,False
351,35.24517540587112,35.22,0.09999999999999432,174,-1.5467913428319566,2.220229360688358,-2.965698964209956,0.8719418286631442,0.14679904282093048,0.003875778296019103,0.8062785921214054,0.003875778296019103,0.0,-0.0,True,True,353,10.0,5,0.004,1.0,0.706,0.8477189540863037,0.09955568611621857,0,False
352,35.34527094406076,35.31999999999999,0.10000000000002274,169,-1.5650670198723784,2.2167814641713166,-2.9468562774023157,0.8547994367536234,0.14391297101974487,0.003808566335452113,0.8100871584568575,0.003808566335452113,0.0,-0.0,True,True,354,10.0,5,0.004,1.0,0.708,0.847690761089325,0.06523045152425766,0,False
353,35.4453033329919,35.41999999999999,0.09999999999999432,168,-1.5833227052585888,2.2130190351624224,-2.9331289300257133,0.8378088367190146,0.1410524547100067,0.003774842370451389,0.8138620008273089,0.003774842370451389,0.0,-0.0,True,True,355,10.0,5,0.004,1.0,0.71,0.8575400710105896,-0.04982683062553406,0,False
354,35.5450416340027,35.51999999999998,0.09999999999999432,167,-1.6017551988835215,2.20916532299654,-2.9431567326579713,0.8207391101910114,0.13817861676216125,0.003792422093314754,0.8176544229206236,0.003792422093314754,0.0,-0.0,True,True,356,10.0,5,0.004,1.0,0.712,0.8645366430282593,-0.09237362444400787,0,False
355,35.645272051915526,35.620000000000005,0.09999999999999432,171,-1.6204471510004426,2.2055375625094045,-2.960618948604788,0.8034415630880675,0.13526642322540283,0.0038430375369950956,0.8214974604576187,0.0038430375369950956,0.0,-0.0,True,True,357,10.0,5,0.004,1.0,0.714,0.8592715859413147,-0.10795246809720993,0,False
356,35.74517599190585,35.72,0.09999999999999432,165,-1.6390967825674512,2.2023097116217882,-2.9814012895301736,0.7861648154548637,0.13235773146152496,0.003838416468904603,0.8253358769265233,0.003838416468904603,0.0,-0.0,True,True,358,10.0,5,0.004,1.0,0.716,0.8802363276481628,-0.02714260295033455,0,False
357,35.84546414902434,35.81999999999999,0.10000000000002274,167,-1.6581639286979473,2.199240092189695,-2.9824524853764975,0.7685214661039425,0.12938731908798218,0.003919865252014176,0.8292557421785375,0.003919865252014176,0.0,-0.0,True,True,359,10.0,5,0.004,1.0,0.718,0.8907063007354736,-0.017620617523789406,0,False
358,35.94519094005227,35.91999999999999,0.09999999999999432,165,-1.6775191725976217,2.1962059095197923,-2.986404484131206,0.7506733968657492,0.12638244032859802,0.003965348360496175,0.8332210905390337,0.003965348360496175,0.0,-0.0,True,True,360,10.0,5,0.004,1.0,0.72,0.8912760019302368,-0.01936274953186512,0,False
359,36.04522709897719,36.01999999999998,0.09999999999999432,167,-1.6969005903950785,2.193231646201588,-2.991291102025626,0.7328723698325215,0.1233854815363884,0.003954896880963865,0.8371759874199975,0.003954896880963865,0.0,-0.0,True,True,361,10.0,5,0.004,1.0,0.722,0.9017302989959717,-0.07250982522964478,0,False
360,36.145452996948734,36.120000000000005,0.09999999999999432,164,-1.7165094931558826,2.190393654259701,-3.006656663742492,0.7149084431224566,0.1203610971570015,0.003991088692966096,0.8411670761129636,0.003991088692966096,0.0,-0.0,True,True,362,10.0,5,0.004,1.0,0.724,0.9905927181243896,-0.010657069273293018,0,False
361,36.24542265594937,36.22,0.09999999999999432,161,-1.7379731460443504,2.1875153093580297,-3.008524146310393,0.695290781551288,0.11705829203128815,0.004358502934397904,0.8455255790473615,0.004358502934397904,0.0,-0.0,True,True,363,10.0,5,0.004,1.0,0.726,0.9854764342308044,0.0012979090679436922,0,False
362,36.34571248292923,36.31999999999999,0.10000000000002274,160,-1.7594615899308608,2.1846528785176753,-3.008765962534269,0.6757690630660695,0.11377163976430893,0.004337187028823123,0.8498627660761846,0.004337187028823123,0.0,-0.0,True,True,364,10.0,5,0.004,1.0,0.728,0.9868754148483276,-0.05495839565992355,0,False
363,36.445822360925376,36.41999999999999,0.09999999999999432,164,-1.7810160714192553,2.1818870343657304,-3.0208547805614714,0.6562883239616583,0.11049188673496246,0.004328082541478907,0.8541908486176635,0.004328082541478907,0.0,-0.0,True,True,365,10.0,5,0.004,1.0,0.73,0.9976243376731873,0.010658307932317257,0,False
364,36.545912619913,36.51999999999998,0.09999999999999432,165,-1.8028073658769124,2.1791738924724284,-3.0160019062467827,0.6367128366344521,0.10719618201255798,0.004349132981439975,0.8585399815991035,0.004349132981439975,0.0,-0.0,True,True,366,10.0,5,0.004,1.0,0.732,0.9977278113365173,-0.02911076880991459,0,False
365,36.64552257186733,36.620000000000005,0.09999999999999432,163,-1.8246072381162786,2.176507480461333,-3.022441183131083,0.6172728113857023,0.10392328351736069,0.004319037046493299,0.8628590186455968,0.004319037046493299,0.0,-0.0,True,True,367,10.0,5,0.004,1.0,0.734,0.9972791075706482,-0.029078802093863487,0,False
366,36.745956647908315,36.72,0.09999999999999432,165,-1.8464110301134593,2.173966954273045,-3.0287074784809223,0.5979562553296653,0.10067117214202881,0.004291605599743435,0.8671506242453402,0.004291605599743435,0.0,-0.0,True,True,368,10.0,5,0.004,1.0,0.736,0.9979739785194397,0.2146243005990982,0,False
367,36.84601249592379,36.81999999999999,0.10000000000002274,163,-1.8681125302143553,2.171119161867862,-2.9842521319141984,0.579042943461441,0.0974869504570961,0.004202015871146859,0.871352640116487,0.004202015871146859,0.0,-0.0,True,True,369,10.0,5,0.004,1.0,0.738,0.9988366961479187,0.21087081730365753,0,False
368,36.94564250903204,36.91999999999999,0.09999999999999432,163,-1.8896812775776188,2.167328381829622,-2.945039985252812,0.5608576130341212,0.09442529082298279,0.004040278487980231,0.8753929186044673,0.004040278487980231,0.0,-0.0,True,True,370,10.0,5,0.004,1.0,0.74,0.9986896514892578,0.08020715415477753,0,False
369,37.046043124981225,37.01999999999998,0.09999999999999432,166,-1.911190742787919,2.162882176421559,-2.9338364581271397,0.5432856899473714,0.09146690368652344,0.003903996307550282,0.8792969149120176,0.003903996307550282,0.0,-0.0,True,True,371,10.0,5,0.004,1.0,0.742,0.9989386200904846,0.029603203758597374,0,False
370,37.145911894971505,37.120000000000005,0.09999999999999432,162,-1.9326586821984437,2.1582304535502623,-2.9281126823176757,0.5261752938178976,0.0885862186551094,0.0038014577562405856,0.8830983726682582,0.0038014577562405856,0.0,-0.0,True,True,372,10.0,5,0.004,1.0,0.744,0.9984264373779297,-0.06781168282032013,0,False
371,37.24585575493984,37.22,0.09999999999999432,164,-1.9541726308357779,2.153633444769376,-2.9397870768759438,0.5093706941477947,0.08575701713562012,0.00373351822325084,0.886831890891509,0.00373351822325084,0.0,-0.0,True,True,373,10.0,5,0.004,1.0,0.746,0.9986855983734131,-0.09337405860424042,0,False
372,37.34619224094786,37.31999999999999,0.10000000000002274,163,-1.9757652041206901,2.149399283586816,-2.957394475086128,0.4927229313303705,0.08295422047376633,0.0036986734034367033,0.8905305642949457,0.0036986734034367033,0.0,-0.0,True,True,374,10.0,5,0.004,1.0,0.748,0.9991130828857422,-0.007576469797641039,0,False
373,37.44615045096725,37.41999999999999,0.09999999999999432,156,-1.997372872457372,2.1453387945499935,-2.9544840099224965,0.4764041541683678,0.08020681142807007,0.0036255818711290635,0.8941561461660748,0.0036255818711290635,0.0,-0.0,True,True,375,10.0,5,0.004,1.0,0.75,0.9981018304824829,-0.23695367574691772,0,False
374,37.54597014095634,37.51999999999998,0.09999999999999432,160,-2.019111200193223,2.1416574121032608,-3.0007505636310894,0.4602359740181218,0.07748475670814514,0.0035921233717420772,0.8977482695378168,0.0035921233717420772,0.0,-0.0,True,True,376,10.0,5,0.004,1.0,0.752,0.9974315166473389,-0.14512264728546143,0,False
375,37.64616011898033,37.620000000000005,0.09999999999999432,159,-2.0409240544527725,2.1388505004281546,-3.0266062996931975,0.4439984032964874,0.07475101947784424,0.003607540041456693,0.9013558095792735,0.003607540041456693,0.0,-0.0,True,True,377,10.0,5,0.004,1.0,0.754,0.9992400407791138,-0.16339944303035736,0,False
376,37.7460637090262,37.72,0.09999999999999432,162,-2.0628626310755043,2.1366964454445925,-3.059552313354188,0.42777375479860646,0.07201945781707764,0.003604669080004728,0.9049604786592782,0.003604669080004728,0.0,-0.0,True,True,378,10.0,5,0.004,1.0,0.756,0.9985018968582153,-0.32693397998809814,0,False
377,37.84612237801775,37.81999999999999,0.10000000000002274,161,-2.0849098367472814,2.1355192505548493,-3.1248396664901033,0.4113780195985653,0.06925909221172333,0.003642679823063822,0.9086031584823421,0.003642679823063822,0.0,-0.0,True,True,379,10.0,5,0.004,1.0,0.758,0.9986045956611633,-0.38737088441848755,0,False
378,37.94733558688313,37.91999999999999,0.10099999999999909,163,-2.1070040579497795,2.1358697383077754,3.084824998379886,0.39447614921678403,0.066413514316082,0.0037551290906186387,0.9123582875729607,0.0037551290906186387,0.0,-0.0,True,True,380,10.0,5,0.004,1.0,0.76,0.996367335319519,-0.4076443612575531,0,False
379,38.04708283790387,38.01999999999998,0.09999999999999432,165,-2.128967131405196,2.137959641993362,3.0052665698433367,0.37699330981638923,0.06347012519836426,0.003884204371239384,0.9162424919442,0.003884204371239384,0.0,-0.0,True,True,381,10.0,5,0.004,1.0,0.762,0.9969392418861389,-0.4362212121486664,0,False
380,38.14729101606645,38.120000000000005,0.09999999999999432,159,-2.1507007656314086,2.141886051191695,2.9190562878369923,0.35884944556597687,0.060415446758270264,0.004031065847978575,0.9202735577921786,0.004031065847978575,0.0,-0.0,True,True,382,10.0,5,0.004,1.0,0.764,0.9998264908790588,-0.33404144644737244,0,False
381,38.24762811185792,38.22,0.09999999999999432,162,-2.1721189366943263,2.147401186694716,2.857977696930812,0.34019984442154283,0.057275623083114624,0.004143426626995491,0.9244169844191741,0.004143426626995491,0.0,-0.0,True,True,383,10.0,5,0.004,1.0,0.766,0.999702513217926,-0.3706323206424713,0,False
382,38.34871019190177,38.31999999999999,0.10099999999999909,164,-2.193116024864839,2.154387392971509,2.784007936742256,0.32113319178172384,0.054065585136413574,0.004236083958239384,0.9286530683774135,0.004236083958239384,0.0,-0.0,True,True,384,10.0,5,0.004,1.0,0.768,0.9993144273757935,-0.46899375319480896,0,False
383,38.44842551392503,38.41999999999999,0.10000000000002274,164,-2.2135070757179407,2.163043211335086,2.690823644684839,0.3015429235547449,0.05076739192008972,0.00435241688940215,0.9330054852668156,0.00435241688940215,0.0,-0.0,True,True,385,10.0,5,0.004,1.0,0.77,0.996694803237915,-0.4537259340286255,0,False
384,38.54842008301057,38.51999999999998,0.09999999999999432,167,-2.232966090216366,2.173501484137438,2.602448080097605,0.281428331673551,0.047380924224853516,0.004468907133521175,0.9374743924003368,0.004468907133521175,0.0,-0.0,True,True,386,10.0,5,0.004,1.0,0.772,0.9984953999519348,-0.38446134328842163,0,False
385,38.648628829978406,38.620000000000005,0.09999999999999432,165,-2.2514944947100375,2.185561451960659,2.5276757641155188,0.26084050760157834,0.043914783746004105,0.004574046264639248,0.942048438664976,0.004574046264639248,0.0,-0.0,True,True,387,10.0,5,0.004,1.0,0.774,0.9832402467727661,-0.36268875002861023,0,False
386,38.74856084003113,38.72,0.09999999999999432,163,-2.268806769753327,2.198743993376267,2.4557677094533634,0.24024080127933922,0.04044664278626442,0.004576686172686679,0.9466251248376627,0.004576686172686679,0.0,-0.0,True,True,388,10.0,5,0.004,1.0,0.776,0.9838000535964966,-0.16410253942012787,0,False
387,38.84887681691907,38.81999999999999,0.09999999999999432,167,-2.28537743914001,2.2129917281480553,2.418367125522848,0.21934089665288276,0.0369279608130455,0.004643381950115907,0.9512685067877786,0.004643381950115907,0.0,-0.0,True,True,389,10.0,5,0.004,1.0,0.778,0.9476332664489746,-0.5622345805168152,0,False
388,38.93999371887185,38.91999999999999,0.0,146,-2.3010083353062387,2.2279229495480686,2.3190066322705634,0.19851916705471553,0.03342244029045105,1.5046260136165375,2.455894520404316,0.004626013616537553,1.5,-0.0,True,True,390,10.0,5,0.004,1.0,0.78,0.8919520378112793,-0.659188985824585,1,True
