ppo_step,t_wall_s,t_sim_s,ppo_step_sim_dt,inner_ticks,x,y,yaw,goal_distance_m,goal_distance_norm,ppo_reward,ppo_reward_cumulative,navigation_reward,terminal_reward,frame_cost_reward,fresh_observation,frame_consumed,episode_frame_count,current_fps,scan_divisor_k,obs_age_ratio,fps_ratio,frame_count_ratio,action_linear,action_angular,outcome,done
1,0.08926127618178725,0.0800000000000125,0.09999999999999432,84,1.888011271522795,-0.3560203616565766,-0.33607134272126754,2.358680402474906,0.39710450172424316,-0.0016597585858998231,-0.0016597585858998231,-0.0016597585858998231,0.0,-0.0,False,False,1,10.0,5,0.016,1.0,0.002,0.9877719879150391,0.30471307039260864,0,False
2,0.28995526395738125,0.2600000000000193,0.1740000000000066,327,1.924700001084651,-0.3668994073996733,-0.24116221261046714,2.3680968092223615,0.3986898362636566,-0.006498861269846562,-0.008158619855746384,-0.003998861269846561,0.0,-0.0025,True,True,2,1.0,50,0.032,0.1,0.004,0.9689289927482605,0.2610977292060852,0,False
3,0.3903873930685222,0.36000000000001364,0.09999999999999432,162,1.9454127805342358,-0.3714276732228147,-0.18959385304760215,2.3720557891435354,0.3993563652038574,-0.0016812582441981143,-0.009839878099944499,-0.0016812582441981143,0.0,-0.0,False,False,2,1.0,50,0.052,0.1,0.004,0.9649153351783752,0.26864534616470337,0,False
4,0.49042169423773885,0.46000000000000796,0.09999999999999432,162,1.9662392521484051,-0.37484095716261545,-0.13534615025095648,2.3750808286191867,0.39986565709114075,-0.001284642170136436,-0.011124520270080936,-0.001284642170136436,0.0,-0.0,False,False,2,1.0,50,0.072,0.1,0.004,0.9610098600387573,0.27634480595588684,0,False
5,0.5902774468995631,0.5600000000000023,0.09999999999999432,160,1.9871411103025984,-0.3771079446733556,-0.0797145596966581,2.377142719883297,0.4002127945423126,-0.0008756224470564552,-0.012000142717137391,-0.0008756224470564552,0.0,-0.0,False,False,2,1.0,50,0.092,0.1,0.004,0.9584569931030273,0.28360065817832947,0,False
6,0.6903443592600524,0.660000000000025,0.10000000000002274,161,2.00807221057022,-0.378198538945515,-0.02281726673266115,2.378212255169849,0.4003928601741791,-0.00045419907495835985,-0.01245434179209575,-0.00045419907495835985,0.0,-0.0,False,False,2,1.0,50,0.112,0.1,0.004,0.9549804925918579,0.29613053798675537,0,False
7,0.7903842399828136,0.7600000000000193,0.09999999999999432,162,2.028947044652917,-0.37807182895752617,0.036745762793235284,2.3782480125561256,0.4003988802433014,-1.5185073343600986e-05,-0.012469526865439352,-1.5185073343600986e-05,0.0,-0.0,False,False,2,1.0,50,0.132,0.1,0.004,0.9509133696556091,0.31109386682510376,0,False
8,0.8905271212570369,0.8600000000000136,0.09999999999999432,162,2.049679302325046,-0.37667816830361067,0.09930822220346128,2.3771974180632944,0.4002220034599304,0.0004461554965042162,-0.012023371368935136,0.0004461554965042162,0.0,-0.0,False,False,2,1.0,50,0.152,0.1,0.004,0.9457351565361023,0.3289792835712433,0,False
9,0.990364664234221,0.960000000000008,0.09999999999999432,163,2.0701502996070222,-0.37397258892815277,0.1655656932357397,2.3750087827963418,0.39985352754592896,0.0009294467664326677,-0.011093924602502468,0.0009294467664326677,0.0,-0.0,False,False,2,1.0,50,0.172,0.1,0.004,0.9381887316703796,0.34751713275909424,0,False
10,1.090346806216985,1.0600000000000023,0.09999999999999432,163,2.090212802215884,-0.36991759075577796,0.23563491795755237,2.3716339581955292,0.39928534626960754,0.001433185263833377,-0.00966073933866909,0.001433185263833377,0.0,-0.0,False,False,2,1.0,50,0.192,0.1,0.004,0.9291456937789917,0.3727588653564453,0,False
11,1.1905751060694456,1.160000000000025,0.10000000000002274,163,2.1101948108641944,-0.36436758530975766,0.2961323282048233,2.3669341631180796,0.39849409461021423,-0.000504140112521448,-0.010164879451190538,0.001995859887478552,0.0,-0.0025,True,True,3,1.0,50,0.012,0.1,0.006,0.9978039860725403,-0.19972914457321167,0,False
12,1.2907063872553408,1.2600000000000193,0.09999999999999432,163,2.1313335074475765,-0.35849431506734714,0.24890242664152812,2.362148160876685,0.3976883292198181,0.0020324694454901477,-0.008132410005700391,0.0020324694454901477,0.0,-0.0,False,False,3,1.0,50,0.032,0.1,0.006,0.9976325035095215,-0.19494758546352386,0,False
13,1.3906887779012322,1.3600000000000136,0.09999999999999432,161,2.152761478123465,-0.3534375028431076,0.21003071671453344,2.358390094982363,0.39705562591552734,0.0015959361736787477,-0.0065364738320216435,0.0015959361736787477,0.0,-0.0,False,False,3,1.0,50,0.052,0.1,0.006,0.9974534511566162,-0.18690575659275055,0,False
14,1.490441971924156,1.460000000000008,0.09999999999999432,161,2.174358228456941,-0.34920673305875793,0.17438823307897147,2.3556682852230084,0.39659738540649414,0.0011558697412379557,-0.005380604090783688,0.0011558697412379557,0.0,-0.0,False,False,3,1.0,50,0.072,0.1,0.006,0.9973560571670532,-0.18750639259815216,0,False
15,1.5907434509135783,1.5600000000000023,0.09999999999999432,164,2.196099156884707,-0.3457763440271491,0.1371278223679425,2.353958657318752,0.3963095545768738,0.0007260269225336697,-0.004654577168250018,0.0007260269225336697,0.0,-0.0,False,False,3,1.0,50,0.092,0.1,0.006,0.9973886013031006,-0.19988906383514404,0,False
16,1.690817222930491,1.660000000000025,0.10000000000002274,163,2.21796562160672,-0.34319496566417307,0.09686663782827275,2.3533107759634424,0.3962004780769348,0.000275135487313436,-0.004379441680936582,0.000275135487313436,0.0,-0.0,False,False,3,1.0,50,0.112,0.1,0.006,0.9976319074630737,-0.21067528426647186,0,False
17,1.790605905931443,1.7600000000000193,0.09999999999999432,163,2.2399284933190033,-0.3415159593049368,0.05459249153386563,2.3537763300520935,0.39627885818481445,-0.00019770664798743196,-0.0045771483289240135,-0.00019770664798743196,0.0,-0.0,False,False,3,1.0,50,0.132,0.1,0.006,0.9977548718452454,-0.21612633764743805,0,False
18,1.8907906860113144,1.8600000000000136,0.09999999999999432,164,2.261947016976254,-0.34077582074835383,0.011214651463222187,2.3553870055854165,0.3965500295162201,-0.000684004863132636,-0.005261153192056649,-0.000684004863132636,0.0,-0.0,False,False,3,1.0,50,0.152,0.1,0.006,0.9978592991828918,-0.22346626222133636,0,False
19,1.9905571001581848,1.960000000000008,0.09999999999999432,162,2.2839813547312344,-0.34100508991845724,-0.03359115833686728,2.358166699826516,0.3970180153846741,-0.0011804515183832956,-0.006441604710439945,-0.0011804515183832956,0.0,-0.0,False,False,3,1.0,50,0.172,0.1,0.006,0.9979636669158936,-0.23097194731235504,0,False
20,2.0905998912639916,2.0600000000000023,0.09999999999999432,161,2.305987113295764,-0.34224122718011346,-0.07988443611705554,2.362143558440828,0.39768755435943604,-0.001688850780869726,-0.008130455491309672,-0.001688850780869726,0.0,-0.0,False,False,3,1.0,50,0.192,0.1,0.006,0.9979836344718933,-0.23713739216327667,0,False
21,2.1909918701276183,2.160000000000025,0.10000000000002274,160,2.3272125307978966,-0.3444267839570065,-0.1285783857489941,2.3671511856704317,0.39853063225746155,-0.004626586830767752,-0.012757042322077423,-0.0021265868307677517,0.0,-0.0025,True,True,4,1.0,50,0.012,0.1,0.008,0.8850809335708618,-0.3410579562187195,0,False
22,2.2910784310661256,2.2600000000000193,0.09999999999999432,163,2.346537927363205,-0.3476208375330881,-0.19921240275161506,2.3730596512107374,0.39952537417411804,-0.0025091454359419695,-0.015266187758019393,-0.0025091454359419695,0.0,-0.0,False,False,4,1.0,50,0.032,0.1,0.008,0.8821382522583008,-0.34918054938316345,0,False
23,2.391024042852223,2.3600000000000136,0.09999999999999432,164,2.365519753331856,-0.3521229649622879,-0.26960434828009366,2.380354335027936,0.4007534980773926,-0.003097830135710187,-0.01836401789372958,-0.003097830135710187,0.0,-0.0,False,False,4,1.0,50,0.052,0.1,0.008,0.8761407136917114,-0.3774317502975464,0,False
24,2.491229623090476,2.460000000000008,0.09999999999999432,163,2.3839987479518157,-0.35796497395444843,-0.34602930786559805,2.3890278024179508,0.4022137522697449,-0.00368335754300106,-0.02204737543673064,-0.00368335754300106,0.0,-0.0,False,False,4,1.0,50,0.072,0.1,0.008,0.8679491281509399,-0.4141610562801361,0,False
25,2.5909249070100486,2.5600000000000023,0.09999999999999432,162,2.401787030149907,-0.36520548820301574,-0.42981533343867945,2.3990894352692593,0.4039077162742615,-0.004272869152703668,-0.026320244589434307,-0.004272869152703668,0.0,-0.0,False,False,4,1.0,50,0.092,0.1,0.008,0.8567431569099426,-0.4578755497932434,0,False
26,2.691226155962795,2.660000000000025,0.10000000000002274,163,2.4186510084614485,-0.3738733133088046,-0.5227768406814144,2.4105068395140967,0.40582993626594543,-0.004848623988040754,-0.03116886857747506,-0.004848623988040754,0.0,-0.0,False,False,4,1.0,50,0.112,0.1,0.008,0.843272864818573,-0.5031976103782654,0,False
27,2.791211008094251,2.7600000000000193,0.09999999999999432,162,2.4343563192281406,-0.3839873578412682,-0.6247455508507315,2.4232336367603615,0.4079726040363312,-0.005404683332209489,-0.036573551909684546,-0.005404683332209489,0.0,-0.0,False,False,4,1.0,50,0.132,0.1,0.008,0.8287971615791321,-0.5486479997634888,0,False
28,2.8910133810713887,2.8600000000000136,0.09999999999999432,162,2.448653273054392,-0.3955137465980255,-0.735779456020383,2.4371655641342076,0.41031816601753235,-0.005916465408064718,-0.04249001731774926,-0.005916465408064718,0.0,-0.0,False,False,4,1.0,50,0.152,0.1,0.008,0.8113706707954407,-0.5977638363838196,0,False
29,2.991308090277016,2.960000000000008,0.09999999999999432,163,2.4612536588103135,-0.4083389243973328,-0.856756947842004,2.452111620547553,0.4128344655036926,-0.006347135136703584,-0.048837152454452845,-0.006347135136703584,0.0,-0.0,False,False,4,1.0,50,0.172,0.1,0.008,0.7927446365356445,-0.6360844969749451,0,False
30,3.0920752459205687,3.0600000000000023,0.09999999999999432,164,2.471934719996887,-0.42234019107944465,-0.984327168402303,2.4678845222643546,0.41548997163772583,-0.006698271164365132,-0.055535423618817976,-0.006698271164365132,0.0,-0.0,False,False,4,1.0,50,0.192,0.1,0.008,0.7783627510070801,-0.654241144657135,0,False
31,3.1921064471825957,3.160000000000025,0.10000000000002274,162,2.4809609123519545,-0.43796162352968804,-1.0917641529038424,2.4849507084570828,0.41836321353912354,-0.00974748970816616,-0.06528291332698413,-0.00724748970816616,0.0,-0.0025,True,True,5,1.0,50,0.012,0.1,0.01,0.6710333228111267,-0.35651645064353943,0,False
32,3.2921069492585957,3.2600000000000193,0.09999999999999432,161,2.4878371988615555,-0.4517331285917274,-1.151438947287116,2.499796042331857,0.4208625555038452,-0.006304361340998456,-0.07158727466798259,-0.006304361340998456,0.0,-0.0,False,False,5,1.0,50,0.032,0.1,0.01,0.7000954151153564,-0.39539432525634766,0,False
33,3.3923802780918777,3.3600000000000136,0.09999999999999432,162,2.493726342449687,-0.46625081208786967,-1.2254792905111358,2.515185702755149,0.42345353960990906,-0.0065355202545197616,-0.07812279492250235,-0.0065355202545197616,0.0,-0.0,False,False,5,1.0,50,0.052,0.1,0.01,0.7331641316413879,-0.4381909668445587,0,False
34,3.492584588006139,3.460000000000008,0.09999999999999432,163,2.4986022095086025,-0.4819708811167318,-1.3139380503391445,2.5315576292004667,0.4262098968029022,-0.006952658729684559,-0.08507545365218691,-0.006952658729684559,0.0,-0.0,False,False,5,1.0,50,0.072,0.1,0.01,0.7666902542114258,-0.48226335644721985,0,False
35,3.5924256811849773,3.5600000000000023,0.09999999999999432,162,2.502060138417948,-0.49828343143690196,-1.412509537136858,2.5482317232614977,0.4290171265602112,-0.007080980116800131,-0.09215643376898704,-0.007080980116800131,0.0,-0.0,False,False,5,1.0,50,0.092,0.1,0.01,0.8046203851699829,-0.7775699496269226,0,False
36,3.6921028648503125,3.660000000000025,0.10000000000002274,162,2.503610633360079,-0.5151459071387846,-1.5556440075953648,2.565069734845758,0.43185195326805115,-0.007150590898563257,-0.09930702466755029,-0.007150590898563257,0.0,-0.0,False,False,5,1.0,50,0.112,0.1,0.01,0.8111647963523865,-0.760181725025177,0,False
37,3.7922134161926806,3.7600000000000193,0.09999999999999432,162,2.5025499030293012,-0.5332848129416838,-1.7043477424674855,2.5826513938545137,0.4348119795322418,-0.00746639531993032,-0.1067734199874806,-0.00746639531993032,0.0,-0.0,False,False,5,1.0,50,0.132,0.1,0.01,0.8226957321166992,-0.7416284680366516,0,False
38,3.8923309869132936,3.8600000000000136,0.09999999999999432,162,2.4987507822390658,-0.5513580180221439,-1.851389957180882,2.599649959643491,0.4376738369464874,-0.007218773381348303,-0.1139921933688289,-0.007218773381348303,0.0,-0.0,False,False,5,1.0,50,0.152,0.1,0.01,0.8484659790992737,-0.7213180065155029,0,False
39,3.9925933559425175,3.960000000000008,0.09999999999999432,163,2.4921847277904035,-0.5692314538886108,-1.9946338048415457,2.6159503713162553,0.44041815400123596,-0.006922288582997357,-0.12091448195182626,-0.006922288582997357,0.0,-0.0,False,False,5,1.0,50,0.172,0.1,0.01,0.8688297271728516,-0.6968824863433838,0,False
40,4.092681746929884,4.060000000000002,0.09999999999999432,162,2.483015907965172,-0.5863270677120328,-2.1324515559775885,2.6310438826938007,0.4429592788219452,-0.006409754770838033,-0.1273242367226643,-0.006409754770838033,0.0,-0.0,False,False,5,1.0,50,0.192,0.1,0.01,0.8767107129096985,-0.6677653789520264,0,False
41,4.192557629197836,4.160000000000025,0.10000000000002274,162,2.47266858831655,-0.6007223103027439,-2.270729243697958,2.6433260138295362,0.44502708315849304,-0.0077158471726107795,-0.13504008389527508,-0.005215847172610779,0.0,-0.0025,True,True,6,1.0,50,0.012,0.1,0.012,-0.648505449295044,-0.9999987483024597,0,False
42,4.292433712165803,4.260000000000019,0.09999999999999432,161,2.467109873285986,-0.6065462406162682,-2.427254928904692,2.6480700630979226,0.4458257853984833,-0.0020146532950820295,-0.1370547371903571,-0.0020146532950820295,0.0,-0.0,False,False,6,1.0,50,0.032,0.1,0.012,-0.632490336894989,-0.9999995231628418,0,False
43,4.392605891916901,4.360000000000014,0.09999999999999432,162,2.468759030064565,-0.6055119321785979,-2.582925613713124,2.647343409282746,0.4457034468650818,0.0003085877528474982,-0.1367461494375096,0.0003085877528474982,0.0,-0.0,False,False,6,1.0,50,0.052,0.1,0.012,-0.6258243322372437,-0.9999997615814209,0,False
44,4.492428305093199,4.460000000000008,0.09999999999999432,161,2.47826201511034,-0.6006794986207953,-2.7492335476107574,2.644289693091368,0.44518932700157166,0.0012968202982634731,-0.13544932913924612,0.0012968202982634731,0.0,-0.0,False,False,6,1.0,50,0.072,0.1,0.012,-0.6133856177330017,-0.9999998211860657,0,False
45,4.5927325040102005,4.560000000000002,0.09999999999999432,162,2.490568139074026,-0.5970200676977336,-2.95093223781162,2.6429471979551202,0.4449633061885834,0.0005701168130560057,-0.13487921232619013,0.0005701168130560057,0.0,-0.0,False,False,6,1.0,50,0.092,0.1,0.012,-0.5536274909973145,-0.9999995231628418,0,False
46,4.6928993640467525,4.660000000000025,0.10000000000002274,162,2.50200253571806,-0.595964759166164,3.1323263436704267,2.6440574470973335,0.445150226354599,-0.00047148900995346135,-0.1353507013361436,-0.00047148900995346135,0.0,-0.0,False,False,6,1.0,50,0.112,0.1,0.012,-0.48222196102142334,-0.9999970197677612,0,False
47,4.792583628091961,4.760000000000019,0.09999999999999432,162,2.511774397685235,-0.5970030706545131,2.933512406726864,2.646948838916357,0.4456370174884796,-0.0012278860791743332,-0.13657858741531795,-0.0012278860791743332,0.0,-0.0,False,False,6,1.0,50,0.132,0.1,0.012,-0.3825131356716156,-0.9999634027481079,0,False
48,4.892804018221796,4.860000000000014,0.09999999999999432,162,2.518961477715564,-0.599248376487589,2.734702832438405,2.6505495369077092,0.4462432265281677,-0.001529106816241108,-0.13810769423155905,-0.001529106816241108,0.0,-0.0,False,False,6,1.0,50,0.152,0.1,0.012,-0.27267441153526306,-0.9996737241744995,0,False
49,4.992733450140804,4.960000000000008,0.09999999999999432,162,2.523509778754017,-0.6017424148037452,2.535783248356476,2.6538887811390093,0.4468054175376892,-0.0014180753641204495,-0.1395257695956795,-0.0014180753641204495,0.0,-0.0,False,False,6,1.0,50,0.172,0.1,0.012,-0.17495006322860718,-0.9979450106620789,0,False
50,5.092996968887746,5.060000000000002,0.09999999999999432,163,2.5259283274902997,-0.603790119094963,2.337333914458497,2.6563740965019993,0.44722384214401245,-0.0010554377710054728,-0.14058120736668497,-0.0010554377710054728,0.0,-0.0,False,False,6,1.0,50,0.192,0.1,0.012,-0.1158074215054512,-0.9895724654197693,0,False
51,5.192692153155804,5.160000000000025,0.10000000000002274,159,2.5289940467845518,-0.6079883916612054,2.141565193313573,2.661097257792264,0.44801902770996094,-0.0045057828066933075,-0.14508699017337828,-0.0020057828066933074,0.0,-0.0025,True,True,7,1.0,50,0.012,0.1,0.014,0.9950037002563477,-0.15738214552402496,0,False
52,5.293889794964343,5.260000000000019,0.10099999999999909,163,2.530360211078803,-0.610391167227841,1.948351428894548,2.6637236555159594,0.4484612047672272,-0.0011153511544451096,-0.1462023413278234,-0.0011153511544451096,0.0,-0.0,False,False,7,1.0,50,0.032,0.1,0.014,0.9949675798416138,-0.0007656661910004914,0,False
53,5.394713180139661,5.360000000000014,0.10099999999999909,162,2.52869770101412,-0.6044601453199112,1.763615833448881,2.6575804657469266,0.4474269449710846,0.0026088256698703588,-0.14359351565795303,0.0026088256698703588,0.0,-0.0,False,False,7,1.0,50,0.052,0.1,0.014,0.9958546161651611,0.13214395940303802,0,False
54,5.4947673310525715,5.460000000000008,0.09999999999999432,157,2.5273229905997154,-0.5939666055596572,1.6517080108169448,2.647023362973894,0.44564956426620483,0.004483280144230965,-0.13911023551372206,0.004483280144230965,0.0,-0.0,False,False,7,1.0,50,0.072,0.1,0.014,0.9964773654937744,0.212659552693367,0,False
55,5.595269748941064,5.560000000000002,0.09999999999999432,163,2.5265363097754685,-0.579081319463686,1.6077114490769433,2.6322805218053285,0.44316747784614563,0.006260835808989045,-0.13284939970473303,0.006260835808989045,0.0,-0.0,False,False,7,1.0,50,0.092,0.1,0.014,0.9968036413192749,0.2412455826997757,0,False
56,5.694939433131367,5.660000000000025,0.09999999999999432,161,2.525710253020999,-0.5594742234792435,1.627203318291782,2.612906391046883,0.43990567326545715,0.008227603501497507,-0.12462179620323552,0.008227603501497507,0.0,-0.0,False,False,7,1.0,50,0.112,0.1,0.014,0.9966903924942017,0.22981004416942596,0,False
57,5.795066703110933,5.760000000000019,0.09999999999999432,163,2.523929239660477,-0.537722250529952,1.6734080208257798,2.591242194415859,0.43625831604003906,0.009200124758157052,-0.11542167144507846,0.009200124758157052,0.0,-0.0,False,False,7,1.0,50,0.132,0.1,0.014,0.9963986277580261,0.20033402740955353,0,False
58,5.894894945900887,5.860000000000014,0.10000000000002274,162,2.5212513712009197,-0.5160522965179655,1.7129165191940097,2.569479045413901,0.43259429931640625,0.009242146817558085,-0.10617952462752038,0.009242146817558085,0.0,-0.0,False,False,7,1.0,50,0.152,0.1,0.014,0.9961691498756409,0.17149792611598969,0,False
59,5.995128786191344,5.960000000000008,0.09999999999999432,162,2.5177958571474583,-0.4944821809386567,1.746012620369808,2.547656595796088,0.42892029881477356,0.009267329983746738,-0.09691219464377364,0.009267329983746738,0.0,-0.0,False,False,7,1.0,50,0.172,0.1,0.014,0.9959820508956909,0.14687681198120117,0,False
60,6.095464004203677,6.060000000000002,0.09999999999999432,162,2.5136783079854284,-0.4730196628392039,1.7742975644821246,2.5258051154290206,0.4252414107322693,0.009279658459134556,-0.08763253618463908,0.009279658459134556,0.0,-0.0,False,False,7,1.0,50,0.192,0.1,0.014,0.9958485960960388,0.1257699877023697,0,False
61,6.195229597855359,6.160000000000025,0.09999999999999432,161,2.5089892462136865,-0.4517923188693212,1.8122757295277923,2.5040678108745693,0.4215817451477051,0.006731171467517862,-0.08090136471712121,0.009231171467517863,0.0,-0.0025,True,True,8,1.0,50,0.012,0.1,0.016,0.9999929666519165,0.9754258394241333,0,False
62,6.295286688953638,6.260000000000019,0.09999999999999432,162,2.5022484972213066,-0.4314384604404452,1.9830440141835708,2.482769861927735,0.41799604892730713,0.009044590516831435,-0.07185677420028978,0.009044590516831435,0.0,-0.0,False,False,8,1.0,50,0.032,0.1,0.016,0.9999948740005493,0.9798746109008789,0,False
63,6.3953239899128675,6.360000000000014,0.10000000000002274,163,2.491681345412979,-0.4125964502850222,2.1788854759560334,2.4621884768405438,0.41453099250793457,0.008740287660917612,-0.06311648653937217,0.008740287660917612,0.0,-0.0,False,False,8,1.0,50,0.052,0.1,0.016,0.9999963641166687,0.9907504320144653,0,False
64,6.495225212071091,6.460000000000008,0.09999999999999432,162,2.4776544865494214,-0.39617139938302964,2.3770941421901903,2.4433156575570263,0.41135358810424805,0.008014711780166472,-0.0551017747592057,0.008014711780166472,0.0,-0.0,False,False,8,1.0,50,0.072,0.1,0.016,0.9999983310699463,0.9957729578018188,0,False
65,6.595669680275023,6.560000000000002,0.09999999999999432,164,2.4606714323243026,-0.3828217531468779,2.5754145889764537,2.4269440851452364,0.40859729051589966,0.00695250838242359,-0.04814926637678211,0.00695250838242359,0.0,-0.0,False,False,8,1.0,50,0.092,0.1,0.016,0.9999990463256836,0.9981685280799866,0,False
66,6.6954036531969905,6.660000000000025,0.09999999999999432,161,2.4413886660183106,-0.3730798014118393,2.773960694010394,2.4137795254422283,0.40638092160224915,0.005590587720222119,-0.04255867865655999,0.005590587720222119,0.0,-0.0,False,False,8,1.0,50,0.112,0.1,0.016,0.9999997019767761,0.9990769624710083,0,False
67,6.795323424972594,6.760000000000019,0.09999999999999432,162,2.420824251700338,-0.36726542778695864,2.9745344275561445,2.4043790502035103,0.4047982692718506,0.00399209564310915,-0.03856658301345084,0.00399209564310915,0.0,-0.0,False,False,8,1.0,50,0.132,0.1,0.016,0.9999999403953552,0.9995543360710144,0,False
68,6.8954091761261225,6.860000000000014,0.10000000000002274,162,2.400009239539162,-0.3659345704484363,-3.0997233869935137,2.399511089200502,0.40397870540618896,0.002067274836371428,-0.036499308177079415,0.002067274836371428,0.0,-0.0,False,False,8,1.0,50,0.152,0.1,0.016,1.0,0.9997768402099609,0,False
69,6.995384767185897,6.960000000000008,0.09999999999999432,161,2.379349933791788,-0.3689320324619233,-2.8913133506957536,2.399113509549129,0.4039117693901062,0.0001688399739087949,-0.03633046820317062,0.0001688399739087949,0.0,-0.0,False,False,8,1.0,50,0.172,0.1,0.016,1.0,0.9998558759689331,0,False
70,7.095324329100549,7.060000000000002,0.09999999999999432,161,2.3591728208507137,-0.37629026185294656,-2.6904965624610515,2.403281192234759,0.4046134352684021,-0.001769887954455607,-0.038100356157626226,-0.001769887954455607,0.0,-0.0,False,False,8,1.0,50,0.192,0.1,0.016,1.0,0.9998955726623535,0,False
71,7.1954303700476885,7.160000000000025,0.09999999999999432,162,2.340775209591476,-0.38753937602962985,-2.5002012800592586,2.411736220938311,0.406036913394928,-0.006090593283070675,-0.0441909494406969,-0.003590593283070674,0.0,-0.0025,True,True,9,1.0,50,0.012,0.1,0.018,0.8708074688911438,-0.9334807395935059,0,False
72,7.295527799986303,7.260000000000019,0.09999999999999432,161,2.323935714814463,-0.4012519616782494,-2.4330873076247266,2.4230033379507283,0.4079338312149048,-0.004784801575819679,-0.048975751016516585,-0.004784801575819679,0.0,-0.0,False,False,9,1.0,50,0.032,0.1,0.018,0.904453456401825,-0.9265736937522888,0,False
73,7.395629480946809,7.360000000000014,0.10000000000002274,160,2.3070479899135456,-0.41525502404951187,-2.4882373743352373,2.4346940560787895,0.40990206599235535,-0.00496469207339937,-0.053940443089915954,-0.00496469207339937,0.0,-0.0,False,False,9,1.0,50,0.052,0.1,0.018,0.882989764213562,-0.9315134286880493,0,False
74,7.49562126211822,7.460000000000008,0.09999999999999432,161,2.2896887505914245,-0.4266683962857344,-2.6548335278252564,2.4438983967432772,0.41145169734954834,-0.003908803260610988,-0.05784924635052694,-0.003908803260610988,0.0,-0.0,False,False,9,1.0,50,0.072,0.1,0.018,0.7987713813781738,-0.9450672268867493,0,False
75,7.595609712880105,7.560000000000002,0.09999999999999432,162,2.2736908818439767,-0.433385894085121,-2.8435703903386407,2.4487290072091352,0.41226497292518616,-0.002051413200354218,-0.059900659550881155,-0.002051413200354218,0.0,-0.0,False,False,9,1.0,50,0.092,0.1,0.018,0.6650628447532654,-0.9575755596160889,0,False
76,7.695659583900124,7.660000000000025,0.09999999999999432,161,2.259834433149468,-0.43632845928955655,-3.0348844494037652,2.4501449643023374,0.41250336170196533,-0.0006013138696775978,-0.060501973420558755,-0.0006013138696775978,0.0,-0.0,False,False,9,1.0,50,0.112,0.1,0.018,0.5357587337493896,-0.965846061706543,0,False
77,7.796124042011797,7.760000000000019,0.09999999999999432,162,2.2480746691448625,-0.4365120677156268,3.055332075885983,2.4491083541338425,0.412328839302063,0.00044021677970138446,-0.06006175664085737,0.00044021677970138446,0.0,-0.0,False,False,9,1.0,50,0.132,0.1,0.018,0.44749969244003296,-0.9730207920074463,0,False
78,7.896083354018629,7.860000000000014,0.10000000000002274,162,2.238490418456358,-0.4347935805214666,2.8612132049510697,2.446445844990343,0.41188058257102966,0.0011306865750494916,-0.058931070065807875,0.0011306865750494916,0.0,-0.0,False,False,9,1.0,50,0.152,0.1,0.018,0.3501373827457428,-0.972964346408844,0,False
79,7.996231373865157,7.960000000000008,0.09999999999999432,162,2.231375388922367,-0.43202124845405493,2.667493852769144,2.443002691918724,0.4113008975982666,0.0014622022851731723,-0.0574688677806347,0.0014622022851731723,0.0,-0.0,False,False,9,1.0,50,0.172,0.1,0.018,0.24744875729084015,-0.9600991606712341,0,False
80,8.095998956821859,8.060000000000002,0.09999999999999432,161,2.226762348847415,-0.42910657919090683,2.4766019000526645,2.4396680501232813,0.4107394814491272,0.00141612084972973,-0.05605274693090497,0.00141612084972973,0.0,-0.0,False,False,9,1.0,50,0.192,0.1,0.018,0.23897965252399445,-0.9540039896965027,0,False
81,8.195862459018826,8.160000000000025,0.09999999999999432,161,2.2189044781976763,-0.4212196956796276,2.288137879319928,2.431095305271838,0.4092961847782135,0.0011405837472957437,-0.054912163183609225,0.0036405837472957437,0.0,-0.0025,True,True,10,1.0,50,0.012,0.1,0.02,0.5774720907211304,-0.5953987240791321,0,False
82,8.296004788950086,8.26000000000002,0.09999999999999432,162,2.209721776736785,-0.4089072634818428,2.140015431825792,2.418019253950703,0.40709471702575684,0.005553000905015352,-0.049359162278593875,0.005553000905015352,0.0,-0.0,False,False,10,1.0,50,0.032,0.1,0.02,0.6054120063781738,-0.5856602191925049,0,False
83,8.396438937168568,8.360000000000014,0.10000000000002274,162,2.203015223372108,-0.39699734035389844,2.025321506669882,2.4055792238617064,0.40500032901763916,0.005282902050939496,-0.04407626022765438,0.005282902050939496,0.0,-0.0,False,False,10,1.0,50,0.052,0.1,0.02,0.6366236209869385,-0.5572174787521362,0,False
84,8.496094981208444,8.460000000000008,0.09999999999999432,162,2.1974240085372836,-0.3837462176270827,1.9166043677509583,2.3919076881473305,0.4026986062526703,0.005805884997726403,-0.038270375229927975,0.005805884997726403,0.0,-0.0,False,False,10,1.0,50,0.072,0.1,0.02,0.6766761541366577,-0.49919259548187256,0,False
85,8.596501889172941,8.560000000000002,0.09999999999999432,162,2.1929888089807252,-0.3691952467328578,1.8200083091952686,2.377042528395017,0.4001959264278412,0.006312780787604646,-0.03195759444232333,0.006312780787604646,0.0,-0.0,False,False,10,1.0,50,0.092,0.1,0.02,0.707767903804779,-0.41377249360084534,0,False
86,8.696483199950308,8.660000000000025,0.09999999999999432,162,2.1897242918907294,-0.3537161547184883,1.7394221359695,2.3613503463224834,0.3975540101528168,0.006663991988896491,-0.02529360245342684,0.006663991988896491,0.0,-0.0,False,False,10,1.0,50,0.112,0.1,0.02,0.7284455895423889,-0.36317959427833557,0,False
87,8.796552050858736,8.76000000000002,0.09999999999999432,158,2.1875774923620086,-0.3376255688111164,1.6687262012980255,2.345139328115411,0.394824743270874,0.0068843258996385435,-0.018409276553788295,0.0068843258996385435,0.0,-0.0,False,False,10,1.0,50,0.132,0.1,0.02,0.7433462142944336,-0.3121863305568695,0,False
88,8.896258634049445,8.860000000000014,0.10000000000002274,162,2.1864647744313404,-0.3211352133317935,1.6079694617419977,2.3286128660353436,0.3920423686504364,0.007018285309035385,-0.01139099124475291,0.007018285309035385,0.0,-0.0,False,False,10,1.0,50,0.152,0.1,0.02,0.7539666295051575,-0.273542582988739,0,False
89,8.996406745165586,8.960000000000008,0.09999999999999432,163,2.186289083792392,-0.3044008460160145,1.55477013767979,2.311918415046481,0.38923171162605286,0.007089625084297965,-0.004301366160454945,0.007089625084297965,0.0,-0.0,False,False,10,1.0,50,0.172,0.1,0.02,0.7625921368598938,-0.2371481955051422,0,False
90,9.096289087086916,9.060000000000002,0.09999999999999432,161,2.1869517141965673,-0.28749304034111134,1.5087685346311634,2.2951198782005364,0.38640353083610535,0.007133827178980983,0.002832461018526038,0.007133827178980983,0.0,-0.0,False,False,10,1.0,50,0.192,0.1,0.02,0.7715976238250732,-0.20548075437545776,0,False
91,9.196756003890187,9.160000000000025,0.09999999999999432,162,2.1882333230294364,-0.271933768559896,1.4553141411219297,2.2797181806373095,0.38381052017211914,0.004040632061388015,0.006873093079914053,0.006540632061388015,0.0,-0.0025,True,True,11,1.0,50,0.012,0.1,0.022,0.691290020942688,0.3640954792499542,0,False
92,9.29643918806687,9.26000000000002,0.09999999999999432,161,2.1900013585359357,-0.2586938867831577,1.455462462413327,2.2666713370821925,0.38161396980285645,0.0055405972559970495,0.012413690335911103,0.0055405972559970495,0.0,-0.0,False,False,11,1.0,50,0.032,0.1,0.022,0.6938237547874451,0.3570025861263275,0,False
93,9.396742296870798,9.360000000000014,0.10000000000002274,163,2.1912406934537403,-0.24390584255174882,1.5240043909548007,2.252040547525078,0.37915074825286865,0.006213250900937227,0.01862694123684833,0.006213250900937227,0.0,-0.0,False,False,11,1.0,50,0.052,0.1,0.022,0.6508059501647949,0.3519967794418335,0,False
94,9.496745978016406,9.460000000000008,0.09999999999999432,162,2.1914369305477672,-0.22998149489725286,1.5930743367902307,2.238183498242297,0.3768177926540375,0.0058846669623996255,0.024511608199247956,0.0058846669623996255,0.0,-0.0,False,False,11,1.0,50,0.072,0.1,0.022,0.5945248603820801,0.3072509765625,0,False
95,9.596451021265239,9.560000000000002,0.09999999999999432,162,2.1907763244814245,-0.21725724754182563,1.651982206912005,2.2254494433087184,0.37467390298843384,0.005407765451056538,0.029919373650304493,0.005407765451056538,0.0,-0.0,False,False,11,1.0,50,0.092,0.1,0.022,0.550737202167511,0.24642041325569153,0,False
96,9.696907909121364,9.660000000000025,0.09999999999999432,163,2.189541897620642,-0.20550395120784418,1.6998156364517183,2.2136335743286892,0.3726845979690552,0.0050178398301015965,0.03493721348040609,0.0050178398301015965,0.0,-0.0,False,False,11,1.0,50,0.112,0.1,0.022,0.5105469822883606,0.21001386642456055,0,False
97,9.796635591890663,9.76000000000002,0.09999999999999432,162,2.1879186093743437,-0.19466473607515938,1.7404885078720267,2.202695354463312,0.3708430528640747,0.004645128970511272,0.039582342450917365,0.004645128970511272,0.0,-0.0,False,False,11,1.0,50,0.132,0.1,0.022,0.47021377086639404,0.1743372082710266,0,False
98,9.89657148392871,9.860000000000014,0.10000000000002274,162,2.1860464406510673,-0.18470065816459308,1.7736398421611275,2.19260805418126,0.3691447675228119,0.004283769329113783,0.04386611178003115,0.004283769329113783,0.0,-0.0,False,False,11,1.0,50,0.152,0.1,0.022,0.4404018819332123,0.13401970267295837,0,False
99,9.996611065231264,9.960000000000008,0.09999999999999432,161,2.1840015176063114,-0.17535107514795023,1.7988789592961343,2.183119070560669,0.3675472140312195,0.004029682458315918,0.04789579423834707,0.004029682458315918,0.0,-0.0,False,False,11,1.0,50,0.172,0.1,0.022,0.4259997010231018,0.09912583976984024,0,False
100,10.096673705149442,10.060000000000002,0.09999999999999432,161,2.1818171971679963,-0.1663220484456521,1.817458372704736,2.1739384501425225,0.36600157618522644,0.003898729994135829,0.051794524232482896,0.003898729994135829,0.0,-0.0,False,False,11,1.0,50,0.192,0.1,0.022,0.4153682291507721,0.06864181905984879,0,False
101,10.19655855698511,10.160000000000025,0.09999999999999432,161,2.178886402290009,-0.15519056436275963,1.8528570071692696,2.1626017655419534,0.36409294605255127,0.0023143448125721136,0.05410886904505501,0.004814344812572114,0.0,-0.0025,True,True,12,1.0,50,0.012,0.1,0.024,0.7369096279144287,0.9656749963760376,0,False
102,10.29766200017184,10.26000000000002,0.10099999999999909,164,2.173357200014343,-0.14110130719432618,2.0428853704509615,2.1481078099432147,0.36165276169776917,0.0061551416846275285,0.06026401072968254,0.0061551416846275285,0.0,-0.0,False,False,12,1.0,50,0.032,0.1,0.024,0.6809099316596985,0.9684968590736389,0,False
103,10.398803252261132,10.360000000000014,0.10099999999999909,163,2.165634066549924,-0.12890726648927894,2.2360932110447287,2.1353408298915797,0.3595033288002014,0.005421747746313324,0.06568575847599586,0.005421747746313324,0.0,-0.0,False,False,12,1.0,50,0.052,0.1,0.024,0.6397199630737305,0.9752056002616882,0,False
104,10.498976741917431,10.460000000000008,0.09999999999999432,162,2.1561811783950087,-0.1189500734495944,2.430385440149135,2.1246980510048936,0.357711523771286,0.004519664181351295,0.07020542265734717,0.004519664181351295,0.0,-0.0,False,False,12,1.0,50,0.072,0.1,0.024,0.6643337607383728,0.9874809980392456,0,False
105,10.599716446828097,10.560000000000002,0.10100000000002751,164,2.144343985962799,-0.110609030712366,2.6273489035149096,2.1155390266319243,0.35616952180862427,0.003889558811225356,0.07409498146857252,0.003889558811225356,0.0,-0.0,False,False,12,1.0,50,0.092,0.1,0.024,0.7233955264091492,0.9916286468505859,0,False
106,10.700893248897046,10.660000000000025,0.10099999999999909,165,2.1299207228390356,-0.10423787444829798,2.8250276836154957,2.108244873865017,0.3549414873123169,0.0030976046148189214,0.07719258608339144,0.0030976046148189214,0.0,-0.0,False,False,12,1.0,50,0.112,0.1,0.024,0.7778854370117188,0.9918752312660217,0,False
107,10.800908300094306,10.76000000000002,0.09999999999999432,161,2.113456379535509,-0.10058617250288647,3.0226925902223605,2.1036479255273033,0.35416755080223083,0.0019521840082083607,0.0791447700915998,0.0019521840082083607,0.0,-0.0,False,False,12,1.0,50,0.132,0.1,0.024,0.8112528920173645,0.9922041296958923,0,False
108,10.90105023002252,10.860000000000014,0.09999999999999432,163,2.0959209230079465,-0.10022428238015166,-3.0626770618450676,2.1024135876337042,0.35395973920822144,0.0005241857248733444,0.07966895581647314,0.0005241857248733444,0.0,-0.0,False,False,12,1.0,50,0.152,0.1,0.024,0.8292478322982788,0.9923863410949707,0,False
109,11.001057230867445,10.960000000000008,0.09999999999999432,161,2.0783384977121586,-0.10337067365001254,-2.8649251980358277,2.104828981375015,0.35436639189720154,-0.001025744186992257,0.07864321162948087,-0.001025744186992257,0.0,-0.0,False,False,12,1.0,50,0.172,0.1,0.024,0.8271113038063049,0.9917961359024048,0,False
110,11.10129063995555,11.060000000000002,0.09999999999999432,162,2.0618054568344792,-0.10986856314177484,-2.6673346413346795,2.110773558335125,0.3553672134876251,-0.0025244808565463516,0.07611873077293452,-0.0025244808565463516,0.0,-0.0,False,False,12,1.0,50,0.192,0.1,0.024,0.8212380409240723,0.9897521138191223,0,False
111,11.201171642169356,11.160000000000025,0.10000000000002274,161,2.0476790162821623,-0.11887825408138779,-2.4800602726695757,2.119414631657374,0.35682201385498047,-0.006169600768635351,0.06994913000429917,-0.0036696007686353505,0.0,-0.0025,True,True,13,1.0,50,0.012,0.1,0.026,0.9999961853027344,-0.505163848400116,0,False
112,11.301157993264496,11.26000000000002,0.09999999999999432,160,2.0357626775137083,-0.1289573020573627,-2.4164946516972923,2.1292576488054564,0.35847917199134827,-0.004180029719142986,0.06576910028515619,-0.004180029719142986,0.0,-0.0,False,False,13,1.0,50,0.032,0.1,0.026,0.9999983310699463,-0.49817487597465515,0,False
113,11.401340523269027,11.360000000000014,0.09999999999999432,161,2.022558973406921,-0.14029892228174537,-2.4584897830321957,2.1404178476925715,0.3603580892086029,-0.004739396703050034,0.06102970358210615,-0.004739396703050034,0.0,-0.0,False,False,13,1.0,50,0.052,0.1,0.026,0.9999974370002747,-0.5060949921607971,0,False
114,11.501276943832636,11.460000000000008,0.09999999999999432,160,2.005177663146805,-0.153220124716624,-2.5557119523649185,2.1532264266836867,0.36251452565193176,-0.0054394135494604725,0.05559029003264568,-0.0054394135494604725,0.0,-0.0,False,False,13,1.0,50,0.072,0.1,0.026,0.9999921917915344,-0.5207515358924866,0,False
115,11.601366645190865,11.560000000000002,0.09999999999999432,162,1.9861091527168782,-0.16456862989786902,-2.658122331498757,2.1646132070283963,0.36443158984184265,-0.004835618949979328,0.05075467108266635,-0.004835618949979328,0.0,-0.0,False,False,13,1.0,50,0.092,0.1,0.026,0.9999763369560242,-0.5554932951927185,0,False
116,11.701447985135019,11.660000000000025,0.10000000000002274,161,1.965926686275524,-0.1738062684607134,-2.7705525202333816,2.174073336916497,0.36602428555488586,-0.004017429156558584,0.046737241926107766,-0.004017429156558584,0.0,-0.0,False,False,13,1.0,50,0.112,0.1,0.026,0.9999276399612427,-0.6042301654815674,0,False
117,11.801612885203212,11.76000000000002,0.09999999999999432,161,1.9447917534007937,-0.1806160515103919,-2.892484624435463,2.1813147386878082,0.3672434389591217,-0.0030752028729557554,0.04366203905315201,-0.0030752028729557554,0.0,-0.0,False,False,13,1.0,50,0.132,0.1,0.026,0.9997625946998596,-0.6347174644470215,0,False
118,11.901630786247551,11.860000000000014,0.09999999999999432,160,1.9229674239405983,-0.18474089798421417,-3.020114399183987,2.1860986167280374,0.36804884672164917,-0.0020315673619250843,0.041630471691226925,-0.0020315673619250843,0.0,-0.0,False,False,13,1.0,50,0.152,0.1,0.026,0.9992856383323669,-0.6578821539878845,0,False
119,12.001481478102505,11.960000000000008,0.09999999999999432,161,1.9007961248068244,-0.18600215069362647,3.131200224185355,2.1882520256590046,0.3684113919734955,-0.0009144872139803325,0.04071598447724659,-0.0009144872139803325,0.0,-0.0,False,False,13,1.0,50,0.172,0.1,0.026,0.9978880286216736,-0.6776639223098755,0,False
120,12.101600718218833,12.060000000000002,0.09999999999999432,157,1.8786866266553617,-0.1842912938097216,2.9954726755500434,2.1876574263495825,0.3683112859725952,0.0002525082245590042,0.040968492701805595,0.0002525082245590042,0.0,-0.0,False,False,13,1.0,50,0.192,0.1,0.026,0.9932448267936707,-0.6956381797790527,0,False
121,12.201520598959178,12.160000000000025,0.10000000000002274,161,1.85706129632019,-0.1796117374259411,2.8714332260053395,2.184293576788122,0.36774495244026184,-0.0010714755012521558,0.03989701720055344,0.0014285244987478443,0.0,-0.0025,True,True,14,1.0,50,0.012,0.1,0.028,0.999947190284729,-0.5633388757705688,0,False
122,12.301806568168104,12.26000000000002,0.09999999999999432,163,1.8359877612355382,-0.17262733265549052,2.759706910664728,2.1788092434137507,0.36682161688804626,0.0023290294174713897,0.04222604661802483,0.0023290294174713897,0.0,-0.0,False,False,14,1.0,50,0.032,0.1,0.028,0.9999131560325623,-0.5761101245880127,0,False
123,12.401952847838402,12.360000000000014,0.09999999999999432,162,1.8158511129823252,-0.16326507227954212,2.647513549571363,2.1710888342797436,0.3655218183994293,0.003278622716854565,0.04550466933487939,0.003278622716854565,0.0,-0.0,False,False,14,1.0,50,0.052,0.1,0.028,0.9998869299888611,-0.5880479216575623,0,False
124,12.501652691047639,12.460000000000008,0.09999999999999432,160,1.7969350609687609,-0.1516155664272384,2.530900388221785,2.1611767805938,0.3638530373573303,0.004209347435004343,0.04971401676988373,0.004209347435004343,0.0,-0.0,False,False,14,1.0,50,0.072,0.1,0.028,0.9998828768730164,-0.5939251184463501,0,False
125,12.601886120159179,12.560000000000002,0.09999999999999432,161,1.7795168781462811,-0.1378186951180035,2.4122264706288843,2.1491584044360454,0.36182963848114014,0.0051038384632947605,0.054817855233178496,0.0051038384632947605,0.0,-0.0,False,False,14,1.0,50,0.092,0.1,0.028,0.9998876452445984,-0.5988546013832092,0,False
126,12.702892463188618,12.660000000000025,0.10099999999999909,162,1.7638511629762303,-0.1220544029628614,2.2925545041073963,2.1351537231723,0.3594718277454376,0.0059473617701645606,0.06076521700334306,0.0059473617701645606,0.0,-0.0,False,False,14,1.0,50,0.112,0.1,0.028,0.9998897910118103,-0.606856644153595,0,False
127,12.802929474040866,12.76000000000002,0.10000000000002274,162,1.7501815803351322,-0.1045287059704069,2.1707708377708617,2.1193041731967965,0.35680341720581055,0.00673082134633413,0.06749603834967718,0.00673082134633413,0.0,-0.0,False,False,14,1.0,50,0.132,0.1,0.028,0.9998916983604431,-0.6309313774108887,0,False
128,12.902947475202382,12.860000000000014,0.09999999999999432,162,1.738791910117799,-0.0854458386865795,2.044769174683251,2.1017407469147065,0.3538464605808258,0.007458652435997738,0.07495469078567492,0.007458652435997738,0.0,-0.0,False,False,14,1.0,50,0.152,0.1,0.028,0.9998959898948669,-0.6286719441413879,0,False
129,13.00310233514756,12.960000000000008,0.09999999999999432,163,1.7298902449328162,-0.065091235447782,1.9196603182647543,2.0826811749454373,0.35063761472702026,0.008094019960252712,0.08304871074592762,0.008094019960252712,0.0,-0.0,False,False,14,1.0,50,0.172,0.1,0.028,0.9999081492424011,-0.6206074953079224,0,False
130,13.103226474951953,13.060000000000002,0.09999999999999432,163,1.723586947164711,-0.04378971717527619,1.7963537275661978,2.0623968239878114,0.34722256660461426,0.008614146309083647,0.09166285705501127,0.008614146309083647,0.0,-0.0,False,False,14,1.0,50,0.192,0.1,0.028,0.9999183416366577,-0.6080243587493896,0,False
131,13.203234634827822,13.160000000000025,0.09999999999999432,162,1.7198980638050678,-0.021918874240994497,1.688250910582519,2.041228274295275,0.3436586558818817,0.00648963859299927,0.09815249564801054,0.00898963859299927,0.0,-0.0025,True,True,15,1.0,50,0.012,0.1,0.03,1.0,0.38118234276771545,0,False
132,13.303398394957185,13.26000000000002,0.10000000000002274,162,1.7172338952663972,-0.00011773539002359255,1.7128384770112273,2.020006796590379,0.34008583426475525,0.00901211550849292,0.10716461115650346,0.00901211550849292,0.0,-0.0,False,False,15,1.0,50,0.032,0.1,0.03,1.0,0.3840790390968323,0,False
133,13.403338766191155,13.360000000000014,0.09999999999999432,162,1.7132344821437921,0.02136588263467544,1.7941371526462462,1.999306810271478,0.33660081028938293,0.008790653993294633,0.11595526514979809,0.008790653993294633,0.0,-0.0,False,False,15,1.0,50,0.052,0.1,0.03,1.0,0.40625444054603577,0,False
134,13.503377256914973,13.460000000000008,0.09999999999999432,161,1.7075582775341103,0.04245458683052392,1.8772880842217876,1.9792690436657498,0.333227276802063,0.008509429441917678,0.12446469459171577,0.008509429441917678,0.0,-0.0,False,False,15,1.0,50,0.072,0.1,0.03,1.0,0.439034640789032,0,False
135,13.603397877886891,13.560000000000002,0.09999999999999432,164,1.7001097008954125,0.06296416355352709,1.965510333347461,1.9601128205434755,0.33000215888023376,0.00813506476245848,0.13259975935417426,0.00813506476245848,0.0,-0.0,False,False,15,1.0,50,0.092,0.1,0.03,1.0,0.4720667600631714,0,False
136,13.703500238247216,13.660000000000025,0.09999999999999432,163,1.6908174985034676,0.08268940270764252,2.0604550686163905,1.9420797687871678,0.32696613669395447,0.007658088077484813,0.14025784743165906,0.007658088077484813,0.0,-0.0,False,False,15,1.0,50,0.112,0.1,0.03,1.0,0.501684308052063,0,False
137,13.803523518145084,13.76000000000002,0.10000000000002274,162,1.6796337312665186,0.10139766265436173,2.161103299009341,1.9254416091291768,0.3241649568080902,0.007065719869826328,0.14732356730148538,0.007065719869826328,0.0,-0.0,False,False,15,1.0,50,0.132,0.1,0.03,1.0,0.520255446434021,0,False
138,13.90348254982382,13.860000000000014,0.09999999999999432,162,1.6665950512588215,0.11885918268042187,2.2653833438928745,1.9104580251619174,0.32164233922958374,0.006363071946351278,0.15368663924783665,0.006363071946351278,0.0,-0.0,False,False,15,1.0,50,0.152,0.1,0.03,1.0,0.5357101559638977,0,False
139,14.003530269954354,13.960000000000008,0.09999999999999432,162,1.6517874331504745,0.13484539221765882,2.372515477748433,1.8973807347234362,0.31944066286087036,0.00555352712042818,0.15924016636826482,0.00555352712042818,0.0,-0.0,False,False,15,1.0,50,0.172,0.1,0.03,1.0,0.5453328490257263,0,False
140,14.103705950081348,14.060000000000002,0.09999999999999432,162,1.635342099166519,0.14913775428907947,2.4821991083864288,1.886442868891586,0.31759917736053467,0.004644978623250585,0.1638851449915154,0.004644978623250585,0.0,-0.0,False,False,15,1.0,50,0.192,0.1,0.03,0.9999999403953552,0.5758680701255798,0,False
141,14.203420892823488,14.160000000000025,0.09999999999999432,160,1.6173970682927032,0.1615473432946411,2.578278091432569,1.877842686441762,0.3161512613296509,0.0011522356600098585,0.16503738065152526,0.0036522356600098586,0.0,-0.0025,True,True,16,1.0,50,0.012,0.1,0.032,1.0,-0.6150923371315002,0,False
142,14.303629082161933,14.26000000000002,0.10000000000002274,161,1.598977703761042,0.17378060733960035,2.521020912494896,1.869731601310168,0.3147856891155243,0.0034445309191772806,0.16848191157070255,0.0034445309191772806,0.0,-0.0,False,False,16,1.0,50,0.032,0.1,0.032,1.0,-0.6180216073989868,0,False
143,14.403763820882887,14.360000000000014,0.09999999999999432,161,1.5817845388142788,0.18786262363759876,2.39072997788915,1.8597705139806668,0.3131086528301239,0.004230170530628836,0.17271208210133138,0.004230170530628836,0.0,-0.0,False,False,16,1.0,50,0.052,0.1,0.032,1.0,-0.6263287663459778,0,False
144,14.50346190482378,14.460000000000008,0.09999999999999432,162,1.5664787926044705,0.2039571589147704,2.265422229150956,1.847622915585378,0.3110634982585907,0.005158715213496535,0.1778707973148279,0.005158715213496535,0.0,-0.0,False,False,16,1.0,50,0.072,0.1,0.032,0.9999999403953552,-0.6292560696601868,0,False
145,14.60381845291704,14.560000000000002,0.09999999999999432,161,1.5533116358481427,0.22184477394693247,2.1413924242063636,1.8334029819369178,0.30866944789886475,0.006038772904747445,0.18390957021957535,0.006038772904747445,0.0,-0.0,False,False,16,1.0,50,0.092,0.1,0.032,0.9999999403953552,-0.6172915697097778,0,False
146,14.703773334156722,14.660000000000025,0.09999999999999432,162,1.542461143103018,0.24122544518847253,2.0195572807281663,1.817313928280066,0.3059607148170471,0.00683253126828363,0.19074210148785897,0.00683253126828363,0.0,-0.0,False,False,16,1.0,50,0.112,0.1,0.032,0.9999998211860657,-0.5904717445373535,0,False
147,14.803812733851373,14.76000000000002,0.10000000000002274,160,1.5340024803863435,0.2617587857725703,1.9024134915696125,1.799621102743678,0.302981972694397,0.0075136043598299975,0.19825570584768898,0.0075136043598299975,0.0,-0.0,False,False,16,1.0,50,0.132,0.1,0.032,0.9999997019767761,-0.6014823317527771,0,False
148,14.903648165985942,14.860000000000014,0.09999999999999432,161,1.5280243144247967,0.2831552467497404,1.7817044077087416,1.780538341578358,0.29976922273635864,0.008103867705836888,0.20635957355352585,0.008103867705836888,0.0,-0.0,False,False,16,1.0,50,0.152,0.1,0.032,0.9999992847442627,-0.6103579998016357,0,False
149,15.004024574067444,14.960000000000008,0.09999999999999432,163,1.5246767042942446,0.30512152051780195,1.6602487646986541,1.7602685059953591,0.2963566184043884,0.008607982071389833,0.21496755562491568,0.008607982071389833,0.0,-0.0,False,False,16,1.0,50,0.172,0.1,0.032,0.999997079372406,-0.5886133313179016,0,False
150,15.103992945048958,15.060000000000002,0.09999999999999432,161,1.5239666036258392,0.32732591805314964,1.5435380916198664,1.7390935836993282,0.2927916347980499,0.008992344843694083,0.22395990046860975,0.008992344843694083,0.0,-0.0,False,False,16,1.0,50,0.192,0.1,0.032,0.9999840259552002,-0.5932718515396118,0,False
151,15.204160245135427,15.160000000000025,0.09999999999999432,161,1.5258468189981067,0.3494476237003047,1.4311123771303518,1.7173072455013194,0.2891237139701843,0.006751994563142356,0.2307118950317521,0.009251994563142357,0.0,-0.0025,True,True,17,1.0,50,0.012,0.1,0.034,0.9944238662719727,-0.021892372518777847,0,False
152,15.304147955961525,15.26000000000002,0.10000000000002274,164,1.5291468856963721,0.37116534975966026,1.4220562116225515,1.6955249786888769,0.28545647859573364,0.00925026556964281,0.2399621606013949,0.00925026556964281,0.0,-0.0,False,False,17,1.0,50,0.032,0.1,0.034,0.9948133826255798,-0.019506527110934258,0,False
153,15.40433831512928,15.360000000000014,0.09999999999999432,162,1.5324980344043955,0.3928032875717138,1.415331682522367,1.6738098012298939,0.2818005383014679,0.009221774763716124,0.24918393536511105,0.009221774763716124,0.0,-0.0,False,False,17,1.0,50,0.052,0.1,0.034,0.9951116442680359,-0.018733559176325798,0,False
154,15.504229446873069,15.460000000000008,0.09999999999999432,161,1.5359293134053347,0.41442646825000357,1.4109153745230472,1.652091083435636,0.2781440019607544,0.009223278236324406,0.2584072136014355,0.009223278236324406,0.0,-0.0,False,False,17,1.0,50,0.072,0.1,0.034,0.9953644275665283,-0.018646150827407837,0,False
155,15.603932789992541,15.560000000000002,0.09999999999999432,162,1.5394496707601195,0.43604148003062587,1.4074900177680858,1.6303597974511521,0.27448534965515137,0.009228615564083737,0.2676358291655192,0.009228615564083737,0.0,-0.0,False,False,17,1.0,50,0.092,0.1,0.034,0.9955927133560181,-0.01885138638317585,0,False
156,15.704241367988288,15.660000000000025,0.09999999999999432,162,1.5430580551020565,0.45765149751375983,1.4039361860331343,1.6086127569746949,0.27082404494285583,0.009235306017190567,0.2768711351827098,0.009235306017190567,0.0,-0.0,False,False,17,1.0,50,0.112,0.1,0.034,0.995811402797699,-0.0190164465457201,0,False
157,15.804414717014879,15.76000000000002,0.10000000000002274,164,1.5467486988024899,0.4792568770664792,1.4001438949860365,1.5868510241068468,0.2671602666378021,0.009241545428514868,0.28611268061122463,0.009241545428514868,0.0,-0.0,False,False,17,1.0,50,0.132,0.1,0.034,0.9960219264030457,-0.01910959742963314,0,False
158,15.90506784291938,15.860000000000014,0.09999999999999432,164,1.5505218806547376,0.5008564851729201,1.396303750260244,1.5650756609481902,0.26349419355392456,0.00924733379805673,0.2953600144092814,0.00924733379805673,0.0,-0.0,False,False,17,1.0,50,0.152,0.1,0.034,0.9962225556373596,-0.01918729394674301,0,False
159,16.00515234284103,15.960000000000008,0.09999999999999432,164,1.5543785595183828,0.5224448628826154,1.392484883677571,1.5432910929178187,0.25982657074928284,0.009251242826838263,0.30461125723611965,0.009251242826838263,0.0,-0.0,False,False,17,1.0,50,0.172,0.1,0.034,0.996412992477417,-0.019269486889243126,0,False
160,16.105285482946783,16.060000000000002,0.09999999999999432,164,1.5583136832359012,0.5440174045099904,1.3886408474597738,1.5215031615689363,0.25615838170051575,0.00925267112581606,0.3138639283619357,0.00925267112581606,0.0,-0.0,False,False,17,1.0,50,0.192,0.1,0.034,0.9965977668762207,-0.01946447789669037,0,False
161,16.2051188852638,16.160000000000025,0.09999999999999432,163,1.5622078085884517,0.5649115902871298,1.3843183988565932,1.5003802822014467,0.25260215997695923,0.006470243796352479,0.3203341721582882,0.00897024379635248,0.0,-0.0025,True,True,18,1.0,50,0.012,0.1,0.036,0.9212746620178223,-0.03293547406792641,0,False
162,16.305345624219626,16.26000000000002,0.10000000000002274,164,1.5660419655462376,0.5848270998433217,1.3775433574332392,1.4802141784420026,0.2492070198059082,0.008563930323967595,0.32889810248225576,0.008563930323967595,0.0,-0.0,False,False,18,1.0,50,0.032,0.1,0.036,0.9220283627510071,-0.029288994148373604,0,False
163,16.40539040416479,16.360000000000014,0.09999999999999432,163,1.569997229821713,0.60473745634109,1.3717222826826803,1.4600205485757964,0.2458072453737259,0.008575619823496763,0.3374737223057525,0.008575619823496763,0.0,-0.0,False,False,18,1.0,50,0.052,0.1,0.036,0.9227914810180664,-0.026469141244888306,0,False
164,16.50545584410429,16.460000000000008,0.09999999999999432,164,1.5740628668345928,0.6246420048969394,1.3665642357399055,1.4398027559213387,0.24240340292453766,0.008585881024048322,0.34605960332980085,0.008585881024048322,0.0,-0.0,False,False,18,1.0,50,0.072,0.1,0.036,0.9230484366416931,-0.0252924095839262,0,False
165,16.605484025087208,16.560000000000002,0.09999999999999432,164,1.578229945111864,0.6445286101037266,1.3615739328734193,1.4195747848029656,0.23899784684181213,0.008590203507797052,0.3546498068375979,0.008590203507797052,0.0,-0.0,False,False,18,1.0,50,0.092,0.1,0.036,0.9231501221656799,-0.02456844039261341,0,False
166,16.70523515716195,16.660000000000025,0.09999999999999432,163,1.5824946850004165,0.6643940086152368,1.3566908615064153,1.3993406180978616,0.23559124767780304,0.008592834584861474,0.3632426414224594,0.008592834584861474,0.0,-0.0,False,False,18,1.0,50,0.112,0.1,0.036,0.9232544302940369,-0.023908298462629318,0,False
167,16.805274847894907,16.76000000000002,0.10000000000002274,163,1.58685371089778,0.6842397240650904,1.3519249490275833,1.3790993707222077,0.23218345642089844,0.008595841530078039,0.3718384829525374,0.008595841530078039,0.0,-0.0,False,False,18,1.0,50,0.132,0.1,0.036,0.9233723282814026,-0.023288583382964134,0,False
168,16.905519525986165,16.860000000000014,0.09999999999999432,164,1.591308625331555,0.7040677336254265,1.3472856389723789,1.3588484759329293,0.2287740409374237,0.008599938492935688,0.3804384214454731,0.008599938492935688,0.0,-0.0,False,False,18,1.0,50,0.152,0.1,0.036,0.9234914183616638,-0.022754883393645287,0,False
169,17.005539036821574,16.960000000000008,0.09999999999999432,163,1.5958557671389608,0.7238793074727256,1.3427735209434215,1.338587491188118,0.22536292672157288,0.00860422338986908,0.3890426448353422,0.00860422338986908,0.0,-0.0,False,False,18,1.0,50,0.172,0.1,0.036,0.923593282699585,-0.022278109565377235,0,False
170,17.105362539179623,17.060000000000002,0.09999999999999432,162,1.600492578221644,0.7436728128481003,1.3383644363146026,1.3183187177057014,0.221950501203537,0.008607531029607395,0.39765017586494955,0.008607531029607395,0.0,-0.0,False,False,18,1.0,50,0.192,0.1,0.036,0.9236238598823547,-0.021746477112174034,0,False
171,17.205549428239465,17.160000000000025,0.09999999999999432,162,1.605260902699405,0.7635494500907519,1.3263959283491986,1.2979325821089216,0.21851831674575806,0.0061573711465714945,0.40380754701152105,0.008657371146571495,0.0,-0.0025,True,True,19,1.0,50,0.012,0.1,0.038,0.9994745850563049,-0.2851818799972534,0,False
172,17.305696147028357,17.26000000000002,0.10000000000002274,164,1.611307441903834,0.7847737040445015,1.2663740466115871,1.2758749657204724,0.2148047238588333,0.009367198151751056,0.41317474516327213,0.009367198151751056,0.0,-0.0,False,False,19,1.0,50,0.032,0.1,0.038,0.9985582828521729,-0.22566619515419006,0,False
173,17.405785287264735,17.360000000000014,0.09999999999999432,164,1.6183620911789411,0.8056559931846116,1.222497328377334,1.2538361131089804,0.21109429001808167,0.00935922974692721,0.42253397491019934,0.00935922974692721,0.0,-0.0,False,False,19,1.0,50,0.052,0.1,0.038,0.996768593788147,-0.1703769564628601,0,False
174,17.505780178122222,17.460000000000008,0.09999999999999432,162,1.6261838989425965,0.8261953094967012,1.191275110034771,1.2318911678906552,0.2073996663093567,0.009319350135992919,0.4318533250461923,0.009319350135992919,0.0,-0.0,False,False,19,1.0,50,0.072,0.1,0.038,0.9937689304351807,-0.11900646984577179,0,False
175,17.60591435804963,17.560000000000002,0.09999999999999432,163,1.6345269948948185,0.8464334796635047,1.1695103029527023,1.2100769495523565,0.20372705161571503,0.009263834409932495,0.4411171594561248,0.009263834409932495,0.0,-0.0,False,False,19,1.0,50,0.092,0.1,0.038,0.9899916648864746,-0.08115726709365845,0,False
176,17.70584725914523,17.660000000000025,0.09999999999999432,163,1.6432007855018183,0.8664234971520297,1.1544969424382625,1.1884028399825626,0.20007802546024323,0.009204334481460148,0.4503214939375849,0.009204334481460148,0.0,-0.0,False,False,19,1.0,50,0.112,0.1,0.038,0.9860444068908691,-0.051161713898181915,0,False
177,17.805945829022676,17.76000000000002,0.10000000000002274,164,1.6520737017101745,0.8862195132230458,1.1451575679513448,1.1668589262425035,0.19645091891288757,0.009149044276291084,0.459470538213876,0.009149044276291084,0.0,-0.0,False,False,19,1.0,50,0.132,0.1,0.038,0.982620358467102,-0.028520744293928146,0,False
178,17.906025409232825,17.860000000000014,0.09999999999999432,163,1.6610525274073606,0.9058798392970483,1.1401506513516293,1.1454188328343815,0.1928412914276123,0.009104954942053508,0.4685754931559295,0.009104954942053508,0.0,-0.0,False,False,19,1.0,50,0.152,0.1,0.038,0.9801048040390015,-0.011839894577860832,0,False
179,18.006159628275782,17.960000000000008,0.09999999999999432,163,1.6700741157989247,0.9254591768863474,1.1383214064415024,1.1240502541988127,0.18924370408058167,0.009074584795366495,0.477650077951296,0.009074584795366495,0.0,-0.0,False,False,19,1.0,50,0.172,0.1,0.038,0.9785974025726318,0.0006008371128700674,0,False
180,18.105883170850575,18.060000000000002,0.09999999999999432,162,1.6790949876937258,0.9450036919258268,1.1388413795039605,1.102722654944051,0.18565301597118378,0.00905718209992576,0.4867072600512218,0.00905718209992576,0.0,-0.0,False,False,19,1.0,50,0.192,0.1,0.038,0.9780133962631226,0.009925330057740211,0,False
181,18.206155898980796,18.160000000000025,0.09999999999999432,163,1.6878035933697404,0.9638528530129377,1.1257764755333513,1.0821587060080886,0.1821908950805664,0.006232883058321833,0.4929401431095436,0.008732883058321834,0.0,-0.0025,True,True,20,1.0,50,0.012,0.1,0.04,0.65481036901474,0.11539876461029053,0,False
182,18.306266649160534,18.26000000000002,0.10000000000002274,164,1.6951581741558004,0.9786770943688592,1.1201844184171876,1.0658466112289173,0.17944461107254028,0.0069272500426046405,0.49986739315214823,0.0069272500426046405,0.0,-0.0,False,False,20,1.0,50,0.032,0.1,0.04,0.6544718146324158,0.12862622737884521,0,False
183,18.406308969017118,18.360000000000014,0.09999999999999432,164,1.7012804222548175,0.9917024929567114,1.1430463488233278,1.0516164991165415,0.17704884707927704,0.006043095388496268,0.5059104885406445,0.006043095388496268,0.0,-0.0,False,False,20,1.0,50,0.052,0.1,0.04,0.663329541683197,0.112578846514225,0,False
184,18.50607807189226,18.460000000000008,0.09999999999999432,162,1.707179913086442,1.0050525942672852,1.164446495599739,1.0371421923785786,0.17461197078227997,0.0061467974116516345,0.512057285952296,0.0061467974116516345,0.0,-0.0,False,False,20,1.0,50,0.072,0.1,0.04,0.6742425560951233,0.07079676538705826,0,False
185,18.6064869989641,18.560000000000002,0.09999999999999432,164,1.712958406284887,1.0187448246943724,1.1774511119927233,1.0223769585893996,0.17212611436843872,0.006270345273236229,0.5183276312255323,0.006270345273236229,0.0,-0.0,False,False,20,1.0,50,0.092,0.1,0.04,0.6849333047866821,0.041760701686143875,0,False
186,18.706144772004336,18.660000000000025,0.09999999999999432,160,1.7186872101030533,1.0327047804283795,1.1852568587446195,1.007371336035054,0.16959978640079498,0.00637243106333768,0.52470006228887,0.00637243106333768,0.0,-0.0,False,False,20,1.0,50,0.112,0.1,0.04,0.6919727921485901,0.030782314017415047,0,False
187,18.80650041019544,18.76000000000002,0.10000000000002274,162,1.7243765622885427,1.0468394238815637,1.1911655724956896,0.9922113548627218,0.16704747080802917,0.006437982469058398,0.5311380447579284,0.006437982469058398,0.0,-0.0,False,False,20,1.0,50,0.132,0.1,0.04,0.6966773867607117,0.025840086862444878,0,False
188,18.906453060917556,18.860000000000014,0.09999999999999432,163,1.7300250110398359,1.0610974332731338,1.1961712375386029,0.9769464912578704,0.16447749733924866,0.006482522845078363,0.5376205676030067,0.006482522845078363,0.0,-0.0,False,False,20,1.0,50,0.152,0.1,0.04,0.7004257440567017,0.022562697529792786,0,False
189,19.006288443226367,18.960000000000008,0.09999999999999432,163,1.735634058778669,1.075453581979404,1.2005912266566372,0.9616004654668415,0.16189385950565338,0.006516989954622934,0.5441375575576296,0.006516989954622934,0.0,-0.0,False,False,20,1.0,50,0.172,0.1,0.04,0.703088641166687,0.02354859933257103,0,False
190,19.106530610937625,19.060000000000002,0.09999999999999432,163,1.7411972028668194,1.0898847911777145,1.2054269229924353,0.9461969092275954,0.1593005359172821,0.006541421384507303,0.5506789789421369,0.006541421384507303,0.0,-0.0,False,False,20,1.0,50,0.192,0.1,0.04,0.7057243585586548,0.02675447426736355,0,False
191,19.20655302098021,19.160000000000025,0.09999999999999432,163,1.7465765404538753,1.1040446143125453,1.2079308570977572,0.9311065841517973,0.15675994753837585,0.003908401645490627,0.5545873805876276,0.006408401645490626,0.0,-0.0025,True,True,21,1.0,50,0.012,0.1,0.042,0.8144598603248596,-0.9353238940238953,0,False
192,19.30673432117328,19.26000000000002,0.10000000000002274,164,1.7523311812726254,1.1176503965665365,1.1084380985359494,0.9164500386555581,0.15429238975048065,0.006224188664162349,0.5608115692517899,0.006224188664162349,0.0,-0.0,False,False,21,1.0,50,0.032,0.1,0.042,0.7993459701538086,-0.9611638784408569,0,False
193,19.406631052028388,19.360000000000014,0.09999999999999432,163,1.7612957692195588,1.1321950259631213,0.9215530926751291,0.9000362477456149,0.1515289843082428,0.006970437293277199,0.567782006545067,0.006970437293277199,0.0,-0.0,False,False,21,1.0,50,0.052,0.1,0.042,0.7798322439193726,-0.9807469844818115,0,False
194,19.50677823089063,19.460000000000008,0.09999999999999432,163,1.77310456753434,1.1450192651611997,0.7268488104379781,0.884575338074915,0.1489260047674179,0.00656577764076133,0.5743477841858284,0.00656577764076133,0.0,-0.0,False,False,21,1.0,50,0.072,0.1,0.042,0.775994062423706,-0.9893714785575867,0,False
195,19.606812361162156,19.560000000000002,0.09999999999999432,163,1.7873155703537462,1.155365825191319,0.5296417036141801,0.8710002764967805,0.14664052426815033,0.0057649153691510255,0.5801126995549795,0.0057649153691510255,0.0,-0.0,False,False,21,1.0,50,0.092,0.1,0.042,0.8105822801589966,-0.9923069477081299,0,False
196,19.706787372007966,19.660000000000025,0.09999999999999432,164,1.8039795910585512,1.16304316505482,0.3318016785623726,0.8596049993474113,0.14472202956676483,0.004839227284239063,0.5849519268392185,0.004839227284239063,0.0,-0.0,False,False,21,1.0,50,0.112,0.1,0.042,0.8462894558906555,-0.9939700961112976,0,False
197,19.806942930910736,19.76000000000002,0.10000000000002274,164,1.822513374152094,1.167462146346673,0.13368190475414446,0.8512466217968643,0.14331482350826263,0.0035495484808649525,0.5885014753200835,0.0035495484808649525,0.0,-0.0,False,False,21,1.0,50,0.132,0.1,0.042,0.866496741771698,-0.9952574968338013,0,False
198,19.906519235111773,19.860000000000014,0.09999999999999432,162,1.841941581020914,1.1681636978083094,-0.06453566528786697,0.8467195950808303,0.14255265891551971,0.0019224904241950506,0.5904239657442785,0.0019224904241950506,0.0,-0.0,False,False,21,1.0,50,0.152,0.1,0.042,0.8757729530334473,-0.9967886805534363,0,False
199,20.0069738519378,19.960000000000008,0.09999999999999432,164,1.861339736237493,1.1649889095071033,-0.26307575292186824,0.8464456616389338,0.14250653982162476,0.00011633119306488807,0.5905402969373433,0.00011633119306488807,0.0,-0.0,False,False,21,1.0,50,0.172,0.1,0.042,0.8834059238433838,-0.9986439943313599,0,False
200,20.106958613265306,20.060000000000002,0.09999999999999432,163,1.879925005485776,1.157966511842753,-0.4619393152491039,0.8505518309991621,0.14319784939289093,-0.0017437651178868843,0.5887965318194565,-0.0017437651178868843,0.0,-0.0,False,False,21,1.0,50,0.192,0.1,0.042,0.9001662135124207,-0.999611496925354,0,False
201,20.207576398272067,20.160000000000025,0.10099999999999909,164,1.8961668565860963,1.1478808589881,-0.6509003926048279,0.8584219963152984,0.14452286064624786,-0.005842219608184516,0.5829543122112719,-0.0033422196081845158,0.0,-0.0025,True,True,22,1.0,50,0.012,0.1,0.044,0.6961445212364197,0.9999998807907104,0,False
202,20.307913796044886,20.26000000000002,0.09999999999999432,164,1.909581157398586,1.136774726817634,-0.7156895677162628,0.8679477994227487,0.1461266130208969,-0.00404531857344205,0.5789089936378299,-0.00404531857344205,0.0,-0.0,False,False,22,1.0,50,0.032,0.1,0.044,0.7027616500854492,0.9999997019767761,0,False
203,20.408300083130598,20.360000000000014,0.10000000000002274,165,1.9227308343391707,1.1257246475376856,-0.6586962289164305,0.8776832788868558,0.14776566624641418,-0.004134361738666832,0.574774631899163,-0.004134361738666832,0.0,-0.0,False,False,22,1.0,50,0.052,0.1,0.044,0.7000972032546997,0.9999998211860657,0,False
204,20.508327533956617,20.460000000000008,0.09999999999999432,168,1.9362767541053876,1.1167544615679015,-0.48418568550470437,0.8855412300462937,0.14908862113952637,-0.0033370326276860136,0.571437599271477,-0.0033370326276860136,0.0,-0.0,False,False,22,1.0,50,0.072,0.1,0.044,0.6925316452980042,0.9999999403953552,0,False
205,20.608504422940314,20.560000000000002,0.09999999999999432,168,1.9499110201754652,1.1111837799766207,-0.28580947918328825,0.8902265097491163,0.1498774290084839,-0.00198969564978469,0.5694479036216923,-0.00198969564978469,0.0,-0.0,False,False,22,1.0,50,0.092,0.1,0.044,0.6829046010971069,1.0,0,False
206,20.708619461860508,20.660000000000025,0.09999999999999432,167,1.9642709190603262,1.108449680843375,-0.08628071333398099,0.8922659198842312,0.15022078156471252,-0.0008660753959940295,0.5685818282256982,-0.0008660753959940295,0.0,-0.0,False,False,22,1.0,50,0.112,0.1,0.044,0.6947454214096069,1.0,0,False
207,20.808305914979428,20.76000000000002,0.09999999999999432,166,1.9793041804799707,1.1086287424820118,0.11308325157148601,0.8916114889086632,0.15011060237884521,0.00027791691163873413,0.568859745137337,0.00027791691163873413,0.0,-0.0,False,False,22,1.0,50,0.132,0.1,0.044,0.7274274230003357,1.0,0,False
208,20.90870353206992,20.860000000000014,0.10000000000002274,167,1.9946636931645856,1.1119309834159488,0.31211412402633953,0.888085049449702,0.14951689541339874,0.0014975714782827115,0.5703573166156196,0.0014975714782827115,0.0,-0.0,False,False,22,1.0,50,0.152,0.1,0.044,0.7480846047401428,1.0,0,False
209,21.008808662183583,20.960000000000008,0.09999999999999432,164,2.0094852576252533,1.1183989035441417,0.5110522521329884,0.8816520832384176,0.1484338492155075,0.002731884902857226,0.5730892015184769,0.002731884902857226,0.0,-0.0,False,False,22,1.0,50,0.172,0.1,0.044,0.7991299629211426,1.0,0,False
210,21.108793172053993,21.060000000000002,0.09999999999999432,163,2.023782079477496,1.1284308667958187,0.7100160819845994,0.8718935030866416,0.14679090678691864,0.0041441718974358135,0.5772333734159126,0.0041441718974358135,0.0,-0.0,False,False,22,1.0,50,0.192,0.1,0.044,0.8612897992134094,1.0,0,False
211,21.208722363226116,21.160000000000025,0.09999999999999432,162,2.0356428419162427,1.1407515111364455,0.9012447045804586,0.859987444065484,0.14478641748428345,0.0025561407947972616,0.5797895142107099,0.005056140794797262,0.0,-0.0025,True,True,23,1.0,50,0.012,0.1,0.046,0.9175212383270264,-0.3526531159877777,0,False
212,21.30886007193476,21.26000000000002,0.09999999999999432,163,2.0445041114766025,1.1531061374957088,0.9756147348035084,0.8480623557422237,0.14277872443199158,0.005064221960066742,0.5848537361707766,0.005064221960066742,0.0,-0.0,False,False,23,1.0,50,0.032,0.1,0.046,0.9137892723083496,-0.30072733759880066,0,False
213,21.40902363182977,21.360000000000014,0.10000000000002274,163,2.0543395829296665,1.1673618831855275,0.9486381270439272,0.8344094067880411,0.1404801309108734,0.005797991766532946,0.5906517279373096,0.005797991766532946,0.0,-0.0,False,False,23,1.0,50,0.052,0.1,0.046,0.9149538278579712,-0.3262077271938324,0,False
214,21.509047552011907,21.460000000000008,0.09999999999999432,164,2.0666812641821073,1.1834214973318613,0.8801595352435642,0.8192965120748654,0.13793574273586273,0.0064179862833683415,0.5970697142206779,0.0064179862833683415,0.0,-0.0,False,False,23,1.0,50,0.072,0.1,0.046,0.9127122759819031,-0.3737664520740509,0,False
215,21.60905145201832,21.560000000000002,0.09999999999999432,164,2.0801077705624857,1.1985213718024583,0.8050989802895181,0.8054720338766131,0.1356082707643509,0.005870835014403667,0.6029405492350816,0.005870835014403667,0.0,-0.0,False,False,23,1.0,50,0.092,0.1,0.046,0.9064387083053589,-0.3950161933898926,0,False
216,21.709146711975336,21.660000000000025,0.09999999999999432,163,2.094552499758173,1.2124336805832632,0.7263340486693576,0.7932218542667339,0.13354584574699402,0.005202278332321093,0.6081428275674027,0.005202278332321093,0.0,-0.0,False,False,23,1.0,50,0.112,0.1,0.046,0.894806444644928,-0.40523776412010193,0,False
217,21.809770226944238,21.76000000000002,0.10099999999999909,165,2.109849306166435,1.2249746132021568,0.6459069088283201,0.7827714926022394,0.13178643584251404,0.004437950445091805,0.6125807780124944,0.004437950445091805,0.0,-0.0,False,False,23,1.0,50,0.132,0.1,0.046,0.8786380290985107,-0.3988354802131653,0,False
218,21.909791597165167,21.860000000000014,0.09999999999999432,161,2.1257892437345873,1.236050950889171,0.5667430144562073,0.7742358327628011,0.13034938275814056,0.0036248348717240722,0.6162056128842185,0.0036248348717240722,0.0,-0.0,False,False,23,1.0,50,0.152,0.1,0.046,0.8565214276313782,-0.38811421394348145,0,False
219,22.010175615083426,21.960000000000008,0.10000000000002274,158,2.142151611220461,1.2456199424138434,0.4899166404539003,0.767656385179517,0.1292416751384735,0.002794091082024434,0.6189997039662429,0.002794091082024434,0.0,-0.0,False,False,23,1.0,50,0.172,0.1,0.046,0.847911536693573,-0.3714633584022522,0,False
220,22.11028208397329,22.060000000000002,0.09999999999999432,158,2.159041123014138,1.2538624163904717,0.41654764137596634,0.7628993251789954,0.12844078242778778,0.0020201785569173834,0.6210198825231603,0.0020201785569173834,0.0,-0.0,False,False,23,1.0,50,0.192,0.1,0.046,0.8508561253547668,-0.3480429947376251,0,False
221,22.210504021961242,22.160000000000025,0.09999999999999432,159,2.177278994604121,1.2612045544569264,0.35531253303297167,0.7597674560864236,0.12791350483894348,-0.0011699905439090201,0.6198498919792513,0.00133000945609098,0.0,-0.0025,True,True,24,1.0,50,0.012,0.1,0.048,0.9637429118156433,-0.14022675156593323,0,False
222,22.310039286036044,22.26000000000002,0.09999999999999432,158,2.197248408102505,1.2684327552485244,0.3311457110688164,0.7576922885650321,0.12756413221359253,0.0008812604693375362,0.6207311524485889,0.0008812604693375362,0.0,-0.0,False,False,24,1.0,50,0.032,0.1,0.048,0.9638073444366455,-0.16647037863731384,0,False
223,22.41037640394643,22.360000000000014,0.09999999999999432,158,2.2174487180034452,1.2750214230142567,0.2973780961334931,0.7568869507983709,0.1274285465478897,0.00034200243156622367,0.6210731548801551,0.00034200243156622367,0.0,-0.0,False,False,24,1.0,50,0.052,0.1,0.048,0.9635798931121826,-0.24194854497909546,0,False
224,22.510408664122224,22.460000000000008,0.10000000000002274,157,2.237939699699352,1.280746334753978,0.24391888849198073,0.7575889992833865,0.1275467425584793,-0.0002981386182199619,0.6207750162619352,-0.0002981386182199619,0.0,-0.0,False,False,24,1.0,50,0.072,0.1,0.048,0.9581904411315918,-0.3588312864303589,0,False
225,22.610623543150723,22.560000000000002,0.09999999999999432,159,2.2586216160170673,1.2850950419924365,0.1688177240773887,0.7602461979239741,0.127994105219841,-0.001128431366137163,0.619646584895798,-0.001128431366137163,0.0,-0.0,False,False,24,1.0,50,0.092,0.1,0.048,0.9403582215309143,-0.43523484468460083,0,False
226,22.710586742963642,22.660000000000025,0.09999999999999432,158,2.2792049783303807,1.2876880130814792,0.07978196259539237,0.7650776049652688,0.12880751490592957,-0.0020517514816910222,0.617594833414107,-0.0020517514816910222,0.0,-0.0,False,False,24,1.0,50,0.112,0.1,0.048,0.9180470705032349,-0.4832778871059418,0,False
227,22.810636843089014,22.76000000000002,0.09999999999999432,158,2.2994553670266376,1.2883355249360706,-0.01799788809119057,0.7721009220836453,0.12998995184898376,-0.002982588960286292,0.6146122444538208,-0.002982588960286292,0.0,-0.0,False,False,24,1.0,50,0.132,0.1,0.048,0.8962975740432739,-0.5180785655975342,0,False
228,22.91071550315246,22.860000000000014,0.09999999999999432,158,2.3192263852520827,1.28696146951872,-0.12220433273549931,0.7812358721767451,0.13152790069580078,-0.0038793351974890384,0.6107329092563317,-0.0038793351974890384,0.0,-0.0,False,False,24,1.0,50,0.152,0.1,0.048,0.8740208148956299,-0.562686562538147,0,False
229,23.01065875403583,22.960000000000008,0.10000000000002274,157,2.3382063581492454,1.2835548844090479,-0.2372442586627286,0.7922607417479762,0.13338403403759003,-0.004681926462598796,0.6060509827937329,-0.004681926462598796,0.0,-0.0,False,False,24,1.0,50,0.172,0.1,0.048,0.840404212474823,-0.6518808603286743,0,False
230,23.110754312947392,23.060000000000002,0.09999999999999432,158,2.3559551516272776,1.2780287183629238,-0.3706533572405664,0.8049513390660551,0.13552060723304749,-0.005389310324789958,0.600661672468943,-0.005389310324789958,0.0,-0.0,False,False,24,1.0,50,0.192,0.1,0.048,0.8066344857215881,-0.7518953680992126,0,False
231,23.21082435315475,23.160000000000025,0.09999999999999432,158,2.373056468967094,1.2699163967672202,-0.4943617930946002,0.8198738522498222,0.1380329430103302,-0.008837137043858625,0.5918245354250844,-0.0063371370438586256,0.0,-0.0025,True,True,25,1.0,50,0.012,0.1,0.05,0.9993866682052612,0.17651206254959106,0,False
232,23.310709724202752,23.26000000000002,0.09999999999999432,158,2.3924502674376074,1.2600849120115756,-0.44909644458295755,0.8375509232942371,0.14100903272628784,-0.0075069139067232135,0.5843176215183612,-0.0075069139067232135,0.0,-0.0,False,False,25,1.0,50,0.032,0.1,0.05,0.9992756843566895,0.14853981137275696,0,False
233,23.410743384156376,23.360000000000014,0.09999999999999432,158,2.412323690475624,1.2507762764264128,-0.4202430224498758,0.855188254075191,0.14397843182086945,-0.007490037426695354,0.5768275840916658,-0.007490037426695354,0.0,-0.0,False,False,25,1.0,50,0.052,0.1,0.05,0.9991946816444397,0.12713074684143066,0,False
234,23.51076727407053,23.460000000000008,0.10000000000002274,158,2.432450878493934,1.2420156452251156,-0.3977123391242606,0.8726706066794855,0.14692173898220062,-0.007424222913268364,0.5694033611783974,-0.007424222913268364,0.0,-0.0,False,False,25,1.0,50,0.072,0.1,0.05,0.9991235733032227,0.10650331526994705,0,False
235,23.61093557300046,23.560000000000002,0.09999999999999432,158,2.452766655360905,1.233715276742403,-0.378010592744163,0.890050555085953,0.14984780550003052,-0.007380734968074102,0.5620226262103233,-0.007380734968074102,0.0,-0.0,False,False,25,1.0,50,0.092,0.1,0.05,0.9990577697753906,0.08500330150127411,0,False
236,23.710929633118212,23.660000000000025,0.09999999999999432,157,2.473226015493346,1.2257875581382316,-0.3617959604331693,0.9073850986925198,0.15276622772216797,-0.007361452931873086,0.5546611732784502,-0.007361452931873086,0.0,-0.0,False,False,25,1.0,50,0.112,0.1,0.05,0.9990010857582092,0.06138767674565315,0,False
237,23.810993002261966,23.76000000000002,0.09999999999999432,157,2.4937902978154356,1.2181386993596977,-0.35052935797508206,0.9247355738078238,0.1556873321533203,-0.0073682185586103075,0.5472929547198399,-0.0073682185586103075,0.0,-0.0,False,False,25,1.0,50,0.132,0.1,0.05,0.9989116191864014,0.015334178693592548,0,False
238,23.91104458225891,23.860000000000014,0.09999999999999432,158,2.5144257688013627,1.2106065646029114,-0.35464396014733246,0.9422185459707914,0.15863074362277985,-0.007424486020974778,0.5398684686988651,-0.007424486020974778,0.0,-0.0,False,False,25,1.0,50,0.152,0.1,0.05,0.9982256293296814,-0.2867223620414734,0,False
239,24.01113617187366,23.960000000000008,0.10000000000002274,157,2.5349232199482463,1.2027865734975176,-0.3709209703991006,0.9600479399404094,0.1616324782371521,-0.007571600815694016,0.5322968678831711,-0.007571600815694016,0.0,-0.0,False,False,25,1.0,50,0.172,0.1,0.05,0.9982912540435791,-0.29259806871414185,0,False
240,24.11085335398093,24.060000000000002,0.09999999999999432,157,2.555171268584439,1.1939834796073237,-0.43872168947534557,0.9787123219846162,0.1647747904062271,-0.007926194830354566,0.5243706730528165,-0.007926194830354566,0.0,-0.0,False,False,25,1.0,50,0.192,0.1,0.05,0.9985986351966858,-0.3116326332092285,0,False
241,24.21122614108026,24.160000000000025,0.09999999999999432,159,2.573889647090507,1.1844997740222352,-0.5033724725981916,0.9971910134436537,0.16788583993911743,-0.010347337692050766,0.5140233353607657,-0.007847337692050765,0.0,-0.0025,True,True,26,1.0,50,0.012,0.1,0.052,0.3605426251888275,-0.9981595277786255,0,False
242,24.311179282143712,24.26000000000002,0.09999999999999432,158,2.5873692184069537,1.1763583122230288,-0.6058127783586397,1.0116265535103564,0.1703161895275116,-0.006130334386591112,0.5078930009741746,-0.006130334386591112,0.0,-0.0,False,False,26,1.0,50,0.032,0.1,0.052,0.3569870889186859,-0.9972579479217529,0,False
243,24.41115264222026,24.360000000000014,0.09999999999999432,157,2.595817519821513,1.169617101012085,-0.7693471646638,1.0220246067211638,0.172066792845726,-0.004415736637304568,0.50347726433687,-0.004415736637304568,0.0,-0.0,False,False,26,1.0,50,0.052,0.1,0.052,0.3514508008956909,-0.9962677955627441,0,False
244,24.51126137189567,24.460000000000008,0.10000000000002274,156,2.6010624572768695,1.1634557902718927,-0.9691763181015491,1.0300885168852199,0.17342442274093628,-0.003424497146672123,0.5000527671901979,-0.003424497146672123,0.0,-0.0,False,False,26,1.0,50,0.072,0.1,0.052,0.1094076931476593,-0.9891677498817444,0,False
245,24.611395610962063,24.560000000000002,0.09999999999999432,157,2.6035179492729705,1.1592985933392288,-1.1678257394417935,1.0348974427975188,0.1742340475320816,-0.0020422044306285026,0.49801056275956934,-0.0020422044306285026,0.0,-0.0,False,False,26,1.0,50,0.092,0.1,0.052,0.12330105900764465,-0.9871858954429626,0,False
246,24.711258612107486,24.660000000000025,0.09999999999999432,157,2.6044974379113213,1.1563218043107433,-1.3638262556806937,1.0378873444455665,0.17473742365837097,-0.0012697202044993435,0.49674084255507,-0.0012697202044993435,0.0,-0.0,False,False,26,1.0,50,0.112,0.1,0.052,0.1282019466161728,-0.9848558306694031,0,False
247,24.811152283102274,24.76000000000002,0.09999999999999432,158,2.6048770056757182,1.1531796892619024,-1.5593945529307254,1.0406636753681549,0.17520484328269958,-0.001179023219405404,0.4955618193356646,-0.001179023219405404,0.0,-0.0,False,False,26,1.0,50,0.132,0.1,0.052,0.12451663613319397,-0.9835681319236755,0,False
248,24.911358690820634,24.860000000000014,0.09999999999999432,158,2.604647959220901,1.150218672819052,-1.75511223081764,1.0429417041007991,0.17558836936950684,-0.0009674094497914815,0.49459440988587317,-0.0009674094497914815,0.0,-0.0,False,False,26,1.0,50,0.152,0.1,0.052,0.09822285920381546,-0.9867234230041504,0,False
249,25.011612699832767,24.960000000000008,0.10000000000002274,159,2.6040032031937024,1.1479292100455796,-1.9515296898717485,1.0444350175197583,0.17583978176116943,-0.0006341647461683472,0.4939602451397048,-0.0006341647461683472,0.0,-0.0,False,False,26,1.0,50,0.172,0.1,0.052,0.06480032205581665,-0.9911122918128967,0,False
250,25.111486921086907,25.060000000000002,0.09999999999999432,158,2.6032950551320373,1.1465358715864575,-2.148870305437608,1.0451630874690445,0.17596235871315002,-0.0003091891418907167,0.4936510559978141,-0.0003091891418907167,0.0,-0.0,False,False,26,1.0,50,0.192,0.1,0.052,0.02275303564965725,-0.996171236038208,0,False
251,25.211530359927565,25.160000000000025,0.09999999999999432,156,2.6014070321338294,1.144386224442909,-2.3466182049432334,1.045832387852767,0.1760750412940979,-0.0027842314965934242,0.4908668245012207,-0.00028423149659342423,0.0,-0.0025,True,True,27,1.0,50,0.012,0.1,0.054,0.9708282947540283,-0.04234679788351059,0,False
252,25.311262113042176,25.26000000000002,0.09999999999999432,158,2.5941147258963904,1.1382091282774187,-2.505045855549801,1.0467357929065437,0.1762271374464035,-0.0003836486228153992,0.4904831758784053,-0.0003836486228153992,0.0,-0.0,False,False,27,1.0,50,0.032,0.1,0.054,0.9736429452896118,-0.00488430866971612,0,False
253,25.411639870144427,25.360000000000014,0.09999999999999432,155,2.582239914414199,1.1303935340972457,-2.5980434232027805,1.0465270016337056,0.17619198560714722,8.866729707273514e-05,0.49057184317547803,8.866729707273514e-05,0.0,-0.0,False,False,27,1.0,50,0.052,0.1,0.054,0.9766294956207275,0.01247880607843399,0,False
254,25.511646760161966,25.460000000000008,0.10000000000002274,156,2.5657747261787875,1.1208876452595065,-2.626994519835884,1.0454374634528505,0.17600855231285095,0.00046269369519512957,0.49103453687067317,0.00046269369519512957,0.0,-0.0,False,False,27,1.0,50,0.072,0.1,0.054,0.9768914580345154,0.013960840180516243,0,False
255,25.61171611910686,25.560000000000002,0.09999999999999432,158,2.547126655963946,1.110248596455556,-2.6222989972784028,1.0445119313036058,0.1758527308702469,0.00039304532661704376,0.4914275821972902,0.00039304532661704376,0.0,-0.0,False,False,27,1.0,50,0.092,0.1,0.054,0.9759610295295715,0.008345246315002441,0,False
256,25.71180001925677,25.660000000000025,0.09999999999999432,159,2.5285077811787184,1.0995804752788283,-2.620333140751924,1.0440669111595489,0.17577780783176422,0.000188986506859585,0.4916165687041498,0.000188986506859585,0.0,-0.0,False,False,27,1.0,50,0.112,0.1,0.054,0.975081741809845,0.003150974167510867,0,False
257,25.811499641276896,25.76000000000002,0.09999999999999432,158,2.5099110234667505,1.0888987011186877,-2.6200976997466716,1.044085674936506,0.17578096687793732,-7.968404823847418e-06,0.49160860029932596,-7.968404823847418e-06,0.0,-0.0,False,False,27,1.0,50,0.132,0.1,0.054,0.9742739200592041,-0.0014369701966643333,0,False
258,25.911898587830365,25.860000000000014,0.09999999999999432,160,2.4913262307859507,1.0782220397157674,-2.620710238687714,1.044545830013863,0.17585843801498413,-0.000195413852259908,0.49141318644706605,-0.000195413852259908,0.0,-0.0,False,False,27,1.0,50,0.152,0.1,0.054,0.9735515713691711,-0.0055459169670939445,0,False
259,26.011948517989367,25.960000000000008,0.10000000000002274,159,2.4727423343610737,1.0675635988221128,-2.6219682365016435,1.0454295862068637,0.1760072261095047,-0.0003753043498394105,0.49103788209722665,-0.0003753043498394105,0.0,-0.0,False,False,27,1.0,50,0.172,0.1,0.054,0.9731063842773438,-0.009101273491978645,0,False
260,26.111961477901787,26.060000000000002,0.09999999999999432,159,2.454144037953949,1.0569410808080004,-2.623909420378416,1.0467124266937293,0.17622320353984833,-0.0005447832996067606,0.4904930987976199,-0.0005447832996067606,0.0,-0.0,False,False,27,1.0,50,0.192,0.1,0.054,0.972645103931427,-0.01287918072193861,0,False
261,26.211758758872747,26.160000000000025,0.09999999999999432,157,2.436537569835692,1.046935986188831,-2.6249487565462926,1.0482824768797723,0.176487535238266,-0.0031667525149525885,0.4873263462826673,-0.0006667525149525883,0.0,-0.0025,True,True,28,5.0,10,0.012,0.5,0.056,-0.8800115585327148,-0.9999087452888489,0,False
262,26.31167036993429,26.26000000000002,0.09999999999999432,155,2.4265437067976046,1.041226065256136,-2.6208848427961784,1.0493745818037017,0.17667140066623688,-0.0004637837128361222,0.4868625625698312,-0.0004637837128361222,0.0,-0.0,False,False,28,5.0,10,0.032,0.5,0.056,-0.8769037127494812,-0.9999135732650757,0,False
263,26.411855079233646,26.360000000000014,0.09999999999999432,159,2.425223791611986,1.040469589711329,-2.6169573649189113,1.0495303565557978,0.17669762670993805,-0.002566152794763842,0.4842964097750673,-6.615279476384194e-05,0.0,-0.0025,True,True,29,1.0,50,0.012,0.1,0.058,-0.9874654412269592,-1.0,0,False
264,26.51194332819432,26.460000000000008,0.10000000000002274,157,2.4311180854641474,1.0438582784441794,-2.6304229335414586,1.0488421153783545,0.1765817552804947,0.00029227507504766214,0.48458868485011497,0.00029227507504766214,0.0,-0.0,False,False,29,1.0,50,0.032,0.1,0.058,-0.9879117012023926,-1.0,0,False
265,26.612040876876563,26.560000000000002,0.09999999999999432,158,2.441607141752859,1.0492210892461862,-2.7079110158067494,1.0483308024562747,0.17649567127227783,0.00021713903144946495,0.48480582388156446,0.00021713903144946495,0.0,-0.0,False,False,29,1.0,50,0.052,0.1,0.058,-0.9899501800537109,-1.0,0,False
266,26.712155955843627,26.660000000000025,0.09999999999999432,159,2.457203791083329,1.0551473449799438,-2.847364941706833,1.0496579856424586,0.17671911418437958,-0.0005636142940252922,0.48424220958753916,-0.0005636142940252922,0.0,-0.0,False,False,29,1.0,50,0.072,0.1,0.058,-0.9939268231391907,-1.0,0,False
267,26.811883508227766,26.76000000000002,0.09999999999999432,156,2.477730594419803,1.0592081740691708,-3.0429247113548716,1.055137805089354,0.17764168977737427,-0.0023271124898957244,0.48191509709764346,-0.0023271124898957244,0.0,-0.0,False,False,29,1.0,50,0.092,0.1,0.058,-0.9959928393363953,-0.9999998807907104,0,False
268,26.91228777496144,26.860000000000014,0.09999999999999432,158,2.4992341850309168,1.059151625136239,3.042769523576602,1.0650964141841628,0.17931830883026123,-0.004229118099803086,0.4776859789978404,-0.004229118099803086,0.0,-0.0,False,False,29,1.0,50,0.112,0.1,0.058,-0.9961605668067932,-0.9999925494194031,0,False
269,27.012401253916323,26.960000000000008,0.10000000000002274,159,2.520313367803993,1.054849579836409,2.8440828180903894,1.0789046953485322,0.1816430538892746,-0.005863956627220765,0.4718220223706196,-0.005863956627220765,0.0,-0.0,False,False,29,1.0,50,0.132,0.1,0.058,-0.9956001043319702,-0.9997981190681458,0,False
270,27.11237381398678,27.060000000000002,0.09999999999999432,158,2.5401167420573976,1.0464824992306871,2.6450945874015983,1.0958657335835955,0.184498593211174,-0.0072028365717006085,0.464619185798919,-0.0072028365717006085,0.0,-0.0,False,False,29,1.0,50,0.152,0.1,0.058,-0.9925821423530579,-0.9942733645439148,0,False
271,27.212303805164993,27.160000000000025,0.09999999999999432,158,2.5578433716243043,1.034421621777062,2.4485477136432454,1.1151371061106865,0.18774309754371643,-0.008183965209042464,0.4564352205898765,-0.008183965209042464,0.0,-0.0,False,False,29,1.0,50,0.172,0.1,0.058,-0.3723807632923126,0.9628002047538757,0,False
272,27.312515213154256,27.26000000000002,0.09999999999999432,158,2.5731896811177135,1.0192513207794078,2.2959704980197952,1.135964101957575,0.19124950468540192,-0.00884459107311629,0.4475906295167602,-0.00884459107311629,0.0,-0.0,False,False,29,1.0,50,0.192,0.1,0.058,-0.30245813727378845,0.9530734419822693,0,False
273,27.41205535689369,27.360000000000014,0.09999999999999432,157,2.586650474527594,1.0035334568262106,2.261620542082603,1.1563322703528347,0.1946786642074585,-0.011149741023084548,0.4364408884936757,-0.008649741023084547,0.0,-0.0025,True,True,30,1.0,50,0.012,0.1,0.06,1.0,-0.2086561918258667,0,False
274,27.512093256227672,27.460000000000008,0.10000000000002274,159,2.594253391124783,0.9943744571928785,2.2347778445670783,1.1680837937392423,0.19665713608264923,-0.004990514215446295,0.4314503742782294,-0.004990514215446295,0.0,-0.0,False,False,30,1.0,50,0.032,0.1,0.06,1.0,-0.21290111541748047,0,False
275,27.612521262839437,27.560000000000002,0.09999999999999432,158,2.5954051515301515,0.9929507755578154,2.20873478948134,1.1698954718077983,0.1969621479511261,-0.0007693645204670564,0.43068100975776236,-0.0007693645204670564,0.0,-0.0,False,False,30,1.0,50,0.052,0.1,0.06,1.0,-0.21872395277023315,0,False
276,27.712907860055566,27.660000000000025,0.09999999999999432,159,2.5906710801035975,0.999600469782386,2.182360592125591,1.1617622595807358,0.19559285044670105,0.0034539276229790194,0.4341349373807414,0.0034539276229790194,0.0,-0.0,False,False,30,1.0,50,0.072,0.1,0.06,1.0,-0.22569656372070312,0,False
277,27.81344178598374,27.76000000000002,0.09999999999999432,159,2.5806177147653444,1.0144166040346332,2.155760923020913,1.1438931253476567,0.19258442521095276,0.0075884772957218755,0.44172341467646326,0.0075884772957218755,0.0,-0.0,False,False,30,1.0,50,0.092,0.1,0.06,1.0,-0.2295943647623062,0,False
278,27.913497295230627,27.860000000000014,0.09999999999999432,157,2.5689100388412287,1.0330510400513073,2.107363548608278,1.1218952521169718,0.18888089060783386,0.009341827051486475,0.4510652417279497,0.009341827051486475,0.0,-0.0,False,False,30,1.0,50,0.112,0.1,0.06,1.0,-0.23588983714580536,0,False
279,28.013399536255747,27.960000000000008,0.10000000000002274,154,2.5581149996373624,1.0522078059747508,2.0603939277642183,1.0999102126016584,0.18517951667308807,0.00933637696328151,0.4604016186912312,0.00933637696328151,0.0,-0.0,False,False,30,1.0,50,0.132,0.1,0.06,1.0,-0.24079789221286774,0,False
280,28.11326253693551,28.060000000000002,0.09999999999999432,158,2.548254502431534,1.07187028194809,2.012576169972997,1.0779646478246603,0.18148478865623474,0.009319613243699332,0.46972123193493054,0.009319613243699332,0.0,-0.0,False,False,30,1.0,50,0.152,0.1,0.06,1.0,-0.2489652782678604,0,False
281,28.213228177279234,28.160000000000025,0.09999999999999432,158,2.5393775648030816,1.0920053503766272,1.962659479112671,1.0561167077928681,0.17780649662017822,0.00927815498652618,0.4789993869214567,0.00927815498652618,0.0,-0.0,False,False,30,1.0,50,0.172,0.1,0.06,1.0,-0.25949785113334656,0,False
282,28.313503434881568,28.26000000000002,0.09999999999999432,154,2.531540527099972,1.1125782137078466,1.910204517919514,1.0344335703681231,0.17415595054626465,0.00920816833661129,0.488207555258068,0.00920816833661129,0.0,-0.0,False,False,30,1.0,50,0.192,0.1,0.06,1.0,-0.27554333209991455,0,False
283,28.413665323052555,28.360000000000014,0.09999999999999432,159,2.525034995021381,1.1324605234808491,1.8586861109369992,1.0140446025031233,0.17072328925132751,0.006158573924658121,0.49436612918272616,0.008658573924658122,0.0,-0.0025,True,True,31,1.0,50,0.012,0.1,0.062,1.0,0.33402276039123535,0,False
284,28.513602124061435,28.460000000000008,0.10000000000002274,159,2.5191622623754837,1.1495544467078245,1.8613150710790887,0.9963870033027205,0.16775047779083252,0.007498644807377757,0.5018647739901039,0.007498644807377757,0.0,-0.0,False,False,31,1.0,50,0.032,0.1,0.062,1.0,0.33312731981277466,0,False
285,28.61376597220078,28.560000000000002,0.09999999999999432,159,2.512126276030241,1.169864730204417,1.92978074333277,0.975396266949367,0.16421650350093842,0.008914126681248837,0.5107789006713527,0.008914126681248837,0.0,-0.0,False,False,31,1.0,50,0.052,0.1,0.062,1.0,0.3245939612388611,0,False
286,28.713306815829128,28.660000000000025,0.09999999999999432,158,2.503768001975078,1.1898252671014886,1.9959130799490241,0.9540258296377788,0.1606186032295227,0.009075374118485831,0.5198542747898385,0.009075374118485831,0.0,-0.0,False,False,31,1.0,50,0.072,0.1,0.062,1.0,0.30941241979599,0,False
287,28.813717062119395,28.76000000000002,0.09999999999999432,155,2.4941015420357275,1.2094475142485244,2.0563273769211396,0.9322604679262739,0.15695421397686005,0.009243086487938344,0.5290973612777768,0.009243086487938344,0.0,-0.0,False,False,31,1.0,50,0.092,0.1,0.062,1.0,0.28752681612968445,0,False
288,28.9136916520074,28.860000000000014,0.09999999999999432,157,2.483365151164349,1.2285011037441365,2.113218730336706,0.9104133244699184,0.15327605605125427,0.009277816705189422,0.5383751779829663,0.009277816705189422,0.0,-0.0,False,False,31,1.0,50,0.112,0.1,0.062,1.0,0.2699275314807892,0,False
289,29.01385028101504,28.960000000000008,0.10000000000002274,159,2.4716527495564926,1.2469317924848222,2.166755905253394,0.8885764479858602,0.14959962666034698,0.009273456634625405,0.5476486346175917,0.009273456634625405,0.0,-0.0,False,False,31,1.0,50,0.132,0.1,0.062,1.0,0.25705116987228394,0,False
290,29.113507444038987,29.060000000000002,0.09999999999999432,158,2.4588714910129537,1.2647348769023408,2.2179802532916035,0.8667051417412535,0.1459174007177353,0.00928807790574084,0.5569367125233325,0.00928807790574084,0.0,-0.0,False,False,31,1.0,50,0.152,0.1,0.062,1.0,0.25604894757270813,0,False
291,29.213812490925193,29.160000000000025,0.09999999999999432,159,2.4451901243073166,1.2818736690264672,2.269030136084078,0.8449257957054127,0.142250657081604,0.009249025204740987,0.5661857377280736,0.009249025204740987,0.0,-0.0,False,False,31,1.0,50,0.172,0.1,0.062,1.0,0.25570762157440186,0,False
292,29.31350009283051,29.26000000000002,0.09999999999999432,157,2.4306457295933575,1.298304157540185,2.3201149416738986,0.8233060302820886,0.13861078023910522,0.009181256176923279,0.5753669939049968,0.009181256176923279,0.0,-0.0,False,False,31,1.0,50,0.192,0.1,0.062,1.0,0.25583556294441223,0,False
293,29.414029479026794,29.360000000000014,0.09999999999999432,157,2.4152772707384536,1.314015347525249,2.367684878184588,0.8018916043047097,0.13500547409057617,0.006594054765643535,0.5819610486706404,0.009094054765643535,0.0,-0.0025,True,True,32,1.0,50,0.012,0.1,0.064,0.9968029856681824,-0.2905731201171875,0,False
294,29.513901310041547,29.460000000000008,0.10000000000002274,157,2.3997084803041466,1.3297344142867658,2.3185503800340292,0.7803991139345189,0.13138702511787415,0.009127206336655942,0.5910882550072963,0.009127206336655942,0.0,-0.0,False,False,32,1.0,50,0.032,0.1,0.064,0.9964568614959717,-0.2701044976711273,0,False
295,29.613663501106203,29.560000000000002,0.09999999999999432,154,2.3851004841742296,1.3462730078636742,2.2690280084080894,0.7587234997222331,0.12773774564266205,0.009204973457318702,0.6002932284646151,0.009204973457318702,0.0,-0.0,False,False,32,1.0,50,0.052,0.1,0.064,0.9962140917778015,-0.24038107693195343,0,False
296,29.71407485799864,29.660000000000025,0.09999999999999432,160,2.371336155095581,1.363510649346399,2.2221823234849256,0.7368916239617507,0.12406215816736221,0.009271332979566236,0.6095645614441814,0.009271332979566236,0.0,-0.0,False,False,32,1.0,50,0.072,0.1,0.064,0.9958993792533875,-0.22004131972789764,0,False
297,29.81404751818627,29.76000000000002,0.09999999999999432,159,2.3583613167576476,1.38133139586978,2.178171996881772,0.7149641148946546,0.12037046998739243,0.009311945533397141,0.6188765069775785,0.009311945533397141,0.0,-0.0,False,False,32,1.0,50,0.092,0.1,0.064,0.9954988956451416,-0.216739684343338,0,False
298,29.914034857880324,29.860000000000014,0.09999999999999432,157,2.346171606214649,1.3996749530595063,2.1346501561172837,0.692982659968807,0.11666969954967499,0.009334854697265655,0.6282113616748441,0.009334854697265655,0.0,-0.0,False,False,32,1.0,50,0.112,0.1,0.064,0.9953552484512329,-0.21017266809940338,0,False
299,30.014104216825217,29.960000000000008,0.10000000000002274,157,2.334776986774966,1.418503832639107,2.093003018555772,0.6709794319810188,0.11296526342630386,0.009344101053806472,0.6375554627286506,0.009344101053806472,0.0,-0.0,False,False,32,1.0,50,0.132,0.1,0.064,0.995309054851532,-0.20131225883960724,0,False
300,30.114296704996377,30.060000000000002,0.09999999999999432,159,2.324163728168358,1.4377666209028914,2.0535720111507896,0.6489903653343302,0.10926321148872375,0.009338087163373438,0.6468935498920241,0.009338087163373438,0.0,-0.0,False,False,32,1.0,50,0.152,0.1,0.064,0.9952949285507202,-0.17747391760349274,0,False
301,30.214370565023273,30.160000000000025,0.09999999999999432,156,2.314281036576035,1.4573930695821007,2.019117021885785,0.6270525007865551,0.10556977987289429,0.009316343190776307,0.6562098930828004,0.009316343190776307,0.0,-0.0,False,False,32,1.0,50,0.172,0.1,0.064,0.9957200884819031,-0.1521225869655609,0,False
302,30.31432511517778,30.26000000000002,0.09999999999999432,158,2.305037399548654,1.4773203982518657,1.9895416330706581,0.6051791145949743,0.10188720375299454,0.009288961195898188,0.6654988542786986,0.009288961195898188,0.0,-0.0,False,False,32,1.0,50,0.192,0.1,0.064,0.9962043762207031,-0.13422608375549316,0,False
303,30.41409603599459,30.360000000000014,0.09999999999999432,157,2.296348779220368,1.497520292329406,1.9628384812578108,0.5833596300079541,0.09821370244026184,0.006766070825437296,0.6722649251041359,0.009266070825437296,0.0,-0.0025,True,True,33,1.0,50,0.012,0.1,0.066,0.9398555755615234,0.22591809928417206,0,False
304,30.514297204092145,30.460000000000008,0.10000000000002274,159,2.2880325425928434,1.516815071002207,2.0064628009761085,0.5625214821049495,0.09470541775226593,0.008849327011832402,0.6811142521159683,0.008849327011832402,0.0,-0.0,False,False,33,1.0,50,0.032,0.1,0.066,0.937776505947113,0.1872982233762741,0,False
305,30.61442136298865,30.560000000000002,0.09999999999999432,159,2.2791028974174417,1.535312943206228,2.0394680903048164,0.5420631679227522,0.09126108139753342,0.008688023194372639,0.689802275310341,0.008688023194372639,0.0,-0.0,False,False,33,1.0,50,0.052,0.1,0.066,0.9374754428863525,0.15465524792671204,0,False
306,30.714447943028063,30.660000000000025,0.09999999999999432,159,2.2695578879492295,1.5534887638994237,2.068076631418069,0.5215685210497962,0.08781062811613083,0.008703452582014985,0.698505727892356,0.008703452582014985,0.0,-0.0,False,False,33,1.0,50,0.072,0.1,0.066,0.9373752474784851,0.11826391518115997,0,False
307,30.814427612815052,30.76000000000002,0.09999999999999432,156,2.2595418147542534,1.5714101356501013,2.090627400818576,0.5010501096763074,0.08435617387294769,0.008713544641898002,0.707219272534254,0.008713544641898002,0.0,-0.0,False,False,33,1.0,50,0.092,0.1,0.066,0.9370477199554443,0.08547098189592361,0,False
308,30.914561801124364,30.860000000000014,0.09999999999999432,158,2.24919343417074,1.5891357863499407,2.106973766712426,0.4805275826630614,0.08090102672576904,0.008715292428805123,0.7159345649630591,0.008715292428805123,0.0,-0.0,False,False,33,1.0,50,0.112,0.1,0.066,0.936646580696106,0.062051162123680115,0,False
309,31.014517131261528,30.960000000000008,0.10000000000002274,158,2.2385979218712495,1.6067222588267913,2.1186773927287095,0.45999602779486437,0.07744435966014862,0.008719126283956219,0.7246536912470153,0.008719126283956219,0.0,-0.0,False,False,33,1.0,50,0.132,0.1,0.066,0.9367300868034363,0.042848143726587296,0,False
310,31.114480371121317,31.060000000000002,0.09999999999999432,157,2.2278216965939044,1.6242174417913826,2.1265780351231958,0.43944880694307586,0.07398505508899689,0.008725779150247807,0.7333794703972631,0.008725779150247807,0.0,-0.0,False,False,33,1.0,50,0.152,0.1,0.066,0.937080442905426,0.029533572494983673,0,False
311,31.21465172013268,31.160000000000025,0.09999999999999432,158,2.216912190005531,1.641658724572436,2.1320615435630126,0.4188787066745732,0.07052189856767654,0.008735495341978754,0.7421149657392418,0.008735495341978754,0.0,-0.0,False,False,33,1.0,50,0.172,0.1,0.066,0.9374677538871765,0.020507603883743286,0,False
312,31.31481094798073,31.26000000000002,0.09999999999999432,158,2.205932264352313,1.6590657246651137,2.135963391023047,0.3983017470064754,0.06705758720636368,0.008738408320157282,0.7508533740593991,0.008738408320157282,0.0,-0.0,False,False,33,1.0,50,0.192,0.1,0.066,0.9383172988891602,0.011022956110537052,0,False
313,31.414500260259956,31.360000000000014,0.09999999999999432,157,2.1948412494529204,1.6764623684116202,2.141652912119115,0.3776767272870207,0.06358518451452255,0.006258817960814532,0.7571121920202136,0.008758817960814532,0.0,-0.0025,True,True,34,1.0,50,0.012,0.1,0.068,0.8987572193145752,-0.22195982933044434,0,False
314,31.51495471596718,31.460000000000008,0.10000000000002274,156,2.184355763373971,1.693591604501354,2.0971506304681413,0.3575935558813917,0.06020400673151016,0.008528711478118789,0.7656409034983325,0.008528711478118789,0.0,-0.0,False,False,34,1.0,50,0.032,0.1,0.068,0.8995104432106018,-0.16119340062141418,0,False
315,31.61484875716269,31.560000000000002,0.09999999999999432,157,2.1745666031192243,1.7108510781177637,2.0700367013224032,0.3377581858179112,0.05686454847455025,0.008423477792243709,0.7740643812905762,0.008423477792243709,0.0,-0.0,False,False,34,1.0,50,0.052,0.1,0.068,0.8999534249305725,-0.11108772456645966,0,False
316,31.714630987960845,31.660000000000025,0.09999999999999432,156,2.16521297686438,1.728317924411909,2.0507199089071406,0.31797244682956605,0.05353344604372978,0.008402400985616494,0.7824667822761927,0.008402400985616494,0.0,-0.0,False,False,34,1.0,50,0.072,0.1,0.068,0.9004663825035095,-0.06712398678064346,0,False
317,31.814886236097664,31.76000000000002,0.09999999999999432,156,2.1561974100837253,1.745972939451439,2.038338853461176,0.2982069320064788,0.05020574852824211,0.00839381239834176,0.7908605946745345,0.00839381239834176,0.0,-0.0,False,False,34,1.0,50,0.092,0.1,0.068,0.9008204340934753,-0.03331078216433525,0,False
318,31.91499043488875,31.860000000000014,0.09999999999999432,159,2.147325730940867,1.763743282815509,2.0323516038257545,0.27842791965515595,0.04687577858567238,0.008399544387660782,0.7992601390621953,0.008399544387660782,0.0,-0.0,False,False,34,1.0,50,0.112,0.1,0.068,0.9009255170822144,-0.010066020302474499,0,False
319,32.01505553396419,31.960000000000008,0.10000000000002274,158,2.138535515910823,1.7815606314635948,2.0311141034952946,0.25866550262543425,0.04354860261082649,0.008392496859809525,0.8076526359220048,0.008392496859809525,0.0,-0.0,False,False,34,1.0,50,0.132,0.1,0.068,0.9008268117904663,0.006852460093796253,0,False
320,32.11481372592971,32.06,0.09999999999999432,157,2.1297334792496354,1.7993120732876176,2.033311694056553,0.23896948900921267,0.04023260623216629,0.008364297351700663,0.8160169332737054,0.008364297351700663,0.0,-0.0,False,False,34,1.0,50,0.152,0.1,0.068,0.9010751843452454,0.022376704961061478,0,False
321,32.2157270279713,32.160000000000025,0.10099999999999909,150,2.1208169194351605,1.8170404853634352,2.0380742970631167,0.21925079512013618,0.036912791430950165,0.008373928973097383,0.8243908622468028,0.008373928973097383,0.0,-0.0,False,False,34,1.0,50,0.172,0.1,0.068,0.9012017846107483,0.03429039567708969,0,False
322,32.30127750011161,32.26000000000002,0.0,128,2.1118245688149857,1.8347403242482265,2.045450642716742,0.1995382083094089,0.033594004809856415,1.508371335482848,2.332762197729651,0.008371335482848121,1.5,-0.0,False,False,34,1.0,50,0.192,0.1,0.068,0.9011622071266174,0.042246125638484955,1,True
