ppo_step,t_wall_s,t_sim_s,ppo_step_sim_dt,inner_ticks,x,y,yaw,goal_distance_m,goal_distance_norm,ppo_reward,ppo_reward_cumulative,navigation_reward,terminal_reward,frame_cost_reward,fresh_observation,frame_consumed,episode_frame_count,current_fps,scan_divisor_k,obs_age_ratio,fps_ratio,frame_count_ratio,action_linear,action_angular,outcome,done
1,0.041053547989577055,0.040000000000000036,0.10099999999999998,25,2.4735405052478185,2.494818804055509,-2.9613946147529986,2.034627142158432,0.34254729747772217,0.00023789404190680192,0.00023789404190680192,0.00023789404190680192,0.0,-0.0,False,False,1,10.0,5,0.008,1.0,0.002,0.9998958110809326,0.06799495220184326,0,False
2,0.14110186509788036,0.14,0.10000000000000003,140,2.465228160657755,2.4933419970388537,-2.967988776585947,2.0262053926064643,0.3411294221878052,0.0016382255713913827,0.0018761196132981847,0.004138225571391383,0.0,-0.0025,True,True,2,10.0,5,0.008,1.0,0.004,0.9998827576637268,0.07927063852548599,0,False
3,0.24057432590052485,0.24,0.09999999999999998,161,2.4472930232001486,2.4902392853517465,-2.972249435936137,2.0080549787357933,0.33807364106178284,0.006418634583878948,0.008294754197177134,0.008918634583878949,0.0,-0.0025,True,True,3,10.0,5,0.008,1.0,0.006,0.9993690252304077,0.08455255627632141,0,False
4,0.3412020979449153,0.3400000000000001,0.10000000000000009,160,2.425701539333798,2.486320953251083,-2.9519654063173015,1.9861606603118995,0.33438754081726074,0.008258290520379121,0.016553044717556253,0.010758290520379122,0.0,-0.0025,True,True,4,10.0,5,0.008,1.0,0.008,0.9982151985168457,0.12765783071517944,0,False
5,0.4412230448797345,0.44000000000000006,0.09999999999999998,158,2.404238204797043,2.4819191015772297,-2.9256512281900817,1.964273245541792,0.33070260286331177,0.008254898247020982,0.024807942964577237,0.010754898247020982,0.0,-0.0025,True,True,5,10.0,5,0.008,1.0,0.01,0.9970476031303406,0.09095136821269989,0,False
6,0.540801515802741,0.54,0.09999999999999998,158,2.3828811161471815,2.47707714145406,-2.9100352872213278,1.9423810513190631,0.3270168602466583,0.00825724674396124,0.03306518970853847,0.01075724674396124,0.0,-0.0025,True,True,6,10.0,5,0.008,1.0,0.012,0.9918127059936523,0.01091746799647808,0,False
7,0.6408594627864659,0.64,0.09999999999999998,156,2.3616502401284363,2.472100937348872,-2.91173210183342,1.920578250562026,0.32334616780281067,0.008213321153042451,0.04127851086158092,0.010713321153042452,0.0,-0.0025,True,True,7,10.0,5,0.008,1.0,0.014,0.9840856790542603,-0.06760691851377487,0,False
8,0.7413971060886979,0.74,0.09999999999999998,159,2.3404856662306313,2.467325925655299,-2.9264480389174468,1.8988894486008412,0.3196946680545807,0.00815730515194985,0.049435816013530774,0.010657305151949851,0.0,-0.0025,True,True,8,10.0,5,0.008,1.0,0.016,0.965914249420166,0.14548638463020325,0,False
9,0.841377423144877,0.8400000000000001,0.10000000000000009,158,2.3198494222954174,2.462432065147311,-2.892988595439835,1.8776835483711547,0.31612446904182434,0.007920019979620283,0.057355835993151055,0.010420019979620283,0.0,-0.0025,True,True,9,10.0,5,0.008,1.0,0.018,0.972737729549408,-0.2466910034418106,0,False
10,1.0414836658164859,1.04,0.19999999999999996,315,2.2818721570293232,2.454685454935387,-3.024189396262928,1.8389690970561394,0.30960655212402344,0.01652326012256542,0.07387909611571647,0.01902326012256542,0.0,-0.0025,True,True,11,10.0,5,0.008,1.0,0.022,0.9933571815490723,0.3972781300544739,0,False
11,1.2412632331252098,1.24,0.19999999999999996,316,2.242752185769495,2.4497804062440522,-2.99336847034721,1.7998575971400423,0.30302178859710693,0.016718359331339444,0.09059745544705591,0.019218359331339443,0.0,-0.0025,True,True,13,10.0,5,0.008,1.0,0.026,0.9993274807929993,0.04673241078853607,0,False
12,1.3413820089772344,1.34,0.10000000000000009,159,2.2210469854875927,2.4464760542219652,-2.987524742320823,1.7780167377787999,0.2993446886539459,0.008232022147195955,0.09882947759425187,0.010732022147195956,0.0,-0.0025,True,True,14,10.0,5,0.008,1.0,0.028,0.9991076588630676,-0.005930808838456869,0,False
13,1.4416506038978696,1.4400000000000002,0.10000000000000009,156,2.1993332058433803,2.443122770921125,-2.990559753651533,1.756157999724419,0.29566457867622375,0.008240807265379756,0.10707028485963163,0.010740807265379756,0.0,-0.0025,True,True,15,10.0,5,0.008,1.0,0.03,0.9989653825759888,-0.04421021789312363,0,False
14,1.641405169852078,1.64,0.19999999999999973,317,2.156019299060007,2.4365569000317335,-2.985621888310168,1.7125950592504073,0.2883303761482239,0.018905679796359272,0.1259759646559909,0.02140567979635927,0.0,-0.0025,True,True,17,10.0,5,0.008,1.0,0.034,0.9973875880241394,-0.04078125208616257,0,False
15,1.7419384131208062,1.74,0.10000000000000009,159,2.13431300247121,2.4332517592324376,-2.99456986558644,1.6907649979117534,0.2846550941467285,0.008226716283738422,0.1342026809397293,0.010726716283738422,0.0,-0.0025,True,True,18,10.0,5,0.008,1.0,0.036,0.9973095655441284,-0.102812260389328,0,False
16,1.841502774041146,1.84,0.10000000000000009,156,2.112526847108093,2.430296693984615,-3.018563525231525,1.6689512221153642,0.2809825539588928,0.008218713997868004,0.1424213949375973,0.010718713997868005,0.0,-0.0025,True,True,19,10.0,5,0.008,1.0,0.038,0.9932534098625183,-0.24339453876018524,0,False
17,1.9418379180133343,1.9400000000000002,0.10000000000000009,159,2.090670779479145,2.4281788001233613,-3.0687006290103196,1.6472919819537248,0.2773360311985016,0.008142779263467868,0.1505641742010652,0.010642779263467869,0.0,-0.0025,True,True,20,10.0,5,0.008,1.0,0.04,0.9928861260414124,-0.06442280858755112,0,False
18,2.141805742867291,2.1399999999999997,0.19999999999999973,318,2.047073641873016,2.424694627339059,-3.011700816940827,1.6043075322636342,0.2700992226600647,0.0186214246852254,0.1691855988862906,0.0211214246852254,0.0,-0.0025,True,True,22,10.0,5,0.008,1.0,0.044,0.9983982443809509,0.27658629417419434,0,False
19,2.2419475889764726,2.24,0.10000000000000009,160,2.0254405243766724,2.4213865970658275,-2.9634680622628675,1.582572351910348,0.26643991470336914,0.008180094270406748,0.17736569315669734,0.010680094270406748,0.0,-0.0025,True,True,23,10.0,5,0.008,1.0,0.046,0.9956794381141663,0.07872023433446884,0,False
20,2.3419965147040784,2.34,0.10000000000000009,158,2.0039156319728386,2.417367794732882,-2.953338721966642,1.560755566828975,0.26276686787605286,0.00822019268112675,0.1855858858378241,0.01072019268112675,0.0,-0.0025,True,True,24,10.0,5,0.008,1.0,0.048,0.9948086142539978,0.033260129392147064,0,False
21,2.4417396751232445,2.4400000000000004,0.10000000000000009,159,1.982444186907601,2.4131627362249577,-2.9468387608028395,1.5389424990996405,0.2590944468975067,0.008218366072395487,0.19380425191021958,0.010718366072395487,0.0,-0.0025,True,True,25,10.0,5,0.008,1.0,0.05,0.9923125505447388,0.03163791820406914,0,False
22,2.541796580888331,2.54,0.10000000000000009,159,1.9610441216986898,2.4088396260961167,-2.937499932317275,1.5171683750583302,0.25542858242988586,0.008199230171401117,0.2020034820816207,0.010699230171401118,0.0,-0.0025,True,True,26,10.0,5,0.008,1.0,0.052,0.9919590353965759,0.31357288360595703,0,False
23,2.741815494839102,2.74,0.19999999999999973,319,1.9191863965870921,2.3976486895761866,-2.8377371072398816,1.473843433623175,0.24813444912433624,0.018788733346873393,0.2207922154284941,0.021288733346873392,0.0,-0.0025,True,True,28,10.0,5,0.008,1.0,0.056,0.9864820837974548,0.08493936061859131,0,False
24,2.8422853089869022,2.84,0.10000000000000009,161,1.898541724332993,2.3910259011667296,-2.8253413017716333,1.4521777323496587,0.24448683857917786,0.00814595408340563,0.22893816951189971,0.01064595408340563,0.0,-0.0025,True,True,29,10.0,5,0.008,1.0,0.058,0.9683486819267273,-0.08841671049594879,0,False
25,2.9423835049383342,2.9400000000000004,0.10000000000000009,159,1.8784410924716937,2.384633983475446,-2.8452967124880026,1.4310985761228143,0.2409379780292511,0.007857741320020506,0.23679591083192023,0.010357741320020507,0.0,-0.0025,True,True,30,10.0,5,0.008,1.0,0.06,0.9077930450439453,-0.021335981786251068,0,False
26,3.142500567715615,3.1399999999999997,0.19999999999999973,316,1.8402076806168277,2.3723068626240686,-2.7700891389187587,1.3909597594183187,0.2341802567243576,0.017223155701433,0.2540190665333532,0.019723155701432998,0.0,-0.0025,True,True,32,10.0,5,0.008,1.0,0.064,0.7665669918060303,0.3157612383365631,0,False
27,3.2422234578989446,3.24,0.10000000000000009,157,1.825895490385361,2.3662884636745924,-2.7122281573813836,1.3755602745646387,0.23158761858940125,0.00506690063205009,0.2590859671654033,0.007566900632050091,0.0,-0.0025,True,True,33,10.0,5,0.008,1.0,0.066,-0.08636999875307083,-0.6220033168792725,0,False
28,3.3425691719166934,3.34,0.10000000000000009,159,1.8169193203611849,2.3619635559536922,-2.6835004402478564,1.3657577057470718,0.22993727028369904,0.0023167237336926814,0.26140269089909596,0.0048167237336926814,0.0,-0.0025,True,True,34,10.0,5,0.008,1.0,0.068,-0.17320050299167633,-0.5673788785934448,0,False
29,3.442689238116145,3.4400000000000004,0.10000000000000009,158,1.8134307681935964,2.3602472730755655,-2.698839409980079,1.3619392771363121,0.22929440438747406,-0.0006237249075062023,0.26077896599158973,0.0018762750924937977,0.0,-0.0025,True,True,35,10.0,5,0.008,1.0,0.07,-0.12435121089220047,-0.5276052951812744,0,False
30,3.542394848074764,3.54,0.10000000000000009,158,1.8137188195419536,2.360337486754399,-2.7814880959985917,1.362240913701735,0.2293451875448227,-0.00264821625133796,0.25813074974025174,-0.00014821625133795997,0.0,-0.0025,True,True,36,10.0,5,0.008,1.0,0.072,0.14879335463047028,-0.46561959385871887,0,False
31,3.742549430113286,3.74,0.1999999999999993,318,1.8046162999753432,2.3577877937658345,-2.900930943408937,1.3527881300093298,0.22775372862815857,0.0021448485502163117,0.26027559829046804,0.004644848550216312,0.0,-0.0025,True,True,38,10.0,5,0.008,1.0,0.076,0.5035879611968994,0.6980218887329102,0,False
32,3.842320018913597,3.84,0.10000000000000053,159,1.7973177927510737,2.355781753564778,-2.823795462053845,1.3452189816999431,0.2264793962240219,0.0012192798116679913,0.261494878102136,0.0037192798116679913,0.0,-0.0025,True,True,39,10.0,5,0.008,1.0,0.078,0.5245570540428162,0.7522723078727722,0,False
33,3.9426158238202333,3.9400000000000004,0.09999999999999964,157,1.7875444794814073,2.351800175782629,-2.6794798935499085,1.33474127094545,0.22471538186073303,0.0026484706718397388,0.2641433487739758,0.005148470671839739,0.0,-0.0025,True,True,40,10.0,5,0.008,1.0,0.08,0.013920629397034645,-0.5201966166496277,0,False
34,4.042785139754415,4.04,0.10000000000000053,159,1.7780565167873323,2.3466140256095156,-2.625986234423768,1.3242241739610234,0.2229447364807129,0.002667824026254487,0.26681117280023026,0.005167824026254487,0.0,-0.0025,True,True,41,10.0,5,0.008,1.0,0.082,0.04675130918622017,-0.4293798506259918,0,False
35,4.142328219953924,4.140000000000001,0.09999999999999964,157,1.7722447131867987,2.3433046670378284,-2.6378511806600464,1.3177498743354044,0.22185473144054413,0.0006813000496228507,0.2674924728498531,0.0031813000496228507,0.0,-0.0025,True,True,42,10.0,5,0.008,1.0,0.084,0.02813865803182125,-0.41471779346466064,0,False
36,4.242504025809467,4.24,0.09999999999999964,159,1.7708590886861697,2.342564979041203,-2.7079272911898635,1.3162193873960586,0.22159706056118011,-0.0017479590909229444,0.26574451375893016,0.0007520409090770555,0.0,-0.0025,True,True,43,10.0,5,0.008,1.0,0.086,-0.032021746039390564,-0.44194987416267395,0,False
37,4.342686460819095,4.34,0.10000000000000053,159,1.7711023851919852,2.342673114347711,-2.7947781853500993,1.3164825228153667,0.22164136171340942,-0.002629297803763969,0.2631152159551662,-0.00012929780376396883,0.0,-0.0025,True,True,44,10.0,5,0.008,1.0,0.088,0.16207264363765717,-0.13401615619659424,0,False
38,4.4429463557899,4.44,0.09999999999999964,157,1.768533632830729,2.3418262384094133,-2.828145719970176,1.3137818665592795,0.22118668258190155,-0.0011729687567274332,0.2619422471984387,0.0013270312432725668,0.0,-0.0025,True,True,45,10.0,5,0.008,1.0,0.09,0.20737099647521973,0.06264300644397736,0,False
39,4.542740555014461,4.54,0.10000000000000053,157,1.7643744018201972,2.3404393245288766,-2.814224339008913,1.309405038567284,0.2204498052597046,-0.00034934218165802444,0.2615929050167807,0.0021506578183419756,0.0,-0.0025,True,True,46,10.0,5,0.008,1.0,0.092,0.15681782364845276,-0.03604292497038841,0,False
40,4.6428019921295345,4.640000000000001,0.09999999999999964,156,1.7607566806778454,2.3392319803697554,-2.82263177948152,1.3055978505210222,0.21980883181095123,-0.0006292482243841131,0.2609636567923966,0.001870751775615887,0.0,-0.0025,True,True,47,10.0,5,0.008,1.0,0.094,0.23982468247413635,0.055208101868629456,0,False
41,4.743042126763612,4.74,0.09999999999999964,158,1.7561406660362515,2.3376721124662647,-2.809891213539177,1.3007351115125443,0.21899014711380005,-0.00011057832606960064,0.260853078466327,0.0023894216739303994,0.0,-0.0025,True,True,48,10.0,5,0.008,1.0,0.096,0.1424332559108734,0.006409601774066687,0,False
42,4.842771345749497,4.84,0.10000000000000053,156,1.7529419780492537,2.3365717418658765,-2.8087301266925495,1.2973604639284952,0.21842199563980103,-0.000841787197473381,0.26001129126885364,0.001658212802526619,0.0,-0.0025,True,True,49,10.0,5,0.008,1.0,0.098,0.1881430745124817,0.09174785017967224,0,False
43,4.942818162031472,4.94,0.09999999999999964,157,1.7491132536522667,2.3352053240700754,-2.7883368100704153,1.2933083731895911,0.2177397906780243,-0.0005089095015402044,0.25950238176731344,0.0019910904984597956,0.0,-0.0025,True,True,50,10.0,5,0.008,1.0,0.1,0.17985080182552338,0.09188035875558853,0,False
44,5.043166875839233,5.04,0.10000000000000053,160,1.7456145693234058,2.3338863140131827,-2.770310207462988,1.2895873923072736,0.21711333096027374,-0.0006716081506761356,0.2588307736166373,0.0018283918493238645,0.0,-0.0025,True,True,51,10.0,5,0.008,1.0,0.102,0.11351025849580765,0.03288494050502777,0,False
45,5.143220623023808,5.140000000000001,0.09999999999999964,159,1.7433965996200782,2.333020745753402,-2.766331590416965,1.2872210322095203,0.21671493351459503,-0.0013372330704901308,0.2574935405461472,0.0011627669295098692,0.0,-0.0025,True,True,52,10.0,5,0.008,1.0,0.104,0.020334778353571892,-0.0775010883808136,0,False
46,5.243405638728291,5.24,0.09999999999999964,159,1.7426782503558034,2.33274340098244,-2.783153382223086,1.286455346197938,0.21658602356910706,-0.0021237620920410397,0.2553697784541062,0.0003762379079589605,0.0,-0.0025,True,True,53,10.0,5,0.008,1.0,0.106,0.11174212396144867,0.04236819967627525,0,False
47,5.342944348696619,5.34,0.10000000000000053,158,1.7407676122870799,2.3320154048763775,-2.771175846547565,1.2844214235824993,0.21624359488487244,-0.0015005840798871964,0.253869194374219,0.0009994159201128037,0.0,-0.0025,True,True,54,10.0,5,0.008,1.0,0.108,0.02727496437728405,0.01424955204129219,0,False
48,5.443254343699664,5.44,0.09999999999999964,159,1.7403486130783274,2.3318533119039033,-2.768473808472327,1.2839748102875688,0.21616840362548828,-0.0022805460081423137,0.2515886483660767,0.00021945399185768636,0.0,-0.0025,True,True,55,10.0,5,0.008,1.0,0.11,-0.00583800021559,0.017961150035262108,0,False
49,5.543190971016884,5.54,0.10000000000000053,159,1.7401701084227752,2.33178417798734,-2.7660538548963243,1.283784517266542,0.2161363661289215,-0.0024064950292322623,0.24918215333684443,9.350497076773763e-05,0.0,-0.0025,True,True,56,10.0,5,0.008,1.0,0.112,0.029602905735373497,-0.07000058144330978,0,False
50,5.643501315731555,5.640000000000001,0.09999999999999964,158,1.7394928087755848,2.3315234088022976,-2.781157719017568,1.2830628199207506,0.21601486206054688,-0.0021453769620278073,0.24703677637481664,0.00035462303797219286,0.0,-0.0025,True,True,57,10.0,5,0.008,1.0,0.114,0.0637148916721344,0.08620023727416992,0,False
51,5.7433130741119385,5.74,0.09999999999999964,159,1.7382728249833486,2.33105026390232,-2.7611129474997735,1.281762012232365,0.2157958596944809,-0.0018608174161054295,0.2451759589587112,0.0006391825838945705,0.0,-0.0025,True,True,58,10.0,5,0.008,1.0,0.116,-0.032575640827417374,-0.16701334714889526,0,False
52,5.843563538976014,5.84,0.10000000000000053,159,1.738596836989984,2.3311681729960445,-2.794840676160836,1.2821055132624135,0.21585369110107422,-0.002668787344906738,0.24250717161380445,-0.00016878734490673785,0.0,-0.0025,True,True,59,10.0,5,0.008,1.0,0.118,0.05964323505759239,0.07928968966007233,0,False
53,5.9434869471006095,5.94,0.09999999999999964,156,1.7375482883521218,2.330777780274749,-2.7741733794138086,1.2809917237849253,0.21566617488861084,-0.0019527132315622815,0.24055445838224215,0.0005472867684377185,0.0,-0.0025,True,True,60,10.0,5,0.008,1.0,0.12,0.06593449413776398,0.09067851305007935,0,False
54,6.043244386091828,6.04,0.10000000000000053,157,1.736420017837008,2.330339176821994,-2.757132990370201,1.2797884523333636,0.21546359360218048,-0.0019087441499593732,0.23864571423228279,0.0005912558500406268,0.0,-0.0025,True,True,61,10.0,5,0.008,1.0,0.122,0.01127165462821722,0.026173513382673264,0,False
55,6.143507460132241,6.140000000000001,0.09999999999999964,160,1.736262625586689,2.330275973503302,-2.755755854130567,1.2796200208826594,0.2154352366924286,-0.002417237228199467,0.2362284770040833,8.276277180053272e-05,0.0,-0.0025,True,True,62,10.0,5,0.008,1.0,0.124,-0.07938439399003983,-0.14167334139347076,0,False
56,6.24368459591642,6.24,0.09999999999999964,159,1.7374896580933417,2.33075083832708,-2.7863745555838775,1.2809280862583587,0.21565546095371246,-0.003142748819989078,0.23308572818409423,-0.0006427488199890778,0.0,-0.0025,True,True,63,10.0,5,0.008,1.0,0.126,0.07927434891462326,0.04845146834850311,0,False
57,6.34340844489634,6.34,0.10000000000000053,158,1.7359181459860107,2.330156760339411,-2.7731300039507234,1.2792565169583074,0.21537403762340546,-0.0016786349405025023,0.23140709324359174,0.0008213650594974978,0.0,-0.0025,True,True,64,10.0,5,0.008,1.0,0.128,0.11498036235570908,0.12306835502386093,0,False
58,6.444554581772536,6.44,0.10099999999999998,162,1.7338235657432324,2.329322782877596,-2.7474391611456466,1.2770176974388332,0.21499711275100708,-0.0013999031462466522,0.23000719009734508,0.0011000968537533478,0.0,-0.0025,True,True,65,10.0,5,0.008,1.0,0.13,-0.03676268085837364,-0.07739896327257156,0,False
59,6.5448696268722415,6.54,0.09999999999999964,159,1.7340066008253452,2.329395991294971,-2.7623448164370896,1.277213389471154,0.21503005921840668,-0.002596157902496395,0.22741103219484868,-9.615790249639484e-05,0.0,-0.0025,True,True,66,10.0,5,0.008,1.0,0.132,0.00273873726837337,-0.07221272587776184,0,False
60,6.645514447707683,6.640000000000001,0.10099999999999998,161,1.7334765063209374,2.3291899490532497,-2.7748017661016475,1.276648086436132,0.21493488550186157,-0.002222225000793792,0.22518880719405487,0.000277774999206208,0.0,-0.0025,True,True,67,10.0,5,0.008,1.0,0.134,0.26267021894454956,0.045829907059669495,0,False
61,6.745434805750847,6.74,0.10000000000000053,159,1.72890607872154,2.327434904529758,-2.768623583079526,1.2717797713995962,0.21411526203155518,-0.00010783841297270494,0.22508096878108216,0.002392161587027295,0.0,-0.0025,True,True,68,10.0,5,0.008,1.0,0.136,0.08293072134256363,0.17560860514640808,0,False
62,6.846345074940473,6.84,0.10099999999999998,163,1.7271020630480418,2.326709423815843,-2.7372371813164573,1.2698498461328582,0.21379034221172333,-0.0015516856336789011,0.22352928314740325,0.0009483143663210988,0.0,-0.0025,True,True,69,10.0,5,0.008,1.0,0.138,0.02949669398367405,-0.2342822402715683,0,False
63,6.947675870731473,6.94,0.10099999999999998,160,1.7255397165178192,2.3260608200029873,-2.7574391362812114,1.2681732318550403,0.21350806951522827,-0.001676155971510104,0.22185312717589314,0.0008238440284898961,0.0,-0.0025,True,True,70,10.0,5,0.008,1.0,0.14,0.046572525054216385,-0.0674053505063057,0,False
64,7.048570400103927,7.04,0.10099999999999998,160,1.7245449164924698,2.3256463275883617,-2.7523558233734167,1.267105289719362,0.2133282721042633,-0.001975241405914572,0.21987788576997858,0.000524758594085428,0.0,-0.0025,True,True,71,10.0,5,0.008,1.0,0.142,-0.27819517254829407,0.3723430335521698,0,False
65,7.149756936822087,7.140000000000001,0.10099999999999998,162,1.727976591387946,2.3271706217955783,-2.7051845577195954,1.27081352539469,0.21395258605480194,-0.00432212919081669,0.21555575657916187,-0.0018221291908166897,0.0,-0.0025,True,True,72,10.0,5,0.008,1.0,0.144,-0.2595966160297394,0.17057585716247559,0,False
66,7.249526746105403,7.24,0.09999999999999964,158,1.733100992465509,2.32966075025226,-2.6748276175025256,1.2764068125871466,0.21489426493644714,-0.005248393780310374,0.2103073627988515,-0.0027483937803103736,0.0,-0.0025,True,True,73,10.0,5,0.008,1.0,0.146,-0.048992983996868134,-0.5309066772460938,0,False
67,7.35075210314244,7.34,0.10099999999999998,161,1.737514460902062,2.331830772106743,-2.692286226473727,1.2812313159746551,0.21570651233196259,-0.004870633698408547,0.20543672910044297,-0.0023706336984085476,0.0,-0.0025,True,True,74,10.0,5,0.008,1.0,0.148,0.5083284378051758,0.37400728464126587,0,False
68,7.4504578220658,7.44,0.10000000000000053,159,1.735346156174772,2.33073565027499,-2.674570506641747,1.2788534497872583,0.21530617773532867,-0.0013315792815599714,0.204105149818883,0.0011684207184400287,0.0,-0.0025,True,True,75,10.0,5,0.008,1.0,0.15,0.48500126600265503,0.41733986139297485,0,False
69,7.5516605488955975,7.54,0.10099999999999998,161,1.7275908268273032,2.3265270971485603,-2.6112751424405176,1.2702752174161391,0.21386195719242096,0.0017151171008413777,0.20582026691972438,0.004215117100841378,0.0,-0.0025,True,True,76,10.0,5,0.008,1.0,0.152,0.6766932606697083,0.5348982214927673,0,False
70,7.651650515850633,7.640000000000001,0.09999999999999964,157,1.7161718534408166,2.3191229483721276,-2.510374720638302,1.2573437887909842,0.21168483793735504,0.0038541629065346364,0.20967442982625903,0.006354162906534636,0.0,-0.0025,True,True,77,10.0,5,0.008,1.0,0.154,-0.12365640699863434,0.04442737251520157,0,False
71,7.75265005370602,7.74,0.10099999999999998,161,1.7107318191087615,2.314766607205107,-2.4057911904537534,1.2509794165756514,0.21061334013938904,0.0006272846199978821,0.21030171444625692,0.003127284619997882,0.0,-0.0025,True,True,78,10.0,5,0.008,1.0,0.156,0.21998128294944763,0.41530150175094604,0,False
72,7.852798520121723,7.84,0.09999999999999964,160,1.7071228808455927,2.31120325166957,-2.3265390173689218,1.246592587136504,0.20987477898597717,-0.00034442773435712894,0.20995728671189978,0.002155572265642871,0.0,-0.0025,True,True,79,10.0,5,0.008,1.0,0.158,0.8082937002182007,0.19264158606529236,0,False
73,7.953329422045499,7.9399999999999995,0.10100000000000087,159,1.699497592240549,2.3022873286877945,-2.241170873022718,1.2370012878264678,0.20825999975204468,0.0022129114707983865,0.21217019818269817,0.004712911470798387,0.0,-0.0025,True,True,80,10.0,5,0.008,1.0,0.16,-0.16118411719799042,0.11051718890666962,0,False
74,8.054428440053016,8.040000000000001,0.10099999999999909,160,1.695523491941799,2.296921974159027,-2.162255415419424,1.2318438159063534,0.20739169418811798,3.424565191011055e-05,0.21220444383460826,0.0025342456519101106,0.0,-0.0025,True,True,81,10.0,5,0.008,1.0,0.162,-0.39281490445137024,-0.6210600733757019,0,False
75,8.154925992712379,8.14,0.09999999999999964,159,1.6944382545450394,2.295273237681326,-2.154721173367797,1.2303938715945117,0.20714758336544037,-0.001787535613433843,0.21041690822117443,0.0007124643865661571,0.0,-0.0025,True,True,82,10.0,5,0.008,1.0,0.164,-0.40913835167884827,-0.5716564059257507,0,False
76,8.255376565735787,8.24,0.10000000000000142,158,1.6963242588332272,2.2980179011540662,-2.198241998604472,1.2328853825442334,0.20756705105304718,-0.003724262756796261,0.20669264546437816,-0.0012242627567962611,0.0,-0.0025,True,True,83,10.0,5,0.008,1.0,0.166,-0.39477813243865967,-0.5901017189025879,0,False
77,8.355750139802694,8.34,0.09999999999999964,160,1.7010618175886083,2.3038722017573248,-2.3055575537399755,1.2389058996959903,0.20858065783977509,-0.005458323312354886,0.20123432215202328,-0.0029583233123548856,0.0,-0.0025,True,True,84,10.0,5,0.008,1.0,0.168,0.08604824542999268,0.3122454583644867,0,False
78,8.455645276699215,8.44,0.09999999999999964,158,1.7054162623836113,2.308452759010754,-2.3476140585773346,1.244255346296387,0.20948128402233124,-0.0051285769456753515,0.19610574520634794,-0.002628576945675351,0.0,-0.0025,True,True,85,10.0,5,0.008,1.0,0.17,0.8618942499160767,0.2719602882862091,0,False
79,8.555805912707001,8.540000000000001,0.09999999999999964,159,1.7035946062720582,2.306703494636034,-2.3824760627138883,1.2420575946661014,0.2091112732887268,-0.0014200828236586838,0.19468566238268925,0.0010799171763413162,0.0,-0.0025,True,True,86,10.0,5,0.008,1.0,0.172,0.882849395275116,0.3860146999359131,0,False
80,8.655808330047876,8.64,0.09999999999999964,159,1.6956738849600366,2.299419282626385,-2.4064143231692436,1.2325940129511077,0.20751799643039703,0.0021501544136738452,0.19683581679636308,0.004650154413673845,0.0,-0.0025,True,True,87,10.0,5,0.008,1.0,0.174,0.17662639915943146,0.0035471171140670776,0,False
81,8.755757916718721,8.74,0.10000000000000142,160,1.6915720692289562,2.295718878953979,-2.4121435949427243,1.2277188827691679,0.2066972255706787,-0.0001044896302987942,0.19673132716606428,0.002395510369701206,0.0,-0.0025,True,True,88,10.0,5,0.008,1.0,0.176,0.1787031590938568,0.019132334738969803,0,False
82,8.85573598369956,8.84,0.09999999999999964,159,1.688688533105151,2.2931209576405855,-2.405905093224257,1.2242958211002344,0.20612092316150665,-0.0008179977932827227,0.19591332937278155,0.0016820022067172773,0.0,-0.0025,True,True,89,10.0,5,0.008,1.0,0.178,0.1692308634519577,0.031182607635855675,0,False
83,8.956019457895309,8.94,0.09999999999999964,159,1.6859250978100067,2.290603867725987,-2.3982975279071956,1.2210114520656956,0.20556797087192535,-0.0008861476952329265,0.19502718167754862,0.0016138523047670736,0.0,-0.0025,True,True,90,10.0,5,0.008,1.0,0.18,0.17885087430477142,0.048648666590452194,0,False
84,9.056165514048189,9.040000000000001,0.09999999999999964,152,1.6831194143773407,2.288003885533098,-2.388058511614559,1.2176690215326482,0.2050052434206009,-0.0008576178064777405,0.19416956387107087,0.0016423821935222596,0.0,-0.0025,True,True,91,10.0,5,0.008,1.0,0.182,0.1617133468389511,0.06142584607005119,0,False
85,9.15610264101997,9.14,0.09999999999999964,159,1.6802202745622148,2.285250564314269,-2.376283981326259,1.214202502248215,0.20442162454128265,-0.0007966438674003435,0.19337292000367054,0.0017033561325996566,0.0,-0.0025,True,True,92,10.0,5,0.008,1.0,0.184,0.6585279107093811,0.3321061134338379,0,False
86,9.256382916122675,9.24,0.10000000000000142,159,1.6727730320535992,2.278071025166654,-2.362574996868347,1.2052883805678882,0.2029208540916443,0.0018801642469174584,0.195253084250588,0.0043801642469174585,0.0,-0.0025,True,True,93,10.0,5,0.008,1.0,0.186,0.8062076568603516,0.5542284250259399,0,False
87,9.356468761805445,9.34,0.09999999999999964,159,1.6627541430916906,2.267413872166343,-2.2819310585734716,1.1931082995964521,0.20087023079395294,0.003484970489396343,0.19873805473998432,0.005984970489396343,0.0,-0.0025,True,True,94,10.0,5,0.008,1.0,0.188,-0.2051316350698471,0.22286061942577362,0,False
88,9.456315179821104,9.44,0.09999999999999964,157,1.6576411800683912,2.2609825539471675,-2.1876257885367703,1.1866949822459436,0.19979049265384674,0.0006513349682930377,0.19938938970827735,0.0031513349682930378,0.0,-0.0025,True,True,95,10.0,5,0.008,1.0,0.19,-0.3968222141265869,-0.039296478033065796,0,False
89,9.556410206016153,9.540000000000001,0.09999999999999964,158,1.6579722945271205,2.2615800547409024,-2.10071345906113,1.1871494727868608,0.19986701011657715,-0.002723324662740592,0.19666606504553677,-0.0002233246627405922,0.0,-0.0025,True,True,96,10.0,5,0.008,1.0,0.192,-0.8094714283943176,-0.7154925465583801,0,False
90,9.65665066987276,9.64,0.09999999999999964,160,1.6604527627355785,2.265921720640512,-2.0865991758064464,1.1905313780582234,0.20043638348579407,-0.004161779038621017,0.19250428600691574,-0.0016617790386210171,0.0,-0.0025,True,True,97,10.0,5,0.008,1.0,0.194,-0.5528274178504944,0.891791045665741,0,False
91,9.756367249879986,9.74,0.10000000000000142,158,1.6636091973897207,2.272075692905111,-1.9893869974633918,1.1949944132141632,0.20118777453899384,-0.004693017744633998,0.18781126826228176,-0.0021930177446339984,0.0,-0.0025,True,True,98,10.0,5,0.008,1.0,0.196,-0.44924426078796387,0.7723274230957031,0,False
92,9.85635701706633,9.84,0.09999999999999964,160,1.6668026774109848,2.280965489497598,-1.8369299639915304,1.2001541863522063,0.20205646753311157,-0.005035376409696121,0.18277589185258564,-0.002535376409696121,0.0,-0.0025,True,True,99,10.0,5,0.008,1.0,0.198,0.743634045124054,0.44134628772735596,0,False
93,9.956639640964568,9.94,0.09999999999999964,159,1.667351161090511,2.283463398200812,-1.6857199390445803,1.2012744369415713,0.2022450715303421,-0.00305046158837548,0.17972543026421015,-0.0005504615883754798,0.0,-0.0025,True,True,100,10.0,5,0.008,1.0,0.2,0.9723423719406128,-0.8598729968070984,0,False
94,10.056342530064285,10.040000000000001,0.09999999999999964,159,1.6672343706672275,2.281623615906732,-1.6125465006944188,1.2007280747002702,0.20215308666229248,-0.0022315320071864793,0.17749389825702366,0.0002684679928135208,0.0,-0.0025,True,True,101,10.0,5,0.008,1.0,0.202,0.9998430609703064,-0.340350478887558,0,False
95,10.156827982980758,10.14,0.09999999999999964,159,1.667179447472903,2.2714885874624335,-1.5497620318307666,1.198337994356175,0.20175069570541382,-0.001325577567157185,0.1761683206898665,0.001174422432842815,0.0,-0.0025,True,True,102,10.0,5,0.008,1.0,0.204,0.9999427795410156,-0.5077754259109497,0,False
96,10.25641525303945,10.24,0.10000000000000142,157,1.6674595298969521,2.2568837400780626,-1.5638786691267723,1.1953873904296788,0.20125393569469452,-0.0010501510648911266,0.17511816962497537,0.0014498489351088735,0.0,-0.0025,True,True,103,10.0,5,0.008,1.0,0.206,0.9998184442520142,-0.7163999676704407,0,False
97,10.35667990706861,10.34,0.09999999999999964,160,1.6668015921707313,2.238815118574459,-1.6594766277925999,1.1909905595433798,0.20051369071006775,-0.0003395132870563423,0.17477865633791903,0.0021604867129436578,0.0,-0.0025,True,True,104,10.0,5,0.008,1.0,0.208,0.9998428821563721,-0.341500461101532,0,False
98,10.456652353983372,10.44,0.09999999999999964,159,1.6641129275725866,2.2172534758163427,-1.7290567437536803,1.1842119681008818,0.19937245547771454,0.0008308210214830795,0.1756094773594021,0.0033308210214830795,0.0,-0.0025,True,True,105,10.0,5,0.008,1.0,0.21,0.9870393872261047,-0.6773776412010193,0,False
99,10.55650744214654,10.540000000000001,0.09999999999999964,157,1.6592872950093163,2.1962633904845896,-1.8687870351216727,1.1757833148951278,0.19795341789722443,0.0016416178447495222,0.17725109520415164,0.004141617844749522,0.0,-0.0025,True,True,106,10.0,5,0.008,1.0,0.212,0.0397040918469429,-0.8640442490577698,0,False
100,10.656863646116108,10.64,0.09999999999999964,159,1.6542519810887364,2.182827558099714,-2.0030795754029422,1.168641750578569,0.19675107300281525,0.0010091763168871113,0.17826027152103874,0.0035091763168871113,0.0,-0.0025,True,True,107,10.0,5,0.008,1.0,0.214,0.8495582938194275,0.2433604747056961,0,False
101,10.756666773930192,10.74,0.10000000000000142,157,1.648960674335749,2.172235784561424,-2.0451546144082227,1.1617985480173036,0.19559895992279053,0.000862569220860037,0.17912284074189877,0.003362569220860037,0.0,-0.0025,True,True,108,10.0,5,0.008,1.0,0.216,-0.8153643012046814,0.8125096559524536,0,False
102,10.85698354896158,10.84,0.09999999999999964,159,1.646682629340429,2.16790502455075,-2.0739026892449637,1.158910342500028,0.1951127052307129,-0.001080811997166193,0.17804202874473257,0.001419188002833807,0.0,-0.0025,True,True,109,10.0,5,0.008,1.0,0.218,-0.8411773443222046,0.8344449400901794,0,False
103,10.956896196119487,10.94,0.09999999999999964,157,1.6486476183777627,2.1713643547464794,-2.0887476743672186,1.1613599889851236,0.195525124669075,-0.003703691663227265,0.1743383370815053,-0.001203691663227265,0.0,-0.0025,True,True,110,10.0,5,0.008,1.0,0.22,-0.8915379643440247,0.8378822207450867,0,False
104,11.056709653697908,11.040000000000001,0.09999999999999964,160,1.6531954012246504,2.1796905676826124,-2.045429456015642,1.1671110866224594,0.19649337232112885,-0.005325937670021394,0.1690123994114839,-0.002825937670021394,0.0,-0.0025,True,True,111,10.0,5,0.008,1.0,0.222,-0.7686977982521057,0.8925741314888,0,False
105,11.157080987934023,11.14,0.09999999999999964,160,1.658166844432352,2.1910461846507974,-1.9155418209946473,1.1738181632924043,0.19762256741523743,-0.005795680548748092,0.1632167188627358,-0.003295680548748092,0.0,-0.0025,True,True,112,10.0,5,0.008,1.0,0.224,0.9485153555870056,0.6321942806243896,0,False
106,11.256994795054197,11.24,0.10000000000000142,159,1.6599779406453656,2.1971966382212975,-1.7765200105562153,1.1766203386624996,0.19809433817863464,-0.003876915057910023,0.1593398038048258,-0.001376915057910023,0.0,-0.0025,True,True,113,10.0,5,0.008,1.0,0.226,0.43280839920043945,-0.5172911286354065,0,False
107,11.357022922020406,11.34,0.09999999999999964,160,1.6603533851652204,2.199312128736403,-1.7193685902314684,1.1773467269525302,0.19821663200855255,-0.0028569280442282234,0.15648287576059758,-0.0003569280442282232,0.0,-0.0025,True,True,114,10.0,5,0.008,1.0,0.228,0.9709948301315308,-0.6074808239936829,0,False
108,11.457356804981828,11.44,0.09999999999999964,160,1.6595957598834816,2.1928718908445584,-1.6694810957218105,1.175526198045787,0.1979101300239563,-0.0016054401191992634,0.1548774356413983,0.0008945598808007368,0.0,-0.0025,True,True,115,10.0,5,0.008,1.0,0.23,0.9930142760276794,-0.5398053526878357,0,False
109,11.55691313603893,11.540000000000001,0.09999999999999964,159,1.6584020659056418,2.1798271536600202,-1.6655340534577374,1.17227687833047,0.19736307859420776,-0.0009033700061279026,0.1539740656352704,0.0015966299938720975,0.0,-0.0025,True,True,116,10.0,5,0.008,1.0,0.232,0.9973306655883789,-0.49562859535217285,0,False
110,11.657206770032644,11.64,0.09999999999999964,158,1.65622475305618,2.161394260404367,-1.7194072410172418,1.1674346732665866,0.19654785096645355,-0.0001206681647756714,0.15385339747049473,0.0023793318352243287,0.0,-0.0025,True,True,117,10.0,5,0.008,1.0,0.234,0.9935261011123657,-0.45257237553596497,0,False
111,11.757346955128014,11.74,0.10000000000000142,160,1.6519755100867046,2.1398825304949027,-1.8094726729228319,1.1604372891040988,0.19536978006362915,0.0009383299925239128,0.15479172746301864,0.003438329992523913,0.0,-0.0025,True,True,118,10.0,5,0.008,1.0,0.236,0.9938008785247803,0.4526144862174988,0,False
112,11.85741125093773,11.84,0.09999999999999964,159,1.6467803790293674,2.1192592353694306,-1.8025811821158653,1.1529648804560992,0.19411173462867737,0.0011717444939706844,0.1559634719569893,0.0036717444939706845,0.0,-0.0025,True,True,119,10.0,5,0.008,1.0,0.238,-0.5011609792709351,-0.20189005136489868,0,False
113,11.957517916802317,11.94,0.09999999999999964,158,1.6437836769065253,2.1055551750381487,-1.770733339415646,1.1486439897614473,0.19338427484035492,-0.0003768282939953299,0.155586643662994,0.00212317170600467,0.0,-0.0025,True,True,120,10.0,5,0.008,1.0,0.24,-0.9545139670372009,-0.9726080894470215,0,False
114,12.057266905903816,12.040000000000001,0.09999999999999964,160,1.6422619250916275,2.09801755399349,-1.777759329285836,1.1464596914052065,0.19301652908325195,-0.0014266934076385947,0.1541599502553554,0.0010733065923614054,0.0,-0.0025,True,True,121,10.0,5,0.008,1.0,0.242,0.9988332986831665,0.8170853853225708,0,False
115,12.157359892036766,12.14,0.09999999999999964,158,1.6401438942820763,2.087675964198778,-1.7560171917726228,1.143510061070911,0.1925199329853058,-0.0010506294624160022,0.1531093207929394,0.0014493705375839979,0.0,-0.0025,True,True,122,10.0,5,0.008,1.0,0.244,0.9993266463279724,0.8653404712677002,0,False
116,12.25780356489122,12.24,0.10000000000000142,158,1.6380466445143391,2.0733585058658224,-1.667694605174265,1.1404085503533217,0.19199776649475098,-0.0009759994485381363,0.15213332134440127,0.0015240005514618638,0.0,-0.0025,True,True,123,10.0,5,0.008,1.0,0.246,-0.5683964490890503,0.9997811317443848,0,False
117,12.357532173860818,12.34,0.09999999999999964,157,1.6377442915325675,2.0594772544048148,-1.4983666808939617,1.1392978586691989,0.19181077182292938,-0.0019542354055049286,0.15017908593889634,0.0005457645944950713,0.0,-0.0025,True,True,124,10.0,5,0.008,1.0,0.248,-0.0017717164009809494,0.9997039437294006,0,False
118,12.457723958883435,12.44,0.09999999999999964,159,1.6391183367773114,2.0507630503169345,-1.302160167116796,1.140248881232423,0.19197088479995728,-0.0029673074004183102,0.14721177853847803,-0.00046730740041831,0.0,-0.0025,True,True,125,10.0,5,0.008,1.0,0.25,-0.4740346670150757,1.0,0,False
119,12.558670877013355,12.540000000000001,0.10100000000000087,160,1.6389053620377831,2.0510675044106983,-1.1031687031759587,1.140049737373209,0.19193735718727112,-0.002402145960824481,0.14480963257765356,9.785403917551907e-05,0.0,-0.0025,True,True,126,10.0,5,0.008,1.0,0.252,0.9950324296951294,1.0,0,False
120,12.659460216760635,12.64,0.10099999999999909,159,1.641629806056909,2.0470743850790485,-0.9046620872012975,1.1425999293801121,0.19236670434474945,-0.0037530970803398454,0.1410565354973137,-0.0012530970803398456,0.0,-0.0025,True,True,127,10.0,5,0.008,1.0,0.254,0.9997007846832275,1.0,0,False
121,12.759367014747113,12.74,0.09999999999999964,159,1.6519893523518616,2.0364882825836004,-0.7067212251944007,1.1525670352795807,0.19404475390911102,-0.007397572915393712,0.13365896258191998,-0.004897572915393712,0.0,-0.0025,True,True,128,10.0,5,0.008,1.0,0.256,1.0,0.9996401071548462,0,False
122,12.859521760139614,12.84,0.10000000000000142,161,1.6695853898861108,2.024241930819645,-0.5076975517531701,1.1698366137338527,0.1969522386789322,-0.010985815295934492,0.12267314728598548,-0.008485815295934491,0.0,-0.0025,True,True,129,10.0,5,0.008,1.0,0.258,1.0,0.9999999403953552,0,False
123,12.960343190003186,12.94,0.10099999999999909,162,1.6894012366905207,2.015646138216126,-0.3084914078166666,1.1895041497782068,0.20026344060897827,-0.012164108399660322,0.11050903888632516,-0.009664108399660322,0.0,-0.0025,True,True,130,10.0,5,0.008,1.0,0.26,1.0,0.9998452067375183,0,False
124,13.060848191846162,13.040000000000001,0.09999999999999964,160,1.7105284381482957,2.0111411326135133,-0.1092027798824518,1.2105796771613946,0.20381169021129608,-0.012855958201973364,0.09765308068435179,-0.010355958201973364,0.0,-0.0025,True,True,131,10.0,5,0.008,1.0,0.262,1.0,0.9996191263198853,0,False
125,13.160924768075347,13.14,0.09999999999999964,159,1.7314360446658943,2.0108324550654455,0.0941924316949724,1.2314836753005125,0.20733106136322021,-0.012771673256230074,0.08488140742812171,-0.010271673256230074,0.0,-0.0025,True,True,132,10.0,5,0.008,1.0,0.264,1.0,-0.027595456689596176,0,False
126,13.261052654124796,13.24,0.10000000000000142,160,1.7517532600196413,2.0140957093192005,0.19852028406829847,1.2518326373769058,0.21075698733329773,-0.012498943176376901,0.07238246425174481,-0.0099989431763769,0.0,-0.0025,True,True,133,10.0,5,0.008,1.0,0.266,0.9999991059303284,0.10360867530107498,0,False
127,13.361193228978664,13.34,0.09999999999999964,159,1.773191249696568,2.0186380195396367,0.21897212667169114,1.273327694490171,0.21437586843967438,-0.013062104044503208,0.0593203602072416,-0.010562104044503208,0.0,-0.0025,True,True,134,10.0,5,0.008,1.0,0.268,1.0,0.48460787534713745,0,False
128,13.460849127732217,13.44,0.09999999999999964,157,1.7941856852042275,2.024321626015513,0.3187840582531639,1.294414196912711,0.21792596578598022,-0.012861351046799025,0.04645900916044258,-0.010361351046799024,0.0,-0.0025,True,True,135,10.0,5,0.008,1.0,0.27,1.0,0.5983174443244934,0,False
129,13.56129378080368,13.540000000000001,0.09999999999999964,160,1.8143033120308805,2.03225040374879,0.4369015644170074,1.3146989019038644,0.221341073513031,-0.012467368939736203,0.03399164022070637,-0.009967368939736203,0.0,-0.0025,True,True,136,10.0,5,0.008,1.0,0.272,0.9999967813491821,0.31756746768951416,0,False
130,13.661416176706553,13.64,0.09999999999999964,158,1.833824189283157,2.0420420234319354,0.4922251068909268,1.3344866323308018,0.22467251121997833,-0.012223168748638217,0.021768471472068156,-0.009723168748638216,0.0,-0.0025,True,True,137,10.0,5,0.008,1.0,0.274,0.999985933303833,-0.014862262643873692,0,False
131,13.761084136087447,13.74,0.10000000000000142,159,1.8532013338614974,2.052484305966674,0.4838144016403032,1.3542187794939229,0.22799459099769592,-0.01219585659903717,0.009572614873030986,-0.00969585659903717,0.0,-0.0025,True,True,138,10.0,5,0.008,1.0,0.276,0.9923065900802612,-0.22960346937179565,0,False
132,13.861170771997422,13.84,0.09999999999999964,159,1.8728181291296813,2.062290620096617,0.42857445770312047,1.3742306131437625,0.23136375844478607,-0.012333287160723806,-0.0027606722876928197,-0.009833287160723805,0.0,-0.0025,True,True,139,10.0,5,0.008,1.0,0.278,0.9813494682312012,-0.7982851266860962,0,False
133,13.961212907917798,13.94,0.09999999999999964,160,1.8933779904530381,2.0700141642847787,0.2719105193017239,1.3951359389086087,0.2348833531141281,-0.012772325616491317,-0.015532997904184137,-0.010272325616491317,0.0,-0.0025,True,True,140,10.0,5,0.008,1.0,0.28,0.9999943375587463,-0.303925096988678,0,False
134,14.061604821123183,14.040000000000001,0.09999999999999964,162,1.914646728348805,2.075003073394318,0.20042833011134906,1.41663365127333,0.23850268125534058,-0.013063408765025477,-0.028596406669209616,-0.010563408765025477,0.0,-0.0025,True,True,141,10.0,5,0.008,1.0,0.282,0.9997871518135071,-0.6624339818954468,0,False
135,14.161337059922516,14.14,0.09999999999999964,161,1.9366324318953623,2.077941971861194,0.05709822561625553,1.4387451692663398,0.24222534894943237,-0.013365016659106572,-0.04196142332831619,-0.010865016659106571,0.0,-0.0025,True,True,142,10.0,5,0.008,1.0,0.284,0.9998731017112732,-0.8509103059768677,0,False
136,14.261509574949741,14.24,0.10000000000000142,161,1.958869727690991,2.077505078058362,-0.08979103205539456,1.4609270514229384,0.24595986306667328,-0.013399591752948555,-0.055361015081264744,-0.010899591752948554,0.0,-0.0025,True,True,143,10.0,5,0.008,1.0,0.286,1.0,-0.3190637528896332,0,False
137,14.361263134051114,14.34,0.09999999999999964,161,1.9808384381282667,2.0750170522209714,-0.1463433112942418,1.4827373753924347,0.2496318221092224,-0.01321701786118899,-0.06857803294245374,-0.010717017861188989,0.0,-0.0025,True,True,144,10.0,5,0.008,1.0,0.288,1.0,-0.32356664538383484,0,False
138,14.461346509866416,14.44,0.09999999999999964,158,2.002608801676012,2.071106579341957,-0.2089969134233146,1.504290228479063,0.25326043367385864,-0.013090503461206144,-0.08166853640365988,-0.010590503461206144,0.0,-0.0025,True,True,145,10.0,5,0.008,1.0,0.29,1.0,-0.3247642517089844,0,False
139,14.561721672769636,14.540000000000001,0.09999999999999964,161,2.024080740885712,2.065805102316761,-0.27324884247261316,1.5255007311446067,0.25683140754699707,-0.012922281495192303,-0.09459081789885218,-0.010422281495192302,0.0,-0.0025,True,True,146,10.0,5,0.008,1.0,0.292,1.0,-0.22209860384464264,0,False
140,14.661645679734647,14.64,0.09999999999999964,158,2.045223320901935,2.0594180515216105,-0.31546074856510453,1.5463653430537914,0.26034414768218994,-0.012752319901815436,-0.10734313780066762,-0.010252319901815436,0.0,-0.0025,True,True,147,10.0,5,0.008,1.0,0.294,1.0,-0.2317284345626831,0,False
141,14.761698715854436,14.74,0.10000000000000142,158,2.0660566247287204,2.0520705538651547,-0.36244635483806564,1.566922122810822,0.2638050615787506,-0.012601059302592072,-0.1199441971032597,-0.010101059302592072,0.0,-0.0025,True,True,148,10.0,5,0.008,1.0,0.296,1.0,-0.2843872308731079,0,False
142,14.863008012063801,14.84,0.10099999999999909,163,2.0864804961401875,2.043620509064756,-0.42068417197558294,1.5870800837991337,0.2671988308429718,-0.012405090280136538,-0.13234928738339624,-0.009905090280136537,0.0,-0.0025,True,True,149,10.0,5,0.008,1.0,0.298,1.0,-0.24598491191864014,0,False
143,14.962638950906694,14.94,0.09999999999999964,158,2.1064283805082558,2.0341353195944305,-0.46880628458881923,1.6067910774589873,0.27051734924316406,-0.012185462325542592,-0.14453474970893884,-0.009685462325542592,0.0,-0.0025,True,True,150,10.0,5,0.008,1.0,0.3,1.0,-0.24012726545333862,0,False
144,15.063424220774323,15.040000000000001,0.10000000000000142,158,2.1258938575158206,2.023696093956904,-0.5160458111319065,1.6260666098800263,0.2737625539302826,-0.011971488159878698,-0.15650623786881754,-0.009471488159878697,0.0,-0.0025,True,True,151,10.0,5,0.008,1.0,0.302,1.0,-0.22888487577438354,0,False
145,15.164493598975241,15.16,0.10099999999999909,160,2.1485833618279604,2.0099926910736743,-0.5722512968203899,1.6486135891118505,0.2775585353374481,-0.013578990824770357,-0.1700852286935879,-0.011078990824770357,0.0,-0.0025,True,True,152,10.0,5,0.012,1.0,0.304,1.0,-0.2552262544631958,0,False
146,15.264084748923779,15.26,0.09999999999999964,158,2.1668428658743673,1.9975561456735489,-0.6215052162528022,1.663240661316926,0.28002113103866577,-0.00968735743210123,-0.1797725861256891,-0.00718735743210123,0.0,-0.0025,True,True,153,10.0,5,0.008,1.0,0.306,1.0,-0.2209770679473877,0,False
147,15.363948275800794,15.34,0.09999999999999964,158,2.18103051959764,1.9870301339829475,-0.6563761513829619,1.681080587783987,0.2830246388912201,-0.011266069264133316,-0.19103865538982243,-0.008766069264133316,0.0,-0.0025,True,True,154,10.0,5,0.008,1.0,0.308,1.0,-0.2314509153366089,0,False
148,15.464681766927242,15.46,0.10000000000000142,160,2.2015674985532825,1.9702747402422205,-0.7138450217930984,1.701827129511753,0.28651750087738037,-0.012694303329255313,-0.20373295871907773,-0.010194303329255312,0.0,-0.0025,True,True,155,10.0,5,0.012,1.0,0.31,1.0,-0.26728013157844543,0,False
149,15.564298255834728,15.56,0.09999999999999964,158,2.2178666727582748,1.95535240009783,-0.767765515272711,1.7151747245484743,0.28876468539237976,-0.009058656103069475,-0.2127916148221472,-0.006558656103069475,0.0,-0.0025,True,True,156,10.0,5,0.008,1.0,0.312,1.0,-0.2686820328235626,0,False
150,15.664771088864654,15.66,0.09999999999999964,159,2.233349943646173,1.9395895439211805,-0.8195035656755418,1.7344022854265382,0.2920018136501312,-0.011947916209108417,-0.22473953103125563,-0.009447916209108417,0.0,-0.0025,True,True,157,10.0,5,0.012,1.0,0.314,0.9999998211860657,-0.2273593544960022,0,False
151,15.764756904914975,15.76,0.09999999999999964,159,2.2480787551111594,1.9231251252052548,-0.8670471983519838,1.7497682256034885,0.2945888042449951,-0.010050417662784597,-0.23478994869404024,-0.0075504176627845965,0.0,-0.0025,True,True,158,10.0,5,0.012,1.0,0.316,0.9999995827674866,-0.27831143140792847,0,False
152,15.864324614871293,15.860000000000001,0.10000000000000142,158,2.2619053148048955,1.9058943467685738,-0.9174438728022534,1.7615417875769823,0.2965709865093231,-0.008285217777425921,-0.24307516647146615,-0.005785217777425922,0.0,-0.0025,True,True,159,10.0,5,0.008,1.0,0.318,0.9999998211860657,-0.21577653288841248,0,False
153,16.064536776859313,16.06,0.1999999999999993,318,2.287265853345962,1.869758945847869,-1.0023994013571855,1.7893509441446767,0.30125290155410767,-0.0161646859559448,-0.25923985242741093,-0.0136646859559448,0.0,-0.0025,True,True,161,10.0,5,0.008,1.0,0.322,0.9999983906745911,-0.20272691547870636,0,False
154,16.16458759177476,16.16,0.10000000000000142,159,2.298789343451975,1.850933583565729,-1.0411916958706253,1.8024075236217998,0.3034510910511017,-0.008915658733820919,-0.2681555111612319,-0.006415658733820919,0.0,-0.0025,True,True,162,10.0,5,0.008,1.0,0.324,0.9999995231628418,-0.18107125163078308,0,False
155,16.36458637472242,16.36,0.1999999999999993,318,2.3196931075995875,1.812057664838955,-1.1181911247152294,1.8270261300397408,0.3075958490371704,-0.014596933776300515,-0.2827524449375324,-0.012096933776300514,0.0,-0.0025,True,True,164,10.0,5,0.008,1.0,0.328,0.9999887347221375,-0.24549497663974762,0,False
156,16.564557377714664,16.56,0.1999999999999993,318,2.3370997137104697,1.771475962796442,-1.209559395557632,1.8491863276427807,0.3113267123699188,-0.013388936535349479,-0.2961413814728819,-0.010888936535349478,0.0,-0.0025,True,True,166,10.0,5,0.008,1.0,0.332,0.9999422430992126,-0.21152865886688232,0,False
157,16.665115340147167,16.66,0.10000000000000142,161,2.3444857429042014,1.7506780909020125,-1.248566993269887,1.8612601100475872,0.31335943937301636,-0.008432738177818519,-0.3045741196507004,-0.0059327381778185185,0.0,-0.0025,True,True,167,10.0,5,0.012,1.0,0.334,0.9999033212661743,-0.15827736258506775,0,False
158,16.864861655049026,16.86,0.1999999999999993,321,2.357095750736155,1.7084041671138317,-1.3199504248746248,1.8780855534416212,0.3161921501159668,-0.010767579043231053,-0.31534169869393147,-0.008267579043231053,0.0,-0.0025,True,True,169,10.0,5,0.008,1.0,0.338,0.9995104074478149,-0.24321028590202332,0,False
159,17.06595099903643,17.06,0.1999999999999993,323,2.365903478296025,1.6651484903486677,-1.4208662993091952,1.8957112896245498,0.319159597158432,-0.011160821808664503,-0.326502520502596,-0.008660821808664503,0.0,-0.0025,True,True,171,10.0,5,0.012,1.0,0.342,0.9999125599861145,-0.29188621044158936,0,False
160,17.165350889787078,17.16,0.10000000000000142,159,2.368550853723377,1.6432027962275555,-1.4792248871587066,1.902310828610519,0.32027068734169006,-0.005742839367593252,-0.3322453598701892,-0.0032428393675932527,0.0,-0.0025,True,True,172,10.0,5,0.012,1.0,0.344,0.9998647570610046,-0.2772662937641144,0,False
161,17.3654929921031,17.36,0.1999999999999993,317,2.370125485872403,1.5990856426137183,-1.5924296957081479,1.9126163905622695,0.3220057189464569,-0.007563881291308052,-0.33980924116149724,-0.005063881291308052,0.0,-0.0025,True,True,174,10.0,5,0.012,1.0,0.348,0.9974477291107178,-0.2587078809738159,0,False
162,17.565095877740532,17.56,0.1999999999999993,316,2.3668152818222823,1.5550791016968557,-1.7058672997326183,1.9186404480493013,0.32301992177963257,-0.00546006293971802,-0.34526930410121526,-0.00296006293971802,0.0,-0.0025,True,True,176,10.0,5,0.008,1.0,0.352,0.996849775314331,-0.32959917187690735,0,False
163,17.665414680726826,17.66,0.10000000000000142,160,2.3631037567959217,1.533323148139392,-1.7725774715858351,1.9206621565080415,0.32336029410362244,-0.003493414205710017,-0.3487627183069253,-0.0009934142057100171,0.0,-0.0025,True,True,177,10.0,5,0.012,1.0,0.354,0.9987854957580566,-0.330337792634964,0,False
164,17.865669721737504,17.86,0.1999999999999993,318,2.351512261573136,1.4909214329615212,-1.9000241813486236,1.9202235089674795,0.3232864439487457,-0.002284460169709339,-0.35104717847663464,0.00021553983029066123,0.0,-0.0025,True,True,179,10.0,5,0.012,1.0,0.358,0.9790239930152893,-0.3860178589820862,0,False
165,18.065543185919523,18.06,0.1999999999999993,315,2.3348474280105247,1.452277453506978,-2.0584378012011797,1.9148538824560157,0.3223824203014374,0.0001384928216451621,-0.35090868565498945,0.002638492821645162,0.0,-0.0025,True,True,181,10.0,5,0.012,1.0,0.362,0.9859275817871094,-0.3638615906238556,0,False
166,18.16527140373364,18.16,0.10000000000000142,158,2.3243980288830492,1.4340309159212112,-2.1285268199355394,1.9111586575128232,0.32176029682159424,-0.0006842639397428431,-0.3515929495947323,0.001815736060257157,0.0,-0.0025,True,True,182,10.0,5,0.008,1.0,0.364,0.9021013975143433,-0.35187003016471863,0,False
167,18.36582535179332,18.36,0.1999999999999993,316,2.3030335016270596,1.4039985815796956,-2.2470784638332617,1.8989859227370827,0.319710910320282,0.0034813607626178254,-0.34811158883211446,0.0059813607626178255,0.0,-0.0025,True,True,184,10.0,5,0.012,1.0,0.368,0.8104752898216248,-0.2828262746334076,0,False
168,18.565682315733284,18.56,0.1999999999999993,317,2.2782482605481635,1.377032311317744,-2.395244097308384,1.8858996044436502,0.31750771403312683,0.003930271603671138,-0.3441813172284433,0.006430271603671139,0.0,-0.0025,True,True,186,10.0,5,0.012,1.0,0.372,0.6504418849945068,-0.9793028235435486,0,False
169,18.665508843958378,18.66,0.10000000000000142,157,2.265408771359368,1.3670323265087698,-2.579054002519702,1.8772291463386193,0.3160479664802551,0.0017604343936507834,-0.34242088283479255,0.004260434393650783,0.0,-0.0025,True,True,187,10.0,5,0.008,1.0,0.374,0.6560342311859131,-0.9998108148574829,0,False
170,18.86600117199123,18.86,0.1999999999999993,317,2.2400718778665585,1.3572909230353742,-2.9712095150832942,1.8549730056496292,0.3123009502887726,0.008436080436890038,-0.3339848023979025,0.010936080436890039,0.0,-0.0025,True,True,189,10.0,5,0.012,1.0,0.378,0.729084312915802,-0.7624369263648987,0,False
171,19.066017135046422,19.06,0.1999999999999993,317,2.20711319049767,1.355214607779983,-3.1220821246941264,1.8248242185155072,0.30722513794898987,0.012314318698863085,-0.32167048369903944,0.014814318698863085,0.0,-0.0025,True,True,191,10.0,5,0.012,1.0,0.382,0.6923206448554993,-0.16038113832473755,0,False
172,19.165943700820208,19.16,0.10000000000000142,159,2.1918394030486366,1.3551877555787124,3.1343578824503866,1.8105533040390882,0.30482250452041626,0.004512350919371327,-0.3171581327796681,0.007012350919371327,0.0,-0.0025,True,True,192,10.0,5,0.012,1.0,0.384,0.3284687101840973,0.843458890914917,0,False
173,19.365710996091366,19.36,0.1999999999999993,316,2.1688597195669037,1.353656789894576,-2.942786737105902,1.7911527977828448,0.301556259393692,0.007032897005796849,-0.31012523577387124,0.00953289700579685,0.0,-0.0025,True,True,194,10.0,5,0.008,1.0,0.388,0.8102865815162659,-0.9802728295326233,0,False
174,19.565552350133657,19.54,0.1999999999999993,317,2.1509052422184385,1.3500390290562052,-2.985503467292069,1.7742427403757404,0.29870930314064026,0.005809156137209583,-0.3043160796366617,0.008309156137209584,0.0,-0.0025,True,True,196,10.0,5,0.008,1.0,0.392,0.8092681765556335,-0.6132925748825073,0,False
175,19.665769423823804,19.66,0.10000000000000142,158,2.1303136243332785,1.348101564956914,-3.1114470681085344,1.7591757815127567,0.2961726486682892,0.004903506131969016,-0.2994125735046927,0.007403506131969015,0.0,-0.0025,True,True,197,10.0,5,0.008,1.0,0.394,0.7588882446289062,-0.8233287930488586,0,False
176,19.866390651091933,19.86,0.1999999999999993,319,2.093099881693341,1.3536684972390691,2.818400565577589,1.7192183184827186,0.2894454598426819,0.01713404328975716,-0.28227853021493554,0.01963404328975716,0.0,-0.0025,True,True,199,10.0,5,0.012,1.0,0.398,0.890640377998352,-0.7402141690254211,0,False
177,20.06610980583355,20.06,0.1999999999999993,317,2.063014171993593,1.3670747426584102,2.646803207528114,1.689119450075973,0.2843780517578125,0.012289789953043053,-0.2699887402618925,0.014789789953043054,0.0,-0.0025,True,True,201,10.0,5,0.008,1.0,0.402,0.6354081034660339,-0.4138539433479309,0,False
178,20.166548429057002,20.16,0.10000000000000142,159,2.050948922138624,1.374315902576911,2.565723943215523,1.67240039375695,0.28156325221061707,0.0057153032409693275,-0.2642734370209232,0.008215303240969328,0.0,-0.0025,True,True,202,10.0,5,0.012,1.0,0.404,0.8779029846191406,0.3665304481983185,0,False
179,20.36627972405404,20.36,0.1999999999999993,316,2.020749715045319,1.3928451964077424,2.6278319595267328,1.637472685051984,0.27568286657333374,0.014662554694971483,-0.24961088232595172,0.017162554694971483,0.0,-0.0025,True,True,204,10.0,5,0.008,1.0,0.408,0.881682276725769,0.2600564658641815,0,False
180,20.56705923890695,20.56,0.1999999999999993,319,1.9874575822593679,1.4105773966131006,2.609554532214916,1.599984074825908,0.2693713307380676,0.015920914148084962,-0.23368996817786675,0.01842091414808496,0.0,-0.0025,True,True,206,10.0,5,0.012,1.0,0.412,0.7464428544044495,-0.3683880567550659,0,False
181,20.66601549414918,20.639999999999997,0.10000000000000142,157,1.9759822593301193,1.4177773694586153,2.558501104539584,1.5866653335216774,0.26712900400161743,0.004044478140060013,-0.22964549003780674,0.0065444781400600125,0.0,-0.0025,True,True,207,10.0,5,0.008,1.0,0.414,0.9656292200088501,-0.36520296335220337,0,False
182,20.866762320976704,20.86,0.1999999999999993,317,1.940338397906024,1.446743146235869,2.3387941194748882,1.5429413077926573,0.25976768136024475,0.018984832841381177,-0.21066065719642557,0.021484832841381175,0.0,-0.0025,True,True,209,10.0,5,0.012,1.0,0.418,0.9351214170455933,-0.700477123260498,0,False
183,21.066402605734766,21.06,0.1999999999999993,317,1.9159417373056429,1.4820956483975336,1.9987371101761626,1.5108725968389487,0.2543686330318451,0.013257718617883505,-0.19740293857854208,0.015757718617883505,0.0,-0.0025,True,True,211,10.0,5,0.008,1.0,0.422,0.9976253509521484,-0.9127527475357056,0,False
184,21.166315203066915,21.139999999999997,0.10000000000000142,157,1.9097140329721847,1.498749287995832,1.8542028384740619,1.4961770191463037,0.2518945038318634,0.004721019221577581,-0.1926819193569645,0.0072210192215775805,0.0,-0.0025,True,True,212,10.0,5,0.008,1.0,0.424,0.994112491607666,-0.7123638987541199,0,False
185,21.36631989479065,21.34,0.1999999999999993,319,1.9031296801787718,1.5424429737911447,1.5901012616697574,1.4758493875899417,0.2484721690416336,0.007488461921514193,-0.1851934574354503,0.009988461921514194,0.0,-0.0025,True,True,214,10.0,5,0.008,1.0,0.428,0.9994427561759949,-0.6094617247581482,0,False
186,21.567047740798444,21.56,0.1999999999999993,319,1.9079740249055248,1.5908422338352564,1.3790462253387143,1.4662199411673182,0.24685096740722656,0.00223165595563601,-0.18296180147981428,0.00473165595563601,0.0,-0.0025,True,True,216,10.0,5,0.012,1.0,0.432,0.9895725846290588,-0.08522029966115952,0,False
187,21.66776696080342,21.66,0.10099999999999909,161,1.9121932030655302,1.6122760264240688,1.3643700796679756,1.4644519862394076,0.24655331671237946,-0.0016312735855416728,-0.18459307506535594,0.0008687264144583273,0.0,-0.0025,True,True,217,10.0,5,0.012,1.0,0.434,0.9946785569190979,-0.20932917296886444,0,False
188,21.768303763121367,21.759999999999998,0.10000000000000142,157,1.9172270140974303,1.6335754086313568,1.3297821430302645,1.4638303918735143,0.24644866585731506,-0.0021945649257200097,-0.18678763999107595,0.0003054350742799904,0.0,-0.0025,True,True,218,10.0,5,0.012,1.0,0.436,0.9928694367408752,0.15383465588092804,0,False
189,21.967975648120046,21.959999999999997,0.1999999999999993,318,1.9262507392746682,1.6761883349593287,1.3891290232397773,1.462547462878267,0.24623267352581024,-0.001869602534289231,-0.18865724252536517,0.000630397465710769,0.0,-0.0025,True,True,220,10.0,5,0.012,1.0,0.44,0.9942453503608704,0.044709138572216034,0,False
190,22.068563119042665,22.06,0.10000000000000142,161,1.9302167632150942,1.697693660763249,1.3914711970284679,1.461817091711052,0.2461097091436386,-0.0021411148749881552,-0.19079835740035334,0.0003588851250118449,0.0,-0.0025,True,True,221,10.0,5,0.012,1.0,0.442,0.9943767786026001,-0.03367997333407402,0,False
191,22.268006375990808,22.259999999999998,0.1999999999999993,316,1.9384233107108653,1.7406498263282502,1.3761999791174364,1.4616169742596374,0.24607601761817932,-0.0024016675632996054,-0.19320002496365293,9.833243670039467e-05,0.0,-0.0025,True,True,223,10.0,5,0.012,1.0,0.446,0.9913390278816223,-0.02850247547030449,0,False
192,22.470129320863634,22.459999999999997,0.2010000000000005,321,1.9470964158986988,1.7833696543669562,1.3651500949125703,1.463221365697847,0.2463461309671402,-0.0032883556302821726,-0.1964883805939351,-0.0007883556302821725,0.0,-0.0025,True,True,225,10.0,5,0.012,1.0,0.45,0.9890984296798706,-0.02146056853234768,0,False
193,22.670612738933414,22.66,0.2010000000000005,318,1.9551800306410134,1.82541209723364,1.4165923258733084,1.465615871461036,0.24674926698207855,-0.0036765969670467056,-0.2001649775609818,-0.0011765969670467058,0.0,-0.0025,True,True,227,10.0,5,0.012,1.0,0.454,0.9819566607475281,-0.05779014527797699,0,False
194,22.771574896760285,22.759999999999998,0.10099999999999909,161,1.95878208090204,1.8467550618499968,1.3912953227248703,1.466809141465446,0.246950164437294,-0.0030863414027398404,-0.20325131896372164,-0.0005863414027398404,0.0,-0.0025,True,True,228,10.0,5,0.012,1.0,0.456,0.9909109473228455,-0.34966662526130676,0,False
195,22.972672689706087,22.959999999999997,0.2010000000000005,320,1.9691910254185814,1.8891973173565362,1.2898064319421887,1.4733633641598964,0.2480536252260208,-0.0057205721373453505,-0.208971891101067,-0.003220572137345351,0.0,-0.0025,True,True,230,10.0,5,0.012,1.0,0.46,0.9864941835403442,-0.09605869650840759,0,False
196,23.172777871135622,23.16,0.1999999999999993,317,1.9819941796675384,1.9307644887192246,1.2454260696866866,1.4836105990879924,0.2497788369655609,-0.007535220930500509,-0.21650711203156753,-0.005035220930500508,0.0,-0.0025,True,True,232,10.0,5,0.012,1.0,0.464,0.9873543977737427,-0.1677609533071518,0,False
197,23.373760514892638,23.36,0.2010000000000005,317,1.9976800173052645,1.9714137380678205,1.1493063562584778,1.4979528513202012,0.25219348073005676,-0.009547404410738295,-0.22605451644230581,-0.007047404410738294,0.0,-0.0025,True,True,234,10.0,5,0.012,1.0,0.468,0.9794890880584717,-0.29606881737709045,0,False
198,23.47458384372294,23.459999999999997,0.10099999999999909,160,2.0071266133723813,1.9909486204589752,1.0907918343923533,1.5071538286661779,0.2537425458431244,-0.007021117554014264,-0.2330756339963201,-0.004521117554014264,0.0,-0.0025,True,True,235,10.0,5,0.012,1.0,0.47,0.984224796295166,-0.2850838601589203,0,False
199,23.574510390870273,23.56,0.10000000000000142,159,2.017642248504705,2.0098806912881777,1.029140272908387,1.5176744659858794,0.2555137872695923,-0.007669563653617621,-0.2407451976499377,-0.005169563653617621,0.0,-0.0025,True,True,236,10.0,5,0.012,1.0,0.472,0.9628809094429016,-0.4223501980304718,0,False
200,23.774857109878212,23.759999999999998,0.1999999999999993,318,2.0422280076045953,2.0443054364980178,0.8755301879131973,1.5428643055004279,0.2597547173500061,-0.014877622651339987,-0.2556228203012777,-0.012377622651339987,0.0,-0.0025,True,True,238,10.0,5,0.012,1.0,0.476,0.9799206256866455,-0.4064212143421173,0,False
201,23.875696368981153,23.86,0.10099999999999909,161,2.05659707639423,2.060216584312938,0.7896410437182781,1.5577613282702156,0.262262761592865,-0.009820004018539219,-0.2654428243198169,-0.0073200040185392185,0.0,-0.0025,True,True,239,10.0,5,0.012,1.0,0.478,0.9077888131141663,-0.6164559721946716,0,False
202,23.97554557584226,23.959999999999997,0.10000000000000142,159,2.0714965260496614,2.0734389616661666,0.6567569809141144,1.5732115284267087,0.2648639380931854,-0.010091820794026759,-0.2755346451138437,-0.007591820794026759,0.0,-0.0025,True,True,240,10.0,5,0.012,1.0,0.48,0.8405002951622009,-0.8412229418754578,0,False
203,24.175857895985246,24.16,0.1999999999999993,319,2.1054017814144914,2.092224778902122,0.38209550870583325,1.608048604548637,0.27072906494140625,-0.01961802023447568,-0.29515266534831935,-0.01711802023447568,0.0,-0.0025,True,True,242,10.0,5,0.012,1.0,0.484,0.9161710143089294,-0.46101677417755127,0,False
204,24.3758801468648,24.36,0.1999999999999993,318,2.1434915139008757,2.1035680712597897,0.17513137168286863,1.6467515497740088,0.27724504470825195,-0.021517606333635256,-0.3166702716819546,-0.019017606333635258,0.0,-0.0025,True,True,244,10.0,5,0.012,1.0,0.488,0.8854213953018188,-0.4031243920326233,0,False
205,24.475868653971702,24.459999999999997,0.10000000000000142,158,2.162791248887516,2.1063284717912087,0.09345563240516644,1.6661874593830015,0.28051725029945374,-0.012050293279428085,-0.3287205649613827,-0.009550293279428084,0.0,-0.0025,True,True,245,10.0,5,0.012,1.0,0.49,0.8654373288154602,-0.6044310331344604,0,False
206,24.675791565794498,24.66,0.1999999999999993,316,2.2042799384004765,2.1063687300284575,-0.08985439995921564,1.7075961058422273,0.28748875856399536,-0.022847116545900333,-0.351567681507283,-0.020347116545900334,0.0,-0.0025,True,True,247,10.0,5,0.012,1.0,0.494,0.9877727627754211,-0.4696282148361206,0,False
207,24.876041005831212,24.86,0.1999999999999993,321,2.2473287910428996,2.098532264487412,-0.2744864782009612,1.7501047344713692,0.2946454584598541,-0.02338761876762188,-0.37495530027490487,-0.020887618767621883,0.0,-0.0025,True,True,249,10.0,5,0.012,1.0,0.498,0.9747173190116882,-0.5172679424285889,0,False
208,24.97578205401078,24.959999999999997,0.10000000000000142,158,2.267841617993944,2.091577737594044,-0.37791201333872987,1.7702120686652494,0.29803070425987244,-0.012380213608843879,-0.38733551388374876,-0.009880213608843879,0.0,-0.0025,True,True,250,10.0,5,0.012,1.0,0.5,0.9761590361595154,-0.5318076610565186,0,False
209,25.176081463694572,25.16,0.1999999999999993,315,2.306063584298982,2.0715673077615295,-0.5816917831943613,1.8074810010875169,0.3043052554130554,-0.02081297027020326,-0.408148484153952,-0.01831297027020326,0.0,-0.0025,True,True,252,10.0,5,0.012,1.0,0.504,0.9920222163200378,-0.39583301544189453,0,False
210,25.37631742376834,25.36,0.1999999999999993,321,2.340614295702529,2.044779276676079,-0.7369391635269456,1.8411589714404382,0.3099752366542816,-0.019048466235790058,-0.42719695038974204,-0.01654846623579006,0.0,-0.0025,True,True,254,10.0,5,0.012,1.0,0.508,0.9982681274414062,-0.2011147290468216,0,False
211,25.476430979091674,25.459999999999997,0.10000000000000142,158,2.356692606660635,2.0297261455718956,-0.7732889109367067,1.8569306340398937,0.3126305341720581,-0.010249778958598164,-0.4374467293483402,-0.007749778958598163,0.0,-0.0025,True,True,255,10.0,5,0.012,1.0,0.51,0.9970659017562866,-0.2081294059753418,0,False
212,25.676141873002052,25.66,0.1999999999999993,314,2.3866915975055822,1.9975518949222826,-0.8701868803270394,1.8866931705955223,0.31764131784439087,-0.017124525353546596,-0.4545712547018868,-0.014624525353546596,0.0,-0.0025,True,True,257,10.0,5,0.012,1.0,0.514,0.9996232986450195,-0.2323036640882492,0,False
213,25.876202313695103,25.86,0.1999999999999993,318,2.4135420940667514,1.9625121377519361,-0.9646353705137645,1.9139093210046685,0.32222339510917664,-0.015873298372622132,-0.47044455307450894,-0.013373298372622133,0.0,-0.0025,True,True,259,10.0,5,0.012,1.0,0.518,0.9994850158691406,-0.22524142265319824,0,False
214,25.976120511069894,25.959999999999997,0.10000000000000142,158,2.425722446525164,1.9441048565825971,-1.0100301709648731,1.9265334485279606,0.3243487775325775,-0.00870316325141566,-0.4791477163259246,-0.006203163251415661,0.0,-0.0025,True,True,260,10.0,5,0.012,1.0,0.52,0.9992349743843079,-0.24567633867263794,0,False
215,26.176684397738427,26.16,0.1999999999999993,317,2.4473128483927296,1.9056005885547276,-1.1109415900752502,1.9495996179278512,0.32823216915130615,-0.013834107177572027,-0.4929818235034967,-0.011334107177572026,0.0,-0.0025,True,True,262,10.0,5,0.012,1.0,0.524,0.999693751335144,-0.2576676607131958,0,False
216,26.37665376998484,26.36,0.1999999999999993,314,2.464832662262843,1.8650619824925239,-1.215288438253179,1.9694607218033613,0.3315759599208832,-0.012259222525738946,-0.5052410460292356,-0.009759222525738945,0.0,-0.0025,True,True,264,10.0,5,0.012,1.0,0.528,0.9996877908706665,-0.23632051050662994,0,False
217,26.47662052605301,26.459999999999997,0.10000000000000142,162,2.4720574463783724,1.8441955130676015,-1.262597899543437,1.9782026946809455,0.3330477476119995,-0.006795574866385771,-0.5120366208956214,-0.004295574866385771,0.0,-0.0025,True,True,265,10.0,5,0.012,1.0,0.53,0.9997275471687317,-0.2541036903858185,0,False
218,26.676620647776872,26.66,0.1999999999999993,322,2.4833341362458103,1.8015058961818624,-1.3630567832631246,1.9932422159455485,0.3355797827243805,-0.009890024019904806,-0.5219266449155262,-0.0073900240199048055,0.0,-0.0025,True,True,267,10.0,5,0.012,1.0,0.534,0.9996949434280396,-0.25480109453201294,0,False
219,26.777512036729604,26.759999999999998,0.10099999999999909,164,2.4873440798121313,1.7797826131456296,-1.4147587194552447,1.9995079013150932,0.33663466572761536,-0.005578792507250933,-0.5275054374227771,-0.0030787925072509334,0.0,-0.0025,True,True,268,10.0,5,0.012,1.0,0.536,0.9997394680976868,-0.2739446461200714,0,False
220,26.878629612736404,26.86,0.10099999999999909,165,2.490183910263113,1.757873506691521,-1.4678840450099426,2.0048584100160722,0.33753547072410583,-0.005129098833884236,-0.5326345362566614,-0.0026290988338842367,0.0,-0.0025,True,True,269,10.0,5,0.012,1.0,0.538,0.9998626708984375,-0.24132803082466125,0,False
221,26.978698597755283,26.959999999999997,0.10000000000000142,163,2.4919495176875404,1.7358556644849144,-1.5164036807283545,2.0093866758494525,0.33829784393310547,-0.004725070378799573,-0.5373596066354609,-0.0022250703787995724,0.0,-0.0025,True,True,270,10.0,5,0.012,1.0,0.54,0.9999750256538391,-0.2595643699169159,0,False
222,27.17901986790821,27.16,0.1999999999999993,325,2.492203923945189,1.6916922954137386,-1.6114667645488816,2.015919125481962,0.3393976390361786,-0.005709873429062047,-0.5430694800645229,-0.003209873429062047,0.0,-0.0025,True,True,272,10.0,5,0.012,1.0,0.544,0.9999905824661255,-0.2283029556274414,0,False
223,27.278708045836538,27.259999999999998,0.10000000000000142,160,2.490817459963682,1.6696500880608158,-1.6573485957690286,2.0180399633284,0.33975470066070557,-0.003542123771877562,-0.5466116038364005,-0.0010421237718775621,0.0,-0.0025,True,True,273,10.0,5,0.012,1.0,0.546,0.9999592304229736,-0.24465157091617584,0,False
224,27.479163033887744,27.459999999999997,0.1999999999999993,322,2.4848376459077346,1.6258882237242709,-1.7565349787844131,2.019787118786571,0.3400488495826721,-0.0033585061037001173,-0.5499701099401006,-0.0008585061037001173,0.0,-0.0025,True,True,275,10.0,5,0.012,1.0,0.55,0.999989926815033,-0.254464715719223,0,False
225,27.679103085771203,27.66,0.1999999999999993,321,2.4742896384867605,1.5829691588330648,-1.8735954965889015,2.017853918709703,0.3397233784198761,-0.0015500764783677973,-0.5515201864184684,0.0009499235216322027,0.0,-0.0025,True,True,277,10.0,5,0.012,1.0,0.554,0.9999909400939941,-0.33531516790390015,0,False
226,27.77926086075604,27.759999999999998,0.10000000000000142,160,2.466996592909876,1.5621271707597855,-1.9424361437615028,2.0151446771405745,0.3392672538757324,-0.0011687501603720098,-0.5526889365788404,0.0013312498396279902,0.0,-0.0025,True,True,278,10.0,5,0.012,1.0,0.556,0.9998714327812195,-0.4147574007511139,0,False
227,27.979549590032548,27.959999999999997,0.1999999999999993,321,2.4477169653625825,1.5223108444943187,-2.0942196479889534,2.005439733068213,0.337633341550827,0.0022687535091547276,-0.5504201830696858,0.004768753509154728,0.0,-0.0025,True,True,280,10.0,5,0.012,1.0,0.56,0.9998679757118225,-0.2706054747104645,0,False
228,28.17923482414335,28.16,0.1999999999999993,324,2.423829786066292,1.4851717696576876,-2.19205379141762,1.9915242682533958,0.3352905511856079,0.004337692332113943,-0.5460824907375719,0.0068376923321139425,0.0,-0.0025,True,True,282,10.0,5,0.012,1.0,0.564,0.9998635053634644,-0.24302877485752106,0,False
229,28.279595647007227,28.259999999999998,0.10000000000000142,163,2.410554065385277,1.4675270853102316,-2.238882817849554,1.983366981746464,0.33391720056533813,0.00150827540736628,-0.5445742153302056,0.00400827540736628,0.0,-0.0025,True,True,283,10.0,5,0.012,1.0,0.566,0.9995347857475281,-0.21552476286888123,0,False
230,28.479283371008933,28.459999999999997,0.1999999999999993,321,2.380458555594688,1.435055001606045,-2.4526720728225886,1.9634885302281069,0.3305704891681671,0.007267746699818249,-0.5373064686303873,0.00976774669981825,0.0,-0.0025,True,True,285,10.0,5,0.012,1.0,0.57,0.9989318251609802,-0.4880271255970001,0,False
231,28.679733608849347,28.66,0.1999999999999993,321,2.3434790985453517,1.4110600047494235,-2.7332066817339786,1.9352688717852862,0.3258194625377655,0.011366395748698624,-0.5259400728816888,0.013866395748698624,0.0,-0.0025,True,True,287,10.0,5,0.012,1.0,0.574,0.9810346961021423,-0.23614928126335144,0,False
232,28.77974364394322,28.759999999999998,0.10000000000000142,163,2.32323363201608,1.4037712166846845,-2.835940045883903,1.9182465857499669,0.32295361161231995,0.005864302324620561,-0.5200757705570682,0.008364302324620562,0.0,-0.0025,True,True,288,10.0,5,0.012,1.0,0.576,0.9718942046165466,-0.32391637563705444,0,False
233,28.980481769889593,28.959999999999997,0.2010000000000005,328,2.2814185154075495,1.3931901830467863,-2.95025260891433,1.881932481751344,0.3168398141860962,0.015343792770369567,-0.5047319777866986,0.017843792770369567,0.0,-0.0025,True,True,290,10.0,5,0.012,1.0,0.58,0.986421525478363,-0.1993616819381714,0,False
234,29.180847277864814,29.16,0.1999999999999993,325,2.2392007678765196,1.3865959581756764,-3.0211974612221684,1.8442027746930463,0.31048768758773804,0.016039382771513486,-0.48869259501518514,0.018539382771513485,0.0,-0.0025,True,True,292,10.0,5,0.012,1.0,0.584,0.9694592356681824,-0.15650954842567444,0,False
235,29.380947068799287,29.36,0.1999999999999993,325,2.1962034102739434,1.38261741686655,-3.0725468278208194,1.8050670234803161,0.3038988411426544,0.016730275778776775,-0.47196231923640836,0.019230275778776774,0.0,-0.0025,True,True,294,10.0,5,0.012,1.0,0.588,0.9906136393547058,-0.08786382526159286,0,False
236,29.480987614020705,29.459999999999997,0.10000000000000142,162,2.17441621173209,1.3812795186374416,-3.087674766274045,1.7850728029984693,0.30053263902664185,0.007324632514592252,-0.4646376867218161,0.009824632514592252,0.0,-0.0025,True,True,295,10.0,5,0.012,1.0,0.59,0.9913815855979919,-0.05378381162881851,0,False
237,29.681162064895034,29.66,0.1999999999999993,325,2.1307450186553814,1.3793920330005724,-3.107417700354011,1.7448448583534277,0.29375991225242615,0.01726695082029954,-0.44737073590151655,0.01976695082029954,0.0,-0.0025,True,True,297,10.0,5,0.012,1.0,0.594,0.9930597543716431,-0.0036499113775789738,0,False
238,29.880874427966774,29.86,0.1999999999999993,324,2.0870657600842293,1.3778633790504762,-3.1062249448730976,1.7046500158432067,0.28699275851249695,0.017250685304454314,-0.4301200505970622,0.019750685304454313,0.0,-0.0025,True,True,299,10.0,5,0.012,1.0,0.598,0.9937892556190491,0.006843966897577047,0,False
239,29.98112441180274,29.959999999999997,0.10000000000000142,163,2.0652706272745633,1.3770810626260839,-3.108088296434381,1.684666239350421,0.28362831473350525,0.007319500613870978,-0.4228005499831912,0.009819500613870978,0.0,-0.0025,True,True,300,10.0,5,0.012,1.0,0.6,0.9958842396736145,0.14633208513259888,0,False
240,30.18099902383983,30.16,0.1999999999999993,324,2.02162534348391,1.374434585162882,-3.05005763499706,1.6451978736386124,0.27698346972465515,0.01689371376954208,-0.40590683621364915,0.01939371376954208,0.0,-0.0025,True,True,302,10.0,5,0.012,1.0,0.604,0.997104287147522,0.16539156436920166,0,False
241,30.381095725111663,30.36,0.1999999999999993,325,1.9781520433739574,1.3692513601066596,-3.006206589658213,1.6071020959128886,0.27056971192359924,0.016219260240860057,-0.3896875759727891,0.018719260240860056,0.0,-0.0025,True,True,304,10.0,5,0.012,1.0,0.608,0.995690107345581,-0.2793283462524414,0,False
242,30.48132633883506,30.459999999999997,0.10000000000000142,164,1.9570309733296343,1.3667291696640242,-3.0570631743141976,1.5887010263047536,0.2674717307090759,0.006541800201187881,-0.3831457757716012,0.009041800201187881,0.0,-0.0025,True,True,305,10.0,5,0.012,1.0,0.61,0.9002010226249695,-0.20193445682525635,0,False
243,30.68125243112445,30.66,0.1999999999999993,325,1.91594509820563,1.3636283695884617,-3.0326354287327573,1.5523754162164871,0.261355996131897,0.015349446559299837,-0.3677963292123014,0.017849446559299837,0.0,-0.0025,True,True,307,10.0,5,0.012,1.0,0.614,0.9986482858657837,0.2129184752702713,0,False
244,30.881685748696327,30.86,0.1999999999999993,325,1.8723555094322823,1.3582259394000435,-3.047080806577165,1.5150027519706646,0.2550639808177948,0.015863941351942717,-0.35193238786035863,0.018363941351942716,0.0,-0.0025,True,True,309,10.0,5,0.012,1.0,0.618,0.846773624420166,0.25105172395706177,0,False
245,30.98136958712712,30.959999999999997,0.10000000000000142,161,1.8528450221069623,1.3559723366401697,-3.0150279954100663,1.4983194530379185,0.2522552013397217,0.005697733004601725,-0.3462346548557569,0.008197733004601726,0.0,-0.0025,True,True,310,10.0,5,0.012,1.0,0.62,0.9959561824798584,-0.31143343448638916,0,False
246,31.181791464798152,31.16,0.1999999999999993,327,1.8100344974757558,1.3529693542075758,-3.124610756019506,1.4611088476393053,0.24599047005176544,0.015784309909395826,-0.33045034494636105,0.018284309909395825,0.0,-0.0025,True,True,312,10.0,5,0.012,1.0,0.624,0.9796030521392822,-0.16812936961650848,0,False
247,31.381764316000044,31.36,0.1999999999999993,323,1.7673136146448365,1.3523892508680206,-3.06977127919906,1.4231947776215663,0.2396073043346405,0.01612997386644796,-0.31432037107991306,0.01862997386644796,0.0,-0.0025,True,True,314,10.0,5,0.012,1.0,0.628,0.9842681884765625,0.3227217495441437,0,False
248,31.481450983788818,31.459999999999997,0.10000000000000142,162,1.7458693904334406,1.3501258046583593,-3.021808553253663,1.4051786309661964,0.23657412827014923,0.0063526592161326344,-0.3079677118637804,0.008852659216132635,0.0,-0.0025,True,True,315,10.0,5,0.012,1.0,0.63,0.9978508949279785,-0.2844066321849823,0,False
249,31.681566714774817,31.66,0.1999999999999993,326,1.7021042831017867,1.347175705476764,-3.1251214538426058,1.367930675030433,0.2303031086921692,0.015802662978076705,-0.2921650488857037,0.018302662978076704,0.0,-0.0025,True,True,317,10.0,5,0.012,1.0,0.634,0.9544233679771423,0.4361232817173004,0,False
250,31.781739498954266,31.76,0.09999999999999787,163,1.680763691124011,1.346225192756999,-3.0500711116895878,1.3496756442523883,0.22722971439361572,0.00647004057245916,-0.28569500831324457,0.00897004057245916,0.0,-0.0025,True,True,318,10.0,5,0.012,1.0,0.636,0.9511962532997131,0.3581309914588928,0,False
251,31.88203078182414,31.859999999999996,0.10000000000000142,162,1.6600993497579937,1.3434148219794295,-2.9906793365982813,1.3330171276665663,0.22442510724067688,0.005685555613060002,-0.28000945270018457,0.008185555613060003,0.0,-0.0025,True,True,319,10.0,5,0.012,1.0,0.638,0.8124578595161438,-0.3582858741283417,0,False
252,31.98194566788152,31.959999999999997,0.10000000000000142,162,1.6407737617628726,1.3408626686617355,-3.0421968184813393,1.3175078039109822,0.22181397676467896,0.005120872570990831,-0.27488858012919376,0.007620872570990831,0.0,-0.0025,True,True,320,10.0,5,0.012,1.0,0.64,0.8085805773735046,-0.36198490858078003,0,False
253,32.0820767628029,32.06,0.10000000000000142,162,1.6234941713913493,1.3397711969968824,-3.111709819290738,1.3031274930745682,0.21939292550086975,0.004566105404891798,-0.270322474724302,0.0070661054048917985,0.0,-0.0025,True,True,321,10.0,5,0.012,1.0,0.642,0.6860304474830627,-0.13651761412620544,0,False
254,32.28176539670676,32.260000000000005,0.19999999999999574,319,1.5886141543738639,1.3397057646827224,3.117260472992698,1.2732121910518268,0.2143564224243164,0.012199590274265325,-0.25812288445003667,0.014699590274265326,0.0,-0.0025,True,True,323,10.0,5,0.012,1.0,0.646,0.8523793816566467,-0.148612841963768,0,False
255,32.3821662790142,32.36,0.10000000000000142,161,1.5699871254443956,1.3404698370064703,3.0789809510582273,1.2569218693345963,0.21161380410194397,0.005504634367295334,-0.25261825008274136,0.008004634367295335,0.0,-0.0025,True,True,324,10.0,5,0.012,1.0,0.648,0.7365766167640686,-0.49003639817237854,0,False
256,32.48174972785637,32.46,0.10000000000000142,161,1.553874275946448,1.3422805515085237,2.9809238459806613,1.24227444020169,0.20914778113365173,0.00469736028943917,-0.24792088979330218,0.00719736028943917,0.0,-0.0025,True,True,325,10.0,5,0.012,1.0,0.65,0.6734424829483032,-0.38280051946640015,0,False
257,32.582276538945735,32.56,0.10000000000000142,160,1.539100004467259,1.345184616637145,2.8994184802991856,1.2282149722495652,0.20678074657917023,0.004408451675109011,-0.24351243811819318,0.006908451675109012,0.0,-0.0025,True,True,326,10.0,5,0.012,1.0,0.652,0.7616894245147705,-0.7976322174072266,0,False
258,32.78243707912043,32.760000000000005,0.19999999999999574,325,1.5038764366119737,1.360863830801881,2.5487159918385327,1.1900684792210283,0.20035845041275024,0.016244180402836723,-0.22726825771535644,0.01874418040283672,0.0,-0.0025,True,True,328,10.0,5,0.012,1.0,0.656,0.8124142289161682,-0.2785886228084564,0,False
259,32.88229262595996,32.86,0.10000000000000142,162,1.487188295682416,1.3732334445777128,2.456913847554633,1.1693490210581152,0.19687014818191528,0.00768099517992747,-0.21958726253542898,0.01018099517992747,0.0,-0.0025,True,True,329,10.0,5,0.012,1.0,0.658,0.8011475205421448,-0.9545008540153503,0,False
260,32.982254892122,32.96,0.10000000000000142,163,1.4734630347763846,1.3865975693071177,2.2805519928931735,1.1506054240121322,0.19371449947357178,0.006710109148569853,-0.21287715338685914,0.009210109148569854,0.0,-0.0025,True,True,330,10.0,5,0.012,1.0,0.66,0.7945833206176758,0.06467733532190323,0,False
261,33.08208611886948,33.06,0.10000000000000142,162,1.46169297737703,1.4013901274607516,2.218018559570348,1.1327785082772066,0.19071318209171295,0.006259676133573783,-0.20661747725328536,0.008759676133573783,0.0,-0.0025,True,True,331,10.0,5,0.012,1.0,0.662,0.8946154117584229,-0.22865435481071472,0,False
262,33.28204534994438,33.260000000000005,0.19999999999999574,326,1.4408671284852572,1.4336247445834778,1.9967490423733967,1.0981857152892474,0.18488918244838715,0.014497985946420386,-0.19211949130686498,0.016997985946420387,0.0,-0.0025,True,True,333,10.0,5,0.012,1.0,0.666,0.6947235465049744,-0.9943246841430664,0,False
263,33.38210563501343,33.36,0.10000000000000142,162,1.4354856707184733,1.4495059363502432,1.7994069666581796,1.0854386496235335,0.182743102312088,0.003763571811600162,-0.1883559194952648,0.006263571811600162,0.0,-0.0025,True,True,334,10.0,5,0.012,1.0,0.668,0.8568373918533325,-0.9999239444732666,0,False
264,33.482619226910174,33.46,0.10000000000000142,163,1.4330409036273744,1.4673169439531315,1.601400633901064,1.074391210414925,0.18088316917419434,0.0029284202052498377,-0.18542749929001498,0.005428420205249838,0.0,-0.0025,True,True,335,10.0,5,0.012,1.0,0.67,0.6148426532745361,-0.9999595284461975,0,False
265,33.58264560205862,33.56,0.10000000000000142,162,1.4341271834457587,1.4823623097464165,1.4029089689551437,1.0679617845389153,0.17980071902275085,0.0006592502727953268,-0.18476824901721967,0.003159250272795327,0.0,-0.0025,True,True,336,10.0,5,0.012,1.0,0.672,0.975604772567749,-0.7936570048332214,0,False
266,33.78239458473399,33.760000000000005,0.19999999999999574,324,1.4486585022876206,1.5229651683825494,1.0706081056729226,1.0618451472844443,0.17877092957496643,0.0005055541952636842,-0.18426269482195598,0.0030055541952636843,0.0,-0.0025,True,True,338,10.0,5,0.012,1.0,0.676,0.9994615316390991,-0.6251304149627686,0,False
267,33.882463169749826,33.86,0.10000000000000142,158,1.460338503511425,1.5418306792609848,0.9588942479740978,1.06403440211007,0.17913950979709625,-0.0035757420706697936,-0.18783843689262578,-0.0010757420706697936,0.0,-0.0025,True,True,339,10.0,5,0.012,1.0,0.678,0.999865710735321,-0.24535143375396729,0,False
268,33.98240964580327,33.96,0.10000000000000142,163,1.473332258686157,1.559673777313133,0.9194960562632978,1.0682990899822329,0.1798575073480606,-0.004595555121615225,-0.192433992014241,-0.002095555121615225,0.0,-0.0025,True,True,340,10.0,5,0.012,1.0,0.68,0.9988107085227966,-0.2366720288991928,0,False
269,34.082489911001176,34.06,0.10000000000000142,164,1.487126511007008,1.5768604787762246,0.8802197644542261,1.0739952239144255,0.18081650137901306,-0.0052989299552088556,-0.19773292196944986,-0.002798929955208855,0.0,-0.0025,True,True,341,10.0,5,0.012,1.0,0.682,0.9955610036849976,-0.008858541958034039,0,False
270,34.283870129846036,34.260000000000005,0.2009999999999934,330,1.514855647121628,1.6099739188197484,0.8554666755883994,1.0872222705350358,0.18304339051246643,-0.008999421791355213,-0.20673234376080507,-0.006499421791355213,0.0,-0.0025,True,True,343,10.0,5,0.012,1.0,0.686,0.9749686121940613,-0.14036454260349274,0,False
271,34.38386366609484,34.36,0.10000000000000142,165,1.5293041926788251,1.6260753264429102,0.8326200180381957,1.0951195194160253,0.18437296152114868,-0.006380499777545176,-0.21311284353835025,-0.003880499777545176,0.0,-0.0025,True,True,344,10.0,5,0.012,1.0,0.688,0.9944680333137512,-0.03898678719997406,0,False
272,34.48388304095715,34.46,0.10000000000000142,163,1.5440678575706184,1.6422473765382475,0.8258727476109491,1.1036596931829392,0.18581077456474304,-0.006696416106687874,-0.2198092596450381,-0.004196416106687874,0.0,-0.0025,True,True,345,10.0,5,0.012,1.0,0.69,0.9960308074951172,-0.022825853899121284,0,False
273,34.5839036568068,34.56,0.10000000000000142,162,1.55893618428533,1.6583679052016658,0.8252603701453672,1.1126807329885684,0.18732954561710358,-0.006932700993283681,-0.2267419606383218,-0.004432700993283681,0.0,-0.0025,True,True,346,10.0,5,0.012,1.0,0.692,0.9982358813285828,0.02205546386539936,0,False
274,34.68370445398614,34.660000000000004,0.10000000000000142,162,1.5737638211211091,1.6745463842696038,0.8321115701005334,1.1220021702422742,0.18889889121055603,-0.007080308375044517,-0.23382226901336634,-0.004580308375044517,0.0,-0.0025,True,True,347,10.0,5,0.012,1.0,0.694,0.997860312461853,0.04424386844038963,0,False
275,34.88372519379482,34.86,0.19999999999999574,325,1.6029153010074215,1.707149735617213,0.8516676336579557,1.1411325489170419,0.19211965799331665,-0.011900163437990842,-0.24572243245135716,-0.009400163437990841,0.0,-0.0025,True,True,349,10.0,5,0.012,1.0,0.698,0.9908311367034912,0.11354057490825653,0,False
276,34.98425296600908,34.96,0.10000000000000142,164,1.6170267879476516,1.7236820431788704,0.8729672296547515,1.1506956140532605,0.1937296837568283,-0.007199037942577431,-0.2529214703939346,-0.004699037942577431,0.0,-0.0025,True,True,350,10.0,5,0.012,1.0,0.7,0.9884253740310669,0.059104837477207184,0,False
277,35.08398773288354,35.06,0.10000000000000142,161,1.630905040096898,1.7403919410423219,0.8869799131286266,1.1603200154981173,0.1953500360250473,-0.007229176986643611,-0.2601506473805782,-0.004729176986643611,0.0,-0.0025,True,True,351,10.0,5,0.012,1.0,0.702,0.9892431497573853,0.11026209592819214,0,False
278,35.184218117035925,35.160000000000004,0.10000000000000142,160,1.6444148397486409,1.7573746665950685,0.9109659948377109,1.1698513946336255,0.19695472717285156,-0.007183468277677569,-0.26733411565825577,-0.004683468277677569,0.0,-0.0025,True,True,352,10.0,5,0.012,1.0,0.704,0.9878483414649963,0.14802032709121704,0,False
279,35.384176787920296,35.36,0.19999999999999574,317,1.670286358839038,1.7922030039845616,0.9494282531802152,1.1885915398527156,0.2001097947359085,-0.011708413011890838,-0.2790425286701466,-0.009208413011890838,0.0,-0.0025,True,True,354,10.0,5,0.012,1.0,0.708,0.9878621697425842,0.13405828177928925,0,False
280,35.48436374170706,35.46,0.10000000000000142,162,1.682667826772562,1.8099964996589606,0.9761058920948871,1.197833231054354,0.2016657143831253,-0.007041123268690256,-0.2860836519388369,-0.004541123268690255,0.0,-0.0025,True,True,355,10.0,5,0.012,1.0,0.71,0.9867851138114929,0.13761046528816223,0,False
281,35.58431482780725,35.56,0.10000000000000142,163,1.6945388301450135,1.828079857768567,1.0028553001241844,1.2068469246642877,0.20318324863910675,-0.0069290912665051635,-0.29301274320534204,-0.004429091266505164,0.0,-0.0025,True,True,356,10.0,5,0.012,1.0,0.712,0.9833849668502808,0.12118168920278549,0,False
282,35.68417046405375,35.660000000000004,0.10000000000000142,162,1.705960367075152,1.8464452134273681,1.0268931166088542,1.2156971432929025,0.20467326045036316,-0.006848763973013237,-0.2998615071783553,-0.004348763973013237,0.0,-0.0025,True,True,357,10.0,5,0.012,1.0,0.714,0.9879468679428101,0.12247543781995773,0,False
283,35.88444556295872,35.86,0.19999999999999574,325,1.7276444912245477,1.883997103536295,1.0641492408393232,1.2331130261024104,0.20760537683963776,-0.011057705396715462,-0.31091921257507077,-0.008557705396715461,0.0,-0.0025,True,True,359,10.0,5,0.012,1.0,0.718,0.9862863421440125,0.07428614795207977,0,False
284,35.98409177083522,35.96,0.10000000000000142,162,1.7380388639316375,1.9030171389868826,1.0762103871198658,1.2418316327671801,0.2090732306241989,-0.006784093325789194,-0.31770330590086,-0.0042840933257891935,0.0,-0.0025,True,True,360,10.0,5,0.012,1.0,0.72,0.9862719178199768,0.031496550887823105,0,False
285,36.0845229527913,36.06,0.10000000000000142,163,1.748305144208037,1.9221344477497497,1.079713420222537,1.2507313275812617,0.21057157218456268,-0.006873075265412781,-0.32457638116627274,-0.004373075265412782,0.0,-0.0025,True,True,361,10.0,5,0.012,1.0,0.722,0.9863256216049194,-0.07906441390514374,0,False
286,36.184331560041755,36.160000000000004,0.10000000000000142,162,1.7587533483830398,1.9412049996944407,1.066837712005933,1.2601256957416307,0.21215319633483887,-0.007116144698724758,-0.3316925258649975,-0.004616144698724759,0.0,-0.0025,True,True,362,10.0,5,0.012,1.0,0.724,0.9890173673629761,0.035788919776678085,0,False
287,36.38472306681797,36.36,0.19999999999999574,326,1.7799928117156474,1.979254245917463,1.0392713355114065,1.2801608956042847,0.2155262976884842,-0.012344768701320383,-0.3440372945663179,-0.009844768701320382,0.0,-0.0025,True,True,364,10.0,5,0.012,1.0,0.728,0.99562668800354,-0.10081350058317184,0,False
288,36.4845412238501,36.46,0.10000000000000142,163,1.79129620438759,1.998061373706663,1.0182040583381484,1.2912976397702032,0.21740126609802246,-0.007972302305484617,-0.3520095968718025,-0.005472302305484617,0.0,-0.0025,True,True,365,10.0,5,0.012,1.0,0.73,0.9957953095436096,-0.11079812794923782,0,False
289,36.584836767055094,36.56,0.10000000000000142,163,1.8029793818301785,2.016550402520742,0.9912156481042093,1.303084478000978,0.21938568353652954,-0.008291741380037703,-0.3603013382518402,-0.005791741380037703,0.0,-0.0025,True,True,366,10.0,5,0.012,1.0,0.732,0.9908385872840881,-0.176558256149292,0,False
290,36.684641293715686,36.660000000000004,0.10000000000000142,162,1.815277028611095,2.034596819088585,0.9574529067563785,1.3157319717370848,0.2215149998664856,-0.008714644792012349,-0.3690159830438525,-0.006214644792012348,0.0,-0.0025,True,True,367,10.0,5,0.012,1.0,0.734,0.9883807301521301,-0.14842809736728668,0,False
291,36.88458068482578,36.86,0.19999999999999574,325,1.841722622469003,2.069202098713824,0.8719200574330151,1.3435060789855573,0.22619101405143738,-0.016147463645049823,-0.38516344668890234,-0.013647463645049823,0.0,-0.0025,True,True,369,10.0,5,0.012,1.0,0.738,0.98518306016922,-0.24087460339069366,0,False
292,36.98491882812232,36.96,0.10000000000000142,163,1.8561209140780317,2.0854966158287267,0.8211065884385312,1.358813338105326,0.22876812517642975,-0.010021583339240903,-0.39518503002814326,-0.007521583339240904,0.0,-0.0025,True,True,370,10.0,5,0.012,1.0,0.74,0.982774555683136,-0.28239941596984863,0,False
293,37.085090551991016,37.06,0.10000000000000142,162,1.8712936183565196,2.1008882534785314,0.7623833418896306,1.3749998394906195,0.2314932644367218,-0.01045361979487176,-0.405638649823015,-0.007953619794871759,0.0,-0.0025,True,True,371,10.0,5,0.012,1.0,0.742,0.9667943120002747,-0.366704523563385,0,False
294,37.1850062077865,37.160000000000004,0.10000000000000142,163,1.8873074735137783,2.115075165487076,0.6865625576763943,1.3920719557449333,0.2343675047159195,-0.010888787579756474,-0.4165274374027715,-0.008388787579756474,0.0,-0.0025,True,True,372,10.0,5,0.012,1.0,0.744,0.9635120034217834,-0.4000316262245178,0,False
295,37.38479865109548,37.36,0.19999999999999574,325,1.9222344331200516,2.139856514873039,0.5427279986435627,1.429094303815303,0.24060054123401642,-0.020691805224361957,-0.43721924262713346,-0.018191805224361958,0.0,-0.0025,True,True,374,10.0,5,0.012,1.0,0.748,0.9685627818107605,-0.7601065635681152,0,False
296,37.48480182606727,37.46,0.10000000000000142,163,1.941457228389799,2.1495992531099986,0.39400954142034056,1.4491994252996365,0.24398541450500488,-0.012379126341741988,-0.44959836896887545,-0.009879126341741987,0.0,-0.0025,True,True,375,10.0,5,0.012,1.0,0.75,0.9726516008377075,-0.40541914105415344,0,False
297,37.58487207069993,37.56,0.10000000000000142,162,1.961673904970879,2.1572823515907134,0.3238328865340542,1.4701116547182687,0.24750617146492004,-0.012775717889849348,-0.4623740868587248,-0.010275717889849347,0.0,-0.0025,True,True,376,10.0,5,0.012,1.0,0.752,0.9879621863365173,-0.37864071130752563,0,False
298,37.68511512409896,37.660000000000004,0.10000000000000142,163,1.9826178076489793,2.1634687366440466,0.24473701914027393,1.491602374920822,0.2511243224143982,-0.013059973000983327,-0.4754340598597081,-0.010559973000983327,0.0,-0.0025,True,True,377,10.0,5,0.012,1.0,0.754,0.8936635255813599,-0.725630521774292,0,False
299,37.88511131471023,37.86,0.19999999999999574,325,2.0235528523678887,2.1683840511031334,0.026413474765769992,1.5328295791972084,0.25806528329849243,-0.022757960643540374,-0.49819202050324846,-0.020257960643540376,0.0,-0.0025,True,True,379,10.0,5,0.012,1.0,0.758,0.9934027791023254,-0.3835209906101227,0,False
300,37.98497265111655,37.96,0.10000000000000142,161,2.045509555919606,2.1682027006161473,-0.04371153735159018,1.554635566255993,0.26173651218414307,-0.013214886817669219,-0.5114069073209176,-0.010714886817669219,0.0,-0.0025,True,True,380,10.0,5,0.012,1.0,0.76,0.9902068972587585,-0.3415752649307251,0,False
301,38.08511849492788,38.06,0.10000000000000142,163,2.067329000219218,2.166500014368569,-0.11592511173354524,1.576148059520487,0.2653583288192749,-0.013070671709266521,-0.5244775790301842,-0.01057067170926652,0.0,-0.0025,True,True,381,10.0,5,0.012,1.0,0.762,0.9907427430152893,-0.4133540391921997,0,False
302,38.185308158863336,38.160000000000004,0.10000000000000142,163,2.088983128193487,2.1630244172621276,-0.19952030600464932,1.5973240439171006,0.26892349123954773,-0.012905320128401933,-0.5373828991585862,-0.010405320128401932,0.0,-0.0025,True,True,382,10.0,5,0.012,1.0,0.764,0.9877792000770569,-0.42172011733055115,0,False
303,38.38562258705497,38.36,0.19999999999999574,325,2.1295388368753194,2.150991508563301,-0.3780531931308082,1.6365192727624494,0.2755223512649536,-0.021759501518477213,-0.5591424006770633,-0.019259501518477214,0.0,-0.0025,True,True,384,10.0,5,0.012,1.0,0.768,0.9973911046981812,-0.315236896276474,0,False
304,38.48562924191356,38.46,0.10000000000000142,158,2.149807270832449,2.142285313370126,-0.4377806183341757,1.6559314621251,0.27879056334495544,-0.01203863777609514,-0.5711810384531585,-0.009538637776095139,0.0,-0.0025,True,True,385,10.0,5,0.012,1.0,0.77,0.9978548288345337,-0.3125154376029968,0,False
305,38.58654151996598,38.56,0.10099999999999909,163,2.169477965430471,2.1323525170329103,-0.49307736927045764,1.6747161270602722,0.2819531261920929,-0.011730288825982104,-0.5829113272791406,-0.009230288825982104,0.0,-0.0025,True,True,386,10.0,5,0.012,1.0,0.772,0.999973714351654,-0.18932540714740753,0,False
306,38.68679671315476,38.660000000000004,0.10000000000000142,162,2.1887507754362354,2.1215906700016833,-0.5315579150030137,1.6931223301545557,0.28505197167396545,-0.011544322660864399,-0.594455649940005,-0.009044322660864398,0.0,-0.0025,True,True,387,10.0,5,0.012,1.0,0.774,0.9999940395355225,-0.2413463592529297,0,False
307,38.78671070886776,38.760000000000005,0.10000000000000142,162,2.2074508460644227,2.10996476995058,-0.5805857816670524,1.7109882780858872,0.28805986046791077,-0.011278855525252164,-0.6057345054652572,-0.008778855525252163,0.0,-0.0025,True,True,388,10.0,5,0.012,1.0,0.776,0.991756021976471,-0.26021942496299744,0,False
308,38.886880152858794,38.86,0.10000000000000142,162,2.2254968360287157,2.097415216828465,-0.6343336665482476,1.7282445802828783,0.29096511006355286,-0.01097929169332282,-0.61671379715858,-0.00847929169332282,0.0,-0.0025,True,True,389,10.0,5,0.012,1.0,0.778,0.9987596273422241,-0.28020307421684265,0,False
309,39.08676572376862,39.06,0.19999999999999574,325,2.2596708101104346,2.069504483030653,-0.7305662924883435,1.761042954336747,0.2964870035648346,-0.018616255817422725,-0.6353300529760028,-0.016116255817422726,0.0,-0.0025,True,True,391,10.0,5,0.012,1.0,0.782,0.9999275207519531,-0.23170238733291626,0,False
310,39.18690344784409,39.160000000000004,0.10000000000000142,159,2.275775977391412,2.0544113096990606,-0.7734125098934874,1.776609454507021,0.29910776019096375,-0.010148967552905262,-0.645479020528908,-0.007648967552905261,0.0,-0.0025,True,True,392,10.0,5,0.012,1.0,0.784,0.9993456602096558,-0.1740548014640808,0,False
311,39.28704829281196,39.260000000000005,0.10000000000000142,160,2.2913085308134793,2.0387605819979604,-0.8067863498495192,1.791727748231491,0.30165305733680725,-0.0099287307287343,-0.6554077512576424,-0.0074287307287343,0.0,-0.0025,True,True,393,10.0,5,0.012,1.0,0.786,0.9995200634002686,-0.16351492702960968,0,False
312,39.38672254094854,39.36,0.10000000000000142,159,2.3063169318363967,2.0226010580162224,-0.8392182607178492,1.8064583752433578,0.3041330873966217,-0.009738241532472556,-0.665145992790115,-0.007238241532472556,0.0,-0.0025,True,True,394,10.0,5,0.012,1.0,0.788,0.9998548626899719,-0.17192654311656952,0,False
313,39.587126107886434,39.56,0.19999999999999574,321,2.334697474528395,1.9888414007694275,-0.9025832376545143,1.8347314927488296,0.3088931143283844,-0.01639266412188168,-0.6815386569119967,-0.01389266412188168,0.0,-0.0025,True,True,396,10.0,5,0.012,1.0,0.792,0.9997446537017822,-0.14781898260116577,0,False
314,39.686905244830996,39.660000000000004,0.10000000000000142,160,2.3481076038080975,1.9713286541168535,-0.9348130395838106,1.8483299205397785,0.31118252873420715,-0.009181908701746538,-0.6907205656137432,-0.006681908701746539,0.0,-0.0025,True,True,397,10.0,5,0.012,1.0,0.794,0.9998778700828552,-0.20435158908367157,0,False
315,39.78733918676153,39.760000000000005,0.10000000000000142,163,2.3608303302676714,1.9532928876450837,-0.9764232971736013,1.8614164158499749,0.3133857548236847,-0.008930358585039377,-0.6996509241987825,-0.006430358585039377,0.0,-0.0025,True,True,398,10.0,5,0.012,1.0,0.796,0.9995810389518738,-0.20522335171699524,0,False
316,39.88706572400406,39.86,0.10000000000000142,161,2.372809040896065,1.9347611806730687,-1.01671401358547,1.8739449543208444,0.3154950439929962,-0.00865619331261147,-0.708307117511394,-0.006156193312611469,0.0,-0.0025,True,True,399,10.0,5,0.012,1.0,0.798,0.9996952414512634,-0.1847744733095169,0,False
317,40.08728722296655,40.06,0.19999999999999574,324,2.39460188408089,1.89638515445749,-1.0950916442255039,1.8974331316855049,0.3194494843482971,-0.01404147075925601,-0.72234858827065,-0.01154147075925601,0.0,-0.0025,True,True,401,10.0,5,0.012,1.0,0.802,0.9999328255653381,-0.21329939365386963,0,False
318,40.18713422911242,40.160000000000004,0.10000000000000142,162,2.4042878316264846,1.8765428027191704,-1.1395938224022855,1.9082854984204658,0.32127657532691956,-0.00783256673754195,-0.7301811550081919,-0.005332566737541951,0.0,-0.0025,True,True,402,10.0,5,0.012,1.0,0.804,0.9997534155845642,-0.24811643362045288,0,False
319,40.28743142215535,40.260000000000005,0.10000000000000142,163,2.4129991894802765,1.856252410440036,-1.192329691259768,1.9183924475632934,0.3229781687259674,-0.0074662881962369206,-0.7376474432044289,-0.004966288196236921,0.0,-0.0025,True,True,403,10.0,5,0.012,1.0,0.806,0.9985576868057251,-0.30535194277763367,0,False
320,40.38749548699707,40.36,0.10000000000000142,161,2.4205126145179587,1.8354837724198991,-1.2535457638884497,1.9275461614333502,0.3245192766189575,-0.0069978935287167195,-0.7446453367331456,-0.00449789352871672,0.0,-0.0025,True,True,404,10.0,5,0.012,1.0,0.808,0.9993087649345398,-0.29006391763687134,0,False
321,40.58738384814933,40.56,0.19999999999999574,322,2.4319989719895467,1.7929187121877392,-1.3606488638261593,1.9430652211109405,0.32713204622268677,-0.010125656546239478,-0.754770993279385,-0.007625656546239478,0.0,-0.0025,True,True,406,10.0,5,0.012,1.0,0.812,0.9956895709037781,-0.28184524178504944,0,False
322,40.68752499204129,40.660000000000004,0.10000000000000142,162,2.435956470713802,1.771377889681856,-1.419417965889717,1.9494089708732971,0.3282000720500946,-0.005617151290607802,-0.7603881445699928,-0.0031171512906078016,0.0,-0.0025,True,True,407,10.0,5,0.012,1.0,0.814,0.9818170070648193,-0.40209856629371643,0,False
323,40.78738692775369,40.760000000000005,0.10000000000000142,161,2.438325009408299,1.7496117173715033,-1.5007423145818388,1.9544304054104729,0.32904547452926636,-0.004967400470482176,-0.765355545040475,-0.002467400470482176,0.0,-0.0025,True,True,408,10.0,5,0.012,1.0,0.816,0.9996594786643982,-0.35823142528533936,0,False
324,40.88780175987631,40.86,0.10000000000000142,163,2.4391062771015046,1.7274960340242687,-1.5800274462388197,1.9581603256393598,0.3296734392642975,-0.004332784408415874,-0.7696883294488909,-0.001832784408415874,0.0,-0.0025,True,True,409,10.0,5,0.012,1.0,0.818,0.9981850385665894,-0.8483585119247437,0,False
325,41.087575651705265,41.06,0.19999999999999574,323,2.4319034685182896,1.6837351889466092,-1.8738180605455514,1.9576195394261164,0.3295823931694031,-0.0022342719202832657,-0.7719226013691741,0.0002657280797167341,0.0,-0.0025,True,True,411,10.0,5,0.012,1.0,0.822,0.9999740719795227,-0.5034173727035522,0,False
326,41.18734875880182,41.160000000000004,0.10000000000000142,162,2.4244405621302603,1.6628627681415225,-1.9692296363500246,1.9537483598197605,0.32893064618110657,-0.0005978044597956633,-0.7725204058289697,0.0019021955402043367,0.0,-0.0025,True,True,412,10.0,5,0.012,1.0,0.824,0.9986442923545837,-0.5961868762969971,0,False
327,41.28876732289791,41.260000000000005,0.10099999999999909,163,2.414689516798423,1.643054164384581,-2.084631586074586,1.9476772158735725,0.3279085159301758,0.00048319998364743447,-0.7720372058453223,0.0029831999836474345,0.0,-0.0025,True,True,413,10.0,5,0.012,1.0,0.826,0.9884189963340759,-0.557340145111084,0,False
328,41.38970034010708,41.36,0.10099999999999909,161,2.4028342026280085,1.6244871432365662,-2.1903932333667644,1.939532851590394,0.3265373408794403,0.0015019257674909752,-0.7705352800778313,0.004001925767490975,0.0,-0.0025,True,True,414,10.0,5,0.012,1.0,0.828,0.9953001737594604,-0.461859792470932,0,False
329,41.48969068471342,41.46,0.10000000000000142,160,2.389206664566734,1.6070307013926073,-2.286331580181006,1.9296441641172648,0.3248724937438965,0.002359040169300585,-0.7681762399085308,0.004859040169300585,0.0,-0.0025,True,True,415,10.0,5,0.012,1.0,0.83,0.9992419481277466,-0.5783059000968933,0,False
330,41.59030273510143,41.56,0.10099999999999909,163,2.373681302737855,1.5911656018788793,-2.404021899657123,1.917766162253161,0.32287272810935974,0.0033365367846380045,-0.7648397031238928,0.0058365367846380046,0.0,-0.0025,True,True,416,10.0,5,0.012,1.0,0.832,0.9995410442352295,-0.6229339838027954,0,False
331,41.69041263870895,41.660000000000004,0.10000000000000142,162,2.3565706567096734,1.5774374592350913,-2.521689695979915,1.9040519654987222,0.32056382298469543,0.0042387945165206515,-0.7606009086073722,0.006738794516520652,0.0,-0.0025,True,True,417,10.0,5,0.012,1.0,0.834,0.9496514201164246,-0.5012453198432922,0,False
332,41.79057267308235,41.760000000000005,0.10000000000000142,160,2.3386669000718823,1.5658475719616671,-2.61385914239085,1.8892285817026528,0.31806817650794983,0.00478381976938624,-0.7558170888379859,0.007283819769386241,0.0,-0.0025,True,True,418,10.0,5,0.012,1.0,0.836,0.9904449582099915,-0.3466290533542633,0,False
333,41.89141956111416,41.86,0.10099999999999909,164,2.31938532926897,1.5553384069841871,-2.6817497464970144,1.8729354277172023,0.3153250813484192,0.005506026069185842,-0.7503110627688001,0.008006026069185842,0.0,-0.0025,True,True,419,10.0,5,0.012,1.0,0.838,0.9938718676567078,-0.40643903613090515,0,False
334,41.99144439585507,41.96,0.10000000000000142,162,2.2992552052322544,1.5463880236608476,-2.7656500864596456,1.8555546827352978,0.31239888072013855,0.006040439595136584,-0.7442706231736635,0.008540439595136584,0.0,-0.0025,True,True,420,10.0,5,0.012,1.0,0.84,0.9939351677894592,-0.4642435908317566,0,False
335,42.09270723070949,42.06,0.10099999999999909,165,2.278393041837646,1.5393007343414715,-2.856013727908769,1.837097144779528,0.30929139256477356,0.0065695472576296834,-0.7377010759160338,0.009069547257629684,0.0,-0.0025,True,True,421,10.0,5,0.012,1.0,0.842,0.9939181804656982,-0.3572337329387665,0,False
336,42.193846106063575,42.160000000000004,0.10099999999999909,163,2.2570796160961697,1.5338114691114626,-2.921013272716522,1.8178725931864477,0.3060547709465027,0.006946437525849778,-0.7307546383901841,0.009446437525849779,0.0,-0.0025,True,True,422,10.0,5,0.012,1.0,0.844,0.9980523586273193,-0.1851460188627243,0,False
337,42.29333169572055,42.260000000000005,0.10000000000000142,161,2.2355335684048447,1.5292746520308877,-2.948686790591428,1.798237716735005,0.30274906754493713,0.007148060337235364,-0.7236065780529487,0.009648060337235365,0.0,-0.0025,True,True,423,10.0,5,0.012,1.0,0.846,0.9986939430236816,-0.0767182856798172,0,False
338,42.393786657135934,42.36,0.10000000000000142,162,2.213924215812211,1.5251554623503423,-2.9601859845414955,1.7784863632530172,0.2994237542152405,0.007205294077482214,-0.7164012839754665,0.009705294077482215,0.0,-0.0025,True,True,424,10.0,5,0.012,1.0,0.848,0.9988884925842285,-0.058996833860874176,0,False
339,42.49491971312091,42.480000000000004,0.10099999999999909,163,2.187939105010458,1.5205593485158035,-2.97179127567518,1.754708409446105,0.2954205274581909,0.009183859258927441,-0.7072174247165391,0.011683859258927442,0.0,-0.0025,True,True,425,10.0,5,0.016,1.0,0.85,0.9986655116081238,-0.040820036083459854,0,False
340,42.5959379686974,42.580000000000005,0.10099999999999909,164,2.166252337789466,1.5169303747092078,-2.9798859980956265,1.7348639451463872,0.29207953810691833,0.007251046277132158,-0.699966378439407,0.009751046277132159,0.0,-0.0025,True,True,426,10.0,5,0.016,1.0,0.852,0.9990120530128479,-0.04213111475110054,0,False
341,42.69662107899785,42.68,0.10099999999999909,163,2.1445313136883053,1.5134675065154861,-2.9847700236003454,1.7149918662315249,0.28873389959335327,0.007264615370564605,-0.6927017630688425,0.009764615370564606,0.0,-0.0025,True,True,427,10.0,5,0.016,1.0,0.854,0.9996830224990845,-0.011872907169163227,0,False
342,42.79782534390688,42.78,0.10099999999999909,156,2.1227994198470035,1.510054306975854,-2.987015728615742,1.6951474019318071,0.2853929102420807,0.007251046277132158,-0.6854507167917103,0.009751046277132159,0.0,-0.0025,True,True,428,10.0,5,0.016,1.0,0.856,0.9997298121452332,-0.009254172444343567,0,False
343,42.89773742901161,42.88,0.10000000000000142,148,2.1010608090498613,1.5066816677845394,-2.9886221354996536,1.6753383409848384,0.28205788135528564,0.007233650003501032,-0.6782170667882093,0.009733650003501033,0.0,-0.0025,True,True,429,10.0,5,0.016,1.0,0.858,0.9997408986091614,-0.009023786522448063,0,False
344,42.998614157084376,42.980000000000004,0.10099999999999909,150,2.0793200274215247,1.5033435938384636,-2.988563716570233,1.65557229511146,0.2787300944328308,0.007212513531039031,-0.6710045532571702,0.009712513531039031,0.0,-0.0025,True,True,430,10.0,5,0.016,1.0,0.86,0.9997944235801697,0.005095586646348238,0,False
345,43.09978074301034,43.080000000000005,0.10099999999999909,151,2.057588177711785,1.4999746271221153,-2.9865630832918266,1.6358809503123821,0.2754148840904236,0.007175807393677276,-0.6638287458634929,0.009675807393677276,0.0,-0.0025,True,True,431,10.0,5,0.016,1.0,0.862,0.999832808971405,0.013265896588563919,0,False
346,43.20017244387418,43.18,0.10000000000000142,150,2.0358637441762872,1.496548279610608,-2.98436598063733,1.6162738654928472,0.2721138596534729,0.007134404262435005,-0.6566943416010579,0.009634404262435005,0.0,-0.0025,True,True,432,10.0,5,0.016,1.0,0.864,0.9999855756759644,0.007644735276699066,0,False
347,43.30064656585455,43.28,0.10000000000000142,149,2.0141456474826063,1.4930794674791372,-2.9812460625985002,1.5967483854013993,0.26882657408714294,0.007094305851715003,-0.6496000357493429,0.009594305851715003,0.0,-0.0025,True,True,433,10.0,5,0.016,1.0,0.866,0.999984622001648,0.01714276894927025,0,False
348,43.40043411171064,43.38,0.10000000000000142,148,1.992445299751032,1.489520354400816,-2.9760548796493125,1.57733389482082,0.2655579745769501,0.007039768533881148,-0.6425602672154618,0.009539768533881148,0.0,-0.0025,True,True,434,10.0,5,0.016,1.0,0.868,0.9999754428863525,0.026925107464194298,0,False
349,43.60150002408773,43.580000000000005,0.2010000000000005,299,1.949013713490757,1.4822849715361701,-2.9958171781221608,1.5387233523461235,0.25905755162239075,0.016472202059457833,-0.6260880651560039,0.01897220205945783,0.0,-0.0025,True,True,436,10.0,5,0.016,1.0,0.872,0.999983012676239,-0.13945895433425903,0,False
350,43.702481370884925,43.68,0.10099999999999909,151,1.9271483615903533,1.4793939204152098,-3.025551306824712,1.519138925672348,0.2557603418827057,0.007123270647311055,-0.6189647945086928,0.009623270647311055,0.0,-0.0025,True,True,437,10.0,5,0.016,1.0,0.874,0.9999520182609558,-0.17521391808986664,0,False
351,43.80335736786947,43.78,0.10099999999999909,151,1.9051732781379536,1.4772849254367224,-3.0669314304747872,1.4992475519302375,0.25241145491600037,0.007274096339693552,-0.6116906981689992,0.009774096339693552,0.0,-0.0025,True,True,438,10.0,5,0.016,1.0,0.876,0.9999784231185913,-0.23695242404937744,0,False
352,43.90356685174629,43.88,0.10000000000000142,150,1.8831611549141514,1.47610965428932,-3.091952523257428,1.4790523289131574,0.24901141226291656,0.0074233998581334035,-0.6042672983108658,0.009923399858133404,0.0,-0.0025,True,True,439,10.0,5,0.016,1.0,0.878,0.999888002872467,0.031786829233169556,0,False
353,44.00502072414383,43.980000000000004,0.10099999999999909,149,1.8612035389942283,1.4748808660391897,-3.089439151247743,1.4589808406139357,0.24563220143318176,0.007362599881792265,-0.5969046984290736,0.009862599881792266,0.0,-0.0025,True,True,440,10.0,5,0.016,1.0,0.88,0.9998217225074768,-0.004405047278851271,0,False
354,44.2055640197359,44.18,0.2010000000000005,294,1.8172887855073094,1.4723880184691676,-3.0816125992101595,1.4190222269749333,0.23890481889247894,0.017134608668650166,-0.5797700897604234,0.019634608668650164,0.0,-0.0025,True,True,442,10.0,5,0.016,1.0,0.884,0.9999870657920837,0.007748068775981665,0,False
355,44.406412043143064,44.38,0.2010000000000005,295,1.7733626847929547,1.4697836243106814,-3.0837484807381457,1.3793410871131024,0.23222415149211884,0.01699826537406553,-0.5627718243863579,0.01949826537406553,0.0,-0.0025,True,True,444,10.0,5,0.016,1.0,0.888,0.9999978542327881,-0.009948845952749252,0,False
356,44.50741032976657,44.480000000000004,0.10099999999999909,148,1.7513866394997395,1.4685548339880512,-3.0892007480786803,1.359559640781278,0.22889377176761627,0.0072200809100686925,-0.5555517434762892,0.009720080910068693,0.0,-0.0025,True,True,445,10.0,5,0.016,1.0,0.89,0.999997615814209,-0.04015997797250748,0,False
357,44.70784926600754,44.68,0.19999999999999574,295,1.707343734277055,1.4671453118747884,-3.1261251660010547,1.319701838189229,0.22218336164951324,0.01708507277948523,-0.538466670696804,0.01958507277948523,0.0,-0.0025,True,True,447,10.0,5,0.016,1.0,0.894,0.9999995827674866,-0.0012157702585682273,0,False
358,44.807819950859994,44.78,0.10000000000000142,147,1.6853421360928458,1.4667917238436845,-3.1288378356258244,1.2997488626133349,0.218824103474617,0.007304365855811873,-0.5311623048409921,0.009804365855811873,0.0,-0.0025,True,True,448,10.0,5,0.016,1.0,0.896,0.9999997615814209,-0.012699647806584835,0,False
359,44.90812952397391,44.88,0.10000000000000142,147,1.6633230406966557,1.4665648311163988,3.1397503022365987,1.279794382394949,0.21546459197998047,0.007305105197441245,-0.5238571996435509,0.009805105197441245,0.0,-0.0025,True,True,449,10.0,5,0.016,1.0,0.898,0.9995147585868835,-0.10433310270309448,0,False
360,45.00840715598315,44.980000000000004,0.10000000000000142,146,1.6413259322290583,1.4667657302084882,3.1368329683323597,1.259747499425888,0.21208952367305756,0.007350509471618562,-0.5165066901719324,0.009850509471618562,0.0,-0.0025,True,True,450,10.0,5,0.016,1.0,0.9,1.0,0.10282358527183533,0,False
361,45.208607234060764,45.18,0.19999999999999574,294,1.5973111954510462,1.4668798461806993,3.126875350094995,1.2199627162488837,0.20539140701293945,0.017049192965120977,-0.49945749720681143,0.019549192965120976,0.0,-0.0025,True,True,452,10.0,5,0.016,1.0,0.904,0.9999956488609314,-0.06697395443916321,0,False
362,45.30822731181979,45.28,0.10000000000000142,146,1.5753018312612637,1.467356996203704,3.11882450577372,1.1999927470636702,0.202029287815094,0.007312716067154808,-0.4921447811396566,0.009812716067154809,0.0,-0.0025,True,True,453,10.0,5,0.016,1.0,0.906,0.9999414682388306,-0.008667652495205402,0,False
363,45.408547434955835,45.38,0.10000000000000142,146,1.5533164133795223,1.4678439760541735,3.1225979161787025,1.1801125253776759,0.1986822783946991,0.007268616513499651,-0.48487616462615696,0.009768616513499652,0.0,-0.0025,True,True,454,10.0,5,0.016,1.0,0.908,0.999876856803894,0.046891383826732635,0,False
364,45.5083542317152,45.480000000000004,0.10000000000000142,145,1.5313473081954514,1.4681128203410727,3.136773777750818,1.1604228622378536,0.19536735117435455,0.007174981070679775,-0.4777011835554772,0.009674981070679775,0.0,-0.0025,True,True,455,10.0,5,0.016,1.0,0.91,0.9998840689659119,0.08703445643186569,0,False
365,45.708522140048444,45.68,0.19999999999999574,293,1.4873722868649304,1.4681280795342444,-3.1346821145964605,1.1215131614324267,0.18881656229496002,0.016619200571641544,-0.4610819829838356,0.019119200571641543,0.0,-0.0025,True,True,457,10.0,5,0.016,1.0,0.914,0.9999872446060181,0.0632270872592926,0,False
366,45.80860913405195,45.78,0.10000000000000142,147,1.4653526728671222,1.4679800607673656,3.1356041847508744,1.1022481615088304,0.18557313084602356,0.0069663127684735215,-0.4541156702153621,0.009466312768473522,0.0,-0.0025,True,True,458,10.0,5,0.016,1.0,0.916,0.9996024966239929,-0.1607552170753479,0,False
367,45.90950222173706,45.88,0.10000000000000142,149,1.4433057998076253,1.468510218625791,3.1050340011937774,1.082731355238806,0.1822873055934906,0.0070900437646753516,-0.4470256264506867,0.009590043764675352,0.0,-0.0025,True,True,459,10.0,5,0.016,1.0,0.918,0.9999573230743408,-0.1553751677274704,0,False
368,46.00856688385829,45.980000000000004,0.10000000000000142,145,1.4212779202971535,1.4697038022267925,3.072037202962112,1.062999119567303,0.17896521091461182,0.0071959000897212876,-0.43982972636096546,0.009695900089721288,0.0,-0.0025,True,True,460,10.0,5,0.016,1.0,0.92,0.9999628067016602,-0.15978719294071198,0,False
369,46.2090726098977,46.18,0.19999999999999574,294,1.377400286719625,1.474327294975556,2.999410829118671,1.0228210936496378,0.17220088839530945,0.017242422074479506,-0.42258730428648594,0.019742422074479505,0.0,-0.0025,True,True,462,10.0,5,0.016,1.0,0.924,0.999595582485199,-0.1850007027387619,0,False
370,46.30875331815332,46.28,0.10000000000000142,159,1.355629253488519,1.4778019386194394,2.972766966084234,1.0023932706049958,0.16876168549060822,0.007537693375890405,-0.41504961091059556,0.010037693375890406,0.0,-0.0025,True,True,463,10.0,5,0.016,1.0,0.926,0.999871551990509,-0.11101855337619781,0,False
371,46.40910062985495,46.38,0.10000000000000142,160,1.3339376438073614,1.4817646678757284,2.94431202677393,0.9818451646693885,0.16530223190784454,0.007596797215552474,-0.4074528136950431,0.010096797215552475,0.0,-0.0025,True,True,464,10.0,5,0.016,1.0,0.928,0.9999548196792603,-0.15574516355991364,0,False
372,46.50870554801077,46.480000000000004,0.10000000000000142,159,1.3123768909915239,1.4863903963378045,2.9164408085033076,0.961119687936508,0.1618129163980484,0.007683952546444798,-0.39976886114859833,0.010183952546444799,0.0,-0.0025,True,True,465,10.0,5,0.016,1.0,0.93,0.9999730587005615,-0.13367943465709686,0,False
373,46.709279492963105,46.68,0.19999999999999574,316,1.2696659572250162,1.4972533420631433,2.8697181165006165,0.9193148779600193,0.1547747105360031,0.01804178084783349,-0.38172708030076485,0.02054178084783349,0.0,-0.0025,True,True,467,10.0,5,0.016,1.0,0.934,0.9992249608039856,-0.10962068289518356,0,False
374,46.80911705875769,46.78,0.10000000000000142,159,1.2485290781016032,1.503380693782128,2.849165077646133,0.8982908624550817,0.15123513340950012,0.007830646623839893,-0.37389643367692493,0.010330646623839894,0.0,-0.0025,True,True,468,10.0,5,0.016,1.0,0.936,0.9981838464736938,-0.09927643835544586,0,False
375,46.909203982912004,46.88,0.10000000000000142,160,1.2275210833623302,1.5099080579392867,2.833446851585637,0.8771984299709562,0.1476840376853943,0.007864264922632288,-0.3660321687542926,0.010364264922632288,0.0,-0.0025,True,True,469,10.0,5,0.016,1.0,0.938,0.9988721013069153,-0.061825163662433624,0,False
376,47.00928693683818,46.980000000000004,0.10000000000000142,159,1.206584206815094,1.5167024962805016,2.8214154781080034,0.8560594420779657,0.1441251039505005,0.00788714102245726,-0.3581450277318354,0.01038714102245726,0.0,-0.0025,True,True,470,10.0,5,0.016,1.0,0.94,0.9999205470085144,-0.05654554441571236,0,False
377,47.20935372682288,47.18,0.19999999999999574,318,1.1649778212675372,1.531203362646659,2.7876578168569033,0.8136127693161348,0.13697883486747742,0.018357175288767305,-0.3397878524430681,0.020857175288767304,0.0,-0.0025,True,True,472,10.0,5,0.016,1.0,0.944,0.999972939491272,-0.09746456891298294,0,False
378,47.3092317818664,47.28,0.10000000000000142,159,1.144386850837732,1.5390528047813485,2.767951906534118,0.7922794170165515,0.13338717818260193,0.007982646564692575,-0.33180520587837553,0.010482646564692576,0.0,-0.0025,True,True,473,10.0,5,0.016,1.0,0.946,0.9999772906303406,-0.09437065571546555,0,False
379,47.4093012069352,47.38,0.10000000000000142,160,1.1239515458343228,1.54727431874257,2.7528964522659476,0.7708930481962262,0.12978659570217133,0.008008697484455363,-0.32379650839392016,0.010508697484455364,0.0,-0.0025,True,True,474,10.0,5,0.016,1.0,0.948,0.9999364018440247,-0.057650867849588394,0,False
380,47.509351080749184,47.480000000000004,0.10000000000000142,158,1.1036240026075637,1.555740255822541,2.739512087310988,0.7494856143810152,0.1261824667453766,0.008019048267265875,-0.3157774601266543,0.010519048267265876,0.0,-0.0025,True,True,475,10.0,5,0.016,1.0,0.95,0.9996541142463684,-0.06958914548158646,0,False
381,47.70969833806157,47.68,0.19999999999999574,321,1.0639726455166127,1.5737030994924706,2.6879348548467448,0.7069612312599,0.11902311444282532,0.018395360109387804,-0.2973821000172665,0.020895360109387803,0.0,-0.0025,True,True,477,10.0,5,0.016,1.0,0.954,0.9714333415031433,-0.14292022585868835,0,False
382,47.809595874045044,47.78,0.10000000000000142,159,1.0445333036690547,1.5835450216939901,2.6603193877723643,0.6855299001815833,0.11541496217250824,0.008030790751966952,-0.28935130926529956,0.010530790751966952,0.0,-0.0025,True,True,478,10.0,5,0.016,1.0,0.956,0.9989953637123108,-0.12729746103286743,0,False
383,47.90945400996134,47.88,0.10000000000000142,159,1.025136457250914,1.593984034217267,2.636082829452182,0.6637900731382487,0.11175487190485,0.008182377531320936,-0.2811689317339786,0.010682377531320937,0.0,-0.0025,True,True,479,10.0,5,0.016,1.0,0.958,0.9993968605995178,-0.10743699967861176,0,False
384,48.00984311103821,47.980000000000004,0.10000000000000142,160,1.005973617316429,1.604836896652335,2.6169424939285286,0.6419993537753372,0.10808621346950531,0.008207384674665735,-0.27296154705931286,0.010707384674665735,0.0,-0.0025,True,True,480,10.0,5,0.016,1.0,0.96,0.999437153339386,-0.08309858292341232,0,False
385,48.210039688739926,48.18,0.19999999999999574,321,0.9682766184025582,1.627403022681765,2.589490555904304,0.5984241991446272,0.10074995458126068,0.018911681510762002,-0.25404986554855086,0.021411681510762,0.0,-0.0025,True,True,482,10.0,5,0.016,1.0,0.964,0.9959442615509033,-0.04864627495408058,0,False
386,48.309819696005434,48.28,0.10000000000000142,159,0.9496443179809531,1.6390111275508954,2.5772892217428898,0.5766220622004541,0.09707937389612198,0.008212994972911829,-0.24583687057563902,0.01071299497291183,0.0,-0.0025,True,True,483,10.0,5,0.016,1.0,0.966,0.997425377368927,-0.0663130059838295,0,False
387,48.4098434811458,48.38,0.10000000000000142,160,0.9311560271246601,1.6508889251506513,2.5631545616805997,0.5547739008977071,0.09340104460716248,0.008235610128632413,-0.2376012604470066,0.010735610128632413,0.0,-0.0025,True,True,484,10.0,5,0.016,1.0,0.968,0.9978238344192505,-0.07362551987171173,0,False
388,48.51001802412793,48.480000000000004,0.10000000000000142,159,0.9128494881845591,1.6630459802328261,2.5474361039581592,0.5329002934351716,0.08971843123435974,0.008248113700304812,-0.2293531467467018,0.010748113700304813,0.0,-0.0025,True,True,485,10.0,5,0.016,1.0,0.97,0.9973903298377991,-0.07810750603675842,0,False
389,48.71006427286193,48.68,0.19999999999999574,320,0.8768761264222229,1.6882459662021154,2.5151837800418395,0.4891075409476272,0.08234553784132004,0.019018603357567773,-0.21033454338913402,0.02151860335756777,0.0,-0.0025,True,True,487,10.0,5,0.016,1.0,0.974,0.9970561861991882,-0.06377319991588593,0,False
390,48.81001823907718,48.78,0.10000000000000142,156,0.859189426162675,1.7012091896701163,2.503341170882589,0.4672183560098821,0.07866030186414719,0.008255768060702575,-0.20207877532843144,0.010755768060702576,0.0,-0.0025,True,True,488,10.0,5,0.016,1.0,0.976,0.9947373867034912,-0.05156918242573738,0,False
391,48.90991530381143,48.88,0.10000000000000142,159,0.8417237555082153,1.7143102495814586,2.4907881103312275,0.445414139118735,0.07498937100172043,0.00821401700398765,-0.19386475832444378,0.01071401700398765,0.0,-0.0025,True,True,489,10.0,5,0.016,1.0,0.978,0.9892798066139221,-0.06826945394277573,0,False
392,49.01010000705719,48.980000000000004,0.10000000000000142,160,0.824448490566594,1.7276514319702563,2.477946168757957,0.423604257691148,0.07131748646497726,0.008216800407768666,-0.1856479579166751,0.010716800407768666,0.0,-0.0025,True,True,490,10.0,5,0.016,1.0,0.98,0.9922904372215271,-0.06077735498547554,0,False
393,49.210313755087554,49.18,0.19999999999999574,319,0.7902282959775841,1.754946565809742,2.461026347087269,0.37984686430216175,0.0639505460858345,0.019001228829278623,-0.16664672908739647,0.021501228829278622,0.0,-0.0025,True,True,492,10.0,5,0.016,1.0,0.984,0.997646689414978,0.041111722588539124,0,False
394,49.31031135004014,49.28,0.10000000000000142,160,0.7730733034646557,1.7685356566034265,2.4914116536240214,0.357973146204149,0.060267914086580276,0.008248168063659906,-0.15839856102373656,0.010748168063659906,0.0,-0.0025,True,True,493,10.0,5,0.016,1.0,0.986,0.9993196129798889,0.27400392293930054,0,False
395,49.41015645582229,49.38,0.10000000000000142,159,0.7552905580954736,1.7812857075348039,2.5265891242976033,0.3361684203898061,0.056596897542476654,0.008214267075421118,-0.15018429394831545,0.010714267075421119,0.0,-0.0025,True,True,494,10.0,5,0.016,1.0,0.988,0.9995571970939636,-0.12941358983516693,0,False
396,49.51036220882088,49.480000000000004,0.10000000000000142,160,0.7375175161400188,1.7943248856601348,2.498323133372033,0.31419234234815735,0.05289703235030174,0.008298465039796142,-0.1418858289085193,0.010798465039796142,0.0,-0.0025,True,True,495,10.0,5,0.016,1.0,0.99,0.9996088743209839,-0.1130463257431984,0,False
397,49.710676996037364,49.68,0.19999999999999574,320,0.7021274650252306,1.8201732460334714,2.548195379317636,0.2705423760076693,0.045548178255558014,0.018948442011478932,-0.12293738689704037,0.02144844201147893,0.0,-0.0025,True,True,497,10.0,5,0.016,1.0,0.994,0.999810516834259,0.18274173140525818,0,False
398,49.810712589882314,49.78,0.10000000000000142,159,0.6837468558863137,1.832146108093555,2.566961662171351,0.2488731343988783,0.041899971663951874,0.008147693710768697,-0.11478969318627168,0.010647693710768697,0.0,-0.0025,True,True,498,10.0,5,0.016,1.0,0.996,0.999936580657959,-0.15015298128128052,0,False
399,49.910315128043294,49.88,0.10000000000000142,158,0.665502792554304,1.844522861893877,2.5412686409483713,0.22707776834591847,0.0382305309176445,0.008209667935579855,-0.10658002525069182,0.010709667935579856,0.0,-0.0025,True,True,499,10.0,5,0.016,1.0,0.998,0.9999219179153442,-0.06812894344329834,0,False
400,50.010505991987884,49.980000000000004,0.10000000000000142,160,0.6474343520247479,1.8570997359854982,2.5277233868969042,0.2053226072254244,0.03456785902380943,0.008189912292337427,-0.0983901129583544,0.010689912292337428,0.0,-0.0025,True,True,500,10.0,5,0.016,1.0,1.0,0.9993442296981812,-0.032786786556243896,0,False
401,50.04010026389733,50.02,0.0,45,0.6402435347506641,1.862160811781548,2.528095515830428,0.19664152811456884,0.03310632333159447,1.50176565327574,1.4033755403173855,0.004265653275740064,1.5,-0.0025,True,True,501,10.0,5,0.004,1.0,1.0,0.9992877840995789,0.003468119539320469,1,True
