ppo_step,t_wall_s,t_sim_s,ppo_step_sim_dt,inner_ticks,x,y,yaw,goal_distance_m,goal_distance_norm,ppo_reward,ppo_reward_cumulative,navigation_reward,terminal_reward,frame_cost_reward,fresh_observation,frame_consumed,episode_frame_count,current_fps,scan_divisor_k,obs_age_ratio,fps_ratio,frame_count_ratio,action_linear,action_angular,outcome,done
1,0.07971879187971354,0.0800000000000054,0.10000000000000142,64,-0.8162711786887745,1.017940760263354,2.4809956694501936,2.1163472851751877,0.3563055992126465,-0.004689563974333471,-0.004689563974333471,-0.004689563974333471,0.0,-0.0,False,False,1,10.0,5,0.016,1.0,0.002,0.8175981640815735,-0.9999999403953552,0,False
2,0.17978105414658785,0.17999999999999972,0.10000000000000142,154,-0.8277473995579357,1.0286378268260252,2.288732214954406,2.127940113032897,0.35825735330581665,-0.008003441352550674,-0.012693005326884145,-0.005503441352550675,0.0,-0.0025,True,True,2,5.0,10,0.016,0.5,0.004,0.6928886771202087,-1.0,0,False
3,0.27991944598034024,0.28000000000000114,0.10000000000000142,160,-0.8368721241062512,1.0415061002308128,2.0886689582092774,2.137275269085793,0.35982900857925415,-0.004431661065324684,-0.017124666392208828,-0.004431661065324684,0.0,-0.0,False,False,2,5.0,10,0.036,0.5,0.004,0.769547164440155,-1.0,0,False
4,0.3793971221894026,0.38000000000000256,0.10000000000000142,158,-0.8440455521638888,1.0577563043756777,1.8893346947304437,2.144823263891912,0.3610997796058655,-0.006083245369869671,-0.0232079117620785,-0.003583245369869671,0.0,-0.0025,True,True,3,5.0,10,0.016,0.5,0.006,0.9971605539321899,-0.9790200591087341,0,False
5,0.5793151780962944,0.5800000000000054,0.19999999999999574,320,-0.8495737761036509,1.1016684606916403,1.5132728974243688,2.151976688331642,0.36230412125587463,-0.00589593172236877,-0.029103843484447268,-0.00339593172236877,0.0,-0.0025,True,True,4,5.0,10,0.016,0.5,0.008,0.9982008337974548,-0.8218647241592407,0,False
6,0.6799918948672712,0.6799999999999997,0.10000000000000142,160,-0.8465372271191453,1.1237092109198208,1.3498178471912101,2.1500990715185906,0.36198800802230835,0.0008913574962056103,-0.028212485988241658,0.0008913574962056103,0.0,-0.0,False,False,4,5.0,10,0.036,0.5,0.008,0.9975500106811523,-0.7991399765014648,0,False
7,0.7800284582190216,0.7800000000000011,0.10000000000000142,160,-0.8401019888844097,1.144803138869016,1.2028686225512182,2.1449951471695092,0.36112871766090393,-7.702359874643336e-05,-0.02828950958698809,0.0024229764012535667,0.0,-0.0025,True,True,5,5.0,10,0.016,0.5,0.01,0.9877682328224182,-0.6329593658447266,0,False
8,0.8800811599940062,0.8800000000000026,0.10000000000000142,160,-0.8309936535980468,1.1648085351964361,1.0791270923782113,2.1373572278474073,0.35984280705451965,0.003625935066114855,-0.024663574520873234,0.003625935066114855,0.0,-0.0,False,False,5,5.0,10,0.036,0.5,0.01,0.9917617440223694,-0.5939481854438782,0,False
9,1.0798900863155723,1.0800000000000054,0.19999999999999574,319,-0.8069292579519607,1.2014095479636955,0.9233631751852679,2.1165340378609394,0.3563370406627655,0.007385353795479449,-0.017278220725393784,0.00988535379547945,0.0,-0.0025,True,True,6,5.0,10,0.036,0.5,0.012,0.990349292755127,-0.29257944226264954,0,False
10,1.1801097970455885,1.1799999999999997,0.10000000000000142,159,-0.7931830745079985,1.2185970245542168,0.871315006523018,2.10456646551438,0.3543221950531006,0.0031813430985173454,-0.014096877626876439,0.0056813430985173455,0.0,-0.0025,True,True,7,5.0,10,0.016,0.5,0.014,0.9996026754379272,-0.24761328101158142,0,False
11,1.2802607989870012,1.2800000000000011,0.10000000000000142,159,-0.7785467352592844,1.2351323607302178,0.8218746411531049,2.0918039108818385,0.35217350721359253,0.006058743543078482,-0.008038134083797957,0.006058743543078482,0.0,-0.0,False,False,7,5.0,10,0.036,0.5,0.014,0.999541699886322,-0.2384851574897766,0,False
12,1.3803566312417388,1.3800000000000026,0.10000000000000142,160,-0.7631872909760843,1.2509089011112637,0.7790419581687561,2.0783881643910753,0.3499148488044739,0.00386883208470168,-0.0041693019990962765,0.00636883208470168,0.0,-0.0025,True,True,8,5.0,10,0.016,0.5,0.016,0.9984278082847595,-0.16400344669818878,0,False
13,1.5797755001112819,1.5800000000000054,0.19999999999999574,318,-0.7309821418968386,1.280787018761551,0.7154919540691344,2.050299852386954,0.34518593549728394,0.010834311498814288,0.006665009499718011,0.013334311498814288,0.0,-0.0025,True,True,9,5.0,10,0.016,0.5,0.018,0.9900370836257935,-0.16157039999961853,0,False
14,1.680220709182322,1.6799999999999997,0.10000000000000142,161,-0.7142650908046655,1.294845974126095,0.6834302607654464,2.035730310630096,0.3427330255508423,0.006916571140067725,0.013581580639785736,0.006916571140067725,0.0,-0.0,False,False,9,5.0,10,0.036,0.5,0.018,0.9905655384063721,-0.15972664952278137,0,False
15,1.7809038059785962,1.7800000000000011,0.10099999999999909,161,-0.6975459187760059,1.3080313015328253,0.653243560726637,2.021156343454144,0.34027937054634094,0.004418672010946027,0.01800025265073176,0.006918672010946027,0.0,-0.0025,True,True,10,5.0,10,0.016,0.5,0.02,0.9470967054367065,-0.13842585682868958,0,False
16,1.8807070013135672,1.8800000000000026,0.10000000000000142,159,-0.6807822639023038,1.3205029479079682,0.625724022814943,2.0065444946907505,0.33781933784484863,0.0069366554656636725,0.024936908116395436,0.0069366554656636725,0.0,-0.0,False,False,10,5.0,10,0.036,0.5,0.02,0.9488688707351685,-0.13621143996715546,0,False
17,1.9809718308970332,1.980000000000004,0.10000000000000142,161,-0.6631307016815552,1.3328720708421034,0.5946637906695259,1.9911520019992386,0.3352278769016266,0.004807249088579074,0.02974415720497451,0.007307249088579075,0.0,-0.0025,True,True,11,5.0,10,0.016,0.5,0.022,0.9945552945137024,-0.16194838285446167,0,False
18,2.0815189289860427,2.0800000000000054,0.10000000000000142,156,-0.644760983280209,1.3448715881568838,0.5630508151480083,1.9751029541309935,0.3325258791446686,0.00761893429206996,0.03736309149704447,0.00761893429206996,0.0,-0.0,False,False,11,5.0,10,0.036,0.5,0.022,0.9947494864463806,-0.15764638781547546,0,False
19,2.281505153980106,2.280000000000001,0.19999999999999574,318,-0.6074008712750227,1.3667899278707005,0.49767701018700394,1.9423472411171878,0.3270111680030823,0.013050057996641422,0.05041314949368589,0.015550057996641423,0.0,-0.0025,True,True,12,5.0,10,0.036,0.5,0.024,0.9770742654800415,-0.16271504759788513,0,False
20,2.3810605402104557,2.3800000000000026,0.10000000000000142,157,-0.5883502050493712,1.376735153213517,0.4627288076070919,1.9255637506961614,0.3241855204105377,0.005467594823017263,0.05588074431670315,0.007967594823017263,0.0,-0.0025,True,True,13,5.0,10,0.016,0.5,0.026,0.9716373682022095,-0.18245816230773926,0,False
21,2.4812180809676647,2.480000000000004,0.10000000000000142,160,-0.5689947668497849,1.3859581492171735,0.4265085546645203,1.9084299440996824,0.3213008940219879,0.008133899761735982,0.06401464407843914,0.008133899761735982,0.0,-0.0,False,False,13,5.0,10,0.036,0.5,0.026,0.9713662266731262,-0.18039128184318542,0,False
22,2.5813348032534122,2.5800000000000054,0.10000000000000142,159,-0.5490866081375264,1.3945829273150483,0.3917856412658707,1.8907187088198645,0.31831905245780945,0.005908021393924523,0.06992266547236366,0.008408021393924523,0.0,-0.0025,True,True,14,5.0,10,0.016,0.5,0.028,0.9920613169670105,-0.16778022050857544,0,False
23,2.7820122432895005,2.780000000000001,0.19999999999999574,322,-0.5085813933462863,1.4097760044160867,0.32360172287722055,1.85442248351438,0.31220826506614685,0.014730838734042006,0.08465350420640566,0.017230838734042006,0.0,-0.0025,True,True,15,5.0,10,0.016,0.5,0.03,0.9498438239097595,-0.17121516168117523,0,False
24,2.8817702368833125,2.8800000000000026,0.10000000000000142,159,-0.48860187628839896,1.4161158601089272,0.2898521860210039,1.8363683667631867,0.3091686964035034,0.008570796869567984,0.09322430107597364,0.008570796869567984,0.0,-0.0,False,False,15,5.0,10,0.036,0.5,0.03,0.9516914486885071,-0.16722965240478516,0,False
25,2.982013597153127,2.980000000000004,0.10000000000000142,159,-0.46856591700821676,1.4217521596654654,0.26006119833744884,1.8181584752598972,0.3061029016971588,0.006144747524480817,0.09936904860045445,0.008644747524480818,0.0,-0.0025,True,True,16,5.0,10,0.016,0.5,0.032,0.9389284253120422,-0.13472311198711395,0,False
26,3.0829625730402768,3.0800000000000054,0.10099999999999909,160,-0.4484863278181194,1.4268179835935926,0.23295963463907002,1.799827150256678,0.30301666259765625,0.008702395421378795,0.10807144402183325,0.008702395421378795,0.0,-0.0,False,False,16,5.0,10,0.036,0.5,0.032,0.9396932721138,-0.13331955671310425,0,False
27,3.1830937839113176,3.1799999999999997,0.10000000000000142,160,-0.4274592788743386,1.4315254698144133,0.2083412893478463,1.7805420589303969,0.2997698485851288,0.006655175113049928,0.11472661913488318,0.009155175113049929,0.0,-0.0025,True,True,17,5.0,10,0.016,0.5,0.034,0.9974308609962463,-0.08926071971654892,0,False
28,3.2825997001491487,3.280000000000001,0.10000000000000142,159,-0.40592458498142603,1.4359144533260673,0.19153388245979183,1.760738485503104,0.29643574357032776,0.00940131314514077,0.12412793228002394,0.00940131314514077,0.0,-0.0,False,False,17,5.0,10,0.036,0.5,0.034,0.9976063966751099,-0.0887579470872879,0,False
29,3.483240419998765,3.480000000000004,0.19999999999999574,317,-0.36293260905366176,1.4436030917767682,0.16354284317416468,1.7210835441223076,0.28975948691368103,0.016325315695765986,0.14045324797578992,0.018825315695765985,0.0,-0.0025,True,True,18,5.0,10,0.036,0.5,0.036,0.9903240203857422,-0.06372211873531342,0,False
30,3.582931475248188,3.5800000000000054,0.10000000000000142,159,-0.34155891864512544,1.446955240409328,0.142225281964382,1.7013185603495116,0.2864318788051605,0.006882993551082715,0.14733624152687264,0.009382993551082715,0.0,-0.0025,True,True,19,5.0,10,0.016,0.5,0.038,0.9742335081100464,-0.11612211167812347,0,False
31,3.6833756039850414,3.6799999999999997,0.10000000000000142,160,-0.3202655061958287,1.4497553841210178,0.12054934942537225,1.6815291482633188,0.2831001579761505,0.009394590358330351,0.15673083188520298,0.009394590358330351,0.0,-0.0,False,False,19,5.0,10,0.036,0.5,0.038,0.97506183385849,-0.10559067130088806,0,False
32,3.783451715949923,3.780000000000001,0.10000000000000142,159,-0.29890807567717614,1.4521234592668653,0.10514872319977908,1.661602371168459,0.27974531054496765,0.006959801390389984,0.16369063327559297,0.009459801390389985,0.0,-0.0025,True,True,20,5.0,10,0.016,0.5,0.04,0.9761564135551453,-0.05095499008893967,0,False
33,3.983480629976839,3.980000000000004,0.19999999999999574,320,-0.2563962738808288,1.4561939355984994,0.08793014204185644,1.6218760920318729,0.2730570435523987,0.016359181734322766,0.18004981500991574,0.018859181734322765,0.0,-0.0025,True,True,21,5.0,10,0.016,0.5,0.042,0.9543930292129517,-0.02409772388637066,0,False
34,4.083505882881582,4.080000000000005,0.10000000000000142,159,-0.23546890761394126,1.4579935374926365,0.08302710831115027,1.6023180408558957,0.2697642743587494,0.00928475682881775,0.18933457183873348,0.00928475682881775,0.0,-0.0,False,False,21,5.0,10,0.036,0.5,0.042,0.95416259765625,-0.027089422568678856,0,False
35,4.183236666955054,4.18,0.10000000000000142,157,-0.21502371212220986,1.4596326577549001,0.07784402789392168,1.583211559444234,0.2665475308895111,0.006570383964405489,0.19590495580313896,0.009070383964405489,0.0,-0.0025,True,True,22,5.0,10,0.016,0.5,0.044,0.7971831560134888,0.2053665816783905,0,False
36,4.283295919187367,4.280000000000001,0.10000000000000142,159,-0.19740183839188105,1.4613793965617785,0.12125998506045323,1.5668704339158084,0.2637963593006134,0.007757591770031601,0.20366254757317057,0.007757591770031601,0.0,-0.0,False,False,22,5.0,10,0.036,0.5,0.044,0.8081738352775574,0.16597527265548706,0,False
37,4.483803550247103,4.480000000000004,0.19999999999999574,320,-0.16119710313032953,1.4672193361182437,0.19891156206590932,1.5340764852810336,0.25827521085739136,0.013068209521029167,0.21673075709419973,0.015568209521029167,0.0,-0.0025,True,True,23,5.0,10,0.036,0.5,0.046,0.8505707383155823,0.16611458361148834,0,False
38,4.58370854286477,4.580000000000005,0.10000000000000142,160,-0.14263938427127862,1.4712653592017868,0.2207580142041026,1.5176624288459446,0.2555117607116699,0.005292214122104514,0.22202297121630424,0.0077922141221045136,0.0,-0.0025,True,True,24,5.0,10,0.016,0.5,0.048,0.9150152802467346,-0.06619541347026825,0,False
39,4.683350858278573,4.68,0.10000000000000142,159,-0.12293226258166962,1.4754692401750058,0.20560246163238038,1.5002691156738144,0.25258344411849976,0.008257094830034005,0.23028006604633824,0.008257094830034005,0.0,-0.0,False,False,24,5.0,10,0.036,0.5,0.048,0.9122166633605957,-0.05682966485619545,0,False
40,4.783450830262154,4.780000000000001,0.10000000000000142,160,-0.10296325247565168,1.479519411959474,0.19605804446454228,1.4826478934183611,0.24961675703525543,0.005865289680261839,0.2361453557266001,0.00836528968026184,0.0,-0.0025,True,True,25,5.0,10,0.016,0.5,0.05,0.9325281977653503,-0.03167620301246643,0,False
41,4.983569053933024,4.980000000000004,0.19999999999999574,317,-0.0629350611039484,1.487252283197854,0.19072352495224904,1.447413857203733,0.2436847984790802,0.014226587705854882,0.25037194343245495,0.016726587705854883,0.0,-0.0025,True,True,26,5.0,10,0.016,0.5,0.052,0.9203518033027649,0.022170880809426308,0,False
42,5.083595616277307,5.080000000000005,0.10000000000000142,160,-0.04308064818863225,1.4911509893096901,0.19366815286510383,1.4300681615410502,0.24076449871063232,0.008234489459384558,0.2586064328918395,0.008234489459384558,0.0,-0.0,False,False,26,5.0,10,0.036,0.5,0.052,0.9186510443687439,-0.0031712022610008717,0,False
43,5.1840876140631735,5.18,0.10000000000000142,159,-0.024341358316672355,1.4948653715982698,0.2021588220618163,1.4137792559579296,0.238022118806839,0.005232801493668749,0.2638392343855082,0.007732801493668749,0.0,-0.0025,True,True,27,5.0,10,0.016,0.5,0.054,0.8341334462165833,0.04991559311747551,0,False
44,5.283671690151095,5.280000000000001,0.10000000000000142,158,-0.006396648024434014,1.4986507895757157,0.21040480839841608,1.398329321326582,0.23542098701000214,0.007334518392578349,0.2711737527780866,0.007334518392578349,0.0,-0.0,False,False,27,5.0,10,0.036,0.5,0.054,0.8348208665847778,0.02155354619026184,0,False
45,5.4836754142306745,5.480000000000004,0.19999999999999574,311,0.03281915144649554,1.5065782913719752,0.17461095587631062,1.3646864002928827,0.2297569066286087,0.013471240590304285,0.2846449933683909,0.015971240590304286,0.0,-0.0025,True,True,28,5.0,10,0.036,0.5,0.056,0.9347062110900879,-0.12743759155273438,0,False
46,5.584663968998939,5.580000000000005,0.10099999999999909,163,0.052780903904587104,1.509887511069939,0.16349853120103744,1.347420008140358,0.22684995830059052,0.005696841853247108,0.290341835221638,0.008196841853247108,0.0,-0.0025,True,True,29,5.0,10,0.016,0.5,0.058,0.8063554763793945,0.1784403771162033,0,False
47,5.684671671129763,5.68,0.10000000000000142,161,0.07039768188770355,1.5131773168980038,0.19658111628348396,1.3323936746246539,0.22432014346122742,0.0071334230321164075,0.29747525825375437,0.0071334230321164075,0.0,-0.0,False,False,29,5.0,10,0.036,0.5,0.058,0.8287162184715271,0.05353125184774399,0,False
48,5.78508624015376,5.780000000000001,0.10000000000000142,159,0.08819046248936471,1.5167862288970966,0.19907240863958822,1.3174029214784628,0.22179631888866425,0.004616532030255518,0.3020917902840099,0.007116532030255518,0.0,-0.0025,True,True,30,5.0,10,0.016,0.5,0.06,0.8827049136161804,-0.38146790862083435,0,False
49,5.884673175867647,5.880000000000003,0.10000000000000142,160,0.1071667438668082,1.5198231209737891,0.12038482548758568,1.3011791580644005,0.21906490623950958,0.007701876674341616,0.30979366695835153,0.007701876674341616,0.0,-0.0,False,False,30,5.0,10,0.036,0.5,0.06,0.8727005124092102,-0.2899480164051056,0,False
50,5.986058706883341,5.980000000000004,0.10099999999999909,161,0.12637864469022858,1.521681003422951,0.07568505538198184,1.2843434476980693,0.21623046696186066,0.00549238509938001,0.3152860520577315,0.00799238509938001,0.0,-0.0025,True,True,31,5.0,10,0.016,0.5,0.062,0.2785450220108032,0.9549760222434998,0,False
51,6.085917151067406,6.080000000000005,0.10000000000000142,159,0.14342045109678656,1.52335746267507,0.1303216245957701,1.2694799696050114,0.21372807025909424,0.007056110983798312,0.32234216304152985,0.007056110983798312,0.0,-0.0,False,False,31,5.0,10,0.036,0.5,0.062,0.21199099719524384,0.9672439694404602,0,False
52,6.286346091888845,6.280000000000001,0.19999999999999574,319,0.15989379406138177,1.5268589018610275,0.3867226523903145,1.2559548267542533,0.21145099401474,0.003920765612810994,0.32626292865434087,0.006420765612810995,0.0,-0.0025,True,True,32,5.0,10,0.036,0.5,0.064,0.22426791489124298,0.975416362285614,0,False
53,6.386517503298819,6.380000000000003,0.10000000000000142,159,0.1636075902680873,1.528768646023673,0.557003033186425,1.2533889687637585,0.21101900935173035,-0.0012819150648156082,0.32498101358952525,0.0012180849351843919,0.0,-0.0025,True,True,33,5.0,10,0.016,0.5,0.066,0.964712917804718,-0.7307384610176086,0,False
54,6.486549634952098,6.480000000000004,0.10000000000000142,160,0.1681578215786161,1.5318010260088861,0.607115798803595,1.250551478549296,0.21054129302501678,0.00134703638968868,0.32632804997921394,0.00134703638968868,0.0,-0.0,False,False,33,5.0,10,0.036,0.5,0.066,0.9686399102210999,-0.7527273893356323,0,False
55,6.586691225878894,6.580000000000005,0.10000000000000142,160,0.17573719073389238,1.537118516778308,0.6268340790276704,1.2459787815082155,0.20977143943309784,-0.0003292121389663473,0.3259988378402476,0.0021707878610336528,0.0,-0.0025,True,True,34,5.0,10,0.016,0.5,0.068,0.9787030220031738,0.9890458583831787,0,False
56,6.786829418968409,6.780000000000001,0.19999999999999574,322,0.19862503821369137,1.5584408400353273,0.8856397369158828,1.234861509186309,0.20789974927902222,0.002777681767978588,0.3287765196082262,0.005277681767978588,0.0,-0.0025,True,True,35,5.0,10,0.016,0.5,0.07,0.9861988425254822,0.9967381358146667,0,False
57,6.8864232650958,6.880000000000003,0.10000000000000142,158,0.21036614804422937,1.576148117787163,1.086479097230637,1.2325779929339888,0.20751529932022095,0.0010840493731547633,0.32986056898138094,0.0010840493731547633,0.0,-0.0,False,False,35,5.0,10,0.036,0.5,0.07,0.9906185865402222,0.9952995181083679,0,False
58,6.986919943243265,6.980000000000004,0.10000000000000142,160,0.2184574077462269,1.5960195521568687,1.2848248741778918,1.2348982401647863,0.20790593326091766,-0.003601486601443873,0.32625908237993706,-0.001101486601443873,0.0,-0.0025,True,True,36,5.0,10,0.016,0.5,0.072,0.9977852702140808,0.9966081976890564,0,False
59,7.086747326888144,7.080000000000005,0.10000000000000142,158,0.2224793452355809,1.6171901544063814,1.4827093193504548,1.2417625962293193,0.2090616077184677,-0.0032587028366042946,0.32300037954333277,-0.0032587028366042946,0.0,-0.0,False,False,36,5.0,10,0.036,0.5,0.072,0.9990552067756653,0.982405960559845,0,False
60,7.286627531982958,7.280000000000001,0.19999999999999574,319,0.21928344110613363,1.6599852975971805,1.7830866167354864,1.2663051739472313,0.21319356560707092,-0.014151051733777283,0.3088493278095555,-0.011651051733777283,0.0,-0.0025,True,True,37,5.0,10,0.036,0.5,0.074,0.9980983138084412,0.6417403817176819,0,False
61,7.38672678405419,7.380000000000003,0.10000000000000142,158,0.21356908381056744,1.6806770844230905,1.882529374187835,1.2820504610488888,0.21584442257881165,-0.009974730514989863,0.2988745972945656,-0.007474730514989862,0.0,-0.0025,True,True,38,5.0,10,0.016,0.5,0.076,0.9997110366821289,-0.2751881778240204,0,False
62,7.486893374938518,7.480000000000004,0.10000000000000142,160,0.20702580512918645,1.7013129670698413,1.8565087288345201,1.298627107381478,0.21863524615764618,-0.007869400118169691,0.29100519717639595,-0.007869400118169691,0.0,-0.0,False,False,38,5.0,10,0.036,0.5,0.076,0.9997527599334717,-0.27970972657203674,0,False
63,7.587757550179958,7.580000000000005,0.10099999999999909,161,0.20149837415261176,1.7226698011562567,1.7844145702124716,1.314898311288224,0.22137464582920074,-0.01022439801015596,0.28078079916624,-0.007724398010155961,0.0,-0.0025,True,True,39,5.0,10,0.016,0.5,0.078,0.999995768070221,-0.5201623439788818,0,False
64,7.687687713187188,7.68,0.10000000000000142,160,0.1979873196385517,1.744601501411529,1.674411690164971,1.3299862466377117,0.22391483187675476,-0.007162667154741067,0.2736181320114989,-0.007162667154741067,0.0,-0.0,False,False,39,5.0,10,0.036,0.5,0.078,0.9999974370002747,-0.634763777256012,0,False
65,7.888919568154961,7.880000000000003,0.2010000000000005,322,0.19650937869212373,1.7887601636229704,1.575257133005174,1.3564048480178013,0.22836263477802277,-0.015041652916466761,0.2585764790950322,-0.01254165291646676,0.0,-0.0025,True,True,40,5.0,10,0.036,0.5,0.08,0.9999999403953552,-0.08375491946935654,0,False
66,8.090019572991878,8.080000000000005,0.2010000000000005,322,0.19497763640847293,1.8324633228238478,1.6910485293726656,1.3834990338767263,0.2329241782426834,-0.015362371864733756,0.2432141072302984,-0.012862371864733756,0.0,-0.0025,True,True,41,5.0,10,0.036,0.5,0.082,0.9998290538787842,0.26965445280075073,0,False
67,8.190884949173778,8.18,0.10099999999999909,162,0.1918755984619149,1.8541834205157361,1.7182904094320899,1.3991315612998778,0.23555605113506317,-0.009921200325013176,0.23329290690528523,-0.007421200325013176,0.0,-0.0025,True,True,42,5.0,10,0.016,0.5,0.084,1.0,-0.2954026758670807,0,False
68,8.292033662088215,8.280000000000001,0.10099999999999909,162,0.18933180986844872,1.8761395494535846,1.6544388189007,1.4146392919045885,0.2381669133901596,-0.007361955766247723,0.2259309511390375,-0.007361955766247723,0.0,-0.0,False,False,42,5.0,10,0.036,0.5,0.084,1.0,-0.3038463592529297,0,False
69,8.391787245869637,8.380000000000003,0.10000000000000142,159,0.18814304257443637,1.8982256609518615,1.5871723465656034,1.429347791820987,0.2406432181596756,-0.009482538485643493,0.216448412653394,-0.006982538485643493,0.0,-0.0025,True,True,43,5.0,10,0.016,0.5,0.086,0.9999977350234985,-0.41971680521965027,0,False
70,8.493001139257103,8.480000000000004,0.10099999999999909,162,0.18869361830968345,1.9203729065346669,1.5012786609424469,1.4429442724275345,0.2429323047399521,-0.006454631651367667,0.20999378100202634,-0.006454631651367667,0.0,-0.0,False,False,43,5.0,10,0.036,0.5,0.086,0.999998152256012,-0.49915212392807007,0,False
71,8.594097821973264,8.580000000000005,0.10099999999999909,162,0.1911153001923039,1.942308257630548,1.4514391868316894,1.4551872828584822,0.24499352276325226,-0.00831210130197692,0.2016816797000494,-0.005812101301976919,0.0,-0.0025,True,True,44,5.0,10,0.016,0.5,0.088,0.9999886155128479,0.4277818500995636,0,False
72,8.69496689690277,8.68,0.10099999999999909,161,0.19284908726031627,1.9640938976209439,1.5322489216671367,1.468080475862668,0.24716420471668243,-0.006120761251403058,0.19556091844864634,-0.006120761251403058,0.0,-0.0,False,False,44,5.0,10,0.036,0.5,0.088,0.9999932646751404,0.37486326694488525,0,False
73,8.79568712413311,8.780000000000001,0.10000000000000142,159,0.19295722138949567,1.9860075001683213,1.5852363465448067,1.4824825597610227,0.24958892166614532,-0.00933707418603654,0.1862238442626098,-0.00683707418603654,0.0,-0.0025,True,True,45,5.0,10,0.016,0.5,0.09,0.9935707449913025,-0.7667128443717957,0,False
74,8.896082772873342,8.880000000000003,0.10099999999999909,156,0.19326249075093752,2.0081503193013033,1.5112485688487538,1.4970755562390772,0.25204578042030334,-0.0069277057557223486,0.17929613850688744,-0.0069277057557223486,0.0,-0.0,False,False,45,5.0,10,0.036,0.5,0.09,0.9952375888824463,-0.7906479239463806,0,False
75,8.995598879177123,8.979999999999997,0.09999999999999432,160,0.19624388053454603,2.030178677712352,1.3769598722603467,1.5098165148264415,0.2541908323764801,-0.008548491293192698,0.17074764721369473,-0.006048491293192698,0.0,-0.0025,True,True,46,5.0,10,0.016,0.5,0.092,0.9999933838844299,0.0786217451095581,0,False
76,9.09686094103381,9.080000000000005,0.10099999999999909,162,0.20061779965459495,2.0517537423075494,1.3742870237441704,1.5214555440594888,0.25615036487579346,-0.005525374444519301,0.16522227276917542,-0.005525374444519301,0.0,-0.0,False,False,46,5.0,10,0.036,0.5,0.092,0.9999934434890747,0.06822418421506882,0,False
77,9.196856633294374,9.18,0.10000000000000853,159,0.20478150206667187,2.073362469605334,1.368109142652078,1.533496224329475,0.2581775188446045,-0.008216049485425255,0.15700622328375016,-0.005716049485425255,0.0,-0.0025,True,True,47,5.0,10,0.016,0.5,0.094,0.9999419450759888,-0.5033484697341919,0,False
78,9.298054676037282,9.280000000000008,0.10099999999999909,162,0.21032521947217622,2.094827083212436,1.2650600202965527,1.5446803204796955,0.26006045937538147,-0.0053094049182395645,0.1516968183655106,-0.0053094049182395645,0.0,-0.0,False,False,47,5.0,10,0.036,0.5,0.094,0.9999405145645142,-0.49615877866744995,0,False
79,9.39879944222048,9.380000000000003,0.10099999999999909,161,0.2179293564729472,2.1156183621273064,1.17777294504418,1.5541818722905125,0.2616601288318634,-0.007010653810345253,0.14468616455516536,-0.0045106538103452535,0.0,-0.0025,True,True,48,5.0,10,0.016,0.5,0.096,0.9992604851722717,-0.3841429650783539,0,False
80,9.498929994180799,9.479999999999997,0.09999999999999432,161,0.22712806266906782,2.1357280449083977,1.1022164370163234,1.5623483636691593,0.26303502917289734,-0.003876863083807914,0.14080930147135745,-0.003876863083807914,0.0,-0.0,False,False,48,5.0,10,0.036,0.5,0.096,0.9991416335105896,-0.3704073429107666,0,False
81,9.599686420056969,9.580000000000005,0.10099999999999909,159,0.2379300504925379,2.1550889233951596,1.002560318970213,1.5691472235311061,0.26417967677116394,-0.0057276099476067455,0.1350816915237507,-0.0032276099476067454,0.0,-0.0025,True,True,49,5.0,10,0.016,0.5,0.098,0.9709693193435669,-0.9395077228546143,0,False
82,9.70000675925985,9.68,0.10000000000000853,160,0.2514210982695743,2.172268641647537,0.8096124413265868,1.5728100544065333,0.26479634642601013,-0.001738848808474284,0.13334284271527644,-0.001738848808474284,0.0,-0.0,False,False,49,5.0,10,0.036,0.5,0.098,0.9770040512084961,-0.9525067806243896,0,False
83,9.800619597081095,9.780000000000008,0.09999999999999432,162,0.26773069359589036,2.1865811814905927,0.6420657487735583,1.572753940092426,0.26478689908981323,-0.0024733609572643637,0.13086948175801208,2.6639042735636207e-05,0.0,-0.0025,True,True,50,5.0,10,0.016,0.5,0.1,0.8855245113372803,0.18218474090099335,0,False
84,9.90078567713499,9.880000000000003,0.10000000000000853,161,0.28523416489712455,2.1989678880910053,0.6040260691967847,1.570755774863264,0.2644504904747009,0.0009485852189279692,0.13181806697694004,0.0009485852189279692,0.0,-0.0,False,False,50,5.0,10,0.036,0.5,0.1,0.8980002403259277,0.1949773132801056,0,False
85,10.00098945805803,9.979999999999997,0.09999999999999432,162,0.3008891999880675,2.2103125848437495,0.656277316021311,1.5694200063640384,0.2642256021499634,-0.00186587313412204,0.129952193842818,0.00063412686587796,0.0,-0.0025,True,True,51,5.0,10,0.016,0.5,0.102,0.8550899028778076,0.25067511200904846,0,False
86,10.100562603212893,10.080000000000005,0.09999999999999432,160,0.315448295276455,2.222087874250722,0.703747041214378,1.5693440661723914,0.26421281695365906,3.605094427007727e-05,0.1299882447870881,3.605094427007727e-05,0.0,-0.0,False,False,51,5.0,10,0.036,0.5,0.102,0.8536544442176819,0.18282729387283325,0,False
87,10.200679104309529,10.18,0.10000000000000853,161,0.32959465096682855,2.234498907895586,0.727850129578327,1.5702464976339674,0.26436474919319153,-0.002928409589484006,0.12705983519760408,-0.000428409589484006,0.0,-0.0025,True,True,52,5.0,10,0.016,0.5,0.104,0.8886184096336365,-0.7581865787506104,0,False
88,10.300863575190306,10.280000000000008,0.09999999999999432,154,0.3443196537872463,2.246657508564133,0.6324235467450736,1.5708214480826135,0.26446154713630676,-0.0002729451444965773,0.1267868900531075,-0.0002729451444965773,0.0,-0.0,False,False,52,5.0,10,0.036,0.5,0.104,0.8959936499595642,-0.7434298396110535,0,False
89,10.401825230102986,10.399999999999999,0.10099999999999909,161,0.36464557583670837,2.259074408096988,0.49401866785558274,1.5690488022104636,0.2641631066799164,-0.0016584751610255076,0.12512841489208198,0.0008415248389744926,0.0,-0.0025,True,True,53,5.0,10,0.016,0.5,0.106,0.8906287550926208,-0.255107581615448,0,False
90,10.50179510191083,10.500000000000007,0.10000000000000853,161,0.3821417789321825,2.2680312688340725,0.44668980125931673,1.5660524394505393,0.26365864276885986,0.0014224576542162827,0.12655087254629827,0.0014224576542162827,0.0,-0.0,False,False,53,5.0,10,0.036,0.5,0.106,0.8882440328598022,-0.21826621890068054,0,False
91,10.602150141261518,10.600000000000001,0.09999999999999432,159,0.3970960765229937,2.274827611602351,0.39905159432192805,1.5621846231626944,0.2630074620246887,-0.0006638388524470909,0.12588703369385118,0.0018361611475529091,0.0,-0.0025,True,True,54,5.0,10,0.016,0.5,0.108,0.6671034097671509,-0.2342219352722168,0,False
92,10.702629088889807,10.699999999999996,0.10099999999999909,162,0.4110479375625688,2.2803534315239165,0.3542036508146024,1.5586984550174856,0.26242053508758545,-0.0008450179569838166,0.12504201573686735,0.0016549820430161834,0.0,-0.0025,True,True,55,5.0,10,0.0,0.5,0.11,0.6895778775215149,-0.2345837652683258,0,False
93,10.804293588269502,10.800000000000004,0.10099999999999909,161,0.4243457709903353,2.2848042420933985,0.2681181794168931,1.5548286915452396,0.26176902651786804,0.0018370855307392484,0.1268791012676066,0.0018370855307392484,0.0,-0.0,False,False,55,5.0,10,0.02,0.5,0.11,0.3248952031135559,-0.907137930393219,0,False
94,10.903763575013727,10.899999999999999,0.10000000000000853,160,0.4334733809427384,2.286699935727157,0.11522664825837739,1.5512786203483184,0.2611713409423828,-0.0008146813815024018,0.1260644198861042,0.0016853186184975983,0.0,-0.0025,True,True,56,5.0,10,0.0,0.5,0.112,0.28684115409851074,-0.9158833026885986,0,False
95,11.004471940919757,11.000000000000007,0.09999999999999432,160,0.43662229848282635,2.286941703563011,-0.06612825374966658,1.5497226429949933,0.26090937852859497,0.0007386662007775156,0.1268030860868817,0.0007386662007775156,0.0,-0.0,False,False,56,5.0,10,0.02,0.5,0.112,-0.5269867181777954,-1.0,0,False
96,11.104283295106143,11.100000000000001,0.09999999999999432,160,0.4301067405509721,2.2881430829042833,-0.24623028333349453,1.5543574729201484,0.261689692735672,-0.0047002840881636195,0.12210280199871809,-0.00220028408816362,0.0,-0.0025,True,True,57,5.0,10,0.0,0.5,0.114,-0.5667276978492737,-1.0,0,False
97,11.204872662201524,11.199999999999996,0.10099999999999909,160,0.41904762358353226,2.2921744561315696,-0.4467896404860363,1.5639027478716108,0.2632967233657837,-0.004531410414622022,0.11757139158409607,-0.004531410414622022,0.0,-0.0,False,False,57,5.0,10,0.02,0.5,0.114,-0.5618788599967957,-1.0,0,False
98,11.306103114038706,11.300000000000004,0.1010000000000133,161,0.4088874489910966,2.2983632547053174,-0.6450413379336722,1.5747471488522031,0.2651224732398987,-0.007648142069628371,0.1099232495144677,-0.00514814206962837,0.0,-0.0025,True,True,58,5.0,10,0.0,0.5,0.116,-0.3927285969257355,-0.9999899864196777,0,False
99,11.405768269207329,11.399999999999999,0.09999999999999432,160,0.40236151206577325,2.3042964497039606,-0.8430824521419429,1.5833331699609272,0.26656800508499146,-0.004076025643061864,0.10584722387140584,-0.004076025643061864,0.0,-0.0,False,False,58,5.0,10,0.02,0.5,0.116,-0.3391743302345276,-0.999990701675415,0,False
100,11.506791243329644,11.500000000000007,0.10099999999999909,162,0.3982950512914146,2.309880813185555,-1.0421589523503232,1.590238770931413,0.26773062348365784,-0.0057782829531892056,0.10006894091821664,-0.003278282953189205,0.0,-0.0025,True,True,59,5.0,10,0.0,0.5,0.118,0.4690738618373871,-0.9888145327568054,0,False
101,11.607933606021106,11.600000000000001,0.10099999999999909,163,0.3966376302044394,2.313183912191965,-1.241320675444686,1.5938994776056752,0.2683469355106354,-0.0017378403904527366,0.0983311005277639,-0.0017378403904527366,0.0,-0.0,False,False,59,5.0,10,0.02,0.5,0.118,0.4872095286846161,-0.9926384687423706,0,False
102,11.707597961183637,11.699999999999996,0.09999999999999432,161,0.3978372244901772,2.3073411512317663,-1.440399089318847,1.5884075325104632,0.26742231845855713,0.0001071807598547231,0.09843828128761863,0.002607180759854723,0.0,-0.0025,True,True,60,5.0,10,0.0,0.5,0.12,0.8624064326286316,-0.6760885715484619,0,False
103,11.808658134192228,11.800000000000004,0.1010000000000133,161,0.39817583625181,2.2934087102707004,-1.6298694065410677,1.5767665560930149,0.2654624581336975,0.005526298827705641,0.10396458011532426,0.005526298827705641,0.0,-0.0,False,False,60,5.0,10,0.02,0.5,0.12,0.815568745136261,-0.6755895614624023,0,False
104,11.908693456090987,11.899999999999999,0.09999999999999432,159,0.39581219408504303,2.2758861590403745,-1.765859789709948,1.5637906962601598,0.2632778584957123,0.0036600055194079824,0.10762458563473225,0.006160005519407982,0.0,-0.0025,True,True,61,5.0,10,0.0,0.5,0.122,0.0391729474067688,-0.8618609309196472,0,False
105,12.010034007951617,12.000000000000007,0.10099999999999909,161,0.39223443041011063,2.2625073725712626,-1.9051493052796225,1.5549800408782422,0.2617945075035095,0.004182665848839722,0.11180725148357197,0.004182665848839722,0.0,-0.0,False,False,61,5.0,10,0.02,0.5,0.122,0.0036015056539326906,-0.9308858513832092,0,False
106,12.111026772297919,12.100000000000001,0.10099999999999909,162,0.39046679107784815,2.258192327554676,-2.048397181488247,1.5525136663089727,0.26137927174568176,-0.001329142642157808,0.11047810884141417,0.001170857357842192,0.0,-0.0025,True,True,62,5.0,10,0.0,0.5,0.124,0.42441946268081665,-0.9930699467658997,0,False
107,12.210733206011355,12.199999999999996,0.09999999999999432,154,0.38761481092689903,2.2539959414760795,-2.2296170226587084,1.550790939164199,0.2610892355442047,0.0008178270154683956,0.11129593585688256,0.0008178270154683956,0.0,-0.0,False,False,62,5.0,10,0.02,0.5,0.124,0.3874479830265045,-0.9953721165657043,0,False
108,12.311916469130665,12.300000000000004,0.1010000000000133,161,0.381637578851308,2.247673923419416,-2.4303538452004183,1.5492190303021367,0.260824590921402,-0.0017537706640609325,0.10954216519282163,0.0007462293359390674,0.0,-0.0025,True,True,63,5.0,10,0.0,0.5,0.126,0.9999999403953552,-0.11737699806690216,0,False
109,12.41204991005361,12.399999999999999,0.09999999999999432,161,0.3720008940197332,2.240999518940393,-2.6138566978006494,1.5496006784447725,0.26088884472846985,-0.00018117910453651481,0.10936098608828512,-0.00018117910453651481,0.0,-0.0,False,False,63,5.0,10,0.02,0.5,0.126,0.9999991655349731,-0.7028213739395142,0,False
110,12.512886145152152,12.500000000000007,0.10099999999999909,162,0.35344653170228046,2.232391634020287,-2.7897227156016324,1.5539475020953133,0.2616206705570221,-0.00456355941140997,0.10479742667687515,-0.0020635594114099707,0.0,-0.0025,True,True,64,5.0,10,0.0,0.5,0.128,1.0,0.5124404430389404,0,False
111,12.61270116828382,12.600000000000001,0.09999999999999432,159,0.33205027988287844,2.226410187586978,-2.920509538959581,1.5623727919825563,0.26303914189338684,-0.0039997220127654205,0.10079770466410973,-0.0039997220127654205,0.0,-0.0,False,False,64,5.0,10,0.02,0.5,0.128,1.0,0.48525795340538025,0,False
112,12.713825412094593,12.699999999999996,0.10000000000000853,160,0.3105525146311528,2.221760946886915,-2.9197069147237222,1.5721660674200264,0.2646879255771637,-0.007149143218636689,0.09364856144547304,-0.004649143218636689,0.0,-0.0025,True,True,65,5.0,10,0.0,0.5,0.13,0.9994519352912903,0.008330808021128178,0,False
113,12.913832095917314,12.899999999999999,0.19899999999999807,321,0.26808858921194806,2.2105459543267205,-2.8760828026571637,1.5906798967066673,0.267804890871048,-0.01128903533639602,0.08235952610907701,-0.00878903533639602,0.0,-0.0025,True,True,66,5.0,10,0.0,0.5,0.132,0.9879046082496643,0.2162773460149765,0,False
114,13.014362142886966,13.000000000000007,0.09999999999999432,160,0.2470997906362098,2.204707450765878,-2.844745564024844,1.5999746929374294,0.2693697512149811,-0.0044125011229154965,0.07794702498616152,-0.0044125011229154965,0.0,-0.0,False,False,66,5.0,10,0.02,0.5,0.132,0.9880766272544861,0.2110579013824463,0,False
115,13.114718322176486,13.100000000000001,0.10000000000000853,157,0.22649415903385609,2.19797959472976,-2.807018500813495,1.6085925770636278,0.27082064747810364,-0.006591151913384967,0.07135587307277655,-0.004091151913384967,0.0,-0.0025,True,True,67,5.0,10,0.0,0.5,0.134,0.9888294339179993,-0.5438889861106873,0,False
116,13.214394497219473,13.199999999999996,0.09999999999999432,159,0.2060385028595761,2.1905781110071296,-2.8057290654600657,1.616857489762917,0.27221211791038513,-0.003923586452139183,0.06743228662063737,-0.003923586452139183,0.0,-0.0,False,False,67,5.0,10,0.02,0.5,0.134,0.9887408018112183,-0.5505243539810181,0,False
117,13.31442157831043,13.300000000000004,0.10000000000000853,160,0.18497294739956524,2.1844068499807605,-2.911979634542673,1.6266852834693177,0.2738667130470276,-0.007165530011486752,0.06026675660915062,-0.004665530011486753,0.0,-0.0025,True,True,68,5.0,10,0.0,0.5,0.136,0.865131139755249,-0.18253307044506073,0,False
118,13.414338260889053,13.399999999999999,0.09999999999999432,159,0.16438744642955838,2.18045295579418,-2.97807644321242,1.6380125861814085,0.2757737636566162,-0.005377389099858322,0.0548893675092923,-0.005377389099858322,0.0,-0.0,False,False,68,5.0,10,0.02,0.5,0.136,0.8599417805671692,-0.16066624224185944,0,False
119,13.514558320865035,13.500000000000007,0.09999999999999432,160,0.14559639302051888,2.1776202586383016,-3.009012265367181,1.649071531479661,0.2776356339454651,-0.0077499922898039055,0.04713937521948839,-0.005249992289803906,0.0,-0.0025,True,True,69,5.0,10,0.0,0.5,0.138,0.9118101596832275,-0.14862163364887238,0,False
120,13.614719341974705,13.600000000000001,0.10000000000000853,161,0.12577442353320425,2.175275131792857,-3.038568541309664,1.6613479980789565,0.27970248460769653,-0.005827983885816157,0.04131139133367223,-0.005827983885816157,0.0,-0.0,False,False,69,5.0,10,0.02,0.5,0.138,0.9091142416000366,-0.1312812715768814,0,False
121,13.714345697313547,13.699999999999996,0.09999999999999432,160,0.10580198060103663,2.1734604836144555,-3.063956882512765,1.6742516350722032,0.2818749248981476,-0.008625719306675586,0.03268567202699665,-0.006125719306675586,0.0,-0.0025,True,True,70,5.0,10,0.0,0.5,0.14,0.9145416021347046,-0.029098207131028175,0,False
122,13.814944844227284,13.800000000000004,0.10000000000000853,160,0.08565885295288057,2.1720626770959774,-3.0746681596306558,1.6877072103348092,0.28414028882980347,-0.00638773992260556,0.02629793210439109,-0.00638773992260556,0.0,-0.0,False,False,70,5.0,10,0.02,0.5,0.14,0.9140812754631042,-0.026074115186929703,0,False
123,13.914807537104934,13.899999999999999,0.09999999999999432,160,0.06558388239107532,2.1707715706233284,-3.0808794538534334,1.7013197994668579,0.28643208742141724,-0.008962278821364427,0.017335653283026664,-0.006462278821364427,0.0,-0.0025,True,True,71,5.0,10,0.0,0.5,0.142,0.8575198650360107,0.03783369064331055,0,False
124,14.014806729275733,14.000000000000007,0.09999999999999432,160,0.046508023577402156,2.1695893305749476,-3.0752951502245014,1.7144039935591253,0.28863492608070374,-0.006211434838506471,0.011124218444520193,-0.006211434838506471,0.0,-0.0,False,False,71,5.0,10,0.02,0.5,0.142,0.8572310209274292,0.038957152515649796,0,False
125,14.1148486812599,14.100000000000001,0.10000000000000853,159,0.027732253468364366,2.1682773676096048,-3.0682004429782235,1.7272918760603988,0.2908047139644623,-0.008618240206349242,0.0025059782381709507,-0.006118240206349243,0.0,-0.0025,True,True,72,5.0,10,0.0,0.5,0.144,0.8472984433174133,-0.03408835455775261,0,False
126,14.215010851155967,14.199999999999996,0.09999999999999432,161,0.009084157761521999,2.1669041789317647,-3.0736025077548144,1.740151966929764,0.29296982288360596,-0.006105046737234026,-0.003599068499063075,-0.006105046737234026,0.0,-0.0,False,False,72,5.0,10,0.02,0.5,0.144,0.8478204607963562,-0.03526213392615318,0,False
127,14.31499541318044,14.300000000000004,0.10000000000000853,160,-0.009522482235236022,2.165676172279597,-3.0791474373410104,1.753182878976144,0.29516369104385376,-0.008686140353132898,-0.012285208852195972,-0.006186140353132898,0.0,-0.0025,True,True,73,5.0,10,0.0,0.5,0.146,0.8370200991630554,-0.166010320186615,0,False
128,14.416061647236347,14.399999999999999,0.10099999999999909,162,-0.02804691838320015,2.1647111798733154,-3.108358342612055,1.7664260341222553,0.2973932921886444,-0.006286898120451677,-0.018572106972647648,-0.006286898120451677,0.0,-0.0,False,False,73,5.0,10,0.02,0.5,0.146,0.8350973725318909,-0.16802668571472168,0,False
129,14.51576984114945,14.500000000000007,0.09999999999999432,157,-0.04645814019866399,2.1643822362437906,-3.1399810280253915,1.78009420651812,0.2996944487094879,-0.008988665759594651,-0.0275607727322423,-0.00648866575959465,0.0,-0.0025,True,True,74,5.0,10,0.0,0.5,0.148,0.8124539256095886,-0.18373319506645203,0,False
130,14.61692418390885,14.600000000000001,0.10099999999999909,162,-0.06446272825406804,2.1646797519117613,3.107072575968955,1.7939447061806428,0.30202630162239075,-0.0065752216397767715,-0.03413599437201907,-0.0065752216397767715,0.0,-0.0,False,False,74,5.0,10,0.02,0.5,0.148,0.8080760836601257,-0.1839170902967453,0,False
131,14.717650330159813,14.699999999999996,0.10099999999999909,159,-0.08225647574493655,2.1656267960574644,3.0702305824281,1.808125696141079,0.3044137954711914,-0.009232114676961261,-0.043368109048980336,-0.0067321146769612605,0.0,-0.0025,True,True,75,5.0,10,0.0,0.5,0.15,0.8960024118423462,0.14640186727046967,0,False
132,14.817821610253304,14.800000000000004,0.10000000000000853,160,-0.10106940042422898,2.167117872850158,3.0758110586439966,1.8235020803070903,0.30700254440307617,-0.007299601918582525,-0.05066771096756286,-0.007299601918582525,0.0,-0.0,False,False,75,5.0,10,0.02,0.5,0.15,0.8967761397361755,0.14741450548171997,0,False
133,14.917898412328213,14.899999999999999,0.09999999999999432,159,-0.12072380260007116,2.1681148938638444,3.102934864798328,1.8392794074429857,0.30965879559516907,-0.009989940820148068,-0.06065765178771093,-0.007489940820148068,0.0,-0.0025,True,True,76,5.0,10,0.0,0.5,0.152,0.874666690826416,0.025376198813319206,0,False
134,15.017898563295603,15.000000000000007,0.09999999999999432,159,-0.1400892962621017,2.168646948513268,3.113390412856288,1.8546140156527529,0.31224051117897034,-0.007279769697492201,-0.06793742148520313,-0.007279769697492201,0.0,-0.0,False,False,76,5.0,10,0.02,0.5,0.152,0.8753828406333923,0.02487131953239441,0,False
135,15.1181185930036,15.100000000000001,0.10000000000000853,159,-0.1593426605224863,2.1691023332915877,3.12117200835266,1.869888084129319,0.314812034368515,-0.009751029783878368,-0.0776884512690815,-0.0072510297838783684,0.0,-0.0025,True,True,77,5.0,10,0.0,0.5,0.154,0.868593692779541,0.08015475422143936,0,False
136,15.21819144487381,15.199999999999996,0.09999999999999432,158,-0.17849451425350396,2.169399519621866,3.136638773862571,1.8850573586817478,0.3173659145832062,-0.007201281161482459,-0.08488973243056396,-0.007201281161482459,0.0,-0.0,False,False,77,5.0,10,0.02,0.5,0.154,0.869349479675293,0.07885849475860596,0,False
137,15.318398985080421,15.300000000000004,0.10000000000000853,160,-0.1976118531509808,2.1693770029184036,-3.1324073356833906,1.9000747528508828,0.3198942244052887,-0.00962917927294241,-0.09451891170350636,-0.007129179272942409,0.0,-0.0025,True,True,78,5.0,10,0.0,0.5,0.156,0.925848126411438,-0.05498335510492325,0,False
138,15.4184112069197,15.399999999999999,0.09999999999999432,159,-0.21764880104540563,2.169142344237039,-3.1367892309243635,1.9157639256384327,0.3225356340408325,-0.007448091472254121,-0.10196700317576048,-0.007448091472254121,0.0,-0.0,False,False,78,5.0,10,0.02,0.5,0.156,0.9252561926841736,-0.053858593106269836,0,False
139,15.518261149991304,15.500000000000007,0.09999999999999432,159,-0.23804039520467093,2.169136281141738,3.1375598546417525,1.9319544099009107,0.3252614438533783,-0.010186078125337481,-0.11215308130109795,-0.0076860781253374815,0.0,-0.0025,True,True,79,5.0,10,0.0,0.5,0.158,0.8845255374908447,-0.06412265449762344,0,False
140,15.61843384988606,15.600000000000001,0.10000000000000853,154,-0.25771663816946966,2.1693473632329914,3.124667222954246,1.9477818327809462,0.3279261291027069,-0.007513722678489374,-0.11966680397958733,-0.007513722678489374,0.0,-0.0,False,False,79,5.0,10,0.02,0.5,0.158,0.8832502961158752,-0.06139518320560455,0,False
141,15.718633400276303,15.699999999999996,0.09999999999999432,159,-0.27716653024053517,2.1697970042272336,3.112328639711233,1.9636393485108183,0.33059588074684143,-0.010028008600461135,-0.12969481258004847,-0.007528008600461135,0.0,-0.0025,True,True,80,5.0,10,0.0,0.5,0.16,0.832968533039093,-0.2799023985862732,0,False
142,15.818551782984287,15.800000000000004,0.10000000000000853,159,-0.2960536104915106,2.170616562246461,3.0680451479004973,1.9793256890301485,0.33323681354522705,-0.007446746914892163,-0.13714155949494064,-0.007446746914892163,0.0,-0.0,False,False,80,5.0,10,0.02,0.5,0.16,0.8287941813468933,-0.2945697605609894,0,False
143,15.918314137030393,15.899999999999999,0.09999999999999432,159,-0.31426480770571213,2.1724641661779893,3.0110664261390903,1.9951247892279846,0.33589673042297363,-0.010000277104868848,-0.14714183659980948,-0.0075002771048688485,0.0,-0.0025,True,True,81,5.0,10,0.0,0.5,0.162,0.737116277217865,-0.9626694917678833,0,False
144,16.018609086051583,16.000000000000007,0.09999999999999432,160,-0.331125436648908,2.1751434958915876,2.958506258988847,2.010356373681252,0.33846110105514526,-0.007230861423447634,-0.15437269802325712,-0.007230861423447634,0.0,-0.0,False,False,81,5.0,10,0.02,0.5,0.162,0.7415992021560669,-0.8946491479873657,0,False
145,16.11837805993855,16.1,0.10000000000000853,157,-0.347129546933214,2.179046577767428,2.833463231479078,2.0256323893422192,0.3410329520702362,-0.009751954167064708,-0.16412465219032182,-0.007251954167064707,0.0,-0.0025,True,True,82,5.0,10,0.0,0.5,0.164,0.8919956088066101,0.2642291486263275,0,False
146,16.218769958242774,16.199999999999996,0.09999999999999432,160,-0.36245229526752337,2.1852267653343445,2.7114720002196817,2.0416929433001076,0.3437368869781494,-0.0076243965563532095,-0.17174904874667504,-0.0076243965563532095,0.0,-0.0,False,False,82,5.0,10,0.02,0.5,0.164,0.8915410041809082,0.26628318428993225,0,False
147,16.318426553159952,16.300000000000004,0.10000000000000853,159,-0.3777796105590685,2.1923491089520257,2.716879962092685,2.0583102149799766,0.3465345501899719,-0.010388686112831691,-0.18213773485950674,-0.00788868611283169,0.0,-0.0025,True,True,83,5.0,10,0.0,0.5,0.166,0.9910957217216492,0.31339704990386963,0,False
148,16.418763982132077,16.4,0.09999999999999432,159,-0.39719779371356,2.2004375799694467,2.7765272828308514,2.078829113149566,0.3499890863895416,-0.009740897913894148,-0.1918786327734009,-0.009740897913894148,0.0,-0.0,False,False,83,5.0,10,0.02,0.5,0.166,0.9898717403411865,0.30672013759613037,0,False
149,16.51900292187929,16.500000000000007,0.09999999999999432,160,-0.417651953844844,2.207533826033589,2.8375994528965465,2.0996347784764233,0.3534919023513794,-0.012377034346801869,-0.20425566712020277,-0.009877034346801868,0.0,-0.0025,True,True,84,5.0,10,0.0,0.5,0.168,0.8858926296234131,0.2631481885910034,0,False
150,16.618922694120556,16.6,0.10000000000000853,160,-0.4368499171458094,2.212957910355522,2.8931660785934756,2.1184698931892627,0.35666295886039734,-0.008941558562153803,-0.21319722568235658,-0.008941558562153803,0.0,-0.0,False,False,84,5.0,10,0.02,0.5,0.168,0.8884238600730896,0.25770798325538635,0,False
151,16.71895140595734,16.699999999999996,0.09999999999999432,160,-0.45583134601049535,2.217265680981737,2.9446194416600466,2.136511087716703,0.35970035195350647,-0.011064662326603704,-0.22426188800896027,-0.008564662326603703,0.0,-0.0025,True,True,85,5.0,10,0.0,0.5,0.17,0.7482745051383972,0.04987780749797821,0,False
152,16.81858030008152,16.800000000000004,0.10000000000000853,156,-0.47331125613832414,2.2204097391024855,2.973694156676403,2.1526803299675312,0.3624225854873657,-0.007675993945122008,-0.23193788195408227,-0.007675993945122008,0.0,-0.0,False,False,85,5.0,10,0.02,0.5,0.17,0.7501736283302307,0.06192075088620186,0,False
153,16.919999541249126,16.9,0.10099999999999909,162,-0.4895888931512387,2.2230979692258868,2.986260908831971,2.167624793230003,0.3649386167526245,-0.009594556920869603,-0.24153243887495188,-0.007094556920869603,0.0,-0.0025,True,True,86,5.0,10,0.0,0.5,0.172,0.7196906208992004,-0.10505534708499908,0,False
154,17.020660877227783,17.000000000000007,0.10099999999999909,160,-0.5055623365496645,2.225636859760446,2.9712881073296447,2.1822559368206442,0.3674018979072571,-0.006945815262692279,-0.24847825413764416,-0.006945815262692279,0.0,-0.0,False,False,86,5.0,10,0.02,0.5,0.172,0.7173616290092468,-0.1107465922832489,0,False
155,17.121741890907288,17.1,0.10099999999999909,162,-0.5211232638110881,2.228464228618466,2.9512171605561837,2.1967281193574424,0.3698384165763855,-0.009370351980747389,-0.25784860611839155,-0.006870351980747388,0.0,-0.0025,True,True,87,5.0,10,0.0,0.5,0.174,0.6128444075584412,-0.34250780940055847,0,False
156,17.22288701403886,17.199999999999996,0.10099999999999909,161,-0.5354474417677333,2.231490654137071,2.900054143142374,2.210302295851758,0.37212374806404114,-0.006444043262141579,-0.26429264938053315,-0.006444043262141579,0.0,-0.0,False,False,87,5.0,10,0.02,0.5,0.174,0.5975916385650635,-0.3724224269390106,0,False
157,17.322888074908406,17.300000000000004,0.09999999999999432,160,-0.5481019624484245,2.2351119444900083,2.8247534009749318,2.222832073439974,0.3742332458496094,-0.008448237734884744,-0.2727408871154179,-0.0059482377348847445,0.0,-0.0025,True,True,88,5.0,10,0.0,0.5,0.176,0.9863111972808838,0.21726107597351074,0,False
158,17.422933486290276,17.4,0.10000000000000853,156,-0.5623169327909895,2.2403010103825483,2.77993991694823,2.2375368560043336,0.3767089247703552,-0.006980773754105706,-0.2797216608695236,-0.006980773754105706,0.0,-0.0,False,False,88,5.0,10,0.02,0.5,0.176,0.9866400957107544,0.20138989388942719,0,False
159,17.523884531110525,17.500000000000007,0.10099999999999909,162,-0.5811484991246962,2.247327977294937,2.798855531084341,2.2571103076387566,0.38000428676605225,-0.01179206785947389,-0.2915137287289975,-0.009292067859473889,0.0,-0.0025,True,True,89,5.0,10,0.0,0.5,0.178,0.9867550730705261,0.20776407420635223,0,False
160,17.624684926122427,17.6,0.10099999999999909,162,-0.6016611376669727,2.254117568822295,2.841199254336397,2.2779653606426993,0.3835154175758362,-0.009900480065802762,-0.30141420879480024,-0.009900480065802762,0.0,-0.0,False,False,89,5.0,10,0.02,0.5,0.178,0.9862334132194519,0.21585316956043243,0,False
161,17.725389302242547,17.699999999999996,0.09999999999999432,160,-0.6224307757968164,2.2600337674376765,2.885714148127853,2.298570288959469,0.3869844377040863,-0.012281738843766444,-0.3136959476385667,-0.009781738843766444,0.0,-0.0025,True,True,90,5.0,10,0.0,0.5,0.18,0.9729156494140625,0.2188110053539276,0,False
162,17.825602492317557,17.800000000000004,0.09999999999999432,159,-0.6432106492695341,2.264979688910584,2.9302540851226926,2.318672312650437,0.390368789434433,-0.009542995877166949,-0.3232389435157336,-0.009542995877166949,0.0,-0.0,False,False,90,5.0,10,0.02,0.5,0.18,0.9717808365821838,0.23049712181091309,0,False
163,17.926790595054626,17.92000000000001,0.1010000000000133,164,-0.668309493275233,2.269645579780845,2.9855230148955445,2.342272895660076,0.3943421542644501,-0.013703860358642106,-0.33694280387437575,-0.011203860358642105,0.0,-0.0025,True,True,91,5.0,10,0.004,0.5,0.182,0.9517185688018799,0.1179785430431366,0,False
164,18.02805835613981,18.020000000000003,0.10099999999999909,164,-0.6889976800152052,2.2726642276808073,3.0071536862422072,2.361310163517113,0.39754724502563477,-0.009037526343870471,-0.3459803302182462,-0.009037526343870471,0.0,-0.0,False,False,91,5.0,10,0.024,0.5,0.182,0.9526185393333435,0.1335395872592926,0,False
165,18.127937699202448,18.119999999999997,0.09999999999999432,163,-0.7097567504504544,2.275152053087765,3.0348257038271114,2.380154483101667,0.40071985125541687,-0.011445928373580402,-0.3574262585918266,-0.008945928373580402,0.0,-0.0025,True,True,92,5.0,10,0.004,0.5,0.184,0.8116593360900879,0.011496078222990036,0,False
166,18.228087299037725,18.220000000000006,0.09999999999999432,163,-0.7278540666992555,2.277014620337727,3.037745783302588,2.3964471060368266,0.40346285700798035,-0.007734566225206536,-0.3651608248170331,-0.007734566225206536,0.0,-0.0,False,False,92,5.0,10,0.024,0.5,0.184,0.8107062578201294,0.011404779739677906,0,False
167,18.327636254951358,18.32,0.10000000000000853,161,-0.7456107347641577,2.278811226145269,3.0418223261460655,2.412443048875948,0.40615591406822205,-0.010093723841531385,-0.3752545486585645,-0.007593723841531385,0.0,-0.0025,True,True,93,5.0,10,0.004,0.5,0.186,0.738788902759552,-0.02766585908830166,0,False
168,18.42798002390191,18.42000000000001,0.09999999999999432,159,-0.7618212597323265,2.2804694442686206,3.0364063090346156,2.427078263852156,0.40861988067626953,-0.006947748063900587,-0.3822022967224651,-0.006947748063900587,0.0,-0.0,False,False,93,5.0,10,0.024,0.5,0.186,0.7328617572784424,-0.03382992744445801,0,False
169,18.527747347019613,18.520000000000003,0.10000000000000853,159,-0.7778525471690196,2.2822123864333697,3.029692515660771,2.4416263865806007,0.41106918454170227,-0.009406402925017255,-0.39160869964748235,-0.0069064029250172545,0.0,-0.0025,True,True,94,5.0,10,0.004,0.5,0.188,0.9295647740364075,0.08955991268157959,0,False
170,18.62776832887903,18.619999999999997,0.09999999999999432,160,-0.7975923537985106,2.284395621629597,3.0417753489731667,2.4595865074302448,0.41409292817115784,-0.008526174372114703,-0.4001348740195971,-0.008526174372114703,0.0,-0.0,False,False,94,5.0,10,0.024,0.5,0.188,0.9306731224060059,0.09477223455905914,0,False
171,18.72781063010916,18.720000000000006,0.09999999999999432,160,-0.8179599162489746,2.2862610464709174,3.0593035793086356,2.4779470401994823,0.41718408465385437,-0.01121626116917515,-0.4113511351887722,-0.008716261169175149,0.0,-0.0025,True,True,95,5.0,10,0.004,0.5,0.19,0.9360631108283997,0.09847607463598251,0,False
172,18.82772342208773,18.82,0.10000000000000853,156,-0.8384633622337453,2.287737842937361,3.079296771592729,2.4962560610904694,0.4202665686607361,-0.008691807032152601,-0.4200429422209248,-0.008691807032152601,0.0,-0.0,False,False,95,5.0,10,0.024,0.5,0.19,0.9374285936355591,0.10467085242271423,0,False
173,18.92745870631188,18.92000000000001,0.09999999999999432,157,-0.8590089816781751,2.2887969129961623,3.100778647148727,2.514421875419586,0.42332494258880615,-0.011123822850533845,-0.4311667650714587,-0.008623822850533844,0.0,-0.0025,True,True,96,5.0,10,0.004,0.5,0.192,0.7538321018218994,0.022293947637081146,0,False
174,19.027945534326136,19.020000000000003,0.10000000000000853,155,-0.8760805978890348,2.2893765207726116,3.1099903192175486,2.5293909440122184,0.42584511637687683,-0.007106237762952341,-0.438273002834411,-0.007106237762952341,0.0,-0.0,False,False,96,5.0,10,0.024,0.5,0.192,0.7586346864700317,0.0350789912045002,0,False
175,19.127740207128227,19.119999999999997,0.09999999999999432,160,-0.8927522472723767,2.289832918528555,3.118276473886142,2.5439794265627973,0.42830121517181396,-0.009425562867426547,-0.4476985657018376,-0.006925562867426547,0.0,-0.0025,True,True,97,5.0,10,0.004,0.5,0.194,0.9614148139953613,-0.06856036931276321,0,False
176,19.228034697007388,19.220000000000006,0.09999999999999432,160,-0.9132816545257922,2.2902989525139774,3.112077958436923,2.5619303425407267,0.43132340908050537,-0.008521804560688103,-0.4562203702625257,-0.008521804560688103,0.0,-0.0,False,False,97,5.0,10,0.024,0.5,0.194,0.9622347950935364,-0.07040604203939438,0,False
177,19.327796489931643,19.32,0.10000000000000853,160,-0.934448466013105,2.2910718096073746,3.0987839903746157,2.5806252599766797,0.43447086215019226,-0.011375002972732317,-0.467595373235258,-0.008875002972732316,0.0,-0.0025,True,True,98,5.0,10,0.004,0.5,0.196,0.9982995390892029,0.20183944702148438,0,False
178,19.42817784892395,19.42000000000001,0.09999999999999432,160,-0.9560322652802775,2.2917689973715536,3.1350739379023445,2.5996823537112563,0.4376792907714844,-0.009046938245404701,-0.4766423114806627,-0.009046938245404701,0.0,-0.0,False,False,98,5.0,10,0.024,0.5,0.196,0.9983030557632446,0.20158137381076813,0,False
179,19.52951333997771,19.520000000000003,0.10099999999999909,161,-0.9779220893040712,2.291560587276213,-3.112009491109233,2.618598365085128,0.4408639669418335,-0.011479962481807595,-0.4881222739624703,-0.008979962481807595,0.0,-0.0025,True,True,99,5.0,10,0.004,0.5,0.198,0.946529746055603,-0.1291249692440033,0,False
180,19.629218603949994,19.619999999999997,0.10000000000000853,159,-0.9993038783468313,2.290888678110356,-3.1275827584484466,2.636890569383559,0.4439436197280884,-0.008683823722815431,-0.4968060976852858,-0.008683823722815431,0.0,-0.0,False,False,99,5.0,10,0.024,0.5,0.198,0.9484847187995911,-0.13024799525737762,0,False
181,19.72929575527087,19.720000000000006,0.09999999999999432,159,-1.0202231964567514,2.290792102544287,3.1334886922667597,2.655104532272415,0.4470100998878479,-0.011146680325688916,-0.5079527780109747,-0.008646680325688915,0.0,-0.0025,True,True,100,5.0,10,0.004,0.5,0.2,0.9997615218162537,0.1709255427122116,0,False
182,19.829986650962383,19.82,0.10099999999999909,161,-1.0418618743119066,2.2908204370486946,-3.1189309515945336,2.6740483352781945,0.4501994550228119,-0.008993155950922602,-0.5169459339618974,-0.008993155950922602,0.0,-0.0,False,False,100,5.0,10,0.024,0.5,0.2,0.9997357130050659,0.16783080995082855,0,False
183,19.93008859222755,19.92000000000001,0.10000000000000853,160,-1.0638012636549974,2.2900649299684748,-3.09011751401461,2.692921154561712,0.4533768594264984,-0.01145945798203624,-0.5284053919439337,-0.00895945798203624,0.0,-0.0025,True,True,101,5.0,10,0.004,0.5,0.202,0.9969968199729919,-0.19641739130020142,0,False
184,20.030217652209103,20.020000000000003,0.09999999999999432,161,-1.0858101033059424,2.288980715289489,-3.116375415495743,2.7117451172184355,0.45654603838920593,-0.00893626436754076,-0.5373416563114745,-0.00893626436754076,0.0,-0.0,False,False,101,5.0,10,0.024,0.5,0.202,0.9970777630805969,-0.1974925845861435,0,False
185,20.130248004104942,20.119999999999997,0.09999999999999432,159,-1.1078287425235156,2.2887774778194947,3.1316395800723433,2.7310413606008326,0.4597947299480438,-0.011660469307662975,-0.5490021256191374,-0.009160469307662974,0.0,-0.0025,True,True,102,5.0,10,0.004,0.5,0.204,0.9992169141769409,0.14242291450500488,0,False
186,20.230213606264442,20.220000000000006,0.10000000000000853,159,-1.1297850464160006,2.2889957515719535,-3.130521895318213,2.7505209933504706,0.46307429671287537,-0.009247529396856026,-0.5582496550159934,-0.009247529396856026,0.0,-0.0,False,False,102,5.0,10,0.024,0.5,0.204,0.9992008805274963,0.1456257402896881,0,False
187,20.330189367290586,20.32,0.09999999999999432,159,-1.151714252331866,2.288542464244358,-3.106234143718731,2.7697011137358505,0.46630343794822693,-0.011605342455818813,-0.5698549974718122,-0.009105342455818812,0.0,-0.0025,True,True,103,5.0,10,0.004,0.5,0.206,0.9995587468147278,0.14033006131649017,0,False
188,20.43041612720117,20.42000000000001,0.10000000000000853,160,-1.1736136194219393,2.2874559127114704,-3.0791329135444534,2.788603140785386,0.4694857597351074,-0.008973323729832488,-0.5788283212016447,-0.008973323729832488,0.0,-0.0,False,False,103,5.0,10,0.024,0.5,0.206,0.9995560646057129,0.14446815848350525,0,False
189,20.53067343728617,20.520000000000003,0.09999999999999432,160,-1.1954646514951164,2.285752722714918,-3.049491789853371,2.807223534163802,0.4726206660270691,-0.01133962430714327,-0.590167945508788,-0.00883962430714327,0.0,-0.0025,True,True,104,5.0,10,0.004,0.5,0.208,0.9994497299194336,0.012701167725026608,0,False
190,20.63031608099118,20.619999999999997,0.09999999999999432,159,-1.2173352583223476,2.2836545680992373,-3.0473393797920973,2.8257292206793108,0.47573626041412354,-0.00878516973398014,-0.5989531152427682,-0.00878516973398014,0.0,-0.0,False,False,104,5.0,10,0.024,0.5,0.208,0.999454140663147,0.016580604016780853,0,False
191,20.730317762121558,20.720000000000006,0.10000000000000853,159,-1.2392010136885856,2.2815059260140305,-3.042321076242022,2.8442572113070512,0.47885560989379883,-0.01129575812320623,-0.6102488733659744,-0.008795758123206229,0.0,-0.0025,True,True,105,5.0,10,0.004,0.5,0.21,0.9993003010749817,0.029369264841079712,0,False
192,20.830441383179277,20.82,0.09999999999999432,160,-1.2610552131833201,2.27926171874483,-3.035629490150134,2.862780953532462,0.4819742441177368,-0.008793741287163344,-0.6190426146531378,-0.008793741287163344,0.0,-0.0,False,False,105,5.0,10,0.024,0.5,0.21,0.9992935657501221,0.032428350299596786,0,False
193,20.93073709215969,20.92000000000001,0.10000000000000853,159,-1.2828993428769484,2.2768774897827178,-3.029221553607868,2.8812818605953496,0.4850890338420868,-0.011282900793431633,-0.6303255154465695,-0.008782900793431633,0.0,-0.0025,True,True,106,5.0,10,0.004,0.5,0.212,0.9993476867675781,0.0018199923215433955,0,False
194,21.03062109509483,21.020000000000003,0.09999999999999432,158,-1.3047514832105502,2.274404540728066,-3.029345475385132,2.8997995842507933,0.4882066547870636,-0.008790884102769013,-0.6391163995493384,-0.008790884102769013,0.0,-0.0,False,False,106,5.0,10,0.024,0.5,0.212,0.9993609189987183,0.004660815000534058,0,False
195,21.130658465903252,21.119999999999997,0.09999999999999432,159,-1.3266038998048564,2.271918766878409,-3.0279864833796193,2.9183599689462993,0.49133145809173584,-0.011311136498034745,-0.6504275360473731,-0.008811136498034744,0.0,-0.0025,True,True,107,5.0,10,0.004,0.5,0.214,0.9993689060211182,0.0006961374310776591,0,False
196,21.230809226166457,21.220000000000006,0.10000000000000853,161,-1.3484609082028012,2.269418499848062,-3.027640722208082,2.936965846950088,0.4944639205932617,-0.00883273345066275,-0.6592602694980358,-0.00883273345066275,0.0,-0.0,False,False,107,5.0,10,0.024,0.5,0.214,0.9993786215782166,0.002760839182883501,0,False
197,21.33079701801762,21.32,0.09999999999999432,160,-1.3703144817285438,2.266909697988742,-3.0269379195512127,2.9556115537257197,0.49760308861732483,-0.01135164128856663,-0.6706119107866024,-0.00885164128856663,0.0,-0.0025,True,True,108,5.0,10,0.004,0.5,0.216,0.9998403191566467,0.003929870668798685,0,False
198,21.430969048291445,21.42000000000001,0.10000000000000853,159,-1.392166056874932,2.26438416237938,-3.026137004714106,2.9742940799882103,0.5007484555244446,-0.008869120534273238,-0.6794810313208757,-0.008869120534273238,0.0,-0.0,False,False,108,5.0,10,0.024,0.5,0.216,0.999844491481781,0.004140893463045359,0,False
199,21.53071853192523,21.520000000000003,0.09999999999999432,160,-1.4140054269238855,2.261841840523333,-3.0253111831242863,2.9930036898155543,0.5038983821868896,-0.011381977864048045,-0.6908630091849237,-0.008881977864048044,0.0,-0.0025,True,True,109,5.0,10,0.004,0.5,0.218,0.9997430443763733,-0.21766680479049683,0,False
200,21.630817712284625,21.619999999999997,0.09999999999999432,159,-1.4359450422100877,2.259605809835623,-3.0666441822811965,3.011976346553824,0.5070925951004028,-0.009006853629048434,-0.6998698628139721,-0.009006853629048434,0.0,-0.0,False,False,109,5.0,10,0.024,0.5,0.218,0.9997404217720032,-0.21816323697566986,0,False
201,21.73106964211911,21.720000000000006,0.10000000000000853,161,-1.4579705422802838,2.2583533967839164,-3.107030547450425,3.0314772213151118,0.5103757381439209,-0.0117576135770715,-0.7116274763910436,-0.0092576135770715,0.0,-0.0025,True,True,110,5.0,10,0.004,0.5,0.22,0.9991939067840576,-0.06228158622980118,0,False
202,21.831676569301635,21.82,0.10099999999999909,160,-1.479963929531448,2.257786305324687,-3.118254526454652,3.051266279367777,0.5137073993682861,-0.00939442228866004,-0.7210218986797037,-0.00939442228866004,0.0,-0.0,False,False,110,5.0,10,0.024,0.5,0.22,0.9991888999938965,-0.06493343412876129,0,False
203,21.931954548228532,21.92000000000001,0.09999999999999432,160,-1.5019733669014041,2.2574797596071705,-3.1334494585104213,3.0712065097366814,0.5170645117759705,-0.011966188037859784,-0.7329880867175634,-0.009466188037859783,0.0,-0.0025,True,True,111,5.0,10,0.004,0.5,0.222,0.999602735042572,0.3045331537723541,0,False
204,22.032786113210022,22.020000000000003,0.10099999999999909,161,-1.5238784217464298,2.2570624910581683,-3.089997532725591,3.091034865510898,0.5204027891159058,-0.009413078022058506,-0.7424011647396219,-0.009413078022058506,0.0,-0.0,False,False,111,5.0,10,0.024,0.5,0.222,0.9995163679122925,0.3051924705505371,0,False
205,22.133578638080508,22.119999999999997,0.10099999999999909,161,-1.5456942306017252,2.2553079869965886,-3.032729334817213,3.1102691530259845,0.523641049861908,-0.011631057115368215,-0.7540322218549902,-0.009131057115368215,0.0,-0.0025,True,True,112,5.0,10,0.004,0.5,0.224,0.9962575435638428,0.2944607734680176,0,False
206,22.23374677821994,22.220000000000006,0.10000000000000853,159,-1.5672907516581538,2.2522767499407346,-2.973713589052753,3.1288261744029797,0.5267652869224548,-0.008809539836167479,-0.7628417616911577,-0.008809539836167479,0.0,-0.0,False,False,112,5.0,10,0.024,0.5,0.224,0.9951025247573853,0.29370415210723877,0,False
207,22.333951137959957,22.32,0.09999999999999432,155,-1.5886393748594314,2.2480022262272463,-2.9142542457221166,3.146704159474246,0.5297752022743225,-0.010987182208615298,-0.773828943899773,-0.008487182208615298,0.0,-0.0025,True,True,113,5.0,10,0.004,0.5,0.226,0.9948657751083374,-0.21407517790794373,0,False
208,22.433984078932554,22.42000000000001,0.10000000000000853,161,-1.6100132029983965,2.242910118672043,-2.9269418864050794,3.164332904942158,0.5327431559562683,-0.008368861160754595,-0.7821978050605276,-0.008368861160754595,0.0,-0.0,False,False,113,5.0,10,0.024,0.5,0.226,0.9948772192001343,-0.21753525733947754,0,False
209,22.534011531155556,22.520000000000003,0.09999999999999432,160,-1.6315613179746424,2.2386983854021456,-2.9679986499650526,3.182518899182342,0.5358049273490906,-0.01113340282173849,-0.7933312078822661,-0.00863340282173849,0.0,-0.0025,True,True,114,5.0,10,0.004,0.5,0.228,0.9977664351463318,0.2953188121318817,0,False
210,22.63413991127163,22.619999999999997,0.09999999999999432,160,-1.6531437680118661,2.2349688549120494,-2.9433674438730417,3.2009697105010892,0.5389112830162048,-0.008759118935090328,-0.8020903268173564,-0.008759118935090328,0.0,-0.0,False,False,114,5.0,10,0.024,0.5,0.228,0.9977090358734131,0.29629236459732056,0,False
211,22.734052413143218,22.720000000000006,0.10000000000000853,160,-1.6744231916748264,2.2300466840991553,-2.8868628785226527,3.218727678206536,0.5419009923934937,-0.010930206590398457,-0.8130205334077548,-0.008430206590398457,0.0,-0.0025,True,True,115,5.0,10,0.004,0.5,0.23,0.997320830821991,0.28046172857284546,0,False
212,22.834572771098465,22.82,0.09999999999999432,160,-1.6953826627096449,2.223918713570351,-2.8300696059669916,3.2357832433934397,0.5447724461555481,-0.00809675636460936,-0.8211172897723642,-0.00809675636460936,0.0,-0.0,False,False,115,5.0,10,0.024,0.5,0.23,0.9973894357681274,0.28173917531967163,0,False
213,22.934270814992487,22.92000000000001,0.10000000000000853,160,-1.715971118677942,2.216633190260209,-2.7729012232736427,3.2521190584189528,0.5475227236747742,-0.01025507072497768,-0.8313723604973419,-0.0077550707249776805,0.0,-0.0025,True,True,116,5.0,10,0.004,0.5,0.232,0.997262716293335,0.27295565605163574,0,False
214,23.034471824299544,23.020000000000003,0.09999999999999432,161,-1.7361229904494688,2.20822178275611,-2.718336443266505,3.267696887662107,0.5501453876495361,-0.007395233560958572,-0.8387675940583005,-0.007395233560958572,0.0,-0.0,False,False,116,5.0,10,0.024,0.5,0.232,0.9972981810569763,0.27593451738357544,0,False
215,23.134760484099388,23.119999999999997,0.09999999999999432,160,-1.7557780657247202,2.198721313920037,-2.6631959503799725,3.282485576172482,0.5526351928710938,-0.00952060626595656,-0.848288200324257,-0.007020606265956559,0.0,-0.0025,True,True,117,5.0,10,0.004,0.5,0.234,0.9745310544967651,-0.28567495942115784,0,False
216,23.23477064492181,23.220000000000006,0.10000000000000853,159,-1.775126233878941,2.188524990809438,-2.67645464780419,3.2968154372312286,0.5550477504730225,-0.006802787973304249,-0.8550909882975612,-0.006802787973304249,0.0,-0.0,False,False,117,5.0,10,0.024,0.5,0.234,0.9735421538352966,-0.2849385142326355,0,False
217,23.33451381791383,23.32,0.09999999999999432,159,-1.7946319048898458,2.179466464894886,-2.7328799637728993,3.311780080404767,0.5575671792030334,-0.009604136892074039,-0.8646951251896353,-0.007104136892074038,0.0,-0.0025,True,True,118,5.0,10,0.004,0.5,0.236,0.9926180243492126,0.22045090794563293,0,False
218,23.43482142686844,23.42000000000001,0.10000000000000853,160,-1.8144494866929186,2.1710982752453893,-2.7235787832698546,3.3273511830108986,0.5601887106895447,-0.007392040237223619,-0.8720871654268589,-0.007392040237223619,0.0,-0.0,False,False,118,5.0,10,0.024,0.5,0.236,0.9924981594085693,0.22292903065681458,0,False
219,23.534558861050755,23.520000000000003,0.09999999999999432,158,-1.8341233893713966,2.1618192857964424,-2.681250490909966,3.3425370971391195,0.5627453923225403,-0.009709180435984526,-0.8817963458628435,-0.007209180435984526,0.0,-0.0025,True,True,119,5.0,10,0.004,0.5,0.238,0.9990955591201782,0.2524835169315338,0,False
220,23.634820490144193,23.619999999999997,0.09999999999999432,160,-1.853457242995193,2.1515761328554,-2.629269898930194,3.3571445204834194,0.5652046799659729,-0.00693455459478537,-0.8887309004576289,-0.00693455459478537,0.0,-0.0,False,False,119,5.0,10,0.024,0.5,0.238,0.9990328550338745,0.2545381486415863,0,False
221,23.734768002294004,23.720000000000006,0.10000000000000853,159,-1.872249729580942,2.1403716443334453,-2.5779200530858994,3.370996436280052,0.5675367712974548,-0.009075893918457697,-0.8978067943760866,-0.006575893918457697,0.0,-0.0025,True,True,120,5.0,10,0.004,0.5,0.24,0.9997225999832153,0.12611448764801025,0,False
222,23.83476171316579,23.82,0.09999999999999432,159,-1.8905790126534336,2.128486414950289,-2.556435165707832,3.3842687991921814,0.5697712898254395,-0.006300763868247926,-0.9041075582443345,-0.006300763868247926,0.0,-0.0,False,False,120,5.0,10,0.024,0.5,0.24,0.9997106790542603,0.13036909699440002,0,False
223,23.934923604130745,23.92000000000001,0.10000000000000853,159,-1.908684493094844,2.1160910747595842,-2.5292463904952167,3.397251208645295,0.571956992149353,-0.008663114808307726,-0.9127706730526423,-0.006163114808307726,0.0,-0.0025,True,True,121,5.0,10,0.004,0.5,0.242,0.9997993111610413,0.10691705346107483,0,False
224,24.034857634920627,24.020000000000003,0.09999999999999432,157,-1.9264998316297557,2.1032626761326125,-2.5071061006079947,3.409910385487809,0.5740882754325867,-0.006009667199363392,-0.9187803402520056,-0.006009667199363392,0.0,-0.0,False,False,121,5.0,10,0.024,0.5,0.242,0.9997904896736145,0.11121358722448349,0,False
225,24.135071725118905,24.119999999999997,0.09999999999999432,161,-1.9440308352032674,2.0900514831311447,-2.4842843721069725,3.4222725282007573,0.5761695504188538,-0.008368656746018246,-0.9271489969980239,-0.005868656746018246,0.0,-0.0025,True,True,122,5.0,10,0.004,0.5,0.244,0.9999558329582214,0.037343014031648636,0,False
226,24.234770579263568,24.220000000000006,0.10000000000000853,159,-1.961375779906189,2.076541061831265,-2.4774697663830834,3.4344594243175974,0.578221321105957,-0.005785462259241177,-0.932934459257265,-0.005785462259241177,0.0,-0.0,False,False,122,5.0,10,0.024,0.5,0.244,0.9999549388885498,0.03898463398218155,0,False
227,24.334980509243906,24.32,0.09999999999999432,161,-1.9786185227984683,2.0629054939941778,-2.4688469818718497,3.4466080848134686,0.5802666544914246,-0.008267310734853537,-0.9412017699921186,-0.005767310734853538,0.0,-0.0025,True,True,123,5.0,10,0.004,0.5,0.246,0.999980092048645,0.16164132952690125,0,False
228,24.43491999991238,24.42000000000001,0.10000000000000853,160,-1.9955652851286225,2.0489803369959576,-2.4347127628944167,3.4584837854596437,0.5822660326957703,-0.005637729019085717,-0.9468394990112043,-0.005637729019085717,0.0,-0.0,False,False,123,5.0,10,0.024,0.5,0.246,0.9999763369560242,0.16328203678131104,0,False
229,24.535586766898632,24.520000000000003,0.10099999999999909,162,-2.0120468742551036,2.034499066097267,-2.403296666854545,3.4698475536250664,0.5841792225837708,-0.00789470027589483,-0.9547341992870991,-0.00539470027589483,0.0,-0.0025,True,True,124,5.0,10,0.004,0.5,0.248,0.9999641180038452,0.19757747650146484,0,False
230,24.63566966727376,24.619999999999997,0.09999999999999432,158,-2.027986009962177,2.0194453927553417,-2.3641153818721063,3.480626458403073,0.5859939455986023,-0.005117049180630927,-0.9598512484677301,-0.005117049180630927,0.0,-0.0,False,False,124,5.0,10,0.024,0.5,0.248,0.9999608397483826,0.2015949785709381,0,False
231,24.736642631236464,24.720000000000006,0.10099999999999909,161,-2.0433073774691115,2.003765541082988,-2.324184944856034,3.4907376559482306,0.5876962542533875,-0.007300069782527207,-0.9671513182502572,-0.004800069782527208,0.0,-0.0025,True,True,125,5.0,10,0.004,0.5,0.25,0.9999757409095764,0.14493830502033234,0,False
232,24.836978760082275,24.82,0.09999999999999432,161,-2.05808147693447,1.9875381495942177,-2.2958532839450463,3.500277443380017,0.5893023610115051,-0.004528805334732999,-0.9716801235849902,-0.004528805334732999,0.0,-0.0,False,False,125,5.0,10,0.024,0.5,0.25,0.9999760985374451,0.15070970356464386,0,False
233,24.936753703281283,24.92000000000001,0.10000000000000853,157,-2.072369444860297,1.9708877992209384,-2.264923133232176,3.509344596052602,0.5908288955688477,-0.006804432324940579,-0.9784845559099308,-0.004304432324940578,0.0,-0.0025,True,True,126,5.0,10,0.004,0.5,0.252,0.9999974370002747,0.17279420793056488,0,False
234,25.03792087500915,25.020000000000003,0.10099999999999909,159,-2.086109145707126,1.9537923219267237,-2.2296765026182968,3.5178764500316198,0.5922653079032898,-0.004050310983512567,-0.9825348668934434,-0.004050310983512567,0.0,-0.0,False,False,126,5.0,10,0.024,0.5,0.252,0.9999974370002747,0.17909790575504303,0,False
235,25.138236063998193,25.119999999999997,0.09999999999999432,159,-2.099234903234408,1.936222250167668,-2.1938667904034075,3.525806447013902,0.5936003923416138,-0.006264592544076497,-0.9887994594375199,-0.0037645925440764963,0.0,-0.0025,True,True,127,5.0,10,0.004,0.5,0.254,0.9996196627616882,0.2406155914068222,0,False
236,25.238026347011328,25.220000000000006,0.10000000000000853,159,-2.111600682064503,1.9181499129429702,-2.145243939489518,3.5329901413202323,0.5948098301887512,-0.003410301679175634,-0.9922097611166956,-0.003410301679175634,0.0,-0.0,False,False,127,5.0,10,0.024,0.5,0.254,0.9995788335800171,0.24310630559921265,0,False
237,25.338526354171336,25.32,0.09999999999999432,160,-2.1230743368870315,1.8994978115430112,-2.097274602001416,3.539284503405504,0.5958695411682129,-0.005488110667491222,-0.9976978717841868,-0.002988110667491222,0.0,-0.0025,True,True,128,5.0,10,0.004,0.5,0.256,0.9909985065460205,0.2711145579814911,0,False
238,25.438626024872065,25.42000000000001,0.10000000000000853,160,-2.1334799185689906,1.880464816107227,-2.043141378721528,3.544573764306227,0.5967600345611572,-0.0025109608736328536,-1.0002088326578196,-0.0025109608736328536,0.0,-0.0,False,False,128,5.0,10,0.024,0.5,0.256,0.9895307421684265,0.27292048931121826,0,False
239,25.539384790230542,25.520000000000003,0.10099999999999909,161,-2.142819855883627,1.860923751510195,-1.9889252134296727,3.5488306634407847,0.5974767208099365,-0.004520869715164681,-1.0047297023729842,-0.002020869715164681,0.0,-0.0025,True,True,129,5.0,10,0.004,0.5,0.258,0.9981400966644287,0.27017325162887573,0,False
240,25.63939662091434,25.619999999999997,0.09999999999999432,160,-2.1511603855167505,1.840724512378926,-1.9351155734856165,3.552087417860179,0.5980250239372253,-0.0015460728966900283,-1.0062757752696743,-0.0015460728966900283,0.0,-0.0,False,False,129,5.0,10,0.024,0.5,0.258,0.9976577162742615,0.27274659276008606,0,False
241,25.739496182184666,25.720000000000006,0.09999999999999432,154,-2.15839125271731,1.8201152633828415,-1.880549084988489,3.554301543541111,0.5983977913856506,-0.0035511077177844304,-1.0098268829874586,-0.0010511077177844303,0.0,-0.0025,True,True,130,5.0,10,0.004,0.5,0.26,0.9997071623802185,0.28238818049430847,0,False
242,25.839676642324775,25.82,0.10000000000000853,161,-2.164481972010439,1.7990949019095386,-1.8240874235627036,3.555444717801381,0.5985902547836304,-0.0005426969652584132,-1.010369579952717,-0.0005426969652584132,0.0,-0.0,False,False,130,5.0,10,0.024,0.5,0.26,0.999650776386261,0.2821847200393677,0,False
243,25.939517304301262,25.92000000000001,0.09999999999999432,159,-2.1693794587796797,1.7777655205189127,-1.7678910856944108,3.5554903881264277,0.5985979437828064,-0.0025216809874632133,-1.0128912609401803,-2.1680987463213326e-05,0.0,-0.0025,True,True,131,5.0,10,0.004,0.5,0.262,0.9973388314247131,0.32714980840682983,0,False
244,26.039757264312357,26.020000000000003,0.10000000000000853,160,-2.172971740087642,1.756249186507188,-1.702167027913644,3.5543557106708175,0.5984069108963013,0.0005386632931722241,-1.012352597647008,0.0005386632931722241,0.0,-0.0,False,False,131,5.0,10,0.024,0.5,0.262,0.9970945715904236,0.3269260823726654,0,False
245,26.13922590902075,26.119999999999997,0.09999999999999432,159,-2.1751495988681184,1.7345475153849055,-1.6374826800250406,3.5519327052086656,0.5979989767074585,-0.0013497311767641607,-1.013702328823772,0.0011502688232358394,0.0,-0.0025,True,True,132,5.0,10,0.004,0.5,0.264,0.996658980846405,0.30094778537750244,0,False
246,26.23962504696101,26.220000000000006,0.09999999999999432,161,-2.1759574841153424,1.7127504265876656,-1.5780700095569993,3.548280495339063,0.5973840951919556,0.0017338067183665477,-1.0119685221054056,0.0017338067183665477,0.0,-0.0,False,False,132,5.0,10,0.024,0.5,0.264,0.9964810013771057,0.3013634979724884,0,False
247,26.33943624002859,26.32,0.10000000000000853,159,-2.1754584141462807,1.6909498429101792,-1.5177090013082668,3.543476260371003,0.5965752601623535,-0.00021929457461843408,-1.012187816680024,0.002280705425381566,0.0,-0.0025,True,True,133,5.0,10,0.004,0.5,0.266,0.9912735819816589,0.28987768292427063,0,False
248,26.439865448046476,26.42000000000001,0.09999999999999432,159,-2.1736835122627123,1.6693226569867188,-1.4599942635822367,3.537579831970632,0.5955825448036194,0.0027992003581228447,-1.0093886163219012,0.0027992003581228447,0.0,-0.0,False,False,133,5.0,10,0.024,0.5,0.266,0.9916943907737732,0.28612977266311646,0,False
249,26.539732879959047,26.520000000000003,0.10000000000000853,158,-2.170674174012687,1.6478220989032835,-1.4029350377513645,3.5306163465184017,0.5944101810455322,0.0008057623442759725,-1.0085828539776254,0.0033057623442759726,0.0,-0.0025,True,True,134,5.0,10,0.004,0.5,0.268,0.9518998861312866,0.4425692856311798,0,False
250,26.639795271214098,26.619999999999997,0.09999999999999432,160,-2.1664424888441056,1.6271339007529955,-1.321963517173887,3.5227150262518463,0.5930799245834351,0.0037509789007856608,-1.0048318750768397,0.0037509789007856608,0.0,-0.0,False,False,134,5.0,10,0.024,0.5,0.268,0.9515600204467773,0.43716585636138916,0,False
251,26.739795771893114,26.720000000000006,0.09999999999999432,160,-2.160492296169537,1.6072348613908114,-1.237522477862589,3.513366062891378,0.5915059447288513,0.0019382157824647931,-1.002893659294375,0.004438215782464793,0.0,-0.0025,True,True,135,5.0,10,0.004,0.5,0.27,0.9831993579864502,0.48047417402267456,0,False
252,26.839519415982068,26.82,0.10000000000000853,160,-2.1525129521396766,1.5873467310816265,-1.140555176950816,3.502116647555335,0.5896120071411133,0.005340413772401905,-0.997553245521973,0.005340413772401905,0.0,-0.0,False,False,135,5.0,10,0.024,0.5,0.27,0.9801366329193115,0.4752330482006073,0,False
253,26.93953483691439,26.92000000000001,0.09999999999999432,159,-2.1427133443786834,1.568364217660695,-1.045987685851058,3.4893140871341872,0.5874565839767456,0.003577735415817358,-0.9939755101061556,0.006077735415817358,0.0,-0.0025,True,True,136,5.0,10,0.004,0.5,0.272,0.9988277554512024,0.37113407254219055,0,False
254,27.039885396137834,27.020000000000003,0.10000000000000853,160,-2.131049331319467,1.5498773424447931,-0.9727556763903547,3.474833053759202,0.5850185751914978,0.006874553722503783,-0.9871009563836518,0.006874553722503783,0.0,-0.0,False,False,136,5.0,10,0.024,0.5,0.272,0.9986913800239563,0.3619163930416107,0,False
255,27.139987726230174,27.119999999999997,0.09999999999999432,159,-2.1180990073506964,1.5323027078537241,-0.8998911263234612,3.4592987706399296,0.5824032425880432,0.004874560991516801,-0.982226395392135,0.007374560991516801,0.0,-0.0025,True,True,137,5.0,10,0.004,0.5,0.274,0.9991390705108643,0.48221829533576965,0,False
256,27.23998941713944,27.220000000000006,0.09999999999999432,160,-2.103737450302488,1.5158918149139062,-0.8001612825904673,3.442611400321617,0.5795937776565552,0.007921963907542644,-0.9743044314845923,0.007921963907542644,0.0,-0.0,False,False,137,5.0,10,0.024,0.5,0.274,0.998837947845459,0.4802704155445099,0,False
257,27.340212827082723,27.32,0.10000000000000853,158,-2.087875673614834,1.5009553291811157,-0.7055301951294499,3.4247128813057564,0.5765804052352905,0.005996930249490148,-0.9683075012351022,0.008496930249490149,0.0,-0.0025,True,True,138,5.0,10,0.004,0.5,0.276,0.9981112480163574,0.22947579622268677,0,False
258,27.43981999112293,27.42000000000001,0.09999999999999432,158,-2.0707472077702045,1.487279881671665,-0.6542402130887043,3.405785894892533,0.5733938813209534,0.008985172641585432,-0.9593223285935168,0.008985172641585432,0.0,-0.0,False,False,138,5.0,10,0.024,0.5,0.276,0.9980675578117371,0.2335137277841568,0,False
259,27.540034990292042,27.520000000000003,0.10000000000000853,159,-2.0530607255742064,1.4744273507745982,-0.6045129208868022,3.3864577884926614,0.5701398253440857,0.006675595577986077,-0.9526467330155308,0.009175595577986077,0.0,-0.0025,True,True,139,5.0,10,0.004,0.5,0.278,0.9595410823822021,0.31964626908302307,0,False
260,27.640287820249796,27.619999999999997,0.09999999999999432,160,-2.035379070040567,1.4630221118122535,-0.5379896327101698,3.3673644063215167,0.5669252872467041,0.009064165386606106,-0.9435825676289247,0.009064165386606106,0.0,-0.0,False,False,139,5.0,10,0.024,0.5,0.278,0.9613142609596252,0.3136831820011139,0,False
261,27.74036112986505,27.720000000000006,0.09999999999999432,160,-2.017011135827708,1.452765571752658,-0.47664407587583885,3.3477693586419166,0.5636262893676758,0.006802320109359567,-0.9367802475195651,0.009302320109359568,0.0,-0.0025,True,True,140,5.0,10,0.004,0.5,0.28,0.9880431890487671,0.003617851994931698,0,False
262,27.839887995272875,27.82,0.10000000000000853,158,-1.9977208712834316,1.44313899590873,-0.4663631177696727,3.327361449983196,0.5601904392242432,0.0096882080722687,-0.9270920394472965,0.0096882080722687,0.0,-0.0,False,False,140,5.0,10,0.024,0.5,0.28,0.9886724352836609,0.0027602356858551502,0,False
263,27.94021489424631,27.92000000000001,0.09999999999999432,159,-1.978268365010104,1.4334180855479806,-0.4622609307281306,3.3067952883376868,0.556727945804596,0.007263335214873179,-0.9198287042324232,0.00976333521487318,0.0,-0.0025,True,True,141,5.0,10,0.004,0.5,0.282,0.9910445809364319,0.09758243709802628,0,False
264,28.040395413991064,28.020000000000003,0.10000000000000853,158,-1.958727684107971,1.4238701121696373,-0.44162404880875694,3.2861788539312737,0.5532569885253906,0.009787201108049693,-0.9100415031243736,0.009787201108049693,0.0,-0.0,False,False,141,5.0,10,0.024,0.5,0.282,0.9915208220481873,0.09460757672786713,0,False
265,28.1403253050521,28.119999999999997,0.09999999999999432,158,-1.9389702178223118,1.4146990385251876,-0.4244226627689722,3.2654101851080393,0.5497604012489319,0.007359471066260051,-0.9026820320581136,0.009859471066260051,0.0,-0.0025,True,True,142,5.0,10,0.004,0.5,0.284,0.9942981600761414,-0.028093483299016953,0,False
266,28.24026722693816,28.220000000000006,0.09999999999999432,159,-1.9190615222444545,1.4056524346067016,-0.4323625120437248,3.244520082784875,0.5462433695793152,0.009917118963158134,-0.8927649130949554,0.009917118963158134,0.0,-0.0,False,False,142,5.0,10,0.024,0.5,0.284,0.9943795204162598,-0.027592746540904045,0,False
267,28.340540246106684,28.32,0.10000000000000853,160,-1.8991928231912112,1.3964764094091238,-0.4365938927353474,3.22366679994857,0.5427325367927551,0.007399639717451315,-0.8853652733775041,0.009899639717451315,0.0,-0.0025,True,True,143,5.0,10,0.004,0.5,0.286,0.9872952103614807,0.15898452699184418,0,False
268,28.440162669867277,28.42000000000001,0.09999999999999432,159,-1.879442672045465,1.387559444353119,-0.40385913290449804,3.2029763725349114,0.5392491221427917,0.009822327669133326,-0.8755429457083708,0.009822327669133326,0.0,-0.0,False,False,143,5.0,10,0.024,0.5,0.286,0.988544225692749,0.15725815296173096,0,False
269,28.540104452054948,28.520000000000003,0.10000000000000853,159,-1.859388722091514,1.3792814036337488,-0.37485203473105144,3.182073525004758,0.5357299447059631,0.0074231694712872075,-0.8681197762370836,0.009923169471287208,0.0,-0.0025,True,True,144,5.0,10,0.004,0.5,0.288,0.9956914782524109,0.16229639947414398,0,False
270,28.640214172191918,28.619999999999997,0.09999999999999432,160,-1.8389412268659622,1.3715984780906672,-0.34330770086324486,3.1608601900709936,0.5321584939956665,0.010070566572102469,-0.8580492096649811,0.010070566572102469,0.0,-0.0,False,False,144,5.0,10,0.024,0.5,0.288,0.995262086391449,0.16606014966964722,0,False
271,28.740463571157306,28.720000000000006,0.09999999999999432,159,-1.8182652935216117,1.3645938441877368,-0.31002627471395416,3.139507365927398,0.5285635590553284,0.007636786022183333,-0.8504124236427978,0.010136786022183333,0.0,-0.0025,True,True,145,5.0,10,0.004,0.5,0.29,0.9999915361404419,0.2048576921224594,0,False
272,28.840541072189808,28.82,0.10000000000000853,160,-1.7972600316485356,1.3583257366023587,-0.26848710904315237,3.1179187554544936,0.5249289274215698,0.010248720422574131,-0.8401637032202236,0.010248720422574131,0.0,-0.0,False,False,145,5.0,10,0.024,0.5,0.29,0.9999938011169434,0.2030210942029953,0,False
273,28.94062534207478,28.92000000000001,0.09999999999999432,159,-1.7760135878527885,1.3529207759165474,-0.2284449672883816,3.0961931340064495,0.5212712287902832,0.007813763384963559,-0.8323499398352601,0.01031376338496356,0.0,-0.0025,True,True,146,5.0,10,0.004,0.5,0.292,0.9999999403953552,0.1818581521511078,0,False
274,29.040363286156207,29.020000000000003,0.10000000000000853,158,-1.7545671121137285,1.3483354748292855,-0.19249255882454577,3.0743644888019057,0.5175961852073669,0.010362671659008022,-0.821987268176252,0.010362671659008022,0.0,-0.0,False,False,146,5.0,10,0.024,0.5,0.292,0.9999999403953552,0.18633219599723816,0,False
275,29.140758564230055,29.119999999999997,0.09999999999999432,156,-1.7329688272088932,1.3445405865241766,-0.15550855527738544,3.052475657897688,0.5139110088348389,0.007891243502951756,-0.8140960246733002,0.010391243502951756,0.0,-0.0025,True,True,147,5.0,10,0.004,0.5,0.294,0.9988238215446472,0.21108081936836243,0,False
276,29.24039354827255,29.220000000000006,0.09999999999999432,157,-1.7112763601237269,1.341590451094214,-0.11312664631574226,3.0305889511946353,0.5102261900901794,0.010390235084930314,-0.8037057895883699,0.010390235084930314,0.0,-0.0,False,False,147,5.0,10,0.024,0.5,0.294,0.9985910058021545,0.20678912103176117,0,False
277,29.340437308885157,29.32,0.10000000000000853,160,-1.6894816348649193,1.3395467266677372,-0.07243351178629737,3.0087029525586377,0.5065414905548096,0.007889898945589693,-0.7958158906427802,0.010389898945589693,0.0,-0.0025,True,True,148,5.0,10,0.004,0.5,0.296,0.9929531216621399,0.03664768487215042,0,False
278,29.440487649291754,29.42000000000001,0.09999999999999432,160,-1.6677201991725135,1.3380769438732845,-0.06764279736307835,2.9869146671762277,0.5028732419013977,0.010343511716598941,-0.7854723789261813,0.010343511716598941,0.0,-0.0,False,False,148,5.0,10,0.024,0.5,0.296,0.9929976463317871,0.03441925719380379,0,False
279,29.540566500276327,29.520000000000003,0.10000000000000853,160,-1.6459313609998882,1.3367364755549571,-0.05923923322381096,2.965114344653883,0.4992029666900635,0.007849226085387602,-0.7776231528407936,0.010349226085387603,0.0,-0.0025,True,True,149,5.0,10,0.004,0.5,0.298,0.9973801970481873,0.11653272807598114,0,False
280,29.64074178924784,29.619999999999997,0.09999999999999432,160,-1.6240876289445763,1.3356977999570225,-0.03381803402795878,2.9432943732707626,0.4955293834209442,0.010358553952086836,-0.7672645988887068,0.010358553952086836,0.0,-0.0,False,False,149,5.0,10,0.024,0.5,0.298,0.9972817897796631,0.10275514423847198,0,False
281,29.740615722257644,29.720000000000006,0.09999999999999432,160,-1.602191403586617,1.3351380455232968,-0.014576571762818492,2.9214777652061534,0.4918563663959503,0.00785695729021936,-0.7594076415984874,0.01035695729021936,0.0,-0.0025,True,True,150,5.0,10,0.004,0.5,0.3,0.9638899564743042,0.18165063858032227,0,False
282,29.840504904277623,29.82,0.10000000000000853,158,-1.581077853436886,1.3351988347737913,0.022387314611378994,2.900511722691342,0.4883265495300293,0.009953169907428212,-0.7494544716910592,0.009953169907428212,0.0,-0.0,False,False,150,5.0,10,0.024,0.5,0.3,0.9623748660087585,0.15789665281772614,0,False
283,29.940834011882544,29.92000000000001,0.09999999999999432,160,-1.5599555419935995,1.3359695315643432,0.052261496614869736,2.879621797384942,0.484809547662735,0.007417034928322927,-0.7420374367627363,0.009917034928322927,0.0,-0.0025,True,True,151,5.0,10,0.004,0.5,0.302,0.9997209906578064,-0.21918217837810516,0,False
284,30.04061698494479,30.020000000000003,0.10000000000000853,159,-1.5384613941946745,1.3370705565633718,0.028830851867350876,2.8584050991326673,0.481237530708313,0.010072163233969523,-0.7319652735287667,0.010072163233969523,0.0,-0.0,False,False,151,5.0,10,0.024,0.5,0.302,0.999661922454834,-0.21149414777755737,0,False
285,30.14083733409643,30.119999999999997,0.09999999999999432,160,-1.5163989456314462,1.3372582925917698,-0.009992923524822714,2.836520162597252,0.47755300998687744,0.007889394736579076,-0.7240758787921876,0.010389394736579077,0.0,-0.0025,True,True,152,5.0,10,0.004,0.5,0.304,0.9992743134498596,-0.0960092693567276,0,False
286,30.241104813292623,30.220000000000006,0.09999999999999432,160,-1.4943863139059892,1.3367447466077935,-0.028986705718395712,2.8146033630443625,0.4738631248474121,0.01040452100690197,-0.7136713577852857,0.01040452100690197,0.0,-0.0,False,False,152,5.0,10,0.024,0.5,0.304,0.9991766214370728,-0.08071691542863846,0,False
287,30.341048925183713,30.32,0.10000000000000853,159,-1.4723889029194022,1.3358878907385237,-0.04663133440272984,2.7926619581613124,0.4701690971851349,0.007916201848984918,-0.7057551559363008,0.010416201848984919,0.0,-0.0025,True,True,153,5.0,10,0.004,0.5,0.306,0.9976886510848999,-0.018702557310461998,0,False
288,30.440902517177165,30.42000000000001,0.09999999999999432,158,-1.4504582680582012,1.3348191436040393,-0.05001238707986397,2.77076250625127,0.46648213267326355,0.010396285593059386,-0.6953588703432414,0.010396285593059386,0.0,-0.0,False,False,153,5.0,10,0.024,0.5,0.306,0.9977271556854248,-0.017075898125767708,0,False
289,30.54088849807158,30.520000000000003,0.10000000000000853,159,-1.4285300015647031,1.3336778007659784,-0.05365408007908929,2.748857389804788,0.4627942144870758,0.007898974707783512,-0.6874598956354578,0.010398974707783512,0.0,-0.0025,True,True,154,5.0,10,0.004,0.5,0.308,0.9923850297927856,0.09071966260671616,0,False
290,30.641148956958205,30.619999999999997,0.09999999999999432,160,-1.4067437411684172,1.3325844258996327,-0.03908592212636743,2.7270999053392697,0.4591311514377594,0.010328889655286664,-0.6771310059801712,0.010328889655286664,0.0,-0.0,False,False,154,5.0,10,0.024,0.5,0.308,0.9928829073905945,0.08335097134113312,0,False
291,30.74130174703896,30.720000000000006,0.09999999999999432,159,-1.3849386884731623,1.331886573126857,-0.02461691367939649,2.705373221790643,0.45547327399253845,0.007814267593974387,-0.6693167383861968,0.010314267593974387,0.0,-0.0025,True,True,155,5.0,10,0.004,0.5,0.31,0.9997228384017944,-0.1272755265235901,0,False
292,30.84142170706764,30.82,0.10000000000000853,159,-1.36294637451998,1.3311949667567233,-0.04927932496630988,2.6834629718580123,0.45178449153900146,0.010401411718002226,-0.6589153266681945,0.010401411718002226,0.0,-0.0,False,False,155,5.0,10,0.024,0.5,0.31,0.9996438026428223,-0.11241607367992401,0,False
293,30.94097426207736,30.92000000000001,0.09999999999999432,159,-1.3409516926000176,1.3299459544598435,-0.0681509306653272,2.6614826232869384,0.44808390736579895,0.007934689512712968,-0.6509806371554816,0.010434689512712968,0.0,-0.0025,True,True,156,5.0,10,0.004,0.5,0.312,0.9998494386672974,0.013968244194984436,0,False
294,31.041492489166558,31.020000000000003,0.10000000000000853,161,-1.3190111275729484,1.3284338384422316,-0.06398059805889765,2.6395242247945685,0.4443870186805725,0.010424269193157297,-0.6405563679623243,0.010424269193157297,0.0,-0.0,False,False,156,5.0,10,0.024,0.5,0.312,0.9998528361320496,0.012640384025871754,0,False
295,31.141212361864746,31.119999999999997,0.09999999999999432,158,-1.2970634410889113,1.3269997596929697,-0.06310710226521395,2.6175690126039464,0.44069066643714905,0.007922756566124817,-0.6326336113961994,0.010422756566124817,0.0,-0.0025,True,True,157,5.0,10,0.004,0.5,0.314,0.9995690584182739,0.03475319221615791,0,False
296,31.241464351303875,31.220000000000006,0.09999999999999432,160,-1.2751254107477776,1.325671634893202,-0.05674530813440578,2.595637343642902,0.43699827790260315,0.010411579933052906,-0.6222220314631466,0.010411579933052906,0.0,-0.0,False,False,157,5.0,10,0.024,0.5,0.314,0.9996018409729004,0.031838275492191315,0,False
297,31.34149160189554,31.32,0.10000000000000853,159,-1.2531781640071202,1.3244910342361589,-0.05068006153482569,2.5737157646373916,0.43330758810043335,0.007906789947450477,-0.614315241515696,0.010406789947450477,0.0,-0.0025,True,True,158,5.0,10,0.004,0.5,0.316,0.9999336004257202,0.0353989452123642,0,False
298,31.441699570976198,31.42000000000001,0.09999999999999432,158,-1.2312181905140285,1.3234531669293064,-0.04362607141239836,2.5518009122689036,0.4296180307865143,0.010403596623715525,-0.6039116448919806,0.010403596623715525,0.0,-0.0,False,False,158,5.0,10,0.024,0.5,0.316,0.9999383687973022,0.03202955424785614,0,False
299,31.541506913956255,31.520000000000003,0.10000000000000853,159,-1.209249247098268,1.3225606878907674,-0.03738090554867954,2.52989668090624,0.4259302616119385,0.007898554533607894,-0.5960130903583727,0.010398554533607895,0.0,-0.0025,True,True,159,5.0,10,0.004,0.5,0.318,0.9994069933891296,0.02669428661465645,0,False
300,31.641760053113103,31.619999999999997,0.09999999999999432,159,-1.1872843099512558,1.3217954668430294,-0.03230782861041404,2.5080142226055173,0.42224615812301636,0.01038821824888722,-0.5856248721094854,0.01038821824888722,0.0,-0.0,False,False,159,5.0,10,0.024,0.5,0.318,0.9994340538978577,0.021099498495459557,0,False
301,31.741650795098394,31.720000000000006,0.09999999999999432,159,-1.165313881963406,1.3211297102395543,-0.028268806432455367,2.4861409691765095,0.4185636043548584,0.007883848437460409,-0.5777410236720251,0.01038384843746041,0.0,-0.0025,True,True,160,5.0,10,0.004,0.5,0.32,0.9954657554626465,-0.040748804807662964,0,False
302,31.841416507959366,31.82,0.10000000000000853,157,-1.1434054252691344,1.3204059761908546,-0.0383120538244225,2.464323476028081,0.41489043831825256,0.01035737746439519,-0.5673836462076298,0.01035737746439519,0.0,-0.0,False,False,160,5.0,10,0.024,0.5,0.32,0.99530029296875,-0.03536559268832207,0,False
303,31.941396829206496,31.92000000000001,0.09999999999999432,158,-1.1215156319528226,1.3195149229265604,-0.04482487166389397,2.4425043897287795,0.41121700406074524,0.007858133777911218,-0.5595255124297186,0.010358133777911218,0.0,-0.0025,True,True,161,5.0,10,0.004,0.5,0.322,0.9991505146026611,0.11031333357095718,0,False
304,32.041449319105595,32.02,0.10000000000000853,159,-1.0996050725753022,1.318704908975687,-0.02277678669907684,2.420676983641582,0.4075421690940857,0.010362083415162199,-0.5491634290145564,0.010362083415162199,0.0,-0.0,False,False,161,5.0,10,0.024,0.5,0.322,0.9993039965629578,0.0934838056564331,0,False
305,32.141454690136015,32.12,0.09999999999999432,159,-1.0776536867806858,1.3183549779257855,-0.006482363680165617,2.39887205868338,0.4038711190223694,0.007851410991100902,-0.5413120180234555,0.010351410991100903,0.0,-0.0025,True,True,162,5.0,10,0.004,0.5,0.324,0.9791905879974365,0.2723662555217743,0,False
306,32.2417302490212,32.220000000000006,0.09999999999999432,158,-1.0561427293130499,1.3187242609704508,0.04829394090653748,2.377602432418745,0.40029019117355347,0.010097289649673102,-0.5312147283737825,0.010097289649673102,0.0,-0.0,False,False,162,5.0,10,0.024,0.5,0.324,0.976504385471344,0.26288411021232605,0,False
307,32.34200262790546,32.32,0.10000000000000853,161,-1.0348176127501423,1.3202482366611457,0.09835851455096421,2.3566781658601776,0.39676740765571594,0.0074333376863378875,-0.5237813906874446,0.009933337686337888,0.0,-0.0025,True,True,163,5.0,10,0.004,0.5,0.326,0.9991741180419922,0.11369909346103668,0,False
308,32.44185711024329,32.42000000000001,0.09999999999999432,157,-1.0130661647857846,1.322694377663194,0.11864518255119297,2.3354671321443425,0.39319634437561035,0.010069474119245608,-0.5137119165681989,0.010069474119245608,0.0,-0.0,False,False,163,5.0,10,0.024,0.5,0.326,0.9991963505744934,0.09148769080638885,0,False
309,32.54160269303247,32.52,0.10000000000000853,157,-0.9913067876647585,1.3255416833316482,0.13794980301315207,2.314317169212,0.3896355628967285,0.007540482101126256,-0.5061714344670727,0.010040482101126257,0.0,-0.0025,True,True,164,5.0,10,0.004,0.5,0.328,0.9923049807548523,0.10192691534757614,0,False
310,32.6426110859029,32.62,0.10099999999999909,160,-0.9697573502947389,1.3287492232581282,0.15888310940922365,2.293441582263463,0.3861209750175476,0.009910228106677615,-0.49626120636039506,0.009910228106677615,0.0,-0.0,False,False,164,5.0,10,0.024,0.5,0.328,0.9915051460266113,0.08676548302173615,0,False
311,32.74251554813236,32.720000000000006,0.09999999999999432,158,-0.9482750074591528,1.3323571712707498,0.17512713304688604,2.2727079627594504,0.38263028860092163,0.007342832168904469,-0.4889183741914906,0.00984283216890447,0.0,-0.0025,True,True,165,5.0,10,0.004,0.5,0.33,0.9996170401573181,0.02062690071761608,0,False
312,32.84361169999465,32.82,0.10099999999999909,161,-0.9266059064306831,1.3362638850197133,0.17907253017997946,2.2518541488728543,0.3791193664073944,0.00989989182195673,-0.47901848236953387,0.00989989182195673,0.0,-0.0,False,False,165,5.0,10,0.024,0.5,0.33,0.999620795249939,0.014978562481701374,0,False
313,32.94463834306225,32.92000000000001,0.10099999999999909,162,-0.9049811843574089,1.3402288358942698,0.18256310212734006,2.231075390094086,0.37562108039855957,0.00736426105186248,-0.4716542213176714,0.00986426105186248,0.0,-0.0025,True,True,166,5.0,10,0.004,0.5,0.332,0.9968203902244568,0.017017778009176254,0,False
314,33.04492884222418,33.02,0.10000000000000853,160,-0.8834289636701276,1.344243172603935,0.18602482522535524,2.210399301038291,0.3721400797367096,0.009815520847487802,-0.46183870047018355,0.009815520847487802,0.0,-0.0,False,False,166,5.0,10,0.024,0.5,0.332,0.9967057108879089,0.008978732861578465,0,False
315,33.145139621105045,33.12,0.09999999999999432,158,-0.8618853689825624,1.3483112563071353,0.18737111941174855,2.1897646339052117,0.36866605281829834,0.007295856696068104,-0.45454284377411547,0.009795856696068105,0.0,-0.0025,True,True,167,5.0,10,0.004,0.5,0.334,0.9998533725738525,0.03541398420929909,0,False
316,33.24525018129498,33.220000000000006,0.09999999999999432,161,-0.8402996670210523,1.352473628903469,0.1944569615274985,2.1691289046715503,0.36519184708595276,0.00979636090507872,-0.44474648286903673,0.00979636090507872,0.0,-0.0,False,False,167,5.0,10,0.024,0.5,0.334,0.999845564365387,0.026420023292303085,0,False
317,33.344978804234415,33.32,0.10000000000000853,159,-0.8187348748605617,1.3567684049300057,0.1990671876791697,2.1485625660092773,0.36172932386398315,0.007263419249708386,-0.4374830636193283,0.009763419249708387,0.0,-0.0025,True,True,168,5.0,10,0.004,0.5,0.336,0.9985326528549194,0.009075630456209183,0,False
318,33.444880926050246,33.42000000000001,0.09999999999999432,159,-0.7972074370652275,1.3611333420635265,0.2003184633757359,2.1280734066559974,0.3582797944545746,0.009726780061592487,-0.4277562835577358,0.009726780061592487,0.0,-0.0,False,False,168,5.0,10,0.024,0.5,0.336,0.9984939694404602,0.0024778046645224094,0,False
319,33.54528544424102,33.52,0.10000000000000853,160,-0.7756831005146854,1.3655161274067802,0.20068879776947635,2.1076200046889944,0.35483628511428833,0.0072098050248964925,-0.42054647853283933,0.009709805024896493,0.0,-0.0025,True,True,169,5.0,10,0.004,0.5,0.338,0.9987025260925293,0.07468437403440475,0,False
320,33.645323073957115,33.62,0.09999999999999432,158,-0.7541874422091877,1.370085287233128,0.2183279895915469,2.0872588284559024,0.35140830278396606,0.00966602287579487,-0.41088045565704445,0.00966602287579487,0.0,-0.0,False,False,169,5.0,10,0.024,0.5,0.338,0.9985781908035278,0.06086438149213791,0,False
321,33.74533811490983,33.720000000000006,0.09999999999999432,160,-0.7327829456973727,1.3749348610562364,0.22960191033586969,2.067070951634518,0.34800949692726135,0.0070837527722040355,-0.40379670288484043,0.009583752772204036,0.0,-0.0025,True,True,170,5.0,10,0.004,0.5,0.34,0.9998021125793457,-0.028554245829582214,0,False
322,33.84554176405072,33.82,0.10000000000000853,159,-0.7113174531652654,1.3799515193088152,0.2249275096971752,2.0468905095172105,0.3446119427680969,0.009580223309128883,-0.39421647957571154,0.009580223309128883,0.0,-0.0,False,False,170,5.0,10,0.024,0.5,0.34,0.9998050332069397,-0.02913098782300949,0,False
323,33.94532656716183,33.92000000000001,0.09999999999999432,161,-0.6898589716666731,1.38482417532413,0.22029007325903682,2.0267284771433327,0.3412174880504608,0.007071483686275474,-0.38714499588943607,0.009571483686275474,0.0,-0.0025,True,True,171,5.0,10,0.004,0.5,0.342,0.9989199638366699,-0.02794385515153408,0,False
324,34.045301208272576,34.02,0.10000000000000853,160,-0.6683901949412135,1.389567957332934,0.2149393784942414,2.00656998510473,0.33782362937927246,0.009569802989572789,-0.3775751928998633,0.009569802989572789,0.0,-0.0,False,False,171,5.0,10,0.024,0.5,0.342,0.9989367723464966,-0.029130976647138596,0,False
325,34.145526276901364,34.12,0.09999999999999432,161,-0.646893644961948,1.3941902877292056,0.20893692573140388,1.9863989248759013,0.3344276547431946,0.0070757694628669696,-0.3704994234369963,0.00957576946286697,0.0,-0.0025,True,True,172,5.0,10,0.004,0.5,0.344,0.9997516870498657,-0.015065688639879227,0,False
326,34.24554175790399,34.220000000000006,0.09999999999999432,160,-0.6253644473526722,1.3987168673893553,0.20599133944212655,1.9662154734736104,0.33102959394454956,0.009581651901325943,-0.3609177715356704,0.009581651901325943,0.0,-0.0,False,False,172,5.0,10,0.024,0.5,0.344,0.9997547268867493,-0.015925763174891472,0,False
327,34.34575482690707,34.32,0.10000000000000853,159,-0.6038206720851125,1.4031781961510694,0.20262212142108446,1.9460437051777266,0.32763350009918213,0.007076105602207486,-0.3538416659334629,0.009576105602207487,0.0,-0.0025,True,True,173,5.0,10,0.004,0.5,0.346,0.9997301697731018,-0.02880946733057499,0,False
328,34.445675229188055,34.42000000000001,0.09999999999999432,160,-0.5822533224835817,1.4075471776269186,0.1966399643430237,1.9258692816303866,0.3242369592189789,0.009577366124734447,-0.34426429980872847,0.009577366124734447,0.0,-0.0,False,False,173,5.0,10,0.024,0.5,0.346,0.9997358918190002,-0.029146669432520866,0,False
329,34.545587100088596,34.52,0.10000000000000853,159,-0.5606610339719446,1.4117893498895782,0.19094645891851184,1.905683529010167,0.3208385109901428,0.007082744354182593,-0.33718155545454587,0.009582744354182594,0.0,-0.0025,True,True,174,5.0,10,0.004,0.5,0.348,0.9896937012672424,-0.041313186287879944,0,False
330,34.64539501303807,34.62,0.09999999999999432,160,-0.5392507318855656,1.4158414652515545,0.18262863064890988,1.8856742621034017,0.3174697756767273,0.009498961623559806,-0.3276825938309861,0.009498961623559806,0.0,-0.0,False,False,174,5.0,10,0.024,0.5,0.348,0.9899998307228088,-0.04152146354317665,0,False
331,34.74575099116191,34.720000000000006,0.09999999999999432,160,-0.5178013867792838,1.4197161585382343,0.17446445833378224,1.8656267595756675,0.314094603061676,0.007017113147947446,-0.32066548068303863,0.009517113147947447,0.0,-0.0025,True,True,175,5.0,10,0.004,0.5,0.35,0.9902841448783875,-0.03561226278543472,0,False
332,34.845482184085995,34.82,0.10000000000000853,156,-0.4963189301359573,1.4234243408260305,0.1674576442699219,1.8455486331478053,0.3107142746448517,0.009531651174424621,-0.311133829508614,0.009531651174424621,0.0,-0.0,False,False,175,5.0,10,0.024,0.5,0.35,0.9905004501342773,-0.03684769570827484,0,False
333,34.9457242032513,34.92000000000001,0.09999999999999432,159,-0.4748046167855562,1.4269783457133947,0.15999685784755124,1.8254428921047987,0.30732929706573486,0.007044760608704629,-0.3040890688999094,0.00954476060870463,0.0,-0.0025,True,True,176,5.0,10,0.004,0.5,0.352,0.9856651425361633,-0.027640333399176598,0,False
334,35.0456785839051,35.02,0.10000000000000853,160,-0.4533757150151629,1.4303738124118879,0.15450741657265887,1.8054217650748625,0.30395856499671936,0.009504591957513367,-0.29458447694239603,0.009504591957513367,0.0,-0.0,False,False,176,5.0,10,0.024,0.5,0.352,0.9858918786048889,-0.029599690809845924,0,False
335,35.14594259299338,35.12,0.09999999999999432,159,-0.4319216029965239,1.4336478817017164,0.14843011496655106,1.7853859456535355,0.3005853593349457,0.007011566848828988,-0.28757291009356706,0.009511566848828989,0.0,-0.0025,True,True,177,5.0,10,0.004,0.5,0.354,0.9840183258056641,0.003061761846765876,0,False
336,35.24586746422574,35.220000000000006,0.09999999999999432,160,-0.41051293149130125,1.4368480105145407,0.14924692071121876,1.7654150913845033,0.2972230911254883,0.009480726064336854,-0.2780921840292302,0.009480726064336854,0.0,-0.0,False,False,177,5.0,10,0.024,0.5,0.354,0.9838230609893799,-0.003927393350750208,0,False
337,35.3469950160943,35.32,0.10099999999999909,161,-0.3891037129755819,1.4400463166167048,0.1478890853376534,1.7454833578202587,0.29386740922927856,0.006962154365773594,-0.2711300296634566,0.009462154365773594,0.0,-0.0025,True,True,178,5.0,10,0.004,0.5,0.356,0.981184720993042,-0.01891286112368107,0,False
338,35.44787238026038,35.42000000000001,0.1010000000000133,161,-0.36773909368323093,1.4431882068315636,0.14368527257423602,1.7256215458776938,0.290523499250412,0.00942896060589785,-0.26170106905755874,0.00942896060589785,0.0,-0.0,False,False,178,5.0,10,0.024,0.5,0.356,0.9813241362571716,-0.0215199813246727,0,False
339,35.54763001296669,35.52,0.09999999999999432,159,-0.34635840890937636,1.4462401467827484,0.13941441498431056,1.7057627432201126,0.287180095911026,0.006927532013700683,-0.2547735370438581,0.009427532013700684,0.0,-0.0025,True,True,179,5.0,10,0.004,0.5,0.358,0.967332124710083,-0.1484096497297287,0,False
340,35.647816942073405,35.62,0.09999999999999432,159,-0.3250697427924924,1.4489416766616279,0.108651883587831,1.6859419991667366,0.28384310007095337,0.009409464524148146,-0.24536407251970993,0.009409464524148146,0.0,-0.0,False,False,179,5.0,10,0.024,0.5,0.358,0.9698123931884766,-0.1384810209274292,0,False
341,35.748813305050135,35.720000000000006,0.10099999999999909,162,-0.30377890830636967,1.4510152431791565,0.0826626681298371,1.6659897316578975,0.2804839611053467,0.006971902406648446,-0.2383921701130615,0.009471902406648447,0.0,-0.0025,True,True,180,5.0,10,0.004,0.5,0.36,0.8864881992340088,-0.11951464414596558,0,False
342,35.849024863913655,35.82,0.10000000000000853,156,-0.284182463293573,1.4524055176254669,0.059503754226501664,1.6475146690425169,0.2773735225200653,0.008770631707502965,-0.22962153840555852,0.008770631707502965,0.0,-0.0,False,False,180,5.0,10,0.024,0.5,0.36,0.8855072855949402,-0.11163278669118881,0,False
343,35.949623059947044,35.92000000000001,0.10099999999999909,159,-0.2646868674453889,1.453345775621418,0.037301137761895545,1.6290387213433175,0.274262934923172,0.006271051881678584,-0.22335048652387993,0.008771051881678585,0.0,-0.0025,True,True,181,5.0,10,0.004,0.5,0.362,0.8939197659492493,-0.03906882554292679,0,False
344,36.050158626865596,36.02,0.09999999999999432,161,-0.24490784141142252,1.4539758405788505,0.029422305843136445,1.610228034943875,0.27109599113464355,0.008929961754906167,-0.21442052476897375,0.008929961754906167,0.0,-0.0,False,False,181,5.0,10,0.024,0.5,0.362,0.893714427947998,-0.038872066885232925,0,False
345,36.14979728125036,36.12,0.10000000000000853,158,-0.22523854983692146,1.4544622913253855,0.020813033735775248,1.59150514885925,0.2679438292980194,0.006388280476682636,-0.2080322442922911,0.008888280476682636,0.0,-0.0025,True,True,182,5.0,10,0.004,0.5,0.364,0.9064791202545166,0.024874316528439522,0,False
346,36.2502650571987,36.220000000000006,0.09999999999999432,160,-0.2053085622219583,1.4549172299227209,0.02614949117683232,1.5725468304788435,0.26475203037261963,0.009000046807403121,-0.19903219748488798,0.009000046807403121,0.0,-0.0,False,False,182,5.0,10,0.024,0.5,0.364,0.9066994786262512,0.015028954483568668,0,False
347,36.350436876993626,36.32,0.09999999999999432,159,-0.18537230949275682,1.4554513878458313,0.028321169113799834,1.5536302880546808,0.26156726479530334,0.0064802145863129025,-0.19255198289857509,0.008980214586312903,0.0,-0.0025,True,True,183,5.0,10,0.004,0.5,0.366,0.9205162525177002,0.02538904920220375,0,False
348,36.45029568905011,36.42000000000001,0.10000000000000853,160,-0.16513820599451018,1.4560691969712924,0.03296770337872175,1.5344800835023737,0.2583431601524353,0.009091140568682259,-0.18346084232989282,0.009091140568682259,0.0,-0.0,False,False,183,5.0,10,0.024,0.5,0.366,0.9208148717880249,0.014904282055795193,0,False
349,36.55035898927599,36.52,0.09999999999999432,160,-0.1449019989541525,1.456761374308516,0.03547564522414885,1.5153787355768606,0.25512728095054626,0.006567946954186776,-0.17689289537570604,0.009067946954186777,0.0,-0.0025,True,True,184,5.0,10,0.004,0.5,0.368,0.8128999471664429,-0.05440482124686241,0,False
350,36.65031983004883,36.62,0.10000000000000853,160,-0.1269403554410885,1.4573514818568214,0.025659462913469044,1.498442302671958,0.25227588415145874,0.008040200920568032,-0.168852694455138,0.008040200920568032,0.0,-0.0,False,False,184,5.0,10,0.024,0.5,0.368,0.8106839060783386,-0.06256010383367538,0,False
351,36.75014235218987,36.720000000000006,0.09999999999999432,160,-0.10909611147511294,1.4577103057506902,0.013956121234574306,1.4815703038690589,0.24943533539772034,0.005509612240581311,-0.1633430822145567,0.008009612240581311,0.0,-0.0025,True,True,185,5.0,10,0.004,0.5,0.37,0.7936058640480042,-0.010162509977817535,0,False
352,36.8500472442247,36.82,0.09999999999999432,160,-0.0916289036179445,1.4579283951291366,0.012827731058166857,1.4650356105094773,0.2466515749692917,0.00784948386224437,-0.15549359835231233,0.00784948386224437,0.0,-0.0,False,False,185,5.0,10,0.024,0.5,0.37,0.7920074462890625,-0.02326357737183571,0,False
353,36.95044329203665,36.92000000000001,0.10000000000000853,161,-0.074205478342675,1.4580885418935916,0.007070812853170838,1.4485461449330328,0.2438754290342331,0.005328012961869072,-0.15016558539044325,0.007828012961869073,0.0,-0.0025,True,True,186,5.0,10,0.004,0.5,0.372,0.7724578976631165,0.07009874284267426,0,False
354,37.0504840221256,37.02,0.09999999999999432,159,-0.05721192490723804,1.458321326124568,0.02243650414254943,1.4325092227131042,0.24117547273635864,0.0076131779058636944,-0.14255240748457956,0.0076131779058636944,0.0,-0.0,False,False,186,5.0,10,0.024,0.5,0.372,0.77242511510849,0.045348528772592545,0,False
355,37.150156484916806,37.12,0.10000000000000853,157,-0.04024254640108176,1.4587462270243114,0.029814265946977888,1.4165797496687693,0.23849360644817352,0.005062168760940823,-0.13749023872363875,0.0075621687609408236,0.0,-0.0025,True,True,187,5.0,10,0.004,0.5,0.374,0.7738249897956848,-0.06804532557725906,0,False
356,37.25029925489798,37.220000000000006,0.09999999999999432,160,-0.023174724608339584,1.459190028221887,0.01670071128845774,1.4005880552319778,0.23580126464366913,0.007591707005488395,-0.12989853171815036,0.007591707005488395,0.0,-0.0,False,False,187,5.0,10,0.024,0.5,0.374,0.7706624269485474,-0.06510902941226959,0,False
357,37.35078063188121,37.32,0.09999999999999432,160,-0.006210769129679247,1.459391085926105,0.005247133072298782,1.3846395528855404,0.23311619460582733,0.00507120250571704,-0.12482732921243332,0.00757120250571704,0.0,-0.0025,True,True,188,5.0,10,0.004,0.5,0.376,0.8789324760437012,0.0365043506026268,0,False
358,37.45043205516413,37.42000000000001,0.10000000000000853,159,0.012914007692742483,1.4594900361746965,0.011272391492264248,1.36664606437593,0.23008683323860168,0.008542014938536548,-0.11628531427389677,0.008542014938536548,0.0,-0.0,False,False,188,5.0,10,0.024,0.5,0.376,0.8772021532058716,0.028130313381552696,0,False
359,37.55041683604941,37.52,0.09999999999999432,159,0.03219594693081474,1.4597277748509927,0.014930070951457807,1.3485832738033132,0.22704580426216125,0.00607491457648917,-0.11021039969740759,0.00857491457648917,0.0,-0.0025,True,True,189,5.0,10,0.004,0.5,0.378,0.7966212034225464,-0.08255408704280853,0,False
360,37.650772754102945,37.62,0.10000000000000853,159,0.049896299222950476,1.4599061823851245,-0.0011956324395754237,1.3320183990855128,0.2242569625377655,0.007863811801633841,-0.10234658789577375,0.007863811801633841,0.0,-0.0,False,False,189,5.0,10,0.024,0.5,0.378,0.7950801253318787,-0.07344307750463486,0,False
361,37.75041007809341,37.720000000000006,0.09999999999999432,159,0.06741054013609606,1.4597919368335326,-0.013936512992732136,1.3155551319901027,0.2214852273464203,0.0053155758062700936,-0.09703101208950365,0.007815575806270094,0.0,-0.0025,True,True,190,5.0,10,0.004,0.5,0.38,0.8568267226219177,-0.11223585158586502,0,False
362,37.85055619711056,37.82,0.09999999999999432,160,0.08630676795911137,1.459317819800665,-0.03674855385162871,1.2976995395394502,0.21847908198833466,0.008476551801971606,-0.08855446028753206,0.008476551801971606,0.0,-0.0,False,False,190,5.0,10,0.024,0.5,0.38,0.8577123284339905,-0.10546150803565979,0,False
363,37.95042653894052,37.92000000000001,0.10000000000000853,159,0.10519473326156925,1.4584361743095808,-0.057379155634818296,1.2797356128293855,0.21545469760894775,0.006027981121069987,-0.08252647916646207,0.008527981121069988,0.0,-0.0025,True,True,191,5.0,10,0.004,0.5,0.382,0.9070797562599182,0.07905519008636475,0,False
364,38.05075344722718,38.02,0.09999999999999432,161,0.12484733436073071,1.4573633200628053,-0.0432208190075504,1.2610174176889999,0.21230332553386688,0.008886053553551732,-0.07364042561291033,0.008886053553551732,0.0,-0.0,False,False,191,5.0,10,0.024,0.5,0.382,0.9062145352363586,0.06547292321920395,0,False
365,38.15053166029975,38.12,0.10000000000000853,158,0.14474446183462167,1.4565822115696823,-0.03298950195001804,1.2422087669823403,0.2091367244720459,0.006428995354302223,-0.06721143025860811,0.008928995354302223,0.0,-0.0025,True,True,192,5.0,10,0.004,0.5,0.384,0.892556369304657,-0.13530132174491882,0,False
366,38.25074220914394,38.220000000000006,0.09999999999999432,161,0.16443174695019547,1.4557610133709198,-0.06021752485722303,1.2236148376101044,0.2060062736272812,0.008827061099291586,-0.058384369159316524,0.008827061099291586,0.0,-0.0,False,False,192,5.0,10,0.024,0.5,0.384,0.8896084427833557,-0.12084398418664932,0,False
367,38.35061284992844,38.32,0.09999999999999432,159,0.18399327693391893,1.4544173191526983,-0.08117818466962083,1.2049755919463494,0.20286819338798523,0.006348574017084489,-0.052035795142232034,0.00884857401708449,0.0,-0.0025,True,True,193,5.0,10,0.004,0.5,0.386,0.8989920616149902,-0.059611398726701736,0,False
368,38.45091569889337,38.42000000000001,0.10000000000000853,160,0.20372529679940088,1.4526722427152952,-0.09214684852636276,1.1860566597958764,0.1996830254793167,0.008981349056587052,-0.04305444608564498,0.008981349056587052,0.0,-0.0,False,False,193,5.0,10,0.024,0.5,0.386,0.8982804417610168,-0.05613815784454346,0,False
369,38.55095581896603,38.52,0.09999999999999432,159,0.22340432753108444,1.4507198721504684,-0.10412273606073336,1.1671360459861475,0.1964975744485855,0.0064821473875208944,-0.03657229869812409,0.008982147387520895,0.0,-0.0025,True,True,194,5.0,10,0.004,0.5,0.388,0.863227367401123,0.06952442973852158,0,False
370,38.65187374316156,38.62,0.10099999999999909,162,0.24236480067171284,1.4488040314746211,-0.09136192504685454,1.1489200474045087,0.19343075156211853,0.008647646726292754,-0.027924651971831336,0.008647646726292754,0.0,-0.0,False,False,194,5.0,10,0.024,0.5,0.388,0.861504077911377,0.06050296500325203,0,False
371,38.75283155590296,38.720000000000006,0.10099999999999909,162,0.26122070352073656,1.4471571608475347,-0.08119474251267522,1.1309340821073577,0.19040265679359436,0.006038443458043474,-0.021886208513787864,0.008538443458043474,0.0,-0.0025,True,True,195,5.0,10,0.004,0.5,0.39,0.8657692074775696,0.11121740937232971,0,False
372,38.85266668815166,38.82,0.10000000000000853,160,0.28019069636485894,1.4458125059928997,-0.05910074198536282,1.1129959113364178,0.18738260865211487,0.008515754052558925,-0.013370454461228939,0.008515754052558925,0.0,-0.0,False,False,195,5.0,10,0.024,0.5,0.39,0.8684478402137756,0.09548822790384293,0,False
373,38.954248836264014,38.940000000000005,0.10099999999999909,162,0.3030813855155232,1.4446973259448264,-0.03717848790564867,1.0916054711305263,0.18378134071826935,0.0076546434246481665,-0.005715811036580773,0.010154643424648167,0.0,-0.0025,True,True,196,5.0,10,0.008,0.5,0.392,0.8725964426994324,0.11557555198669434,0,False
374,39.05472971312702,39.04,0.10099999999999909,161,0.3222439861503378,1.4442054334466996,-0.014582198846727384,1.0739298162202215,0.1808054894208908,0.008391130392063633,0.002675319355482861,0.008391130392063633,0.0,-0.0,False,False,196,5.0,10,0.028,0.5,0.392,0.8748754858970642,0.09471859037876129,0,False
375,39.15540506830439,39.14000000000001,0.09999999999999432,159,0.34158881946301145,1.4440979190546552,0.0030912377500325818,1.0563024868864193,0.1778377741575241,0.005868188882073669,0.00854350823755653,0.00836818888207367,0.0,-0.0025,True,True,197,5.0,10,0.008,0.5,0.394,0.9239290356636047,0.0006832963554188609,0,False
376,39.25585546530783,39.24,0.10099999999999909,156,0.3619204026062284,1.4441153333610206,0.00043258925695168675,1.0378977884346274,0.17473918199539185,0.008737227860539515,0.017280736098096043,0.008737227860539515,0.0,-0.0,False,False,197,5.0,10,0.028,0.5,0.394,0.9239671230316162,-0.007736051920801401,0,False
377,39.355631028302014,39.339999999999996,0.10000000000000853,160,0.3822528094400826,1.4441152838936382,-0.0018842075719636363,1.0195578781183667,0.17165149748325348,0.006206471110882482,0.023487207208978525,0.008706471110882482,0.0,-0.0025,True,True,198,5.0,10,0.008,0.5,0.396,0.9236018657684326,-0.023233821615576744,0,False
378,39.455887236166745,39.440000000000005,0.09999999999999432,160,0.4025822186246432,1.444035577057809,-0.0066086111514922505,1.0012623105014242,0.16857127845287323,0.008685420384682908,0.032172627593661435,0.008685420384682908,0.0,-0.0,False,False,198,5.0,10,0.028,0.5,0.396,0.9236524105072021,-0.030306674540042877,0,False
379,39.55596474604681,39.54,0.10000000000000853,158,0.4228212293712362,1.4438440935329075,-0.010990059816230455,0.9830769358199134,0.16550961136817932,0.006133108699815577,0.038305736293477013,0.008633108699815577,0.0,-0.0025,True,True,199,5.0,10,0.008,0.5,0.398,0.8742906451225281,0.18487589061260223,0,False
380,39.65701279928908,39.64000000000001,0.10099999999999909,160,0.4420257192701955,1.444048029939293,0.029968076914995808,0.9660737675950787,0.16264697909355164,0.008071882053411352,0.04637761834688837,0.008071882053411352,0.0,-0.0,False,False,199,5.0,10,0.028,0.5,0.398,0.883281946182251,0.13865916430950165,0,False
381,39.75683054095134,39.74,0.09999999999999432,159,0.46135870120608263,1.4448476104387868,0.05563215161590446,0.9493201044987436,0.1598263531923294,0.00545343495329805,0.05183105330018642,0.00795343495329805,0.0,-0.0025,True,True,200,5.0,10,0.008,0.5,0.4,0.9901894927024841,-0.3326593041419983,0,False
382,39.857087798882276,39.839999999999996,0.09999999999999432,161,0.4817627021429923,1.4456580917803759,0.008229582667459781,0.9317313648194379,0.15686513483524323,0.00834986928801572,0.06018092258820214,0.00834986928801572,0.0,-0.0,False,False,200,5.0,10,0.028,0.5,0.4,0.9873829483985901,-0.3186395764350891,0,False
383,39.95710712019354,39.940000000000005,0.10000000000000853,160,0.5034878479935224,1.4451852727207057,-0.0516616755836845,0.9124809687788508,0.15362416207790375,0.006638704285364816,0.06681962687356695,0.009138704285364816,0.0,-0.0025,True,True,201,5.0,10,0.008,0.5,0.402,0.9212116599082947,0.0906975194811821,0,False
384,40.05713656032458,40.04,0.09999999999999432,160,0.5240456795587574,1.4441855370177565,-0.03342746400777981,0.894095034104016,0.15052872896194458,0.008728320168015901,0.07554794704158285,0.008728320168015901,0.0,-0.0,False,False,201,5.0,10,0.028,0.5,0.402,0.9242140054702759,0.060592830181121826,0,False
385,40.15738687897101,40.14000000000001,0.10000000000000853,160,0.5443110595990935,1.4435427545843245,-0.02526811502208392,0.8762397071785092,0.14752262830734253,0.0059764257497188986,0.08152437279130176,0.008476425749718899,0.0,-0.0025,True,True,202,5.0,10,0.008,0.5,0.404,0.9157512784004211,0.05197519063949585,0,False
386,40.257545438129455,40.24,0.09999999999999432,159,0.564447391750976,1.443139932451404,-0.01662039484933167,0.8587261996237955,0.14457407593727112,0.008314154483086159,0.08983852727438792,0.008314154483086159,0.0,-0.0,False,False,202,5.0,10,0.028,0.5,0.404,0.9177321195602417,0.03062288835644722,0,False
387,40.357720016967505,40.339999999999996,0.09999999999999432,159,0.584641475001907,1.4428785418900392,-0.011383778368223326,0.8413555445974246,0.14164957404136658,0.005746338371137657,0.09558486564552557,0.008246338371137658,0.0,-0.0025,True,True,203,5.0,10,0.008,0.5,0.406,0.9982077479362488,-0.2779572010040283,0,False
388,40.45745512004942,40.440000000000005,0.10000000000000853,160,0.6061442896647565,1.4422079304543998,-0.0628997963392632,0.8227901149241517,0.1385239213705063,0.00881353149083596,0.10439839713636152,0.00881353149083596,0.0,-0.0,False,False,203,5.0,10,0.028,0.5,0.406,0.9974164366722107,-0.2628916800022125,0,False
389,40.557397320866585,40.54,0.09999999999999432,160,0.6278471830300875,1.4403465902929378,-0.11257918712670761,0.803551224973208,0.135284885764122,0.0066332420210815125,0.11103163915744303,0.009133242021081513,0.0,-0.0025,True,True,204,5.0,10,0.008,0.5,0.408,0.9060525894165039,-0.3265687823295593,0,False
390,40.65762325003743,40.64000000000001,0.10000000000000853,160,0.6476317667040458,1.4374261284957566,-0.17753745003621996,0.7854463044108196,0.1322367638349533,0.008594914867249753,0.11962655402469279,0.008594914867249753,0.0,-0.0,False,False,204,5.0,10,0.028,0.5,0.408,0.8936663269996643,-0.268413782119751,0,False
391,40.75781439896673,40.74,0.09999999999999432,158,0.6671628077635987,1.4333927153165562,-0.22915003823080496,0.7670150534444661,0.1291337013244629,0.0062498330858086985,0.12587638711050148,0.008749833085808699,0.0,-0.0025,True,True,205,5.0,10,0.008,0.5,0.41,0.8628501892089844,0.16442511975765228,0,False
392,40.857621050905436,40.839999999999996,0.09999999999999432,159,0.6864632505517142,1.428901485524113,-0.20969895210128311,0.7485878738636786,0.1260313242673874,0.008747900284600759,0.13462428739510224,0.008747900284600759,0.0,-0.0,False,False,205,5.0,10,0.028,0.5,0.41,0.8662410974502563,0.13464230298995972,0,False
393,40.957760030869395,40.940000000000005,0.10000000000000853,159,0.7050700239805553,1.4251636081229393,-0.18777500306990355,0.73123576134331,0.12310994416475296,0.005737535722158,0.14036182311726023,0.008237535722158,0.0,-0.0025,True,True,206,5.0,10,0.008,0.5,0.412,0.8513263463973999,-0.037740834057331085,0,False
394,41.05754104303196,41.04,0.09999999999999432,158,0.7234726076070405,1.4216017913648937,-0.19861898745218082,0.7142352041157406,0.1202477514743805,0.008070642539593194,0.14843246565685342,0.008070642539593194,0.0,-0.0,False,False,206,5.0,10,0.028,0.5,0.412,0.8506054878234863,-0.039250731468200684,0,False
395,41.15782354120165,41.14000000000001,0.10000000000000853,159,0.7417416579374357,1.417897136336142,-0.2055768812802134,0.6973452381113212,0.11740417778491974,0.005518141776346857,0.15395060743320027,0.008018141776346858,0.0,-0.0025,True,True,207,5.0,10,0.008,0.5,0.414,0.8289614915847778,-0.04672973230481148,0,False
396,41.257564153987914,41.24,0.09999999999999432,156,0.7595996621294264,1.4140970275492224,-0.21445650817851059,0.6808148816624514,0.11462114751338959,0.007847425008783725,0.16179803244198399,0.007847425008783725,0.0,-0.0,False,False,207,5.0,10,0.028,0.5,0.414,0.8287169337272644,-0.059076663106679916,0,False
397,41.35782613232732,41.339999999999996,0.09999999999999432,159,0.7773578679314171,1.4101130327827267,-0.22694383387888473,0.664339887206443,0.11184743791818619,0.0053211431140974055,0.16711917555608138,0.007821143114097406,0.0,-0.0025,True,True,208,5.0,10,0.008,0.5,0.416,0.81561279296875,-0.10190276056528091,0,False
398,41.45858771726489,41.440000000000005,0.10099999999999909,161,0.794813945256279,1.4058792889718763,-0.24813673069171735,0.6480362449777406,0.10910257697105408,0.007739797393693174,0.17485897294977457,0.007739797393693174,0.0,-0.0,False,False,208,5.0,10,0.028,0.5,0.416,0.8117019534111023,-0.09128932654857635,0,False
399,41.558917324990034,41.54,0.10000000000000853,160,0.8122480435106436,1.4013000681065337,-0.26673824840274524,0.6316199315789139,0.1063387468457222,0.005293285566252361,0.18015225851602693,0.0077932855662523615,0.0,-0.0025,True,True,209,5.0,10,0.008,0.5,0.418,0.8018661141395569,-0.19103513658046722,0,False
400,41.65988631732762,41.64000000000001,0.10099999999999909,161,0.8291780867203372,1.3963269136509764,-0.30480421156979687,0.6154252874224879,0.10361223667860031,0.007688052943962972,0.1878403114599899,0.007688052943962972,0.0,-0.0,False,False,209,5.0,10,0.028,0.5,0.418,0.7903846502304077,-0.12784238159656525,0,False
401,41.76086344011128,41.74,0.10099999999999909,161,0.845796224559467,1.390897857687773,-0.328075381171112,0.5992513542274202,0.10088921338319778,0.005178220868252965,0.19301853232824284,0.0076782208682529655,0.0,-0.0025,True,True,210,5.0,10,0.008,0.5,0.42,0.7835893034934998,0.11335855722427368,0,False
402,41.861048999242485,41.839999999999996,0.09999999999999432,161,0.8622197960685603,1.3854656636498903,-0.3052093523059042,0.5832969218193972,0.098203144967556,0.0075740176726938726,0.2005925500009367,0.0075740176726938726,0.0,-0.0,False,False,210,5.0,10,0.028,0.5,0.42,0.7874709963798523,0.0003161132335662842,0,False
403,41.96112036006525,41.940000000000005,0.10000000000000853,160,0.8785339286056065,1.3802575245372963,-0.30831362011697505,0.5676525785272658,0.09556928277015686,0.004926809650257935,0.20551935965119464,0.007426809650257935,0.0,-0.0025,True,True,211,5.0,10,0.008,0.5,0.422,0.7463246583938599,-0.09378211200237274,0,False
404,42.060893442016095,42.04,0.09999999999999432,159,0.8941674737585997,1.375184938336975,-0.3285234068080813,0.5526877583369634,0.09304982423782349,0.007104220926909299,0.21262358057810393,0.007104220926909299,0.0,-0.0,False,False,211,5.0,10,0.028,0.5,0.422,0.7432011961936951,-0.0782444179058075,0,False
405,42.160980361979455,42.14000000000001,0.10000000000000853,159,0.909631962693813,1.3698177191163061,-0.34028967185200093,0.5377288682082465,0.0905313640832901,0.004601405759932467,0.21722498633803639,0.007101405759932467,0.0,-0.0025,True,True,212,5.0,10,0.008,0.5,0.424,0.763329029083252,0.09358256310224533,0,False
406,42.26129256002605,42.24,0.09999999999999432,160,0.9255278234472586,1.3643943815216355,-0.32092357210239986,0.5225061345931665,0.08796848356723785,0.007226659681691187,0.22445164601972759,0.007226659681691187,0.0,-0.0,False,False,212,5.0,10,0.028,0.5,0.424,0.7696418166160583,-0.030458562076091766,0,False
407,42.36104465229437,42.339999999999996,0.09999999999999432,159,0.9415400880126593,1.3589666298523,-0.32576953857503416,0.5072972967940407,0.08540794253349304,0.004720062947133579,0.22917170896686118,0.007220062947133578,0.0,-0.0025,True,True,213,5.0,10,0.008,0.5,0.426,0.9055340886116028,0.9927921295166016,0,False
408,42.46114726224914,42.440000000000005,0.10000000000000853,159,0.9574915127190037,1.3544248569349702,-0.20452754807832685,0.49287830779474834,0.08298037946224213,0.006845099512791234,0.23601680847965242,0.006845099512791234,0.0,-0.0,False,False,213,5.0,10,0.028,0.5,0.426,0.8857885599136353,0.99003005027771,0,False
409,42.56153618916869,42.54,0.09999999999999432,159,0.976175359960161,1.3523873579319832,-0.009602900592994013,0.47858044251604903,0.08057320863008499,0.004287598676854713,0.24030440715650714,0.0067875986768547135,0.0,-0.0025,True,True,214,5.0,10,0.008,0.5,0.428,0.9902551770210266,0.5258132815361023,0,False
410,42.66115166293457,42.64000000000001,0.10000000000000853,155,0.9967320668711879,1.353499692627627,0.10398667841687254,0.46576115401072704,0.07841496914625168,0.0060856767077370295,0.24639008386424416,0.0060856767077370295,0.0,-0.0,False,False,214,5.0,10,0.028,0.5,0.428,0.9907675981521606,0.4552448093891144,0,False
411,42.76128451200202,42.74,0.09999999999999432,160,1.0181169730080126,1.356740748511385,0.1841047670044656,0.4546668938681075,0.07654715329408646,0.0027667572394119576,0.24915684110365613,0.005266757239411958,0.0,-0.0025,True,True,215,5.0,10,0.008,0.5,0.43,0.9814762473106384,0.12203749269247055,0,False
412,42.861547810956836,42.839999999999996,0.09999999999999432,159,1.0392727735724165,1.3608107774508522,0.2040666321139251,0.445155163593375,0.07494577020406723,0.00451548581336518,0.2536723269170213,0.00451548581336518,0.0,-0.0,False,False,215,5.0,10,0.028,0.5,0.43,0.9804930686950684,0.1478278934955597,0,False
413,42.96172797027975,42.940000000000005,0.10000000000000853,160,1.0602994356418163,1.3654671176557849,0.23119446591685192,0.437061293342055,0.07358309626579285,0.0013423877926964848,0.25501471470971776,0.003842387792696485,0.0,-0.0025,True,True,216,5.0,10,0.008,0.5,0.432,0.9815597534179688,-0.11600113660097122,0,False
414,43.06130587309599,43.04,0.09999999999999432,158,1.0814350673384299,1.3701234749630122,0.20193875278656803,0.42983954043151945,0.07236725091934204,0.0034283691687282502,0.258443083878446,0.0034283691687282502,0.0,-0.0,False,False,216,5.0,10,0.028,0.5,0.432,0.9789260029792786,-0.11072880029678345,0,False
415,43.16158637218177,43.14000000000001,0.10000000000000853,160,1.1026010745049337,1.3742818068769576,0.18143897727661976,0.42314680211943806,0.07124046981334686,0.0006772310639474081,0.2591203149423934,0.003177231063947408,0.0,-0.0025,True,True,217,5.0,10,0.008,0.5,0.434,0.9789295792579651,-0.057963207364082336,0,False
416,43.26159583218396,43.24,0.09999999999999432,159,1.1237404340430528,1.3780985961948873,0.17303782420077551,0.4171642108093137,0.07023324817419052,0.0028401043141215456,0.261960419256515,0.0028401043141215456,0.0,-0.0,False,False,217,5.0,10,0.028,0.5,0.434,0.9640905261039734,-0.04855639487504959,0,False
417,43.36159252328798,43.339999999999996,0.09999999999999432,159,1.1447021944375484,1.3816603071677112,0.16419396433865383,0.4120461251191327,0.06937157362699509,-7.030081193617078e-05,0.2618901184445788,0.0024296991880638293,0.0,-0.0025,True,True,218,5.0,10,0.008,0.5,0.436,0.9774249792098999,-0.04902973398566246,0,False
418,43.46175586199388,43.440000000000005,0.10000000000000853,158,1.1659021466130237,1.3850539744827477,0.15417689473259977,0.407736165209642,0.06864595413208008,0.002046059156994455,0.2639361776015733,0.002046059156994455,0.0,-0.0,False,False,218,5.0,10,0.028,0.5,0.436,0.9656781554222107,-0.039092767983675,0,False
419,43.56175254192203,43.54,0.09999999999999432,160,1.186590863364407,1.3881882796347245,0.14546465452986132,0.40441533072177166,0.06808686256408691,-0.0009235064929935595,0.26301267110857973,0.0015764935070064405,0.0,-0.0025,True,True,219,5.0,10,0.008,0.5,0.438,0.7891054749488831,-0.14012162387371063,0,False
420,43.661435124929994,43.64000000000001,0.10000000000000853,159,1.2039339527901634,1.390463184267912,0.11522922726140722,0.4021071648850998,0.06769826263189316,0.0010957512239463823,0.2641084223325261,0.0010957512239463823,0.0,-0.0,False,False,219,5.0,10,0.028,0.5,0.438,0.7925834655761719,-0.13770046830177307,0,False
421,43.76184726227075,43.74,0.09999999999999432,160,1.2213796123867817,1.3922585423150413,0.08662793886175023,0.4000599217581892,0.06735359132289886,-0.0015281161230327237,0.2625803062094934,0.0009718838769672762,0.0,-0.0025,True,True,220,5.0,10,0.008,0.5,0.44,0.804094135761261,-0.44293510913848877,0,False
422,43.86191188218072,43.839999999999996,0.09999999999999432,158,1.2391747266568358,1.3930587061195037,-0.005340929833596297,0.39773719629269927,0.06696254014968872,0.0011026630891356783,0.2636829692986291,0.0011026630891356783,0.0,-0.0,False,False,220,5.0,10,0.028,0.5,0.44,0.7993776798248291,-0.4376395344734192,0,False
423,43.96156033501029,43.940000000000005,0.10000000000000853,157,1.2568464833060327,1.3922707629249198,-0.08949824217871054,0.39463727872598364,0.0664406418800354,-0.0010283819672336574,0.26265458733139546,0.0014716180327663426,0.0,-0.0025,True,True,221,5.0,10,0.008,0.5,0.442,0.7986411452293396,-0.37846675515174866,0,False
424,44.06214741105214,44.04,0.09999999999999432,160,1.2744632518876544,1.390049871078796,-0.16166281338486346,0.39088492162229205,0.06580889970064163,0.0017813494263404083,0.26443593675773586,0.0017813494263404083,0.0,-0.0,False,False,221,5.0,10,0.028,0.5,0.442,0.809809148311615,-0.34041455388069153,0,False
425,44.16207003220916,44.14000000000001,0.10000000000000853,158,1.2920650094600892,1.3865622770282309,-0.23117992420995662,0.38664368847132563,0.06509485095739365,-0.000486567367744085,0.26394936938999175,0.002013432632255915,0.0,-0.0025,True,True,222,5.0,10,0.008,0.5,0.444,0.7486473917961121,-0.6188849210739136,0,False
426,44.261905253864825,44.24,0.09999999999999432,159,1.3082018922977112,1.3816037941169068,-0.3619310881153699,0.38169191003068376,0.06426117569208145,0.002350748460460811,0.26630011785045254,0.002350748460460811,0.0,-0.0,False,False,222,5.0,10,0.028,0.5,0.444,0.7803771495819092,-0.5941974520683289,0,False
427,44.36218943214044,44.339999999999996,0.09999999999999432,159,1.3240015790679553,1.37459453324479,-0.47918791719613274,0.3753626756429543,0.0631955936551094,0.0005046655300114909,0.26680478338046404,0.003004665530011491,0.0,-0.0025,True,True,223,5.0,10,0.008,0.5,0.446,0.9147427082061768,0.41228625178337097,0,False
428,44.46217671316117,44.440000000000005,0.10000000000000853,159,1.3384988848819181,1.3666092157474292,-0.5056994465830558,0.36862512996254976,0.06206126883625984,0.003198502381589246,0.2700032857620533,0.003198502381589246,0.0,-0.0,False,False,223,5.0,10,0.028,0.5,0.446,0.9126920104026794,0.37692195177078247,0,False
429,44.562236592173576,44.54,0.09999999999999432,158,1.3551642324848496,1.3579789151125958,-0.44912053114015404,0.3622043557808683,0.06098027527332306,0.000548122044127184,0.2705514078061805,0.003048122044127184,0.0,-0.0025,True,True,224,5.0,10,0.008,0.5,0.448,0.9078615307807922,-0.07712066918611526,0,False
430,44.66221600305289,44.64000000000001,0.10000000000000853,159,1.3729256716913119,1.349271723803643,-0.48272537099214974,0.3568037070815581,0.060071028769016266,0.002563839793637336,0.2731152475998178,0.002563839793637336,0.0,-0.0,False,False,224,5.0,10,0.028,0.5,0.448,0.8999546766281128,-0.25205227732658386,0,False
431,44.762156853917986,44.74,0.09999999999999432,157,1.3902917279512068,1.339594333765595,-0.5306807267744503,0.35139281353704616,0.059160057455301285,6.870330972038674e-05,0.2731839509095382,0.002568703309720387,0.0,-0.0025,True,True,225,5.0,10,0.008,0.5,0.45,0.8803009986877441,-0.38153141736984253,0,False
432,44.862301133107394,44.839999999999996,0.09999999999999432,160,1.4066766910068216,1.3290060824170578,-0.6087908378433464,0.3458683637385913,0.0582299679517746,0.002622611656455166,0.27580656256599334,0.002622611656455166,0.0,-0.0,False,False,225,5.0,10,0.028,0.5,0.45,0.8807929158210754,-0.3036176264286041,0,False
433,44.96230202401057,44.940000000000005,0.10000000000000853,158,1.422402678522895,1.3173689010682463,-0.6719909722236377,0.34015501492612427,0.05726807564496994,0.00021228732989143212,0.27601884989588477,0.002712287329891432,0.0,-0.0025,True,True,226,5.0,10,0.008,0.5,0.452,0.840418815612793,-0.6018695831298828,0,False
434,45.06231815414503,45.04,0.09999999999999432,159,1.4363707020239476,1.304773418964444,-0.7966545754967587,0.3338918962996538,0.0562136247754097,0.002973278519091083,0.27899212841497584,0.002973278519091083,0.0,-0.0,False,False,226,5.0,10,0.028,0.5,0.452,0.8487456440925598,-0.5729251503944397,0,False
435,45.162239104975015,45.14000000000001,0.10000000000000853,157,1.4488455603822106,1.2905584309218425,-0.9111039870459958,0.32646469330769584,0.054963190108537674,0.0010259020992490061,0.28001803051422486,0.003525902099249006,0.0,-0.0025,True,True,227,5.0,10,0.008,0.5,0.454,0.8182612061500549,-0.762196958065033,0,False
436,45.26251817308366,45.24,0.09999999999999432,159,1.458929399244183,1.2752589768817355,-1.064118039664241,0.31784596835186973,0.053512152284383774,0.00409155107885181,0.28410958159307664,0.00409155107885181,0.0,-0.0,False,False,227,5.0,10,0.028,0.5,0.454,0.8266968727111816,-0.7112252712249756,0,False
437,45.36246470408514,45.339999999999996,0.09999999999999432,159,1.4666792702159164,1.2588007016002807,-1.2053459053023556,0.30783075814685334,0.051826003938913345,0.0022545018931787847,0.2863640834862554,0.004754501893178785,0.0,-0.0025,True,True,228,5.0,10,0.008,0.5,0.456,0.7766995429992676,-0.6491571068763733,0,False
438,45.46247097430751,45.440000000000005,0.10000000000000853,159,1.4718031089372643,1.2422935411096303,-1.3312710824701401,0.29702266772992425,0.05000636726617813,0.005130904424072722,0.29149498791032813,0.005130904424072722,0.0,-0.0,False,False,228,5.0,10,0.028,0.5,0.456,0.7711789011955261,-0.5693573951721191,0,False
439,45.56243914505467,45.54,0.09999999999999432,159,1.4749325068159846,1.2253895274902376,-1.442751621397041,0.2853100437773498,0.04803444445133209,0.003060311927223821,0.29455529983755196,0.005560311927223821,0.0,-0.0025,True,True,229,5.0,10,0.008,0.5,0.458,0.7289707064628601,0.225868359208107,0,False
440,45.66243252530694,45.64000000000001,0.10000000000000853,159,1.4765837588695037,1.2082584031075498,-1.4812001094747085,0.27304466285288376,0.045969460159540176,0.005822721204266263,0.3003780210418182,0.005822721204266263,0.0,-0.0,False,False,229,5.0,10,0.028,0.5,0.458,0.7276976108551025,0.21945296227931976,0,False
441,45.762473395094275,45.74,0.09999999999999432,159,1.4783557269041805,1.192463262156225,-1.439206445443129,0.2623982993767319,0.04417705163359642,0.0025541280978286286,0.30293214913964683,0.005054128097828629,0.0,-0.0025,True,True,230,5.0,10,0.008,0.5,0.46,0.538683295249939,-0.13537119328975677,0,False
442,45.862464245874435,45.839999999999996,0.09999999999999432,160,1.4800506127532764,1.1795040380430732,-1.4542237123295316,0.2542438230109245,0.04280417412519455,0.003871159219373521,0.30680330835902037,0.003871159219373521,0.0,-0.0,False,False,230,5.0,10,0.028,0.5,0.46,0.5376023650169373,-0.16223497688770294,0,False
443,45.962747134268284,45.940000000000005,0.10000000000000853,157,1.4812334876906579,1.167639852239806,-1.487555970291711,0.246877889946318,0.041564054787158966,0.000996815541940243,0.3078001239009606,0.003496815541940243,0.0,-0.0025,True,True,231,5.0,10,0.008,0.5,0.462,0.5444576740264893,-0.9609842896461487,0,False
444,46.062531566247344,46.04,0.09999999999999432,155,1.481616063742819,1.1554353965954327,-1.616550151987947,0.23904927931547107,0.040246039628982544,0.003716461592256759,0.31151658549321737,0.003716461592256759,0.0,-0.0,False,False,231,5.0,10,0.028,0.5,0.462,0.5502762198448181,-0.9205414056777954,0,False
445,46.16261067520827,46.14000000000001,0.10000000000000853,160,1.479987313856954,1.1435416753807603,-1.7996691032867147,0.23021651896518086,0.03875896707177162,0.0016931596988762928,0.31320974519209366,0.004193159698876293,0.0,-0.0025,True,True,232,5.0,10,0.008,0.5,0.464,0.26020917296409607,-0.8412712216377258,0,False
446,46.26280126394704,46.24,0.09999999999999432,160,1.4778591609354264,1.136905475735738,-1.9685285299095872,0.22444818432047528,0.03778781741857529,0.0027383906505531576,0.3159481358426468,0.0027383906505531576,0.0,-0.0,False,False,232,5.0,10,0.028,0.5,0.464,0.32380780577659607,-0.7131326794624329,0,False
447,46.36278214491904,46.339999999999996,0.09999999999999432,159,1.4746461999707916,1.1304649538263896,-2.110048117186026,0.21799632156966095,0.036701589822769165,0.000562880662046595,0.3165110165046934,0.003062880662046595,0.0,-0.0025,True,True,233,5.0,10,0.008,0.5,0.466,0.41553395986557007,-0.9019051790237427,0,False
448,46.46290598390624,46.440000000000005,0.10000000000000853,159,1.4689673201353461,1.1227893242177052,-2.293827752820401,0.20887119590694914,0.035165295004844666,0.004331953733445042,0.3208429702381384,0.004331953733445042,0.0,-0.0,False,False,233,5.0,10,0.028,0.5,0.466,0.4636094868183136,-0.7914639711380005,0,False
449,46.55815853225067,46.54,0.0,150,1.461319291679981,1.1153628152706043,-2.45076993056132,0.19832420521654504,0.0333896167576313,1.5025069530422586,1.823349923280397,0.005006953042258513,1.5,-0.0025,True,True,234,5.0,10,0.008,0.5,0.468,0.997988760471344,-0.7659975290298462,1,True
