ppo_step,t_wall_s,t_sim_s,ppo_step_sim_dt,inner_ticks,x,y,yaw,goal_distance_m,goal_distance_norm,ppo_reward,ppo_reward_cumulative,navigation_reward,terminal_reward,frame_cost_reward,fresh_observation,frame_consumed,episode_frame_count,current_fps,scan_divisor_k,obs_age_ratio,fps_ratio,frame_count_ratio,action_linear,action_angular,outcome,done
1,0.07742977980524302,0.08000000000000002,0.09999999999999998,73,0.02856084561110537,0.000457336177861271,0.04868551318069188,2.01788259542543,0.3397282063961029,0.00021829741000520438,0.00021829741000520438,0.00021829741000520438,0.0,-0.0,False,False,1,10.0,5,0.016,1.0,0.002,0.9997102618217468,0.22838760912418365,0,False
2,0.17692411597818136,0.18,0.09999999999999998,163,0.0405559419947969,0.0010272500883552194,0.04775564222331223,2.015738922416469,0.3393673002719879,-0.001437894079886433,-0.0012195966698812287,0.001062105920113567,0.0,-0.0025,True,True,2,5.0,10,0.016,0.5,0.004,0.9998185634613037,0.22535596787929535,0,False
3,0.27723318384960294,0.2800000000000001,0.10000000000000009,163,0.06058269494974075,0.002065718370791072,0.06680378031667693,2.0122281489410994,0.33877623081207275,0.0017394505956738432,0.0005198539257926145,0.0017394505956738432,0.0,-0.0,False,False,2,5.0,10,0.036,0.5,0.004,0.9998192191123962,0.22589081525802612,0,False
4,0.3777607111260295,0.38000000000000006,0.09999999999999998,164,0.08240403858849699,0.004081279704261139,0.11345919165932693,2.0077448453657105,0.3380214273929596,-0.0002786988737642298,0.0002411550520283847,0.0022213011262357703,0.0,-0.0025,True,True,3,5.0,10,0.016,0.5,0.006,0.9999656081199646,0.2289283126592636,0,False
5,0.47732090624049306,0.48000000000000004,0.09999999999999998,162,0.10411565042430569,0.0070804973134124625,0.16048083416556178,2.0025230278519746,0.33714228868484497,0.0025872058247256536,0.0028283608767540385,0.0025872058247256536,0.0,-0.0,False,False,3,5.0,10,0.036,0.5,0.006,0.9999669790267944,0.229357048869133,0,False
6,0.5778977321460843,0.5800000000000001,0.09999999999999998,163,0.12566539685200753,0.011057263431659184,0.20410389786732452,1.9965685379530949,0.3361397981643677,0.00045021626265712546,0.003278577139411164,0.0029502162626571255,0.0,-0.0025,True,True,4,5.0,10,0.016,0.5,0.008,0.9989575743675232,0.20803381502628326,0,False
7,0.7778613148257136,0.78,0.19999999999999996,321,0.1681567200823307,0.021658487470416102,0.28309968736712926,1.9827298984137431,0.3338099420070648,0.004356503263147139,0.007635080402558303,0.006856503263147139,0.0,-0.0025,True,True,5,5.0,10,0.016,0.5,0.01,0.9972186088562012,0.17372459173202515,0,False
8,0.8772172620519996,0.8799999999999999,0.10000000000000009,165,0.18905239233751966,0.028115410789177973,0.31803207825216023,1.9750032936930046,0.3325091004371643,0.003828229670275331,0.011463310072833634,0.003828229670275331,0.0,-0.0,False,False,5,5.0,10,0.036,0.5,0.01,0.9973614811897278,0.1762731969356537,0,False
9,0.9770807349123061,0.98,0.10000000000000009,164,0.20962394132661022,0.03526505589744062,0.3512855592554889,1.966812374000961,0.33113008737564087,0.0015582795322453854,0.01302158960507902,0.0040582795322453855,0.0,-0.0025,True,True,6,5.0,10,0.016,0.5,0.012,0.9903140068054199,0.16141009330749512,0,False
10,1.1773407747969031,1.18,0.19999999999999973,329,0.24992555017134882,0.051503197298970384,0.4146477250797911,1.9491400824091674,0.3281548023223877,0.006255927533328742,0.019277517138407762,0.008755927533328742,0.0,-0.0025,True,True,7,5.0,10,0.016,0.5,0.014,0.992059588432312,0.15170732140541077,0,False
11,1.2776902541518211,1.28,0.10000000000000009,164,0.26971166739541663,0.060564021734640844,0.4450877214042745,1.9396725178169893,0.3265608549118042,0.0046908070215813885,0.02396832415998915,0.0046908070215813885,0.0,-0.0,False,False,7,5.0,10,0.036,0.5,0.014,0.9917895793914795,0.1532767415046692,0,False
12,1.3790926220826805,1.3800000000000001,0.10099999999999998,165,0.2893465598054502,0.07024609860238097,0.4622176805650433,1.929783299293569,0.3248959183692932,0.002399720010987635,0.026368044170976785,0.004899720010987635,0.0,-0.0025,True,True,8,5.0,10,0.016,0.5,0.016,0.9994180202484131,-0.20715568959712982,0,False
13,1.4785803779959679,1.48,0.10000000000000009,162,0.3093689555095472,0.07954762421314529,0.4139770978454402,1.920475226805526,0.32332882285118103,0.0046117849378470525,0.03097982910882384,0.0046117849378470525,0.0,-0.0,False,False,8,5.0,10,0.036,0.5,0.016,0.9994912147521973,-0.21646162867546082,0,False
14,1.5789293968118727,1.5799999999999998,0.10000000000000009,162,0.32968513358740903,0.08805078503871928,0.39095465540418123,1.9121796902061086,0.32193219661712646,0.0016101131077027237,0.032589942216526564,0.004110113107702724,0.0,-0.0025,True,True,9,5.0,10,0.016,0.5,0.018,0.9967944025993347,0.09457957744598389,0,False
15,1.7793230661191046,1.78,0.19999999999999973,321,0.36980067039480863,0.10576170920249676,0.42455864074450733,1.895523828871743,0.31912803649902344,0.005752326196145217,0.038342268412671784,0.008252326196145217,0.0,-0.0025,True,True,10,5.0,10,0.016,0.5,0.02,0.9999186992645264,-0.010008894838392735,0,False
16,1.8795681851916015,1.8800000000000001,0.10000000000000009,160,0.38987505528665006,0.11478199518458335,0.4232827943538029,1.887359107660734,0.3177534341812134,0.004045299212164732,0.04238756762483652,0.004045299212164732,0.0,-0.0,False,False,10,5.0,10,0.036,0.5,0.02,0.9999173879623413,-0.01113574393093586,0,False
17,1.9793030191212893,1.9799999999999998,0.10000000000000009,161,0.4099802519255195,0.12374644869725601,0.4133854116066943,1.879474072936443,0.3164259195327759,0.0014067255248171495,0.04379429314965367,0.00390672552481715,0.0,-0.0025,True,True,11,5.0,10,0.016,0.5,0.022,0.9998921155929565,-0.06992651522159576,0,False
18,2.0788300740532577,2.08,0.10000000000000009,162,0.43020677232407134,0.1324386061988477,0.39920606990505514,1.8720949521229375,0.3151835799217224,0.003656065019475696,0.04745035816912937,0.003656065019475696,0.0,-0.0,False,False,11,5.0,10,0.036,0.5,0.022,0.9998911619186401,-0.07093927264213562,0,False
19,2.2792599531821907,2.2800000000000002,0.20000000000000018,330,0.47056333792461563,0.1496550970959499,0.4150618141293176,1.8581894002468897,0.312842458486557,0.004389655702272165,0.05184001387140153,0.0068896557022721655,0.0,-0.0025,True,True,12,5.0,10,0.036,0.5,0.024,0.9972590208053589,0.06602329015731812,0,False
20,2.4793565650470555,2.48,0.19999999999999973,342,0.5106353832553268,0.16772934269570905,0.42756306444319536,1.844338015500548,0.31051045656204224,0.0043628180134568095,0.05620283188485834,0.00686281801345681,0.0,-0.0025,True,True,13,5.0,10,0.036,0.5,0.026,0.9999800324440002,0.016784075647592545,0,False
21,2.5793414558283985,2.58,0.10000000000000009,171,0.530625600193069,0.17688408861124702,0.4343404101985205,1.8376451886800849,0.30938366055488586,0.0008160332562816256,0.05701886514113997,0.0033160332562816256,0.0,-0.0025,True,True,14,5.0,10,0.016,0.5,0.028,0.9993769526481628,0.049035560339689255,0,False
22,2.779679285828024,2.7800000000000002,0.19999999999999973,338,0.5702606704200207,0.1957389821208961,0.45294207424433697,1.8243899963940389,0.30715203285217285,0.0040674280267563555,0.06108629316789632,0.006567428026756356,0.0,-0.0025,True,True,15,5.0,10,0.016,0.5,0.03,0.9961615800857544,0.042371898889541626,0,False
23,2.8798150261864066,2.8800000000000003,0.10000000000000009,168,0.5899052048146689,0.2054044684029459,0.46158822459419907,1.8178609100800405,0.3060528039932251,0.0032349062557775455,0.06432119942367387,0.0032349062557775455,0.0,-0.0,False,False,15,5.0,10,0.036,0.5,0.03,0.9962040781974792,0.04211979731917381,0,False
24,2.979544139932841,2.98,0.10000000000000009,165,0.6094741982615985,0.2152326236738032,0.4686509893964985,1.8113996211865568,0.30496498942375183,0.0007013152923254938,0.06502251471599936,0.003201315292325494,0.0,-0.0025,True,True,16,5.0,10,0.016,0.5,0.032,0.9960333704948425,0.03020470216870308,0,False
25,3.0791984242387116,3.08,0.10000000000000009,164,0.6289881269624017,0.22518235711967646,0.4747007200233061,1.8050514460051066,0.3038962185382843,0.003145271883328669,0.06816778659932803,0.003145271883328669,0.0,-0.0,False,False,16,5.0,10,0.036,0.5,0.032,0.9961031079292297,0.029871322214603424,0,False
26,3.2795361038297415,3.2800000000000002,0.20000000000000018,335,0.6679857196713834,0.24517067498064277,0.4690127692670047,1.7929973124610756,0.3018667995929718,0.0034723505149503596,0.07164013711427838,0.00597235051495036,0.0,-0.0025,True,True,17,5.0,10,0.036,0.5,0.034,0.9956374168395996,-0.02703782357275486,0,False
27,3.4797456548549235,3.48,0.19999999999999973,333,0.7063948738084415,0.26568182172755295,0.5247611033142527,1.7812963273607174,0.29989683628082275,0.003297379308457696,0.07493751642273608,0.005797379308457696,0.0,-0.0025,True,True,18,5.0,10,0.036,0.5,0.036,0.990470826625824,0.18217898905277252,0,False
28,3.579799824859947,3.58,0.10000000000000009,166,0.7250872636727814,0.27699367473086756,0.5574233670008681,1.7746689967428402,0.29878106713294983,0.0007835824560799933,0.07572109887881608,0.0032835824560799934,0.0,-0.0025,True,True,19,5.0,10,0.016,0.5,0.038,0.9998661279678345,0.1358346939086914,0,False
29,3.679647588171065,3.68,0.09999999999999964,171,0.7435491275230203,0.2888577486154871,0.5857157426079618,1.7676943592344936,0.29760682582855225,0.0034556594020142455,0.07917675828083032,0.0034556594020142455,0.0,-0.0,False,False,19,5.0,10,0.036,0.5,0.038,0.9998626112937927,0.138081356883049,0,False
30,3.7799673061817884,3.78,0.10000000000000053,172,0.7616073470877979,0.3012396948312617,0.6251673810755369,1.7603602006789796,0.29637205600738525,0.0011337879836615787,0.0803105462644919,0.0036337879836615787,0.0,-0.0025,True,True,20,5.0,10,0.016,0.5,0.04,0.997715175151825,0.24355143308639526,0,False
31,3.8794775418937206,3.8800000000000003,0.09999999999999964,170,0.7790160231355615,0.31445742084409734,0.6730397068371088,1.7522871741515906,0.295012891292572,0.003999868091882448,0.08431041435637435,0.003999868091882448,0.0,-0.0,False,False,20,5.0,10,0.036,0.5,0.04,0.9976910948753357,0.24821005761623383,0,False
32,3.979834020137787,3.98,0.09999999999999964,171,0.795778396244029,0.3285209036433078,0.721607232828148,1.7434559848250786,0.2935260832309723,0.0018755080304329306,0.08618592238680728,0.004375508030432931,0.0,-0.0025,True,True,21,5.0,10,0.016,0.5,0.042,0.9997220039367676,0.2386394441127777,0,False
33,4.0801096288487315,4.08,0.10000000000000053,171,0.8118725116715869,0.34337031465867773,0.7701054479392775,1.7339075235718688,0.2919185161590576,0.004730888145073656,0.09091681053188093,0.004730888145073656,0.0,-0.0,False,False,21,5.0,10,0.036,0.5,0.042,0.9996981620788574,0.2462213784456253,0,False
34,4.179608664941043,4.18,0.09999999999999964,170,0.8272506555670637,0.3589769449634619,0.8133134352670992,1.7236444456434175,0.2901906371116638,0.0025849526867333067,0.09350176321861424,0.005084952686733307,0.0,-0.0025,True,True,22,5.0,10,0.016,0.5,0.044,0.9996841549873352,0.19803453981876373,0,False
35,4.279724354855716,4.279999999999999,0.10000000000000053,170,0.8420082898275774,0.37518302839283396,0.8533159574472485,1.712834916965283,0.2883707582950592,0.00535569760625353,0.09885746082486777,0.00535569760625353,0.0,-0.0,False,False,22,5.0,10,0.036,0.5,0.044,0.9996860027313232,0.20403145253658295,0,False
36,4.380068183876574,4.38,0.09999999999999964,173,0.8561457647796096,0.39195075364932647,0.880047527565081,1.7015053130352633,0.28646332025527954,0.003113374500827828,0.10197083532569559,0.005613374500827828,0.0,-0.0025,True,True,23,5.0,10,0.016,0.5,0.046,0.9994208812713623,0.04532967135310173,0,False
37,4.480006135068834,4.4799999999999995,0.09999999999999964,175,0.8701211897568519,0.4089062794055113,0.8881792269977078,1.6901530509594844,0.28455206751823425,0.005624600723600159,0.10759543604929575,0.005624600723600159,0.0,-0.0,False,False,23,5.0,10,0.036,0.5,0.046,0.9994173645973206,0.04452993720769882,0,False
38,4.580006787087768,4.58,0.10000000000000053,174,0.8840163448983789,0.4259753690509498,0.8768304436165599,1.6788772601256436,0.28265368938446045,0.003086712221743128,0.11068214827103888,0.005586712221743128,0.0,-0.0025,True,True,24,5.0,10,0.016,0.5,0.048,0.9997366666793823,-0.16461315751075745,0,False
39,4.680407613981515,4.68,0.09999999999999964,172,0.8984478552700779,0.4426534721382924,0.8427267985543211,1.6683729083482066,0.2808851897716522,0.005204494418287046,0.11588664268932593,0.005204494418287046,0.0,-0.0,False,False,24,5.0,10,0.036,0.5,0.048,0.999662458896637,-0.1778946816921234,0,False
40,4.7802936672233045,4.779999999999999,0.10000000000000053,169,0.9134387800474788,0.4588173566856911,0.8034989488428159,1.6587800158872967,0.27927014231681824,0.0022529020662915146,0.11813954475561744,0.004752902066291515,0.0,-0.0025,True,True,25,5.0,10,0.016,0.5,0.05,0.998013436794281,-0.20077157020568848,0,False
41,4.87997684115544,4.88,0.09999999999999964,170,0.9290461425236135,0.4743640566443309,0.7627092111605918,1.6502315223324868,0.27783092856407166,0.004235443360373285,0.12237498811599073,0.004235443360373285,0.0,-0.0,False,False,25,5.0,10,0.036,0.5,0.05,0.9978501200675964,-0.20966127514839172,0,False
42,4.980614645872265,4.9799999999999995,0.09999999999999964,169,0.9451928215671015,0.48931300503919367,0.7482344057471555,1.6426955646663024,0.2765621840953827,0.0012337715302289565,0.12360875964621969,0.0037337715302289565,0.0,-0.0025,True,True,26,5.0,10,0.016,0.5,0.052,0.993840754032135,0.22976866364479065,0,False
43,5.080117561854422,5.08,0.10000000000000053,168,0.9606839703335042,0.5045969156011911,0.7992336121013716,1.634849827663563,0.27524128556251526,0.00388725504469617,0.12749601469091587,0.00388725504469617,0.0,-0.0,False,False,26,5.0,10,0.036,0.5,0.052,0.9932931065559387,0.2344096302986145,0,False
44,5.180426450911909,5.18,0.09999999999999964,171,0.9753136154411705,0.5204383903710155,0.8535208430490124,1.626391966691791,0.2738173305988312,0.0016905384692834087,0.12918655316019928,0.004190538469283409,0.0,-0.0025,True,True,27,5.0,10,0.016,0.5,0.054,0.9756785035133362,0.2901883125305176,0,False
45,5.2806784198619425,5.279999999999999,0.10000000000000053,170,0.9888713336055445,0.5369220852737978,0.9118987621984772,1.6171396544843277,0.2722596228122711,0.004584157905243028,0.1337707110654423,0.004584157905243028,0.0,-0.0,False,False,27,5.0,10,0.036,0.5,0.054,0.9728905558586121,0.29147154092788696,0,False
46,5.380527492146939,5.38,0.09999999999999964,169,1.0016041640361737,0.5543870023569965,0.9701250411335643,1.6068744523547116,0.27053138613700867,0.0025860051451181234,0.13635671621056042,0.0050860051451181235,0.0,-0.0025,True,True,28,5.0,10,0.016,0.5,0.056,0.9971767663955688,0.291435182094574,0,False
47,5.48043752508238,5.4799999999999995,0.09999999999999964,170,1.013417263705099,0.5727392775297022,1.0283621663380653,1.5956307015551086,0.26863840222358704,0.005570837641104064,0.14192755385166447,0.005570837641104064,0.0,-0.0,False,False,28,5.0,10,0.036,0.5,0.056,0.9974196553230286,0.29182711243629456,0,False
48,5.580587754957378,5.58,0.10000000000000053,169,1.0241336979201616,0.5917360759263722,1.0867648946018287,1.5835330218871964,0.26660165190696716,0.0034939259118410824,0.14542147976350556,0.0059939259118410824,0.0,-0.0025,True,True,29,5.0,10,0.016,0.5,0.058,0.9956017732620239,0.29580336809158325,0,False
49,5.680837084073573,5.68,0.09999999999999964,171,1.033704708407989,0.6113060223416548,1.146122528424444,1.5706030093961514,0.26442477107048035,0.0064063141889983966,0.15182779395250395,0.0064063141889983966,0.0,-0.0,False,False,29,5.0,10,0.036,0.5,0.058,0.994717538356781,0.30106067657470703,0,False
50,5.7809199541807175,5.779999999999999,0.10000000000000053,160,1.0421371025580928,0.631275657231027,1.179942102472299,1.5569759048894756,0.2621305286884308,0.004251695948982484,0.15607948990148643,0.006751695948982484,0.0,-0.0025,True,True,30,5.0,10,0.016,0.5,0.06,0.9879546165466309,-0.32516324520111084,0,False
51,5.880990894977003,5.88,0.09999999999999964,168,1.0511593551553922,0.6511648769820096,1.1079390737806036,1.5438901176463344,0.2599274218082428,0.006483494470559029,0.16256298437204547,0.006483494470559029,0.0,-0.0,False,False,30,5.0,10,0.036,0.5,0.06,0.9866487383842468,-0.40643519163131714,0,False
52,5.9807771681807935,5.9799999999999995,0.09999999999999964,168,1.0615479214528776,0.6703449186324097,1.057165698999589,1.5322981748724436,0.25797581672668457,0.0032433531113652317,0.1658063374834107,0.005743353111365232,0.0,-0.0025,True,True,31,5.0,10,0.016,0.5,0.062,0.8771977424621582,0.34616371989250183,0,False
53,6.080572821199894,6.08,0.10000000000000053,166,1.0709269056901076,0.6881617969209665,1.1198314638777347,1.5215937941519742,0.25617364048957825,0.005303600916200043,0.17110993839961075,0.005303600916200043,0.0,-0.0,False,False,31,5.0,10,0.036,0.5,0.062,0.8786396980285645,0.3476260006427765,0,False
54,6.1810486181639135,6.18,0.09999999999999964,169,1.0787524750050295,0.7057235784196153,1.168092297558781,1.5104989144506815,0.25430572032928467,0.0029970778492942516,0.174107016248905,0.005497077849294252,0.0,-0.0025,True,True,32,5.0,10,0.016,0.5,0.064,0.9627681374549866,-0.4327012598514557,0,False
55,6.280777622014284,6.279999999999999,0.10000000000000053,170,1.0872442304515828,0.7240625529386047,1.0947006799141206,1.4992564027684248,0.25241294503211975,0.005570223707046163,0.17967723995595117,0.005570223707046163,0.0,-0.0,False,False,32,5.0,10,0.036,0.5,0.064,0.9695181250572205,-0.5724012851715088,0,False
56,6.381097190082073,6.38,0.09999999999999964,175,1.0980382769140082,0.7425841825430716,1.0088039029159226,1.4892815081313515,0.2507335841655731,0.0024421691658460163,0.1821194091217972,0.004942169165846016,0.0,-0.0025,True,True,33,5.0,10,0.016,0.5,0.066,0.9435310959815979,0.3743819296360016,0,False
57,6.4811349511146545,6.4799999999999995,0.09999999999999964,168,1.1089632971049423,0.7605604387819287,1.0547989250102423,1.4800784065842096,0.24918416142463684,0.004559775952659058,0.18667918507445624,0.004559775952659058,0.0,-0.0,False,False,33,5.0,10,0.036,0.5,0.066,0.941257119178772,0.372873455286026,0,False
58,6.580959054175764,6.58,0.10000000000000053,169,1.118644630197605,0.7794421514090484,1.1387051206303238,1.46967362673638,0.2474324256181717,0.0026551604314938404,0.18933434550595007,0.0051551604314938404,0.0,-0.0025,True,True,34,5.0,10,0.016,0.5,0.068,0.9893359541893005,0.4617557227611542,0,False
59,6.680961695034057,6.68,0.09999999999999964,170,1.1267212396425437,0.7994541758875617,1.2327040167007328,1.457661888707266,0.24541014432907104,0.005951345199684682,0.19528569070563476,0.005951345199684682,0.0,-0.0,False,False,34,5.0,10,0.036,0.5,0.068,0.9887343645095825,0.46671637892723083,0,False
60,6.78167569078505,6.779999999999999,0.10099999999999998,165,1.133057492403339,0.820253107544116,1.3002127949681852,1.4442256082719083,0.24314802885055542,0.004157150104070615,0.19944284080970537,0.0066571501040706155,0.0,-0.0025,True,True,35,5.0,10,0.016,0.5,0.07,0.956044614315033,-0.8640374541282654,0,False
61,6.8815968031995,6.88,0.10000000000000053,167,1.1394631976511254,0.8413713437067791,1.2358961888873938,1.4307756090373602,0.24088360369205475,0.006663947231139838,0.2061067880408452,0.006663947231139838,0.0,-0.0,False,False,35,5.0,10,0.036,0.5,0.07,0.9566681981086731,-0.9009853005409241,0,False
62,6.9817038429901,6.9799999999999995,0.09999999999999964,174,1.1476913986860042,0.8602158620491533,1.0642488782729254,1.4204536730349633,0.23914581537246704,0.0026141145544821384,0.20872090259532733,0.0051141145544821385,0.0,-0.0025,True,True,36,5.0,10,0.016,0.5,0.072,0.8394907712936401,-0.9820311665534973,0,False
63,7.08202969096601,7.08,0.10000000000000053,175,1.1584674173280956,0.8758287277250912,0.8661824953035825,1.4144706834371206,0.23813852667808533,0.002964336745988088,0.21168523934131542,0.002964336745988088,0.0,-0.0,False,False,36,5.0,10,0.036,0.5,0.072,0.8757982850074768,-0.9922071099281311,0,False
64,7.181918183807284,7.18,0.09999999999999964,174,1.172983441994698,0.8898957802759181,0.6799687823401688,1.4122434585156716,0.23776355385780334,-0.001396497383413089,0.21028874195790234,0.001103502616586911,0.0,-0.0025,True,True,37,5.0,10,0.016,0.5,0.074,0.9586723446846008,-0.8815475702285767,0,False
65,7.282311210874468,7.279999999999999,0.09999999999999964,175,1.1907236689012417,0.9019000250510819,0.5042474705508202,1.413935030710026,0.23804834485054016,-0.0008381076938567038,0.20945063426404564,-0.0008381076938567038,0.0,-0.0,False,False,37,5.0,10,0.036,0.5,0.074,0.9653029441833496,-0.8693610429763794,0,False
66,7.382373702246696,7.38,0.10000000000000053,174,1.2101297614194209,0.9106516585479569,0.3524675767401438,1.419512563410509,0.23898737132549286,-0.005263448751766756,0.20418718551227888,-0.002763448751766756,0.0,-0.0025,True,True,38,5.0,10,0.016,0.5,0.076,0.9857944846153259,-0.13341453671455383,0,False
67,7.482011657208204,7.4799999999999995,0.09999999999999964,174,1.2303551738886003,0.9175777102637482,0.31672929037316927,1.4273047528422154,0.240299254655838,-0.0038607243229097097,0.20032646118936917,-0.0038607243229097097,0.0,-0.0,False,False,38,5.0,10,0.036,0.5,0.076,0.9867919087409973,-0.14225518703460693,0,False
68,7.582054648082703,7.58,0.10000000000000053,175,1.2509627420413258,0.9240558107626476,0.30089892555858594,1.4359616691648196,0.24175672233104706,-0.0067891625904368536,0.19353729859893232,-0.004289162590436854,0.0,-0.0025,True,True,39,5.0,10,0.016,0.5,0.078,0.9801630973815918,-0.006998439785093069,0,False
69,7.682309247087687,7.68,0.09999999999999964,175,1.271555618416644,0.930474786170539,0.2989964000757473,1.4449236738797397,0.2432655543088913,-0.004440321925970811,0.1890969766729615,-0.004440321925970811,0.0,-0.0,False,False,39,5.0,10,0.036,0.5,0.078,0.980650007724762,-0.0066764927469193935,0,False
70,7.782083800062537,7.779999999999999,0.09999999999999964,173,1.2920313746562953,0.936877281605404,0.316159633337591,1.454082609744327,0.24480754137039185,-0.0070378935887392205,0.18205908308422228,-0.00453789358873922,0.0,-0.0025,True,True,40,5.0,10,0.016,0.5,0.08,0.9771974682807922,0.20284278690814972,0,False
71,7.88213174091652,7.879999999999999,0.09999999999999964,173,1.3122123323966284,0.9440191512422585,0.3582279658754303,1.4627608565869625,0.2462686002254486,-0.004299731026718758,0.1777593520575035,-0.004299731026718758,0.0,-0.0,False,False,40,5.0,10,0.036,0.5,0.08,0.9762328267097473,0.20514149963855743,0,False
72,7.982552978210151,7.98,0.10000000000000142,174,1.3321695217915854,0.951910253705319,0.3786041312530293,1.4710085101517867,0.2476571649312973,-0.006586388941609291,0.17117296311589422,-0.004086388941609291,0.0,-0.0025,True,True,41,5.0,10,0.016,0.5,0.082,0.996941089630127,-0.30066797137260437,0,False
73,8.083462601993233,8.08,0.10099999999999909,172,1.3528700683933497,0.9593040728334862,0.3122287823511246,1.48039978051879,0.2492382675409317,-0.00465300622458963,0.16651995689130458,-0.00465300622458963,0.0,-0.0,False,False,41,5.0,10,0.036,0.5,0.082,0.9970288872718811,-0.3199974596500397,0,False
74,8.183444023132324,8.18,0.09999999999999964,174,1.3737889178987148,0.9654374752900335,0.2728753179392525,1.4910876101718495,0.2510376572608948,-0.007795400511284361,0.15872455638002023,-0.005295400511284362,0.0,-0.0025,True,True,42,5.0,10,0.016,0.5,0.084,0.9809238314628601,0.04845285043120384,0,False
75,8.2846161541529,8.28,0.10100000000000087,178,1.3944808618790157,0.9715156819607735,0.28678825848541406,1.5018882880117967,0.25285604596138,-0.005351312362983057,0.15337324401703717,-0.005351312362983057,0.0,-0.0,False,False,42,5.0,10,0.036,0.5,0.084,0.9811608195304871,0.04899824783205986,0,False
76,8.38489021314308,8.379999999999999,0.09999999999999964,173,1.4150205073661328,0.9777229867331599,0.29532128941894287,1.5127197667686356,0.2546796202659607,-0.00786657300956433,0.14550667100747283,-0.00536657300956433,0.0,-0.0025,True,True,43,5.0,10,0.016,0.5,0.086,0.971930205821991,0.011436828412115574,0,False
77,8.484870634041727,8.48,0.09999999999999964,172,1.4354714996072933,0.9839510152394088,0.2984081087261261,1.52369657628851,0.2565276622772217,-0.005438578704065931,0.1400680923034069,-0.005438578704065931,0.0,-0.0,False,False,43,5.0,10,0.036,0.5,0.086,0.9720750451087952,0.013461626134812832,0,False
78,8.584818435832858,8.58,0.09999999999999964,174,1.4559308916639617,0.9902261314008977,0.29610058628193187,1.5348679272317407,0.25840845704078674,-0.008034966351151283,0.1320331259522556,-0.005534966351151283,0.0,-0.0025,True,True,44,5.0,10,0.016,0.5,0.088,0.9734000563621521,-0.022530967369675636,0,False
79,8.685647590085864,8.68,0.10100000000000087,177,1.4764365838527773,0.9964160729487225,0.29153649286573485,1.546345340159488,0.26034078001976013,-0.005686608063445012,0.1263465178888106,-0.005686608063445012,0.0,-0.0,False,False,44,5.0,10,0.036,0.5,0.088,0.9735377430915833,-0.020189767703413963,0,False
80,8.786740302108228,8.78,0.10099999999999909,178,1.4971071406762246,1.0025311476793506,0.2779433038984062,1.5582072334980912,0.2623378336429596,-0.008377103031115317,0.11796941485769528,-0.005877103031115318,0.0,-0.0025,True,True,45,5.0,10,0.016,0.5,0.09,0.9813104271888733,-0.1544400453567505,0,False
81,8.886707053054124,8.879999999999999,0.10000000000000142,176,1.518031801922845,1.0080927029862206,0.24543233587304572,1.5708219791329048,0.2644616365432739,-0.006250111823703318,0.11171930303399197,-0.006250111823703318,0.0,-0.0,False,False,45,5.0,10,0.036,0.5,0.09,0.9810738563537598,-0.16084405779838562,0,False
82,8.986828543245792,8.98,0.09999999999999964,175,1.5391316730267133,1.0130837308248306,0.2348029697526877,1.5841246119116346,0.26670125126838684,-0.009090932930686167,0.1026283701033058,-0.006590932930686166,0.0,-0.0025,True,True,46,5.0,10,0.016,0.5,0.092,0.998482346534729,0.14749328792095184,0,False
83,9.08663168689236,9.08,0.09999999999999964,175,1.560329574248312,1.0186110400354398,0.26739545071859366,1.5973587392027946,0.2689293324947357,-0.006556991147772472,0.09607137895553333,-0.006556991147772472,0.0,-0.0,False,False,46,5.0,10,0.036,0.5,0.092,0.9985319375991821,0.16033606231212616,0,False
84,9.186667397152632,9.18,0.09999999999999964,173,1.5813515802170233,1.0247018081500414,0.2817419699170137,1.6103007888337744,0.2711082398891449,-0.008912278119846314,0.08715910083568702,-0.006412278119846315,0.0,-0.0025,True,True,47,5.0,10,0.016,0.5,0.094,0.9923181533813477,-0.06549516320228577,0,False
85,9.286746847908944,9.28,0.09999999999999964,173,1.6024002121763883,1.0305689035541385,0.26817465319892414,1.623589614304932,0.2733455300331116,-0.006584091951184198,0.08057500888450282,-0.006584091951184198,0.0,-0.0,False,False,47,5.0,10,0.036,0.5,0.094,0.9920247793197632,-0.07494805753231049,0,False
86,9.387241925112903,9.379999999999999,0.10000000000000142,174,1.6234098953249578,1.0361137018584703,0.25036187972183194,1.6372204361636462,0.2756403982639313,-0.009253537751155968,0.07132147113334686,-0.006753537751155968,0.0,-0.0025,True,True,48,5.0,10,0.016,0.5,0.096,0.9817671179771423,-0.09055667370557785,0,False
87,9.486839729826897,9.48,0.09999999999999964,173,1.6444182315034266,1.041274220764545,0.23109261766024536,1.6512467134725686,0.2780018448829651,-0.006949470420481672,0.06437200071286518,-0.006949470420481672,0.0,-0.0,False,False,48,5.0,10,0.036,0.5,0.096,0.9805856347084045,-0.10320363938808441,0,False
88,9.586945429909974,9.58,0.09999999999999964,173,1.6655891010573152,1.0461316816310555,0.23648673112342172,1.6657426162557085,0.28044235706329346,-0.009682151428414098,0.054689849284451086,-0.007182151428414098,0.0,-0.0025,True,True,49,5.0,10,0.016,0.5,0.098,0.9992823600769043,0.3335568308830261,0,False
89,9.68694250099361,9.68,0.09999999999999964,176,1.6866011183887704,1.0520987423323784,0.30849599187332216,1.6796366620421128,0.28278154134750366,-0.006883954886020507,0.04780589439843058,-0.006883954886020507,0.0,-0.0,False,False,49,5.0,10,0.036,0.5,0.098,0.9992020726203918,0.3445409834384918,0,False
90,9.787248809821904,9.78,0.09999999999999964,174,1.7071410578290573,1.0594426204044873,0.37696941883254015,1.6925406530688871,0.2849540412425995,-0.008893421573783127,0.03891247282464745,-0.006393421573783127,0.0,-0.0025,True,True,50,5.0,10,0.016,0.5,0.1,0.9969139099121094,0.3328598439693451,0,False
91,9.887052663136274,9.879999999999999,0.10000000000000142,173,1.7271453181715521,1.0681091747965505,0.4443003978986496,1.7044542353025038,0.28695979714393616,-0.0059027128518148704,0.03300975997283258,-0.0059027128518148704,0.0,-0.0,False,False,50,5.0,10,0.036,0.5,0.1,0.9972048401832581,0.34025636315345764,0,False
92,9.98732096189633,9.98,0.09999999999999964,175,1.7465547641302446,1.0780288657141612,0.4851983020059866,1.715386613614678,0.28880035877227783,-0.007916564782848074,0.025093195189984506,-0.005416564782848073,0.0,-0.0025,True,True,51,5.0,10,0.016,0.5,0.102,0.9255632162094116,-0.3778402507305145,0,False
93,10.087474862113595,10.08,0.09999999999999964,175,1.7655239099230187,1.0872561116998085,0.41283289419583347,1.7265172507022473,0.2906742990016937,-0.005514794232107019,0.01957840095787749,-0.005514794232107019,0.0,-0.0,False,False,51,5.0,10,0.036,0.5,0.102,0.9281792640686035,-0.3950115740299225,0,False
94,10.187145915813744,10.18,0.09999999999999964,175,1.7846759615658683,1.094887114099978,0.35997748636993865,1.7388192077155222,0.292745441198349,-0.008595137326524152,0.010983263631353336,-0.006095137326524153,0.0,-0.0025,True,True,52,5.0,10,0.016,0.5,0.104,0.9897247552871704,0.21492134034633636,0,False
95,10.287584433797747,10.28,0.09999999999999964,174,1.804504188480515,1.1028886472841528,0.40642071957817,1.7516683235455355,0.29490870237350464,-0.006366233065506128,0.004617030565847208,-0.006366233065506128,0.0,-0.0,False,False,52,5.0,10,0.036,0.5,0.104,0.989534318447113,0.21848367154598236,0,False
96,10.387527024839073,10.379999999999999,0.10000000000000142,175,1.8241775771286948,1.1117752155040679,0.43743569909912816,1.7641033971651472,0.29700225591659546,-0.008661091385312344,-0.004044060819465136,-0.006161091385312343,0.0,-0.0025,True,True,53,5.0,10,0.016,0.5,0.106,0.9847897291183472,0.1185646653175354,0,False
97,10.487305747810751,10.48,0.09999999999999964,176,1.843664393201919,1.1211368291992483,0.4615703264773323,1.7763164917630219,0.2990584373474121,-0.006051109484088437,-0.010095170303553572,-0.006051109484088437,0.0,-0.0,False,False,53,5.0,10,0.036,0.5,0.106,0.9844156503677368,0.12426090985536575,0,False
98,10.58767050690949,10.58,0.09999999999999964,176,1.863057737914479,1.1309853070066234,0.4722034590065227,1.788389212067246,0.3010909855365753,-0.008481559525818331,-0.018576729829371905,-0.005981559525818331,0.0,-0.0025,True,True,54,5.0,10,0.016,0.5,0.108,0.9970762133598328,0.020344922319054604,0,False
99,10.687642748001963,10.68,0.09999999999999964,176,1.8825709845160425,1.140990013434466,0.4770544085217584,1.8006745295047288,0.30315932631492615,-0.006086893069175615,-0.02466362289854752,-0.006086893069175615,0.0,-0.0,False,False,54,5.0,10,0.036,0.5,0.108,0.9970342516899109,0.019717726856470108,0,False
100,10.787250362802297,10.78,0.09999999999999964,175,1.902080367599249,1.151007918852072,0.46094493620692045,1.8131324382868639,0.305256724357605,-0.008672405312950278,-0.033336028211497795,-0.006172405312950277,0.0,-0.0025,True,True,55,5.0,10,0.016,0.5,0.11,0.9997712969779968,-0.1789274513721466,0,False
101,10.887488862033933,10.879999999999999,0.10000000000000142,177,1.9220295645032277,1.1604236909331398,0.4245427070949529,1.8264359561494123,0.30749648809432983,-0.006591371455013192,-0.03992739966651099,-0.006591371455013192,0.0,-0.0,False,False,55,5.0,10,0.036,0.5,0.11,0.9997560381889343,-0.19897015392780304,0,False
102,10.987361934036016,10.98,0.09999999999999964,176,1.9422490305300584,1.1691510143562023,0.4082333863177228,1.8404597552236424,0.3098575174808502,-0.00944824255236598,-0.04937564221887697,-0.00694824255236598,0.0,-0.0025,True,True,56,5.0,10,0.016,0.5,0.112,0.9999158382415771,0.507188618183136,0,False
103,11.087605813983828,11.08,0.09999999999999964,176,1.9618429443191048,1.1787122385850897,0.5072065309535103,1.8537085749061935,0.3120880722999573,-0.006564270651601576,-0.055939912870478545,-0.006564270651601576,0.0,-0.0,False,False,56,5.0,10,0.036,0.5,0.112,0.9998807311058044,0.5184659957885742,0,False
104,11.187707954086363,11.18,0.09999999999999964,174,1.9803878238098425,1.1901778924471706,0.5921785944329138,1.8653458339716031,0.31404730677604675,-0.008265805556910115,-0.06420571842738866,-0.005765805556910115,0.0,-0.0025,True,True,57,5.0,10,0.016,0.5,0.114,0.9963913559913635,0.34253814816474915,0,False
105,11.288056641817093,11.28,0.09999999999999964,173,1.998076641819627,1.2029029035148087,0.6604196482459518,1.8758539031010786,0.3158164322376251,-0.005206336220460531,-0.06941205464784919,-0.005206336220460531,0.0,-0.0,False,False,57,5.0,10,0.036,0.5,0.114,0.996242880821228,0.3474719524383545,0,False
106,11.388106163125485,11.379999999999999,0.10000000000000142,172,2.014847189254015,1.2168264981221824,0.7276517769088708,1.8852219842720315,0.31739363074302673,-0.0071415168872210385,-0.07655357153507023,-0.004641516887221039,0.0,-0.0025,True,True,58,5.0,10,0.016,0.5,0.116,0.997117280960083,0.34174802899360657,0,False
107,11.487823217175901,11.48,0.09999999999999964,172,2.030634106116453,1.2318634331442955,0.795816041495469,1.893443527864203,0.31877779960632324,-0.004073452473961275,-0.0806270240090315,-0.004073452473961275,0.0,-0.0,False,False,58,5.0,10,0.036,0.5,0.116,0.997194230556488,0.3488398790359497,0,False
108,11.588005235884339,11.58,0.09999999999999964,173,2.045381364580845,1.2479695701672435,0.8618024788156787,1.9005015402682737,0.31996607780456543,-0.005996968393622206,-0.08662399240265371,-0.0034969683936222065,0.0,-0.0025,True,True,59,5.0,10,0.016,0.5,0.118,0.9994204044342041,0.3165219724178314,0,False
109,11.688192746136338,11.68,0.09999999999999964,173,2.059098662818875,1.2649959709407892,0.9252690116253857,1.9064781572626217,0.3209722936153412,-0.0029611793708334178,-0.08958517177348713,-0.0029611793708334178,0.0,-0.0,False,False,59,5.0,10,0.036,0.5,0.118,0.999341607093811,0.3166750371456146,0,False
110,11.787908140104264,11.78,0.09999999999999964,172,2.071672084909213,1.2827926610786884,0.987490896906999,1.9113367363771514,0.32179027795791626,-0.004907235440904616,-0.09449240721439174,-0.002407235440904616,0.0,-0.0025,True,True,60,5.0,10,0.016,0.5,0.12,0.9935935735702515,0.3143993318080902,0,False
111,11.88825323805213,11.879999999999999,0.10000000000000142,173,2.08308475947445,1.3012942936993819,1.050477018882371,1.9150928550870725,0.32242265343666077,-0.0018610095391319431,-0.09635341675352369,-0.0018610095391319431,0.0,-0.0,False,False,60,5.0,10,0.036,0.5,0.12,0.9932993650436401,0.32082080841064453,0,False
112,11.988170170225203,11.98,0.09999999999999964,176,2.0933254873866622,1.3205010529555459,1.1088380757153928,1.9177422649900553,0.3228687047958374,-0.003812678720589527,-0.10016609547411322,-0.0013126787205895271,0.0,-0.0025,True,True,61,5.0,10,0.016,0.5,0.122,0.9927372336387634,0.2378590852022171,0,False
113,12.088394898921251,12.08,0.09999999999999964,178,2.1026032893896507,1.3401724839233355,1.1554740867774431,1.9195704941260214,0.3231765031814575,-0.0009058158499531054,-0.10107191132406633,-0.0009058158499531054,0.0,-0.0,False,False,61,5.0,10,0.036,0.5,0.122,0.99244624376297,0.24031488597393036,0,False
114,12.188262851908803,12.18,0.09999999999999964,173,2.110842893658092,1.3601078369341015,1.2060818328278882,1.9205764803943886,0.3233458697795868,-0.0029984267501242754,-0.10407033807419061,-0.0004984267501242755,0.0,-0.0025,True,True,62,5.0,10,0.016,0.5,0.124,0.9799212217330933,0.27398762106895447,0,False
115,12.288360241800547,12.28,0.09999999999999964,179,2.1179472234111727,1.38035356784649,1.260738229026085,1.920649234284288,0.32335811853408813,-3.604669968343733e-05,-0.10410638477387404,-3.604669968343733e-05,0.0,-0.0,False,False,62,5.0,10,0.036,0.5,0.124,0.9801052808761597,0.27986326813697815,0,False
116,12.38826282415539,12.379999999999999,0.10000000000000142,177,2.1239470661311137,1.401086652268925,1.3189945015482085,1.9197604331135205,0.3232084810733795,-0.00205963387077702,-0.10616601864465107,0.0004403661292229803,0.0,-0.0025,True,True,63,5.0,10,0.016,0.5,0.126,0.9896630048751831,0.2995431125164032,0,False
117,12.48829825501889,12.48,0.09999999999999964,178,2.1287181492608336,1.4222120899038475,1.378934780728343,1.917824046734906,0.3228824734687805,0.0009594035227184346,-0.10520661512193263,0.0009594035227184346,0.0,-0.0,False,False,63,5.0,10,0.036,0.5,0.126,0.9890602231025696,0.30188190937042236,0,False
118,12.588155568111688,12.58,0.09999999999999964,175,2.1322094740275417,1.443500071032284,1.4367508149574286,1.914858661908637,0.32238322496414185,-0.0010307680946538623,-0.10623738321658649,0.0014692319053461378,0.0,-0.0025,True,True,64,5.0,10,0.016,0.5,0.128,0.9830864667892456,0.28177523612976074,0,False
119,12.688436326105148,12.68,0.09999999999999964,171,2.1344957993564475,1.464898826036406,1.4933487942837456,1.9109442902119271,0.32172420620918274,0.001939417688808378,-0.1042979655277781,0.001939417688808378,0.0,-0.0,False,False,64,5.0,10,0.036,0.5,0.128,0.9830722808837891,0.2856951355934143,0,False
120,12.788179600145668,12.78,0.09999999999999964,173,2.1355733687060843,1.4863815977928172,1.5473541386971377,1.9060780993765563,0.320904940366745,-8.899324988270252e-05,-0.10438695877766081,0.0024110067501172975,0.0,-0.0025,True,True,65,5.0,10,0.016,0.5,0.13,0.9812079071998596,0.2616903781890869,0,False
121,12.8886105469428,12.879999999999999,0.10000000000000142,173,2.1355272057196877,1.5078657787146907,1.599746954814441,1.9003569175722934,0.3199417293071747,0.0028346212500469435,-0.10155233752761388,0.0028346212500469435,0.0,-0.0,False,False,65,5.0,10,0.036,0.5,0.13,0.9803159236907959,0.2634609341621399,0,False
122,12.988282861188054,12.98,0.09999999999999964,171,2.1343626286799466,1.52959738173613,1.6460633664114905,1.893717195780954,0.3188238739967346,0.0007897217966586776,-0.1007626157309552,0.0032897217966586776,0.0,-0.0025,True,True,66,5.0,10,0.016,0.5,0.132,0.9972823858261108,0.23089389503002167,0,False
123,13.088599080219865,13.08,0.09999999999999964,173,2.132215616440007,1.551342182047968,1.6931556784474286,1.8863478108894545,0.3175831735134125,0.0036512412518781975,-0.097111374479077,0.0036512412518781975,0.0,-0.0,False,False,66,5.0,10,0.036,0.5,0.132,0.9969895482063293,0.23287387192249298,0,False
124,13.188585781026632,13.18,0.09999999999999964,172,2.129124585162217,1.5731971515363006,1.7129618182330455,1.8782592068868558,0.3162213861942291,0.0015075861200385776,-0.09560378835903842,0.004007586120038578,0.0,-0.0025,True,True,67,5.0,10,0.016,0.5,0.134,0.9994102120399475,-0.6059591770172119,0,False
125,13.2886385419406,13.28,0.09999999999999964,172,2.1269776959135154,1.5954103270575417,1.6074269604676885,1.871240315187573,0.3150396943092346,0.0034775856183666106,-0.0921262027406718,0.0034775856183666106,0.0,-0.0,False,False,67,5.0,10,0.036,0.5,0.134,0.9994869232177734,-0.5976257920265198,0,False
126,13.388618962839246,13.379999999999999,0.10000000000000142,170,2.127394874938071,1.6175417924353985,1.5093385174441358,1.8669885495391636,0.31432387232780457,-0.0003934168377203611,-0.09251961957839216,0.002106583162279639,0.0,-0.0025,True,True,68,5.0,10,0.016,0.5,0.136,0.9945911765098572,-0.3107050061225891,0,False
127,13.488418327178806,13.48,0.09999999999999964,171,2.1293106603001983,1.6394446216332332,1.4493843097719425,1.8645046503102831,0.3139056861400604,0.0012306746714312868,-0.09128894490696088,0.0012306746714312868,0.0,-0.0,False,False,68,5.0,10,0.036,0.5,0.136,0.9952917098999023,-0.2934470772743225,0,False
128,13.58843751810491,13.58,0.09999999999999964,171,2.1325111328330704,1.6611616422957527,1.407477899760028,1.8635740731832717,0.3137490153312683,-0.0020389355225403478,-0.09332788042950123,0.00046106447745965223,0.0,-0.0025,True,True,69,5.0,10,0.016,0.5,0.138,0.9365630149841309,0.057381171733140945,0,False
129,13.688504927791655,13.68,0.09999999999999964,171,2.1356252582116135,1.6815072969558182,1.4244446008283027,1.8630506346128757,0.3136608898639679,0.00025934328701690605,-0.09306853714248432,0.00025934328701690605,0.0,-0.0,False,False,69,5.0,10,0.036,0.5,0.138,0.9362467527389526,0.05603254213929176,0,False
130,13.789804288186133,13.78,0.10100000000000087,173,2.138424589168536,1.7017591499578548,1.4589697820149674,1.8624586905549099,0.31356123089790344,-0.0022067149300694,-0.09527525207255372,0.0002932850699306,0.0,-0.0025,True,True,70,5.0,10,0.016,0.5,0.14,0.8544830083847046,0.45922186970710754,0,False
131,13.88964568078518,13.879999999999999,0.09999999999999964,171,2.13957552900754,1.720299197200729,1.5545009205553666,1.8607177306834704,0.31326812505722046,0.0008625773513060573,-0.09441267472124766,0.0008625773513060573,0.0,-0.0,False,False,70,5.0,10,0.036,0.5,0.14,0.840913712978363,0.46343567967414856,0,False
132,13.98967937193811,13.98,0.09999999999999964,172,2.139083139592113,1.7389591587842572,1.625231870053255,1.8575169135614196,0.31272923946380615,-0.0009141206236587536,-0.09532679534490641,0.0015858793763412465,0.0,-0.0025,True,True,71,5.0,10,0.016,0.5,0.142,0.9462293982505798,-0.3309897482395172,0,False
133,14.09012654889375,14.08,0.09999999999999964,172,2.1384030743012556,1.7588652727713827,1.5758009232818937,1.8541498776982115,0.3121623694896698,0.001668234244961129,-0.09365856109994529,0.001668234244961129,0.0,-0.0,False,False,71,5.0,10,0.036,0.5,0.142,0.9563184976577759,-0.3024657666683197,0,False
134,14.190024151001126,14.18,0.09999999999999964,171,2.1388694704022746,1.7797375884321927,1.5364964999185649,1.852014170443619,0.31180280447006226,-0.0014418407988299907,-0.09510040189877528,0.0010581592011700094,0.0,-0.0025,True,True,72,5.0,10,0.016,0.5,0.144,0.9063223600387573,0.26242008805274963,0,False
135,14.289841934107244,14.28,0.10000000000000142,170,2.139005828724,1.7996555658890354,1.5930453553075568,1.8498866059601589,0.31144461035728455,0.0010541247773611785,-0.0940462771214141,0.0010541247773611785,0.0,-0.0,False,False,72,5.0,10,0.036,0.5,0.144,0.8920363783836365,0.26592501997947693,0,False
136,14.390164352022111,14.379999999999999,0.09999999999999964,168,2.1381096533461426,1.8196624266991794,1.635174187112633,1.846935028441462,0.3109476864337921,-0.0010376090741558309,-0.09508388619556993,0.0014623909258441692,0.0,-0.0025,True,True,73,5.0,10,0.016,0.5,0.146,0.9211161732673645,0.16620245575904846,0,False
137,14.489897505845875,14.48,0.09999999999999964,171,2.136525728707788,1.8397918451230277,1.6677826626146106,1.8435003721745031,0.31036943197250366,0.0017017375035476877,-0.09338214869202224,0.0017017375035476877,0.0,-0.0,False,False,73,5.0,10,0.036,0.5,0.146,0.9157444834709167,0.16716518998146057,0,False
138,14.59011308522895,14.58,0.09999999999999964,171,2.1343103264334413,1.8600464917918373,1.6793675591878872,1.8396415837416096,0.3097197711467743,-0.0005881216389303724,-0.09397027033095262,0.0019118783610696276,0.0,-0.0025,True,True,74,5.0,10,0.016,0.5,0.148,0.9816422462463379,-0.2541333734989166,0,False
139,14.690217736177146,14.68,0.09999999999999964,170,2.132654294575528,1.8816897004845117,1.6220626427375215,1.8364692663185218,0.3091856837272644,0.001571758893010284,-0.09239851143794234,0.001571758893010284,0.0,-0.0,False,False,74,5.0,10,0.036,0.5,0.148,0.9852872490882874,-0.268904447555542,0,False
140,14.79001052910462,14.78,0.10000000000000142,170,2.1321391594704204,1.903018924806704,1.565121990635197,1.8347040551504492,0.3088884949684143,-0.0016254070821328337,-0.09402391852007518,0.0008745929178671664,0.0,-0.0025,True,True,75,5.0,10,0.016,0.5,0.15,0.9607616662979126,-0.2815200984477997,0,False
141,14.89020973816514,14.879999999999999,0.09999999999999964,164,2.132830798110727,1.9242875880467025,1.5096218835473898,1.8343939217803666,0.30883628129959106,0.00015365892419808973,-0.09387025959587708,0.00015365892419808973,0.0,-0.0,False,False,75,5.0,10,0.036,0.5,0.15,0.9700572490692139,-0.2795926332473755,0,False
142,14.990128010045737,14.98,0.09999999999999964,170,2.134631344082189,1.9453485472736998,1.4698252069728057,1.8354452243402526,0.3090132772922516,-0.0030208791956691586,-0.09689113879154623,-0.0005208791956691586,0.0,-0.0025,True,True,76,5.0,10,0.016,0.5,0.152,0.9549195766448975,-0.13372844457626343,0,False
143,15.090553598012775,15.08,0.09999999999999964,171,2.1369977870856456,1.9663033421683094,1.4425629033632845,1.837306732627803,0.3093266785144806,-0.0009223043646501806,-0.09781344315619642,-0.0009223043646501806,0.0,-0.0,False,False,76,5.0,10,0.036,0.5,0.152,0.9617467522621155,-0.14468492567539215,0,False
144,15.190408539958298,15.18,0.09999999999999964,170,2.139986292046379,1.987012928690027,1.4018067054075172,1.8400320827224326,0.30978551506996155,-0.0038503041078502996,-0.10166374726404671,-0.0013503041078502995,0.0,-0.0025,True,True,77,5.0,10,0.016,0.5,0.154,0.95078444480896,-0.28892281651496887,0,False
145,15.29043216118589,15.28,0.10000000000000142,171,2.144111437447262,2.0076526538625346,1.3455944025554591,1.8441273655516905,0.3104749917984009,-0.002029052061257255,-0.10369279932530397,-0.002029052061257255,0.0,-0.0,False,False,77,5.0,10,0.036,0.5,0.154,0.9581894278526306,-0.27992382645606995,0,False
146,15.390556790865958,15.379999999999999,0.09999999999999964,171,2.1494977549043086,2.028210468807418,1.2752139770623523,1.8497129525149243,0.3114153742790222,-0.00526743932314306,-0.10896023864844703,-0.00276743932314306,0.0,-0.0025,True,True,78,5.0,10,0.016,0.5,0.156,0.9777320027351379,-0.4407033920288086,0,False
147,15.490490972995758,15.48,0.09999999999999964,171,2.1567501693083653,2.0486379368466774,1.1857443401555878,1.8573871602735939,0.31270739436149597,-0.0038022690301139157,-0.11276250767856096,-0.0038022690301139157,0.0,-0.0,False,False,78,5.0,10,0.036,0.5,0.156,0.9786582589149475,-0.46284759044647217,0,False
148,15.590258297044784,15.58,0.09999999999999964,170,2.165852191114891,2.0683509211476747,1.08702470673172,1.8671037874523622,0.31434327363967896,-0.007314207767213083,-0.12007671544577404,-0.004814207767213083,0.0,-0.0025,True,True,79,5.0,10,0.016,0.5,0.158,0.9784384965896606,-0.5146552324295044,0,False
149,15.690341147128493,15.68,0.09999999999999964,170,2.1769192589521538,2.087021636676422,0.9843063425370749,1.8789355879411285,0.3163352608680725,-0.005862193203995577,-0.12593890864976962,-0.005862193203995577,0.0,-0.0,False,False,79,5.0,10,0.036,0.5,0.158,0.974216639995575,-0.54049152135849,0,False
150,15.790339327882975,15.780000000000001,0.10000000000000142,170,2.1892779470298294,2.103762957099508,0.8855016310169511,1.8921252840245883,0.3185558617115021,-0.009034977226554615,-0.13497388587632422,-0.0065349772265546145,0.0,-0.0025,True,True,80,5.0,10,0.016,0.5,0.16,0.9024655818939209,-0.4753119647502899,0,False
151,15.99072631681338,15.98,0.1999999999999993,342,2.2166876966240414,2.131668638318077,0.7011158945891103,1.921204889905686,0.3234516680240631,-0.016907804470071394,-0.15188169034639562,-0.014407804470071393,0.0,-0.0025,True,True,81,5.0,10,0.016,0.5,0.162,0.827886164188385,-0.44384169578552246,0,False
152,16.090434681158513,16.08,0.10000000000000142,171,2.2311849707873384,2.1428714979789323,0.6124256458678504,1.9364626728399876,0.3260204493999481,-0.007559633169138175,-0.1594413235155338,-0.007559633169138175,0.0,-0.0,False,False,81,5.0,10,0.036,0.5,0.162,0.808883786201477,-0.4757309854030609,0,False
153,16.29058507224545,16.28,0.1999999999999993,340,2.2628960016587945,2.160046366179405,0.32262899001174444,1.9694099179921662,0.3315674066543579,-0.018824068074411605,-0.17826539158994542,-0.016324068074411606,0.0,-0.0025,True,True,82,5.0,10,0.036,0.5,0.164,0.8076333999633789,-0.8630009293556213,0,False
154,16.491558236069977,16.48,0.2010000000000005,351,2.297814793341503,2.1660215833115046,0.024557960456160533,2.004701219129866,0.33750900626182556,-0.019985455902169044,-0.19825084749211447,-0.017485455902169045,0.0,-0.0025,True,True,83,5.0,10,0.036,0.5,0.166,0.8238905072212219,-0.7764675617218018,0,False
155,16.691695127170533,16.68,0.1999999999999993,352,2.3379292604724,2.161429641355174,-0.21711686686688414,2.0443129684203085,0.3441779911518097,-0.022126068552227648,-0.22037691604434212,-0.01962606855222765,0.0,-0.0025,True,True,84,5.0,10,0.036,0.5,0.168,0.999428927898407,-0.47711315751075745,0,False
156,16.79191109724343,16.78,0.10000000000000142,177,2.3586497486803317,2.1557157050307434,-0.3185068071874734,2.064530584058003,0.34758180379867554,-0.01251703579305741,-0.23289395183739953,-0.01001703579305741,0.0,-0.0025,True,True,85,5.0,10,0.016,0.5,0.17,0.9826809167861938,-0.4767560660839081,0,False
157,16.991684420965612,16.98,0.1999999999999993,350,2.397605366121904,2.13843428349383,-0.5127383902071901,2.1021684194159165,0.3539184629917145,-0.021148071598042287,-0.2540420234354418,-0.018648071598042288,0.0,-0.0025,True,True,86,5.0,10,0.016,0.5,0.172,0.9750617146492004,-0.41163864731788635,0,False
158,17.191749553196132,17.18,0.1999999999999993,354,2.433588353574187,2.1140829461763313,-0.6687181462780872,2.136636238568671,0.35972142219543457,-0.019577452868282202,-0.273619476303724,-0.017077452868282203,0.0,-0.0025,True,True,87,5.0,10,0.016,0.5,0.174,0.9988353848457336,-0.3257630169391632,0,False
159,17.292117001023144,17.28,0.10000000000000142,177,2.45048201374683,2.0998460463264594,-0.73418852310716,2.152798754182477,0.3624425232410431,-0.008007892736248051,-0.2816273690399721,-0.008007892736248051,0.0,-0.0,False,False,87,5.0,10,0.036,0.5,0.174,0.9985618591308594,-0.32495132088661194,0,False
160,17.492163822986186,17.48,0.1999999999999993,350,2.4811661310820976,2.068011746585823,-0.8773620135590491,2.182226198004335,0.36739689111709595,-0.017080144530601794,-0.2987075135705739,-0.014580144530601795,0.0,-0.0025,True,True,88,5.0,10,0.036,0.5,0.176,0.9998239874839783,-0.3651942312717438,0,False
161,17.69223488494754,17.68,0.1999999999999993,352,2.506682996522296,2.0320704389454742,-1.031141682755248,2.206915965161302,0.3715536296367645,-0.014732811512772179,-0.31344032508334607,-0.012232811512772179,0.0,-0.0025,True,True,89,5.0,10,0.036,0.5,0.178,0.9951023459434509,-0.3827204406261444,0,False
162,17.792309436015785,17.78,0.10000000000000142,176,2.5173871829003645,2.0127191822309305,-1.091156748529838,2.21742368025725,0.3733226954936981,-0.007706160810729654,-0.32114648589407574,-0.005206160810729654,0.0,-0.0025,True,True,90,5.0,10,0.016,0.5,0.18,0.9952325820922852,-0.2725006937980652,0,False
163,17.99205128988251,17.98,0.1999999999999993,349,2.535525358966058,1.9726079242270516,-1.2044634216042251,2.235693226409922,0.3763985335826874,-0.011551843749221715,-0.33269832964329743,-0.009051843749221715,0.0,-0.0025,True,True,91,5.0,10,0.016,0.5,0.182,0.9985413551330566,-0.29295480251312256,0,False
164,18.19209214206785,18.18,0.1999999999999993,353,2.548752833078509,1.930942299640828,-1.3264884488454114,2.249812968570102,0.3787757158279419,-0.009495778589418007,-0.34219410823271545,-0.006995778589418008,0.0,-0.0025,True,True,92,5.0,10,0.016,0.5,0.184,0.9991597533226013,-0.297452837228775,0,False
165,18.292144583072513,18.28,0.10000000000000142,176,2.5534072658355997,1.90948146545409,-1.388304851314227,2.2552245480545734,0.37968680262565613,-0.002681225440445113,-0.3448753336731606,-0.002681225440445113,0.0,-0.0,False,False,92,5.0,10,0.036,0.5,0.184,0.9991058707237244,-0.29780110716819763,0,False
166,18.492431383114308,18.48,0.1999999999999993,350,2.559206560348713,1.8657200449784561,-1.4884446827563191,2.2631936657416434,0.3810284733772278,-0.006448385335886752,-0.35132371900904735,-0.003948385335886752,0.0,-0.0025,True,True,93,5.0,10,0.036,0.5,0.186,0.9998403191566467,-0.25061002373695374,0,False
167,18.692247116938233,18.68,0.1999999999999993,350,2.5604721805887523,1.821885313337127,-1.598898988530461,2.2674787105416367,0.3817498981952667,-0.004623071676976604,-0.355946790686024,-0.002123071676976604,0.0,-0.0025,True,True,94,5.0,10,0.036,0.5,0.188,0.9999546408653259,-0.2753841280937195,0,False
168,18.792611095122993,18.78,0.10000000000000142,175,2.559278394173868,1.7998230665941186,-1.6479832458610453,2.268129070131639,0.3818593919277191,-0.0028222276755159197,-0.3587690183615399,-0.00032222767551591953,0.0,-0.0025,True,True,95,5.0,10,0.016,0.5,0.19,0.9999794363975525,-0.2246350347995758,0,False
169,18.992659437004477,18.98,0.1999999999999993,349,2.553933772918006,1.7559961752482445,-1.7357626626191636,2.2671029039522046,0.38168662786483765,-0.0019915748952189756,-0.36076059325675885,0.0005084251047810242,0.0,-0.0025,True,True,96,5.0,10,0.016,0.5,0.192,0.9997155070304871,-0.20217078924179077,0,False
170,19.19280967814848,19.18,0.1999999999999993,350,2.544951440073263,1.7128078910032354,-1.8200788792678277,2.2632467707707673,0.3810374140739441,-0.0005894372119115583,-0.3613500304686704,0.0019105627880884417,0.0,-0.0025,True,True,97,5.0,10,0.016,0.5,0.194,0.998076319694519,-0.23773355782032013,0,False
171,19.2927693198435,19.28,0.10000000000000142,176,2.5390065324217352,1.691576876224384,-1.867346180532976,2.2601493314387437,0.3805159330368042,0.00153465973494203,-0.3598153707337284,0.00153465973494203,0.0,-0.0,False,False,97,5.0,10,0.036,0.5,0.194,0.9980589151382446,-0.23747505247592926,0,False
172,19.492703932803124,19.48,0.1999999999999993,351,2.5241968206685286,1.6500086843825617,-1.9582643658589767,2.2515650804976572,0.3790706992149353,0.0017531597431860529,-0.3580622109905423,0.004253159743186053,0.0,-0.0025,True,True,98,5.0,10,0.036,0.5,0.196,0.9994712471961975,-0.22373780608177185,0,False
173,19.69281522417441,19.68,0.1999999999999993,352,2.505997032011561,1.6101188806330418,-2.0387481135100542,2.2401853808234975,0.3771548271179199,0.003138194977738824,-0.3549240160128035,0.005638194977738824,0.0,-0.0025,True,True,99,5.0,10,0.036,0.5,0.198,0.9938802123069763,-0.19579608738422394,0,False
174,19.792632686905563,19.78,0.10000000000000142,175,2.4958492743569525,1.5910186358211709,-2.084199956255792,2.233611332251508,0.3760480284690857,0.0007571832915915528,-0.3541668327212119,0.003257183291591553,0.0,-0.0025,True,True,100,5.0,10,0.016,0.5,0.2,0.9688272476196289,-0.2458602339029312,0,False
175,19.993099845014513,19.98,0.1999999999999993,351,2.473523269261044,1.5554704931717036,-2.1722482302934494,2.218515165622506,0.37350645661354065,0.004979558627019022,-0.34918727409419287,0.007479558627019022,0.0,-0.0025,True,True,101,5.0,10,0.016,0.5,0.202,0.8984532356262207,-0.133421391248703,0,False
176,20.192793720867485,20.18,0.1999999999999993,352,2.4502690890069942,1.523366872347555,-2.229036948655216,2.20246133830164,0.3708036541938782,0.005454041948886131,-0.3437332321453067,0.007954041948886131,0.0,-0.0025,True,True,102,5.0,10,0.016,0.5,0.204,0.8963717818260193,-0.17185187339782715,0,False
177,20.29284703079611,20.28,0.10000000000000142,176,2.437908834378912,1.507939682944449,-2.2627071631448215,2.193804333470654,0.36934617161750793,0.004289206442869601,-0.3394440257024371,0.004289206442869601,0.0,-0.0,False,False,102,5.0,10,0.036,0.5,0.204,0.8935494422912598,-0.16765469312667847,0,False
178,20.49299262324348,20.48,0.1999999999999993,352,2.41012465893613,1.479091071434552,-2.470626174824916,2.1734700637856514,0.3659227192401886,0.007574833299362337,-0.3318691924030748,0.010074833299362337,0.0,-0.0025,True,True,103,5.0,10,0.036,0.5,0.206,0.8539623618125916,0.0598214827477932,0,False
179,20.69293170515448,20.68,0.1999999999999993,353,2.377365342659134,1.4546058308774867,-2.493900759079459,2.1477666986394763,0.3615953326225281,0.010235009572109136,-0.3216341828309656,0.012735009572109136,0.0,-0.0025,True,True,104,5.0,10,0.036,0.5,0.208,0.9398762583732605,0.06368468701839447,0,False
180,20.79299638606608,20.78,0.10000000000000142,176,2.361096387527248,1.442252320761531,-2.505992262619103,2.135228424246601,0.35948440432548523,0.0037122233218461766,-0.31792195950911945,0.006212223321846177,0.0,-0.0025,True,True,105,5.0,10,0.016,0.5,0.21,0.8791106939315796,-0.9724376201629639,0,False
181,20.993094648234546,20.98,0.1999999999999993,352,2.3258253900627257,1.4233381588787704,-2.790554743734813,2.1063017608493797,0.35461434721946716,0.01183202746635733,-0.30608993204276214,0.01433202746635733,0.0,-0.0025,True,True,106,5.0,10,0.016,0.5,0.212,0.9146022796630859,0.06607941538095474,0,False
182,21.193350518122315,21.18,0.1999999999999993,346,2.2881859488093186,1.4100266664032488,-2.808107314576468,2.0738737058652674,0.3491548001766205,0.013566829704164443,-0.2925231023385977,0.016066829704164443,0.0,-0.0025,True,True,107,5.0,10,0.016,0.5,0.214,0.7968465089797974,-0.7502312660217285,0,False
183,21.293187281116843,21.28,0.10000000000000142,172,2.2698286751693586,1.4046530151242205,-2.9218187383650918,2.057829614466407,0.34645363688468933,0.007949218181288855,-0.28457388415730883,0.007949218181288855,0.0,-0.0,False,False,107,5.0,10,0.036,0.5,0.214,0.7587822675704956,-0.3112871050834656,0,False
184,21.493315652012825,21.48,0.1999999999999993,351,2.233117402431467,1.3974731246201726,-2.933310077967362,2.0248411244082756,0.3408997356891632,0.013844503308052128,-0.2707293808492567,0.01634450330805213,0.0,-0.0025,True,True,108,5.0,10,0.036,0.5,0.216,0.9337398409843445,0.06946051120758057,0,False
185,21.69358805194497,21.68,0.1999999999999993,353,2.1934917131341964,1.38916333188658,-2.9438575949528785,1.989580978220995,0.3349633812904358,0.014970019845856894,-0.2557593610033998,0.017470019845856895,0.0,-0.0025,True,True,109,5.0,10,0.036,0.5,0.218,0.9216345548629761,-0.045137446373701096,0,False
186,21.79345337394625,21.78,0.10000000000000142,176,2.173593512485913,1.3852518830723743,-2.9478378915346086,1.971869211890886,0.33198145031929016,0.006275485718315104,-0.2494838752850847,0.008775485718315105,0.0,-0.0025,True,True,110,5.0,10,0.016,0.5,0.22,0.9221854209899902,-0.004721390549093485,0,False
187,21.99352580588311,21.98,0.1999999999999993,350,2.133866363331697,1.3774983516213157,-2.9504534382345833,1.9366398666204971,0.3260502815246582,0.014954759199275624,-0.23452911608580906,0.017454759199275624,0.0,-0.0025,True,True,111,5.0,10,0.016,0.5,0.222,0.91457599401474,-0.012407246977090836,0,False
188,22.193356980104,22.18,0.1999999999999993,352,2.0947705604254008,1.3700444960256255,-2.95173394986753,1.902115933153635,0.3202378749847412,0.014605255310617323,-0.21992386077519174,0.017105255310617323,0.0,-0.0025,True,True,112,5.0,10,0.016,0.5,0.224,0.8719030618667603,0.025504816323518753,0,False
189,22.293732908088714,22.28,0.10000000000000142,177,2.0759810699876837,1.3663525845372575,-2.948809398998141,1.8856346103483228,0.31746309995651245,0.00816584919885112,-0.2117580115763406,0.00816584919885112,0.0,-0.0,False,False,112,5.0,10,0.036,0.5,0.224,0.8682608604431152,-0.0135340029373765,0,False
190,22.494025168009102,22.48,0.1999999999999993,350,2.038351937459821,1.3575793296612755,-2.847530025655379,1.853259837410098,0.31201252341270447,0.01354043053967611,-0.1982175810366645,0.01604043053967611,0.0,-0.0025,True,True,113,5.0,10,0.036,0.5,0.226,0.8926209211349487,0.2535988688468933,0,False
191,22.694068470038474,22.68,0.1999999999999993,352,2.0007223758156067,1.3442458777684836,-2.7631652009215264,1.8227644514525616,0.30687835812568665,0.012609267983619601,-0.1856083130530449,0.015109267983619602,0.0,-0.0025,True,True,114,5.0,10,0.036,0.5,0.228,0.9240757822990417,0.12772546708583832,0,False
192,22.79411070002243,22.78,0.10000000000000142,176,1.9823215065859208,1.336611387555735,-2.727742240596961,1.808394407588445,0.3044590353965759,0.004619793269107603,-0.1809885197839373,0.007119793269107603,0.0,-0.0025,True,True,115,5.0,10,0.016,0.5,0.23,0.9701593518257141,-0.11136578768491745,0,False
193,22.99405593285337,22.98,0.1999999999999993,353,1.942757727599178,1.3202784005739312,-2.774894652625408,1.7778285689589381,0.2993130087852478,0.012644174520052618,-0.16834434526388467,0.015144174520052619,0.0,-0.0025,True,True,116,5.0,10,0.016,0.5,0.232,0.9871029257774353,-0.10770252346992493,0,False
194,23.19425934413448,23.18,0.1999999999999993,352,1.9019659781991156,1.3055074187006825,-2.8130870542220436,1.746028392435832,0.2939591705799103,0.01325574054655569,-0.155088604717329,0.01575574054655569,0.0,-0.0025,True,True,117,5.0,10,0.016,0.5,0.234,0.9784964919090271,-0.0850168988108635,0,False
195,23.293978127185255,23.28,0.10000000000000142,176,1.8814979983376576,1.2987356165093453,-2.8300422203313267,1.73000217973011,0.2912610173225403,0.007940359989882415,-0.1471482447274466,0.007940359989882415,0.0,-0.0,False,False,117,5.0,10,0.036,0.5,0.234,0.9788293242454529,-0.07153169065713882,0,False
196,23.494298726785928,23.48,0.1999999999999993,351,1.8399965425339746,1.2862577329024936,-2.8706224131341957,1.697356040093063,0.28576475381851196,0.013674882098349371,-0.1334733626290972,0.016174882098349372,0.0,-0.0025,True,True,118,5.0,10,0.036,0.5,0.236,0.9848687052726746,-0.09660650789737701,0,False
197,23.694095821119845,23.68,0.1999999999999993,351,1.7983063129420722,1.275415966589652,-2.9016441470207233,1.6643147990393352,0.2802019715309143,0.013870639357944308,-0.1196027232711529,0.01637063935794431,0.0,-0.0025,True,True,119,5.0,10,0.036,0.5,0.238,0.9770686030387878,-0.06684041023254395,0,False
198,23.79411594197154,23.78,0.10000000000000142,176,1.7773833938068562,1.270423049728814,-2.9099788093834036,1.6477088564323459,0.2774062156677246,0.005727593424099713,-0.11387512984705318,0.008227593424099714,0.0,-0.0025,True,True,120,5.0,10,0.016,0.5,0.24,0.9764394164085388,0.027498194947838783,0,False
199,23.994431882165372,23.98,0.1999999999999993,353,1.736109187616947,1.2604342860051738,-2.9095551202474668,1.615353555338133,0.2719589173793793,0.013530783004481005,-0.10034434684257218,0.016030783004481006,0.0,-0.0025,True,True,121,5.0,10,0.016,0.5,0.242,0.9367888569831848,-0.08192804455757141,0,False
200,24.19448178401217,24.18,0.1999999999999993,352,1.6958432511118087,1.2517049246385283,-2.9600999599431184,1.5837688082165056,0.2666413486003876,0.013149003725351839,-0.08719534311722034,0.01564900372535184,0.0,-0.0025,True,True,122,5.0,10,0.016,0.5,0.244,0.8965060710906982,-0.3475622236728668,0,False
201,24.294626004062593,24.28,0.10000000000000142,176,1.676174943807052,1.2489031881926358,-3.0300106706216217,1.567802250160166,0.26395323872566223,0.007910803450239194,-0.07928453966698115,0.007910803450239194,0.0,-0.0,False,False,122,5.0,10,0.036,0.5,0.244,0.8997641801834106,-0.2624495029449463,0,False
202,24.49436776805669,24.48,0.1999999999999993,351,1.6359521604040228,1.2453547614917304,-3.030123150919363,1.5343590040359718,0.2583227753639221,0.014069817107290066,-0.06521472255969109,0.016569817107290066,0.0,-0.0025,True,True,123,5.0,10,0.036,0.5,0.246,0.9451599717140198,0.16182313859462738,0,False
203,24.694710067939013,24.68,0.1999999999999993,353,1.5931148802049628,1.2400667572457365,-3.020579101977812,1.4998816259779748,0.2525182068347931,0.014582188931014537,-0.05063253362867655,0.017082188931014538,0.0,-0.0025,True,True,124,5.0,10,0.036,0.5,0.248,0.9990598559379578,-0.03515859693288803,0,False
204,24.794658719096333,24.78,0.10000000000000142,176,1.5712583043521784,1.2375202755326755,-3.032993927789509,1.4823875902672732,0.24957293272018433,0.006167608733860942,-0.044464924894815606,0.008667608733860943,0.0,-0.0025,True,True,125,5.0,10,0.016,0.5,0.25,0.9992848038673401,-0.06664537638425827,0,False
205,24.99461738206446,24.98,0.1999999999999993,351,1.5274243806817083,1.2333301541333284,-3.064755717303899,1.4471880723215753,0.2436467856168747,0.014939980929454122,-0.029524943965361483,0.017439980929454122,0.0,-0.0025,True,True,126,5.0,10,0.016,0.5,0.252,0.9997507929801941,-0.12972323596477509,0,False
206,25.195147410035133,25.18,0.1999999999999993,343,1.4833980840591234,1.2310995955872186,-3.1155245588217233,1.411254377348242,0.2375970333814621,0.015303736858741515,-0.014221207106619968,0.017803736858741516,0.0,-0.0025,True,True,127,5.0,10,0.016,0.5,0.254,0.9999920129776001,-0.11872374266386032,0,False
207,25.29517148109153,25.28,0.10000000000000142,168,1.4613560009653856,1.2307819652385898,-3.1391498879382427,1.392998284469615,0.2345234602689743,0.009045178179450402,-0.005176028927169566,0.009045178179450402,0.0,-0.0,False,False,127,5.0,10,0.036,0.5,0.254,0.9999915957450867,-0.11392181366682053,0,False
208,25.494995505083352,25.48,0.1999999999999993,340,1.417385892239164,1.2307494962589356,-3.1318459271354664,1.3565756691948159,0.2283913940191269,0.015545977697003556,0.01036994876983399,0.018045977697003557,0.0,-0.0025,True,True,128,5.0,10,0.036,0.5,0.256,0.9996950030326843,0.046727027744054794,0,False
209,25.695031167007983,25.68,0.1999999999999993,340,1.3732556210718403,1.2315536238475664,3.0600239349177287,1.3199952434751374,0.22223275899887085,0.015624166584516477,0.025994115354350467,0.018124166584516477,0.0,-0.0025,True,True,129,5.0,10,0.036,0.5,0.258,0.9999852180480957,-0.3246672451496124,0,False
210,25.7950612581335,25.78,0.10000000000000142,171,1.3513308006876674,1.234056392341208,3.0019972438393143,1.3007559994906663,0.2189936637878418,0.007032291001936851,0.03302640635628732,0.009532291001936852,0.0,-0.0025,True,True,130,5.0,10,0.016,0.5,0.26,0.997160792350769,-0.18617667257785797,0,False
211,25.995145368855447,25.98,0.1999999999999993,342,1.3101446682151576,1.241215719909912,2.924467241542942,1.263386610054973,0.2127021998167038,0.016015067169648234,0.049041473525935554,0.018515067169648233,0.0,-0.0025,True,True,131,5.0,10,0.016,0.5,0.262,0.7677372694015503,-0.22209814190864563,0,False
212,26.195345330052078,26.18,0.1999999999999993,341,1.2795845073665513,1.249274719208652,2.8371362246373,1.2341694621484451,0.20778323709964752,0.01197595115049482,0.06101742467643037,0.01447595115049482,0.0,-0.0025,True,True,132,5.0,10,0.016,0.5,0.264,0.4340367317199707,-0.3389338254928589,0,False
213,26.29569006804377,26.28,0.10000000000000142,164,1.2703123224214694,1.2525140622199877,2.7714215677730296,1.2248433339504998,0.2062131017446518,0.004620730834118984,0.06563815551054936,0.004620730834118984,0.0,-0.0,False,False,132,5.0,10,0.036,0.5,0.264,0.4417991042137146,-0.24804289638996124,0,False
214,26.495357342995703,26.48,0.1999999999999993,340,1.2500721122324103,1.2607806833033177,2.769259700931596,1.2037783390647552,0.20266662538051605,0.007936878983774156,0.07357503449432351,0.010436878983774156,0.0,-0.0025,True,True,133,5.0,10,0.036,0.5,0.266,0.576221227645874,0.06644275039434433,0,False
215,26.695433464832604,26.68,0.1999999999999993,342,1.2208100114713654,1.2722063276191846,2.7396905602072383,1.17370124371995,0.19760288298130035,0.012402021386656073,0.08597705588097958,0.014902021386656073,0.0,-0.0025,True,True,134,5.0,10,0.036,0.5,0.268,0.9194616079330444,-0.32913097739219666,0,False
216,26.795471146237105,26.78,0.10000000000000142,170,1.201714811030205,1.281129210256245,2.6692083462380944,1.153197657500425,0.1941509246826172,0.007658723003126807,0.09363577888410639,0.010158723003126808,0.0,-0.0025,True,True,135,5.0,10,0.016,0.5,0.27,0.9739212393760681,-0.3442821204662323,0,False
217,26.995493637863547,26.98,0.1999999999999993,341,1.1659030885720882,1.3025307802701094,2.529355623361726,1.1118684915681212,0.18719279766082764,0.017976981156434244,0.11161276004054063,0.020476981156434242,0.0,-0.0025,True,True,136,5.0,10,0.016,0.5,0.272,0.8643776774406433,-0.3812185823917389,0,False
218,27.195820576976985,27.18,0.1999999999999993,343,1.1379028960919222,1.3254148383637203,2.3768137506076132,1.0757074185617563,0.18110476434230804,0.01541639375836054,0.12702915379890117,0.01791639375836054,0.0,-0.0025,True,True,137,5.0,10,0.016,0.5,0.274,0.5696051120758057,-0.4834582805633545,0,False
219,27.29600725695491,27.28,0.10000000000000142,172,1.1291126052840275,1.334646289465702,2.2764620578021426,1.0630725815242574,0.1789775788784027,0.00626006632592743,0.1332892201248286,0.00626006632592743,0.0,-0.0,False,False,137,5.0,10,0.036,0.5,0.274,0.5761613249778748,-0.5959640145301819,0,False
220,27.495849641039968,27.48,0.1999999999999993,342,1.1138454732028518,1.3589435695413192,1.964892929462215,1.036000876794328,0.1744198203086853,0.010912968181727203,0.14420218830655582,0.013412968181727204,0.0,-0.0025,True,True,138,5.0,10,0.036,0.5,0.276,0.7224035263061523,-0.9787465929985046,0,False
221,27.696012910921127,27.68,0.1999999999999993,336,1.1061671063121377,1.3982001630984877,1.5787949138949298,1.0060160956918165,0.1693716198205948,0.01235628329934478,0.15655847160590058,0.014856283299344781,0.0,-0.0025,True,True,139,5.0,10,0.036,0.5,0.278,0.9891691207885742,-0.9916365146636963,0,False
222,27.79590302379802,27.78,0.10000000000000142,170,1.1079106884021719,1.418630830722287,1.383559790460723,0.9953440205307305,0.16757488250732422,0.0027875947782628496,0.15934606638416343,0.00528759477826285,0.0,-0.0025,True,True,140,5.0,10,0.016,0.5,0.28,0.8720681667327881,-0.9821834564208984,0,False
223,27.996094974223524,27.98,0.1999999999999993,342,1.1223177136862328,1.4546236540907782,0.995576080859349,0.9867328630415545,0.1661251187324524,0.0017664908827284029,0.16111255726689183,0.004266490882728403,0.0,-0.0025,True,True,141,5.0,10,0.016,0.5,0.282,0.8613018989562988,-0.9391006827354431,0,False
224,28.19601776683703,28.18,0.1999999999999993,338,1.1492601825146136,1.482834852415834,0.6359762693774534,0.9943352905025253,0.16740505397319794,-0.006266704707190305,0.1548458525597015,-0.003766704707190305,0.0,-0.0025,True,True,142,5.0,10,0.016,0.5,0.284,0.9975970387458801,-0.6485953330993652,0,False
225,28.296190126799047,28.28,0.10000000000000142,169,1.1677415072401394,1.49485474837882,0.5069022908819614,1.0040652824469563,0.1690431833267212,-0.004820829484551429,0.1500250230751501,-0.004820829484551429,0.0,-0.0,False,False,142,5.0,10,0.036,0.5,0.284,0.9973013997077942,-0.7105075120925903,0,False
226,28.496459926944226,28.48,0.1999999999999993,340,1.2073864700031627,1.5118949050944834,0.3600126130668389,1.0303381990304832,0.17346645891666412,-0.015517199976565314,0.13450782309858478,-0.013017199976565313,0.0,-0.0025,True,True,143,5.0,10,0.036,0.5,0.286,0.9985673427581787,-0.14463579654693604,0,False
227,28.69654528889805,28.68,0.1999999999999993,338,1.2482675121742064,1.527336504279059,0.3906392985243564,1.0595386188528373,0.17838260531425476,-0.016967663040713645,0.11754016005787113,-0.014467663040713646,0.0,-0.0025,True,True,144,5.0,10,0.036,0.5,0.288,0.9999331831932068,0.184014230966568,0,False
228,28.796329372096807,28.78,0.10000000000000142,167,1.2683534021527636,1.5360846440570244,0.433264667992733,1.0737437716015248,0.18077416718006134,-0.009538096186978368,0.10800206387089276,-0.007038096186978368,0.0,-0.0025,True,True,145,5.0,10,0.016,0.5,0.29,0.9984989762306213,0.21852603554725647,0,False
229,28.996868908870965,28.98,0.1999999999999993,334,1.3072357247719975,1.556144219452732,0.5217505371711467,1.1006959900159259,0.18531180918216705,-0.0158537673975756,0.09214829647331715,-0.013353767397575598,0.0,-0.0025,True,True,146,5.0,10,0.016,0.5,0.292,0.9995645880699158,0.23136241734027863,0,False
230,29.196372815873474,29.18,0.1999999999999993,333,1.3442130185476195,1.5796149920924363,0.5891821873075498,1.1256573008884785,0.18951426446437836,-0.014867350776310823,0.07728094569700633,-0.012367350776310822,0.0,-0.0025,True,True,147,5.0,10,0.016,0.5,0.294,0.9970734119415283,-0.06540403515100479,0,False
231,29.296673703938723,29.28,0.10000000000000142,171,1.36259837576062,1.5916043532669475,0.575038473716279,1.1383770174641934,0.1916557401418686,-0.006302120808891422,0.07097882488811491,-0.006302120808891422,0.0,-0.0,False,False,147,5.0,10,0.036,0.5,0.294,0.9972766637802124,-0.06576824188232422,0,False
232,29.496562807820737,29.48,0.1999999999999993,341,1.3994576083938064,1.6154775945790172,0.5848247924478867,1.164759418916097,0.1960974484682083,-0.015571445435821292,0.05540737945229362,-0.013071445435821291,0.0,-0.0025,True,True,148,5.0,10,0.036,0.5,0.296,0.9993335604667664,0.060763318091630936,0,False
233,29.59766871901229,29.58,0.10099999999999909,173,1.4176656351505164,1.6277510891680849,0.6010041173770574,1.1780262058001683,0.19833102822303772,-0.009073172695440652,0.046334206756852965,-0.006573172695440652,0.0,-0.0025,True,True,149,5.0,10,0.016,0.5,0.298,0.9997934699058533,0.08806162327528,0,False
234,29.69797958713025,29.68,0.10000000000000142,175,1.4356616452013329,1.6403396988936958,0.6191043572682183,1.1912526328621056,0.20055781304836273,-0.0065531759861272645,0.0397810307707257,-0.0065531759861272645,0.0,-0.0,False,False,149,5.0,10,0.036,0.5,0.298,0.9998018145561218,0.08935213834047318,0,False
235,29.897724161855876,29.88,0.1999999999999993,352,1.4707478347614291,1.6667110736944668,0.6749687022166303,1.2172641841939618,0.20493708550930023,-0.015387703742787572,0.02439332702793813,-0.012887703742787571,0.0,-0.0025,True,True,150,5.0,10,0.036,0.5,0.3,0.9998028874397278,0.15819098055362701,0,False
236,30.097977621946484,30.08,0.1999999999999993,354,1.5042397769505211,1.6950924942134993,0.728834900111134,1.2422407185081965,0.20914210379123688,-0.014874893394736076,0.009518433633202055,-0.012374893394736075,0.0,-0.0025,True,True,151,5.0,10,0.036,0.5,0.302,0.9995131492614746,0.12665267288684845,0,False
237,30.197797825094312,30.18,0.10000000000000142,175,1.5204898111292757,1.709869362789293,0.7383736721806718,1.2545003685149363,0.2112061232328415,-0.00857417586369122,0.000944257769510834,-0.006074175863691221,0.0,-0.0025,True,True,152,5.0,10,0.016,0.5,0.304,0.996807336807251,-0.027084557339549065,0,False
238,30.398177003953606,30.38,0.1999999999999993,351,1.5531364766711644,1.7392369230582858,0.738508150321046,1.2799798074549726,0.21549580991268158,-0.015124062917365465,-0.014179805147854632,-0.012624062917365465,0.0,-0.0025,True,True,153,5.0,10,0.016,0.5,0.306,0.9981142282485962,0.05873905122280121,0,False
239,30.597955267876387,30.58,0.1999999999999993,354,1.585221154081602,1.7691350490383593,0.7656739106125882,1.3057917723857055,0.21984148025512695,-0.015288816507037978,-0.02946862165489261,-0.012788816507037977,0.0,-0.0025,True,True,154,5.0,10,0.016,0.5,0.308,0.9989850521087646,0.10328765958547592,0,False
240,30.698156738188118,30.68,0.10000000000000142,176,1.6008599838990847,1.7845019316485031,0.7866626671652865,1.3185886682704138,0.22199594974517822,-0.006340360130210206,-0.03580898178510281,-0.006340360130210206,0.0,-0.0,False,False,154,5.0,10,0.036,0.5,0.308,0.9989678859710693,0.10651806741952896,0,False
241,30.898306358139962,30.88,0.1999999999999993,346,1.6310123404806969,1.8162931070662847,0.8391720732180616,1.343630167736943,0.22621190547943115,-0.014907081080341448,-0.050716062865444264,-0.012407081080341447,0.0,-0.0025,True,True,155,5.0,10,0.036,0.5,0.31,0.998317539691925,0.14152681827545166,0,False
242,31.09799812315032,31.08,0.1999999999999993,340,1.6597310731158712,1.849116090225139,0.8578961225554921,1.3680769793856689,0.23032774031162262,-0.014612436584997135,-0.0653284994504414,-0.012112436584997135,0.0,-0.0025,True,True,156,5.0,10,0.036,0.5,0.312,0.9901267886161804,0.02291828580200672,0,False
243,31.198432380799204,31.18,0.10000000000000142,172,1.6738976855913859,1.8655362108047517,0.8618842916587796,1.3804620457695225,0.23241287469863892,-0.008636314760834094,-0.0739648142112755,-0.006136314760834094,0.0,-0.0025,True,True,157,5.0,10,0.016,0.5,0.314,0.9833468794822693,0.020337510854005814,0,False
244,31.39853811217472,31.38,0.1999999999999993,339,1.702013194324349,1.8985083089966335,0.8641134601646419,1.4056818896255256,0.23665885627269745,-0.014995443732241884,-0.08896025794351739,-0.012495443732241884,0.0,-0.0025,True,True,158,5.0,10,0.016,0.5,0.316,0.9864190220832825,-0.024166369810700417,0,False
245,31.598476915154606,31.58,0.1999999999999993,338,1.7303287395018667,1.9312952082624384,0.8482346773025664,1.4319779068967213,0.24108602106571198,-0.015528645461501268,-0.10448890340501865,-0.013028645461501268,0.0,-0.0025,True,True,159,5.0,10,0.016,0.5,0.318,0.9751541614532471,-0.08334314823150635,0,False
246,31.698614704888314,31.68,0.09999999999999787,170,1.7446791619429194,1.9472891970945738,0.8312433474019398,1.4456404147561461,0.24338622391223907,-0.006769236922064375,-0.11125814032708303,-0.006769236922064375,0.0,-0.0,False,False,159,5.0,10,0.036,0.5,0.318,0.9772363305091858,-0.09447101503610611,0,False
247,31.798361828085035,31.78,0.10000000000000142,168,1.7593352280353385,1.9630310508045288,0.809529208223893,1.4598034375150621,0.24577069282531738,-0.00951722242901082,-0.12077536275609385,-0.00701722242901082,0.0,-0.0025,True,True,160,5.0,10,0.016,0.5,0.32,0.9762097597122192,-0.12805379927158356,0,False
248,31.898690226022154,31.880000000000003,0.10000000000000142,170,1.774381158371975,1.9784195658886026,0.783201573411648,1.4745391095046956,0.24825157225131989,-0.007300947668611697,-0.12807631042470555,-0.007300947668611697,0.0,-0.0,False,False,160,5.0,10,0.036,0.5,0.32,0.9769418835639954,-0.1465584933757782,0,False
249,31.99848767882213,31.979999999999997,0.10000000000000142,170,1.7898299534884732,1.9933309798206498,0.7486500516870624,1.4898449524903543,0.25082844495773315,-0.01008344504009699,-0.13815975546480253,-0.00758344504009699,0.0,-0.0025,True,True,161,5.0,10,0.016,0.5,0.322,0.9715732932090759,-0.20432966947555542,0,False
250,32.19863096997142,32.18,0.19999999999999574,339,1.8225018408538671,2.021153743614993,0.6545987732811106,1.5226488140638987,0.2563512623310089,-0.018753027133429544,-0.15691278259823208,-0.016253027133429545,0.0,-0.0025,True,True,162,5.0,10,0.016,0.5,0.324,0.9703033566474915,-0.30791497230529785,0,False
251,32.29844225291163,32.28,0.10000000000000142,168,1.8399610248563147,2.0337238852664665,0.5929688124633111,1.5403303105274073,0.25932809710502625,-0.008760488186330092,-0.16567327078456218,-0.008760488186330092,0.0,-0.0,False,False,162,5.0,10,0.036,0.5,0.324,0.9409947991371155,-0.6706069111824036,0,False
252,32.39893101993948,32.38,0.10000000000000142,172,1.8584458973311655,2.0453599559015743,0.5251818855420775,1.5591059476076283,0.2624891400337219,-0.01180259195942844,-0.17747586274399063,-0.00930259195942844,0.0,-0.0025,True,True,163,5.0,10,0.016,0.5,0.326,0.9944762587547302,-0.38034921884536743,0,False
253,32.49893868109211,32.48,0.10000000000000142,171,1.877819490674247,2.05580427375082,0.4475996222785562,1.5788059662281295,0.26580581068992615,-0.009760586766598696,-0.18723644951058932,-0.009760586766598696,0.0,-0.0,False,False,163,5.0,10,0.036,0.5,0.326,0.9918844103813171,-0.568330705165863,0,False
254,32.69894324289635,32.68,0.19999999999999574,341,1.9183382089421805,2.0712088287694255,0.27414086592128534,1.6199041252837454,0.27272504568099976,-0.022862526307074478,-0.2100989758176638,-0.02036252630707448,0.0,-0.0025,True,True,164,5.0,10,0.036,0.5,0.328,0.9754707217216492,-0.49355530738830566,0,False
255,32.79920416185632,32.78,0.10000000000000142,171,1.939048909987185,2.076135207542572,0.1999442433545577,1.6408161776856138,0.27624577283859253,-0.012861101980060092,-0.2229600777977239,-0.010361101980060091,0.0,-0.0025,True,True,165,5.0,10,0.016,0.5,0.33,0.9415176510810852,-0.28313934803009033,0,False
256,32.899091124068946,32.88,0.10000000000000142,172,1.9595401128192689,2.079782502557882,0.14321174480694976,1.66145686338866,0.27972081303596497,-0.010226650421386723,-0.23318672821911063,-0.010226650421386723,0.0,-0.0,False,False,165,5.0,10,0.036,0.5,0.33,0.933805525302887,-0.36310645937919617,0,False
257,32.998886636924,32.98,0.10000000000000142,170,1.9802861118375108,2.0820727449533107,0.06294060370219555,1.682289258246843,0.2832281291484833,-0.012821634790625727,-0.24600836300973636,-0.010321634790625726,0.0,-0.0025,True,True,166,5.0,10,0.016,0.5,0.332,0.9538958668708801,-0.5759298205375671,0,False
258,33.19888057978824,33.18,0.19999999999999574,341,2.02246541728434,2.080570151073545,-0.114188865359574,1.7243487953463619,0.29030922055244446,-0.0233388514311154,-0.26934721444085175,-0.020838851431115402,0.0,-0.0025,True,True,167,5.0,10,0.016,0.5,0.334,0.9944031834602356,-0.3246428966522217,0,False
259,33.29893389996141,33.28,0.10000000000000142,169,2.0440245693586236,2.0774087183148406,-0.18119760358064502,1.7457416252785638,0.2939108908176422,-0.0105993083945133,-0.27994652283536503,-0.0105993083945133,0.0,-0.0,False,False,167,5.0,10,0.036,0.5,0.334,0.9943976402282715,-0.3281080424785614,0,False
260,33.40002136211842,33.38,0.10099999999999909,169,2.0646466593440427,2.072865018510482,-0.26704136835714215,1.766150419021103,0.29734688997268677,-0.012611757047699824,-0.2925582798830649,-0.010111757047699824,0.0,-0.0025,True,True,168,5.0,10,0.016,0.5,0.336,0.8779505491256714,-0.5986090898513794,0,False
261,33.49997727293521,33.48,0.10000000000000142,167,2.082260642965037,2.066731465820659,-0.3981088347398961,1.7835095679578306,0.3002694547176361,-0.0086007776264187,-0.3011590575094836,-0.0086007776264187,0.0,-0.0,False,False,168,5.0,10,0.036,0.5,0.336,0.8316235542297363,-0.6008589267730713,0,False
262,33.60009397286922,33.58,0.10000000000000142,167,2.099884386836169,2.058090681425476,-0.49623695460826356,1.8008216304354017,0.3031840920448303,-0.011077448132219657,-0.31223650564170324,-0.008577448132219657,0.0,-0.0025,True,True,169,5.0,10,0.016,0.5,0.338,0.9990759491920471,-0.21448224782943726,0,False
263,33.70007939497009,33.68,0.10000000000000142,167,2.1190905285291732,2.0472882928463205,-0.535225646764935,1.8197050707247437,0.3063632845878601,-0.009356004222463004,-0.32159250986416626,-0.009356004222463004,0.0,-0.0,False,False,169,5.0,10,0.036,0.5,0.338,0.9990447163581848,-0.20173372328281403,0,False
264,33.90010115690529,33.88,0.19999999999999574,334,2.156144598479899,2.0233186969958656,-0.6137916119369251,1.8562910724724802,0.31252285838127136,-0.020626929287776867,-0.34221943915194314,-0.01812692928777687,0.0,-0.0025,True,True,170,5.0,10,0.036,0.5,0.34,0.9998819828033447,-0.20127227902412415,0,False
265,34.00048306491226,33.98,0.10000000000000142,167,2.173931883767099,2.0102676709192036,-0.6487870184138339,1.8739600007457626,0.31549757719039917,-0.011254261140885916,-0.35347370029282904,-0.008754261140885915,0.0,-0.0025,True,True,171,5.0,10,0.016,0.5,0.342,0.9999327063560486,-0.15065784752368927,0,False
266,34.100333836860955,34.08,0.10000000000000142,167,2.191309855407075,1.9966875421041934,-0.6792068564713948,1.8913127770789953,0.31841906905174255,-0.008597620251263921,-0.36207132054409297,-0.008597620251263921,0.0,-0.0,False,False,171,5.0,10,0.036,0.5,0.342,0.9999328255653381,-0.14847880601882935,0,False
267,34.20056959614158,34.18,0.10000000000000142,167,2.208270417941433,1.9825824770616753,-0.7105954455016253,1.9083499325224693,0.3212874233722687,-0.010941242476238186,-0.37301256302033114,-0.008441242476238186,0.0,-0.0025,True,True,172,5.0,10,0.016,0.5,0.344,0.999934196472168,-0.16507375240325928,0,False
268,34.400709826964885,34.38,0.19999999999999574,332,2.240751291228745,1.95272442006028,-0.7773401675411045,1.941327093507721,0.326839417219162,-0.01883889019666585,-0.391851453216997,-0.016338890196665852,0.0,-0.0025,True,True,173,5.0,10,0.016,0.5,0.346,0.9998975396156311,-0.17409679293632507,0,False
269,34.50088092684746,34.48,0.10000000000000142,165,2.2562068370915993,1.936979104552322,-0.8122174211280786,1.9572217827579796,0.3295154273509979,-0.007875195274882781,-0.3997266484918798,-0.007875195274882781,0.0,-0.0,False,False,173,5.0,10,0.036,0.5,0.346,0.99989914894104,-0.1758263111114502,0,False
270,34.60046281199902,34.58,0.10000000000000142,165,2.2711027658619694,1.9207133511022905,-0.8457798048237778,1.9726967652613974,0.33212077617645264,-0.010167247038996078,-0.40989389553087585,-0.007667247038996078,0.0,-0.0025,True,True,174,5.0,10,0.016,0.5,0.348,0.9995765686035156,-0.1607358455657959,0,False
271,34.700478243175894,34.68,0.10000000000000142,168,2.2854653577666824,1.9039804375520835,-0.8780937448998749,1.9877858512198492,0.3346611559391022,-0.007476050432402489,-0.41736994596327837,-0.007476050432402489,0.0,-0.0,False,False,174,5.0,10,0.036,0.5,0.348,0.9995930194854736,-0.16319505870342255,0,False
272,34.901740584056824,34.88,0.2010000000000005,337,2.312419672169664,1.8690390569621038,-0.9521861501722744,2.0166764031972666,0.33952513337135315,-0.016814135673813797,-0.43418408163709216,-0.014314135673813797,0.0,-0.0025,True,True,175,5.0,10,0.036,0.5,0.35,0.9999950528144836,-0.19596241414546967,0,False
273,35.10154362814501,35.08,0.19999999999999574,340,2.3367479437170897,1.8322316476924334,-1.0194626247297986,2.043645792237751,0.34406566619873047,-0.015862274769520394,-0.45004635640661256,-0.013362274769520396,0.0,-0.0025,True,True,176,5.0,10,0.036,0.5,0.352,0.9999772310256958,-0.16170406341552734,0,False
274,35.201638327911496,35.18,0.10000000000000142,167,2.348012095757877,1.8132641309495439,-1.0514049636780332,2.0565076532747537,0.346231073141098,-0.008872547815815469,-0.45891890422242804,-0.006372547815815468,0.0,-0.0025,True,True,177,5.0,10,0.016,0.5,0.354,0.999973714351654,-0.16429665684700012,0,False
275,35.302019126247615,35.28,0.10000000000000142,168,2.3586534881313876,1.7939385479649266,-1.0843428960879335,2.0689406026932007,0.3483242690563202,-0.0061600389269275265,-0.46507894314935555,-0.0061600389269275265,0.0,-0.0,False,False,177,5.0,10,0.036,0.5,0.354,0.9999749064445496,-0.17044170200824738,0,False
276,35.40186547813937,35.38,0.10000000000000142,166,2.368648603554916,1.7742737998176497,-1.1157194536011725,2.080927469867008,0.35034236311912537,-0.008439022666094457,-0.47351796581545,-0.005939022666094457,0.0,-0.0025,True,True,178,5.0,10,0.016,0.5,0.356,0.9999896287918091,-0.14913436770439148,0,False
277,35.60189210018143,35.58,0.19999999999999574,339,2.386846042440519,1.7340890221973992,-1.1778710651561224,2.103719263283093,0.3541795611381531,-0.013792439945847699,-0.48731040576129775,-0.011292439945847698,0.0,-0.0025,True,True,179,5.0,10,0.016,0.5,0.358,0.9999740123748779,-0.17044298350811005,0,False
278,35.70219358894974,35.68,0.10000000000000142,171,2.3949501382717053,1.7135669825599127,-1.2119850240069656,2.1144408146296456,0.355984628200531,-0.00531210828814473,-0.49262251404944246,-0.00531210828814473,0.0,-0.0,False,False,179,5.0,10,0.036,0.5,0.358,0.9999750852584839,-0.1755392700433731,0,False
279,35.80191663186997,35.78,0.10000000000000142,170,2.4023227116237744,1.6927938123067179,-1.248980123823717,2.124649725428391,0.35770338773727417,-0.007558114997917951,-0.5001806290473604,-0.00505811499791795,0.0,-0.0025,True,True,180,5.0,10,0.016,0.5,0.36,0.9980095028877258,-0.1925760805606842,0,False
280,35.90201476216316,35.88,0.10000000000000142,171,2.408889474616296,1.6717660814557354,-1.2874975782964149,2.1342803224599787,0.35932478308677673,-0.004771583202623826,-0.5049522122499842,-0.004771583202623826,0.0,-0.0,False,False,180,5.0,10,0.036,0.5,0.36,0.9980575442314148,-0.19411006569862366,0,False
281,36.00328469183296,35.98,0.10099999999999909,172,2.4146439263615025,1.6504994701442912,-1.325308854521766,2.143331366607063,0.360848605632782,-0.006984437473271911,-0.5119366497232561,-0.00448443747327191,0.0,-0.0025,True,True,181,5.0,10,0.016,0.5,0.362,0.998256504535675,-0.1872985064983368,0,False
282,36.20345205301419,36.18,0.19999999999999574,341,2.4235672605086567,1.6079406887041714,-1.4221287639901403,2.1594556465998997,0.36356326937675476,-0.01048894848531937,-0.5224255982085755,-0.007988948485319369,0.0,-0.0025,True,True,182,5.0,10,0.016,0.5,0.364,0.9184154868125916,-0.43942177295684814,0,False
283,36.303481094073504,36.28,0.10000000000000142,170,2.425637184585199,1.5876437646402164,-1.511165105501534,2.1652646287189805,0.36454126238822937,-0.002878122863290251,-0.5253037210718657,-0.002878122863290251,0.0,-0.0,False,False,182,5.0,10,0.036,0.5,0.364,0.9255636930465698,-0.44208279252052307,0,False
284,36.403335547074676,36.38,0.10000000000000142,169,2.425966800448358,1.56820753464645,-1.5914409014200244,2.169373010788756,0.3652329444885254,-0.004535542221297691,-0.5298392632931634,-0.002035542221297691,0.0,-0.0025,True,True,183,5.0,10,0.016,0.5,0.366,0.8365368247032166,-0.32046741247177124,0,False
285,36.50335452705622,36.48,0.10000000000000142,170,2.425039802536202,1.549658136866861,-1.6551411428295737,2.1722343097579424,0.3657146692276001,-0.001417661444485169,-0.5312569247376486,-0.001417661444485169,0.0,-0.0,False,False,183,5.0,10,0.036,0.5,0.366,0.851152241230011,-0.3209551274776459,0,False
286,36.70366649702191,36.68,0.19999999999999574,342,2.419479782610099,1.5100703347307936,-1.7613087733163786,2.1753678605097697,0.3662422299385071,-0.004052551527485454,-0.535309476265134,-0.001552551527485454,0.0,-0.0025,True,True,184,5.0,10,0.036,0.5,0.368,0.9260157346725464,-0.2556297183036804,0,False
287,36.803677888121456,36.78,0.10000000000000142,171,2.4151314722695796,1.4905298430901766,-1.835773551012938,2.1756243578004373,0.36628541350364685,-0.0026270843499788827,-0.537936560615113,-0.00012708434997888278,0.0,-0.0025,True,True,185,5.0,10,0.016,0.5,0.37,0.8461560606956482,-0.9873713254928589,0,False
288,36.90348194120452,36.88,0.10000000000000142,168,2.408361446717959,1.4722406205586014,-2.026805527467681,2.1734116482536154,0.36591288447380066,0.0010963108176233,-0.5368402497974897,0.0010963108176233,0.0,-0.0,False,False,185,5.0,10,0.036,0.5,0.37,0.8736681342124939,-0.9733588099479675,0,False
289,37.00364017020911,36.98,0.10000000000000142,169,2.39886012584145,1.4566939375331271,-2.2213776062200163,2.1680395435074593,0.3650084435939789,0.00016166725545864067,-0.536678582542031,0.0026616672554586407,0.0,-0.0025,True,True,186,5.0,10,0.016,0.5,0.372,0.8775042295455933,-0.9469820857048035,0,False
290,37.20355795323849,37.18,0.19999999999999574,339,2.3682552871552858,1.4289139996203861,-2.5532451230629865,2.145651171295951,0.36123916506767273,0.008592560557578436,-0.5280860219844526,0.011092560557578436,0.0,-0.0025,True,True,187,5.0,10,0.016,0.5,0.374,0.999008297920227,-0.5713565945625305,0,False
291,37.30349994497374,37.28,0.10000000000000142,169,2.349432635318982,1.4177553233895295,-2.668321073407537,2.1305358868564648,0.3586943745613098,0.007489030752483253,-0.5205969912319693,0.007489030752483253,0.0,-0.0,False,False,187,5.0,10,0.036,0.5,0.374,0.9982661008834839,-0.5074769258499146,0,False
292,37.403594565112144,37.38,0.10000000000000142,171,2.329372785139006,1.4087391380856893,-2.7750732022491316,2.1137509803013286,0.35586848855018616,0.005816263043029046,-0.5147807281889403,0.008316263043029046,0.0,-0.0025,True,True,188,5.0,10,0.016,0.5,0.376,0.9901028275489807,-0.5498831868171692,0,False
293,37.503650195896626,37.48,0.10000000000000142,171,2.3089978372176603,1.4022262245246229,-2.893733275711436,2.096045232541187,0.3528875708580017,0.0087725037528912,-0.5060082244360491,0.0087725037528912,0.0,-0.0,False,False,188,5.0,10,0.036,0.5,0.376,0.9868503212928772,-0.5717921853065491,0,False
294,37.703801847063005,37.68,0.19999999999999574,341,2.27025784722869,1.396898657383461,-3.100624489468202,2.060496903062528,0.3469026982784271,0.015112803366744297,-0.4908954210693048,0.017612803366744298,0.0,-0.0025,True,True,189,5.0,10,0.036,0.5,0.378,0.9130398631095886,-0.3107084035873413,0,False
295,37.80375487823039,37.78,0.10000000000000142,170,2.251783455762753,1.3967337150199923,3.1237152537714636,2.0428874524218643,0.3439379930496216,0.006224792306108076,-0.4846706287631967,0.008724792306108077,0.0,-0.0025,True,True,190,5.0,10,0.016,0.5,0.38,0.9384358525276184,0.34090518951416016,0,False
296,37.90397072723135,37.88,0.10000000000000142,171,2.232392323447503,1.3968281636205533,-3.1059076815491036,2.0243410520506937,0.34081554412841797,0.00918901415872284,-0.47548161460447386,0.00918901415872284,0.0,-0.0,False,False,190,5.0,10,0.036,0.5,0.38,0.93425053358078,0.2889200747013092,0,False
297,38.004199487157166,37.98,0.10000000000000142,170,2.21210145626234,1.3956143392792202,-3.0577351601970775,2.0053462682169556,0.3376176059246063,0.006911170582805777,-0.4685704440216681,0.009411170582805778,0.0,-0.0025,True,True,191,5.0,10,0.016,0.5,0.382,0.9200579524040222,0.1709980070590973,0,False
298,38.20409171981737,38.18,0.19999999999999574,338,2.171533330520112,1.390986291337294,-3.0097490754197596,1.9681297327567568,0.3313518762588501,0.015939334018366808,-0.45263111000330125,0.018439334018366806,0.0,-0.0025,True,True,192,5.0,10,0.016,0.5,0.384,0.9972058534622192,-0.0768934115767479,0,False
299,38.30392278218642,38.28,0.10000000000000142,171,2.14972594826648,1.388364245116249,-3.027962621885598,1.9482259678411842,0.32800090312957764,0.009861535066685507,-0.44276957493661573,0.009861535066685507,0.0,-0.0,False,False,192,5.0,10,0.036,0.5,0.384,0.9973589181900024,-0.07026977837085724,0,False
300,38.404270130209625,38.38,0.10000000000000142,170,2.127879864602556,1.386009195238072,-3.036219714718451,1.9282452006333821,0.32463696599006653,0.007399686683138796,-0.43536988825347694,0.009899686683138797,0.0,-0.0025,True,True,193,5.0,10,0.016,0.5,0.386,0.9988253116607666,-0.009667281992733479,0,False
301,38.50399631401524,38.48,0.10000000000000142,168,2.106022909434064,1.3836972896153468,-3.0384649340626844,1.9082839052695921,0.32127630710601807,0.009890039147943692,-0.42547984910553327,0.009890039147943692,0.0,-0.0,False,False,193,5.0,10,0.036,0.5,0.386,0.9988378286361694,-0.01209632121026516,0,False
302,38.70410044491291,38.68,0.19999999999999574,341,2.0622663076715058,1.379200187814578,-3.0402225868865433,1.8684151276381906,0.314564049243927,0.017253416016802903,-0.40822643308873036,0.019753416016802902,0.0,-0.0025,True,True,194,5.0,10,0.036,0.5,0.388,0.9995208978652954,-0.006806298159062862,0,False
303,38.80435456382111,38.78,0.10000000000000142,172,2.0403786982753482,1.3769909602904593,-3.0419454980916094,1.848528710365465,0.31121599674224854,0.007352939989875327,-0.400873493098855,0.009852939989875327,0.0,-0.0025,True,True,195,5.0,10,0.016,0.5,0.39,0.9992907643318176,-0.012181692756712437,0,False
304,38.90455848304555,38.88,0.10000000000000142,171,2.018491224609319,1.374830276238475,-3.044494485604206,1.8286741561102138,0.30787330865859985,0.009837153114101537,-0.39103633998475346,0.009837153114101537,0.0,-0.0,False,False,195,5.0,10,0.036,0.5,0.39,0.9993350505828857,-0.014843215234577656,0,False
305,39.004517515189946,38.98,0.10000000000000142,170,1.9966016849798909,1.3727243211027664,-3.046103963550969,1.8088482785706892,0.304535448551178,0.007322944925905191,-0.3837133950588483,0.009822944925905191,0.0,-0.0025,True,True,196,5.0,10,0.016,0.5,0.392,0.999832272529602,-0.00501637440174818,0,False
306,39.20430794917047,39.18,0.19999999999999574,339,1.9528317097175454,1.3686373323864263,-3.0605860774664717,1.7693138856060036,0.29787948727607727,0.017087741526043594,-0.3666256535328047,0.019587741526043593,0.0,-0.0025,True,True,197,5.0,10,0.016,0.5,0.394,0.9999785423278809,-0.07256514579057693,0,False
307,39.30470057716593,39.28,0.10000000000000142,171,1.9308697061170836,1.3669952266368322,-3.073126508480525,1.749408704556321,0.2945282757282257,0.009862236705608792,-0.35676341682719587,0.009862236705608792,0.0,-0.0,False,False,197,5.0,10,0.036,0.5,0.394,0.9999802112579346,-0.07137294113636017,0,False
308,39.40467504784465,39.38,0.10000000000000142,169,1.9088548308960869,1.365717875888589,-3.1004445564863117,1.7293720000511752,0.2911549210548401,0.007427401420608314,-0.34933601540658754,0.009927401420608314,0.0,-0.0025,True,True,198,5.0,10,0.016,0.5,0.396,0.9999621510505676,-0.16832058131694794,0,False
309,39.504422061145306,39.48,0.10000000000000142,170,1.8867960449228922,1.3651980923560114,-3.133056954959057,1.7090626897298609,0.2877356708049774,0.010062466913339585,-0.339273548493248,0.010062466913339585,0.0,-0.0,False,False,198,5.0,10,0.036,0.5,0.396,0.9999592304229736,-0.15346696972846985,0,False
310,39.7045505521819,39.68,0.19999999999999574,342,1.8428017180556344,1.365145933007925,-3.1294937722646603,1.668315554916753,0.2808755338191986,0.017688607558966632,-0.32158494093428136,0.02018860755896663,0.0,-0.0025,True,True,199,5.0,10,0.036,0.5,0.398,0.9998425245285034,0.07202693074941635,0,False
311,39.80486570112407,39.78,0.10000000000000142,171,1.8208558382148874,1.3646523668228157,-3.1063487602162896,1.6482321179859785,0.27749431133270264,0.007450555505076482,-0.31413438542920485,0.009950555505076482,0.0,-0.0025,True,True,200,5.0,10,0.016,0.5,0.4,0.9999136328697205,0.12172996252775192,0,False
312,39.904467705171555,39.88,0.10000000000000142,169,1.7989338051999222,1.3636094401298684,-3.0826858552759244,1.6284335010280708,0.27416104078292847,0.00980943837663202,-0.30432494705257285,0.00980943837663202,0.0,-0.0,False,False,200,5.0,10,0.036,0.5,0.4,0.9999212026596069,0.10761243849992752,0,False
313,40.00456089479849,39.98,0.10000000000000142,168,1.7769860942606994,1.3621703473994478,-3.084882338380603,1.6088239379738436,0.27085959911346436,0.0072157695803743115,-0.29710917747219856,0.009715769580374312,0.0,-0.0025,True,True,201,5.0,10,0.016,0.5,0.402,0.999126672744751,-0.1377989500761032,0,False
314,40.20504754316062,40.18,0.19999999999999574,341,1.7329308398934782,1.360984055565713,-3.1412116896675792,1.5689588776944807,0.26414796710014343,0.01725157421462931,-0.27985760325756925,0.01975157421462931,0.0,-0.0025,True,True,202,5.0,10,0.016,0.5,0.404,0.9994076490402222,-0.1342020034790039,0,False
315,40.30486461613327,40.28,0.10000000000000142,169,1.7108909992785641,1.3612737034004316,3.115040457996216,1.5487364826041656,0.2607433497905731,0.010019403824423304,-0.26983819943314596,0.010019403824423304,0.0,-0.0,False,False,202,5.0,10,0.036,0.5,0.404,0.999417781829834,-0.1232643574476242,0,False
316,40.40497192600742,40.38,0.10000000000000142,170,1.6888665766669637,1.3621248741080914,3.090091801148803,1.528343974403891,0.25731009244918823,0.0076036882000821635,-0.2622345112330638,0.010103688200082164,0.0,-0.0025,True,True,203,5.0,10,0.016,0.5,0.406,0.999908447265625,-0.12375132739543915,0,False
317,40.505091946106404,40.48,0.10000000000000142,171,1.6668709589886286,1.3635275435952192,3.065617257178815,1.5077909119988988,0.2538498044013977,0.010183236513008908,-0.2520512747200549,0.010183236513008908,0.0,-0.0,False,False,203,5.0,10,0.036,0.5,0.406,0.999901294708252,-0.11991547048091888,0,False
318,40.70508700888604,40.68,0.19999999999999574,340,1.6230094433623183,1.3678567800249166,3.021759282431236,1.4662738427718789,0.24686004221439362,0.018070079871066794,-0.2339811948489881,0.020570079871066793,0.0,-0.0025,True,True,204,5.0,10,0.036,0.5,0.408,0.9999663233757019,-0.1020662784576416,0,False
319,40.8053041677922,40.78,0.10000000000000142,171,1.6011490917533355,1.3707284432352147,2.9972950566068635,1.4453275376262256,0.24333354830741882,0.007878072871516938,-0.22610312197747118,0.010378072871516939,0.0,-0.0025,True,True,205,5.0,10,0.016,0.5,0.41,0.9999464154243469,-0.13500893115997314,0,False
320,40.905309518799186,40.88,0.10000000000000142,169,1.5793721087106332,1.3741946690097184,2.970764197720964,1.4242279359631684,0.2397812455892563,0.010454025284961877,-0.2156490966925093,0.010454025284961877,0.0,-0.0,False,False,205,5.0,10,0.036,0.5,0.41,0.9999468326568604,-0.12902407348155975,0,False
321,41.00548897823319,40.98,0.10000000000000142,171,1.5577170061433907,1.3781752659379083,2.956141307504446,1.4030388523260378,0.23621387779712677,0.0079983600944266,-0.20765073659808272,0.0104983600944266,0.0,-0.0025,True,True,206,5.0,10,0.016,0.5,0.412,0.9996541738510132,-0.01903962716460228,0,False
322,41.20556373987347,41.18,0.19999999999999574,333,1.5144951404382527,1.3864316888734272,2.9454549305402344,1.3606852903819373,0.22908328473567963,0.018484529212561107,-0.18916620738552162,0.020984529212561106,0.0,-0.0025,True,True,207,5.0,10,0.016,0.5,0.414,0.9998500347137451,-0.046976927667856216,0,False
323,41.305562060792,41.28,0.10000000000000142,166,1.492923074354921,1.39082284334314,2.936527064507184,1.3394634586435137,0.2255104035139084,0.010514585494527415,-0.1786516218909942,0.010514585494527415,0.0,-0.0,False,False,207,5.0,10,0.036,0.5,0.414,0.9998451471328735,-0.047082364559173584,0,False
324,41.40545570291579,41.38,0.10000000000000142,166,1.4713900888077516,1.3954123037734356,2.9273862698181574,1.3182112685301077,0.22193241119384766,0.008029626878945175,-0.17062199501204903,0.010529626878945176,0.0,-0.0025,True,True,208,5.0,10,0.016,0.5,0.416,0.999918520450592,-0.042545806616544724,0,False
325,41.50550713390112,41.48,0.10000000000000142,167,1.449897552616979,1.4001840025498726,2.918725044177023,1.2969362432541787,0.2183505743741989,0.010540940806583,-0.16008105420546603,0.010540940806583,0.0,-0.0,False,False,208,5.0,10,0.036,0.5,0.416,0.9999171495437622,-0.04227961227297783,0,False
326,41.70546755613759,41.68,0.19999999999999574,329,1.407039156875576,1.4102501270310979,2.9031753645178773,1.2543287507624847,0.21117722988128662,0.01861034184199166,-0.14147071236347436,0.021110341841991658,0.0,-0.0025,True,True,209,5.0,10,0.036,0.5,0.418,0.9999455213546753,-0.03856320679187775,0,False
327,41.80551913706586,41.78,0.10000000000000142,166,1.3856678459746292,1.4155365458422289,2.8941108319447895,1.2329931857533545,0.2075852006673813,0.008070935870553245,-0.13339977649292112,0.010570935870553246,0.0,-0.0025,True,True,210,5.0,10,0.016,0.5,0.42,0.9999710917472839,-0.05074688047170639,0,False
328,41.90573476580903,41.88,0.10000000000000142,166,1.3643477674950315,1.4210403061994172,2.8840526742146655,1.211623102475294,0.20398736000061035,0.010588038319308112,-0.122811738173613,0.010588038319308112,0.0,-0.0,False,False,210,5.0,10,0.036,0.5,0.42,0.9999704957008362,-0.05063095688819885,0,False
329,42.00549777923152,41.98,0.10000000000000142,166,1.3430812035253878,1.4267739105866013,2.8706424183765824,1.190212836391863,0.2003827542066574,0.008107947323756227,-0.11470379084985677,0.010607947323756228,0.0,-0.0025,True,True,211,5.0,10,0.016,0.5,0.422,0.9999703764915466,-0.0781400129199028,0,False
330,42.20557104097679,42.18,0.19999999999999574,336,1.300824326872191,1.4392252982878255,2.840481296189377,1.1472216600647502,0.1931448131799698,0.018800442137767465,-0.0959033487120893,0.021300442137767463,0.0,-0.0025,True,True,212,5.0,10,0.016,0.5,0.424,0.9998722672462463,-0.0677923709154129,0,False
331,42.30572520010173,42.28,0.10000000000000142,169,1.2798375782429903,1.4458973662179946,2.82688548682074,1.125660398681844,0.18951478600502014,0.010682759573950857,-0.08522058913813844,0.010682759573950857,0.0,-0.0,False,False,212,5.0,10,0.036,0.5,0.424,0.9998738765716553,-0.0657915398478508,0,False
332,42.40579474112019,42.38,0.10000000000000142,166,1.2589434068371501,1.4528385225905454,2.815831233638615,1.104064353504862,0.1858789026737213,0.008199993580003853,-0.07702059555813459,0.010699993580003854,0.0,-0.0025,True,True,213,5.0,10,0.016,0.5,0.426,0.9998096823692322,-0.047217223793268204,0,False
333,42.506001150235534,42.48,0.10000000000000142,165,1.238119003711721,1.459977689869528,2.806352175133841,1.0824468892994668,0.18223941326141357,0.010710605868718392,-0.0663099896894162,0.010710605868718392,0.0,-0.0,False,False,213,5.0,10,0.036,0.5,0.426,0.9998074173927307,-0.046573471277952194,0,False
334,42.707119431812316,42.68,0.2010000000000005,335,1.1966891664071793,1.4749072821615679,2.7840340931705243,1.0391216823391656,0.17494523525238037,0.01896594121879601,-0.047344048470620195,0.021465941218796008,0.0,-0.0025,True,True,214,5.0,10,0.036,0.5,0.428,0.9999149441719055,-0.058902546763420105,0,False
335,42.9070580448024,42.88,0.19999999999999574,335,1.155622660419544,1.4908079453087915,2.7607115131716835,0.9956739797783526,0.16763043403625488,0.01902663298565951,-0.028317415484960685,0.02152663298565951,0.0,-0.0025,True,True,215,5.0,10,0.036,0.5,0.43,0.9998745322227478,-0.05303618684411049,0,False
336,43.00694202724844,42.98,0.10000000000000142,170,1.1352356726788766,1.4991251907684993,2.7440008574473405,0.9739066708824464,0.16396571695804596,0.008284848037287922,-0.02003256744767276,0.010784848037287922,0.0,-0.0025,True,True,216,5.0,10,0.016,0.5,0.432,0.9991245865821838,-0.10234111547470093,0,False
337,43.10727288480848,43.08,0.10000000000000142,172,1.115025072000735,1.5078644879203364,2.7241438766310466,0.9520836017059604,0.1602916121482849,0.010812475069892002,-0.009220092377780759,0.010812475069892002,0.0,-0.0,False,False,216,5.0,10,0.036,0.5,0.432,0.9991941452026367,-0.09505097568035126,0,False
338,43.20737828500569,43.18,0.10000000000000142,170,1.0952750043270854,1.5168476011252259,2.707219395251647,0.9305366786809177,0.15666399896144867,0.008175655479852629,-0.0010444368979281304,0.010675655479852629,0.0,-0.0025,True,True,217,5.0,10,0.016,0.5,0.434,0.9757737517356873,-0.06930732727050781,0,False
339,43.40739692701027,43.38,0.19999999999999574,340,1.056524880698981,1.5354845546798976,2.674023391282471,0.8877525234590057,0.14946091175079346,0.018697871297670626,0.017653434399742495,0.021197871297670624,0.0,-0.0025,True,True,218,5.0,10,0.016,0.5,0.436,0.9652329087257385,-0.13229230046272278,0,False
340,43.507580576930195,43.48,0.10000000000000142,169,1.037683935273107,1.5453312005288482,2.647903876630144,0.8665456496371186,0.14589054882526398,0.010507174433400292,0.028160608833142788,0.010507174433400292,0.0,-0.0,False,False,218,5.0,10,0.036,0.5,0.436,0.9601418375968933,-0.12298794090747833,0,False
341,43.60755148809403,43.58,0.10000000000000142,169,1.0186269169492164,1.5558930487145302,2.6253204457797246,0.844781438534578,0.14222635328769684,0.008283313202143223,0.036443922035286014,0.010783313202143223,0.0,-0.0025,True,True,219,5.0,10,0.016,0.5,0.438,0.9971532225608826,-0.10240995138883591,0,False
342,43.70760467881337,43.68,0.10000000000000142,169,0.9996259641694589,1.5669360319997112,2.6045141510134093,0.8228127730699111,0.1385277360677719,0.010884612321691623,0.04732853435697763,0.010884612321691623,0.0,-0.0,False,False,219,5.0,10,0.036,0.5,0.438,0.9973220229148865,-0.09801645576953888,0,False
343,43.90760829113424,43.88,0.19999999999999574,338,0.962321657942689,1.5898980142902752,2.577487392128365,0.7790081162050048,0.13115283846855164,0.019203489846758515,0.06653202420373615,0.021703489846758513,0.0,-0.0025,True,True,220,5.0,10,0.036,0.5,0.44,0.9936147332191467,-0.052774861454963684,0,False
344,44.007283055223525,43.98,0.10000000000000142,172,0.9436999523488244,1.6017893533855116,2.571485474718869,0.7569157160224795,0.1274333894252777,0.008445918022613135,0.07497794222634928,0.010945918022613136,0.0,-0.0025,True,True,221,5.0,10,0.016,0.5,0.442,0.9994707703590393,0.009724943898618221,0,False
345,44.10769968200475,44.08,0.10000000000000142,175,0.9251651623945553,1.6136103124847243,2.574003195320981,0.7349343496050138,0.12373263388872147,0.010890905145784809,0.08586884737213409,0.010890905145784809,0.0,-0.0,False,False,221,5.0,10,0.036,0.5,0.442,0.9994402527809143,0.0073282672092318535,0,False
346,44.2076485841535,44.18,0.10000000000000142,172,0.9066320440082953,1.6254306117117379,2.5694206827752017,0.7129548861177585,0.12003219872713089,0.008389962318481584,0.09425880969061567,0.010889962318481584,0.0,-0.0025,True,True,222,5.0,10,0.016,0.5,0.444,0.9983090758323669,-0.047937553375959396,0,False
347,44.407880873885006,44.38,0.19999999999999574,344,0.8699174773999591,1.6495756002046262,2.5524355535343966,0.6690315395127605,0.11263731867074966,0.019262295959015893,0.11352110564963157,0.021762295959015892,0.0,-0.0025,True,True,223,5.0,10,0.016,0.5,0.446,0.9970895051956177,-0.031950607895851135,0,False
348,44.508116222918034,44.48,0.10000000000000142,171,0.8517083781089938,1.6618297818102323,2.545808435665755,0.6471021717696451,0.1089453175663948,0.010865141841570643,0.12438624749120221,0.010865141841570643,0.0,-0.0,False,False,223,5.0,10,0.036,0.5,0.446,0.9970360994338989,-0.03098391368985176,0,False
349,44.60815306380391,44.58,0.10000000000000142,171,0.8336895684673997,1.6741385355237715,2.535755461604631,0.6253081333424134,0.10527610033750534,0.008298091471964779,0.13268433896316698,0.010798091471964779,0.0,-0.0025,True,True,224,5.0,10,0.016,0.5,0.448,0.985925555229187,-0.0864187553524971,0,False
350,44.708104624878615,44.68,0.10000000000000142,173,0.815957914055738,1.6866794298475476,2.518095492185082,0.6036409274264055,0.10162823647260666,0.010735250935898622,0.14341958989906559,0.010735250935898622,0.0,-0.0,False,False,224,5.0,10,0.036,0.5,0.448,0.9851728677749634,-0.08363157510757446,0,False
351,44.90805961797014,44.88,0.19999999999999574,342,0.7809059946094103,1.7127404706001383,2.488306699329569,0.5601683982644772,0.0943092554807663,0.019038933593033252,0.16245852349209883,0.02153893359303325,0.0,-0.0025,True,True,225,5.0,10,0.036,0.5,0.45,0.9922932386398315,-0.058993756771087646,0,False
352,45.008164857979864,44.98,0.10000000000000142,171,0.7635942281007848,1.7261081377115428,2.4839875847314414,0.5384573806994422,0.09065401554107666,0.008256957890087584,0.17071548138218642,0.010756957890087585,0.0,-0.0025,True,True,226,5.0,10,0.016,0.5,0.452,0.9961167573928833,0.0012675740290433168,0,False
353,45.108343807049096,45.08,0.10000000000000142,170,0.7462446198672739,1.7394979318088841,2.4837738733503794,0.5167161375219976,0.08699368685483932,0.010771933495856279,0.1814874148780427,0.010771933495856279,0.0,-0.0,False,False,226,5.0,10,0.036,0.5,0.452,0.996319055557251,0.004256915766745806,0,False
354,45.20804800093174,45.18,0.10000000000000142,172,0.7288840588208279,1.7528789432457148,2.485945583137156,0.49498520557104125,0.08333509415388107,0.008266824687446175,0.18975423956548887,0.010766824687446176,0.0,-0.0025,True,True,227,5.0,10,0.016,0.5,0.454,0.9967314004898071,0.01372228842228651,0,False
355,45.40806047292426,45.38,0.19999999999999574,342,0.6940587590414037,1.7794810533498586,2.4957715342487594,0.45156494060860874,0.07602491229772568,0.019013038731521038,0.20876727829700992,0.021513038731521036,0.0,-0.0025,True,True,228,5.0,10,0.016,0.5,0.456,0.9957790970802307,0.04803045094013214,0,False
356,45.50842629093677,45.48,0.10000000000000142,172,0.6765114756488695,1.7925701659440476,2.5051118856592307,0.429869766043929,0.07237233966588974,0.010749108304633381,0.2195163866016433,0.010749108304633381,0.0,-0.0,False,False,228,5.0,10,0.036,0.5,0.456,0.9961875677108765,0.046795349568128586,0,False
357,45.608457792084664,45.58,0.10000000000000142,170,0.6588845476584778,1.8054480052633493,2.5179757958585656,0.40822614761169024,0.06872844696044922,0.008223564262582755,0.22773995086422605,0.010723564262582756,0.0,-0.0025,True,True,229,5.0,10,0.016,0.5,0.458,0.9923413991928101,0.07201432436704636,0,False
358,45.708134214859456,45.68,0.10000000000000142,171,0.6410866753950388,1.8180547749804428,2.5320653429751303,0.38658009519895,0.06508414447307587,0.010724770204482129,0.23846472106870817,0.010724770204482129,0.0,-0.0,False,False,229,5.0,10,0.036,0.5,0.458,0.9935230612754822,0.06656254082918167,0,False
359,45.90846658498049,45.88,0.19999999999999574,340,0.604919944309681,1.8426643572457067,2.555377314620207,0.34311904999956955,0.057767096906900406,0.019033243739889835,0.257497964808598,0.021533243739889834,0.0,-0.0025,True,True,230,5.0,10,0.036,0.5,0.46,0.9962677955627441,0.052674587815999985,0,False
360,46.00824527814984,45.98,0.10000000000000142,169,0.5867073281366074,1.8546359351982276,2.5645822961972597,0.32145264065899853,0.05411936715245247,0.008234856264004262,0.26573282107260227,0.010734856264004262,0.0,-0.0025,True,True,231,5.0,10,0.016,0.5,0.462,0.9888471364974976,0.04182412102818489,0,False
361,46.10865254513919,46.08,0.10000000000000142,171,0.5684389643921942,1.8664258783624126,2.5729826182627833,0.29983581813937177,0.050479985773563385,0.010710287938581338,0.27644310901118363,0.010710287938581338,0.0,-0.0,False,False,231,5.0,10,0.036,0.5,0.462,0.9896430373191833,0.04224440082907677,0,False
362,46.208619116805494,46.18,0.10000000000000142,169,0.550093115880101,1.8780476149615406,2.5812603498217888,0.2782426052306096,0.04684457927942276,0.008198590302157284,0.28464169931334093,0.010698590302157284,0.0,-0.0025,True,True,232,5.0,10,0.016,0.5,0.464,0.9872370362281799,0.04201379045844078,0,False
363,46.408405190799385,46.38,0.19999999999999574,341,0.5131521703530375,1.9007996763899775,2.5983697672821795,0.23510541220050205,0.03958205506205559,0.01887278768862248,0.30351448700196343,0.02137278768862248,0.0,-0.0025,True,True,233,5.0,10,0.016,0.5,0.466,0.9854103326797485,0.043279729783535004,0,False
364,46.50877402815968,46.48,0.10000000000000142,173,0.4945588478751239,1.9119208762395075,2.6069958349689326,0.21356749490331495,0.03595595806837082,0.01067119349482489,0.3141856804967883,0.01067119349482489,0.0,-0.0,False,False,233,5.0,10,0.036,0.5,0.466,0.9860116243362427,0.0429505929350853,0,False
365,46.57605319702998,46.56,0.0,113,0.4796703450233653,1.92066796143608,2.6146157526351748,0.19640521073496825,0.033066537231206894,1.5060032388529747,1.820188919349763,0.008503238852974715,1.5,-0.0025,True,True,234,5.0,10,0.012,0.5,0.468,0.9781006574630737,0.05720120668411255,1,True
