ppo_step,t_wall_s,t_sim_s,ppo_step_sim_dt,inner_ticks,x,y,yaw,goal_distance_m,goal_distance_norm,ppo_reward,ppo_reward_cumulative,navigation_reward,terminal_reward,frame_cost_reward,fresh_observation,frame_consumed,episode_frame_count,current_fps,scan_divisor_k,obs_age_ratio,fps_ratio,frame_count_ratio,action_linear,action_angular,outcome,done
1,0.03760235011577606,0.040000000000000036,0.10000000000000003,27,0.026683982497286082,0.0006357175064789043,0.07392002262066183,2.017959243684132,0.3397411108016968,4.9822865678077845e-05,4.9822865678077845e-05,4.9822865678077845e-05,0.0,-0.0,False,False,1,10.0,5,0.008,1.0,0.002,0.9999622702598572,0.20055602490901947,0,False
2,0.1374446451663971,0.14,0.09999999999999998,143,0.03500409252337077,0.0012818098603577805,0.0794891869015323,2.0162085478906864,0.33944636583328247,-0.0016324856662773587,-0.001582662800599281,0.0008675143337226413,0.0,-0.0025,True,True,2,5.0,10,0.008,0.5,0.004,0.9999657273292542,0.20724040269851685,0,False
3,0.23769888607785106,0.24,0.09999999999999998,172,0.05280416992383466,0.0027248548094968056,0.08574177336472885,2.0125142080313125,0.33882439136505127,0.0018306394484117236,0.0002479766478124426,0.0018306394484117236,0.0,-0.0,False,False,2,5.0,10,0.028,0.5,0.004,0.9999656677246094,0.20723013579845428,0,False
4,0.33678131736814976,0.3400000000000001,0.10000000000000009,169,0.0745222665793839,0.005059495364133479,0.12894367674310633,2.0076423526595017,0.3380041718482971,-8.587163875469319e-05,0.0001621050090577494,0.002414128361245307,0.0,-0.0025,True,True,3,5.0,10,0.004,0.5,0.006,0.9999958276748657,0.152104452252388,0,False
5,0.4371223673224449,0.44000000000000006,0.09999999999999998,170,0.09625412411524006,0.008152265646042335,0.15725551558906478,2.0022412171640913,0.33709484338760376,0.0026764001365567366,0.002838505145614486,0.0026764001365567366,0.0,-0.0,False,False,3,5.0,10,0.024,0.5,0.006,0.9999958276748657,0.1527593731880188,0,False
6,0.5375756560824811,0.54,0.09999999999999998,171,0.1177914818402195,0.011896209785261435,0.1882679544722599,1.9964359523970494,0.3361174762248993,0.0003766564787092584,0.0032151616243237444,0.0028766564787092584,0.0,-0.0025,True,True,4,5.0,10,0.008,0.5,0.008,0.997016191482544,0.22445353865623474,0,False
7,0.637997496407479,0.64,0.09999999999999998,171,0.13914745731892245,0.01653077783437573,0.23598103549895433,1.9899808590902968,0.3350307047367096,0.0031986630630465997,0.006413824687370344,0.0031986630630465997,0.0,-0.0,False,False,4,5.0,10,0.028,0.5,0.008,0.9969086050987244,0.22507694363594055,0,False
8,0.8381972704082727,0.8400000000000001,0.20100000000000007,331,0.1812675693644205,0.028406018811794855,0.30343599899431356,1.975165795082123,0.3325364589691162,0.004841241368276338,0.011255066055646683,0.007341241368276338,0.0,-0.0025,True,True,5,5.0,10,0.028,0.5,0.01,0.9998460412025452,0.12712086737155914,0,False
9,1.03900147927925,1.04,0.19999999999999996,337,0.22259813825176455,0.04260394976458764,0.3615343305902377,1.9589257461257963,0.3298023045063019,0.0055473576864226055,0.01680242374206929,0.008047357686422606,0.0,-0.0025,True,True,6,5.0,10,0.028,0.5,0.012,0.9922641515731812,0.15713649988174438,0,False
10,1.1389203732833266,1.14,0.10000000000000009,169,0.2428253647265014,0.05060720320014642,0.3932361389284403,1.9502310367241324,0.32833847403526306,0.0018084498527593204,0.01861087359482861,0.00430844985275932,0.0,-0.0025,True,True,7,5.0,10,0.008,0.5,0.014,0.990679919719696,0.15519027411937714,0,False
11,1.3396114730276167,1.34,0.20100000000000007,341,0.2823905122487514,0.0684525422815501,0.45405629674983966,1.9316278139717997,0.325206458568573,0.006718370462479046,0.025329244057307656,0.009218370462479046,0.0,-0.0025,True,True,8,5.0,10,0.008,0.5,0.016,0.9995075464248657,-0.20764580368995667,0,False
12,1.5393991013988853,1.54,0.19999999999999973,339,0.32262571851702126,0.08617651646994476,0.3710766638366878,1.9139572925476436,0.3222314715385437,0.006256193210266131,0.03158543726757379,0.008756193210266132,0.0,-0.0025,True,True,9,5.0,10,0.008,0.5,0.018,0.9962239861488342,0.09559329599142075,0,False
13,1.6396101233549416,1.64,0.10000000000000009,171,0.34290285739592263,0.09431157005478924,0.3962410428489981,1.9061713872110502,0.3209206461906433,0.003858114302776419,0.03544355157035021,0.003858114302776419,0.0,-0.0,False,False,9,5.0,10,0.028,0.5,0.018,0.9960490465164185,0.0969109907746315,0,False
14,1.7393127083778381,1.74,0.10000000000000009,169,0.3630438624934975,0.10287231502914737,0.41359362088962104,1.8981748319255995,0.31957435607910156,0.0014624967150240306,0.03690604828537424,0.003962496715024031,0.0,-0.0025,True,True,10,5.0,10,0.008,0.5,0.02,0.9963786602020264,0.08007150888442993,0,False
15,1.839546689298004,1.84,0.10000000000000009,160,0.3830440248479992,0.11179546006462134,0.4274311993853003,1.8900297595753661,0.31820306181907654,0.004036090701474374,0.04094213898684862,0.004036090701474374,0.0,-0.0,False,False,10,5.0,10,0.028,0.5,0.02,0.9963393211364746,0.08022244274616241,0,False
16,2.0408803541213274,2.04,0.20099999999999962,340,0.42280070826286287,0.1304810857540895,0.442512640790821,1.873547728702999,0.3154281675815582,0.005667265886038251,0.04660940487288687,0.008167265886038251,0.0,-0.0025,True,True,11,5.0,10,0.028,0.5,0.022,0.9999834895133972,0.0063637979328632355,0,False
17,2.140886027365923,2.1399999999999997,0.10000000000000009,167,0.44267167318903244,0.13993446518396344,0.4444862052876536,1.8655292233388436,0.3140781819820404,0.0014733735378129544,0.04808277841069982,0.003973373537812954,0.0,-0.0025,True,True,12,5.0,10,0.008,0.5,0.024,0.9999632835388184,0.04078581556677818,0,False
18,2.240527563262731,2.24,0.10000000000000009,168,0.46246627912342503,0.14949003948885717,0.4539963652259732,1.857628080089052,0.3127479553222656,0.003915217622417749,0.05199799603311757,0.003915217622417749,0.0,-0.0,False,False,12,5.0,10,0.028,0.5,0.024,0.9999634027481079,0.04067674279212952,0,False
19,2.3409152133390307,2.34,0.10000000000000009,170,0.48217793545268234,0.15920273912507535,0.46174427188107275,1.8497901318239174,0.31142836809158325,0.001383902898743432,0.053381898931861,0.003883902898743432,0.0,-0.0025,True,True,13,5.0,10,0.008,0.5,0.026,0.9999171495437622,-0.010368847288191319,0,False
20,2.4407607871107757,2.4400000000000004,0.10000000000000009,167,0.5018943402074046,0.16895421340202574,0.4579163636036469,1.842142830613337,0.3101408779621124,0.0037894324298436543,0.05717133136170466,0.0037894324298436543,0.0,-0.0,False,False,13,5.0,10,0.028,0.5,0.026,0.9999130368232727,-0.01328358892351389,0,False
21,2.5410847570747137,2.54,0.10000000000000009,167,0.5216331643595387,0.17865647674214044,0.45477991260748374,1.8347789332415136,0.3089011013507843,0.0011489986130296106,0.05832032997473427,0.0036489986130296107,0.0,-0.0025,True,True,14,5.0,10,0.008,0.5,0.028,0.9988557696342468,-0.027814781293272972,0,False
22,2.7407976863905787,2.74,0.19999999999999973,335,0.561235000630647,0.19775466772312433,0.4449587891077162,1.821079959928757,0.30659475922584534,0.004288190015988987,0.06260851999072325,0.006788190015988987,0.0,-0.0025,True,True,15,5.0,10,0.008,0.5,0.03,0.9965842962265015,0.035505689680576324,0,False
23,2.8411519662477076,2.84,0.10000000000000009,166,0.5809463244261317,0.20733010922672912,0.4550057162948404,1.8145512276482862,0.30549558997154236,0.0032351530491768537,0.0658436730399001,0.0032351530491768537,0.0,-0.0,False,False,15,5.0,10,0.028,0.5,0.03,0.9966062307357788,0.03546447306871414,0,False
24,2.9411741690710187,2.9400000000000004,0.10000000000000009,168,0.6005984522417462,0.21704114437914046,0.4628911899742601,1.8081210937052217,0.3044130206108093,0.0006862950629399765,0.06652996810284008,0.0031862950629399766,0.0,-0.0025,True,True,16,5.0,10,0.008,0.5,0.032,0.9969942569732666,0.015834735706448555,0,False
25,3.1411607963964343,3.1399999999999997,0.19999999999999973,339,0.6397848671472368,0.2367063739056109,0.46756736084113376,1.7957332835615298,0.302327424287796,0.003638475286981539,0.07016844338982162,0.006138475286981539,0.0,-0.0025,True,True,17,5.0,10,0.008,0.5,0.034,0.9945740103721619,-0.03160629794001579,0,False
26,3.2413370669819415,3.24,0.10000000000000009,171,0.659365567961709,0.24649334251775679,0.45991976564472253,1.789952270091121,0.30135414004325867,0.0028646393438538907,0.07303308273367551,0.0028646393438538907,0.0,-0.0,False,False,17,5.0,10,0.028,0.5,0.034,0.9948757290840149,-0.03156059607863426,0,False
27,3.3414550190791488,3.34,0.10000000000000009,170,0.6790180122727899,0.2561655402544313,0.4563508710283364,1.7845484793442543,0.3004443645477295,0.00017771588124897283,0.07321079861492448,0.002677715881248973,0.0,-0.0025,True,True,18,5.0,10,0.008,0.5,0.036,0.9906250238418579,0.17636170983314514,0,False
28,3.4414867823943496,3.4400000000000004,0.10000000000000009,171,0.6982743346254698,0.2662067280126727,0.49863926240601214,1.77894961612374,0.2995017468929291,0.0027743792579690706,0.07598517787289355,0.0027743792579690706,0.0,-0.0,False,False,18,5.0,10,0.028,0.5,0.036,0.9908560514450073,0.1792353391647339,0,False
29,3.5415487443096936,3.54,0.10000000000000009,170,0.7172394234917875,0.27696560972594503,0.5352186532692059,1.7728328018525055,0.29847192764282227,0.0005310371892605203,0.07651621506215407,0.0030310371892605203,0.0,-0.0025,True,True,19,5.0,10,0.008,0.5,0.038,0.999959409236908,0.07252278178930283,0,False
30,3.7415685299783945,3.74,0.1999999999999993,337,0.754795099467695,0.2998433912190908,0.5626115979649999,1.7599350064124621,0.29630047082901,0.0038911859841963907,0.08040740104635047,0.006391185984196391,0.0,-0.0025,True,True,20,5.0,10,0.008,0.5,0.04,0.998571515083313,0.20755372941493988,0,False
31,3.841646543238312,3.84,0.10000000000000053,170,0.7729950275919186,0.311976998642531,0.6091338823858572,1.7530391413639825,0.29513949155807495,0.0034170766819515168,0.08382447772830198,0.0034170766819515168,0.0,-0.0,False,False,20,5.0,10,0.028,0.5,0.04,0.9984854459762573,0.2111896127462387,0,False
32,3.9415199370123446,3.9400000000000004,0.09999999999999964,171,0.790664126098869,0.3248534909322164,0.6524710849924742,1.745527789027959,0.2938748896121979,0.0012220663016030155,0.085046544029905,0.0037220663016030156,0.0,-0.0025,True,True,21,5.0,10,0.008,0.5,0.042,0.994188666343689,0.2112365961074829,0,False
33,4.041662169154733,4.04,0.10000000000000053,170,0.8077149147389875,0.33842176386155143,0.6943089358668584,1.7374167038963646,0.2925093173980713,0.0040192491694143245,0.08906579319931932,0.0040192491694143245,0.0,-0.0,False,False,21,5.0,10,0.028,0.5,0.042,0.9933931827545166,0.2188519835472107,0,False
34,4.141488733235747,4.140000000000001,0.09999999999999964,168,0.8242159059044218,0.3527634598299845,0.7373787456151298,1.7286382655654489,0.2910313904285431,0.0018499396687200495,0.09091573286803936,0.0043499396687200495,0.0,-0.0025,True,True,22,5.0,10,0.008,0.5,0.044,0.9999355673789978,0.1513504832983017,0,False
35,4.241795273963362,4.24,0.09999999999999964,171,0.8402578155490051,0.367739834328025,0.7659155432821992,1.7193463016029067,0.2894670069217682,0.00460440469219118,0.09552013756023055,0.00460440469219118,0.0,-0.0,False,False,22,5.0,10,0.028,0.5,0.044,0.999937117099762,0.1558038592338562,0,False
36,4.341790517326444,4.34,0.10000000000000053,169,0.8558269926771386,0.3831943712869268,0.7967665913643989,1.709679593151515,0.28783953189849854,0.0022901001264166473,0.09781023768664719,0.004790100126416647,0.0,-0.0025,True,True,23,5.0,10,0.008,0.5,0.046,0.9996736645698547,0.10054657608270645,0,False
37,4.4418326104059815,4.44,0.09999999999999964,172,0.8710363726091803,0.3990272652435861,0.8155669472494538,1.6997636450967688,0.286170095205307,0.0049136046948578555,0.10272384238150505,0.0049136046948578555,0.0,-0.0,False,False,23,5.0,10,0.028,0.5,0.046,0.9996778964996338,0.10202975571155548,0,False
38,4.54188338201493,4.54,0.10000000000000053,169,0.8859627403994602,0.4152100648580231,0.8353362735531865,1.6896483761660452,0.28446710109710693,0.002512373263085377,0.10523621564459042,0.005012373263085377,0.0,-0.0025,True,True,24,5.0,10,0.008,0.5,0.048,0.9985119104385376,-0.07428397238254547,0,False
39,4.641648077405989,4.640000000000001,0.09999999999999964,169,0.9008612225043504,0.43143239682345774,0.8176375184904715,1.679713841351106,0.2827945351600647,0.0049228149077031776,0.11015903055229359,0.0049228149077031776,0.0,-0.0,False,False,24,5.0,10,0.028,0.5,0.048,0.9982537031173706,-0.076997771859169,0,False
40,4.741993017029017,4.74,0.09999999999999964,170,0.9160023520137944,0.4474105104939322,0.8047832456461922,1.6703271734199598,0.2812142074108124,0.002151332919546206,0.1123103634718398,0.004651332919546206,0.0,-0.0025,True,True,25,5.0,10,0.008,0.5,0.05,0.9966932535171509,0.14427433907985687,0,False
41,4.842144979164004,4.84,0.10000000000000053,168,0.9308754180486836,0.46342915293742115,0.8399996562648099,1.661039988910039,0.27965062856674194,0.004602036351745177,0.11691239982358498,0.004602036351745177,0.0,-0.0,False,False,25,5.0,10,0.028,0.5,0.05,0.9966019988059998,0.15084463357925415,0,False
42,4.941822385415435,4.94,0.09999999999999964,167,0.9452744039004926,0.4799065130533784,0.8691773944412102,1.651382308313598,0.27802467346191406,0.0022856265944633312,0.1191980264180483,0.004785626594463331,0.0,-0.0025,True,True,26,5.0,10,0.008,0.5,0.052,0.9995870590209961,0.07795359939336777,0,False
43,5.042113436385989,5.04,0.10000000000000053,169,0.9593779994483126,0.49674948409970654,0.8814104092220593,1.6415058349971672,0.276361882686615,0.004894043957100437,0.12409207037514874,0.004894043957100437,0.0,-0.0,False,False,26,5.0,10,0.028,0.5,0.052,0.9995878338813782,0.07804558426141739,0,False
44,5.141960070002824,5.140000000000001,0.09999999999999964,168,0.9732143070506108,0.5138097972573133,0.8959431294561137,1.6315571388411283,0.27468693256378174,0.00242983221272818,0.12652190258787693,0.00492983221272818,0.0,-0.0025,True,True,27,5.0,10,0.008,0.5,0.054,0.9998260140419006,0.029088446870446205,0,False
45,5.242063322104514,5.24,0.09999999999999964,167,0.9869120917995159,0.5310104915822413,0.900713393206028,1.6216590694795208,0.27302050590515137,0.004904745347263569,0.1314266479351405,0.004904745347263569,0.0,-0.0,False,False,27,5.0,10,0.028,0.5,0.054,0.9998222589492798,0.028963688760995865,0,False
46,5.342333143111318,5.34,0.10000000000000053,169,1.0005038550069472,0.5482847497101041,0.9084948880900304,1.6118879211375188,0.271375447511673,0.0023418527509765767,0.13376850068611706,0.004841852750976577,0.0,-0.0025,True,True,28,5.0,10,0.008,0.5,0.056,0.9994263648986816,0.2834109961986542,0,False
47,5.442052788101137,5.44,0.09999999999999964,169,1.0133889043329736,0.565947926963328,0.9717766266345869,1.6016956499145656,0.26965948939323425,0.005050529859159233,0.1388190305452763,0.005050529859159233,0.0,-0.0,False,False,28,5.0,10,0.028,0.5,0.056,0.9994718432426453,0.2856666147708893,0,False
48,5.542517537251115,5.54,0.10000000000000053,171,1.0251899202658323,0.5842369637600201,1.0292982910127424,1.590687154393981,0.26780611276626587,0.002954989777540875,0.1417740203228172,0.005454989777540875,0.0,-0.0025,True,True,29,5.0,10,0.008,0.5,0.058,0.9732199311256409,0.3311023712158203,0,False
49,5.642306892201304,5.640000000000001,0.09999999999999964,168,1.0355593435047616,0.6028158481650467,1.095707452653588,1.5789778495057267,0.2658347487449646,0.0058022586599684005,0.14757627898278558,0.0058022586599684005,0.0,-0.0,False,False,29,5.0,10,0.028,0.5,0.058,0.971256673336029,0.33413609862327576,0,False
50,5.742653472349048,5.74,0.09999999999999964,167,1.0446591686069429,0.6220213783553419,1.1610568602686442,1.5663149553111742,0.2637028396129608,0.0037747864370931915,0.15135106541987878,0.006274786437093192,0.0,-0.0025,True,True,30,5.0,10,0.008,0.5,0.06,0.9714328050613403,-0.752174437046051,0,False
51,5.842546256259084,5.84,0.10000000000000053,161,1.053291397300692,0.6416959773584789,1.1288143505149018,1.5532024385367074,0.2614952325820923,0.006497585871638749,0.15784865129151754,0.006497585871638749,0.0,-0.0,False,False,30,5.0,10,0.028,0.5,0.06,0.9734196662902832,-0.7722243666648865,0,False
52,5.942658838350326,5.94,0.09999999999999964,170,1.0638055890013134,0.6606642607911787,0.9825729801261115,1.541823269912839,0.25957944989204407,0.0031386677365718156,0.16098731902808935,0.005638667736571816,0.0,-0.0025,True,True,31,5.0,10,0.008,0.5,0.062,0.9402381777763367,0.2866770923137665,0,False
53,6.043650133069605,6.04,0.10099999999999998,172,1.0764343515197357,0.6780923400505949,0.9268668145319072,1.5330655425432815,0.25810500979423523,0.00433967686012085,0.1653269958882102,0.00433967686012085,0.0,-0.0,False,False,31,5.0,10,0.028,0.5,0.062,0.940058708190918,0.2848237156867981,0,False
54,6.143746685236692,6.140000000000001,0.10000000000000053,170,1.0886899682656277,0.6950184004927903,0.9763886678725399,1.524797974592536,0.2567130923271179,0.001596790389941156,0.16692378627815135,0.004096790389941156,0.0,-0.0025,True,True,32,5.0,10,0.008,0.5,0.064,0.9722289443016052,-0.34856852889060974,0,False
55,6.243676569312811,6.24,0.09999999999999964,169,1.1006289366578657,0.7122709203494384,0.9343157069557416,1.5163287845478841,0.255287230014801,0.004196699270235341,0.17112048554838669,0.004196699270235341,0.0,-0.0,False,False,32,5.0,10,0.028,0.5,0.064,0.9716337323188782,-0.3461509346961975,0,False
56,6.343346615321934,6.34,0.10000000000000053,168,1.1139272495633088,0.7290547600388421,0.8675943830834106,1.509231297405498,0.2540923058986664,0.0010169855622458117,0.1721374711106325,0.003516985562245812,0.0,-0.0025,True,True,33,5.0,10,0.008,0.5,0.066,0.955546498298645,-0.18887604773044586,0,False
57,6.443621065001935,6.44,0.09999999999999964,170,1.1278109388400137,0.7449278467213865,0.8344850399880113,1.5034883425392946,0.2531254291534424,0.002845780336598984,0.17498325144723148,0.002845780336598984,0.0,-0.0,False,False,33,5.0,10,0.028,0.5,0.066,0.9560796618461609,-0.17804227769374847,0,False
58,6.543762777000666,6.54,0.09999999999999964,170,1.142246645159887,0.7602878130981204,0.8005129261065987,1.4987547372599694,0.252328485250473,-0.00015437807906188523,0.1748288733681696,0.002345621920938115,0.0,-0.0025,True,True,34,5.0,10,0.008,0.5,0.068,0.9023966789245605,0.9893897175788879,0,False
59,6.643944889307022,6.640000000000001,0.10000000000000053,169,1.156495980355848,0.7754537298533736,0.8588936682681706,1.4943556936641236,0.2515878677368164,0.0021798380897212104,0.17700871145789082,0.0021798380897212104,0.0,-0.0,False,False,34,5.0,10,0.028,0.5,0.068,0.9029026031494141,0.9895346164703369,0,False
60,6.743912432342768,6.74,0.09999999999999964,168,1.1682499557099009,0.7913615584125622,1.0367158599012167,1.488174976341177,0.25054728984832764,0.0005627027781860924,0.17757141423607692,0.0030627027781860924,0.0,-0.0025,True,True,35,5.0,10,0.008,0.5,0.07,0.4923946261405945,0.9845635890960693,0,False
61,6.843914225231856,6.84,0.10000000000000053,160,1.1736692309965424,0.8027611661012656,1.232769371909275,1.4821196753953438,0.24952782690525055,0.00300055577055806,0.18057197000663497,0.00300055577055806,0.0,-0.0,False,False,35,5.0,10,0.028,0.5,0.07,0.5613257884979248,0.9835385680198669,0,False
62,6.943946178071201,6.94,0.09999999999999964,169,1.1765287856404771,0.8144146771917345,1.428124459222329,1.4744203312562223,0.24823157489299774,0.001315221025810667,0.18188719103244563,0.003815221025810667,0.0,-0.0025,True,True,36,5.0,10,0.008,0.5,0.072,0.7935680747032166,0.3840222954750061,0,False
63,7.044077400118113,7.04,0.09999999999999964,170,1.1775242026366763,0.8278284296484056,1.5469621347770737,1.4642523113299024,0.24651969969272614,0.005038512724303755,0.18692570375674938,0.005038512724303755,0.0,-0.0,False,False,36,5.0,10,0.028,0.5,0.072,0.7948704361915588,0.3559275269508362,0,False
64,7.143919764086604,7.140000000000001,0.10000000000000053,168,1.1772827313141374,0.8449981626209465,1.618028382223745,1.450397917298577,0.24418719112873077,0.0043652049386389905,0.19129090869538837,0.006865204938638991,0.0,-0.0025,True,True,37,5.0,10,0.008,0.5,0.074,0.9803014993667603,-0.6021961569786072,0,False
65,7.244160665199161,7.24,0.09999999999999964,169,1.1764612045678455,0.862598382809644,1.591075008722727,1.4359201587337211,0.24174973368644714,0.007174097934210639,0.198465006629599,0.007174097934210639,0.0,-0.0,False,False,37,5.0,10,0.028,0.5,0.074,0.9800614714622498,-0.6003817319869995,0,False
66,7.343969180248678,7.34,0.10000000000000053,167,1.1770919456188136,0.8832553037061723,1.4809874363160078,1.4200031653712304,0.23906996846199036,0.005387275415538467,0.20385228204513747,0.007887275415538467,0.0,-0.0025,True,True,38,5.0,10,0.008,0.5,0.076,0.9366828799247742,-0.7606856226921082,0,False
67,7.4439138933084905,7.44,0.09999999999999964,169,1.1805902003670599,0.9038596159250296,1.3241771179771071,1.406045128024732,0.236720010638237,0.006916562839791106,0.21076884488492859,0.006916562839791106,0.0,-0.0,False,False,38,5.0,10,0.028,0.5,0.076,0.9448590278625488,-0.8172121644020081,0,False
68,7.544051915407181,7.54,0.09999999999999964,170,1.1872021426531418,0.923428312338141,1.15952759668414,1.3950391107388398,0.23486705124378204,0.0029537617491614252,0.21372260663409,0.005453761749161425,0.0,-0.0025,True,True,39,5.0,10,0.008,0.5,0.078,0.78009033203125,-0.9194201231002808,0,False
69,7.644016789272428,7.640000000000001,0.10000000000000053,170,1.1956953210338739,0.9391765256460054,0.9783479040755327,1.388386289706983,0.2337469905614853,0.0032966421844590433,0.21701924881854906,0.0032966421844590433,0.0,-0.0,False,False,39,5.0,10,0.028,0.5,0.078,0.8322861194610596,-0.950480580329895,0,False
70,7.74409141112119,7.74,0.10000000000000053,171,1.2074567597394703,0.9536240803369143,0.7916628042687662,1.385056073330634,0.23318631947040558,-0.0008497930070450205,0.21616945581150404,0.0016502069929549795,0.0,-0.0025,True,True,40,5.0,10,0.008,0.5,0.08,0.9248308539390564,-0.8280498385429382,0,False
71,7.844507180154324,7.84,0.09999999999999964,171,1.2230432347752023,0.9670890555663962,0.6305244136150877,1.3852486675695894,0.2332187443971634,-9.543534834075819e-05,0.2160740204631633,-9.543534834075819e-05,0.0,-0.0,False,False,40,5.0,10,0.028,0.5,0.08,0.9358083605766296,-0.8054953813552856,0,False
72,7.944211826194078,7.9399999999999995,0.09999999999999964,171,1.2407238276092554,0.9779463097249254,0.4711211042174528,1.3890842668064325,0.23386450111865997,-0.0044006370660367245,0.21167338339712657,-0.0019006370660367244,0.0,-0.0025,True,True,41,5.0,10,0.008,0.5,0.082,0.9657342433929443,-0.3108099102973938,0,False
73,8.044248219113797,8.040000000000001,0.09999999999999964,170,1.2596042429180432,0.9864302048405027,0.3932157882487525,1.395766472621071,0.23498950898647308,-0.0033112030923859864,0.20836218030474057,-0.0033112030923859864,0.0,-0.0,False,False,41,5.0,10,0.028,0.5,0.082,0.9720743298530579,-0.3148690462112427,0,False
74,8.144490210339427,8.14,0.09999999999999964,170,1.2798069813236221,0.9940378271261482,0.32768144548598394,1.4042726591693457,0.236421599984169,-0.006715031979613309,0.20164714832512726,-0.004215031979613309,0.0,-0.0025,True,True,42,5.0,10,0.008,0.5,0.084,0.9945201277732849,-0.2750668227672577,0,False
75,8.244423632975668,8.24,0.10000000000000142,168,1.3007857743987705,1.0006072024972215,0.2736957962140801,1.4143401335738581,0.2381165474653244,-0.004988689858625898,0.19665845846650135,-0.004988689858625898,0.0,-0.0,False,False,42,5.0,10,0.028,0.5,0.084,0.9944067597389221,-0.29375016689300537,0,False
76,8.344715693965554,8.34,0.09999999999999964,170,1.3219695327500838,1.005950412344681,0.2172458436790078,1.4256775262414825,0.24002529680728912,-0.008117966686747845,0.1885404917797535,-0.005617966686747845,0.0,-0.0025,True,True,43,5.0,10,0.008,0.5,0.086,0.9633154273033142,0.19823035597801208,0,False
77,8.444463768973947,8.44,0.09999999999999964,171,1.3430610356623087,1.0108527492202704,0.25543363793340185,1.437493837763421,0.24201467633247375,-0.005855283171064007,0.18268520860868948,-0.005855283171064007,0.0,-0.0,False,False,43,5.0,10,0.028,0.5,0.086,0.9621909856796265,0.20187079906463623,0,False
78,8.545454893261194,8.540000000000001,0.10100000000000087,173,1.3634036660070261,1.0165055620763546,0.291461482647836,1.4484780819873726,0.24386397004127502,-0.007942972642685507,0.17474223596600397,-0.005442972642685507,0.0,-0.0025,True,True,44,5.0,10,0.008,0.5,0.088,0.9752944707870483,-0.043169695883989334,0,False
79,8.645800943020731,8.64,0.09999999999999964,170,1.3839764929638914,1.0225415725045532,0.27736019401652506,1.4595992486780816,0.24573631584644318,-0.005510821210646526,0.16923141475535744,-0.005510821210646526,0.0,-0.0,False,False,44,5.0,10,0.028,0.5,0.088,0.9756865501403809,-0.038581762462854385,0,False
80,8.745567447971553,8.74,0.09999999999999964,168,1.4046609973511515,1.0284115340428204,0.2703056744118024,1.4711424233335602,0.2476797103881836,-0.008219936900393115,0.16101147785496434,-0.005719936900393114,0.0,-0.0025,True,True,45,5.0,10,0.008,0.5,0.09,0.9818907380104065,-0.08655386418104172,0,False
81,8.84594101831317,8.84,0.09999999999999964,169,1.4255487840803247,1.0340082441993776,0.25318050084969523,1.4832397489679452,0.2497164011001587,-0.005994532817655049,0.15501694503730928,-0.005994532817655049,0.0,-0.0,False,False,45,5.0,10,0.028,0.5,0.09,0.9823373556137085,-0.081327423453331,0,False
82,8.94583191210404,8.94,0.09999999999999964,171,1.4464598570148597,1.0392384825143939,0.23691690825753062,1.495805106925674,0.25183188915252686,-0.008726454748733143,0.14629049028857613,-0.0062264547487331425,0.0,-0.0025,True,True,46,5.0,10,0.008,0.5,0.092,0.9797474145889282,-0.15494023263454437,0,False
83,9.045618877280504,9.040000000000001,0.09999999999999964,171,1.4675424915149906,1.0439747735323703,0.20424679506514717,1.5090194083392945,0.2540566325187683,-0.006548022751506332,0.1397424675370698,-0.006548022751506332,0.0,-0.0,False,False,46,5.0,10,0.028,0.5,0.092,0.9792766571044922,-0.16239215433597565,0,False
84,9.145926637109369,9.14,0.10000000000000142,170,1.488659101575597,1.04801434340454,0.17300408308061582,1.5228877866949555,0.2563914954662323,-0.009372134527351098,0.13037033300971868,-0.006872134527351097,0.0,-0.0025,True,True,47,5.0,10,0.008,0.5,0.094,0.9282795190811157,-0.04049135744571686,0,False
85,9.245712182018906,9.24,0.09999999999999964,170,1.5087999572603246,1.0515101875187667,0.16871625194147027,1.5364993137264216,0.25868311524391174,-0.0067448581574591935,0.12362547485225948,-0.0067448581574591935,0.0,-0.0,False,False,47,5.0,10,0.028,0.5,0.094,0.9285573959350586,-0.04426542669534683,0,False
86,9.345996623393148,9.34,0.09999999999999964,170,1.5290055039804273,1.054840407272906,0.15940656119738503,1.5504131853903655,0.26102563738822937,-0.009394677619744243,0.11423079723251524,-0.006894677619744243,0.0,-0.0025,True,True,48,5.0,10,0.008,0.5,0.096,0.9335403442382812,-0.10495878010988235,0,False
87,9.445893316995353,9.44,0.09999999999999964,169,1.549367818732171,1.0578603797213812,0.13610555668519095,1.5647834062712458,0.2634449899196625,-0.007120810274176564,0.10710998695833868,-0.007120810274176564,0.0,-0.0,False,False,48,5.0,10,0.028,0.5,0.096,0.9324576258659363,-0.11387380957603455,0,False
88,9.546075638383627,9.540000000000001,0.10000000000000142,171,1.5697645616769833,1.060428326605287,0.11448462785978597,1.579587672256831,0.2659374177455902,-0.009835890673194719,0.09727409628514395,-0.007335890673194718,0.0,-0.0025,True,True,49,5.0,10,0.008,0.5,0.098,0.9999572038650513,0.3908858299255371,0,False
89,9.647076121997088,9.64,0.10099999999999909,171,1.5906975981043425,1.0634207392790955,0.18468808432795172,1.5947040187968997,0.26848238706588745,-0.007490534532684339,0.08978356175245962,-0.007490534532684339,0.0,-0.0,False,False,49,5.0,10,0.028,0.5,0.098,0.999961256980896,0.4089095890522003,0,False
90,9.747045256197453,9.74,0.09999999999999964,169,1.611998881964559,1.0682254377462839,0.2624853666381785,1.6092062941835343,0.2709239721298218,-0.009686246643535242,0.08009731510892437,-0.007186246643535242,0.0,-0.0025,True,True,50,5.0,10,0.008,0.5,0.1,0.9803856611251831,-0.074434295296669,0,False
91,9.847765172366053,9.84,0.10100000000000087,169,1.6329909200073403,1.0739428360977872,0.25294254479888906,1.6230978617352463,0.27326273918151855,-0.006883625364329746,0.07321368974459462,-0.006883625364329746,0.0,-0.0,False,False,50,5.0,10,0.028,0.5,0.1,0.9796949625015259,-0.08111747354269028,0,False
92,9.948775677010417,9.94,0.10099999999999909,170,1.6539096899560997,1.0792666381369036,0.24174212187661037,1.6373213357189813,0.27565738558769226,-0.009548093450854415,0.0636655962937402,-0.007048093450854415,0.0,-0.0025,True,True,51,5.0,10,0.008,0.5,0.102,0.9983451962471008,0.2976647615432739,0,False
93,10.04982387041673,10.040000000000001,0.10100000000000087,173,1.6748635422321758,1.0850024602620132,0.3038350036512519,1.651505511981165,0.2780454158782959,-0.0070286204294100025,0.056636975864330204,-0.0070286204294100025,0.0,-0.0,False,False,51,5.0,10,0.028,0.5,0.102,0.9984617829322815,0.30990251898765564,0,False
94,10.150053701363504,10.14,0.09999999999999964,171,1.6954934596823819,1.0920495112836681,0.36134087557925715,1.6648651441578208,0.28029462695121765,-0.00912003784432597,0.047516938020004236,-0.00662003784432597,0.0,-0.0025,True,True,52,5.0,10,0.008,0.5,0.104,0.9942930340766907,0.17042088508605957,0,False
95,10.250203803181648,10.24,0.09999999999999964,171,1.71581888700658,1.1000068399944982,0.38970833473791605,1.6776563755060891,0.2824481427669525,-0.006338380763882805,0.041178557256121434,-0.006338380763882805,0.0,-0.0,False,False,52,5.0,10,0.028,0.5,0.104,0.9943692088127136,0.1817205399274826,0,False
96,10.350677402224392,10.34,0.09999999999999964,170,1.7357663309182199,1.1086387155265904,0.4268253286004231,1.6899556772679079,0.284518837928772,-0.008594617130574807,0.03258394012554663,-0.006094617130574807,0.0,-0.0025,True,True,53,5.0,10,0.008,0.5,0.106,0.9859881401062012,0.2827140986919403,0,False
97,10.450538826175034,10.44,0.10000000000000142,170,1.7551214963628725,1.118162963435909,0.4865428077875504,1.701474335101608,0.2864581048488617,-0.005707788191068623,0.026876151934478003,-0.005707788191068623,0.0,-0.0,False,False,53,5.0,10,0.028,0.5,0.106,0.9854772090911865,0.2855289578437805,0,False
98,10.550538419280201,10.540000000000001,0.09999999999999964,168,1.7738673357550538,1.1287456013423567,0.5425616575310539,1.7121241946588437,0.2882511019706726,-0.007777276527781278,0.019098875406696726,-0.005277276527781279,0.0,-0.0025,True,True,54,5.0,10,0.008,0.5,0.108,0.908153235912323,-0.7437216639518738,0,False
99,10.650526422075927,10.64,0.09999999999999964,170,1.7924756070179588,1.1396588747887817,0.4950500975509065,1.7226928035215203,0.29003041982650757,-0.0052370147402001094,0.013861860666496617,-0.0052370147402001094,0.0,-0.0,False,False,54,5.0,10,0.028,0.5,0.108,0.9039194583892822,-0.747248113155365,0,False
100,10.750554405152798,10.74,0.09999999999999964,170,1.8112296639813343,1.1482255867586872,0.34957571200025456,1.7347433967302763,0.2920592427253723,-0.008471375711072288,0.005390484955424329,-0.005971375711072288,0.0,-0.0025,True,True,55,5.0,10,0.008,0.5,0.11,0.9646984338760376,-0.46502166986465454,0,False
101,10.850676116999239,10.84,0.09999999999999964,169,1.831354758493103,1.1545667496195633,0.2605226937777609,1.7492297406081738,0.29449814558029175,-0.0071783521753820455,-0.0017878672199577164,-0.0071783521753820455,0.0,-0.0,False,False,55,5.0,10,0.028,0.5,0.11,0.961336612701416,-0.516115128993988,0,False
102,10.950583341065794,10.94,0.10000000000000142,168,1.852226166915208,1.1589434939787913,0.15676454692667902,1.765441112848774,0.2972274720668793,-0.010533147643746918,-0.012321014863704634,-0.008033147643746918,0.0,-0.0025,True,True,56,5.0,10,0.008,0.5,0.112,0.9956480264663696,0.3016507923603058,0,False
103,11.050877151079476,11.040000000000001,0.09999999999999964,169,1.873168899917317,1.1620755083900804,0.16437434533977502,1.782407815620277,0.3000839650630951,-0.008407433150520796,-0.02072844801422543,-0.008407433150520796,0.0,-0.0,False,False,56,5.0,10,0.028,0.5,0.112,0.9957479238510132,0.3021092414855957,0,False
104,11.150916384067386,11.14,0.09999999999999964,170,1.8944014457454044,1.166290337105209,0.22737249369833898,1.7992187436396838,0.30291423201560974,-0.01083024279524522,-0.03155869080947065,-0.00833024279524522,0.0,-0.0025,True,True,57,5.0,10,0.008,0.5,0.114,0.8818204998970032,0.5601481199264526,0,False
105,11.251086296048015,11.24,0.09999999999999964,169,1.9130806104356803,1.1716350306876868,0.34009299583588765,1.8133443273530676,0.30529239773750305,-0.006999586329868793,-0.038558277139339445,-0.006999586329868793,0.0,-0.0,False,False,57,5.0,10,0.028,0.5,0.114,0.8616409301757812,0.5671238899230957,0,False
106,11.351094339042902,11.34,0.09999999999999964,169,1.9309013897494443,1.1790511376269792,0.4509389341758301,1.8258686174216072,0.30740097165107727,-0.008706104564160428,-0.04726438170349987,-0.006206104564160427,0.0,-0.0025,True,True,58,5.0,10,0.008,0.5,0.116,0.9893907308578491,0.5975905060768127,0,False
107,11.451071782037616,11.44,0.10000000000000142,170,1.9496914624680715,1.1895148783507021,0.5707815237215846,1.8380337404765068,0.30944907665252686,-0.0060281281654624725,-0.05329250986896234,-0.0060281281654624725,0.0,-0.0,False,False,58,5.0,10,0.028,0.5,0.116,0.9824008941650391,0.6207452416419983,0,False
108,11.551099793985486,11.540000000000001,0.09999999999999964,169,1.966952671860756,1.2021487950375946,0.6931550534207654,1.8480523582542252,0.31113579869270325,-0.007464480156289369,-0.060756990025251714,-0.00496448015628937,0.0,-0.0025,True,True,59,5.0,10,0.008,0.5,0.118,0.9998119473457336,0.2838929295539856,0,False
109,11.652083659078926,11.64,0.10099999999999909,171,1.9834154694604083,1.2165267793965047,0.7430016638917285,1.8568031819699966,0.31260907649993896,-0.00433625592392119,-0.0650932459491729,-0.00433625592392119,0.0,-0.0,False,False,59,5.0,10,0.028,0.5,0.118,0.9998297095298767,0.2920335531234741,0,False
110,11.751869203988463,11.74,0.09999999999999964,166,1.99902289127241,1.2318093414640918,0.8015917744584711,1.8646167019217343,0.31392455101013184,-0.0063717980475752785,-0.07146504399674818,-0.0038717980475752784,0.0,-0.0025,True,True,60,5.0,10,0.008,0.5,0.12,0.9999142289161682,0.20648042857646942,0,False
111,11.852077175397426,11.84,0.10000000000000142,166,2.0139625123827365,1.2478544658908346,0.8419787929278729,1.871734545991951,0.31512290239334106,-0.003527072938219218,-0.07499211693496739,-0.003527072938219218,0.0,-0.0,False,False,60,5.0,10,0.028,0.5,0.12,0.9999122619628906,0.21514469385147095,0,False
112,11.952047897968441,11.94,0.09999999999999964,168,2.0281796507245904,1.2644819619964076,0.8861192822730942,1.8781884001813576,0.31620946526527405,-0.005698049048856985,-0.08069016598382438,-0.0031980490488569845,0.0,-0.0025,True,True,61,5.0,10,0.008,0.5,0.122,0.9996851086616516,0.30911317467689514,0,False
113,12.05233663925901,12.040000000000001,0.09999999999999964,170,2.0414600724695036,1.281856393414668,0.9504410441455535,1.8837233603501597,0.3171413242816925,-0.0027427136690434985,-0.08343287965286787,-0.0027427136690434985,0.0,-0.0,False,False,61,5.0,10,0.028,0.5,0.122,0.9996085166931152,0.31052929162979126,0,False
114,12.152576860040426,12.14,0.09999999999999964,168,2.0536346599812325,1.3000128091674288,1.0123715030550178,1.8881781642265856,0.31789132952690125,-0.004707468728257398,-0.08814034838112528,-0.0022074687282573977,0.0,-0.0025,True,True,62,5.0,10,0.008,0.5,0.124,0.9972269535064697,0.2879084050655365,0,False
115,12.25266315229237,12.24,0.09999999999999964,164,2.0646983874224087,1.3188302671872334,1.0688880303805834,1.891600606336846,0.31846752762794495,-0.0016959071919306662,-0.08983625557305594,-0.0016959071919306662,0.0,-0.0,False,False,62,5.0,10,0.028,0.5,0.124,0.9969990253448486,0.29499301314353943,0,False
116,12.352548086084425,12.34,0.10000000000000142,169,2.074635550354063,1.3382490539655054,1.1271698653070847,1.8940025468041122,0.3188719153404236,-0.0036902226485624936,-0.09352647822161843,-0.0011902226485624938,0.0,-0.0025,True,True,63,5.0,10,0.008,0.5,0.126,0.9946871399879456,0.24536378681659698,0,False
117,12.452419900335371,12.44,0.09999999999999964,169,2.083538868159062,1.3581425100326225,1.1748711597056847,1.8955188724023582,0.3191272020339966,-0.0007513779355579116,-0.09427785615717633,-0.0007513779355579116,0.0,-0.0,False,False,63,5.0,10,0.028,0.5,0.126,0.9945949912071228,0.2547800540924072,0,False
118,12.552519212011248,12.540000000000001,0.09999999999999964,170,2.091414616733587,1.3784097782881002,1.2259982260133693,1.8961911820710646,0.31924039125442505,-0.002833146556064625,-0.09711100271324095,-0.0003331465560646246,0.0,-0.0025,True,True,64,5.0,10,0.008,0.5,0.128,0.9850448369979858,0.2588214874267578,0,False
119,12.652785533107817,12.64,0.09999999999999964,172,2.0981815052945745,1.3988933362740879,1.2780053768877349,1.8959920382118507,0.3192068636417389,9.868085191484514e-05,-0.0970123218613261,9.868085191484514e-05,0.0,-0.0,False,False,64,5.0,10,0.028,0.5,0.128,0.9850442409515381,0.2635340988636017,0,False
120,12.752624647226185,12.74,0.09999999999999964,169,2.1038696116713202,1.4197146075922789,1.3311969517412627,1.8949081645674353,0.31902438402175903,-0.0019629130166446147,-0.09897523487797072,0.0005370869833553853,0.0,-0.0025,True,True,65,5.0,10,0.008,0.5,0.13,0.9883520007133484,0.29169803857803345,0,False
121,12.852719829417765,12.84,0.10000000000000142,170,2.108382436830093,1.4408653699740372,1.3903026313382412,1.8928492825883085,0.31867775321006775,0.0010202284343304117,-0.0979550064436403,0.0010202284343304117,0.0,-0.0,False,False,65,5.0,10,0.028,0.5,0.13,0.9873546361923218,0.29488903284072876,0,False
122,12.953716374002397,12.94,0.10099999999999909,171,2.1116403896269813,1.4621969577955707,1.449188401336136,1.8897812280390671,0.3181612193584442,-0.000979700866321396,-0.09893470730996169,0.0015202991336786041,0.0,-0.0025,True,True,66,5.0,10,0.008,0.5,0.132,0.9803182482719421,0.2810805141925812,0,False
123,13.05348541913554,13.040000000000001,0.09999999999999964,169,2.113663671361927,1.4835642659876227,1.5047801456050969,1.885757636999126,0.3174838125705719,0.001993791790244376,-0.09694091551971731,0.001993791790244376,0.0,-0.0,False,False,66,5.0,10,0.028,0.5,0.132,0.9802048802375793,0.28353816270828247,0,False
124,13.153583361301571,13.14,0.10000000000000142,170,2.1144786798479807,1.505025299308455,1.5612479208168528,1.8807799256025954,0.3166457712650299,-3.3417283692473154e-05,-0.09697433280340978,0.002466582716307527,0.0,-0.0025,True,True,67,5.0,10,0.008,0.5,0.134,0.9841112494468689,0.2681272029876709,0,False
125,13.25355101423338,13.24,0.09999999999999964,165,2.114118909384674,1.5265688959744477,1.6143069864190174,1.8748771245987295,0.3156519830226898,0.0029249881670694172,-0.09404934463634036,0.0029249881670694172,0.0,-0.0,False,False,67,5.0,10,0.028,0.5,0.134,0.9833824634552002,0.2649526000022888,0,False
126,13.354040533304214,13.34,0.09999999999999964,171,2.1126148101905615,1.5480834995357857,1.6660157512782972,1.868100922882542,0.31451115012168884,0.0008577804544897573,-0.09319156418185061,0.0033577804544897573,0.0,-0.0025,True,True,68,5.0,10,0.008,0.5,0.136,0.9989395141601562,-0.4671255350112915,0,False
127,13.453728089109063,13.44,0.09999999999999964,170,2.110687609116029,1.5698718330334442,1.6261745974805342,1.8610749505127093,0.31332826614379883,0.0034815481718692143,-0.0897100160099814,0.0034815481718692143,0.0,-0.0,False,False,68,5.0,10,0.028,0.5,0.136,0.9990285634994507,-0.4712846875190735,0,False
128,13.5539272101596,13.540000000000001,0.09999999999999964,169,2.110546129272935,1.591982836779691,1.531670993110693,1.855951377302852,0.3124656677246094,3.8860958065744296e-05,-0.08967115505191565,0.0025388609580657443,0.0,-0.0025,True,True,69,5.0,10,0.008,0.5,0.138,0.9942954182624817,-0.23479513823986053,0,False
129,13.655060333199799,13.64,0.10100000000000087,171,2.1118620260596823,1.6138943085758897,1.4893963649271822,1.852544689684565,0.3118921220302582,0.0016881004400902562,-0.0879830546118254,0.0016881004400902562,0.0,-0.0,False,False,69,5.0,10,0.028,0.5,0.138,0.9947893023490906,-0.22921285033226013,0,False
130,13.75479100830853,13.74,0.09999999999999964,167,2.1141792597323836,1.6357331256889376,1.444667809418606,1.8503882714686142,0.3115290701389313,-0.0014314398773094294,-0.08941449448913483,0.0010685601226905707,0.0,-0.0025,True,True,70,5.0,10,0.008,0.5,0.14,0.9370015859603882,0.0535120852291584,0,False
131,13.85604779003188,13.84,0.10100000000000087,173,2.1167103851809426,1.6563543886073424,1.4580614101840532,1.8489264670336019,0.3112829625606537,0.000724361311211449,-0.08869013317792337,0.000724361311211449,0.0,-0.0,False,False,70,5.0,10,0.028,0.5,0.14,0.9368769526481628,0.053147006779909134,0,False
132,13.956195392180234,13.94,0.09999999999999964,171,2.1189769508068728,1.6768273352044005,1.4681462404895094,1.8474625383974244,0.31103649735450745,-0.001774586093034674,-0.09046471927095805,0.0007254139069653259,0.0,-0.0025,True,True,71,5.0,10,0.008,0.5,0.142,0.924947202205658,0.2528816759586334,0,False
133,14.056964508257806,14.040000000000001,0.10099999999999909,173,2.120501054691239,1.696973132542882,1.522490251207307,1.8455484561310416,0.3107142448425293,0.0009484764904492427,-0.0895162427805088,0.0009484764904492427,0.0,-0.0,False,False,71,5.0,10,0.028,0.5,0.142,0.9159378409385681,0.25396469235420227,0,False
134,14.157089500222355,14.14,0.09999999999999964,171,2.1209961189875255,1.7170543138535908,1.5716098781555352,1.8428470032995177,0.3102594316005707,-0.0011613613501575896,-0.09067760413066639,0.0013386386498424104,0.0,-0.0025,True,True,72,5.0,10,0.008,0.5,0.144,0.9534066319465637,-0.4096581041812897,0,False
135,14.257169212214649,14.24,0.10000000000000142,170,2.1212257403221746,1.737627811632753,1.5245676359007556,1.8400278343201026,0.30978479981422424,0.0013969699978632994,-0.08928063413280309,0.0013969699978632994,0.0,-0.0,False,False,72,5.0,10,0.028,0.5,0.144,0.9617047905921936,-0.3930760622024536,0,False
136,14.357453703414649,14.34,0.09999999999999964,169,2.1230544626006753,1.7588365129084176,1.4488978523359417,1.8389365259716102,0.3096010684967041,-0.0019592289315065957,-0.09123986306430969,0.0005407710684934042,0.0,-0.0025,True,True,73,5.0,10,0.008,0.5,0.146,0.8997080326080322,0.3589259684085846,0,False
137,14.457623264286667,14.44,0.09999999999999964,170,2.125712123026681,1.7795889786078245,1.4641356752600854,1.8389687430226118,0.30960649251937866,-1.5964368931965624e-05,-0.09125582743324165,-1.5964368931965624e-05,0.0,-0.0,False,False,73,5.0,10,0.028,0.5,0.146,0.8993104696273804,0.3596494495868683,0,False
138,14.557399369310588,14.540000000000001,0.09999999999999964,169,2.1270748208586974,1.799286800637716,1.5375247391317628,1.8380664885777998,0.3094545900821686,-0.002052909953591076,-0.09330873738683272,0.00044709004640892415,0.0,-0.0025,True,True,74,5.0,10,0.008,0.5,0.148,0.9196872115135193,0.35323721170425415,0,False
139,14.657783409114927,14.64,0.09999999999999964,169,2.1270424853469097,1.819323387569113,1.6085522979760645,1.8359543245527854,0.3090989887714386,0.0010466310444872595,-0.09226210634234547,0.0010466310444872595,0.0,-0.0,False,False,74,5.0,10,0.028,0.5,0.148,0.9064972400665283,0.3573688566684723,0,False
140,14.757759322412312,14.74,0.10000000000000142,168,2.1256127567960905,1.839022749217642,1.6787080669196428,1.8326963310160447,0.30855047702789307,-0.0008855812626727636,-0.09314768760501824,0.0016144187373272364,0.0,-0.0025,True,True,75,5.0,10,0.008,0.5,0.15,0.9659527540206909,0.1190236434340477,0,False
141,14.857489597052336,14.84,0.09999999999999964,168,2.123125073848641,1.8598963051859934,1.6993903238541854,1.8285005026649792,0.3078440725803375,0.0020791397626115076,-0.09106854784240673,0.0020791397626115076,0.0,-0.0,False,False,75,5.0,10,0.028,0.5,0.15,0.9633050560951233,0.13998295366764069,0,False
142,14.957878067158163,14.94,0.09999999999999964,170,2.1200784996658095,1.8808092372542735,1.7278655934069018,1.8239770162842202,0.30708250403404236,-0.0002584973423711374,-0.09132704518477787,0.0022415026576288626,0.0,-0.0025,True,True,76,5.0,10,0.008,0.5,0.152,0.9813860654830933,-0.3711872398853302,0,False
143,15.057818999979645,15.040000000000001,0.09999999999999964,169,2.117230933003492,1.9021948030457658,1.6605140745163969,1.8198610224936038,0.30638954043388367,0.0020395797055328493,-0.08928746547924502,0.0020395797055328493,0.0,-0.0,False,False,76,5.0,10,0.028,0.5,0.152,0.9869498610496521,-0.37789979577064514,0,False
144,15.157674555201083,15.14,0.09999999999999964,168,2.116000564037166,1.9239623598177942,1.5876675620758618,1.8175916675823833,0.3060074746608734,-0.0013754768697346533,-0.09066294234897967,0.0011245231302653468,0.0,-0.0025,True,True,77,5.0,10,0.008,0.5,0.154,0.9758071899414062,-0.5139446258544922,0,False
145,15.258003385271877,15.24,0.10000000000000142,171,2.1167942430448057,1.945642200223148,1.4835460783108485,1.8176072450575929,0.30601009726524353,-7.71903552751359e-06,-0.09067066138450719,-7.71903552751359e-06,0.0,-0.0,False,False,77,5.0,10,0.028,0.5,0.154,0.9837275147438049,-0.4588761627674103,0,False
146,15.358057177159935,15.34,0.09999999999999964,170,2.119663025597042,1.9672203805856174,1.394468102719728,1.8199582046969003,0.3064059019088745,-0.0036649603504723093,-0.0943356217349795,-0.0011649603504723092,0.0,-0.0025,True,True,78,5.0,10,0.008,0.5,0.156,0.9279779195785522,-0.24373674392700195,0,False
147,15.458240149077028,15.44,0.09999999999999964,170,2.123769294523068,1.9874805120232693,1.348947054740119,1.8238122136771728,0.3070547580718994,-0.0019097595625692605,-0.09624538129754877,-0.0019097595625692605,0.0,-0.0,False,False,78,5.0,10,0.028,0.5,0.156,0.9374582171440125,-0.22786487638950348,0,False
148,15.55883626639843,15.540000000000001,0.10100000000000087,172,2.128834240071582,2.0076361543369536,1.3017749943621648,1.828850110773377,0.3079029321670532,-0.004996406262664035,-0.1012417875602128,-0.0024964062626640342,0.0,-0.0025,True,True,79,5.0,10,0.008,0.5,0.158,0.9892652630805969,-0.3567506968975067,0,False
149,15.659134437330067,15.64,0.09999999999999964,171,2.135456757179543,2.0285117280326115,1.225265213735707,1.835678178401342,0.3090524971485138,-0.003383481334144094,-0.1046252688943569,-0.003383481334144094,0.0,-0.0,False,False,79,5.0,10,0.028,0.5,0.158,0.9885951280593872,-0.3804977238178253,0,False
150,15.859332841355354,15.840000000000002,0.1999999999999993,337,2.153684409985508,2.0680698511228433,1.02563125072165,1.8549338849448416,0.3122943639755249,-0.012041692791508515,-0.11666696168586542,-0.009541692791508514,0.0,-0.0025,True,True,80,5.0,10,0.028,0.5,0.16,0.9766368269920349,-0.5730899572372437,0,False
151,15.959188775159419,15.94,0.10000000000000142,167,2.1657418999418367,2.0857649854012537,0.9128184578842488,1.8677120170525925,0.3144456744194031,-0.008831889756734521,-0.12549885144259995,-0.006331889756734521,0.0,-0.0025,True,True,81,5.0,10,0.008,0.5,0.162,0.8662647008895874,-0.5259143114089966,0,False
152,16.15915506100282,16.139999999999997,0.1999999999999993,338,2.1917253507410153,2.1129218303229225,0.6917058792260796,1.8950926160352584,0.319055438041687,-0.016067783833322156,-0.14156663527592211,-0.013567783833322158,0.0,-0.0025,True,True,82,5.0,10,0.008,0.5,0.164,0.7882493734359741,-0.8357795476913452,0,False
153,16.35920033697039,16.34,0.1999999999999993,340,2.2223211659596767,2.1307874799744546,0.34497999462353734,1.9267651634717038,0.324387788772583,-0.018194553553791314,-0.15976118882971344,-0.015694553553791315,0.0,-0.0025,True,True,83,5.0,10,0.008,0.5,0.166,0.8557703495025635,-0.6705882549285889,0,False
154,16.459718885365874,16.439999999999998,0.10000000000000142,171,2.2403491333847585,2.136017110065438,0.20899442065092091,1.9451106498160227,0.3274764120578766,-0.00909065551102299,-0.1688518443407364,-0.00909065551102299,0.0,-0.0,False,False,83,5.0,10,0.028,0.5,0.166,0.8668172359466553,-0.7175285816192627,0,False
155,16.65974905109033,16.639999999999997,0.1999999999999993,336,2.2789304693419354,2.1382741987937264,-0.06787576448918296,1.9837553565261221,0.33398258686065674,-0.02164943596656532,-0.19050128030730173,-0.01914943596656532,0.0,-0.0025,True,True,84,5.0,10,0.028,0.5,0.168,0.9953319430351257,-0.6066904067993164,0,False
156,16.85949785914272,16.84,0.1999999999999993,338,2.3214212003583707,2.130326018635762,-0.2758659972618083,2.025618050984356,0.3410305380821228,-0.02324403081719689,-0.21374531112449863,-0.02074403081719689,0.0,-0.0025,True,True,85,5.0,10,0.028,0.5,0.17,0.9997835159301758,-0.39887744188308716,0,False
157,16.959863869007677,16.939999999999998,0.10000000000000142,171,2.342297268387398,2.1234055899178585,-0.3572139907063018,2.0460222422910377,0.3444657623767853,-0.012610796229040508,-0.22635610735353914,-0.010110796229040507,0.0,-0.0025,True,True,86,5.0,10,0.008,0.5,0.172,0.9998421669006348,-0.34552785754203796,0,False
158,17.15984607534483,17.139999999999997,0.1999999999999993,339,2.382427749638308,2.1052265896870384,-0.4963271831087237,2.0850847085635773,0.3510422706604004,-0.021856446464804596,-0.24821255381834373,-0.019356446464804597,0.0,-0.0025,True,True,87,5.0,10,0.008,0.5,0.174,0.9586717486381531,-0.3998218774795532,0,False
159,17.359714542049915,17.34,0.1999999999999993,331,2.4179879285002843,2.0819823250696774,-0.6596500466200035,2.119573946744745,0.3568488359451294,-0.019590295523275163,-0.2678028493416189,-0.017090295523275165,0.0,-0.0025,True,True,88,5.0,10,0.008,0.5,0.176,0.9994690418243408,-0.30755001306533813,0,False
160,17.459710245020688,17.439999999999998,0.10000000000000142,170,2.4350459300746565,2.0679262538858816,-0.7190038598295975,2.1361262532723195,0.3596355617046356,-0.008202089262225123,-0.276004938603844,-0.008202089262225123,0.0,-0.0,False,False,88,5.0,10,0.028,0.5,0.176,0.9993890523910522,-0.30591508746147156,0,False
161,17.660004028119147,17.639999999999997,0.1999999999999993,339,2.46644452155265,2.0368396084498235,-0.8408553845889235,2.1667577651211762,0.3647926449775696,-0.017678693918136836,-0.2936836325219808,-0.015178693918136837,0.0,-0.0025,True,True,89,5.0,10,0.028,0.5,0.178,0.9995322823524475,-0.29693570733070374,0,False
162,17.860192672349513,17.84,0.1999999999999993,338,2.493772879087431,2.0021383563729716,-0.9733584073251399,2.1937738865872896,0.36934104561805725,-0.01588717594523973,-0.30957080846722057,-0.013387175945239731,0.0,-0.0025,True,True,90,5.0,10,0.028,0.5,0.18,0.9983253479003906,-0.35049986839294434,0,False
163,17.961232936009765,17.939999999999998,0.10099999999999909,171,2.505567382358898,1.983463452829608,-1.0428857024344873,2.2056294073223977,0.37133702635765076,-0.00837471233435208,-0.3179455208015727,-0.0058747123343520806,0.0,-0.0025,True,True,91,5.0,10,0.008,0.5,0.182,0.9976407885551453,-0.299519807100296,0,False
164,18.0618880642578,18.04,0.10100000000000264,172,2.5161453285581037,1.9641031052788387,-1.1011060545557823,2.2164361037323124,0.37315642833709717,-0.005354993180933903,-0.3233005139825066,-0.005354993180933903,0.0,-0.0,False,False,91,5.0,10,0.028,0.5,0.182,0.9978994727134705,-0.3040638566017151,0,False
165,18.262426045257598,18.24,0.1999999999999993,342,2.5337739311352805,1.923673267302091,-1.2158224936634008,2.235077562105614,0.376294881105423,-0.01173731718604663,-0.33503783116855324,-0.00923731718604663,0.0,-0.0025,True,True,92,5.0,10,0.028,0.5,0.184,0.9979162216186523,-0.2776181399822235,0,False
166,18.46225682226941,18.439999999999998,0.1999999999999993,341,2.5467250419953,1.881476925556094,-1.3337325704854108,2.249849079989906,0.378781795501709,-0.009819663155324173,-0.3448574943238774,-0.007319663155324173,0.0,-0.0025,True,True,93,5.0,10,0.028,0.5,0.186,0.998979926109314,-0.3063070476055145,0,False
167,18.562606712337583,18.54,0.10000000000000142,172,2.5512690803858367,1.8598550625516823,-1.3948173881543702,2.2556269071585673,0.37975454330444336,-0.005363060450223186,-0.3502205547741006,-0.0028630604502231857,0.0,-0.0025,True,True,94,5.0,10,0.008,0.5,0.188,0.999797523021698,-0.2828788757324219,0,False
168,18.762345570139587,18.74,0.1999999999999993,344,2.5565696700929026,1.8159909303241601,-1.5083886773558086,2.2640596317498876,0.3811742663383484,-0.006678629709795842,-0.3568991844838964,-0.004178629709795842,0.0,-0.0025,True,True,95,5.0,10,0.008,0.5,0.19,0.9998553991317749,-0.2619173228740692,0,False
169,18.96253830427304,18.939999999999998,0.1999999999999993,348,2.557041190797025,1.7718192050916233,-1.613176966898469,2.2685461216270237,0.3819296061992645,-0.004723169948250894,-0.3616223544321473,-0.002223169948250894,0.0,-0.0025,True,True,96,5.0,10,0.008,0.5,0.192,0.99997878074646,-0.23463691771030426,0,False
170,19.062487598042935,19.04,0.10000000000000142,169,2.5556080829591425,1.749777734808852,-1.6592343652778478,2.2694446587197974,0.38208088278770447,-0.00044524800383996966,-0.3620676024359873,-0.00044524800383996966,0.0,-0.0,False,False,96,5.0,10,0.028,0.5,0.192,0.9999796748161316,-0.2365075945854187,0,False
171,19.262512443121523,19.24,0.1999999999999993,338,2.5497219342759085,1.706016897380734,-1.747046279312752,2.2688488202930293,0.3819805681705475,-0.0022047468910707624,-0.36427234932705804,0.0002952531089292378,0.0,-0.0025,True,True,97,5.0,10,0.028,0.5,0.194,0.9999552965164185,-0.20998384058475494,0,False
172,19.462419740390033,19.439999999999998,0.1999999999999993,340,2.540018183133514,1.6629842563507393,-1.8440118919084776,2.2652286504576646,0.38137108087539673,-0.00070611368665689,-0.36497846301371495,0.00179388631334311,0.0,-0.0025,True,True,98,5.0,10,0.028,0.5,0.196,0.9980390071868896,-0.26386556029319763,0,False
173,19.562848849222064,19.54,0.10000000000000142,169,2.5335200079766405,1.6419046992322786,-1.8964149629787357,2.2620441188778786,0.3808349370956421,-0.0009219835324903417,-0.3659004465462053,0.0015780164675096584,0.0,-0.0025,True,True,99,5.0,10,0.008,0.5,0.198,0.9993613362312317,-0.2171458601951599,0,False
174,19.76287838537246,19.74,0.1999999999999993,330,2.517667411318167,1.600723364208381,-1.9835296566421634,2.2533242730957626,0.3793668746948242,0.0018209055691789495,-0.36407954097702633,0.0043209055691789495,0.0,-0.0025,True,True,100,5.0,10,0.008,0.5,0.2,0.997338593006134,-0.2919060289859772,0,False
175,19.962876921053976,19.939999999999998,0.1999999999999993,342,2.497476169705206,1.5615179761160607,-2.1061015110978945,2.240796265675184,0.37725767493247986,0.003707946606729601,-0.3603715943702967,0.006207946606729601,0.0,-0.0025,True,True,101,5.0,10,0.008,0.5,0.202,0.8951635956764221,-0.7791759967803955,0,False
176,20.062865604180843,20.04,0.10000000000000142,166,2.485617452068919,1.5440170236821265,-2.236924872665986,2.2326765067221666,0.3758906424045563,0.004023547268741958,-0.35634804710155477,0.004023547268741958,0.0,-0.0,False,False,101,5.0,10,0.028,0.5,0.202,0.9052726626396179,-0.19396337866783142,0,False
177,20.26309898821637,20.24,0.1999999999999993,335,2.458759944583822,1.5134562980787682,-2.4092629077694756,2.212909752781733,0.3725627362728119,0.007294929786600193,-0.3490531173149546,0.009794929786600194,0.0,-0.0025,True,True,102,5.0,10,0.028,0.5,0.204,0.8833023309707642,0.2646751403808594,0,False
178,20.463330551050603,20.439999999999998,0.1999999999999993,337,2.427189846581658,1.4891480420063337,-2.4851798047664837,2.1876714106739183,0.36831364035606384,0.010006241015656699,-0.33904687629929786,0.0125062410156567,0.0,-0.0025,True,True,103,5.0,10,0.028,0.5,0.206,0.8663861155509949,0.14543358981609344,0,False
179,20.56310454616323,20.54,0.10000000000000142,167,2.412312362519332,1.477377614775449,-2.459784328453731,2.1760049438424907,0.3663494884967804,0.0032810313122676005,-0.33576584498703027,0.0057810313122676005,0.0,-0.0025,True,True,104,5.0,10,0.008,0.5,0.208,0.8604780435562134,-0.20327413082122803,0,False
180,20.763571388088167,20.74,0.1999999999999993,336,2.3817562104407797,1.4544109244980166,-2.539034356791187,2.1520632495291134,0.3623186945915222,0.009363719024299935,-0.3264021259627303,0.011863719024299935,0.0,-0.0025,True,True,105,5.0,10,0.008,0.5,0.21,0.9617717862129211,-0.20671971142292023,0,False
181,20.96328889625147,20.939999999999998,0.1999999999999993,333,2.345895327171262,1.431825840736204,-2.6197500153671616,2.1233251089852816,0.35748037695884705,0.011740480236286575,-0.31466164572644373,0.014240480236286575,0.0,-0.0025,True,True,106,5.0,10,0.008,0.5,0.212,0.9659489989280701,-0.028319979086518288,0,False
182,21.06365119619295,21.04,0.10000000000000142,170,2.327453473792885,1.4212318275260012,-2.621276888818325,2.1084449028080496,0.354975163936615,0.007373520971391526,-0.3072881247550522,0.007373520971391526,0.0,-0.0,False,False,106,5.0,10,0.028,0.5,0.212,0.9668293595314026,-0.03104514256119728,0,False
183,21.16448680218309,21.139999999999997,0.10099999999999909,172,2.3090997087014644,1.4108292586761473,-2.6283834808424555,2.0937057789915228,0.3524937033653259,0.004803611070079532,-0.30248451368497264,0.007303611070079531,0.0,-0.0025,True,True,107,5.0,10,0.008,0.5,0.214,0.9144526124000549,-0.11055104434490204,0,False
184,21.36606169398874,21.36,0.2010000000000005,344,2.269863342630569,1.3900455492995618,-2.684588116589344,2.0621362553115774,0.34717869758605957,0.013143502659734007,-0.2893410110252386,0.015643502659734007,0.0,-0.0025,True,True,108,5.0,10,0.012,0.5,0.216,0.7994066476821899,-0.9255390167236328,0,False
185,21.566028010100126,21.56,0.1999999999999993,342,2.232860915148646,1.3769098489910514,-2.8888699790842804,2.0308108377488376,0.34190478920936584,0.013022541864364483,-0.27631846916087416,0.015522541864364484,0.0,-0.0025,True,True,109,5.0,10,0.012,0.5,0.218,0.8929849863052368,-0.5762526988983154,0,False
186,21.66541360830888,21.639999999999997,0.10000000000000142,171,2.2172839053420743,1.3737620870020468,-2.9876663512183432,2.0169658256059906,0.33957386016845703,0.0068605559740599915,-0.26945791318681417,0.0068605559740599915,0.0,-0.0,False,False,109,5.0,10,0.028,0.5,0.218,0.9007808566093445,0.05907164886593819,0,False
187,21.866023159120232,21.86,0.1999999999999993,349,2.173726222748969,1.3658541044695889,-2.8904075858309453,1.9781281706234084,0.3330352008342743,0.016745046747531654,-0.25271286643928254,0.019245046747531653,0.0,-0.0025,True,True,110,5.0,10,0.032,0.5,0.22,0.9502291679382324,0.30520734190940857,0,False
188,22.06613168399781,22.06,0.1999999999999993,348,2.1354704801555076,1.35442016530267,-2.8472620503031423,1.9487874650157857,0.3280954360961914,0.012039066565102905,-0.24067379987417964,0.014539066565102905,0.0,-0.0025,True,True,111,5.0,10,0.032,0.5,0.222,0.8721587061882019,-0.03474418818950653,0,False
189,22.16629326529801,22.16,0.10000000000000142,171,2.1167175373005245,1.3487199617345837,-2.8463388941911196,1.9299296921571867,0.32492056488990784,0.006844506520304395,-0.23382929335387526,0.009344506520304396,0.0,-0.0025,True,True,112,5.0,10,0.012,0.5,0.224,0.9294954538345337,0.09737144410610199,0,False
190,22.36622674111277,22.36,0.1999999999999993,344,2.0775963514377254,1.335946705599513,-2.8070667524180433,1.9008553967790014,0.32002565264701843,0.011907053514318996,-0.22192223983955625,0.014407053514318997,0.0,-0.0025,True,True,113,5.0,10,0.008,0.5,0.226,0.9655998349189758,0.13544046878814697,0,False
191,22.56685595214367,22.56,0.1999999999999993,353,2.0377606288037606,1.321056747068592,-2.7687785970570093,1.8656837589735937,0.31410419940948486,0.014928441909170044,-0.20699379793038622,0.017428441909170044,0.0,-0.0025,True,True,114,5.0,10,0.012,0.5,0.228,0.9708554744720459,0.0335974246263504,0,False
192,22.666671986225992,22.66,0.10000000000000142,176,2.0178871041984077,1.31324033431949,-2.7639619427715743,1.8500742437297293,0.3114762008190155,0.007734912180181953,-0.19925888575020426,0.007734912180181953,0.0,-0.0,False,False,114,5.0,10,0.032,0.5,0.228,0.9718819260597229,0.012144803069531918,0,False
193,22.866429444402456,22.86,0.1999999999999993,350,1.9788440390730941,1.2976302138553673,-2.7695656392727255,1.8228699534437542,0.3068961203098297,0.010980418385760169,-0.1882784673644441,0.01348041838576017,0.0,-0.0025,True,True,115,5.0,10,0.028,0.5,0.23,0.9545372724533081,-0.0512365847826004,0,False
194,23.066589159425348,23.06,0.1999999999999993,350,1.9385631585799494,1.2825645710872988,-2.8059525485549153,1.7919214045710288,0.3016856610774994,0.012835793834385358,-0.17544267353005874,0.015335793834385358,0.0,-0.0025,True,True,116,5.0,10,0.028,0.5,0.232,0.985130786895752,-0.11938702315092087,0,False
195,23.166829489171505,23.16,0.10000000000000142,175,1.9180564181250395,1.2757063764880903,-2.833400627073139,1.7759684768054977,0.2989998459815979,0.005405081827039497,-0.17003759170301924,0.007905081827039497,0.0,-0.0025,True,True,117,5.0,10,0.012,0.5,0.234,0.9751289486885071,-0.16527308523654938,0,False
196,23.366747606080025,23.36,0.1999999999999993,349,1.8770717872656417,1.2639714662906631,-2.8899698853572127,1.7435453782907702,0.2935411334037781,0.013566470720119407,-0.15647112098289984,0.016066470720119408,0.0,-0.0025,True,True,118,5.0,10,0.008,0.5,0.236,0.9341488480567932,-0.11607427895069122,0,False
197,23.56718438817188,23.56,0.1999999999999993,348,1.836598583764843,1.2544878258771885,-2.930739076080353,1.7079003976591063,0.2875399887561798,0.01516299532963261,-0.14130812565326722,0.01766299532963261,0.0,-0.0025,True,True,119,5.0,10,0.012,0.5,0.238,0.9717895984649658,-0.06921718269586563,0,False
198,23.667135381139815,23.66,0.10000000000000142,174,1.8156321012046657,1.2501354969824552,-2.943834864675345,1.6909871539502543,0.2846924960613251,0.008380942824051272,-0.13292718282921595,0.008380942824051272,0.0,-0.0,False,False,119,5.0,10,0.032,0.5,0.238,0.9729292988777161,-0.06647323071956635,0,False
199,23.866855749394745,23.86,0.1999999999999993,348,1.773660914466954,1.2417711830209701,-2.935099100160562,1.660616564811159,0.2795793414115906,0.012549400073050077,-0.12037778275616587,0.015049400073050077,0.0,-0.0025,True,True,120,5.0,10,0.032,0.5,0.24,0.9757749438285828,0.046423569321632385,0,False
200,24.067046313080937,24.06,0.1999999999999993,348,1.732461862792305,1.2333634984073538,-2.9624593703288626,1.6279516613971547,0.27407991886138916,0.013686291203422267,-0.1066914915527436,0.016186291203422267,0.0,-0.0025,True,True,121,5.0,10,0.032,0.5,0.242,0.9396238923072815,-0.119392529129982,0,False
201,24.167172405403107,24.16,0.10000000000000142,173,1.7122255139039382,1.2299281841716279,-2.9826655834008995,1.6085369937998115,0.2708112895488739,0.007120462040414794,-0.09957102951232881,0.009620462040414795,0.0,-0.0025,True,True,122,5.0,10,0.012,0.5,0.244,0.913896918296814,-0.013244368135929108,0,False
202,24.368641598150134,24.36,0.20099999999999696,349,1.6720621289463389,1.223541558827364,-2.985049575035297,1.5765284685457768,0.26542237401008606,0.01336103911551073,-0.08620999039681808,0.01586103911551073,0.0,-0.0025,True,True,123,5.0,10,0.012,0.5,0.246,0.9654696583747864,0.09045768529176712,0,False
203,24.46884814929217,24.459999999999997,0.10100000000000264,175,1.6511355203600895,1.2199795572482808,-2.966383037532858,1.5601278653847326,0.2626611888408661,0.008126916382144184,-0.07808307401467389,0.008126916382144184,0.0,-0.0,False,False,123,5.0,10,0.032,0.5,0.246,0.9690061807632446,0.05103900656104088,0,False
204,24.669858086388558,24.66,0.1999999999999993,349,1.6093168846386472,1.2127312804558248,-2.9892108860025632,1.5277769897096134,0.25721463561058044,0.013530682464491557,-0.06455239155018233,0.016030682464491557,0.0,-0.0025,True,True,124,5.0,10,0.032,0.5,0.248,0.9612265825271606,-0.10430068522691727,0,False
205,24.869341056328267,24.86,0.1999999999999993,347,1.5673919426945437,1.2072715887813261,-3.0364591048341825,1.494891523407982,0.25167807936668396,0.013795585729187458,-0.05075680582099487,0.016295585729187458,0.0,-0.0025,True,True,125,5.0,10,0.032,0.5,0.25,0.9568718671798706,-0.10719335079193115,0,False
206,24.969335499219596,24.959999999999997,0.10000000000000142,172,1.5462960740458338,1.2052619294807931,-3.053115991637353,1.478128035881259,0.2488557994365692,0.005806734823411314,-0.04495007099758356,0.008306734823411314,0.0,-0.0025,True,True,126,5.0,10,0.012,0.5,0.252,0.9687193632125854,-0.008105427958071232,0,False
207,25.170798232313246,25.16,0.1999999999999993,350,1.503643952862728,1.2014847494850063,-3.0566233413060653,1.444432540868727,0.24318286776542664,0.014196975576620694,-0.030753095420962863,0.016696975576620695,0.0,-0.0025,True,True,127,5.0,10,0.012,0.5,0.254,0.9843668937683105,-0.01804874837398529,0,False
208,25.370896127074957,25.36,0.1999999999999993,347,1.4605188446345025,1.1980117077771404,-3.0740259659160407,1.4106697794859717,0.23749861121177673,0.014230307775489759,-0.016522787645473103,0.01673030777548976,0.0,-0.0025,True,True,128,5.0,10,0.012,0.5,0.256,0.9997574687004089,-0.4020925760269165,0,False
209,25.47029145527631,25.459999999999997,0.10000000000000142,173,1.4384754722733033,1.197493223424386,3.1248443588877874,1.392890392752112,0.234505295753479,0.00881013874264627,-0.007712648902826833,0.00881013874264627,0.0,-0.0,False,False,128,5.0,10,0.032,0.5,0.256,0.9996181130409241,-0.3346165120601654,0,False
210,25.670933676417917,25.66,0.1999999999999993,349,1.3949237022976735,1.199985202928385,3.090460473918866,1.3560536467585296,0.22830350697040558,0.015753545405647645,0.008040896502820812,0.018253545405647643,0.0,-0.0025,True,True,129,5.0,10,0.032,0.5,0.258,0.9953392148017883,0.024337997660040855,0,False
211,25.87070789327845,25.86,0.1999999999999993,346,1.3518953700100953,1.2026710701578345,3.0531975529682476,1.319930809373134,0.22222191095352173,0.015399785516071943,0.023440682018892753,0.017899785516071944,0.0,-0.0025,True,True,130,5.0,10,0.032,0.5,0.26,0.9662538766860962,-0.13001835346221924,0,False
212,25.97089958516881,25.959999999999997,0.10000000000000142,173,1.3305767218187452,1.2048249320272761,3.019012828420139,1.3016880812601697,0.2191505879163742,0.006539736191434808,0.029980418210327563,0.009039736191434809,0.0,-0.0025,True,True,131,5.0,10,0.012,0.5,0.262,0.9952729940414429,-0.4599279463291168,0,False
213,26.17113225813955,26.16,0.1999999999999993,349,1.288420379856168,1.213825430797612,2.8497014060591823,1.2629510603077767,0.21262887120246887,0.016695180023697458,0.04667559823402502,0.019195180023697456,0.0,-0.0025,True,True,132,5.0,10,0.012,0.5,0.264,0.8428436517715454,-0.38792192935943604,0,False
214,26.371243433095515,26.36,0.1999999999999993,348,1.2541219239383454,1.226998921381587,2.707495474160301,1.2279574128583153,0.20673738420009613,0.014840243156636417,0.061515841390661435,0.017340243156636417,0.0,-0.0025,True,True,133,5.0,10,0.012,0.5,0.266,0.6359081268310547,-0.0039441753178834915,0,False
215,26.47085988940671,26.459999999999997,0.10000000000000142,175,1.2406617366262627,1.233392196911339,2.699107768522487,1.2134793002599318,0.20429986715316772,0.007174273366836323,0.06869011475749776,0.007174273366836323,0.0,-0.0,False,False,133,5.0,10,0.032,0.5,0.266,0.6356831192970276,0.009406311437487602,0,False
216,26.671310431323946,26.66,0.1999999999999993,350,1.216844617638032,1.2445045348220862,2.713899293567944,1.188014111169377,0.20001257956027985,0.010118649470526741,0.07880876422802449,0.012618649470526742,0.0,-0.0025,True,True,134,5.0,10,0.032,0.5,0.268,0.5841514468193054,0.04046481102705002,0,False
217,26.871359155979007,26.86,0.1999999999999993,346,1.1879678641474931,1.257787177487291,2.677763752922683,1.1573101994641481,0.19484330713748932,0.012714569890077477,0.09152333411810197,0.015214569890077478,0.0,-0.0025,True,True,135,5.0,10,0.032,0.5,0.27,0.9727262258529663,-0.4145182967185974,0,False
218,26.970983123406768,26.959999999999997,0.10000000000000142,173,1.1702536652868547,1.267545785051253,2.5939809058036314,1.1374667972650128,0.19150249660015106,0.007332910950048366,0.09885624506815034,0.009832910950048367,0.0,-0.0025,True,True,136,5.0,10,0.012,0.5,0.272,0.47767171263694763,-0.18889914453029633,0,False
219,27.17104730801657,27.16,0.1999999999999993,349,1.1511743550109408,1.2804760146041478,2.515214519967846,1.1145458701197757,0.18764355778694153,0.008857902906462418,0.10771414797461276,0.011357902906462419,0.0,-0.0025,True,True,137,5.0,10,0.012,0.5,0.274,0.7724776864051819,-0.679392397403717,0,False
220,27.372104034293443,27.36,0.2010000000000005,351,1.1293961924982125,1.300085842633532,2.2811819321533218,1.0852547292060017,0.1827121376991272,0.012014505997515232,0.119728653972128,0.014514505997515232,0.0,-0.0025,True,True,138,5.0,10,0.012,0.5,0.276,0.39246323704719543,-0.9980553984642029,0,False
221,27.472745401319116,27.459999999999997,0.10099999999999909,176,1.1230816530806358,1.3086160974540313,2.1039609637468812,1.0749303149689124,0.18097393214702606,0.005116010086674249,0.12484466405880225,0.005116010086674249,0.0,-0.0,False,False,138,5.0,10,0.032,0.5,0.276,0.3896527588367462,-0.9991804957389832,0,False
222,27.574150412343442,27.56,0.10099999999999909,177,1.1188815109702075,1.3178344704814662,1.9052719985952922,1.065793948741703,0.17943574488162994,0.0020273020532282798,0.12687196611203053,0.00452730205322828,0.0,-0.0025,True,True,139,5.0,10,0.012,0.5,0.278,0.9326454997062683,-0.9916613101959229,0,False
223,27.67392058717087,27.66,0.10000000000000142,176,1.1146996372354445,1.3358445143311777,1.7051655460161312,1.0511127094069213,0.17696402966976166,0.007274927835789467,0.13414689394782,0.007274927835789467,0.0,-0.0,False,False,139,5.0,10,0.032,0.5,0.278,0.9388508200645447,-0.9973528981208801,0,False
224,27.874350909143686,27.86,0.1999999999999993,354,1.1162717287385862,1.3774837130589501,1.3952993359864099,1.0265603072586214,0.17283041775226593,0.009666340303505432,0.14381323425132544,0.012166340303505432,0.0,-0.0025,True,True,140,5.0,10,0.032,0.5,0.28,0.9551348090171814,-0.7702165842056274,0,False
225,27.974436341319233,27.959999999999997,0.10000000000000142,174,1.1215461037283287,1.3978999121745201,1.2384696289971602,1.0185590610289312,0.1714833378791809,0.0014648211973136952,0.14527805544863914,0.003964821197313695,0.0,-0.0025,True,True,141,5.0,10,0.012,0.5,0.282,0.9347065091133118,-0.9969912767410278,0,False
226,28.174324388150126,28.16,0.1999999999999993,351,1.142740087629568,1.4339873791389262,0.8444706548234073,1.015175385589931,0.1709136664867401,-0.0008233026805753866,0.14445475276806374,0.0016766973194246135,0.0,-0.0025,True,True,142,5.0,10,0.012,0.5,0.284,0.9958670735359192,-0.5011028051376343,0,False
227,28.374404793139547,28.36,0.1999999999999993,349,1.1746103872093367,1.463665479497423,0.6590220175473989,1.0259619905971606,0.17272968590259552,-0.007845037379429622,0.13660971538863412,-0.005345037379429622,0.0,-0.0025,True,True,143,5.0,10,0.012,0.5,0.286,0.9897682070732117,-0.37037718296051025,0,False
228,28.47444901522249,28.459999999999997,0.10000000000000142,174,1.1921196920075319,1.4762765702493046,0.5809851616129262,1.034487206447538,0.17416498064994812,-0.004224461483240763,0.13238525390539335,-0.004224461483240763,0.0,-0.0,False,False,143,5.0,10,0.032,0.5,0.286,0.9913049936294556,-0.3654486835002899,0,False
229,28.67484514741227,28.66,0.1999999999999993,352,1.2301312911197215,1.497701056721354,0.4528588504952593,1.057094371379036,0.17797109484672546,-0.013702425742001052,0.1186828281633923,-0.011202425742001051,0.0,-0.0025,True,True,144,5.0,10,0.032,0.5,0.288,0.9978759288787842,-0.29074257612228394,0,False
230,28.874576415400952,28.86,0.1999999999999993,349,1.2701354177489035,1.5156991654795127,0.4487088824242998,1.0843016709499946,0.18255168199539185,-0.01598190956307798,0.10270091860031433,-0.013481909563077979,0.0,-0.0025,True,True,145,5.0,10,0.032,0.5,0.29,0.9986495971679688,0.23483838140964508,0,False
231,28.974820176139474,28.959999999999997,0.10000000000000142,175,1.289659276681435,1.525578910796462,0.49361151040859413,1.0974975626201857,0.18477332592010498,-0.009038900254973796,0.09366201834534053,-0.006538900254973796,0.0,-0.0025,True,True,146,5.0,10,0.012,0.5,0.292,0.9990416765213013,0.23989452421665192,0,False
232,29.174587634392083,29.16,0.1999999999999993,349,1.327167961327588,1.5480971672871442,0.5887919773324624,1.1221809571736576,0.1889289915561676,-0.014731250374987282,0.07893076797035325,-0.012231250374987282,0.0,-0.0025,True,True,147,5.0,10,0.012,0.5,0.294,0.9987804889678955,0.23296935856342316,0,False
233,29.37485348712653,29.36,0.1999999999999993,350,1.3623926639839852,1.5740488384961,0.6809432576067918,1.1446014579277854,0.19270367920398712,-0.013609928890139464,0.06532083908021379,-0.011109928890139464,0.0,-0.0025,True,True,148,5.0,10,0.012,0.5,0.296,0.9984908699989319,0.20462071895599365,0,False
234,29.47483468009159,29.459999999999997,0.10000000000000142,176,1.379133042837266,1.5881495512514983,0.7213747196721876,1.1550536782682992,0.19446340203285217,-0.005179341264525393,0.060141497815688394,-0.005179341264525393,0.0,-0.0,False,False,148,5.0,10,0.032,0.5,0.296,0.9983661770820618,0.20739488303661346,0,False
235,29.675834737252444,29.66,0.20099999999999696,353,1.4117407433940363,1.6174756576699445,0.6925895084499633,1.175709321887882,0.19794096052646637,-0.01273539725139182,0.047406100564296574,-0.010235397251391819,0.0,-0.0025,True,True,149,5.0,10,0.032,0.5,0.298,0.9952468276023865,-0.250166654586792,0,False
236,29.777203778270632,29.759999999999998,0.10100000000000264,178,1.4289303103802289,1.6311511441316109,0.6500223965922609,1.1876586615077753,0.19995273649692535,-0.008421201980143065,0.03898489858415351,-0.005921201980143065,0.0,-0.0025,True,True,150,5.0,10,0.012,0.5,0.3,0.9995724558830261,-0.019533175975084305,0,False
237,29.977383862249553,29.959999999999997,0.1999999999999993,352,1.4638630977435372,1.6578386901919937,0.6556478759240095,1.2131165044026349,0.20423878729343414,-0.015115009243545061,0.023869889340608446,-0.01261500924354506,0.0,-0.0025,True,True,151,5.0,10,0.012,0.5,0.302,0.9998366236686707,0.13159286975860596,0,False
238,30.077582923229784,30.06,0.10000000000000142,175,1.4810453511698372,1.6714873772900198,0.6843193720988219,1.225882776387215,0.20638810098171234,-0.006326012763776182,0.017543876576832262,-0.006326012763776182,0.0,-0.0,False,False,151,5.0,10,0.032,0.5,0.302,0.9998273253440857,0.1313713788986206,0,False
239,30.27750125899911,30.259999999999998,0.1999999999999993,344,1.5146525639525477,1.6997377090804684,0.7034798680198673,1.2512147603630512,0.21065296232700348,-0.015052642945134788,0.0024912336316974745,-0.012552642945134787,0.0,-0.0025,True,True,152,5.0,10,0.032,0.5,0.304,0.9981896281242371,0.0022698824759572744,0,False
240,30.47761890431866,30.459999999999997,0.1999999999999993,340,1.5479877727962104,1.728276186115515,0.7179582268365312,1.2772264002032894,0.21503224968910217,-0.015389429728181204,-0.01289819609648373,-0.012889429728181204,0.0,-0.0025,True,True,153,5.0,10,0.032,0.5,0.306,0.9978960752487183,0.05692606046795845,0,False
241,30.577468048315495,30.56,0.10000000000000142,172,1.564405463572754,1.7428079738679403,0.7321487554376688,1.290298026105331,0.21723297238349915,-0.00897732340337893,-0.02187551949986266,-0.00647732340337893,0.0,-0.0025,True,True,154,5.0,10,0.012,0.5,0.308,0.9974642395973206,0.0967717319726944,0,False
242,30.777765771374106,30.759999999999998,0.1999999999999993,345,1.5963859392990936,1.7727569233112108,0.7747447442337415,1.3161519440090714,0.2215857058763504,-0.015311274493464536,-0.037186793993327194,-0.012811274493464536,0.0,-0.0025,True,True,155,5.0,10,0.012,0.5,0.31,0.9988303780555725,0.14564377069473267,0,False
243,30.97784714633599,30.959999999999997,0.1999999999999993,343,1.6267517067822075,1.8043410906124424,0.8342135206356872,1.3411012177416894,0.22578613460063934,-0.014863000276832721,-0.05204979427015992,-0.01236300027683272,0.0,-0.0025,True,True,156,5.0,10,0.012,0.5,0.312,0.9972453117370605,0.12340736389160156,0,False
244,31.077670791186392,31.06,0.10000000000000142,172,1.6412778386985294,1.820721721015808,0.8584302682000055,1.3532061550969154,0.2278241068124771,-0.005998304619105965,-0.05804809888926588,-0.005998304619105965,0.0,-0.0,False,False,156,5.0,10,0.032,0.5,0.312,0.9971804022789001,0.12667888402938843,0,False
245,31.27805615309626,31.259999999999998,0.1999999999999993,344,1.6693282851410978,1.8540209066176645,0.8778283339350049,1.3770874866938552,0.2318447381258011,-0.014333807761630533,-0.07238190665089642,-0.011833807761630533,0.0,-0.0025,True,True,157,5.0,10,0.032,0.5,0.314,0.9872463941574097,0.024663466960191727,0,False
246,31.477819491177797,31.459999999999997,0.1999999999999993,344,1.6969960707294234,1.8874821806548197,0.8831994194422792,1.4015199599847175,0.23595815896987915,-0.014606912501574549,-0.08698881915247096,-0.012106912501574548,0.0,-0.0025,True,True,158,5.0,10,0.032,0.5,0.316,0.9877569079399109,0.012678688392043114,0,False
247,31.578145741019398,31.56,0.10000000000000142,170,1.7107738805814703,1.9042999465990844,0.8839237582441931,1.4140161043878214,0.23806199431419373,-0.008692157670423098,-0.09568097682289406,-0.006192157670423098,0.0,-0.0025,True,True,159,5.0,10,0.012,0.5,0.318,0.9893232583999634,-0.024021698161959648,0,False
248,31.77828638534993,31.76,0.1999999999999993,345,1.7385261628390607,1.9377350327087037,0.8710980413263814,1.4398730315765458,0.24241523444652557,-0.015312765670782456,-0.11099374249367652,-0.012812765670782456,0.0,-0.0025,True,True,160,5.0,10,0.012,0.5,0.32,0.9784992933273315,-0.09479529410600662,0,False
249,31.877930651418865,31.859999999999996,0.10000000000000142,169,1.7525973990888648,1.9540842173320443,0.8499821728427794,1.4533229423027119,0.24467964470386505,-0.0066647731638606765,-0.1176585156575372,-0.0066647731638606765,0.0,-0.0,False,False,160,5.0,10,0.032,0.5,0.32,0.9794252514839172,-0.10807164013385773,0,False
250,32.07806669501588,32.06,0.19999999999999574,343,1.7816361940855565,1.9856630356717702,0.8015528994760375,1.4817055446765608,0.24945810437202454,-0.016564302022001456,-0.13422281767953864,-0.014064302022001457,0.0,-0.0025,True,True,161,5.0,10,0.032,0.5,0.322,0.9713677167892456,-0.1448121815919876,0,False
251,32.178315366152674,32.160000000000004,0.10000000000000142,172,1.7967053594146039,2.000783608907247,0.7698470953858549,1.4967055912028484,0.25198349356651306,-0.009932904915165961,-0.1441557225947046,-0.007432904915165962,0.0,-0.0025,True,True,162,5.0,10,0.012,0.5,0.324,0.9633116722106934,-0.20150688290596008,0,False
252,32.27856649737805,32.260000000000005,0.10000000000000142,171,1.8122924513135055,2.0152702098516153,0.7279419867822846,1.5123696276099465,0.25462067127227783,-0.007761928804528415,-0.15191765139923302,-0.007761928804528415,0.0,-0.0,False,False,162,5.0,10,0.032,0.5,0.324,0.9652736783027649,-0.22729229927062988,0,False
253,32.37866456899792,32.36,0.10000000000000142,168,1.8285527480209467,2.029103309118931,0.6790877740305227,1.5288297084036093,0.25739187002182007,-0.010656389063249437,-0.16257404046248247,-0.008156389063249437,0.0,-0.0025,True,True,163,5.0,10,0.012,0.5,0.326,0.9680464863777161,-0.2967347204685211,0,False
254,32.578239628113806,32.56,0.19999999999999574,345,1.8637115738542487,2.0538260514277327,0.5097468947391006,1.5646377214746832,0.2634204626083374,-0.020243782053733637,-0.18281782251621612,-0.01774378205373364,0.0,-0.0025,True,True,164,5.0,10,0.012,0.5,0.328,0.9873125553131104,-0.5051308870315552,0,False
255,32.678609328344464,32.660000000000004,0.10000000000000142,175,1.8831994916124661,2.063812053559189,0.41586965428123407,1.5844850180426209,0.2667619287967682,-0.009834840708930218,-0.19265266322514635,-0.009834840708930218,0.0,-0.0,False,False,164,5.0,10,0.032,0.5,0.328,0.9855351448059082,-0.6676163077354431,0,False
256,32.77864281041548,32.760000000000005,0.10000000000000142,175,1.9032467482884414,2.071219301866058,0.29205642644943786,1.6048277845322831,0.27018681168556213,-0.012580358668494496,-0.20523302189364084,-0.010080358668494495,0.0,-0.0025,True,True,165,5.0,10,0.012,0.5,0.33,0.9206160306930542,-0.8533570766448975,0,False
257,32.87833598535508,32.86,0.10000000000000142,174,1.9233257883267547,2.075644300572089,0.12015737547333248,1.6250873531429848,0.27359768748283386,-0.010039132001472235,-0.2152721538951131,-0.010039132001472235,0.0,-0.0,False,False,165,5.0,10,0.032,0.5,0.33,0.9190811514854431,-0.9541773796081543,0,False
258,33.078932996373624,33.06,0.19999999999999574,352,1.9653687310885264,2.0743854447273375,-0.12900527297791953,1.6670291740946126,0.2806589603424072,-0.02328324000902418,-0.23855539390413727,-0.020783240009024182,0.0,-0.0025,True,True,166,5.0,10,0.032,0.5,0.332,0.9901286363601685,-0.4141506254673004,0,False
259,33.17887429939583,33.160000000000004,0.10000000000000142,174,1.9867907297562706,2.070672669997848,-0.21668847459714083,1.688270654693812,0.2842351496219635,-0.013025694388647141,-0.2515810882927844,-0.010525694388647141,0.0,-0.0025,True,True,167,5.0,10,0.012,0.5,0.334,0.9677215218544006,-0.5124008059501648,0,False
260,33.27900016121566,33.260000000000005,0.10000000000000142,174,2.006871765112619,2.0650208673397015,-0.3295393197990651,1.7081098084906174,0.28757524490356445,-0.009830805758540834,-0.26141189405132526,-0.009830805758540834,0.0,-0.0,False,False,167,5.0,10,0.032,0.5,0.334,0.961598813533783,-0.514086127281189,0,False
261,33.378684166353196,33.36,0.10000000000000142,176,2.0254691341188975,2.057570294341933,-0.4348958969647524,1.7264292733706657,0.29065948724746704,-0.01157776121303943,-0.2729896552643647,-0.00907776121303943,0.0,-0.0025,True,True,168,5.0,10,0.012,0.5,0.336,0.9997379779815674,-0.19660581648349762,0,False
262,33.57901783939451,33.56,0.19999999999999574,351,2.063104622992498,2.0375041253388524,-0.5275307576163939,1.7635034873528128,0.29690125584602356,-0.020871216839286517,-0.2938608721036512,-0.018371216839286518,0.0,-0.0025,True,True,169,5.0,10,0.012,0.5,0.338,0.9999924898147583,-0.1393878310918808,0,False
263,33.67914583114907,33.660000000000004,0.10000000000000142,175,2.082010005816059,2.026164458276717,-0.5544238832295325,1.7822021221408044,0.3000493347644806,-0.00926564955508533,-0.30312652165873655,-0.00926564955508533,0.0,-0.0,False,False,169,5.0,10,0.032,0.5,0.338,0.9999922513961792,-0.13985219597816467,0,False
264,33.77970786904916,33.760000000000005,0.10099999999999909,175,2.1005930263771253,2.014301335860899,-0.5810864569883328,1.8006497471578045,0.30315515398979187,-0.011641267823516148,-0.3147677894822527,-0.009141267823516147,0.0,-0.0025,True,True,170,5.0,10,0.012,0.5,0.34,0.9999349117279053,-0.12339279800653458,0,False
265,33.88019861700013,33.86,0.10000000000000142,176,2.118869262236172,2.001977975001386,-0.6055032828721809,1.8188702596669188,0.30622273683547974,-0.00902872779417687,-0.32379651727642955,-0.00902872779417687,0.0,-0.0,False,False,170,5.0,10,0.032,0.5,0.34,0.9999366402626038,-0.1229720488190651,0,False
266,33.98039655806497,33.96,0.10000000000000142,174,2.136840843262499,1.9891988240720262,-0.6322324980972109,1.8368726875230983,0.30925360321998596,-0.01142066129679091,-0.3352171785732205,-0.00892066129679091,0.0,-0.0025,True,True,171,5.0,10,0.012,0.5,0.342,0.999972403049469,-0.16461579501628876,0,False
267,34.08010095404461,34.06,0.10000000000000142,175,2.154406881865122,1.9758474241078827,-0.6657628707658813,1.8545640969253767,0.312232106924057,-0.008766543735178227,-0.3439837223083987,-0.008766543735178227,0.0,-0.0,False,False,171,5.0,10,0.032,0.5,0.342,0.9999721646308899,-0.1623176485300064,0,False
268,34.280497956089675,34.260000000000005,0.19999999999999574,350,2.1881586614329542,1.9474273173437762,-0.7350370449196489,1.8888904796838983,0.31801125407218933,-0.01950959651548692,-0.3634933188238856,-0.017009596515486922,0.0,-0.0025,True,True,172,5.0,10,0.032,0.5,0.344,0.9999715685844421,-0.17429527640342712,0,False
269,34.380430959165096,34.36,0.10000000000000142,175,2.2042669953345846,1.9323539436595814,-0.7691719459305248,1.9054680996086883,0.320802241563797,-0.01071463269495743,-0.374207951518843,-0.00821463269495743,0.0,-0.0025,True,True,173,5.0,10,0.012,0.5,0.346,0.9999168515205383,-0.15844611823558807,0,False
270,34.480250464286655,34.46,0.10000000000000142,175,2.2198788736948085,1.9167733792208796,-0.800539001499531,1.9216819500839808,0.32353198528289795,-0.008034375672126257,-0.3822423271909693,-0.008034375672126257,0.0,-0.0,False,False,173,5.0,10,0.032,0.5,0.346,0.9999176263809204,-0.15662744641304016,0,False
271,34.58054035436362,34.56,0.10000000000000142,174,2.2349938412205437,1.9007110465113106,-0.830923286749247,1.937539465813853,0.32620173692703247,-0.010357802734433215,-0.3926001299254025,-0.007857802734433214,0.0,-0.0025,True,True,174,5.0,10,0.012,0.5,0.348,0.9999046921730042,-0.1440318375825882,0,False
272,34.78049302008003,34.760000000000005,0.19999999999999574,350,2.2637907718151666,1.8673057809804043,-0.8894015155566061,1.9682686909162974,0.33137527108192444,-0.01772711332280978,-0.4103272432482123,-0.015227113322809783,0.0,-0.0025,True,True,175,5.0,10,0.012,0.5,0.35,0.9999226927757263,-0.16005182266235352,0,False
273,34.88063750136644,34.86,0.10000000000000142,176,2.2774079695695817,1.849952281926561,-0.9216851136598929,1.9830926057626581,0.3338710069656372,-0.007345627183916869,-0.41767287043212914,-0.007345627183916869,0.0,-0.0,False,False,175,5.0,10,0.032,0.5,0.35,0.9999203681945801,-0.16276736557483673,0,False
274,34.981001511216164,34.96,0.10000000000000142,175,2.290457285263615,1.8321646011219337,-0.9551199589020107,1.9975207111252833,0.3363001048564911,-0.009649493508466517,-0.42732236394059564,-0.007149493508466518,0.0,-0.0025,True,True,176,5.0,10,0.012,0.5,0.352,0.9999973177909851,-0.17817211151123047,0,False
275,35.0806887364015,35.06,0.10000000000000142,171,2.302877840046814,1.8139249494596896,-0.991070449704756,2.0115027342432694,0.338654100894928,-0.006928448400177349,-0.434250812340773,-0.006928448400177349,0.0,-0.0,False,False,176,5.0,10,0.032,0.5,0.352,0.9999972581863403,-0.18105745315551758,0,False
276,35.28105977922678,35.260000000000005,0.19999999999999574,345,2.3258124537965927,1.7762382667972538,-1.0554066918073202,2.0381327821476534,0.3431375026702881,-0.01569586666699417,-0.4499466790077672,-0.013195866666994172,0.0,-0.0025,True,True,177,5.0,10,0.032,0.5,0.354,0.9999698996543884,-0.15552900731563568,0,False
277,35.380899503361434,35.36,0.10000000000000142,172,2.336397719467809,1.756889971871596,-1.0846664392106464,2.0508579862430443,0.34527990221977234,-0.008805662579203356,-0.45875234158697054,-0.006305662579203356,0.0,-0.0025,True,True,178,5.0,10,0.012,0.5,0.356,0.9999923706054688,-0.1260560303926468,0,False
278,35.48183000832796,35.46,0.10099999999999909,175,2.3464720335888227,1.73727931992271,-1.1093740139114683,2.0632668613816216,0.3473690450191498,-0.006148913528206201,-0.4649012551151767,-0.006148913528206201,0.0,-0.0,False,False,178,5.0,10,0.032,0.5,0.356,0.9999927878379822,-0.12896360456943512,0,False
279,35.58310499927029,35.56,0.10099999999999909,173,2.3560398691538547,1.7174140669510394,-1.1355323546923313,2.0753686124351,0.34940648078918457,-0.00849672572547526,-0.473397980840652,-0.005996725725475259,0.0,-0.0025,True,True,179,5.0,10,0.012,0.5,0.358,0.9999858140945435,-0.14248409867286682,0,False
280,35.684099993202835,35.660000000000004,0.10099999999999909,173,2.3650509186957476,1.6972852065168367,-1.164369627022095,2.0871204013466533,0.3513849973678589,-0.005823310575043627,-0.47922129141569564,-0.005823310575043627,0.0,-0.0,False,False,179,5.0,10,0.032,0.5,0.358,0.9999863505363464,-0.1472829431295395,0,False
281,35.78431371413171,35.760000000000005,0.10000000000000142,173,2.37347195787023,1.6769014597744147,-1.1943825546201903,2.098494436484373,0.35329991579055786,-0.00813612396350024,-0.48735741537919586,-0.00563612396350024,0.0,-0.0025,True,True,180,5.0,10,0.012,0.5,0.36,0.9997325539588928,-0.15610474348068237,0,False
282,35.88453356502578,35.86,0.10000000000000142,172,2.3812599199037283,1.656267994194691,-1.2258147509555333,2.109453544327873,0.3551449775695801,-0.005430516926265987,-0.49278793230546186,-0.005430516926265987,0.0,-0.0,False,False,180,5.0,10,0.032,0.5,0.36,0.9997513294219971,-0.15963439643383026,0,False
283,35.98461511731148,35.96,0.10000000000000142,172,2.388380932123378,1.6354138036567696,-1.2594673443447983,2.119966569926733,0.3569149374961853,-0.007709471817976708,-0.5004974041234386,-0.005209471817976708,0.0,-0.0025,True,True,181,5.0,10,0.012,0.5,0.362,0.9971778988838196,-0.19226279854774475,0,False
284,36.08429539296776,36.06,0.10000000000000142,173,2.3947076091075346,1.614331864383036,-1.2984648674477595,2.1299154430995357,0.35858991742134094,-0.004929919929040967,-0.5054273240524796,-0.004929919929040967,0.0,-0.0,False,False,181,5.0,10,0.032,0.5,0.362,0.9972579479217529,-0.1938464641571045,0,False
285,36.284525856375694,36.260000000000005,0.19999999999999574,344,2.404803762571218,1.5714737854332472,-1.3831999175129193,2.147983544175065,0.361631840467453,-0.011453204048844676,-0.5168805281013242,-0.008953204048844676,0.0,-0.0025,True,True,182,5.0,10,0.032,0.5,0.364,0.9974483251571655,-0.22500239312648773,0,False
286,36.38490345608443,36.36,0.10000000000000142,173,2.4083944519548837,1.5498805273548197,-1.4344246803495122,2.1559069915370888,0.36296582221984863,-0.006426269877832246,-0.5233067979791565,-0.003926269877832246,0.0,-0.0025,True,True,183,5.0,10,0.012,0.5,0.366,0.917678952217102,-0.4602159857749939,0,False
287,36.484914548229426,36.46,0.10000000000000142,173,2.410164480683201,1.5295547297164713,-1.5307101850401619,2.161969638678617,0.3639865219593048,-0.0030041959975397403,-0.5263109939766962,-0.0030041959975397403,0.0,-0.0,False,False,183,5.0,10,0.032,0.5,0.366,0.9249594807624817,-0.4464395344257355,0,False
288,36.58459150418639,36.56,0.10000000000000142,171,2.4101153705943297,1.5097410694710276,-1.6244746375678936,2.1663196486309055,0.36471888422966003,-0.004655540671072007,-0.5309665346477682,-0.002155540671072006,0.0,-0.0025,True,True,184,5.0,10,0.012,0.5,0.368,0.831015408039093,-0.5780705213546753,0,False
289,36.785015176050365,36.760000000000005,0.19999999999999574,345,2.40363497934102,1.4729105651603753,-1.8754271878202398,2.1686638816331905,0.3651135563850403,-0.003661627130585326,-0.5346281617783536,-0.001161627130585326,0.0,-0.0025,True,True,185,5.0,10,0.012,0.5,0.37,0.8649283647537231,-0.9837446808815002,0,False
290,36.88508656807244,36.86,0.10000000000000142,171,2.3960227027254577,1.4550857716880667,-2.0763624952982656,2.165696726639284,0.36461400985717773,0.0014703008353751737,-0.5331578609429785,0.0014703008353751737,0.0,-0.0,False,False,185,5.0,10,0.032,0.5,0.37,0.8962516188621521,-0.9634674191474915,0,False
291,36.98510224139318,36.96,0.10000000000000142,173,2.3848669481214215,1.4386478285280697,-2.260908706849083,2.1591170135308544,0.3635062575340271,0.0007604153472670384,-0.5323974455957114,0.0032604153472670385,0.0,-0.0025,True,True,186,5.0,10,0.012,0.5,0.372,0.9914007782936096,-0.6060830950737,0,False
292,37.08483056630939,37.06,0.10000000000000142,172,2.370105075503782,1.4228103758760444,-2.377366024182058,2.149065647651843,0.361814022064209,0.004980707674159805,-0.5274167379215516,0.004980707674159805,0.0,-0.0,False,False,186,5.0,10,0.032,0.5,0.372,0.9936028718948364,-0.5457513928413391,0,False
293,37.285879872273654,37.260000000000005,0.2009999999999934,345,2.3360599600793575,1.3974015944662415,-2.6414755120161937,2.1233617514553766,0.3574865460395813,0.010236934918355563,-0.5171798030031961,0.012736934918355564,0.0,-0.0025,True,True,187,5.0,10,0.032,0.5,0.374,0.9380966424942017,-0.6815758347511292,0,False
294,37.38685392634943,37.36,0.1010000000000062,175,2.3173200238963294,1.3886907131670145,-2.781867359511479,2.1079087190306636,0.35488489270210266,0.005157370959655011,-0.5120224320435411,0.007657370959655011,0.0,-0.0025,True,True,188,5.0,10,0.012,0.5,0.376,0.9844797849655151,-0.5661219954490662,0,False
295,37.48815113818273,37.46,0.10099999999999909,176,2.296876674331044,1.3822748778711984,-2.8984109790117842,2.0902394367238535,0.3519101142883301,0.008755579196076516,-0.5032668528474646,0.008755579196076516,0.0,-0.0,False,False,188,5.0,10,0.032,0.5,0.376,0.9788072109222412,-0.5870336890220642,0,False
296,37.589110852219164,37.56,0.10099999999999909,172,2.276753527653879,1.3785359101899295,-3.019525376625574,2.0721419508655425,0.34886324405670166,0.006467764956771618,-0.49679908789069305,0.008967764956771618,0.0,-0.0025,True,True,189,5.0,10,0.012,0.5,0.378,0.8923885226249695,-0.4621741473674774,0,False
297,37.690089306328446,37.660000000000004,0.10099999999999909,176,2.2573479675494674,1.3770393809492676,-3.11355430264082,2.0540911974328604,0.3458242416381836,0.008944607850188968,-0.4878544800405041,0.008944607850188968,0.0,-0.0,False,False,189,5.0,10,0.032,0.5,0.378,0.8948935270309448,-0.4500153064727783,0,False
298,37.791169240139425,37.760000000000005,0.10099999999999909,176,2.2383412811476386,1.3774029844861517,3.0799389280141543,2.0358767034937135,0.3427576720714569,0.0065257454395411425,-0.4813287346009629,0.009025745439541143,0.0,-0.0025,True,True,190,5.0,10,0.012,0.5,0.38,0.9460650682449341,0.39482444524765015,0,False
299,37.892173373140395,37.86,0.10099999999999909,175,2.219549325820391,1.3787199256224234,3.096949872393466,2.017587331463502,0.33967849612236023,0.009062849439861121,-0.4722658851611018,0.009062849439861121,0.0,-0.0,False,False,190,5.0,10,0.032,0.5,0.38,0.9448843002319336,0.37497642636299133,0,False
300,37.99285567039624,37.96,0.10099999999999909,175,2.198894671279034,1.378755395208447,-3.104500480384246,1.9979354614027396,0.33636993169784546,0.007238001899584547,-0.4650278832615172,0.009738001899584547,0.0,-0.0025,True,True,191,5.0,10,0.012,0.5,0.382,0.9330366849899292,0.394341379404068,0,False
301,38.0942650414072,38.080000000000005,0.1010000000000062,176,2.174460982405953,1.3766292597552776,-3.011911915032883,1.9753975100258663,0.3325754702091217,0.011168128663691117,-0.4538597545978261,0.011168128663691117,0.0,-0.0,False,False,191,5.0,10,0.036,0.5,0.382,0.9475141763687134,0.33973416686058044,0,False
302,38.19555271230638,38.18,0.10099999999999909,175,2.154139143715822,1.3732884263406466,-2.951437646182109,1.957191689908143,0.329510360956192,0.006521447340213288,-0.4473383072576128,0.009021447340213288,0.0,-0.0025,True,True,192,5.0,10,0.016,0.5,0.384,0.9950618743896484,-0.15276603400707245,0,False
303,38.396238662302494,38.38,0.2010000000000005,347,2.111179387751373,1.3662907309546652,-3.004530251257683,1.9188429552270263,0.3230540156364441,0.016502774291541684,-0.43083553296607113,0.019002774291541683,0.0,-0.0025,True,True,193,5.0,10,0.016,0.5,0.386,0.9992114901542664,-0.07591869682073593,0,False
304,38.496772250160575,38.480000000000004,0.10099999999999909,175,2.0893581645279573,1.3634171677379479,-3.018695681465029,1.8992210009993369,0.31975048780441284,0.009723177842719024,-0.4211123551233521,0.009723177842719024,0.0,-0.0,False,False,193,5.0,10,0.036,0.5,0.386,0.9992355704307556,-0.07407110929489136,0,False
305,38.59791364334524,38.580000000000005,0.10099999999999909,177,2.0675126850870975,1.3608524521110128,-3.0272816539489735,1.8795239916638193,0.3164343237876892,0.00726036955935179,-0.4138519855640003,0.00976036955935179,0.0,-0.0025,True,True,194,5.0,10,0.016,0.5,0.388,0.9987524747848511,-0.025381239131093025,0,False
306,38.698630079161376,38.68,0.10000000000000142,174,2.0456612530493867,1.3583964748632944,-3.0327991129947653,1.8598354791329614,0.3131195902824402,0.009756159176336833,-0.4040958263876635,0.009756159176336833,0.0,-0.0,False,False,194,5.0,10,0.036,0.5,0.388,0.998823881149292,-0.027264444157481194,0,False
307,38.89855336537585,38.88,0.19999999999999574,342,2.0018988596029668,1.3538938242014267,-3.0465745460070983,1.8204156160144194,0.3064829111099243,0.017033545700374356,-0.38706228068728915,0.019533545700374355,0.0,-0.0025,True,True,195,5.0,10,0.036,0.5,0.39,0.9989187121391296,-0.03951546549797058,0,False
308,38.99904461437836,38.980000000000004,0.10000000000000142,173,1.9799938396442966,1.3518819714293444,-3.0516547114669885,1.8006766537058938,0.3031596839427948,0.007281158325488658,-0.3797811223618005,0.009781158325488658,0.0,-0.0025,True,True,196,5.0,10,0.016,0.5,0.392,0.9997469186782837,-0.01656150259077549,0,False
309,39.09875563904643,39.080000000000005,0.10000000000000142,170,1.9580858176842202,1.3499385343680792,-3.055369539771829,1.7809628277778204,0.29984068870544434,0.009768702609069028,-0.37001241975273147,0.009768702609069028,0.0,-0.0,False,False,196,5.0,10,0.036,0.5,0.392,0.9997605681419373,-0.019940705969929695,0,False
310,39.19920263811946,39.18,0.10000000000000142,173,1.9361296192650739,1.348171468242065,-3.079665137605409,1.7611928875356395,0.296512246131897,0.0072965086802308995,-0.36271591107250056,0.0097965086802309,0.0,-0.0025,True,True,197,5.0,10,0.016,0.5,0.394,0.9996353983879089,-0.1689748615026474,0,False
311,39.3989310762845,39.38,0.19999999999999574,343,1.892058610651482,1.3468751273043835,-3.1400911432005043,1.7208203201946177,0.2897151708602905,0.017505634895935106,-0.34521027617656547,0.020005634895935105,0.0,-0.0025,True,True,198,5.0,10,0.016,0.5,0.396,0.9998319745063782,-0.11762441694736481,0,False
312,39.49917112616822,39.480000000000004,0.10000000000000142,173,1.8700169778842914,1.3470994202791453,3.1189139043343537,1.7003624928085208,0.2862709164619446,0.010137374271823037,-0.3350729019047424,0.010137374271823037,0.0,-0.0,False,False,198,5.0,10,0.036,0.5,0.396,0.9998384714126587,-0.1121305525302887,0,False
313,39.59901044005528,39.580000000000005,0.10000000000000142,170,1.8480134900928809,1.3478025989418319,3.105881392321778,1.679793852928319,0.28280800580978394,0.007692284683644156,-0.3273806172210983,0.010192284683644156,0.0,-0.0025,True,True,199,5.0,10,0.016,0.5,0.398,0.9999472498893738,0.0917445570230484,0,False
314,39.69919185200706,39.68,0.10000000000000142,171,1.8260495762907507,1.3482648047008041,3.127660411535506,1.659393201956912,0.2793733775615692,0.01010904190278434,-0.31727157531831396,0.01010904190278434,0.0,-0.0,False,False,199,5.0,10,0.036,0.5,0.398,0.9999518990516663,0.0783364474773407,0,False
315,39.89987896103412,39.88,0.2010000000000005,344,1.7821123387394027,1.3481584915232503,-3.1233344143884003,1.6191215341712253,0.27259328961372375,0.017455636597631566,-0.2998159387206824,0.019955636597631565,0.0,-0.0025,True,True,200,5.0,10,0.036,0.5,0.4,0.9999815821647644,0.07193605601787567,0,False
316,40.10048327129334,40.080000000000005,0.19999999999999574,343,1.7380864528572666,1.347736654021007,3.1278159806065955,1.579094680569799,0.2658544182777405,0.017334324937010898,-0.28248161378367154,0.019834324937010896,0.0,-0.0025,True,True,201,5.0,10,0.036,0.5,0.402,0.9993787407875061,-0.12935997545719147,0,False
317,40.20047422405332,40.18,0.10000000000000142,172,1.7160597208583614,1.3483486007669454,3.103348683023531,1.5588055501595517,0.26243856549263,0.007553780625712074,-0.2749278331579595,0.010053780625712074,0.0,-0.0025,True,True,202,5.0,10,0.016,0.5,0.404,0.9997141361236572,-0.09928080439567566,0,False
318,40.30063759535551,40.28,0.10000000000000142,172,1.6940491330066898,1.349400688466518,3.083137631464814,1.53839286204821,0.2590019106864929,0.010115006612055685,-0.2648128265459038,0.010115006612055685,0.0,-0.0,False,False,202,5.0,10,0.036,0.5,0.404,0.9997166395187378,-0.09594660997390747,0,False
319,40.40039041033015,40.38,0.10000000000000142,172,1.6720556108772267,1.3508982467883737,3.061383011511743,1.5178504206490426,0.25554341077804565,0.007679302669347698,-0.25713352387655614,0.010179302669347698,0.0,-0.0025,True,True,203,5.0,10,0.016,0.5,0.406,0.9999651908874512,-0.11863566190004349,0,False
320,40.60073375329375,40.580000000000005,0.19999999999999574,343,1.6282119831463906,1.35545059545033,3.015922974962439,1.4763437954110836,0.24855540692806244,0.018067589453972972,-0.23906593442258317,0.02056758945397297,0.0,-0.0025,True,True,204,5.0,10,0.016,0.5,0.408,0.9999700784683228,-0.1056094765663147,0,False
321,40.70048965839669,40.68,0.10000000000000142,171,1.6063816762225083,1.3584412786782019,2.994741653012901,1.4554143068579861,0.24503174424171448,0.010371094387313857,-0.22869484003526933,0.010371094387313857,0.0,-0.0,False,False,204,5.0,10,0.036,0.5,0.408,0.9999681115150452,-0.10241671651601791,0,False
322,40.800732417963445,40.78,0.10000000000000142,171,1.5846233866672808,1.3618610658805075,2.9793105091554146,1.434391353453631,0.2414923459291458,0.007917408600479158,-0.22077743143479017,0.010417408600479159,0.0,-0.0025,True,True,205,5.0,10,0.016,0.5,0.41,0.9998423457145691,-0.05753371864557266,0,False
323,40.90080594038591,40.88,0.10000000000000142,172,1.5629104958505278,1.3655334616130488,2.96763121694086,1.4133260930427405,0.2379458248615265,0.0104383727992416,-0.21033905863554858,0.0104383727992416,0.0,-0.0,False,False,205,5.0,10,0.036,0.5,0.41,0.9998395442962646,-0.05709300562739372,0,False
324,41.10098622413352,41.080000000000005,0.19999999999999574,343,1.5196173325290252,1.373470280791988,2.9540810227189547,1.3711330853033574,0.23084226250648499,0.018407709456906153,-0.19193134917864244,0.020907709456906152,0.0,-0.0025,True,True,206,5.0,10,0.036,0.5,0.412,0.9995741844177246,-0.030241161584854126,0,False
325,41.20099782710895,41.18,0.10000000000000142,171,1.4980090613439865,1.3776428969178838,2.9455453928561814,1.3500200303662555,0.22728769481182098,0.007962056203701188,-0.18396929297494125,0.010462056203701189,0.0,-0.0025,True,True,207,5.0,10,0.016,0.5,0.414,0.9998072385787964,-0.053730327636003494,0,False
326,41.30066130310297,41.28,0.10000000000000142,170,1.4764415547968754,1.3820486904753249,2.9350218708811258,1.328863606322036,0.223725825548172,0.010483546700340348,-0.1734857462746009,0.010483546700340348,0.0,-0.0,False,False,207,5.0,10,0.036,0.5,0.414,0.9998031258583069,-0.05343411862850189,0,False
327,41.400769784115255,41.38,0.10000000000000142,171,1.4549200719535105,1.386675327308304,2.926021208465157,1.3076725755005043,0.22015812993049622,0.008000695239495315,-0.16548505103510558,0.010500695239495315,0.0,-0.0025,True,True,208,5.0,10,0.016,0.5,0.416,0.9998635649681091,-0.03751574084162712,0,False
328,41.60115467617288,41.580000000000005,0.19999999999999574,343,1.4119821145315754,1.3964165960668087,2.910205462119866,1.2652340455098057,0.21301323175430298,0.018529371982778185,-0.1469556790523274,0.021029371982778183,0.0,-0.0025,True,True,209,5.0,10,0.016,0.5,0.418,0.9999532103538513,-0.043515801429748535,0,False
329,41.701196359004825,41.68,0.10000000000000142,172,1.3905756289310236,1.4015575624874796,2.9015980585320764,1.243980970312581,0.2094350904226303,0.010531439807136354,-0.13642423924519104,0.010531439807136354,0.0,-0.0,False,False,209,5.0,10,0.036,0.5,0.418,0.9999516010284424,-0.04369764402508736,0,False
330,41.801024293061346,41.78,0.10000000000000142,169,1.3692145525546262,1.4068931144120764,2.8909821177763524,1.2227001034834482,0.20585227012634277,0.00804521126824811,-0.12837902797694292,0.01054521126824811,0.0,-0.0025,True,True,210,5.0,10,0.016,0.5,0.42,0.999976396560669,-0.05968967825174332,0,False
331,41.901217124424875,41.88,0.10000000000000142,172,1.3479155091232304,1.4124835007513943,2.8791270419172754,1.2013752479885247,0.2022620439529419,0.010567008771982076,-0.11781201920496084,0.010567008771982076,0.0,-0.0,False,False,210,5.0,10,0.036,0.5,0.42,0.9999760985374451,-0.05943536385893822,0,False
332,42.10113375028595,42.080000000000005,0.19999999999999574,343,1.305539244798879,1.4245353920918924,2.848616962042653,1.1585632126263226,0.19505426287651062,0.018714453402814038,-0.0990975658021468,0.021214453402814037,0.0,-0.0025,True,True,211,5.0,10,0.036,0.5,0.422,0.9999688863754272,-0.07951340824365616,0,False
333,42.201577289029956,42.18,0.10000000000000142,171,1.2845014380772521,1.4310627679418917,2.8336015421566754,1.1370719613734779,0.1914360225200653,0.008149462106026597,-0.0909481036961202,0.010649462106026597,0.0,-0.0025,True,True,212,5.0,10,0.016,0.5,0.424,0.9998690485954285,-0.06927896291017532,0,False
334,42.3014980731532,42.28,0.10000000000000142,170,1.2635608464982442,1.437881450607719,2.8197057474324723,1.1155387571476256,0.1878107190132141,0.010670250872163245,-0.08027785282395695,0.010670250872163245,0.0,-0.0,False,False,212,5.0,10,0.036,0.5,0.424,0.9998712539672852,-0.06767835468053818,0,False
335,42.40161479404196,42.38,0.10000000000000142,172,1.2427186845920966,1.4449768425575829,2.807931702141031,1.0939694415019692,0.18417933583259583,0.008188144999977172,-0.07208970782397978,0.010688144999977172,0.0,-0.0025,True,True,213,5.0,10,0.016,0.5,0.426,0.9997736811637878,-0.05196620896458626,0,False
336,42.601641909219325,42.580000000000005,0.19999999999999574,343,1.2012654358158112,1.4598242829542036,2.7861833221872274,1.0507469927730224,0.17690245807170868,0.01891782367407152,-0.053171884149908255,0.02141782367407152,0.0,-0.0025,True,True,214,5.0,10,0.016,0.5,0.428,0.9999096393585205,-0.0617963932454586,0,False
337,42.701750381384045,42.68,0.10000000000000142,171,1.1806670606002194,1.467614361362563,2.773932949465988,1.029081557024652,0.17325489223003387,0.010735774957834709,-0.042436109192073544,0.010735774957834709,0.0,-0.0,False,False,214,5.0,10,0.036,0.5,0.428,0.9999105334281921,-0.061262570321559906,0,False
338,42.80150728626177,42.78,0.10000000000000142,162,1.1601658377132087,1.4756666938842251,2.7593926270569966,1.007378151180458,0.1696009337902069,0.008254590106933277,-0.03418151908514026,0.010754590106933278,0.0,-0.0025,True,True,215,5.0,10,0.016,0.5,0.43,0.9999075531959534,-0.07663334161043167,0,False
339,42.901794666424394,42.88,0.10000000000000142,171,1.1397932796116799,1.4840391375829083,2.744408184724744,0.9856309336872372,0.165939599275589,0.010776299894354403,-0.02340521919078586,0.010776299894354403,0.0,-0.0,False,False,215,5.0,10,0.036,0.5,0.43,0.9999005198478699,-0.07081775367259979,0,False
340,43.101421965286136,43.080000000000005,0.19999999999999574,341,1.0996968660211341,1.501752957804484,2.7051556997210646,0.9422128814343514,0.15862978994846344,0.01901475019973009,-0.00439046899105577,0.02151475019973009,0.0,-0.0025,True,True,216,5.0,10,0.036,0.5,0.432,0.9939562082290649,-0.0954870954155922,0,False
341,43.201463737059385,43.18,0.10000000000000142,171,1.0801634245988065,1.5111412205396622,2.677677539182955,0.9206725080295675,0.15500327944755554,0.008173803382832195,0.003783334391776425,0.010673803382832196,0.0,-0.0025,True,True,217,5.0,10,0.016,0.5,0.434,0.9740187525749207,-0.128003790974617,0,False
342,43.30155567917973,43.28,0.10000000000000142,170,1.0610747385106352,1.5209806024615384,2.653880381589299,0.8992743675944531,0.15140071511268616,0.010603323325486814,0.014386657717263239,0.010603323325486814,0.0,-0.0,False,False,217,5.0,10,0.036,0.5,0.434,0.9741057753562927,-0.11372166872024536,0,False
343,43.4019876383245,43.38,0.10000000000000142,171,1.0419691019892312,1.5313948269950652,2.633955118455496,0.8775584820684151,0.14774465560913086,0.008260774106986534,0.022647431824249775,0.010760774106986535,0.0,-0.0025,True,True,218,5.0,10,0.016,0.5,0.436,0.9963910579681396,-0.08266308158636093,0,False
344,43.60191559419036,43.580000000000005,0.19999999999999574,341,1.003973972288724,1.553354710171213,2.598786932703555,0.8337093939958086,0.14036227762699127,0.019228339421430214,0.04187577124567999,0.021728339421430213,0.0,-0.0025,True,True,219,5.0,10,0.016,0.5,0.438,0.9949600100517273,-0.10203193128108978,0,False
345,43.702017456293106,43.68,0.10000000000000142,171,0.9853130777127561,1.5648719568602736,2.5788591818061115,0.81178223896224,0.13667064905166626,0.010865463526329118,0.05274123477200911,0.010865463526329118,0.0,-0.0,False,False,219,5.0,10,0.036,0.5,0.438,0.9952967166900635,-0.09702683240175247,0,False
346,43.80202321941033,43.78,0.10000000000000142,169,0.9669397852640651,1.5767039247140533,2.5634797715894706,0.789929253952681,0.1329915076494217,0.00832871039126034,0.06106994516326945,0.01082871039126034,0.0,-0.0025,True,True,220,5.0,10,0.016,0.5,0.44,0.9953734874725342,-0.005417696200311184,0,False
347,43.902401068247855,43.88,0.10000000000000142,173,0.9485771455084615,1.5886328995603298,2.563809197202232,0.7680333423779135,0.1293051391839981,0.010849981597117588,0.07191992676038704,0.010849981597117588,0.0,-0.0,False,False,220,5.0,10,0.036,0.5,0.44,0.9950709939002991,-0.006132935639470816,0,False
348,44.10225429525599,44.080000000000005,0.19999999999999574,344,0.9118672713334898,1.6127165773966086,2.5567861024693244,0.7241339815444031,0.12191429734230042,0.0192532508542692,0.09117317761465624,0.0217532508542692,0.0,-0.0025,True,True,221,5.0,10,0.036,0.5,0.442,0.9981160163879395,-0.02185736410319805,0,False
349,44.20309915021062,44.18,0.10000000000000142,172,0.8935847035880974,1.6249016608461857,2.549397983563954,0.7021691661943477,0.11821632832288742,0.008384125171880119,0.09955730278653635,0.01088412517188012,0.0,-0.0025,True,True,222,5.0,10,0.016,0.5,0.444,0.998031497001648,-0.04470188915729523,0,False
350,44.30408855434507,44.28,0.10099999999999909,173,0.8754097195933076,1.6372518457986058,2.540606434426991,0.6802077584169943,0.11451893299818039,0.010882436632858459,0.1104397394193948,0.010882436632858459,0.0,-0.0,False,False,222,5.0,10,0.036,0.5,0.444,0.998022198677063,-0.041002992540597916,0,False
351,44.40465243207291,44.38,0.10099999999999909,173,0.8573785187770591,1.64974337429994,2.529294428280258,0.6582936583697521,0.11082950234413147,0.008358994448259114,0.11879873386765392,0.010858994448259114,0.0,-0.0025,True,True,223,5.0,10,0.016,0.5,0.446,0.9947726726531982,-0.06512434035539627,0,False
352,44.50553497718647,44.480000000000004,0.10099999999999909,173,0.8395339007542666,1.6624561327468115,2.516501855095394,0.6364217768206631,0.10714717954397202,0.010838074107653176,0.1296368079753071,0.010838074107653176,0.0,-0.0,False,False,223,5.0,10,0.036,0.5,0.446,0.9948331117630005,-0.06183840334415436,0,False
353,44.6055687693879,44.580000000000005,0.10000000000000142,171,0.8219423369103999,1.6753277513267926,2.503035292906869,0.6146835429282023,0.10348735749721527,0.0082718482914792,0.1379086562667863,0.0107718482914792,0.0,-0.0025,True,True,224,5.0,10,0.016,0.5,0.448,0.9854744076728821,-0.06572430580854416,0,False
354,44.70584302023053,44.68,0.10000000000000142,172,0.804605571971068,1.6883761580858216,2.490154771816395,0.5930735134268843,0.09984911978244781,0.010708319751924204,0.14861697601871052,0.010708319751924204,0.0,-0.0,False,False,224,5.0,10,0.036,0.5,0.448,0.9842042922973633,-0.05836949124932289,0,False
355,44.80579735338688,44.78,0.10000000000000142,170,0.787436866637572,1.7016020029078702,2.48324962571922,0.5715208373570199,0.09622053802013397,0.008179899666572774,0.15679687568528328,0.010679899666572774,0.0,-0.0025,True,True,225,5.0,10,0.016,0.5,0.45,0.9849222898483276,-0.012155999429523945,0,False
356,44.905899005010724,44.88,0.10000000000000142,171,0.77030224180303,1.7148787023416314,2.480730031347101,0.549980331189663,0.09259400516748428,0.010673869170066812,0.1674707448553501,0.010673869170066812,0.0,-0.0,False,False,225,5.0,10,0.036,0.5,0.45,0.9855547547340393,-0.007704552728682756,0,False
357,45.10598828922957,45.080000000000005,0.19999999999999574,341,0.735785111084621,1.7417693588860523,2.478905646530773,0.5065488256627326,0.08528193086385727,0.01902141663950389,0.18649216149485398,0.02152141663950389,0.0,-0.0025,True,True,226,5.0,10,0.036,0.5,0.452,0.9967164397239685,-0.00193762534763664,0,False
358,45.20609627105296,45.18,0.10000000000000142,172,0.718528752470927,1.7552132148808328,2.484296681087886,0.4848575897210463,0.08163002133369446,0.00824855961042726,0.19474072110528123,0.01074855961042726,0.0,-0.0025,True,True,227,5.0,10,0.016,0.5,0.454,0.99394690990448,0.04808835685253143,0,False
359,45.30591429537162,45.28,0.10000000000000142,171,0.701161921377383,1.7684767687381913,2.49351041372181,0.46317803688576714,0.07798007875680923,0.010742770333781626,0.20548349143906286,0.010742770333781626,0.0,-0.0,False,False,227,5.0,10,0.036,0.5,0.454,0.9946153163909912,0.04648495465517044,0,False
360,45.40575909940526,45.38,0.10000000000000142,170,0.6836406677432382,1.7816090126548996,2.5024208642860835,0.44144626410518295,0.07432134449481964,0.008268646646061533,0.2137521380851244,0.010768646646061534,0.0,-0.0025,True,True,228,5.0,10,0.016,0.5,0.456,0.9971977472305298,0.039288345724344254,0,False
361,45.607115623075515,45.580000000000005,0.2009999999999934,346,0.6482749245018604,1.8074575109274582,2.521084542873319,0.3979547941495338,0.0669991746544838,0.019051130540469308,0.2328032686255937,0.021551130540469306,0.0,-0.0025,True,True,229,5.0,10,0.016,0.5,0.458,0.9947183132171631,0.06234053149819374,0,False
362,45.70734484307468,45.68,0.10000000000000142,173,0.6304079077608715,1.8200592322758056,2.53316515955698,0.3762287301595804,0.0633414015173912,0.010765817794973292,0.243569086420567,0.010765817794973292,0.0,-0.0,False,False,229,5.0,10,0.036,0.5,0.458,0.9953861236572266,0.058372728526592255,0,False
363,45.80749162519351,45.78,0.10000000000000142,171,0.6123872593518109,1.8324456039627188,2.546436432496756,0.3544859380854531,0.05968081206083298,0.008274106986534137,0.25184319340710115,0.010774106986534138,0.0,-0.0025,True,True,230,5.0,10,0.016,0.5,0.46,0.9954364895820618,0.06584286689758301,0,False
364,45.907444758340716,45.88,0.10000000000000142,170,0.5941905837570298,1.844592431942141,2.559309753280403,0.33271550926908594,0.05601556971669197,0.01078780169587211,0.2626309951029733,0.01078780169587211,0.0,-0.0,False,False,230,5.0,10,0.036,0.5,0.46,0.9961196780204773,0.058698587119579315,0,False
365,46.007231512106955,45.980000000000004,0.10000000000000142,169,0.5759161089073659,1.8564890188789434,2.568088280672914,0.31100659377812045,0.05236068367958069,0.008257320277169512,0.2708883153801428,0.010757320277169512,0.0,-0.0025,True,True,231,5.0,10,0.016,0.5,0.462,0.9895976185798645,0.03231798857450485,0,False
366,46.20734226703644,46.18,0.19999999999999574,342,0.5392079552250736,1.8798769483444633,2.5811271396949333,0.26767516910399286,0.04506545886397362,0.018971824029147086,0.2898601394092899,0.021471824029147085,0.0,-0.0025,True,True,232,5.0,10,0.016,0.5,0.464,0.9899803400039673,0.033253785222768784,0,False
367,46.307424859143794,46.28,0.10000000000000142,170,0.5207333289061811,1.891391068040285,2.58775719834639,0.24600630365582485,0.04141731560230255,0.010737474461395525,0.3005976138706854,0.010737474461395525,0.0,-0.0,False,False,232,5.0,10,0.036,0.5,0.464,0.9904313683509827,0.03496752306818962,0,False
368,46.40746211120859,46.38,0.10000000000000142,171,0.5021887599597586,1.9027714894822496,2.5949113936418473,0.22435168805713837,0.037771571427583694,0.008230413298214058,0.30882802716889945,0.010730413298214059,0.0,-0.0025,True,True,233,5.0,10,0.016,0.5,0.466,0.9893419742584229,0.03670299053192139,0,False
369,46.50777733139694,46.480000000000004,0.10000000000000142,172,0.48356590666097804,1.914013270694326,2.602297622451548,0.20270707390560352,0.03412751108407974,0.010725457326540115,0.3195534844954396,0.010725457326540115,0.0,-0.0,False,False,233,5.0,10,0.036,0.5,0.466,0.9895952939987183,0.03832850977778435,0,False
370,46.52029810100794,46.5,0.0,19,0.4798307974669743,1.9162452578004872,2.603824972890273,0.19837835021915579,0.03339873254299164,1.4996449927844562,1.8191984772798957,0.0021449927844561,1.5,-0.0025,True,True,234,5.0,10,0.0,0.5,0.468,0.9895952939987183,0.038328517228364944,1,True
