ppo_step,t_wall_s,t_sim_s,ppo_step_sim_dt,inner_ticks,x,y,yaw,goal_distance_m,goal_distance_norm,ppo_reward,ppo_reward_cumulative,navigation_reward,terminal_reward,frame_cost_reward,fresh_observation,frame_consumed,episode_frame_count,current_fps,scan_divisor_k,obs_age_ratio,fps_ratio,frame_count_ratio,action_linear,action_angular,outcome,done
1,0.08468330302275717,0.08000000000000007,0.09999999999999964,67,1.2477113699843738,0.8329129863864403,1.266189256817268,2.8437224436637756,0.4787655770778656,-0.004393904902763357,-0.004393904902763357,-0.004393904902763357,0.0,-0.0,False,False,1,10.0,5,0.016,1.0,0.002,0.7198632955551147,-0.9962517023086548,0,False
2,0.18456464307382703,0.1800000000000015,0.09999999999999964,152,1.2531483244336417,0.8475658467518956,1.1477245700286003,2.8587961291637813,0.4813033640384674,-0.0053239787428484365,-0.009717883645611793,-0.0053239787428484365,0.0,-0.0,True,True,2,1.0,50,0.016,0.1,0.004,0.6038196086883545,-0.9847698211669922,0,False
3,0.2845058829989284,0.28000000000000114,0.09999999999999964,155,1.2605471624630342,0.8604919840668107,0.9500787889866935,2.872333486171238,0.4835824966430664,-0.004781352307106513,-0.014499235952718306,-0.004781352307106513,0.0,-0.0,False,False,2,1.0,50,0.036,0.1,0.004,0.7657968401908875,-0.9908434152603149,0,False
4,0.384625171078369,0.3800000000000008,0.09999999999999964,157,1.271929138081489,0.8735507671029064,0.7537839830581484,2.886388617212651,0.4859488010406494,-0.004964228482304618,-0.019463464435022924,-0.004964228482304618,0.0,-0.0,False,False,2,1.0,50,0.056,0.1,0.004,0.8026680946350098,-0.9812101721763611,0,False
5,0.4846779501531273,0.4800000000000004,0.10000000000000142,160,1.2863334800567943,0.8846578699206584,0.5596640275234606,2.89883395780456,0.4880440831184387,-0.004395655512303652,-0.023859119947326576,-0.004395655512303652,0.0,-0.0,False,False,2,1.0,50,0.076,0.1,0.004,0.8612641096115112,-0.9566144943237305,0,False
6,0.5844190521165729,0.5800000000000001,0.09999999999999964,157,1.3021730898968715,0.8926275149887424,0.36762234047224873,2.9083677266663788,0.4896491765975952,-0.0033672974508811866,-0.02722641739820776,-0.0033672974508811866,0.0,-0.0,False,False,2,1.0,50,0.096,0.1,0.004,0.9678671956062317,-0.9475142955780029,0,False
7,0.6853757831268013,0.6800000000000015,0.10099999999999909,160,1.322989800921497,0.8984412698897902,0.17770226908951234,2.916381983628204,0.49099844694137573,-0.0028306105832224563,-0.03005702798143022,-0.0028306105832224563,0.0,-0.0,False,False,2,1.0,50,0.116,0.1,0.004,0.9860976934432983,-0.9461281299591064,0,False
8,0.78638159413822,0.7800000000000011,0.10100000000000087,156,1.3449360778587858,0.90028646060653,-0.011278633428904273,2.9207263290440526,0.49172985553741455,-0.0015344092621250183,-0.03159143724355524,-0.0015344092621250183,0.0,-0.0,False,False,2,1.0,50,0.136,0.1,0.004,0.9885693788528442,-0.940881073474884,0,False
9,0.8866152809932828,0.8800000000000008,0.09999999999999964,156,1.3668972321300805,0.8979913744884004,-0.19924797930725702,2.9211244397457166,0.4917968809604645,-0.00014061145915234653,-0.031732048702707585,-0.00014061145915234653,0.0,-0.0,False,False,2,1.0,50,0.156,0.1,0.004,0.9903448820114136,-0.9464022517204285,0,False
10,0.9869655570946634,0.9800000000000004,0.09999999999999964,158,1.3880677894776732,0.8916148235838542,-0.3883839876493391,2.9175387881792827,0.4911932051181793,0.0012664409589113299,-0.030465607743796256,0.0012664409589113299,0.0,-0.0,False,False,2,1.0,50,0.176,0.1,0.004,0.9889394640922546,-0.9519097208976746,0,False
11,1.0869051371701062,1.08,0.10000000000000142,159,1.4074946653304183,0.8815122160919213,-0.5787559955812405,2.910182856561828,0.48995476961135864,0.0025980921232011084,-0.027867515620595147,0.0025980921232011084,0.0,-0.0,False,False,2,1.0,50,0.196,0.1,0.004,0.9849284887313843,-0.9362590909004211,0,False
12,1.1868201070465147,1.1800000000000015,0.09999999999999964,157,1.4238899104810607,0.8682748586383731,-0.788330443017526,2.8994280260636907,0.4881440997123718,0.0037985726155026363,-0.024068943005092512,0.0037985726155026363,0.0,-0.0,True,True,3,1.0,50,0.016,0.1,0.006,0.9999822378158569,-0.9935881495475769,0,False
13,1.2868593560997397,1.2800000000000011,0.09999999999999964,157,1.4376412156488023,0.851316172191342,-0.9934316476958874,2.884706957957066,0.4856656789779663,0.005199435378405845,-0.01886950762668667,0.005199435378405845,0.0,-0.0,False,False,3,1.0,50,0.036,0.1,0.006,0.9999758005142212,-0.9914547801017761,0,False
14,1.387024634052068,1.3800000000000008,0.09999999999999964,155,1.447965645367074,0.8314156778152868,-1.1906561953058823,2.8666335463786248,0.4826228618621826,0.006383472645381628,-0.01248603498130504,0.006383472645381628,0.0,-0.0,False,False,3,1.0,50,0.056,0.1,0.006,0.9999373555183411,-0.9898970127105713,0,False
15,1.4870789831038564,1.4800000000000004,0.09999999999999964,156,1.454098770333382,0.8103354347324879,-1.391892886600488,2.846786072793923,0.47928136587142944,0.00701006581729179,-0.005475969164013251,0.00701006581729179,0.0,-0.0,False,False,3,1.0,50,0.076,0.1,0.006,0.9998103380203247,-0.988696813583374,0,False
16,1.5868238951079547,1.58,0.10000000000000142,156,1.455626522797581,0.7891785890517939,-1.6047349133625448,2.826148042342333,0.4758067727088928,0.0072892880389790705,0.0018133188749658198,0.0072892880389790705,0.0,-0.0,False,False,3,1.0,50,0.096,0.1,0.006,0.9992709159851074,-0.9875016808509827,0,False
17,1.6869036441203207,1.6800000000000015,0.09999999999999964,157,1.4526731223098424,0.7681752023572832,-1.8166374030950105,2.804943381229993,0.4722367823123932,0.007489420222503634,0.009302739097469453,0.007489420222503634,0.0,-0.0,False,False,3,1.0,50,0.116,0.1,0.006,0.9976171851158142,-0.9873557090759277,0,False
18,1.7869407930411398,1.7800000000000011,0.09999999999999964,160,1.445398141035369,0.7482818633555111,-2.02809763842838,2.784139486070773,0.4687342643737793,0.00734787093681186,0.016650610034281314,0.00734787093681186,0.0,-0.0,False,False,3,1.0,50,0.136,0.1,0.006,0.9933666586875916,-0.989737868309021,0,False
19,1.886989481979981,1.8800000000000008,0.09999999999999964,160,1.4341793187730272,0.7304642720327277,-2.240023374149466,2.7647688956476024,0.4654730558395386,0.006841632170801547,0.02349224220508286,0.006841632170801547,0.0,-0.0,False,False,3,1.0,50,0.156,0.1,0.006,0.9739871025085449,-0.9905737042427063,0,False
20,1.9872599090449512,1.9800000000000004,0.09999999999999964,160,1.419593533474013,0.7154455583626005,-2.4466881514599503,2.74767226257151,0.4625946879386902,0.006038477522392305,0.029530719727475167,0.006038477522392305,0.0,-0.0,False,False,3,1.0,50,0.176,0.1,0.006,0.902219831943512,-0.9847703576087952,0,False
21,2.0872385180555284,2.08,0.10000000000000142,159,1.4033988012534586,0.7043410921444713,-2.6459904710046462,2.734262534650714,0.4603370428085327,0.004736274111442159,0.03426699383891733,0.004736274111442159,0.0,-0.0,False,False,3,1.0,50,0.196,0.1,0.006,0.858523964881897,-0.9742644429206848,0,False
22,2.187189418124035,2.1800000000000015,0.09999999999999964,155,1.3853446775480447,0.6968405911123863,-2.837607183631364,2.724231879733061,0.45864829421043396,0.0035427960573021235,0.03780978989621945,0.0035427960573021235,0.0,-0.0,True,True,4,1.0,50,0.016,0.1,0.008,0.9729610085487366,0.7073423266410828,0,False
23,2.2874461750034243,2.280000000000001,0.09999999999999964,156,1.3663927863245109,0.6918743514867373,-2.9137373460838476,2.716694859966294,0.45737937092781067,0.0026620518931936544,0.040471841789413106,0.0026620518931936544,0.0,-0.0,False,False,4,1.0,50,0.036,0.1,0.008,0.9675219655036926,0.702336847782135,0,False
24,2.3873177759815007,2.380000000000001,0.09999999999999964,158,1.350008523505906,0.6881159561503011,-2.9009443219043716,2.710806751353819,0.45638805627822876,0.0020796616121776194,0.04255150340159072,0.0020796616121776194,0.0,-0.0,False,False,4,1.0,50,0.056,0.1,0.008,0.9679454565048218,0.7027665972709656,0,False
25,2.487396095180884,2.4800000000000004,0.09999999999999964,158,1.3323575052470438,0.6827747252104455,-2.7937971343772676,2.7032835388946244,0.4551214575767517,0.00265717519518829,0.04520867859677901,0.00265717519518829,0.0,-0.0,False,False,4,1.0,50,0.076,0.1,0.008,0.9743984341621399,0.7083637118339539,0,False
26,2.5874527140986174,2.58,0.10000000000000142,156,1.312551662579117,0.673974044130366,-2.643538408817503,2.6921785692377984,0.45325183868408203,0.003922240675175001,0.04913091927195401,0.003922240675175001,0.0,-0.0,False,False,4,1.0,50,0.096,0.1,0.008,0.9839189052581787,0.6985519528388977,0,False
27,2.6871317161712795,2.6800000000000015,0.09999999999999964,157,1.2944981818466397,0.6625049702063794,-2.5050158558047966,2.678742642835968,0.4509897828102112,0.004745527333298339,0.05387644660525235,0.004745527333298339,0.0,-0.0,False,False,4,1.0,50,0.116,0.1,0.008,0.9897432327270508,0.6914242506027222,0,False
28,2.78719794517383,2.780000000000001,0.09999999999999964,158,1.2781203585462622,0.648569676408467,-2.367295679240816,2.663132065491521,0.4483616054058075,0.0055136072691310736,0.059390053874383425,0.0055136072691310736,0.0,-0.0,False,False,4,1.0,50,0.136,0.1,0.008,0.9926955699920654,0.6745091080665588,0,False
29,2.8874635121319443,2.880000000000001,0.09999999999999964,158,1.263727198445699,0.6324967936721285,-2.2323267626890835,2.6456741412006237,0.4454224109649658,0.006166084453530608,0.06555613832791403,0.006166084453530608,0.0,-0.0,False,False,4,1.0,50,0.156,0.1,0.008,0.9953151345252991,0.6612765789031982,0,False
30,2.987469212152064,2.9800000000000004,0.09999999999999964,156,1.2515652603575367,0.6145975693920126,-2.100924511264678,2.626671922662808,0.4422232210636139,0.006711524368891282,0.07226766269680532,0.006711524368891282,0.0,-0.0,False,False,4,1.0,50,0.176,0.1,0.008,0.9971228837966919,0.6379891037940979,0,False
31,3.087553260149434,3.08,0.10000000000000142,153,1.2417862295768902,0.5952379220863132,-1.9742906481496034,2.6064766111373463,0.4388231635093689,0.007132921093963287,0.0794005837907686,0.007132921093963287,0.0,-0.0,False,False,4,1.0,50,0.196,0.1,0.008,0.9981736540794373,0.6136603355407715,0,False
32,3.1873308022040874,3.1800000000000015,0.09999999999999964,158,1.235036460835213,0.576285933668384,-1.8291015010989788,2.5869849412477737,0.435541570186615,0.006884397061001699,0.0862849808517703,0.006884397061001699,0.0,-0.0,True,True,5,1.0,50,0.016,0.1,0.01,0.783833920955658,0.9992652535438538,0,False
33,3.2877361881546676,3.280000000000001,0.09999999999999964,159,1.2323952689263764,0.559852793962301,-1.625383776926593,2.5703800607413667,0.4327459931373596,0.005864792047281021,0.09214977289905132,0.005864792047281021,0.0,-0.0,False,False,5,1.0,50,0.036,0.1,0.01,0.9922841191291809,-0.19537091255187988,0,False
34,3.3876453780103475,3.380000000000001,0.09999999999999964,158,1.2325356866562573,0.5436204870616301,-1.5188056464023851,2.5542274580663302,0.4300265610218048,0.005705048926723207,0.09785482182577453,0.005705048926723207,0.0,-0.0,False,False,5,1.0,50,0.056,0.1,0.01,0.9972403049468994,-0.27065080404281616,0,False
35,3.4878093760926276,3.4800000000000004,0.09999999999999964,155,1.2336992092107395,0.5276446024723933,-1.4927439123862272,2.5384251715667467,0.42736610770225525,0.005581318345281327,0.10343614017105586,0.005581318345281327,0.0,-0.0,False,False,5,1.0,50,0.076,0.1,0.01,0.9978459477424622,-0.2841007709503174,0,False
36,3.5876713271718472,3.58,0.10000000000000142,153,1.2347248896386478,0.5054399698875188,-1.5572443958223954,2.5164111898105608,0.4236598610877991,0.00777526975173673,0.11121140992279259,0.00777526975173673,0.0,-0.0,False,False,5,1.0,50,0.096,0.1,0.01,0.9961016774177551,-0.2494284063577652,0,False
37,3.6877890951000154,3.6800000000000015,0.09999999999999964,152,1.2345554578634808,0.48345260552596786,-1.6051259415059598,2.4945046572299687,0.4199717044830322,0.007737319037772428,0.11894872896056502,0.007737319037772428,0.0,-0.0,False,False,5,1.0,50,0.116,0.1,0.01,0.9938180446624756,-0.21361497044563293,0,False
38,3.787871304200962,3.780000000000001,0.09999999999999964,158,1.23337765205719,0.46157171093564586,-1.6449161950928752,2.472609984772548,0.41628554463386536,0.007733130079229373,0.1266818590397944,0.007733130079229373,0.0,-0.0,False,False,5,1.0,50,0.136,0.1,0.01,0.9906207919120789,-0.17300044000148773,0,False
39,3.887941253138706,3.880000000000001,0.09999999999999964,159,1.231395294943388,0.4398382101299567,-1.6778669915131752,2.450786473054152,0.41261136531829834,0.007707996327971511,0.1343898553677659,0.007707996327971511,0.0,-0.0,False,False,5,1.0,50,0.156,0.1,0.01,0.9866830706596375,-0.12555907666683197,0,False
40,3.987820414127782,3.9800000000000004,0.09999999999999964,156,1.2288102681849697,0.4182703027394423,-1.7013536010917558,2.429070941561642,0.4089553654193878,0.007669858048699293,0.1420597134164652,0.007669858048699293,0.0,-0.0,False,False,5,1.0,50,0.176,0.1,0.01,0.9824087023735046,-0.06841738522052765,0,False
41,4.087930361973122,4.08,0.10000000000000142,159,1.2258554456227537,0.3968659916694706,-1.7146904634880125,2.4074835702060833,0.405320942401886,0.007624592287727179,0.1496843057041924,0.007624592287727179,0.0,-0.0,False,False,5,1.0,50,0.196,0.1,0.01,0.967693567276001,0.23555287718772888,0,False
42,4.187997790984809,4.1800000000000015,0.09999999999999964,159,1.2227361180614504,0.37561583500551365,-1.6890310919778369,2.3860348029765377,0.4017098546028137,0.007575637742366402,0.1572599434465588,0.007575637742366402,0.0,-0.0,True,True,6,1.0,50,0.016,0.1,0.012,0.7705522179603577,0.9998820424079895,0,False
43,4.28770567313768,4.280000000000001,0.09999999999999964,156,1.2216538911193944,0.35540395225257404,-1.5415758402020168,2.3658102836850574,0.39830487966537476,0.007143237185897766,0.16440318063245657,0.007143237185897766,0.0,-0.0,False,False,6,1.0,50,0.036,0.1,0.012,0.7700862884521484,0.9988464713096619,0,False
44,4.3881060590501875,4.380000000000001,0.09999999999999964,158,1.2237523738875018,0.33888689266319233,-1.3416957730233703,2.349565278259346,0.39556989073753357,0.005737685290296953,0.17014086592275351,0.005737685290296953,0.0,-0.0,False,False,6,1.0,50,0.056,0.1,0.012,0.7492970824241638,0.9944579005241394,0,False
45,4.488155368017033,4.48,0.09999999999999964,159,1.2288311525703148,0.3238281013342844,-1.1437948874358665,2.3350676053085686,0.3931290805339813,0.0051205329055510436,0.17526139882830455,0.0051205329055510436,0.0,-0.0,False,False,6,1.0,50,0.076,0.1,0.012,0.6801390647888184,0.990096926689148,0,False
46,4.587901230202988,4.58,0.10000000000000142,155,1.2359734841127639,0.3114030702392821,-0.9468129947842144,2.3234172470026415,0.39116764068603516,0.004114870246383994,0.17937626907468854,0.004114870246383994,0.0,-0.0,False,False,6,1.0,50,0.096,0.1,0.012,0.6504837870597839,0.9599230289459229,0,False
47,4.68818811699748,4.6800000000000015,0.09999999999999964,158,1.245637531713406,0.30039469411351327,-0.7585349692632896,2.3134722681986415,0.38949331641197205,0.003512535520961623,0.18288880459565016,0.003512535520961623,0.0,-0.0,False,False,6,1.0,50,0.116,0.1,0.012,0.7724106311798096,0.47271862626075745,0,False
48,4.788096887990832,4.780000000000001,0.09999999999999964,156,1.258539009006775,0.28986767594962265,-0.6329020582714231,2.3044167986324635,0.3879687488079071,0.0031983636302365514,0.1860871682258867,0.0031983636302365514,0.0,-0.0,False,False,6,1.0,50,0.136,0.1,0.012,0.9767372012138367,-0.738361120223999,0,False
49,4.888153457082808,4.880000000000001,0.09999999999999964,158,1.2722482220379188,0.27998580519390304,-0.6351548526113159,2.296182509833302,0.3865824341773987,0.002908325142460556,0.18899549336834726,0.002908325142460556,0.0,-0.0,False,False,6,1.0,50,0.156,0.1,0.012,0.9776265025138855,-0.7372809648513794,0,False
50,4.988018068019301,4.98,0.09999999999999964,156,1.2867087533983523,0.2681028199659352,-0.7467784003553811,2.2861522089491766,0.3848937451839447,0.0035426710137635648,0.19253816438211083,0.0035426710137635648,0.0,-0.0,False,False,6,1.0,50,0.176,0.1,0.012,0.9635204672813416,-0.743889331817627,0,False
51,5.088042467134073,5.08,0.10000000000000142,160,1.301217012820765,0.25251496197498857,-0.8968692517976237,2.2725658182981623,0.3826063573360443,0.00479867083720217,0.197336835219313,0.00479867083720217,0.0,-0.0,False,False,6,1.0,50,0.196,0.1,0.012,0.9203319549560547,-0.6902981996536255,0,False
52,5.188353934092447,5.1800000000000015,0.09999999999999964,160,1.3132961793707687,0.23517074629065501,-1.0187825495651401,2.2570207371563016,0.3799892067909241,0.0054904742144904675,0.20282730943380348,0.0054904742144904675,0.0,-0.0,True,True,7,1.0,50,0.016,0.1,0.014,0.9953494071960449,-0.11975901573896408,0,False
53,5.288075086195022,5.280000000000001,0.09999999999999964,158,1.324468873407765,0.2165221780095311,-1.040220795145028,2.2401451980181273,0.3771480619907379,0.005960387832538529,0.208787697266342,0.005960387832538529,0.0,-0.0,False,False,7,1.0,50,0.036,0.1,0.014,0.9956984519958496,-0.12114015221595764,0,False
54,5.388130825012922,5.380000000000001,0.09999999999999964,160,1.3353061563439315,0.19743159895184323,-1.0656837394178327,2.2228665917089043,0.374239057302475,0.00610274990123117,0.21489044716757316,0.00610274990123117,0.0,-0.0,False,False,7,1.0,50,0.056,0.1,0.014,0.9961578845977783,-0.12307459115982056,0,False
55,5.4880751150194556,5.48,0.09999999999999964,156,1.3456868991657054,0.17807508477820733,-1.0913778740547244,2.205336798611926,0.3712877631187439,0.006191468291865901,0.22108191545943906,0.006191468291865901,0.0,-0.0,False,False,7,1.0,50,0.076,0.1,0.014,0.9966132640838623,-0.12394053488969803,0,False
56,5.588418812025338,5.58,0.10000000000000142,159,1.3555912356249156,0.15845842029705134,-1.1162836774900549,2.1875529864589724,0.3682937026023865,0.006281187030809259,0.22736310249024833,0.006281187030809259,0.0,-0.0,False,False,7,1.0,50,0.096,0.1,0.014,0.9970251321792603,-0.12377522885799408,0,False
57,5.6883893720805645,5.6800000000000015,0.09999999999999964,156,1.36500975384205,0.13859455471547144,-1.1408750675847448,2.169520465752956,0.36525776982307434,0.006369030116673765,0.23373213260692208,0.006369030116673765,0.0,-0.0,False,False,7,1.0,50,0.116,0.1,0.014,0.9973835945129395,-0.12362601608037949,0,False
58,5.788328762166202,5.780000000000001,0.09999999999999964,157,1.3739361340623761,0.11849837197206292,-1.165491685079913,2.151247025231482,0.36218127608299255,0.006454122244689033,0.2401862548516111,0.006454122244689033,0.0,-0.0,False,False,7,1.0,50,0.136,0.1,0.014,0.9976986646652222,-0.12344203889369965,0,False
59,5.888450910104439,5.880000000000001,0.09999999999999964,157,1.3823657917002972,0.09818307186161865,-1.1901336222767622,2.1327390374980446,0.35906529426574707,0.006536963589009615,0.24672321844062073,0.006536963589009615,0.0,-0.0,False,False,7,1.0,50,0.156,0.1,0.014,0.9979715347290039,-0.12349267303943634,0,False
60,5.988655867986381,5.98,0.09999999999999964,160,1.3902937090499374,0.07766066105143633,-1.2147827522313643,2.1140016360387923,0.35591068863868713,0.006617991802020702,0.25334121024264145,0.006617991802020702,0.0,-0.0,False,False,7,1.0,50,0.176,0.1,0.014,0.9982092380523682,-0.12191766500473022,0,False
61,6.088292750995606,6.08,0.10000000000000142,155,1.3977182776601969,0.056944299948845846,-1.2390484323261421,2.0950417245075124,0.35271862149238586,0.006696581666028714,0.26003779190867016,0.006696581666028714,0.0,-0.0,False,False,7,1.0,50,0.196,0.1,0.014,0.998416543006897,-0.11993743479251862,0,False
62,6.188613888109103,6.1800000000000015,0.09999999999999964,160,1.4046131717104524,0.03637164704034226,-1.2426811148646417,2.0761795262298195,0.3495430052280426,0.006662069649376113,0.26669986155804626,0.006662069649376113,0.0,-0.0,True,True,8,1.0,50,0.016,0.1,0.016,1.0,0.5147519111633301,0,False
63,6.288595088059083,6.280000000000001,0.09999999999999964,157,1.4125769981837253,0.016295290245142917,-1.1371218470402047,2.0580735435668487,0.3464947044849396,0.006394976650932651,0.2730948382089789,0.006394976650932651,0.0,-0.0,False,False,8,1.0,50,0.036,0.1,0.016,1.0,0.5591172575950623,0,False
64,6.389705477980897,6.380000000000001,0.10099999999999909,160,1.4227651833823454,-0.0029488414343258307,-1.0249247861933084,2.041309347973071,0.3436723053455353,0.0059210616396496085,0.2790158998486285,0.0059210616396496085,0.0,-0.0,False,False,8,1.0,50,0.056,0.1,0.016,1.0,0.6062256097793579,0,False
65,6.4897005970124155,6.48,0.10000000000000142,160,1.435137870842899,-0.020840331452883065,-0.9027029226859834,2.0264298498628937,0.3411672115325928,0.005255392361928114,0.28427129221055664,0.005255392361928114,0.0,-0.0,False,False,8,1.0,50,0.076,0.1,0.016,0.9999999403953552,0.6573853492736816,0,False
66,6.589227141113952,6.58,0.09999999999999964,157,1.4496761470092696,-0.03699051192262501,-0.7694309708195117,2.0138556410669777,0.3390502333641052,0.00444117136035304,0.2887124635709097,0.00444117136035304,0.0,-0.0,False,False,8,1.0,50,0.096,0.1,0.016,0.9999999403953552,0.7215006947517395,0,False
67,6.690671558026224,6.6800000000000015,0.10099999999999909,159,1.4662991525384754,-0.05094484379996639,-0.622639054944256,2.004058648277469,0.3374008238315582,0.0034602673218280173,0.2921727308927377,0.0034602673218280173,0.0,-0.0,False,False,8,1.0,50,0.116,0.1,0.016,0.9999998807907104,0.7922899723052979,0,False
68,6.790330201154575,6.780000000000001,0.10000000000000142,158,1.484835872765064,-0.062178573861048796,-0.4615361300488125,1.9975529281762852,0.33630552887916565,0.0022978000652602274,0.2944705309579979,0.0022978000652602274,0.0,-0.0,False,False,8,1.0,50,0.136,0.1,0.016,0.9999998211860657,0.8631367683410645,0,False
69,6.890317891025916,6.880000000000001,0.09999999999999964,156,1.5049652377415623,-0.07014364858006836,-0.28703503924421964,1.994827224048128,0.3358466327190399,0.0009627102036590606,0.295433241161657,0.0009627102036590606,0.0,-0.0,False,False,8,1.0,50,0.156,0.1,0.016,0.9999995231628418,0.9180877804756165,0,False
70,6.991491010179743,6.98,0.10099999999999909,154,1.5261720875360094,-0.0743770444680483,-0.10147469962013779,1.9962166286267684,0.33608055114746094,-0.000490733367224308,0.29494250779443265,-0.000490733367224308,0.0,-0.0,False,False,8,1.0,50,0.176,0.1,0.016,0.9999995827674866,0.97628253698349,0,False
71,7.091350140981376,7.08,0.09999999999999964,155,1.5476508216901153,-0.07453597561395545,0.0952010414174666,2.0018324854566023,0.33702602982521057,-0.0019835031309963615,0.2929590046634363,-0.0019835031309963615,0.0,-0.0,False,False,8,1.0,50,0.196,0.1,0.016,0.9999998211860657,0.9958248138427734,0,False
72,7.192688469076529,7.1800000000000015,0.10100000000000087,161,1.5649251312409451,-0.07107988297086447,0.2646303702948244,2.0099435705881965,0.33839160203933716,-0.0028648099910287377,0.29009419467240755,-0.0028648099910287377,0.0,-0.0,True,True,9,1.0,50,0.016,0.1,0.018,0.9991822838783264,-0.9417608380317688,0,False
73,7.293322893092409,7.280000000000001,0.10099999999999909,158,1.584436952593727,-0.06546921194298934,0.24349240180860526,2.0208849767553216,0.3402336835861206,-0.003864470560343237,0.2862297241120643,-0.003864470560343237,0.0,-0.0,False,False,9,1.0,50,0.036,0.1,0.018,0.9992268681526184,-0.9456310272216797,0,False
74,7.3945757921319455,7.380000000000001,0.10100000000000087,162,1.6064327296603391,-0.061544143725830495,0.07925345267989754,2.0311011452413807,0.34195366501808167,-0.0036083188715272043,0.28262140524053714,-0.0036083188715272043,0.0,-0.0,False,False,9,1.0,50,0.056,0.1,0.018,0.9994640946388245,-0.9852313995361328,0,False
75,7.494641201104969,7.48,0.09999999999999964,160,1.628743532364815,-0.061955322279229404,-0.11694307563092271,2.037482599574415,0.3430280387401581,-0.0022539097832124967,0.28036749545732464,-0.0022539097832124967,0.0,-0.0,False,False,9,1.0,50,0.076,0.1,0.018,0.9996179938316345,-0.9895475506782532,0,False
76,7.595804051030427,7.58,0.10100000000000087,160,1.650544402627859,-0.06669537668271135,-0.31445190895760355,2.039822230140843,0.34342193603515625,-0.0008263502248190488,0.2795411452325056,-0.0008263502248190488,0.0,-0.0,False,False,9,1.0,50,0.096,0.1,0.018,0.9996854662895203,-0.9806520342826843,0,False
77,7.695850000018254,7.6800000000000015,0.09999999999999964,158,1.6710053334652826,-0.07558490873406014,-0.5088990727298871,2.0380435656987252,0.3431224822998047,0.0006282187379118985,0.28016936397041753,0.0006282187379118985,0.0,-0.0,False,False,9,1.0,50,0.116,0.1,0.018,0.9997626543045044,-0.9649814963340759,0,False
78,7.796132638119161,7.780000000000001,0.09999999999999964,159,1.6893748997819291,-0.08824508955028931,-0.6994210100806115,2.032251046138673,0.34214726090431213,0.0020458998567563728,0.2822152638271739,0.0020458998567563728,0.0,-0.0,False,False,9,1.0,50,0.136,0.1,0.018,0.9997705817222595,-0.931734561920166,0,False
79,7.8959111489821225,7.880000000000001,0.09999999999999964,159,1.7050435278176852,-0.10411437328804726,-0.8826244772418831,2.0227379882382124,0.340545654296875,0.003359982403873219,0.2855752462310471,0.003359982403873219,0.0,-0.0,False,False,9,1.0,50,0.156,0.1,0.018,0.9995180368423462,-0.900627851486206,0,False
80,7.995862049050629,7.980000000000002,0.10000000000000142,159,1.7175913059954708,-0.12253302458730245,-1.0602285243833183,2.009930294330916,0.3383893668651581,0.004523637574057788,0.29009888380510485,0.004523637574057788,0.0,-0.0,False,False,9,1.0,50,0.176,0.1,0.018,0.9989207983016968,-0.8666492104530334,0,False
81,8.196051707025617,8.180000000000001,0.1999999999999993,312,1.7324081541097003,-0.1643483538148101,-1.3889603561582378,1.9763700401258855,0.3327392041683197,0.011853377197773123,0.301952261002878,0.011853377197773123,0.0,-0.0,True,True,10,1.0,50,0.016,0.1,0.02,0.9943214058876038,-0.14536415040493011,0,False
82,8.29631534498185,8.28,0.10000000000000142,160,1.735698663204651,-0.1861315955300555,-1.4349367902254941,1.9573888865829558,0.3295435607433319,0.006704084278344598,0.3086563452812226,0.006704084278344598,0.0,-0.0,False,False,10,1.0,50,0.036,0.1,0.02,0.9942166209220886,-0.14206469058990479,0,False
83,8.49614914599806,8.480000000000002,0.1999999999999993,318,1.7403794943322881,-0.22974119272173948,-1.4922441702134104,1.918848088713175,0.32305487990379333,0.01361248969875705,0.32226883497997966,0.01361248969875705,0.0,-0.0,False,False,10,1.0,50,0.076,0.1,0.02,0.9941009879112244,-0.13883967697620392,0,False
84,8.6962918441277,8.680000000000001,0.1999999999999993,318,1.7426457604176797,-0.2735457804766186,-1.5465472354399588,1.8794059214824008,0.3164144456386566,0.013930850548025177,0.33619968552800483,0.013930850548025177,0.0,-0.0,False,False,10,1.0,50,0.116,0.1,0.02,0.9940593838691711,-0.13520744442939758,0,False
85,8.796664961148053,8.78,0.10000000000000142,158,1.7428913629232823,-0.29548222242001715,-1.5733286471232215,1.8593731113460574,0.3130417466163635,0.0070755261097473566,0.3432752116377522,0.0070755261097473566,0.0,-0.0,False,False,10,1.0,50,0.136,0.1,0.02,0.9940670728683472,-0.13247890770435333,0,False
86,8.99673482007347,8.980000000000002,0.1999999999999993,320,1.741652123212616,-0.3393391126512502,-1.6246812932271109,1.8187474100328793,0.3062020540237427,0.01434887109755523,0.35762408273530744,0.01434887109755523,0.0,-0.0,False,False,10,1.0,50,0.176,0.1,0.02,0.9940608143806458,-0.12334883958101273,0,False
87,9.19633475318551,9.180000000000001,0.1999999999999993,316,1.738295620474086,-0.38305803188320764,-1.6590059643711093,1.7775212678570755,0.29926127195358276,0.01456094493901593,0.3721850276743234,0.01456094493901593,0.0,-0.0,True,True,11,1.0,50,0.016,0.1,0.022,0.9985018968582153,0.013843076303601265,0,False
88,9.296721169026569,9.28,0.10000000000000142,159,1.7364211392873254,-0.40492898955261974,-1.6566401349180504,1.7568630574944184,0.29578328132629395,0.007296415520679122,0.3794814431950025,0.007296415520679122,0.0,-0.0,False,False,11,1.0,50,0.036,0.1,0.022,0.9984710216522217,0.010120098479092121,0,False
89,9.496630390174687,9.480000000000002,0.1999999999999993,318,1.7327680730428658,-0.44866418160525895,-1.6523651549406995,1.7156898433309744,0.28885141015052795,0.014542250929995733,0.3940236941249982,0.014542250929995733,0.0,-0.0,False,False,11,1.0,50,0.076,0.1,0.022,0.9984148144721985,0.0028766910545527935,0,False
90,9.696625589160249,9.680000000000001,0.1999999999999993,315,1.7291975235553871,-0.49242693835102513,-1.6521545490278786,1.6746658542993682,0.2819446623325348,0.014489545078477013,0.4085132392034752,0.014489545078477013,0.0,-0.0,False,False,11,1.0,50,0.116,0.1,0.022,0.9983765482902527,-0.0024254685267806053,0,False
91,9.797112045111135,9.78,0.10000000000000142,159,1.7274090813524894,-0.5143155230413188,-1.6527615401307894,1.6542014772930127,0.2784993052482605,0.007227954183297202,0.4157411933867724,0.007227954183297202,0.0,-0.0,False,False,11,1.0,50,0.136,0.1,0.022,0.9983606338500977,-0.004899239167571068,0,False
92,9.997119165025651,9.980000000000002,0.1999999999999993,315,1.7237690782887523,-0.5581014257841442,-1.655363675075827,1.613354682041916,0.2716223895549774,0.014426960787409163,0.4301681541741816,0.014426960787409163,0.0,-0.0,False,False,11,1.0,50,0.176,0.1,0.022,0.9983247518539429,-0.009449277073144913,0,False
93,10.19709626515396,10.180000000000001,0.1999999999999993,310,1.7199423152163462,-0.6019027731037678,-1.667298409571357,1.5725751531610428,0.26475679874420166,0.014403202515075686,0.4445713566892573,0.014403202515075686,0.0,-0.0,True,True,12,1.0,50,0.016,0.1,0.024,0.9995394945144653,-0.07931629568338394,0,False
94,10.296902365982533,10.28,0.10000000000000142,158,1.7176397079172039,-0.6238180015057962,-1.6826667785457377,1.5520578481423273,0.26130253076553345,0.0072466481923174775,0.45181800488157475,0.0072466481923174775,0.0,-0.0,False,False,12,1.0,50,0.036,0.1,0.024,0.9995208382606506,-0.08132139593362808,0,False
95,10.49684295617044,10.480000000000002,0.1999999999999993,303,1.7119867925396446,-0.6675154095265813,-1.7160425002026591,1.5107747065685972,0.2543521523475647,0.014581076948730103,0.4663990818303049,0.014581076948730103,0.0,-0.0,False,False,12,1.0,50,0.076,0.1,0.024,0.99948650598526,-0.08504289388656616,0,False
96,10.697261412162334,10.680000000000001,0.1999999999999993,316,1.7048754919362685,-0.7109585820507047,-1.750278175987289,1.469175678579963,0.2473485916852951,0.01469264704604333,0.4810917288763482,0.01469264704604333,0.0,-0.0,False,False,12,1.0,50,0.116,0.1,0.024,0.999451756477356,-0.08866988867521286,0,False
97,10.79686259618029,10.78,0.10000000000000142,159,1.7007543052692975,-0.7325764778598811,-1.7679284341196762,1.4482468980939205,0.2438250482082367,0.007391980045051951,0.48848370892140014,0.007391980045051951,0.0,-0.0,False,False,12,1.0,50,0.136,0.1,0.024,0.9994351267814636,-0.08973301947116852,0,False
98,10.997355131199583,10.980000000000002,0.1999999999999993,319,1.6913651746149816,-0.7755885225536843,-1.803503772074173,1.4061185014733046,0.2367323637008667,0.01487961839713061,0.5033633273185307,0.01487961839713061,0.0,-0.0,False,False,12,1.0,50,0.176,0.1,0.024,0.9994025826454163,-0.08931029587984085,0,False
99,11.197387451073155,11.180000000000001,0.1999999999999993,314,1.6805657010960413,-0.818188590211577,-1.8156593678025452,1.3637623727861297,0.22960133850574493,0.014960052653333267,0.518323379971864,0.014960052653333267,0.0,-0.0,True,True,13,1.0,50,0.016,0.1,0.026,0.9819156527519226,0.7434571981430054,0,False
100,11.297193593112752,11.28,0.10000000000000142,157,1.6765559203714502,-0.8392661525936648,-1.684964600070793,1.3435143987734535,0.2261924147605896,0.007151521320329684,0.5254749012921937,0.007151521320329684,0.0,-0.0,False,False,13,1.0,50,0.036,0.1,0.026,0.9514864683151245,0.821570098400116,0,False
101,11.497242842102423,11.480000000000002,0.1999999999999993,317,1.6786167586683232,-0.8795580614153623,-1.3462408423152328,1.309927769070625,0.22053781151771545,0.011862692941398582,0.5373375942335923,0.011862692941398582,0.0,-0.0,False,False,13,1.0,50,0.076,0.1,0.026,0.9352107048034668,0.9002466201782227,0,False
102,11.697231672005728,11.680000000000001,0.1999999999999993,315,1.6945861003514078,-0.9166700354329272,-0.9718432563566737,1.2868774426710898,0.21665708720684052,0.008141303450094974,0.5454788976836873,0.008141303450094974,0.0,-0.0,False,False,13,1.0,50,0.116,0.1,0.026,0.9444553256034851,0.9881332516670227,0,False
103,11.797605259111151,11.78,0.10000000000000142,160,1.7076137036328165,-0.9322728503305471,-0.7756401253615519,1.280920917079427,0.21565425395965576,0.002103826276011532,0.5475827239596989,0.002103826276011532,0.0,-0.0,False,False,13,1.0,50,0.136,0.1,0.026,0.935441255569458,0.9892253875732422,0,False
104,11.997323251096532,11.980000000000002,0.1999999999999993,317,1.7409031639648926,-0.9541230910947253,-0.3835809016525927,1.2817160763821729,0.2157881259918213,-0.0002808477876890949,0.5473018761720098,-0.0002808477876890949,0.0,-0.0,False,False,13,1.0,50,0.176,0.1,0.026,0.9225785732269287,0.9813288450241089,0,False
105,12.1974360300228,12.180000000000001,0.1999999999999993,316,1.7806627644755415,-0.9618375651258718,-0.041788633534285545,1.2989286554385189,0.21868601441383362,-0.006079429281282882,0.5412224468907268,-0.006079429281282882,0.0,-0.0,True,True,14,1.0,50,0.016,0.1,0.028,0.9999998211860657,-0.9699422121047974,0,False
106,12.297732457052916,12.28,0.10000000000000142,159,1.8021588880811397,-0.9625421451027099,-0.03686763049957439,1.3114029382713004,0.2207861691713333,-0.004405877821584016,0.5368165690691429,-0.004405877821584016,0.0,-0.0,False,False,14,1.0,50,0.036,0.1,0.028,0.9999998211860657,-0.9702208042144775,0,False
107,12.497665658127517,12.480000000000002,0.1999999999999993,313,1.8453844373491166,-0.9700874899757721,-0.35344926579855424,1.3324393449497003,0.22432783246040344,-0.007429993280785454,0.5293865757883575,-0.007429993280785454,0.0,-0.0,False,False,14,1.0,50,0.076,0.1,0.028,0.9999999403953552,-0.9611532688140869,0,False
108,12.698204863118008,12.680000000000001,0.1999999999999993,318,1.8835009574942405,-0.9929850828896801,-0.733012598767827,1.3396465824856088,0.22554123401641846,-0.0025455738369903847,0.5268410019513671,-0.0025455738369903847,0.0,-0.0,False,False,14,1.0,50,0.116,0.1,0.028,1.0,-0.9327433109283447,0,False
109,12.798127484042197,12.78,0.10000000000000142,155,1.898668720773741,-1.0093482083036631,-0.9155873341731022,1.3375337103935394,0.22518551349639893,0.0007462598383474678,0.5275872617897145,0.0007462598383474678,0.0,-0.0,False,False,14,1.0,50,0.136,0.1,0.028,1.0,-0.867966890335083,0,False
110,12.99808465410024,12.980000000000002,0.1999999999999993,310,1.919485580236979,-1.0485915533330101,-1.2462186195728095,1.3231144558691015,0.22275790572166443,0.0050928357617517845,0.5326800975514663,0.0050928357617517845,0.0,-0.0,False,False,14,1.0,50,0.176,0.1,0.028,0.9999999403953552,-0.7630122303962708,0,False
111,13.197892596013844,13.180000000000001,0.1999999999999993,310,1.927314375901501,-1.0921759120301229,-1.5396463709191586,1.2977120192212943,0.218481183052063,0.008972061459649516,0.5416521590111159,0.008972061459649516,0.0,-0.0,True,True,15,1.0,50,0.016,0.1,0.03,0.9753872752189636,-0.32640159130096436,0,False
112,13.298247792990878,13.28,0.10000000000000142,156,1.9272298914730148,-1.113864359176433,-1.6006834352307993,1.2825723064684111,0.21593227982521057,0.00534729936279688,0.5469994583739127,0.00534729936279688,0.0,-0.0,False,False,15,1.0,50,0.036,0.1,0.03,0.9706569314002991,-0.32294678688049316,0,False
113,13.498096224153414,13.480000000000002,0.1999999999999993,310,1.9230500638745749,-1.156384481894536,-1.7325068178933631,1.2504833270952538,0.21052981913089752,0.011333727512248174,0.5583331858861609,0.011333727512248174,0.0,-0.0,False,False,15,1.0,50,0.076,0.1,0.03,0.9579562544822693,-0.3151996433734894,0,False
114,13.698621570132673,13.680000000000001,0.1999999999999993,316,1.913725089175734,-1.1974707967380709,-1.8567736072637542,1.2161195052911997,0.2047443687915802,0.012137194769503814,0.5704703806556647,0.012137194769503814,0.0,-0.0,False,False,15,1.0,50,0.116,0.1,0.03,0.9413588643074036,-0.3095512092113495,0,False
115,13.798169534187764,13.78,0.10000000000000142,150,1.9072745157011364,-1.2171946993959653,-1.9177121064212546,1.1983034760872444,0.20174488425254822,0.006292565992821646,0.5767629466484864,0.006292565992821646,0.0,-0.0,False,False,15,1.0,50,0.136,0.1,0.03,0.9171333909034729,-0.2904601991176605,0,False
116,13.998691109009087,13.980000000000002,0.1999999999999993,306,1.8919414878924057,-1.25335082591193,-2.025228176601704,1.1632044151549725,0.1958356499671936,0.012396878938285272,0.5891598255867716,0.012396878938285272,0.0,-0.0,False,False,15,1.0,50,0.176,0.1,0.03,0.844664990901947,-0.23570910096168518,0,False
117,14.198688470060006,14.180000000000001,0.1999999999999993,315,1.8733222104821223,-1.2874277458470424,-2.1106161990322176,1.1271428255698328,0.1897643655538559,0.012736841058846227,0.6018966666456178,0.012736841058846227,0.0,-0.0,True,True,16,1.0,50,0.016,0.1,0.032,0.8815186023712158,-0.046286165714263916,0,False
118,14.298791089095175,14.28,0.10000000000000142,158,1.8633218450751574,-1.3040506175382958,-2.1162775175495905,1.1089049654178715,0.18669386208057404,0.006441555369060025,0.6083382220146778,0.006441555369060025,0.0,-0.0,False,False,16,1.0,50,0.036,0.1,0.032,0.880287766456604,-0.047687213867902756,0,False
119,14.498741309158504,14.480000000000002,0.1999999999999993,317,1.8428970057531333,-1.3369464861968452,-2.1351660040507183,1.0724342900917154,0.18055370450019836,0.012881328867695154,0.6212195508823729,0.012881328867695154,0.0,-0.0,False,False,16,1.0,50,0.076,0.1,0.032,0.8774530291557312,-0.04510671645402908,0,False
120,14.698715000180528,14.680000000000001,0.1999999999999993,312,1.8219341007166465,-1.3693964183439538,-2.15298083243899,1.0359713149947825,0.17441484332084656,0.012878609170730597,0.6340981600531035,0.012878609170730597,0.0,-0.0,False,False,16,1.0,50,0.116,0.1,0.032,0.876886785030365,-0.043845873326063156,0,False
121,14.798711200011894,14.78,0.10000000000000142,158,1.8112483487052364,-1.385475859479602,-2.1616090874007834,1.0177247810213974,0.1713428795337677,0.006444618935755736,0.6405427789888593,0.006444618935755736,0.0,-0.0,False,False,16,1.0,50,0.136,0.1,0.032,0.8768439292907715,-0.043595090508461,0,False
122,14.998797339154407,14.980000000000002,0.1999999999999993,316,1.7894662337512424,-1.4173532102302306,-2.178876516474667,0.9811902026435293,0.16519196331501007,0.012903899226411853,0.6534466782152711,0.012903899226411853,0.0,-0.0,False,False,16,1.0,50,0.176,0.1,0.032,0.8770171403884888,-0.04342814162373543,0,False
123,15.199255336076021,15.180000000000001,0.1999999999999993,316,1.7669700651175038,-1.4489936847003853,-2.2110402350572294,0.9443786815387808,0.1589944213628769,0.013001714534479486,0.6664483927497507,0.013001714534479486,0.0,-0.0,True,True,17,1.0,50,0.016,0.1,0.034,0.8914475440979004,-0.17760659754276276,0,False
124,15.298847059020773,15.28,0.10000000000000142,157,1.75493115666357,-1.4645442104889315,-2.2452392854154186,0.9255452484851968,0.15582364797592163,0.006651909861865029,0.6731003026116157,0.006651909861865029,0.0,-0.0,False,False,17,1.0,50,0.036,0.1,0.034,0.8887941241264343,-0.1641426384449005,0,False
125,15.499095897190273,15.480000000000002,0.1999999999999993,315,1.7295170960386703,-1.4943087317129,-2.3079016624408895,0.887647906551632,0.14944329857826233,0.013385223067356743,0.6864855256789725,0.013385223067356743,0.0,-0.0,False,False,17,1.0,50,0.076,0.1,0.034,0.8841120004653931,-0.13764561712741852,0,False
126,15.699065838009119,15.680000000000001,0.1999999999999993,318,1.7025965266319945,-1.5224957034634516,-2.35591234817641,0.8495011479979492,0.14302095770835876,0.013473316240298445,0.6999588419192709,0.013473316240298445,0.0,-0.0,False,False,17,1.0,50,0.116,0.1,0.034,0.8829002380371094,-0.09280434995889664,0,False
127,15.799286306137219,15.78,0.10000000000000142,158,1.6887200768227022,-1.536130851603948,-2.373670012725179,0.8303673174962887,0.13979960978031158,0.006758009304364658,0.7067168512236356,0.006758009304364658,0.0,-0.0,False,False,17,1.0,50,0.136,0.1,0.034,0.8819761872291565,-0.07753028720617294,0,False
128,15.999110508011654,15.980000000000002,0.1999999999999993,318,1.6604104522201766,-1.562685246028131,-2.4012962185556286,0.7920770868555901,0.1333531141281128,0.013523990134314877,0.7202408413579504,0.013523990134314877,0.0,-0.0,False,False,17,1.0,50,0.176,0.1,0.034,0.8783041834831238,-0.05543434992432594,0,False
129,16.199113639071584,16.18,0.1999999999999993,315,1.6315723099442399,-1.5885022597604115,-2.412703370313135,0.753799689930263,0.1269087791442871,0.013519457306040745,0.7337602986639912,0.013519457306040745,0.0,-0.0,True,True,18,1.0,50,0.016,0.1,0.036,0.9123911261558533,0.6472975015640259,0,False
130,16.299541535088792,16.28,0.10000000000000142,160,1.6176486593209825,-1.6021843709390189,-2.300518176923031,0.7346748430293626,0.1236889436841011,0.006754836324572766,0.7405151349885639,0.006754836324572766,0.0,-0.0,False,False,18,1.0,50,0.036,0.1,0.036,0.9150387644767761,0.6613984704017639,0,False
131,16.49932364700362,16.480000000000004,0.1999999999999993,314,1.5954354719186876,-1.6348575489832027,-2.023320021078409,0.6984786321953943,0.11759499460458755,0.012784388864397747,0.7532995238529616,0.012784388864397747,0.0,-0.0,False,False,18,1.0,50,0.076,0.1,0.036,0.9188470244407654,0.7684980630874634,0,False
132,16.60065440600738,16.58,0.10099999999999909,161,1.5880721251714167,-1.6534686900952191,-1.8690240225669414,0.68257801288355,0.11491798609495163,0.00561604918812668,0.7589155730410883,0.00561604918812668,0.0,-0.0,False,False,18,1.0,50,0.096,0.1,0.036,0.9422991871833801,0.8420724868774414,0,False
133,16.700334289111197,16.68,0.10000000000000142,159,1.5837375047530284,-1.673214150737696,-1.7005824478532385,0.668983169682067,0.11262917518615723,0.0048016562516861455,0.7637172292927744,0.0048016562516861455,0.0,-0.0,False,False,18,1.0,50,0.116,0.1,0.036,0.9242713451385498,0.8211595416069031,0,False
134,16.901332571171224,16.880000000000003,0.20099999999999696,318,1.584703216141158,-1.713176782735963,-1.4053885783164277,0.6512644554439809,0.10964607447385788,0.006258194650149748,0.7699754239429242,0.006258194650149748,0.0,-0.0,False,False,18,1.0,50,0.156,0.1,0.036,0.9246046543121338,0.5697494149208069,0,False
135,17.00291898706928,17.0,0.10100000000000264,160,1.5902444173012142,-1.7367383239549363,-1.2812846185786773,0.6462934264302818,0.10880915820598602,0.0017557519558841189,0.7717311758988082,0.0017557519558841189,0.0,-0.0,False,False,18,1.0,50,0.18,0.1,0.036,0.9274930357933044,0.3904888927936554,0,False
136,17.203896349063143,17.200000000000003,0.2010000000000005,310,1.6040756460360763,-1.7746162793908848,-1.2143787986338275,0.6447520529599656,0.10854965448379517,0.0005444083061670932,0.7722755842049753,0.0005444083061670932,0.0,-0.0,True,True,19,1.0,50,0.02,0.1,0.038,0.9999984502792358,-0.8101369142532349,0,False
137,17.40328790503554,17.4,0.1999999999999993,312,1.6133778091128002,-1.8167278198534518,-1.513243264839423,0.6401726735360539,0.10777867585420609,0.0016174225413110991,0.7738930067462865,0.0016174225413110991,0.0,-0.0,False,False,19,1.0,50,0.06,0.1,0.038,0.9999993443489075,-0.8240451812744141,0,False
138,17.60382089111954,17.6,0.1999999999999993,318,1.6087961652874776,-1.86090190075885,-1.8346080116102594,0.6244846071032772,0.10513745248317719,0.005540976173641479,0.7794339829199279,0.005540976173641479,0.0,-0.0,False,False,19,1.0,50,0.1,0.1,0.038,0.9999997615814209,-0.7488104701042175,0,False
139,17.703810611041263,17.700000000000003,0.10000000000000142,159,1.6014243173782219,-1.8819050376650754,-1.9807937617839348,0.6129091711426058,0.10318862646818161,0.004088407907528297,0.7835223908274562,0.004088407907528297,0.0,-0.0,False,False,19,1.0,50,0.12,0.1,0.038,0.9999997019767761,-0.6414708495140076,0,False
140,17.90434767701663,17.9,0.1999999999999993,314,1.5788606919250805,-1.9201105620825225,-2.2258529094347654,0.5843475163122283,0.09838002175092697,0.010087887476320653,0.7936102783037768,0.010087887476320653,0.0,-0.0,False,False,19,1.0,50,0.16,0.1,0.038,0.9999993443489075,-0.6004929542541504,0,False
141,18.10464725503698,18.1,0.1999999999999993,316,1.5478951281093,-1.951861214192752,-2.4622130103125652,0.5500058216036424,0.09259829670190811,0.012129379548341493,0.8057396578521183,0.012129379548341493,0.0,-0.0,True,True,20,1.0,50,0.0,0.1,0.04,0.9999960064888,-0.5856722593307495,0,False
142,18.204580886056647,18.200000000000003,0.10000000000000142,156,1.5298632052622312,-1.9647258421657294,-2.5758553570129497,0.5310360413877833,0.08940456807613373,0.006700067254667238,0.8124397251067855,0.006700067254667238,0.0,-0.0,False,False,20,1.0,50,0.02,0.1,0.04,0.8347586393356323,0.2737264037132263,0,False
143,18.40417266008444,18.4,0.1999999999999993,316,1.497157109530004,-1.9860248945263728,-2.5271031903606853,0.4973535128531957,0.08373381942510605,0.011896564109916028,0.8243362892167015,0.011896564109916028,0.0,-0.0,False,False,20,1.0,50,0.06,0.1,0.04,0.758413553237915,0.1005447506904602,0,False
144,18.604787255171686,18.6,0.1999999999999993,319,1.472198905053756,-2.003969627723954,-2.520208440531879,0.47221558350461573,0.07950162887573242,0.008878638305875116,0.8332149275225766,0.008878638305875116,0.0,-0.0,False,False,20,1.0,50,0.1,0.1,0.04,0.6316753029823303,-0.06827317178249359,0,False
145,18.704872264061123,18.700000000000003,0.10000000000000142,157,1.4609655479985197,-2.0118934218583995,-2.5355656221533844,0.46111893363568557,0.07763341069221497,0.003919302152018064,0.8371342296745947,0.003919302152018064,0.0,-0.0,False,False,20,1.0,50,0.12,0.1,0.04,0.6148366928100586,-0.09025479853153229,0,False
146,18.90472173714079,18.9,0.1999999999999993,315,1.438502701747184,-2.026857816234477,-2.573640520360463,0.43932445266654446,0.07396411895751953,0.007697742757806488,0.8448319724324012,0.007697742757806488,0.0,-0.0,False,False,20,1.0,50,0.16,0.1,0.04,0.6115795373916626,-0.10182914137840271,0,False
147,19.10503602400422,19.1,0.1999999999999993,313,1.4154385710306914,-2.0409337160784498,-2.6148533935031444,0.4174503141537178,0.07028141617774963,0.007725877553990821,0.852557849986392,0.007725877553990821,0.0,-0.0,True,True,21,1.0,50,0.0,0.1,0.042,0.6144046783447266,-0.10704465955495834,0,False
148,19.205816398141906,19.200000000000003,0.10099999999999909,160,1.403274192339804,-2.048091351586201,-2.5849792776684724,0.40613155250047767,0.06837580353021622,0.003997751342045414,0.8565556013284373,0.003997751342045414,0.0,-0.0,False,False,21,1.0,50,0.02,0.1,0.042,-0.21763597428798676,-0.9739812612533569,0,False
149,19.305373872164637,19.300000000000004,0.10000000000000142,156,1.395174621603959,-2.0530446852111135,-2.6088830705036576,0.39871884275605135,0.06712780892848969,0.002618145980703663,0.859173747309141,0.002618145980703663,0.0,-0.0,False,False,21,1.0,50,0.04,0.1,0.042,-0.21323317289352417,-0.9722660183906555,0,False
150,19.50563349109143,19.5,0.1999999999999993,314,1.3911016740381628,-2.0553868666514097,-2.83385312566992,0.3950041017146558,0.0665023997426033,0.0013120349591723367,0.8604857822683133,0.0013120349591723367,0.0,-0.0,False,False,21,1.0,50,0.08,0.1,0.042,-0.14029419422149658,-0.8992706537246704,0,False
151,19.606328265042976,19.6,0.10099999999999909,158,1.3936870632113225,-2.05483010928742,-3.0092389817532204,0.3974868945887628,0.06692039966583252,-0.0008769147057391039,0.8596088675625742,-0.0008769147057391039,0.0,-0.0,False,False,21,1.0,50,0.1,0.1,0.042,-0.09723466634750366,-0.7022262811660767,0,False
152,19.70668218214996,19.700000000000003,0.10000000000000142,158,1.396188803345129,-2.0546976233893792,-3.1401734170791977,0.39994676379196475,0.06733454018831253,-0.0008688181366149467,0.8587400494259592,-0.0008688181366149467,0.0,-0.0,False,False,21,1.0,50,0.12,0.1,0.042,0.2082013338804245,0.005238261539489031,0,False
153,19.80759184504859,19.800000000000004,0.10099999999999909,157,1.3954794992914576,-2.0546681099976967,3.1018939877527085,0.39924006861690076,0.06721556186676025,0.0002496025334821297,0.8589896519594413,0.0002496025334821297,0.0,-0.0,False,False,21,1.0,50,0.14,0.1,0.042,0.2650565207004547,0.06632789969444275,0,False
154,19.907344256993383,19.9,0.10000000000000142,157,1.3901744702584327,-2.0544724915863397,3.112473592225559,0.3939585964537824,0.06632637977600098,0.0018653995087914734,0.8608550514682328,0.0018653995087914734,0.0,-0.0,False,False,21,1.0,50,0.16,0.1,0.042,0.25033360719680786,0.04512570798397064,0,False
155,20.008562587201595,20.0,0.10099999999999909,160,1.3848005306326483,-2.0543324276440185,3.1194629232011346,0.3886173811328999,0.06542713940143585,0.0018865006059297135,0.8627415520741626,0.0018865006059297135,0.0,-0.0,False,False,21,1.0,50,0.18,0.1,0.042,0.22862060368061066,0.02851557731628418,0,False
156,20.109350951155648,20.1,0.10099999999999909,157,1.3798540017784022,-2.054240686788017,3.125049971059167,0.38370706886916545,0.06460044533014297,0.0017343069890147441,0.8644758590631774,0.0017343069890147441,0.0,-0.0,True,True,22,1.0,50,0.0,0.1,0.044,-0.7879053950309753,-1.0,0,False
157,20.209416350116953,20.200000000000003,0.10000000000000142,153,1.3779371771491284,-2.05421075059787,3.1365219529352566,0.38180533352205387,0.06428027153015137,0.0006716869980166203,0.865147546061194,0.0006716869980166203,0.0,-0.0,False,False,22,1.0,50,0.02,0.1,0.044,-0.7841213345527649,-1.0,0,False
158,20.410637761000544,20.4,0.2010000000000005,317,1.3907781358895313,-2.0550843367294234,3.0046157698057905,0.3946413943657407,0.06644133478403091,-0.004533656687587896,0.8606138893736062,-0.004533656687587896,0.0,-0.0,False,False,22,1.0,50,0.06,0.1,0.044,-0.7801058888435364,-1.0,0,False
159,20.511641982011497,20.5,0.10099999999999909,159,1.4041536478502479,-2.0580309764065507,2.8454891748374176,0.4082986359764441,0.06874065101146698,-0.004823695175363871,0.8557901941982423,-0.004823695175363871,0.0,-0.0,False,False,22,1.0,50,0.08,0.1,0.044,-0.7767311334609985,-1.0,0,False
160,20.611568853026256,20.6,0.10000000000000142,152,1.4196574548283174,-2.0645629832092984,2.6449985033596533,0.4245947992468783,0.07148425281047821,-0.005755754081624298,0.850034440116618,-0.005755754081624298,0.0,-0.0,False,False,22,1.0,50,0.1,0.1,0.044,-0.8116848468780518,-1.0,0,False
161,20.712718904018402,20.700000000000003,0.10099999999999909,157,1.4342400900693917,-2.074478428119073,2.4464486067342257,0.44058087340142094,0.0741756483912468,-0.00564623157225558,0.8443882085443624,-0.00564623157225558,0.0,-0.0,False,False,22,1.0,50,0.12,0.1,0.044,-0.850863516330719,-1.0,0,False
162,20.81368982605636,20.800000000000004,0.10099999999999909,157,1.4471421143984602,-2.0876457096512957,2.2483879572057415,0.45565101856615203,0.07671283930540085,-0.005322728307462553,0.8390654802368999,-0.005322728307462553,0.0,-0.0,False,False,22,1.0,50,0.14,0.1,0.044,-0.872871994972229,-1.0,0,False
163,20.914366390090436,20.9,0.10099999999999909,158,1.4574330494600234,-2.103453729312251,2.05025567462863,0.4689857798875016,0.07895786315202713,-0.00470979614214424,0.8343556840947556,-0.00470979614214424,0.0,-0.0,False,False,22,1.0,50,0.16,0.1,0.044,-0.8843185305595398,-1.0,0,False
164,21.01465443801135,21.0,0.10000000000000142,156,1.464492396212774,-2.1211845607636843,1.8519582305907283,0.4800405210376149,0.0808190256357193,-0.00390450012313661,0.830451183971619,-0.00390450012313661,0.0,-0.0,False,False,22,1.0,50,0.18,0.1,0.044,-0.8870949149131775,-1.0,0,False
165,21.115547971101478,21.1,0.10099999999999909,157,1.4679250406325084,-2.1399732300386045,1.6536513020844719,0.48841208633706107,0.08222845196723938,-0.00295681077455158,0.8274943731970674,-0.00295681077455158,0.0,-0.0,True,True,23,1.0,50,0.0,0.1,0.046,0.7220374941825867,-0.40038007497787476,0,False
166,21.215577511116862,21.200000000000003,0.10000000000000142,157,1.4678845455928995,-2.153042207813068,1.4556490647044724,0.4922782209656502,0.08287934958934784,-0.0013655067023649245,0.8261288664947025,-0.0013655067023649245,0.0,-0.0,False,False,23,1.0,50,0.02,0.1,0.046,0.7262288928031921,-0.39997386932373047,0,False
167,21.41661459300667,21.4,0.2010000000000005,314,1.4703284397802396,-2.149299147618406,1.062588149633143,0.49345626752837823,0.08307768404483795,-0.00041608237468184156,0.8257127841200207,-0.00041608237468184156,0.0,-0.0,False,False,23,1.0,50,0.06,0.1,0.046,0.7813672423362732,-0.45094162225723267,0,False
168,21.617863493040204,21.6,0.1980000000000004,313,1.4890750953035896,-2.1250045658145544,0.812650124206048,0.504797554564805,0.0849870890378952,-0.004005707237188652,0.8217070768828321,-0.004005707237188652,0.0,-0.0,False,False,23,1.0,50,0.1,0.1,0.046,0.8196999430656433,-0.5585440993309021,0,False
169,21.817379028070718,21.800000000000004,0.1999999999999993,310,1.5172355058850329,-2.101420765067403,0.5775219276855512,0.5270851157293599,0.08873939514160156,-0.007871897146187584,0.8138351797366444,-0.007871897146187584,0.0,-0.0,False,False,23,1.0,50,0.14,0.1,0.046,0.8294886946678162,-0.6488677263259888,0,False
170,21.91841310914606,21.9,0.10099999999999909,159,1.5332899723997546,-2.092378186653194,0.44715903229622816,0.5412318529460113,0.0911211222410202,-0.004996583497916686,0.8088385962387278,-0.004996583497916686,0.0,-0.0,False,False,23,1.0,50,0.16,0.1,0.046,0.8118669390678406,-0.7429879307746887,0,False
171,22.018574638059363,22.0,0.10000000000000142,157,1.5500544965067384,-2.0858109154910687,0.29517827850768713,0.5567077205332476,0.09372662007808685,-0.005466028202694798,0.803372568036033,-0.005466028202694798,0.0,-0.0,False,False,23,1.0,50,0.18,0.1,0.046,0.7788075804710388,-0.8676316142082214,0,False
172,22.219104105141014,22.200000000000003,0.1999999999999993,311,1.585122822178241,-2.081274088078452,0.03254975718680431,0.5907403882265243,0.0994563177227974,-0.01202023216958857,0.7913523358664444,-0.01202023216958857,0.0,-0.0,True,True,24,1.0,50,0.02,0.1,0.048,0.9891762733459473,-0.024556489661335945,0,False
173,22.419351094169542,22.4,0.1999999999999993,314,1.6284608396605773,-2.080261481089871,0.014812590586528653,0.633565257304098,0.10666625946760178,-0.015125610298435795,0.7762267255680085,-0.015125610298435795,0.0,-0.0,False,False,24,1.0,50,0.06,0.1,0.048,0.9912322163581848,-0.049037810415029526,0,False
174,22.519618642050773,22.5,0.10000000000000142,158,1.6502915260747162,-2.08002494842626,0.005612618119807218,0.6551969713589748,0.11030814796686172,-0.007640253990936461,0.768586471577072,-0.007640253990936461,0.0,-0.0,False,False,24,1.0,50,0.08,0.1,0.048,0.9920382499694824,-0.061269257217645645,0,False
175,22.71943490416743,22.700000000000003,0.1999999999999993,315,1.6940339604806962,-2.0803558465872922,-0.02259803129018039,0.6986702970963401,0.11762726306915283,-0.015354643169818697,0.7532318284072533,-0.015354643169818697,0.0,-0.0,False,False,24,1.0,50,0.12,0.1,0.048,0.9936440587043762,-0.09357508271932602,0,False
176,22.919833292020485,22.9,0.1999999999999993,317,1.7378458598698274,-2.082223702477446,-0.06518591784111308,0.7424131308565083,0.1249917522072792,-0.015449832563575731,0.7377819958436777,-0.015449832563575731,0.0,-0.0,False,False,24,1.0,50,0.16,0.1,0.048,0.9951109290122986,-0.1337774395942688,0,False
177,23.01955814519897,23.0,0.10000000000000142,161,1.7597440249806797,-2.083941828834219,-0.09252856464383508,0.7643672366923571,0.12868791818618774,-0.007754121763271432,0.7300278740804063,-0.007754121763271432,0.0,-0.0,False,False,24,1.0,50,0.18,0.1,0.048,0.9957262873649597,-0.1566690057516098,0,False
178,23.21961502614431,23.200000000000003,0.1999999999999993,318,1.802841147080075,-2.0897110521168574,-0.2143996918118841,0.8078378629240752,0.13600657880306244,-0.01535368971283689,0.7146741843675694,-0.01535368971283689,0.0,-0.0,True,True,25,1.0,50,0.02,0.1,0.05,0.9508092403411865,-0.5032382607460022,0,False
179,23.42006124299951,23.4,0.1999999999999993,320,1.842936964066609,-2.1025294134288,-0.4064594908875424,0.8491495927051501,0.1429617702960968,-0.014591174214471791,0.7000830101530976,-0.014591174214471791,0.0,-0.0,False,False,25,1.0,50,0.06,0.1,0.05,0.9461663961410522,-0.4807601869106293,0,False
180,23.519755306188017,23.5,0.10000000000000142,160,1.8617941889349812,-2.1117307443692694,-0.5023036623759944,0.8690068907202395,0.1463049203157425,-0.0070135357754878185,0.6930694743776098,-0.0070135357754878185,0.0,-0.0,False,False,25,1.0,50,0.08,0.1,0.05,0.947350800037384,-0.4776872992515564,0,False
181,23.719741217093542,23.700000000000003,0.1999999999999993,321,1.896677694045564,-2.1354243651071716,-0.6912556812245519,0.9068465251888234,0.1526755541563034,-0.013364840970565452,0.6797046334070443,-0.013364840970565452,0.0,-0.0,False,False,25,1.0,50,0.12,0.1,0.05,0.9630435109138489,-0.46648454666137695,0,False
182,23.920272424118593,23.900000000000006,0.19999999999999574,321,1.9270000581367341,-2.1656382459879455,-0.8749105586899906,0.9416820966682599,0.15854042768478394,-0.012303815284684444,0.6674008181223599,-0.012303815284684444,0.0,-0.0,False,False,25,1.0,50,0.16,0.1,0.05,0.9734967947006226,-0.45488008856773376,0,False
183,24.020022846991196,24.0,0.10000000000000142,156,1.940077059167465,-2.1828186554704487,-0.9645832636598548,0.957688660513206,0.1612352728843689,-0.005653468467051871,0.661747349655308,-0.005653468467051871,0.0,-0.0,False,False,25,1.0,50,0.18,0.1,0.05,0.9797137379646301,-0.4234788417816162,0,False
184,24.12024729512632,24.1,0.10000000000000142,156,1.9516898863396364,-2.2011691875883264,-1.047252309790107,0.9727192424312399,0.1637658029794693,-0.005308754692024306,0.6564385949632837,-0.005308754692024306,0.0,-0.0,True,True,26,1.0,50,0.0,0.1,0.052,0.9982900619506836,-0.5419250726699829,0,False
185,24.2199813881889,24.200000000000003,0.10000000000000142,155,1.9617044116871387,-2.220708448004049,-1.157435062419139,0.9867054254431739,0.1661204993724823,-0.004939876253162907,0.6514987187101208,-0.004939876253162907,0.0,-0.0,False,False,26,1.0,50,0.02,0.1,0.052,0.9980681538581848,-0.5880588889122009,0,False
186,24.320397915085778,24.300000000000004,0.10000000000000142,161,1.9694829746872677,-2.2414560367480187,-1.2724382824837768,0.9990987231065417,0.16820701956748962,-0.00437727411212993,0.6471214445979908,-0.00437727411212993,0.0,-0.0,False,False,26,1.0,50,0.04,0.1,0.052,0.9977710247039795,-0.6323728561401367,0,False
187,24.52040524617769,24.5,0.19999999999999574,317,1.9770075982714788,-2.2850697882597957,-1.532464928689851,1.0177468196084838,0.17134658992290497,-0.0065864495694094236,0.6405349950285814,-0.0065864495694094236,0.0,-0.0,False,False,26,1.0,50,0.08,0.1,0.052,0.9967408180236816,-0.7025718092918396,0,False
188,24.620396916987374,24.6,0.10000000000000142,160,1.9763036183237426,-2.307235948537663,-1.6744762193717013,1.0235050864247515,0.1723160445690155,-0.0020338018943971553,0.6385011931341842,-0.0020338018943971553,0.0,-0.0,False,False,26,1.0,50,0.1,0.1,0.052,0.9951446056365967,-0.762261152267456,0,False
189,24.720559476176277,24.700000000000003,0.10000000000000142,160,1.9723489077905796,-2.3290385995910916,-1.8280309627142541,1.0265129552743193,0.17282244563102722,-0.001062369903920908,0.6374388232302632,-0.001062369903920908,0.0,-0.0,False,False,26,1.0,50,0.12,0.1,0.052,0.9922287464141846,-0.8542961478233337,0,False
190,24.820177240064368,24.800000000000004,0.10000000000000142,158,1.9649240252248348,-2.3498920614889887,-2.0042245984495697,1.0264028508472693,0.17280390858650208,3.888854050372882e-05,0.637477711770767,3.888854050372882e-05,0.0,-0.0,False,False,26,1.0,50,0.14,0.1,0.052,0.9908839464187622,-0.9702503085136414,0,False
191,25.020472379168496,25.0,0.19999999999999574,322,1.939088404345879,-2.3855119092290487,-2.3941603294334763,1.0151386546114538,0.17090748250484467,0.0039784790066591455,0.6414561907774261,0.0039784790066591455,0.0,-0.0,False,False,26,1.0,50,0.18,0.1,0.052,0.9871458411216736,-0.9917883276939392,0,False
192,25.120305051095784,25.1,0.10000000000000142,159,1.921517374006139,-2.398853788000212,-2.5908486771540216,1.0041307786495424,0.16905421018600464,0.0038879474847147624,0.6453441382621409,0.0038879474847147624,0.0,-0.0,True,True,27,1.0,50,0.0,0.1,0.054,0.9177128076553345,-0.2939602732658386,0,False
193,25.220677078003064,25.200000000000003,0.10000000000000142,159,1.9031192128827632,-2.408411190277754,-2.6964694810095233,0.9911730630349711,0.16687266528606415,0.004576624773538382,0.6499207630356792,0.004576624773538382,0.0,-0.0,False,False,27,1.0,50,0.02,0.1,0.054,0.8902372717857361,-0.29198041558265686,0,False
194,25.320360792102292,25.300000000000004,0.10000000000000142,160,1.8851421539937545,-2.4163875159138333,-2.7579734742514543,0.9781897684980387,0.16468681395053864,0.004585659169201966,0.6545064222048812,0.004585659169201966,0.0,-0.0,False,False,27,1.0,50,0.04,0.1,0.054,0.8762794733047485,-0.29064303636550903,0,False
195,25.52073939004913,25.5,0.19999999999999574,321,1.8488042549096726,-2.42883871695324,-2.8691560240461826,0.9509844161114811,0.16010655462741852,0.009608845679955208,0.6641152678848364,0.009608845679955208,0.0,-0.0,False,False,27,1.0,50,0.08,0.1,0.054,0.8494254350662231,-0.282336562871933,0,False
196,25.621384425088763,25.6,0.10099999999999909,161,1.830630655321433,-2.4333719789904817,-2.924741779208119,0.9368876861305879,0.1577332466840744,0.004978921098089834,0.6690941889829263,0.004978921098089834,0.0,-0.0,False,False,27,1.0,50,0.1,0.1,0.054,0.8385100960731506,-0.2754024267196655,0,False
197,25.722641185158864,25.700000000000003,0.1010000000000062,163,1.812463510886879,-2.4368511821688106,-2.9793195771047856,0.9224618819858914,0.15530453622341156,0.0050951490672158295,0.6741893380501421,0.0050951490672158295,0.0,-0.0,False,False,27,1.0,50,0.12,0.1,0.054,0.8288865685462952,-0.26805928349494934,0,False
198,25.923369360156357,25.900000000000006,0.2009999999999934,322,1.7764182944609535,-2.4408298991330453,-3.0839342479337644,0.8928361793886381,0.15031678974628448,0.010463705831574226,0.6846530438817163,0.010463705831574226,0.0,-0.0,False,False,27,1.0,50,0.16,0.1,0.054,0.8058597445487976,-0.2540958821773529,0,False
199,26.024007295025513,26.0,0.10000000000000142,161,1.7586725915183254,-2.4414115239462326,-3.1340905059690525,0.8777404553015458,0.1477752923965454,0.0053317627031261965,0.6899848065848425,0.0053317627031261965,0.0,-0.0,False,False,27,1.0,50,0.18,0.1,0.054,0.7938823699951172,-0.24722516536712646,0,False
200,26.12370658805594,26.1,0.10000000000000142,159,1.7411813251238748,-2.4411200173947245,3.1002872633989296,0.8625176331780839,0.14521239697933197,0.005376653333482554,0.6953614599183251,0.005376653333482554,0.0,-0.0,True,True,28,1.0,50,0.0,0.1,0.056,0.9956300258636475,-0.11457766592502594,0,False
201,26.22402623598464,26.200000000000003,0.10000000000000142,160,1.7201543029859596,-2.439731474950843,3.0588034933568036,0.8437926228922942,0.14205987751483917,0.00661361527816969,0.7019750751964948,0.00661361527816969,0.0,-0.0,False,False,28,1.0,50,0.02,0.1,0.056,0.9958001971244812,-0.11609119176864624,0,False
202,26.324222795199603,26.300000000000004,0.10000000000000142,160,1.6983037464185777,-2.4377570392957444,3.0371425823390457,0.824171907781951,0.13875655829906464,0.006929975430820288,0.7089050506273151,0.006929975430820288,0.0,-0.0,False,False,28,1.0,50,0.04,0.1,0.056,0.995874285697937,-0.11620933562517166,0,False
203,26.524239106103778,26.5,0.19999999999999574,319,1.654752955220642,-2.432254167811332,2.9937007609295634,0.7845667966201489,0.13208869099617004,0.013988401836664503,0.7228934524639796,0.013988401836664503,0.0,-0.0,False,False,28,1.0,50,0.08,0.1,0.056,0.9960395693778992,-0.10901940613985062,0,False
204,26.624897081172094,26.6,0.10099999999999909,159,1.6330739053818353,-2.4287767348229496,2.9720340331390185,0.7646123164017631,0.1287291795015335,0.007047860226832737,0.7299413126908124,0.007047860226832737,0.0,-0.0,False,False,28,1.0,50,0.1,0.1,0.056,0.9961183667182922,-0.10469304025173187,0,False
205,26.725274559110403,26.700000000000003,0.10000000000000142,159,1.611469751203527,-2.4248438926038784,2.951281070851481,0.7445720715613424,0.12535522878170013,0.007078152024057877,0.7370194647148703,0.007078152024057877,0.0,-0.0,False,False,28,1.0,50,0.12,0.1,0.056,0.9961823225021362,-0.10065007209777832,0,False
206,26.82500055199489,26.800000000000004,0.10000000000000142,157,1.5899470209629203,-2.420473723727706,2.9314320848028923,0.7244553997331745,0.12196841090917587,0.007105145797952527,0.7441246105128229,0.007105145797952527,0.0,-0.0,False,False,28,1.0,50,0.14,0.1,0.056,0.9962276220321655,-0.09692304581403732,0,False
207,26.925415059085935,26.900000000000006,0.10000000000000142,158,1.568511185014543,-2.4156836825198438,2.9123436682917165,0.7042711960096376,0.1185702234506607,0.007128997852939925,0.7512536083657628,0.007128997852939925,0.0,-0.0,False,False,28,1.0,50,0.16,0.1,0.056,0.9962984323501587,-0.0933770015835762,0,False
208,27.025342100067064,27.0,0.10000000000000142,159,1.5471658783733777,-2.410492396263278,2.8939419511064006,0.6840281342121552,0.11516212671995163,0.007149786341231689,0.7584033947069945,0.007149786341231689,0.0,-0.0,False,False,28,1.0,50,0.18,0.1,0.056,0.9963786005973816,-0.09002377092838287,0,False
209,27.225006035063416,27.200000000000003,0.19999999999999574,314,1.5047263302876182,-2.398902586262571,2.8509903762969566,0.6433287939252588,0.1083100363612175,0.014374880153583475,0.7727782748605779,0.014374880153583475,0.0,-0.0,True,True,29,1.0,50,0.02,0.1,0.058,0.9985809922218323,-0.1311735212802887,0,False
210,27.32535813213326,27.300000000000004,0.10000000000000142,160,1.4837060022920703,-2.392335419559533,2.8258692349413335,0.6228150292418182,0.10485636442899704,0.007245397756931497,0.7800236726175094,0.007245397756931497,0.0,-0.0,False,False,29,1.0,50,0.04,0.1,0.058,0.9984044432640076,-0.12791593372821808,0,False
211,27.42506842617877,27.400000000000006,0.10000000000000142,154,1.4628743470654937,-2.3852372555213024,2.8007050596608,0.6022129331932685,0.10138782113790512,0.0072765961198114635,0.7873002687373208,0.0072765961198114635,0.0,-0.0,False,False,29,1.0,50,0.06,0.1,0.058,0.9981897473335266,-0.12396685034036636,0,False
212,27.525616052094847,27.5,0.10000000000000142,156,1.4422401600505734,-2.37763049797158,2.7761095016177566,0.581533436564771,0.09790624678134918,0.007303933763437268,0.7946042025007581,0.007303933763437268,0.0,-0.0,False,False,29,1.0,50,0.08,0.1,0.058,0.9979552030563354,-0.12009724229574203,0,False
213,27.725613033166155,27.700000000000003,0.19999999999999574,315,1.4015641414598448,-2.3609582103485898,2.729391374615511,0.5399487026798092,0.0909050926566124,0.014687598413172466,0.8092918009139306,0.014687598413172466,0.0,-0.0,False,False,29,1.0,50,0.12,0.1,0.058,0.997463583946228,-0.11184368282556534,0,False
214,27.8254630852025,27.800000000000004,0.10000000000000142,157,1.3815270810467186,-2.3519334558226337,2.7073788086520874,0.5190569186973896,0.08738777786493301,0.0073789129952685495,0.8166707139091991,0.0073789129952685495,0.0,-0.0,False,False,29,1.0,50,0.14,0.1,0.058,0.9972915649414062,-0.10715357214212418,0,False
215,27.92552071600221,27.900000000000006,0.10000000000000142,160,1.3616907634689692,-2.3424796653894218,2.686294306046569,0.4981089318924807,0.08386100083589554,0.007398763657020828,0.82406947756622,0.007398763657020828,0.0,-0.0,False,False,29,1.0,50,0.16,0.1,0.058,0.9972450137138367,-0.10258262604475021,0,False
216,28.025353588163853,28.0,0.10000000000000142,159,1.3420533522976628,-2.332618252394509,2.666109025364526,0.4771115131562958,0.0803259015083313,0.0074162228610974434,0.8314857004273174,0.0074162228610974434,0.0,-0.0,False,False,29,1.0,50,0.18,0.1,0.058,0.9972121715545654,-0.09817209094762802,0,False
217,28.22534213005565,28.200000000000003,0.19999999999999574,321,1.3033265514554073,-2.3119502339991294,2.663994011586022,0.4351091082172759,0.07325442880392075,0.014835118527832406,0.8463208189551498,0.014835118527832406,0.0,-0.0,True,True,30,1.0,50,0.02,0.1,0.06,0.9998013973236084,0.18127648532390594,0,False
218,28.325400240020826,28.300000000000004,0.10000000000000142,160,1.2836566069681443,-2.30223454338372,2.697596310058273,0.41449581585841927,0.0697840005159378,0.007280550621719603,0.8536013695768694,0.007280550621719603,0.0,-0.0,False,False,30,1.0,50,0.04,0.1,0.06,0.9996967911720276,0.16872438788414001,0,False
219,28.42669051908888,28.400000000000006,0.10099999999999909,162,1.2636716797594683,-2.293183335591603,2.7323889746977614,0.39430855859570774,0.06638529896736145,0.007130076353460328,0.8607314459303297,0.007130076353460328,0.0,-0.0,False,False,30,1.0,50,0.06,0.1,0.06,0.9994940757751465,0.16937847435474396,0,False
220,28.527364233974367,28.5,0.10099999999999909,162,1.2433988081368352,-2.2848006721766505,2.7669240203008227,0.37463903111276164,0.06307376176118851,0.006947215808704385,0.8676786617390341,0.006947215808704385,0.0,-0.0,False,False,30,1.0,50,0.08,0.1,0.06,0.9991098046302795,0.17637306451797485,0,False
221,28.628686684183776,28.6,0.10099999999999909,161,1.2228655183019081,-2.277124926480779,2.8024631837347735,0.35562236358160537,0.05987213924527168,0.006716627708310177,0.8743952894473442,0.006716627708310177,0.0,-0.0,False,False,30,1.0,50,0.1,0.1,0.06,0.9987073540687561,0.19075807929039001,0,False
222,28.730018363101408,28.720000000000006,0.1010000000000062,162,1.1978989972186536,-2.268938609289244,2.8489541993425394,0.3339041547105432,0.056215688586235046,0.007670803690459987,0.8820660931378043,0.007670803690459987,0.0,-0.0,False,False,30,1.0,50,0.124,0.1,0.06,0.9986803531646729,0.209402397274971,0,False
223,28.92965324805118,28.92,0.19999999999999574,319,1.1555170632394203,-2.2580980168128004,2.934955802262047,0.3043419347501882,0.05123862996697426,0.010441283962059537,0.8925073770998638,0.010441283962059537,0.0,-0.0,False,False,30,1.0,50,0.16,0.1,0.06,0.9988647103309631,0.22510313987731934,0,False
224,29.03003696515225,29.020000000000003,0.10000000000000142,160,1.1340082396611828,-2.2540896622914963,2.9807594460160103,0.2872625386814655,0.04836316406726837,0.006032389465106867,0.8985397665649707,0.006032389465106867,0.0,-0.0,False,False,30,1.0,50,0.184,0.1,0.06,0.9989176392555237,0.2411561906337738,0,False
225,29.130261834012344,29.120000000000005,0.10000000000000142,158,1.112334481774246,-2.2511094401549276,3.0299597619988567,0.2750908660063074,0.04631395637989044,0.004298996856968139,0.9028387634219388,0.004298996856968139,0.0,-0.0,True,True,31,1.0,50,0.004,0.1,0.062,0.9984828233718872,-0.21178612112998962,0,False
226,29.23041887418367,29.220000000000006,0.10000000000000142,159,1.090455047303659,-2.2486557050199503,3.005674925588227,0.2645973786327454,0.04454728588461876,0.0037062670383544295,0.9065450304602932,0.0037062670383544295,0.0,-0.0,False,False,31,1.0,50,0.024,0.1,0.062,0.9971827864646912,-0.20935004949569702,0,False
227,29.43051051418297,29.42,0.19999999999999574,320,1.047138346421006,-2.2410334731351873,2.927079019637289,0.2455995855140235,0.04134884104132652,0.006709961324658728,0.913254991784952,0.006709961324658728,0.0,-0.0,False,False,31,1.0,50,0.064,0.1,0.062,0.9944472908973694,-0.20817039906978607,0,False
228,29.530059359036386,29.520000000000003,0.10000000000000142,160,1.025798597923123,-2.2359091742518014,2.8850539538988134,0.2388997665313923,0.04022086784243584,0.0023663551852960763,0.915621346970248,0.0023663551852960763,0.0,-0.0,False,False,31,1.0,50,0.08,0.1,0.062,0.9917618036270142,-0.2076718807220459,0,False
229,29.630528666079044,29.620000000000005,0.10000000000000142,158,1.004759426833953,-2.229932936721504,2.843600642116024,0.22998219302417242,0.03871951624751091,0.003149659171952932,0.918771006142201,0.003149659171952932,0.0,-0.0,False,False,31,1.0,50,0.104,0.1,0.062,0.9887864589691162,-0.20746217668056488,0,False
230,29.73063615616411,29.720000000000006,0.10000000000000142,161,0.9840311514652091,-2.223115699935855,2.8024484211950798,0.22368643693188636,0.03765957057476044,0.0022236414316509833,0.920994647573852,0.0022236414316509833,0.0,-0.0,False,False,31,1.0,50,0.124,0.1,0.062,0.9878025054931641,-0.20752906799316406,0,False
231,29.93019248219207,29.92,0.19999999999999574,321,0.9435733323287503,-2.2069575062279756,2.7199544145997288,0.21521054237730758,0.03623257949948311,0.0029936595423319004,0.9239883071161838,0.0029936595423319004,0.0,-0.0,False,False,31,1.0,50,0.16,0.1,0.062,0.9868837594985962,-0.20834654569625854,0,False
232,30.030605419073254,30.020000000000003,0.10000000000000142,160,0.923883274839857,-2.197636549282475,2.678536635568648,0.21178754708966047,0.035656288266181946,0.0012089912681471713,0.9251972983843311,0.0012089912681471713,0.0,-0.0,False,False,31,1.0,50,0.184,0.1,0.062,0.9869840145111084,-0.20892387628555298,0,False
233,30.13094245712273,30.120000000000005,0.10000000000000142,158,0.9045911175564348,-2.187502733168954,2.636998204388057,0.21055497936369877,0.03544877469539642,0.0004353390796257892,0.9256326374639569,0.0004353390796257892,0.0,-0.0,True,True,32,1.0,50,0.0,0.1,0.064,0.9992528557777405,-0.14820179343223572,0,False
234,30.23129419516772,30.220000000000006,0.10000000000000142,159,0.8853983551850692,-2.176561194740288,2.6104866399714335,0.21049322264024697,0.035438377410173416,2.1812282264028815e-05,0.9256544497462209,2.1812282264028815e-05,0.0,-0.0,False,False,32,1.0,50,0.024,0.1,0.064,0.9991428256034851,-0.13668854534626007,0,False
235,30.431086368160322,30.42,0.19999999999999574,319,0.8480089194430513,-2.153239826648666,2.560064814894237,0.2149924134701819,0.03619585558772087,-0.0015891001798188592,0.9240653495664021,-0.0015891001798188592,0.0,-0.0,False,False,32,1.0,50,0.06,0.1,0.064,0.9990094304084778,-0.10895881801843643,0,False
236,30.531640294007957,30.520000000000003,0.10000000000000142,159,0.8297375324547899,-2.140952497324322,2.5394393364698504,0.2210360091825121,0.03721334785223007,-0.0021345791712851963,0.9219307703951168,-0.0021345791712851963,0.0,-0.0,False,False,32,1.0,50,0.084,0.1,0.064,0.9989836812019348,-0.09438695758581161,0,False
237,30.631612436147407,30.620000000000005,0.10000000000000142,158,0.8117174088255199,-2.1283218628521183,2.521814092336245,0.22785265922921552,0.03836099058389664,-0.00240761955303313,0.9195231508420837,-0.00240761955303313,0.0,-0.0,False,False,32,1.0,50,0.104,0.1,0.064,0.9990125894546509,-0.0798092633485794,0,False
238,30.731599966995418,30.720000000000006,0.10000000000000142,160,0.7939074540066826,-2.1154072593385385,2.507041798455406,0.2362053722433227,0.03976724296808243,-0.0029501522061212617,0.9165729986359624,-0.0029501522061212617,0.0,-0.0,False,False,32,1.0,50,0.124,0.1,0.064,0.9991080164909363,-0.06606404483318329,0,False
239,30.931435300037265,30.92,0.19999999999999574,308,0.7587747092977654,-2.0889073843877357,2.4849319713328564,0.2547696291805358,0.0428926981985569,-0.006556837696425433,0.910016160939537,-0.006556837696425433,0.0,-0.0,False,False,32,1.0,50,0.164,0.1,0.064,0.999349057674408,-0.047166284173727036,0,False
240,31.031267752172425,31.020000000000003,0.10000000000000142,158,0.741404256392684,-2.075392061522881,2.475970838904457,0.26681951432223683,0.044921401888132095,-0.004255981879690732,0.9057601790598462,-0.004255981879690732,0.0,-0.0,False,False,32,1.0,50,0.18,0.1,0.064,0.9994140863418579,-0.042029522359371185,0,False
241,31.131279783090577,31.120000000000005,0.10000000000000142,158,0.7241499392988348,-2.0617311296942686,2.467861967317265,0.279934177424964,0.047129370272159576,-0.004632058137242652,0.9011281209226035,-0.004632058137242652,0.0,-0.0,True,True,33,1.0,50,0.0,0.1,0.066,0.9981142282485962,0.022577233612537384,0,False
242,31.23172770999372,31.220000000000006,0.10000000000000142,159,0.7069631923033648,-2.047982627764558,2.470486301363065,0.2969392264529136,0.04999231919646263,-0.0060061303220015055,0.895121990600602,-0.0060061303220015055,0.0,-0.0,False,False,33,1.0,50,0.024,0.1,0.066,0.9982717037200928,0.025326557457447052,0,False
243,31.431827991036698,31.42,0.19999999999999574,317,0.6724561658417503,-2.0208415190898354,2.48127295790633,0.3282062284836175,0.05525639280676842,-0.011043407676510363,0.8840785829240917,-0.011043407676510363,0.0,-0.0,False,False,33,1.0,50,0.064,0.1,0.066,0.9986416101455688,0.03793034330010414,0,False
244,31.53193545108661,31.520000000000003,0.10000000000000142,160,0.6550599157156277,-2.0074432598760055,2.489497740243084,0.3450203870589627,0.05808720365166664,-0.00593870840903416,0.8781398745150575,-0.00593870840903416,0.0,-0.0,False,False,33,1.0,50,0.084,0.1,0.066,0.9988747835159302,0.04480269178748131,0,False
245,31.631921662017703,31.620000000000005,0.10000000000000142,156,0.6375433947790747,-1.9941945338948774,2.49894369347723,0.36250309369678474,0.06103057041764259,-0.006174837501232474,0.871965037013825,-0.006174837501232474,0.0,-0.0,False,False,33,1.0,50,0.104,0.1,0.066,0.9990656971931458,0.05102303624153137,0,False
246,31.73201345303096,31.720000000000006,0.10000000000000142,160,0.6198950270823307,-1.9811213819462727,2.509521429287864,0.3805735181173381,0.06407288461923599,-0.006382417590524792,0.8655826194233002,-0.006382417590524792,0.0,-0.0,False,False,33,1.0,50,0.124,0.1,0.066,0.9992256760597229,0.05685114488005638,0,False
247,31.9320584340021,31.92,0.19999999999999574,316,0.5841571932244374,-1.9555949707038582,2.5349632978697265,0.4182069280561581,0.07040879875421524,-0.013292003109332639,0.8522906163139675,-0.013292003109332639,0.0,-0.0,False,False,33,1.0,50,0.164,0.1,0.066,0.9994907379150391,0.08784330636262894,0,False
248,32.03159093903378,32.02,0.10000000000000142,158,0.5660072826253157,-1.9432497373345867,2.5549075699729875,0.4337565673796855,0.07302671670913696,-0.0054920841500499815,0.8467985321639175,-0.0054920841500499815,0.0,-0.0,False,False,33,1.0,50,0.18,0.1,0.066,0.999611496925354,0.12008242309093475,0,False
249,32.13214721507393,32.120000000000005,0.10000000000000142,159,0.5475829435249697,-1.9313316899853334,2.581385698540594,0.45759864550926466,0.07704073935747147,-0.008420947693725107,0.8383775844701924,-0.008420947693725107,0.0,-0.0,True,True,34,1.0,50,0.004,0.1,0.068,0.999943196773529,-0.11037049442529678,0,False
250,32.232277535134926,32.220000000000006,0.10000000000000142,159,0.5290077427764955,-1.919473343605995,2.5569563247740668,0.4778265723734468,0.0804462879896164,-0.00714444072995667,0.8312331437402357,-0.00714444072995667,0.0,-0.0,False,False,34,1.0,50,0.024,0.1,0.068,0.9999451637268066,-0.11165992170572281,0,False
251,32.43232149700634,32.42,0.19999999999999574,316,0.49270732636311765,-1.8944824819680528,2.5159311947142067,0.5181503715960566,0.08723515272140503,-0.01424224022001659,0.8169909035202191,-0.01424224022001659,0.0,-0.0,False,False,34,1.0,50,0.064,0.1,0.068,0.9999465346336365,-0.1156521737575531,0,False
252,32.53192929108627,32.52,0.10000000000000142,158,0.47499344304192903,-1.8813679434919048,2.4928725294282557,0.5342280076716467,0.08994196355342865,-0.005678570957425249,0.8113123325627938,-0.005678570957425249,0.0,-0.0,False,False,34,1.0,50,0.08,0.1,0.068,0.9999464750289917,-0.11809001117944717,0,False
253,32.63195924204774,32.620000000000005,0.10000000000000142,159,0.45758724790179073,-1.8678433323829882,2.469008583629472,0.5542779884340734,0.09331755340099335,-0.007081590721369304,0.8042307418414245,-0.007081590721369304,0.0,-0.0,False,False,34,1.0,50,0.1,0.1,0.068,0.9999463558197021,-0.12058704346418381,0,False
254,32.73167343600653,32.7,0.10000000000000142,160,0.4438956521909808,-1.8567266204904906,2.4495836084690414,0.5742641546531697,0.09668239951133728,-0.0070590516235371666,0.7971716902178874,-0.0070590516235371666,0.0,-0.0,False,False,34,1.0,50,0.12,0.1,0.068,0.999946117401123,-0.12313620001077652,0,False
255,32.9320116750896,32.92,0.19999999999999574,321,0.40739616002885076,-1.8247929332897341,2.394889414744853,0.6140068078404023,0.10337342321872711,-0.014036981251409486,0.7831347089664779,-0.014036981251409486,0.0,-0.0,False,False,34,1.0,50,0.16,0.1,0.068,0.9999451637268066,-0.128447487950325,0,False
256,33.03178002801724,33.0,0.10000000000000142,159,0.3945725322402184,-1.8126842842267543,2.3743483084756534,0.6337425395929893,0.10669610649347305,-0.00697059895042205,0.7761641100160558,-0.00697059895042205,0.0,-0.0,False,False,34,1.0,50,0.18,0.1,0.068,0.9999445080757141,-0.13120944797992706,0,False
257,33.13220813497901,33.120000000000005,0.10000000000000142,157,0.37581484646124397,-1.7940272208511017,2.342856756638561,0.6533772390276684,0.11000178009271622,-0.0069349146505948926,0.7692291953654609,-0.0069349146505948926,0.0,-0.0,True,True,35,1.0,50,0.004,0.1,0.07,0.9998230338096619,-0.209503635764122,0,False
258,33.232470544055104,33.220000000000006,0.10000000000000142,158,0.3607215759289516,-1.7779325142701108,2.3012969406309356,0.6767502227333213,0.11393682658672333,-0.008255265005083943,0.760973930360377,-0.008255265005083943,0.0,-0.0,False,False,35,1.0,50,0.024,0.1,0.07,0.9998213052749634,-0.21442878246307373,0,False
259,33.43263116502203,33.42,0.19999999999999574,317,0.3326697622098812,-1.7438467825221948,2.215317135475835,0.7148035606899372,0.12034343928098679,-0.013440320376551126,0.7475336099838259,-0.013440320376551126,0.0,-0.0,False,False,35,1.0,50,0.064,0.1,0.07,0.9998177289962769,-0.22568316757678986,0,False
260,33.532625526189804,33.52,0.10000000000000142,156,0.3198021068717381,-1.7259034563907227,2.169971644045918,0.7333471730470784,0.12346541881561279,-0.006549546095080964,0.7409840638887449,-0.006549546095080964,0.0,-0.0,False,False,35,1.0,50,0.084,0.1,0.07,0.9998158812522888,-0.23155133426189423,0,False
261,33.63276388612576,33.620000000000005,0.10000000000000142,160,0.30777006155229303,-1.7073876129589791,2.1234283316692975,0.7515346719297542,0.12652744352817535,-0.006423767925694653,0.7345602959630503,-0.006423767925694653,0.0,-0.0,False,False,35,1.0,50,0.104,0.1,0.07,0.999813973903656,-0.2374960482120514,0,False
262,33.732674677157775,33.720000000000006,0.10000000000000142,159,0.29662087895446304,-1.6883248062590404,2.0757517740091322,0.7693397260943572,0.1295250803232193,-0.006288689643125105,0.7282716063199252,-0.006288689643125105,0.0,-0.0,False,False,35,1.0,50,0.124,0.1,0.07,0.999812126159668,-0.24352645874023438,0,False
263,33.932656810153276,33.92,0.19999999999999574,319,0.2771623727110038,-1.6486804860976807,1.9769283785439085,0.8036912452333309,0.13530845940113068,-0.01213284950653756,0.7161387568133876,-0.01213284950653756,0.0,-0.0,False,False,35,1.0,50,0.164,0.1,0.07,0.9998112320899963,-0.25400760769844055,0,False
264,34.032339113997295,34.02,0.10000000000000142,158,0.2689443920532558,-1.6281754222997957,1.9261404942676044,0.816921212630543,0.13753584027290344,-0.004672783254719483,0.711465973558668,-0.004672783254719483,0.0,-0.0,False,False,35,1.0,50,0.18,0.1,0.07,0.9998113512992859,-0.25817039608955383,0,False
265,34.13268909207545,34.120000000000005,0.10000000000000142,157,0.26178605941817895,-1.6072763248237762,1.8747163817164683,0.8361768306656606,0.14077769219875336,-0.006801024281642085,0.7046649492770259,-0.006801024281642085,0.0,-0.0,True,True,36,1.0,50,0.004,0.1,0.072,0.9985929131507874,-0.0503402054309845,0,False
266,34.23277899203822,34.220000000000006,0.10000000000000142,153,0.2553530582379762,-1.5862550863266038,1.8671322109078625,0.8518708714142136,0.14341992139816284,-0.005543086283355267,0.6991218629936706,-0.005543086283355267,0.0,-0.0,False,False,36,1.0,50,0.024,0.1,0.072,0.998604416847229,-0.04993118718266487,0,False
267,34.43243402708322,34.42,0.19999999999999574,313,0.24306122016145895,-1.5440288375487485,1.8441285054304006,0.8804679295973403,0.14823448657989502,-0.010100391830180383,0.6890214711634902,-0.010100391830180383,0.0,-0.0,False,False,36,1.0,50,0.06,0.1,0.072,0.9986104965209961,-0.04873792082071304,0,False
268,34.532865145010874,34.52,0.10000000000000142,159,0.2372230568329089,-1.5228299532346086,1.83442840662156,0.8997332835544639,0.15147797763347626,-0.006804462978953473,0.6822170081845368,-0.006804462978953473,0.0,-0.0,False,False,36,1.0,50,0.084,0.1,0.072,0.9986087679862976,-0.04803064465522766,0,False
269,34.632866266183555,34.620000000000005,0.10000000000000142,159,0.2315906459998738,-1.5015752429404183,1.8251193447723761,0.9159040304477842,0.1542004644870758,-0.00571145740807627,0.6765055507764606,-0.00571145740807627,0.0,-0.0,False,False,36,1.0,50,0.104,0.1,0.072,0.9986085295677185,-0.04735239967703819,0,False
270,34.73289306717925,34.720000000000006,0.10000000000000142,160,0.22616045926877146,-1.480269461551336,1.8158385869692883,0.9321735526952748,0.1569395810365677,-0.0057463445553449,0.6707592062211156,-0.0057463445553449,0.0,-0.0,False,False,36,1.0,50,0.124,0.1,0.072,0.998609721660614,-0.04670075327157974,0,False
271,34.93337625497952,34.92,0.2009999999999934,322,0.2158891950085725,-1.4375135550709925,1.7974623064081927,0.9649977711966501,0.16246582567691803,-0.011593411681029672,0.659165794540086,-0.011593411681029672,0.0,-0.0,False,False,36,1.0,50,0.164,0.1,0.072,0.9986150860786438,-0.045317910611629486,0,False
272,35.03350631520152,35.02,0.10000000000000142,159,0.21104477972600233,-1.4160675357198562,1.7884690926986664,0.9815434395955839,0.16525143384933472,-0.00584387851545058,0.6533219160246354,-0.00584387851545058,0.0,-0.0,False,False,36,1.0,50,0.184,0.1,0.072,0.9986187219619751,-0.0447055846452713,0,False
273,35.13357481500134,35.120000000000005,0.10000000000000142,159,0.20639142578359024,-1.3945792563469845,1.779603279755657,0.9981727484153876,0.1680511236190796,-0.005873420051444171,0.6474484959731912,-0.005873420051444171,0.0,-0.0,True,True,37,1.0,50,0.004,0.1,0.074,0.999904453754425,-0.16257205605506897,0,False
274,35.234085272066295,35.220000000000006,0.10000000000000142,161,0.20214654602976073,-1.3729335388506123,1.745457293533247,1.0147819658325061,0.17084743082523346,-0.005866323830628759,0.6415821721425624,-0.005866323830628759,0.0,-0.0,False,False,37,1.0,50,0.024,0.1,0.074,0.9999092817306519,-0.16551828384399414,0,False
275,35.33401663415134,35.32,0.10000000000000142,158,0.19862336805679343,-1.351159688855201,1.7136292603569758,1.0311150370981814,0.17359724640846252,-0.005768789870523079,0.6358133822720393,-0.005768789870523079,0.0,-0.0,False,False,37,1.0,50,0.044,0.1,0.074,0.9999135732650757,-0.1681089699268341,0,False
276,35.533692699158564,35.52,0.19999999999999574,315,0.19377807221154908,-1.3073126932891166,1.6468017254503093,1.0629249495432935,0.17895272374153137,-0.011235161942948992,0.6245782203290903,-0.011235161942948992,0.0,-0.0,False,False,37,1.0,50,0.084,0.1,0.074,0.9999222159385681,-0.17389225959777832,0,False
277,35.634026867104694,35.620000000000005,0.10000000000000142,160,0.19247581167807248,-1.2852881757087866,1.6120235791954214,1.0783822303703365,0.18155509233474731,-0.0054594634169184576,0.6191187569121718,-0.0054594634169184576,0.0,-0.0,False,False,37,1.0,50,0.104,0.1,0.074,0.9999262690544128,-0.17698821425437927,0,False
278,35.73432231601328,35.720000000000006,0.10000000000000142,162,0.19194739151925141,-1.263230405110126,1.57668876074868,1.0935165441119254,0.1841030865907669,-0.005345392448833269,0.6137733644633385,-0.005345392448833269,0.0,-0.0,False,False,37,1.0,50,0.124,0.1,0.074,0.999930202960968,-0.18021635711193085,0,False
279,35.8342603771016,35.82,0.10000000000000142,162,0.19220608902380593,-1.241166427164565,1.5407507730292676,1.1083137294269607,0.18659432232379913,-0.005226319739204236,0.6085470447241342,-0.005226319739204236,0.0,-0.0,False,False,37,1.0,50,0.144,0.1,0.074,0.9999342560768127,-0.18375453352928162,0,False
280,36.03389665298164,36.02,0.19999999999999574,323,0.19513970348207202,-1.1971367027941329,1.4667460962516965,1.1368331657591848,0.1913958191871643,-0.01007297603434292,0.5984740686897914,-0.01007297603434292,0.0,-0.0,False,False,37,1.0,50,0.184,0.1,0.074,0.9999416470527649,-0.19116923213005066,0,False
281,36.13435851014219,36.120000000000005,0.10000000000000142,161,0.19784299950398623,-1.1752330701620815,1.428616997521065,1.1505200134236249,0.19370011985301971,-0.004834151941279111,0.5936399167485122,-0.004834151941279111,0.0,-0.0,True,True,38,1.0,50,0.004,0.1,0.076,0.9999383091926575,-0.22578062117099762,0,False
282,36.23397519509308,36.220000000000006,0.10000000000000142,160,0.20145042113500963,-1.1534474559315921,1.3833295693257133,1.1637579465752055,0.19592884182929993,-0.00467559673433792,0.5889643200141743,-0.00467559673433792,0.0,-0.0,False,False,38,1.0,50,0.024,0.1,0.076,0.9999399781227112,-0.2267940193414688,0,False
283,36.334539361065254,36.32,0.10000000000000142,163,0.20603697884696406,-1.1318470322627987,1.338558878773356,1.1764636788265845,0.19806796312332153,-0.004487625034941854,0.5844766949792325,-0.004487625034941854,0.0,-0.0,False,False,38,1.0,50,0.044,0.1,0.076,0.9999412298202515,-0.22791971266269684,0,False
284,36.53416627715342,36.52,0.19999999999999574,325,0.21811905516550037,-1.089377744091312,1.2479195279465218,1.2002377382646945,0.20207053422927856,-0.008396923703872171,0.5760797712753604,-0.008396923703872171,0.0,-0.0,False,False,38,1.0,50,0.084,0.1,0.076,0.999939501285553,-0.22987288236618042,0,False
285,36.634575203992426,36.620000000000005,0.10000000000000142,164,0.22559787398848513,-1.0685991123480176,1.2021983620761199,1.2112828762553745,0.2039300799369812,-0.003901108317152122,0.5721786629582083,-0.003901108317152122,0.0,-0.0,False,False,38,1.0,50,0.104,0.1,0.076,0.9999375939369202,-0.23078878223896027,0,False
286,36.73408204014413,36.720000000000006,0.10000000000000142,160,0.23401969639610246,-1.0481842418342715,1.1563103009635287,1.2217524442387353,0.20569272339344025,-0.0036978187842779675,0.5684808441739303,-0.0036978187842779675,0.0,-0.0,False,False,38,1.0,50,0.124,0.1,0.076,0.9999358654022217,-0.23174430429935455,0,False
287,36.834432668052614,36.82,0.10000000000000142,163,0.24337000076854315,-1.028177265567802,1.1102481376717737,1.2316364407676252,0.2073567807674408,-0.0034909967714383877,0.5649898474024919,-0.0034909967714383877,0.0,-0.0,False,False,38,1.0,50,0.144,0.1,0.076,0.9999340772628784,-0.2326628863811493,0,False
288,37.03437324101105,37.02,0.19999999999999574,325,0.2647918892820656,-0.9895638387290749,1.0175786726843874,1.2496047928967837,0.2103819102048874,-0.006346365975303029,0.5586434814271889,-0.006346365975303029,0.0,-0.0,False,False,38,1.0,50,0.184,0.1,0.076,0.9999305009841919,-0.23440693318843842,0,False
289,37.13480813917704,37.120000000000005,0.10000000000000142,161,0.27682509079663103,-0.9710446730505232,0.9709818414060146,1.2576688800776035,0.21173956990242004,-0.0028482104612799894,0.5557952709659089,-0.0028482104612799894,0.0,-0.0,True,True,39,1.0,50,0.004,0.1,0.078,0.9652819633483887,0.3154946565628052,0,False
290,37.23427875409834,37.220000000000006,0.10000000000000142,163,0.2890131648190824,-0.9530970435034487,1.00513576544448,1.2655070053595017,0.2130591869354248,-0.002768401422770362,0.5530268695431385,-0.002768401422770362,0.0,-0.0,False,False,39,1.0,50,0.024,0.1,0.078,0.96506267786026,0.28516289591789246,0,False
291,37.33446482405998,37.32,0.10000000000000142,163,0.2998518201221083,-0.9349753728923952,1.0561977650155643,1.2745528275120552,0.21458213031291962,-0.003194956193809685,0.5498319133493288,-0.003194956193809685,0.0,-0.0,False,False,39,1.0,50,0.044,0.1,0.078,0.9628859162330627,0.2290337085723877,0,False
292,37.534487336175516,37.52,0.19999999999999574,322,0.3190448040008786,-0.8974892760304614,1.1317557773603677,1.2958510419840352,0.21816787123680115,-0.007522462977578049,0.5423094503717507,-0.007522462977578049,0.0,-0.0,False,False,39,1.0,50,0.084,0.1,0.078,0.9587617516517639,0.13500140607357025,0,False
293,37.635007883189246,37.620000000000005,0.10000000000000142,158,0.3277451939451776,-0.8783385427999723,1.1567544143108444,1.3076891265679145,0.22016091644763947,-0.004181174582725028,0.5381282757890257,-0.004181174582725028,0.0,-0.0,False,False,39,1.0,50,0.104,0.1,0.078,0.9577674865722656,0.0993158370256424,0,False
294,37.734467819100246,37.720000000000006,0.10000000000000142,156,0.3360305777623745,-0.8590064550378453,1.1750268039727567,1.3201218104612156,0.22225406765937805,-0.0043911852057988,0.5337370905832268,-0.0043911852057988,0.0,-0.0,False,False,39,1.0,50,0.124,0.1,0.078,0.9578431844711304,0.07694219052791595,0,False
295,37.835056625073776,37.82,0.10000000000000142,164,0.34400347054541086,-0.8395275207292844,1.1893914053605839,1.3330520884774062,0.22443099319934845,-0.0045669338992970895,0.5291701566839297,-0.0045669338992970895,0.0,-0.0,False,False,39,1.0,50,0.144,0.1,0.078,0.9581542611122131,0.06084033101797104,0,False
296,38.0351993071381,38.02,0.19999999999999574,326,0.35925633263235146,-0.8002597020923965,1.2096427883959437,1.3601210494474978,0.22898828983306885,-0.009560672656710699,0.5196094840272191,-0.009560672656710699,0.0,-0.0,False,False,39,1.0,50,0.184,0.1,0.078,0.9585407972335815,0.035529233515262604,0,False
297,38.13472203211859,38.120000000000005,0.10000000000000142,161,0.36663652117278706,-0.7805192598011537,1.2161986083706622,1.3741479463150932,0.23134984076023102,-0.0049542562601015295,0.5146552277671176,-0.0049542562601015295,0.0,-0.0,True,True,40,1.0,50,0.004,0.1,0.08,0.999248743057251,-0.130086287856102,0,False
298,38.23530362802558,38.220000000000006,0.10000000000000142,163,0.37407044461753797,-0.7599649847773994,1.2162013844379205,1.3890553245655601,0.23385962843894958,-0.005265239540592566,0.509389988226525,-0.005265239540592566,0.0,-0.0,False,False,40,1.0,50,0.024,0.1,0.08,0.9992656111717224,-0.12899093329906464,0,False
299,38.33492801315151,38.32,0.10000000000000142,160,0.38205257372300366,-0.7394297327878024,1.1908058410803068,1.4038861430657068,0.23635652661323547,-0.005238198875370858,0.5041517893511542,-0.005238198875370858,0.0,-0.0,False,False,40,1.0,50,0.044,0.1,0.08,0.9992514252662659,-0.13164006173610687,0,False
300,38.53544707107358,38.52,0.19999999999999574,324,0.39957480083162317,-0.6989942411685165,1.1345202678772333,1.4328734347045111,0.24123679101467133,-0.01023822107059905,0.49391356828055516,-0.01023822107059905,0.0,-0.0,False,False,40,1.0,50,0.084,0.1,0.08,0.9992179274559021,-0.13776053488254547,0,False
301,38.63523307419382,38.620000000000005,0.10000000000000142,161,0.4091452337055536,-0.6791482402304514,1.107124876695734,1.4469826443672484,0.24361220002174377,-0.004983328882825407,0.4889302393977297,-0.004983328882825407,0.0,-0.0,False,False,40,1.0,50,0.104,0.1,0.08,0.9992012977600098,-0.1408395618200302,0,False
302,38.73562391218729,38.720000000000006,0.10000000000000142,161,0.4192604524015623,-0.6595740725809451,1.0792047291140334,1.4608217264485097,0.2459421306848526,-0.0048879206628758155,0.4840423187348539,-0.0048879206628758155,0.0,-0.0,False,False,40,1.0,50,0.124,0.1,0.08,0.999182939529419,-0.14418882131576538,0,False
303,38.834969679126516,38.82,0.10000000000000142,162,0.42993285373428125,-0.6402956559034539,1.050517571314279,1.4743719171713379,0.2482234239578247,-0.004785885135380565,0.47925643359947334,-0.004785885135380565,0.0,-0.0,False,False,40,1.0,50,0.144,0.1,0.08,0.9991638660430908,-0.14676035940647125,0,False
304,39.03552471706644,39.02,0.19999999999999574,324,0.4529462837162309,-0.6027121734513978,0.9914251798050522,1.500560308250176,0.2526324689388275,-0.009249658115334984,0.4700067754841384,-0.009249658115334984,0.0,-0.0,False,False,40,1.0,50,0.184,0.1,0.08,0.9991126656532288,-0.15288515388965607,0,False
305,39.134919374017045,39.120000000000005,0.10000000000000142,162,0.4652870321495645,-0.5844538664226662,0.960934390765177,1.5131716905664787,0.2547557055950165,-0.0044543009319057995,0.4655524745522326,-0.0044543009319057995,0.0,-0.0,True,True,41,1.0,50,0.004,0.1,0.082,0.9811625480651855,0.6209766864776611,0,False
306,39.23559644911438,39.220000000000006,0.10000000000000142,163,0.4777014711163273,-0.5664126960553968,1.0034214348598762,1.5257680264578628,0.2568764090538025,-0.004448986581515322,0.46110348797071726,-0.004448986581515322,0.0,-0.0,False,False,41,1.0,50,0.024,0.1,0.082,0.9818064570426941,0.6327124834060669,0,False
307,39.33516752417199,39.32,0.10000000000000142,161,0.4880601486697587,-0.5476591089125211,1.13152784078789,1.539927420373122,0.25926026701927185,-0.005001053804421498,0.45610243416629576,-0.005001053804421498,0.0,-0.0,False,False,41,1.0,50,0.044,0.1,0.082,0.9825688004493713,0.6415672898292542,0,False
308,39.53568805218674,39.52,0.19999999999999574,325,0.5012102283113554,-0.5070954750591488,1.3869559854328777,1.5740250974728842,0.2650009095668793,-0.012043193289363442,0.4440592408769323,-0.012043193289363442,0.0,-0.0,False,False,41,1.0,50,0.084,0.1,0.082,0.9830682873725891,0.6450215578079224,0,False
309,39.635290457168594,39.620000000000005,0.10000000000000142,161,0.5037843054517168,-0.4858888778904162,1.5146701311342796,1.5933494865207172,0.2682543396949768,-0.0068253139890145954,0.43723392688791773,-0.0068253139890145954,0.0,-0.0,False,False,41,1.0,50,0.104,0.1,0.082,0.9815819263458252,0.6268264055252075,0,False
310,39.73551881616004,39.720000000000006,0.10000000000000142,162,0.5036710706296879,-0.4645355727391014,1.6385489217161107,1.6136894207421593,0.27167874574661255,-0.007184001379480271,0.43004992550843746,-0.007184001379480271,0.0,-0.0,False,False,41,1.0,50,0.124,0.1,0.082,0.9826952219009399,0.6025617718696594,0,False
311,39.83577635604888,39.82,0.10000000000000142,162,0.5009695306628043,-0.4433169440285181,1.7575395538352325,1.6347151179063526,0.2752186059951782,-0.007426210713742911,0.42262371479469457,-0.007426210713742911,0.0,-0.0,False,False,41,1.0,50,0.144,0.1,0.082,0.9841164946556091,0.5772622227668762,0,False
312,40.03530513308942,40.02,0.19999999999999574,322,0.48841779893529286,-0.40239848523289573,1.9656845554530722,1.6775121068436363,0.28242385387420654,-0.015115763119771265,0.4075079516749233,-0.015115763119771265,0.0,-0.0,False,False,41,1.0,50,0.184,0.1,0.082,0.9441686272621155,0.29389676451683044,0,False
313,40.13534925412387,40.120000000000005,0.10000000000000142,159,0.4800161078653023,-0.38350693860726753,2.0208802945244337,1.698067470466557,0.2858845293521881,-0.007260090372716635,0.4002478613022067,-0.007260090372716635,0.0,-0.0,True,True,42,1.0,50,0.004,0.1,0.084,0.35287705063819885,1.0,0,False
314,40.23567565204576,40.220000000000006,0.10000000000000142,161,0.4722349515296316,-0.3686064927464786,2.09982869364413,1.7146371246369785,0.28867417573928833,-0.00585235021519057,0.3943955110870161,-0.00585235021519057,0.0,-0.0,False,False,42,1.0,50,0.024,0.1,0.084,0.3151623606681824,1.0,0,False
315,40.33594236103818,40.32,0.10000000000000142,160,0.4659847617160241,-0.3592382228904857,2.2389695828746174,1.7254771001984772,0.29049918055534363,-0.0038286455865351415,0.390566865500481,-0.0038286455865351415,0.0,-0.0,False,False,42,1.0,50,0.044,0.1,0.084,0.28080636262893677,1.0,0,False
316,40.535979624139145,40.52,0.19999999999999574,324,0.45766785224386763,-0.3517950263006668,2.6309203111394512,1.7351379670966656,0.2921256721019745,-0.003412188081237545,0.3871546774192434,-0.003412188081237545,0.0,-0.0,False,False,42,1.0,50,0.084,0.1,0.084,0.2257385104894638,1.0,0,False
317,40.63532351120375,40.620000000000005,0.10000000000000142,160,0.45335822256014313,-0.34989904811689393,2.829449135563424,1.738289573558395,0.292656272649765,-0.0011131375805913369,0.3860415398386521,-0.0011131375805913369,0.0,-0.0,False,False,42,1.0,50,0.104,0.1,0.084,0.2618873715400696,1.0,0,False
318,40.735663769068196,40.720000000000006,0.10000000000000142,162,0.44792756752393914,-0.3487167440727109,3.028090312216831,1.741126090180657,0.29313382506370544,-0.001001848831239907,0.3850396910074122,-0.001001848831239907,0.0,-0.0,False,False,42,1.0,50,0.124,0.1,0.084,0.3006144165992737,1.0,0,False
319,40.835969167994335,40.82,0.10000000000000142,160,0.4415529530364456,-0.3486121534756054,-3.056517493644657,1.7432570179826283,0.2934925854206085,-0.0007526370588159308,0.38428705394859625,-0.0007526370588159308,0.0,-0.0,False,False,42,1.0,50,0.144,0.1,0.084,0.328438937664032,1.0,0,False
320,41.035784343024716,41.02,0.19999999999999574,315,0.4271992818406825,-0.3528647155325373,-2.6594912633329955,1.743890915013602,0.29359930753707886,-0.00022389045585811975,0.3840631634927381,-0.00022389045585811975,0.0,-0.0,False,False,42,1.0,50,0.184,0.1,0.084,0.41694802045822144,1.0,0,False
321,41.13591019320302,41.120000000000005,0.10000000000000142,162,0.41958522003344717,-0.35786059941447385,-2.460966697624412,1.741695553109627,0.29322969913482666,0.0007753949828406247,0.38483855847557874,0.0007753949828406247,0.0,-0.0,True,True,43,1.0,50,0.004,0.1,0.086,0.8126256465911865,0.6532542705535889,0,False
322,41.23616569209844,41.220000000000006,0.10000000000000142,163,0.41203810779208866,-0.3653872773300127,-2.272716775365724,1.737140734761685,0.29246285557746887,0.0016087476458209308,0.38644730612139966,0.0016087476458209308,0.0,-0.0,False,False,43,1.0,50,0.024,0.1,0.086,0.8644155263900757,0.44913408160209656,0,False
323,41.33617662312463,41.32,0.10000000000000142,162,0.4025626197571815,-0.37825515338712556,-2.1496392852987296,1.7282904276246887,0.29097282886505127,0.003125900899619414,0.38957320702101905,0.003125900899619414,0.0,-0.0,False,False,43,1.0,50,0.044,0.1,0.086,0.8908267021179199,0.42535683512687683,0,False
324,41.53591859899461,41.52,0.19999999999999574,319,0.3838476079394944,-0.4127445448083333,-1.988921893801585,1.7026520276308084,0.28665637969970703,0.009055402978124492,0.39862860999914357,0.009055402978124492,0.0,-0.0,False,False,43,1.0,50,0.084,0.1,0.086,0.9181962609291077,0.3804461658000946,0,False
325,41.6359455101192,41.620000000000005,0.10000000000000142,163,0.3763885181522576,-0.43141839317306585,-1.91369963147562,1.6879987569446986,0.284189373254776,0.00517548954076445,0.40380409953990803,0.00517548954076445,0.0,-0.0,False,False,43,1.0,50,0.104,0.1,0.086,0.9290711879730225,0.35913050174713135,0,False
326,41.73652502615005,41.720000000000006,0.10000000000000142,161,0.37023175834543715,-0.4508083721148612,-1.843031796747962,1.6723046276877636,0.2815471291542053,0.005543117544239986,0.409347217084148,0.005543117544239986,0.0,-0.0,False,False,43,1.0,50,0.124,0.1,0.086,0.9371725916862488,0.3390814960002899,0,False
327,41.836344039067626,41.82,0.10000000000000142,162,0.36537404028593773,-0.47074881597188967,-1.7764578786994831,1.6557050576842691,0.2787524461746216,0.005862916394202011,0.41521013347835,0.005862916394202011,0.0,-0.0,False,False,43,1.0,50,0.144,0.1,0.086,0.9451907873153687,0.32070815563201904,0,False
328,42.036613850155845,42.02,0.19999999999999574,323,0.35939136430706137,-0.512264657480156,-1.6533009845683184,1.6197950829572778,0.27270668745040894,0.012683291163441962,0.427893424641792,0.012683291163441962,0.0,-0.0,False,False,43,1.0,50,0.184,0.1,0.086,0.9768909215927124,0.29250338673591614,0,False
329,42.13660422200337,42.120000000000005,0.10000000000000142,161,0.3582405039824948,-0.5336442202226177,-1.5957114825886014,1.6006418691199873,0.2694820761680603,0.0067648554381027955,0.43465828007989477,0.0067648554381027955,0.0,-0.0,True,True,44,1.0,50,0.004,0.1,0.088,0.8887725472450256,0.3993515074253082,0,False
330,42.23644387512468,42.220000000000006,0.10000000000000142,157,0.35858658043622743,-0.552672725927261,-1.5089988668765915,1.5830880017431395,0.2665267288684845,0.0061999712524904915,0.44085825133238526,0.0061999712524904915,0.0,-0.0,False,False,44,1.0,50,0.024,0.1,0.088,0.8885089159011841,0.40506401658058167,0,False
331,42.33601264003664,42.32,0.10000000000000142,162,0.3604923888037115,-0.5719753973070103,-1.4294129918948613,1.564680205497982,0.26342761516571045,0.006501576267586712,0.44735982759997195,0.006501576267586712,0.0,-0.0,False,False,44,1.0,50,0.044,0.1,0.088,0.8892119526863098,0.40576159954071045,0,False
332,42.53653231798671,42.52,0.19999999999999574,322,0.3689534257153984,-0.6098802173042527,-1.2711862850064333,1.5266476227569155,0.25702449679374695,0.013432989699100818,0.4607928172990728,0.013432989699100818,0.0,-0.0,False,False,44,1.0,50,0.084,0.1,0.088,0.8932671546936035,0.3921586573123932,0,False
333,42.63691888609901,42.620000000000005,0.10000000000000142,163,0.37542640161477875,-0.6282858788929762,-1.1936760284482355,1.5072133062987965,0.25375255942344666,0.006864140007748966,0.4676569573068218,0.006864140007748966,0.0,-0.0,False,False,44,1.0,50,0.104,0.1,0.088,0.8960944414138794,0.37640702724456787,0,False
334,42.73790736915544,42.720000000000006,0.10099999999999909,162,0.3833054690054969,-0.6462182035348298,-1.1194406849415195,1.4876279945412023,0.25045520067214966,0.006917471076960636,0.4745744283837824,0.006917471076960636,0.0,-0.0,False,False,44,1.0,50,0.124,0.1,0.088,0.9003481864929199,0.35558444261550903,0,False
335,42.838369897101074,42.82,0.10099999999999909,163,0.3925141220018228,-0.6636420057493648,-1.0499131274886682,1.4679549709771724,0.24714307487010956,0.006948450613647968,0.48152287899743035,0.006948450613647968,0.0,-0.0,False,False,44,1.0,50,0.144,0.1,0.088,0.9074428081512451,0.32582372426986694,0,False
336,42.938142830040306,42.92,0.10000000000000142,162,0.4029446896143516,-0.6805499093296443,-0.9862311644384688,1.4482484912447944,0.24382531642913818,0.006960267228045467,0.48848314622547584,0.006960267228045467,0.0,-0.0,False,False,44,1.0,50,0.164,0.1,0.088,0.9140492677688599,0.29206013679504395,0,False
337,43.03844505897723,43.02,0.10000000000000142,161,0.4144795610179151,-0.6969404086041819,-0.9304033907428843,1.428565200708467,0.2405114620923996,0.006952076876267352,0.4954352231017432,0.006952076876267352,0.0,-0.0,False,False,44,1.0,50,0.184,0.1,0.088,0.9233134388923645,0.21874180436134338,0,False
338,43.138312582159415,43.120000000000005,0.10000000000000142,159,0.42697785458693577,-0.7129784262838776,-0.890282118650622,1.4088218129808479,0.2371874898672104,0.006973303016944268,0.5024085261186875,0.006973303016944268,0.0,-0.0,True,True,45,1.0,50,0.004,0.1,0.09,0.9619244933128357,-0.4964886009693146,0,False
339,43.23832599306479,43.220000000000006,0.10000000000000142,160,0.43929196486439115,-0.7276261708162183,-0.8712739205693687,1.3904418968759806,0.2340930700302124,0.006491729088922103,0.5089002552076096,0.006491729088922103,0.0,-0.0,False,False,45,1.0,50,0.024,0.1,0.09,0.9622985124588013,-0.49471762776374817,0,False
340,43.43879466201179,43.42,0.19999999999999574,323,0.46308500565762983,-0.7620307117323032,-1.064366956475891,1.3493871069274825,0.22718113660812378,0.014500423866335007,0.5234006790739446,0.014500423866335007,0.0,-0.0,False,False,45,1.0,50,0.064,0.1,0.09,0.9606853723526001,-0.5077372193336487,0,False
341,43.53854808607139,43.52,0.10000000000000142,160,0.47249200020943766,-0.7811584867757172,-1.1655661699150615,1.3280961501428163,0.22359661757946014,0.007519899585036729,0.5309205786589813,0.007519899585036729,0.0,-0.0,False,False,45,1.0,50,0.084,0.1,0.09,0.9607059955596924,-0.5144368410110474,0,False
342,43.63844685908407,43.620000000000005,0.10000000000000142,161,0.47990464468617505,-0.8011553951002672,-1.2687044987474225,1.3068005024139107,0.22001130878925323,0.0075215564119232225,0.5384421350709045,0.0075215564119232225,0.0,-0.0,False,False,45,1.0,50,0.104,0.1,0.09,0.9613087177276611,-0.5467960834503174,0,False
343,43.73889590613544,43.720000000000006,0.10000000000000142,162,0.4851569838042184,-0.8218523411110578,-1.3785729879542756,1.2857275417737974,0.21646349132061005,0.007442904026145539,0.5458850390970501,0.007442904026145539,0.0,-0.0,False,False,45,1.0,50,0.124,0.1,0.09,0.9623979926109314,-0.5725379586219788,0,False
344,43.93874878110364,43.92,0.19999999999999574,321,0.4885447845735075,-0.8643915450895704,-1.6057901341061058,1.2454689732286277,0.20968560874462128,0.014219200948030157,0.5601042400450803,0.014219200948030157,0.0,-0.0,False,False,45,1.0,50,0.164,0.1,0.09,0.9605900645256042,-0.5725926756858826,0,False
345,44.03876371216029,44.02,0.10000000000000142,160,0.4866024467035348,-0.8856335230201822,-1.719555082359709,1.226943195310434,0.20656663179397583,0.0065432470268241205,0.5666474870719044,0.0065432470268241205,0.0,-0.0,False,False,45,1.0,50,0.184,0.1,0.09,0.958797037601471,-0.5712797045707703,0,False
346,44.13873125403188,44.120000000000005,0.10000000000000142,158,0.4822722313952717,-0.9064783744511224,-1.8328624988646092,1.2098890462576404,0.2036954164505005,0.006023472297760692,0.5726709593696651,0.006023472297760692,0.0,-0.0,True,True,46,1.0,50,0.004,0.1,0.092,0.8612953424453735,0.3160111606121063,0,False
347,44.239107992034405,44.220000000000006,0.10000000000000142,160,0.47637400001765634,-0.9264008002923425,-1.8546672851873995,1.194487083169268,0.2011023610830307,0.005439925364012634,0.5781108847336777,0.005439925364012634,0.0,-0.0,False,False,46,1.0,50,0.024,0.1,0.092,0.8632057309150696,0.3195301592350006,0,False
348,44.439100506016985,44.42,0.19999999999999574,317,0.467951143120883,-0.963338718306246,-1.73043099221704,1.1652221407365284,0.19617535173892975,0.010336286465743841,0.5884471711994215,0.010336286465743841,0.0,-0.0,False,False,46,1.0,50,0.064,0.1,0.092,0.8560478091239929,0.3110435903072357,0,False
349,44.53880439000204,44.52,0.10000000000000142,161,0.4655293313950283,-0.9818813979986084,-1.669274159045671,1.1498801863310657,0.1935923993587494,0.005418730484220475,0.593865901683642,0.005418730484220475,0.0,-0.0,False,False,46,1.0,50,0.084,0.1,0.092,0.853584349155426,0.3025722801685333,0,False
350,44.639218948083,44.620000000000005,0.10000000000000142,159,0.46424478502327526,-1.0004857450853326,-1.6094007531476282,1.1340469218978266,0.19092673063278198,0.0055922596549086,0.5994581613385506,0.0055922596549086,0.0,-0.0,False,False,46,1.0,50,0.104,0.1,0.092,0.8508588075637817,0.29445672035217285,0,False
351,44.73884924314916,44.720000000000006,0.10000000000000142,164,0.46406047079443935,-1.0190808287361004,-1.5511311090950586,1.1177806744604655,0.18818816542625427,0.005745187902612838,0.6052033492411634,0.005745187902612838,0.0,-0.0,False,False,46,1.0,50,0.124,0.1,0.092,0.8485665321350098,0.28475654125213623,0,False
352,44.939342082012445,44.92,0.19999999999999574,322,0.4668315173182571,-1.0560516939818294,-1.4415356001694997,1.0841158033480616,0.18252038955688477,0.011890327563428484,0.6170936768045918,0.011890327563428484,0.0,-0.0,False,False,46,1.0,50,0.164,0.1,0.092,0.8463330268859863,0.26099374890327454,0,False
353,45.03895921702497,45.02,0.10000000000000142,161,0.4696859342284169,-1.0743492017548368,-1.3900149244193671,1.0668001120268338,0.1796051412820816,0.00611584821189925,0.6232095250164911,0.00611584821189925,0.0,-0.0,False,False,46,1.0,50,0.184,0.1,0.092,0.8459388017654419,0.25206324458122253,0,False
354,45.13930533500388,45.120000000000005,0.10000000000000142,160,0.4734637170407065,-1.0924722381975993,-1.340306754730058,1.0492126114648743,0.17664413154125214,0.006211850388657192,0.6294213754051483,0.006211850388657192,0.0,-0.0,True,True,47,1.0,50,0.004,0.1,0.094,0.33435550332069397,-0.6447332501411438,0,False
355,45.23902088915929,45.220000000000006,0.10000000000000142,161,0.4777054591046809,-1.1096626184316398,-1.3336027792275489,1.0322268793912686,0.17378443479537964,0.00599930763392678,0.6354206830390751,0.00599930763392678,0.0,-0.0,False,False,47,1.0,50,0.024,0.1,0.094,0.33283814787864685,-0.6338042616844177,0,False
356,45.43947033910081,45.42,0.19999999999999574,321,0.4816931185260356,-1.1316232378926472,-1.5121610281124054,1.0112963287375885,0.17026059329509735,0.00739260526274498,0.64281328830182,0.00739260526274498,0.0,-0.0,False,False,47,1.0,50,0.064,0.1,0.094,0.4701714813709259,-0.6511910557746887,0,False
357,45.539299251977354,45.52,0.10000000000000142,161,0.4816268009713614,-1.1426848079698309,-1.640169129971847,1.0018483244978045,0.1686699390411377,0.0033370056536560075,0.6461502939554761,0.0033370056536560075,0.0,-0.0,False,False,47,1.0,50,0.084,0.1,0.094,0.5726706981658936,-0.6361131072044373,0,False
358,45.63955543120392,45.620000000000005,0.10000000000000142,163,0.4798843454688423,-1.1557295161701384,-1.7650531739562871,0.9916213579891573,0.166948139667511,0.0036121326994542693,0.6497624266549303,0.0036121326994542693,0.0,-0.0,False,False,47,1.0,50,0.104,0.1,0.094,0.6443051695823669,-0.5848098397254944,0,False
359,45.73928006505594,45.720000000000006,0.10000000000000142,160,0.47624220584182064,-1.1698602991036795,-1.8820498701214503,0.9815569813780105,0.16525371372699738,0.003554706454353581,0.653317133109284,0.003554706454353581,0.0,-0.0,False,False,47,1.0,50,0.124,0.1,0.094,0.6904334425926208,-0.6025489568710327,0,False
360,45.93968512513675,45.92,0.19999999999999574,323,0.4629023000781383,-1.1985788438311733,-2.1340948726581015,0.9647537535878266,0.1624247431755066,0.005934847689779998,0.659251980799064,0.005934847689779998,0.0,-0.0,False,False,47,1.0,50,0.164,0.1,0.094,0.7345331311225891,-0.711762547492981,0,False
361,46.03937789006159,46.02,0.10000000000000142,162,0.45314176371171416,-1.2118727777899256,-2.2776695655939765,0.9592697742469831,0.1615014672279358,0.0019369244128689877,0.661188905211933,0.0019369244128689877,0.0,-0.0,False,False,47,1.0,50,0.184,0.1,0.094,0.751470148563385,-0.7590444087982178,0,False
362,46.13969018915668,46.120000000000005,0.10000000000000142,160,0.4412304555553416,-1.2238777829583716,-2.430345668218746,0.9563414744327189,0.16100846230983734,0.0010342663686212538,0.6622231715805542,0.0010342663686212538,0.0,-0.0,True,True,48,1.0,50,0.004,0.1,0.096,0.9281193017959595,-0.585281491279602,0,False
363,46.24051266303286,46.220000000000006,0.10099999999999909,163,0.43019002363125636,-1.232196710407951,-2.5456551922936077,0.9561408259310131,0.1609746813774109,7.086842549988424e-05,0.6622940400060541,7.086842549988424e-05,0.0,-0.0,False,False,48,1.0,50,0.024,0.1,0.096,0.9363352060317993,-0.6008912920951843,0,False
364,46.340805802028626,46.32,0.10000000000000142,159,0.41240057641708455,-1.242711416855522,-2.667384956793777,0.9585192231687011,0.16137510538101196,-0.0008400424922952838,0.6614539975137588,-0.0008400424922952838,0.0,-0.0,False,False,48,1.0,50,0.044,0.1,0.096,0.9453330039978027,-0.6187578439712524,0,False
365,46.54105159314349,46.52,0.19999999999999574,326,0.3727579757203997,-1.2571317476702468,-2.9239422861153104,0.9722581137616823,0.16368816792964935,-0.004852533341452833,0.6566014641723059,-0.004852533341452833,0.0,-0.0,False,False,48,1.0,50,0.084,0.1,0.096,0.9589516520500183,-0.7168828845024109,0,False
366,46.64114786405116,46.620000000000005,0.10000000000000142,162,0.3516192713798402,-1.2602684553090562,-3.068586075586826,0.9836667556767142,0.16560891270637512,-0.004029496770406732,0.6525719674018992,-0.004029496770406732,0.0,-0.0,False,False,48,1.0,50,0.104,0.1,0.096,0.9616047143936157,-0.7831157445907593,0,False
367,46.740753290010616,46.720000000000006,0.10000000000000142,160,0.3301757096356037,-1.2601836388534235,3.056846622238906,0.9979944040259138,0.168021097779274,-0.005060480746139796,0.6475114866557593,-0.005060480746139796,0.0,-0.0,False,False,48,1.0,50,0.124,0.1,0.096,0.9626573920249939,-0.839264452457428,0,False
368,46.8407609811984,46.82,0.10000000000000142,159,0.30900681430566124,-1.2566114635273309,2.8886204907667627,1.0149374750594569,0.17087361216545105,-0.005984239887525848,0.6415272467682335,-0.005984239887525848,0.0,-0.0,False,False,48,1.0,50,0.144,0.1,0.096,0.9612376093864441,-0.8768537044525146,0,False
369,47.041179441148415,47.02,0.19999999999999574,321,0.27020482815964064,-1.2389325504732411,2.533091756706536,1.0544309771517173,0.1775226891040802,-0.013948981861121782,0.6275782649071117,-0.013948981861121782,0.0,-0.0,False,False,48,1.0,50,0.184,0.1,0.096,0.9425984025001526,-0.9234164357185364,0,False
370,47.14087401609868,47.120000000000005,0.10000000000000142,161,0.25416998053743256,-1.2254607270917155,2.349186976434129,1.0752550522220041,0.1810286045074463,-0.0073549984185118334,0.6202232664885998,-0.0073549984185118334,0.0,-0.0,True,True,49,1.0,50,0.004,0.1,0.098,0.7094417214393616,0.999649167060852,0,False
371,47.24097392614931,47.220000000000006,0.10000000000000142,163,0.23999331399075113,-1.2097354485039775,2.2933217048860173,1.096416078702081,0.18459124863147736,-0.0074740086063715865,0.6127492578822282,-0.0074740086063715865,0.0,-0.0,False,False,49,1.0,50,0.024,0.1,0.098,0.9999955892562866,-0.1622517853975296,0,False
372,47.3409308581613,47.32,0.10000000000000142,161,0.22575189922956812,-1.1928786854190512,2.255413519689714,1.1184386457713085,0.18829894065856934,-0.0077783020575476845,0.6049709558246805,-0.0077783020575476845,0.0,-0.0,False,False,49,1.0,50,0.044,0.1,0.098,0.9999948740005493,-0.1682434231042862,0,False
373,47.54220372112468,47.52,0.2010000000000005,318,0.19901562766074246,-1.157777317737062,2.1860594726260096,1.1622887074361157,0.19568148255348206,-0.015487705125328335,0.5894832506993521,-0.015487705125328335,0.0,-0.0,False,False,49,1.0,50,0.084,0.1,0.098,0.999993085861206,-0.18606127798557281,0,False
374,47.74195835716091,47.720000000000006,0.19999999999999574,317,0.1749052758307147,-1.1208153990931111,2.1100993449151324,1.2057142829014607,0.20299255847930908,-0.015337777922550451,0.5741454727768017,-0.015337777922550451,0.0,-0.0,False,False,49,1.0,50,0.124,0.1,0.098,0.9999899864196777,-0.20421740412712097,0,False
375,47.842465384164825,47.82,0.10000000000000142,163,0.1639528584007548,-1.1016475562410577,2.069090682756815,1.2271967718244998,0.2066093236207962,-0.0075875481394177815,0.566557924637384,-0.0075875481394177815,0.0,-0.0,False,False,49,1.0,50,0.144,0.1,0.098,0.9999877214431763,-0.2138412743806839,0,False
376,47.94207020918839,47.92,0.10000000000000142,162,0.15380938527682142,-1.0820357014063433,2.0261858933225776,1.2484779041787781,0.21019218862056732,-0.0075164296268406625,0.5590414950105433,-0.0075164296268406625,0.0,-0.0,False,False,49,1.0,50,0.164,0.1,0.098,0.9999849200248718,-0.22379659116268158,0,False
377,48.042270589154214,48.02,0.10000000000000142,159,0.14453163350245002,-1.0619966912153163,1.9813221341978136,1.2695181167175986,0.2137344926595688,-0.007431337498825393,0.5516101575117179,-0.007431337498825393,0.0,-0.0,False,False,49,1.0,50,0.184,0.1,0.098,0.9999813437461853,-0.23408830165863037,0,False
378,48.24234779202379,48.220000000000006,0.19999999999999574,322,0.1288113080664536,-1.0207266383415992,1.8856335679083802,1.3107044301215596,0.22066856920719147,-0.014546877540923743,0.5370632799707942,-0.014546877540923743,0.0,-0.0,True,True,50,1.0,50,0.024,0.1,0.1,0.9999967217445374,-0.25171980261802673,0,False
379,48.342220545047894,48.32,0.10000000000000142,161,0.12248778186440985,-0.9995576872906067,1.8352990015562294,1.3307563580683874,0.22404448688030243,-0.007082278460831574,0.5299810015099626,-0.007082278460831574,0.0,-0.0,False,False,50,1.0,50,0.044,0.1,0.1,0.9999967217445374,-0.25984877347946167,0,False
380,48.442424985114485,48.42,0.10000000000000142,160,0.11725406576925212,-0.9780895779323273,1.7833567735293583,1.3503855699833904,0.22734923660755157,-0.006932976475746641,0.523048025034216,-0.006932976475746641,0.0,-0.0,False,False,50,1.0,50,0.064,0.1,0.1,0.9999967813491821,-0.2681598961353302,0,False
381,48.542630745097995,48.52,0.10000000000000142,161,0.11315976080530045,-0.9563720943327348,1.7297570750810678,1.3695417931056648,0.2305743545293808,-0.006765918308180938,0.516282106726035,-0.006765918308180938,0.0,-0.0,False,False,50,1.0,50,0.084,0.1,0.1,0.9999967217445374,-0.276837557554245,0,False
382,48.74258139915764,48.720000000000006,0.19999999999999574,322,0.10858961842238253,-0.9124180585548491,1.6171194263307132,1.4062172768274748,0.23674899339675903,-0.012953666554773575,0.5033284401712614,-0.012953666554773575,0.0,-0.0,False,False,50,1.0,50,0.124,0.1,0.1,0.9999963045120239,-0.29638224840164185,0,False
383,48.842535611009225,48.82,0.10000000000000142,162,0.10821044557715202,-0.8903124649579328,1.5578639776535126,1.423620414429993,0.23967896401882172,-0.0061467339659327805,0.49718170620532864,-0.0061467339659327805,0.0,-0.0,False,False,50,1.0,50,0.144,0.1,0.1,0.9999960064888,-0.3065771460533142,0,False
384,48.942643692018464,48.92,0.10000000000000142,163,0.10916331457247903,-0.8682202489719798,1.4965772655234446,1.440317786195457,0.24249011278152466,-0.005897459671739446,0.4912842465335892,-0.005897459671739446,0.0,-0.0,False,False,50,1.0,50,0.164,0.1,0.1,0.9999957084655762,-0.3170439600944519,0,False
385,49.043783334083855,49.02,0.10099999999999909,164,0.11149095071705016,-0.8462262999693542,1.4332012640729757,1.4562424797871707,0.2451711744070053,-0.0056245521487512705,0.4856596943848379,-0.0056245521487512705,0.0,-0.0,False,False,50,1.0,50,0.184,0.1,0.1,0.9999954104423523,-0.3277895748615265,0,False
386,49.1436733470764,49.120000000000005,0.10000000000000142,161,0.11523052807922896,-0.8244241022236343,1.3677286707647003,1.4713244850750729,0.24771036207675934,-0.005326917266005589,0.4803327771188323,-0.005326917266005589,0.0,-0.0,True,True,51,1.0,50,0.004,0.1,0.102,0.9999985098838806,-0.28331583738327026,0,False
387,49.24444967205636,49.220000000000006,0.10099999999999909,162,0.12029923936542351,-0.8029093725739538,1.3119807003696675,1.4855636250423994,0.25010764598846436,-0.0050292198614904715,0.47530355725734186,-0.0050292198614904715,0.0,-0.0,False,False,51,1.0,50,0.024,0.1,0.102,0.9999985098838806,-0.2864075303077698,0,False
388,49.344699192093685,49.32,0.10000000000000142,160,0.12657305006222455,-0.7817129240102876,1.2544507881532054,1.4990322995455228,0.25237521529197693,-0.004757093860618642,0.47054646339672324,-0.004757093860618642,0.0,-0.0,False,False,51,1.0,50,0.044,0.1,0.102,0.9999987483024597,-0.2898262143135071,0,False
389,49.545103912008926,49.52,0.19999999999999574,321,0.14272303397035416,-0.7405740449056392,1.137860174829136,1.5235082304518845,0.25649595260620117,-0.008644822519140886,0.46190164087758234,-0.008644822519140886,0.0,-0.0,False,False,51,1.0,50,0.084,0.1,0.102,0.9999994039535522,-0.2982897460460663,0,False
390,49.64477204717696,49.620000000000005,0.10000000000000142,161,0.15258061576701262,-0.7207837200188467,1.0785059204579701,1.5344425559484598,0.2583368420600891,-0.0038619696895712753,0.4580396711880111,-0.0038619696895712753,0.0,-0.0,False,False,51,1.0,50,0.104,0.1,0.102,0.9999995827674866,-0.30256080627441406,0,False
391,49.74479976808652,49.720000000000006,0.10000000000000142,161,0.16360416015470036,-0.7016161362984329,1.018278202248489,1.544460642675887,0.26002347469329834,-0.0035383570116819503,0.45450131417632916,-0.0035383570116819503,0.0,-0.0,False,False,51,1.0,50,0.124,0.1,0.102,0.9999997019767761,-0.30660971999168396,0,False
392,49.84486936009489,49.82,0.10000000000000142,159,0.17577039932348767,-0.6831511371049964,0.9572300516781113,1.5535267332478895,0.26154983043670654,-0.0032021149363944154,0.4512991992399347,-0.0032021149363944154,0.0,-0.0,False,False,51,1.0,50,0.144,0.1,0.102,0.9999998211860657,-0.31045037508010864,0,False
393,50.04528135014698,50.02,0.19999999999999574,319,0.20339524504714884,-0.648638250027288,0.8334078309398789,1.568680253308345,0.2641010582447052,-0.0053521760608022445,0.4459470231791325,-0.0053521760608022445,0.0,-0.0,False,False,51,1.0,50,0.184,0.1,0.102,0.9999998807907104,-0.3132306933403015,0,False
394,50.144911115057766,50.120000000000005,0.10000000000000142,159,0.21876018134845687,-0.6327328719989284,0.7711323549650093,1.5747237826393887,0.2651185393333435,-0.002134555725621667,0.44381246745351083,-0.002134555725621667,0.0,-0.0,True,True,52,1.0,50,0.004,0.1,0.104,0.9975070357322693,0.07716457545757294,0,False
395,50.24516937509179,50.220000000000006,0.10000000000000142,161,0.23442833667814045,-0.6175254199968382,0.786388647484913,1.5802960933453414,0.26605668663978577,-0.0019681227757489934,0.44184434467776185,-0.0019681227757489934,0.0,-0.0,False,False,52,1.0,50,0.024,0.1,0.104,0.997480034828186,0.08354067802429199,0,False
396,50.34486614912748,50.32,0.10000000000000142,162,0.24988078342926534,-0.6019806319758196,0.7985444161450493,1.5865486794743688,0.26710936427116394,-0.0022083939351632657,0.4396359507425986,-0.0022083939351632657,0.0,-0.0,False,False,52,1.0,50,0.044,0.1,0.104,0.9974675178527832,0.0894063413143158,0,False
397,50.54515835014172,50.52,0.19999999999999574,320,0.27991804421209715,-0.5700829474150569,0.8342634315018171,1.6009937784463137,0.26954132318496704,-0.005101963940069405,0.4345339868025292,-0.005101963940069405,0.0,-0.0,False,False,52,1.0,50,0.084,0.1,0.104,0.9974566102027893,0.10393254458904266,0,False
398,50.645078463014215,50.620000000000005,0.10000000000000142,164,0.2944594201915313,-0.5537036661577409,0.8555766253501483,1.6092112506529193,0.27092480659484863,-0.0029023855743772063,0.431631601228152,-0.0029023855743772063,0.0,-0.0,False,False,52,1.0,50,0.104,0.1,0.104,0.997468888759613,0.11214107275009155,0,False
399,50.74538695206866,50.720000000000006,0.10000000000000142,160,0.30863901953964495,-0.5370129390189945,0.8783014213085909,1.6181196192884244,0.2724246084690094,-0.003146408039949421,0.42848519318820255,-0.003146408039949421,0.0,-0.0,False,False,52,1.0,50,0.124,0.1,0.104,0.9974800944328308,0.12034409493207932,0,False
400,50.84539147419855,50.82,0.10000000000000142,165,0.32242240415510465,-0.5199956858284671,0.902422534108207,1.6277358779621487,0.27404358983039856,-0.003396432595374265,0.4250887605928283,-0.003396432595374265,0.0,-0.0,False,False,52,1.0,50,0.144,0.1,0.104,0.9974695444107056,0.12503555417060852,0,False
401,50.946341118076816,50.92,0.09999999999999432,164,0.3357820766366297,-0.5026459558749394,0.9273971092568216,1.6380642750764223,0.2757824659347534,-1.5036479576732624,-1.078559197080434,-0.003647957673262365,-1.5,-0.0,False,False,52,1.0,50,0.164,0.1,0.104,0.9974647760391235,0.12918275594711304,4,True
