ppo_step,t_wall_s,t_sim_s,ppo_step_sim_dt,inner_ticks,x,y,yaw,goal_distance_m,goal_distance_norm,ppo_reward,ppo_reward_cumulative,navigation_reward,terminal_reward,frame_cost_reward,fresh_observation,frame_consumed,episode_frame_count,current_fps,scan_divisor_k,obs_age_ratio,fps_ratio,frame_count_ratio,action_linear,action_angular,outcome,done
1,0.05743346409872174,0.06,0.1,43,2.498297331596593,2.4996504000370203,-2.9360637025907153,2.254364954649824,0.3795420825481415,0.0005304472316053692,0.0005304472316053692,0.0005304472316053692,0.0,-0.0,False,False,1,10.0,5,0.012,1.0,0.002,0.9999995231628418,0.33028358221054077,0,False
2,0.15823524678125978,0.16000000000000003,0.10000000000000003,152,2.488503125223821,2.4976202849863505,-2.936673465107851,2.2443643925820074,0.37785840034484863,0.0019337352196400416,0.002464182451245411,0.004433735219640042,0.0,-0.0025,True,True,2,10.0,5,0.012,1.0,0.004,0.9999995231628418,0.37280869483947754,0,False
3,0.2585317138582468,0.26,0.09999999999999998,159,2.47092751930017,2.493866618902306,-2.915044907475522,2.226394004760066,0.3748329281806946,0.005467146332018877,0.007931328783264288,0.007967146332018877,0.0,-0.0025,True,True,3,10.0,5,0.012,1.0,0.006,0.9999988675117493,0.37159135937690735,0,False
4,0.3587446417659521,0.36,0.09999999999999998,156,2.450003017464242,2.488239069728514,-2.8459561080026923,2.204742730352795,0.3711877465248108,0.007099062256564528,0.015030391039828816,0.009599062256564529,0.0,-0.0025,True,True,4,10.0,5,0.012,1.0,0.008,0.9999752044677734,0.24849353730678558,0,False
5,0.45815549697726965,0.4600000000000001,0.10000000000000009,156,2.429161796321647,2.481432456774451,-2.8060569501243435,2.1829124919973775,0.36751243472099304,0.007178405672920812,0.022208796712749626,0.009678405672920812,0.0,-0.0025,True,True,5,10.0,5,0.012,1.0,0.01,0.9998701810836792,-0.06109889969229698,0,False
6,0.5592167377471924,0.56,0.09999999999999998,157,2.408238311000621,2.4744695448623704,-2.8348198123270327,2.1609696709802173,0.3638181686401367,0.0072283190387000245,0.029437115751449652,0.009728319038700025,0.0,-0.0025,True,True,6,10.0,5,0.012,1.0,0.012,0.999189555644989,-0.30404430627822876,0,False
7,0.6585375028662384,0.66,0.09999999999999998,156,2.3869594141807022,2.4685368606404112,-2.897432469265046,2.1389077176810565,0.3601038455963135,0.0072811361694693315,0.03671825192091899,0.009781136169469332,0.0,-0.0025,True,True,7,10.0,5,0.012,1.0,0.014,0.997596263885498,-0.23087702691555023,0,False
8,0.7590567488223314,0.76,0.09999999999999998,157,2.3655539228776186,2.4636230007565163,-2.9346744491365757,2.116945778853412,0.3564063608646393,0.007236794893266257,0.043955046814185245,0.009736794893266258,0.0,-0.0025,True,True,8,10.0,5,0.012,1.0,0.016,0.9826356768608093,-0.017949700355529785,0,False
9,0.9604399269446731,0.9600000000000001,0.20100000000000007,319,2.324423338469992,2.454976082960907,-2.950739121701566,2.0749200519557687,0.34933096170425415,0.016132047300291098,0.06008709411447634,0.018632047300291096,0.0,-0.0025,True,True,10,10.0,5,0.012,1.0,0.02,0.807697057723999,-0.3655441701412201,0,False
10,1.1600121199153364,1.1600000000000001,0.19999999999999996,322,2.2918592419239827,2.4510480978348324,-3.091563967962231,2.0422898438274584,0.3438373804092407,0.011966557181646648,0.07205365129612298,0.014466557181646649,0.0,-0.0025,True,True,12,10.0,5,0.012,1.0,0.024,0.9992051124572754,0.15831665694713593,0,False
11,1.2614275678060949,1.2599999999999998,0.10099999999999998,163,2.2722981275140817,2.4501230742905986,-3.0917922008296586,2.023010240020853,0.3405914902687073,0.006047585409538404,0.07810123670566138,0.008547585409538405,0.0,-0.0025,True,True,13,10.0,5,0.012,1.0,0.026,0.9990701079368591,0.09648054838180542,0,False
12,1.362037322949618,1.3599999999999999,0.10099999999999998,162,2.250410445934055,2.448793286802367,-3.0734695448598086,2.0013786144743584,0.3369496166706085,0.007090350961593453,0.08519158766725483,0.009590350961593453,0.0,-0.0025,True,True,14,10.0,5,0.012,1.0,0.028,0.9990413188934326,0.04486256465315819,0,False
13,1.4616939150728285,1.46,0.10000000000000009,161,2.228627531672581,2.447220859130192,-3.056579948430099,1.9798006250072784,0.33331677317619324,0.007066571480727072,0.09225815914798191,0.009566571480727072,0.0,-0.0025,True,True,15,10.0,5,0.012,1.0,0.03,0.9856796860694885,0.1765911877155304,0,False
14,1.5618871529586613,1.56,0.10000000000000009,157,2.2070539091987746,2.4449399649450996,-3.024363293127281,1.9582711381334645,0.3296920955181122,0.007045067923771995,0.0993032270717539,0.009545067923771995,0.0,-0.0025,True,True,16,10.0,5,0.012,1.0,0.032,0.9915723204612732,0.07423903048038483,0,False
15,1.6630684831179678,1.6600000000000001,0.10099999999999998,159,2.185392675338481,2.442243032065275,-3.009521713016912,1.9365651655461964,0.3260377049446106,0.0071233126182400994,0.106426539689994,0.0096233126182401,0.0,-0.0025,True,True,17,10.0,5,0.012,1.0,0.034,0.9976720809936523,0.08275304734706879,0,False
16,1.8628230448812246,1.8599999999999999,0.19999999999999973,313,2.1419126668771673,2.436331581726618,-3.020549472171977,1.8928887573266238,0.3186843991279602,0.016863874557980284,0.1232904142479743,0.019363874557980283,0.0,-0.0025,True,True,19,10.0,5,0.012,1.0,0.038,0.996467113494873,-0.11715438961982727,0,False
17,1.9629365936852992,1.96,0.10000000000000009,158,2.1201082771654507,2.433992604501371,-3.050937068765483,1.8711342821460892,0.3150218427181244,0.007144816175195275,0.13043523042316957,0.009644816175195275,0.0,-0.0025,True,True,20,10.0,5,0.012,1.0,0.04,0.9884498715400696,-0.23416103422641754,0,False
18,2.0628042239695787,2.06,0.10000000000000009,157,2.0982950632483606,2.4325735375785524,-3.0911648945583377,1.8495904569144122,0.31139475107192993,0.00705142481469662,0.13748665523786618,0.00955142481469662,0.0,-0.0025,True,True,21,10.0,5,0.012,1.0,0.042,0.9974213242530823,0.26283755898475647,0,False
19,2.1630424419417977,2.1599999999999997,0.10000000000000009,156,2.0765294091078355,2.4308618159681896,-3.0316604662830193,1.828031408241053,0.30776509642601013,0.007058174106295686,0.14454482934416188,0.009558174106295687,0.0,-0.0025,True,True,22,10.0,5,0.012,1.0,0.044,0.9983755946159363,0.3034122586250305,0,False
20,2.2632655100896955,2.26,0.10000000000000009,156,2.0548628074585764,2.4278512013894886,-2.9809333464211023,1.8062668431049849,0.3041008412837982,0.007149289542883037,0.15169411888704493,0.009649289542883037,0.0,-0.0025,True,True,23,10.0,5,0.012,1.0,0.046,0.9964351058006287,-0.11828865110874176,0,False
21,2.463468936737627,2.46,0.19999999999999973,311,2.0114952265496826,2.4213463843845857,-2.983858522848232,1.7625971615224345,0.29674866795539856,0.016860892312855143,0.16855501119990007,0.019360892312855142,0.0,-0.0025,True,True,25,10.0,5,0.012,1.0,0.05,0.9942569136619568,0.04695459082722664,0,False
22,2.563267419114709,2.56,0.10000000000000009,156,1.9899365601679755,2.4177691967699784,-2.9627916176667353,1.740809230173552,0.29308047890663147,0.0071596489206862315,0.1757146601205863,0.009659648920686232,0.0,-0.0025,True,True,26,10.0,5,0.012,1.0,0.052,0.9930222034454346,0.21717216074466705,0,False
23,2.6636574948206544,2.6599999999999997,0.10000000000000009,157,1.9686408528886479,2.4133645664282812,-2.9179048425310574,1.7190790062896506,0.28942200541496277,0.0071340643967177375,0.18284872451730405,0.009634064396717738,0.0,-0.0025,True,True,27,10.0,5,0.012,1.0,0.054,0.9898169040679932,0.1934250444173813,0,False
24,2.7634067670442164,2.76,0.10000000000000009,156,1.9476002661951208,2.408140984484304,-2.8772412462741332,1.6973997632337081,0.2857721149921417,0.007111462117874284,0.18996018663517833,0.009611462117874284,0.0,-0.0025,True,True,28,10.0,5,0.012,1.0,0.056,0.9872276782989502,0.1974606066942215,0,False
25,2.963808543048799,2.96,0.19999999999999973,316,1.9065338381180308,2.395361659575837,-2.8041539655216647,1.6544671794553951,0.27854403853416443,0.0165341010312447,0.20649428766642303,0.0190341010312447,0.0,-0.0025,True,True,30,10.0,5,0.012,1.0,0.06,0.9751190543174744,0.15794526040554047,0,False
26,3.0635483348742127,3.06,0.10000000000000009,157,1.8862888090169383,2.3879117452692733,-2.7770355583852613,1.6330302723490204,0.27493494749069214,0.007004022813233457,0.21349831047965648,0.009504022813233457,0.0,-0.0025,True,True,31,10.0,5,0.012,1.0,0.062,0.9402562975883484,-0.13162051141262054,0,False
27,3.1634371047839522,3.1599999999999997,0.10000000000000009,156,1.867277290154827,2.380992320842047,-2.8121037592929676,1.6129206369372115,0.2715493142604828,0.006415578761956985,0.21991388924161345,0.008915578761956986,0.0,-0.0025,True,True,32,10.0,5,0.012,1.0,0.064,0.799640417098999,-0.36663565039634705,0,False
28,3.2639208007603884,3.26,0.10000000000000009,157,1.8500117422143247,2.37574924712723,-2.8777553714799864,1.594905640890806,0.26851633191108704,0.005486923326006983,0.22540081256762043,0.007986923326006984,0.0,-0.0025,True,True,33,10.0,5,0.012,1.0,0.066,0.9455954432487488,0.3964756727218628,0,False
29,3.4639732600189745,3.46,0.19999999999999973,318,1.821039046742163,2.3667844122265884,-2.8148315598711116,1.5646375444579195,0.263420432806015,0.010919318261903545,0.23632013082952397,0.013419318261903545,0.0,-0.0025,True,True,35,10.0,5,0.012,1.0,0.07,0.7724614143371582,0.14827270805835724,0,False
30,3.5635123029351234,3.56,0.10000000000000009,157,1.806483566854933,2.361646225721299,-2.7853152877161276,1.5492839954544313,0.26083552837371826,0.004306974498194147,0.2406271053277181,0.006806974498194148,0.0,-0.0025,True,True,36,10.0,5,0.012,1.0,0.072,0.4188627600669861,0.15749087929725647,0,False
31,3.6636995309963822,3.6599999999999997,0.10000000000000009,158,1.7980204840006486,2.3584027052417005,-2.762199691024258,1.5402979164596418,0.2593226432800293,0.0014839655666838794,0.24211107089440198,0.003983965566683879,0.0,-0.0025,True,True,37,10.0,5,0.012,1.0,0.074,0.25185155868530273,-0.12343455106019974,0,False
32,3.763723070733249,3.76,0.10000000000000009,155,1.7933849045078432,2.356607922848834,-2.789793539530578,1.5353722479916525,0.2584933638572693,-0.0003162117670289493,0.24179485912737303,0.0021837882329710507,0.0,-0.0025,True,True,38,10.0,5,0.012,1.0,0.076,0.13398253917694092,-0.11923869699239731,0,False
33,3.864169186912477,3.86,0.09999999999999964,158,1.7899394434673168,2.3553825664521537,-2.8081990626013096,1.5317363236643147,0.257881224155426,-0.0008880180297122519,0.24090684109766078,0.0016119819702877481,0.0,-0.0025,True,True,39,10.0,5,0.012,1.0,0.078,0.28971076011657715,0.13172894716262817,0,False
34,3.96402537683025,3.9599999999999995,0.10000000000000053,158,1.7841310725426525,2.353262608228927,-2.7755941490649723,1.5255947270461556,0.25684723258018494,0.00022286827941254755,0.24112970937707331,0.0027228682794125476,0.0,-0.0025,True,True,40,10.0,5,0.012,1.0,0.08,0.2911079227924347,0.18195953965187073,0,False
35,4.064968758728355,4.0600000000000005,0.10099999999999998,158,1.7783829391943489,2.350945918043139,-2.74672839437403,1.519466760718805,0.2558155357837677,0.0002168253090273171,0.24134653468610062,0.002716825309027317,0.0,-0.0025,True,True,41,10.0,5,0.012,1.0,0.082,0.1597144901752472,-0.23100674152374268,0,False
36,4.164631011895835,4.16,0.09999999999999964,157,1.7749309553763073,2.3495857771519923,-2.7951595786333696,1.5157940169046082,0.2551971971988678,-0.0008716941616587733,0.24047484052444185,0.0016283058383412268,0.0,-0.0025,True,True,42,10.0,5,0.012,1.0,0.084,0.12563364207744598,-0.20097856223583221,0,False
37,4.266168388072401,4.260000000000001,0.10099999999999998,160,1.771785787333727,2.3485176454762735,-2.8272361757006808,1.5124873437578374,0.25464048981666565,-0.001033991080575668,0.23944084944386618,0.001466008919424332,0.0,-0.0025,True,True,43,10.0,5,0.012,1.0,0.086,0.23882439732551575,0.12088195234537125,0,False
38,4.367183949798346,4.36,0.10099999999999998,159,1.766793080598424,2.3467929090312714,-2.7962781633165052,1.507231716042226,0.253755658864975,-0.00016992479562594111,0.23927092464824024,0.002330075204374059,0.0,-0.0025,True,True,44,10.0,5,0.012,1.0,0.088,0.25340721011161804,0.13990315794944763,0,False
39,4.467944162897766,4.46,0.10099999999999998,160,1.7617686273575064,2.3449070433303625,-2.767592000636402,1.5019082909061,0.2528594136238098,-0.00013986690396968447,0.23913105774427054,0.0023601330960303156,0.0,-0.0025,True,True,45,10.0,5,0.012,1.0,0.09,0.22600993514060974,0.1272396445274353,0,False
40,4.569116983097047,4.5600000000000005,0.10099999999999998,161,1.7570642449977791,2.3430026162948043,-2.749787233234794,1.496892520905364,0.25201496481895447,-0.00027626537837868856,0.23885479236589185,0.0022237346216213115,0.0,-0.0025,True,True,46,10.0,5,0.012,1.0,0.092,0.04207244887948036,-0.31761741638183594,0,False
41,4.670078204013407,4.66,0.10099999999999998,160,1.7552200899096255,2.3422578592007484,-2.8024229830313554,1.4949267497439673,0.2516840100288391,-0.0016284781022372716,0.2372263142636546,0.0008715218977627284,0.0,-0.0025,True,True,47,10.0,5,0.012,1.0,0.094,-0.01285291463136673,-0.3280651867389679,0,False
42,4.7711152750998735,4.760000000000001,0.10099999999999998,160,1.755349156075153,2.342286939941111,-2.862068598042397,1.4950589812664854,0.2517062723636627,-0.002558624660749992,0.2346676896029046,-5.86246607499917e-05,0.0,-0.0025,True,True,48,10.0,5,0.012,1.0,0.096,0.48368021845817566,0.8627104163169861,0,False
43,4.8717516688629985,4.86,0.10099999999999998,160,1.755097085354391,2.342210636933362,-2.8125765651223347,1.494796111372323,0.251662015914917,-0.002383456999713853,0.23228423260319075,0.00011654300028614705,0.0,-0.0025,True,True,49,10.0,5,0.012,1.0,0.098,0.39325061440467834,0.9122186303138733,0,False
44,4.972663710825145,4.96,0.10099999999999998,161,1.7520738962230702,2.340980596604092,-2.698430049560863,1.491571751020694,0.2511191666126251,-0.001070484343291596,0.23121374825989915,0.0014295156567084041,0.0,-0.0025,True,True,50,10.0,5,0.012,1.0,0.1,0.073471799492836,0.026524757966399193,0,False
45,5.073579193092883,5.0600000000000005,0.10099999999999998,162,1.7497850073532673,2.3398628704131355,-2.68408447008712,1.4890880288085775,0.25070101022720337,-0.0013988452275995073,0.22981490303229965,0.0011011547724004928,0.0,-0.0025,True,True,51,10.0,5,0.012,1.0,0.102,-0.14364385604858398,-0.27706581354141235,0,False
46,5.1748741921037436,5.16,0.10099999999999998,160,1.7512848830628627,2.340559768634247,-2.7236019101329267,1.4907075551800872,0.2509736716747284,-0.003218014753951364,0.22659688827834829,-0.0007180147539513637,0.0,-0.0025,True,True,52,10.0,5,0.012,1.0,0.104,-0.12033311277627945,-0.2141227126121521,0,False
47,5.275621684733778,5.260000000000001,0.10099999999999998,158,1.7532384907556637,2.3413857896403747,-2.770963564041152,1.4927981231599248,0.2513256371021271,-0.003426850392848085,0.2231700378855002,-0.0009268503928480849,0.0,-0.0025,True,True,53,10.0,5,0.012,1.0,0.106,-0.051442768424749374,-0.4126846492290497,0,False
48,5.37700570281595,5.36,0.10099999999999998,159,1.7542112495135918,2.3417028499751793,-2.8488991666635033,1.4938177397191001,0.2514972984790802,-0.0029520455768673693,0.22021799230863282,-0.0004520455768673691,0.0,-0.0025,True,True,54,10.0,5,0.012,1.0,0.108,0.048346467316150665,0.003335552988573909,0,False
49,5.476645915769041,5.46,0.10000000000000053,158,1.7541783716842276,2.3416958134482595,-2.846177210157758,1.4937841065339885,0.25149163603782654,-0.0024850887743741944,0.21773290353425861,1.491122562580584e-05,0.0,-0.0025,True,True,55,10.0,5,0.012,1.0,0.11,-0.014086239039897919,0.04500395804643631,0,False
50,5.577808655798435,5.5600000000000005,0.10099999999999998,160,1.754528426788839,2.3418057731047788,-2.8426496824718477,1.494150000184651,0.2515532374382019,-0.0026622184387821443,0.21507068509547647,-0.0001622184387821443,0.0,-0.0025,True,True,56,10.0,5,0.012,1.0,0.112,-0.010265675373375416,-0.05155378580093384,0,False
51,5.679281742777675,5.680000000000001,0.10099999999999998,157,1.7541042809317848,2.3416781719559827,-2.8473890595366935,1.493707812308814,0.25147879123687744,-0.002303956623087674,0.2127667284723888,0.000196043376912326,0.0,-0.0025,True,True,57,10.0,5,0.016,1.0,0.114,0.07486806809902191,0.09508644789457321,0,False
52,5.7792557729408145,5.78,0.09999999999999964,156,1.7525247035184137,2.34118722382485,-2.849370292570482,1.4920578390539398,0.25120100378990173,-0.0017684866628504049,0.2109982418095384,0.0007315133371495953,0.0,-0.0025,True,True,58,10.0,5,0.016,1.0,0.116,0.01375904306769371,-0.37018153071403503,0,False
53,5.880406552925706,5.88,0.10099999999999998,159,1.7519918467528726,2.3410362857548743,-2.9030326835860505,1.4915046616672345,0.2511078715324402,-0.002254749578522495,0.2087434922310159,0.00024525042147750494,0.0,-0.0025,True,True,59,10.0,5,0.016,1.0,0.118,-0.032097067683935165,-0.029654983431100845,0,False
54,5.98010367481038,5.98,0.10000000000000053,161,1.752466210661457,2.3411555511873363,-2.886547383781476,1.491993758985464,0.2511902153491974,-0.002716840612653566,0.20602665161836234,-0.00021684061265356597,0.0,-0.0025,True,True,60,10.0,5,0.016,1.0,0.12,0.3072616159915924,0.9161797761917114,0,False
55,6.081376274116337,6.08,0.10099999999999998,161,1.7522713868317061,2.341095155485049,-2.7960538590209256,1.4917901897071564,0.25115594267845154,-0.002409747844896283,0.20361690377346606,9.02521551037171e-05,0.0,-0.0025,True,True,61,10.0,5,0.016,1.0,0.122,-0.042170267552137375,-0.20846085250377655,0,False
56,6.181751379743218,6.180000000000001,0.10099999999999998,161,1.750718556399971,2.3405539200311583,-2.8102794328948875,1.4901547318269093,0.2508805990219116,-0.0017749220339099776,0.2018419817395561,0.0007250779660900224,0.0,-0.0025,True,True,62,10.0,5,0.016,1.0,0.124,0.11794666200876236,-0.018354127183556557,0,False
57,6.2827511709183455,6.28,0.10099999999999998,165,1.7482697722554947,2.339708711720236,-2.8098473648345035,1.4875777217802986,0.25044673681259155,-0.0013574861965214753,0.2004844955430346,0.0011425138034785248,0.0,-0.0025,True,True,63,10.0,5,0.016,1.0,0.126,0.11793722957372665,0.015268674120306969,0,False
58,6.383069877978414,6.38,0.09999999999999964,160,1.7465474266097394,2.3391109439325284,-2.8072677453457935,1.4857643620524872,0.250141441822052,-0.0016960494983628846,0.19878844604467172,0.0008039505016371154,0.0,-0.0025,True,True,64,10.0,5,0.016,1.0,0.128,0.06087889522314072,0.021070638671517372,0,False
59,6.483843260910362,6.48,0.10099999999999998,164,1.745771713117931,2.3388399417562042,-2.802317750628279,1.4849472526710368,0.2500038743019104,-0.0021377356974270584,0.19665071034724466,0.00036226430257294185,0.0,-0.0025,True,True,65,10.0,5,0.016,1.0,0.13,0.02139962837100029,0.01737961918115616,0,False
60,6.5850182408466935,6.58,0.10099999999999998,163,1.7448405251370271,2.3385094589024655,-2.796998500533457,1.483965252174157,0.24983854591846466,-0.0020646314517929784,0.19458607889545168,0.00043536854820702166,0.0,-0.0025,True,True,66,10.0,5,0.016,1.0,0.132,0.048520106822252274,0.0487046055495739,0,False
61,6.685939292889088,6.680000000000001,0.10099999999999998,164,1.743359677977263,2.3379704670459223,-2.7908944082506815,1.4824005124910264,0.24957510828971863,-0.0018062748477916829,0.19277980404765999,0.0006937251522083172,0.0,-0.0025,True,True,67,10.0,5,0.016,1.0,0.134,0.08663532137870789,0.015599102713167667,0,False
62,6.786875963676721,6.78,0.10099999999999998,160,1.7419947538752127,2.337469272401374,-2.785956034130374,1.4809572948162073,0.24933212995529175,-0.001860151460381893,0.19091965258727808,0.0006398485396181071,0.0,-0.0025,True,True,68,10.0,5,0.016,1.0,0.136,0.05096855014562607,0.019838085398077965,0,False
63,6.886927423067391,6.88,0.09999999999999964,159,1.7385959156172033,2.336194111966275,-2.7801378874294427,1.47735730489191,0.2487260401248932,-0.0009039494970914863,0.1900157030901866,0.0015960505029085138,0.0,-0.0025,True,True,69,10.0,5,0.016,1.0,0.138,0.27813875675201416,0.045163195580244064,0,False
64,6.987681715749204,6.98,0.10099999999999998,162,1.7328202077373012,2.333973202305162,-2.7646281440112106,1.4712280109388314,0.24769411981105804,0.00021741391003883125,0.1902331170002254,0.0027174139100388313,0.0,-0.0025,True,True,70,10.0,5,0.016,1.0,0.14,0.28729763627052307,0.11638694256544113,0,False
65,7.088579517789185,7.08,0.10000000000000053,158,1.7288066317554032,2.3323443618635613,-2.7482742672309812,1.4669496042674783,0.24697381258010864,-0.0006031743801913551,0.18962994262003405,0.001896825619808645,0.0,-0.0025,True,True,71,10.0,5,0.016,1.0,0.142,0.0498197041451931,0.04080347344279289,0,False
66,7.188939264975488,7.180000000000001,0.09999999999999964,151,1.7292053813860604,2.332510192306258,-2.7418933501181946,1.4673755951094325,0.24704553186893463,-0.0026888624445714432,0.1869410801754626,-0.0001888624445714432,0.0,-0.0025,True,True,72,10.0,5,0.016,1.0,0.144,-0.21407146751880646,0.3130784332752228,0,False
67,7.289029383100569,7.28,0.10000000000000053,157,1.734022214620156,2.334730220822295,-2.6895071850735652,1.472570594583461,0.24792015552520752,-0.004803195758180116,0.1821378844172825,-0.002303195758180115,0.0,-0.0025,True,True,73,10.0,5,0.016,1.0,0.146,-0.2874869406223297,0.22355099022388458,0,False
68,7.390188752673566,7.38,0.10099999999999998,160,1.7372693361212335,2.3363642911984077,-2.64228786382683,1.4761043802381175,0.24851509928703308,-0.004066698932466094,0.1780711854848164,-0.0015666989324660935,0.0,-0.0025,True,True,74,10.0,5,0.016,1.0,0.148,0.41589096188545227,0.40101563930511475,0,False
69,7.490986455697566,7.48,0.10099999999999998,158,1.7319630478592416,2.333261944425537,-2.5929961144886784,1.4702318491008521,0.2475264072418213,0.00010357847440580544,0.17817476395922222,0.0026035784744058055,0.0,-0.0025,True,True,75,10.0,5,0.016,1.0,0.15,0.6785864233970642,0.5699778199195862,0,False
70,7.591039194725454,7.58,0.09999999999999964,159,1.7242045304497342,2.3281888138065936,-2.5154678630581335,1.4615288199112921,0.24606117606163025,0.0013584758310222094,0.17953323979024444,0.0038584758310222095,0.0,-0.0025,True,True,76,10.0,5,0.016,1.0,0.152,-0.24036072194576263,-0.09808218479156494,0,False
71,7.690898675005883,7.680000000000001,0.10000000000000053,159,1.7203698942932268,2.3251535591666954,-2.441635595015265,1.4571120746390718,0.24531757831573486,-0.000541842154788242,0.17899139763545618,0.001958157845211758,0.0,-0.0025,True,True,77,10.0,5,0.016,1.0,0.154,0.9207184910774231,0.43058931827545166,0,False
72,7.79172818781808,7.78,0.10099999999999998,158,1.7129355957173753,2.318438246060122,-2.3722379010891603,1.4483748812141088,0.243846595287323,0.00137362249705266,0.18036502013250885,0.00387362249705266,0.0,-0.0025,True,True,78,10.0,5,0.016,1.0,0.156,0.13141144812107086,-0.01262709405273199,0,False
73,7.892951336689293,7.88,0.10099999999999909,159,1.7071154926383334,2.312588015744732,-2.3408436378040434,1.441417768365373,0.2426753044128418,0.0005844262607716528,0.1809494463932805,0.003084426260771653,0.0,-0.0025,True,True,79,10.0,5,0.016,1.0,0.158,0.837003767490387,0.21211571991443634,0,False
74,7.993154685012996,7.9799999999999995,0.09999999999999964,159,1.6955662823543503,2.3002304909297235,-2.304919149632255,1.4274955769135331,0.24033138155937195,0.0036723841276124877,0.18462183052089298,0.006172384127612488,0.0,-0.0025,True,True,80,10.0,5,0.016,1.0,0.16,0.8626481890678406,0.23129059374332428,0,False
75,8.092825367115438,8.08,0.10000000000000142,155,1.684719778585456,2.2876354859493557,-2.2587064259551055,1.414278266214929,0.2381061315536499,0.0033598762305488638,0.18798170675144185,0.005859876230548864,0.0,-0.0025,True,True,81,10.0,5,0.016,1.0,0.162,0.6352589130401611,0.20335739850997925,0,False
76,8.193827358074486,8.18,0.10099999999999909,158,1.6775589060161575,2.278608743422336,-2.217991398230864,1.4054506172236918,0.23661991953849792,0.001413725845972717,0.18939543259741456,0.003913725845972717,0.0,-0.0025,True,True,82,10.0,5,0.016,1.0,0.164,-0.013303478248417377,0.30464884638786316,0,False
77,8.295121625997126,8.28,0.10100000000000087,160,1.6761058103908142,2.2766570070135503,-2.1809961515488037,1.403640355289246,0.23631514608860016,-0.001697422900723182,0.18769800969669137,0.000802577099276818,0.0,-0.0025,True,True,83,10.0,5,0.016,1.0,0.166,-0.48331788182258606,-0.5440129637718201,0,False
78,8.394944206811488,8.379999999999999,0.09999999999999964,157,1.6780045724375077,2.279337817955986,-2.199187042572787,1.4060321172925967,0.2367178201675415,-0.003560384342334073,0.1841376253543573,-0.0010603843423340731,0.0,-0.0025,True,True,84,10.0,5,0.016,1.0,0.168,-0.4781845510005951,-0.5386127829551697,0,False
79,8.495697729755193,8.479999999999999,0.10099999999999909,158,1.6832772080228,2.2860346040143233,-2.2743692414957466,1.4125408466787643,0.23781362175941467,-0.005385636079138732,0.17875198927521857,-0.002885636079138732,0.0,-0.0025,True,True,85,10.0,5,0.016,1.0,0.17,-0.5270372033119202,-0.5364636778831482,0,False
80,8.597012288868427,8.58,0.10100000000000087,159,1.6894801644365294,2.292641919720278,-2.3849276208234986,1.4199628055490963,0.23906317353248596,-0.005790515094947582,0.172961474180271,-0.0032905150949475823,0.0,-0.0025,True,True,86,10.0,5,0.016,1.0,0.172,0.6903892755508423,0.263943076133728,0,False
81,8.69703689776361,8.68,0.09999999999999964,156,1.6909706432183635,2.293902885886187,-2.4714664414500915,1.421681461308304,0.2393525242805481,-0.003261963629480293,0.16969951055079072,-0.0007619636294802929,0.0,-0.0025,True,True,87,10.0,5,0.016,1.0,0.174,0.07876921445131302,0.04812638461589813,0,False
82,8.796853148844093,8.78,0.09999999999999964,155,1.6908782058027112,2.293830602298844,-2.4538323149750627,1.4215761363338753,0.23933479189872742,-0.002453304319750673,0.16724620623104006,4.669568024932734e-05,0.0,-0.0025,True,True,88,10.0,5,0.016,1.0,0.176,0.15248166024684906,0.42957770824432373,0,False
83,8.89721970492974,8.879999999999999,0.10000000000000142,155,1.689093865082117,2.2922425486913727,-2.363632293656588,1.4195025619633574,0.23898568749427795,-0.0015806837000997653,0.1656655225309403,0.0009193162999002347,0.0,-0.0025,True,True,89,10.0,5,0.016,1.0,0.178,0.11678753793239594,0.4175565242767334,0,False
84,8.998117797076702,8.979999999999999,0.10099999999999909,158,1.685819110413171,2.2886600650948923,-2.2763328945531374,1.4155632309029593,0.23832246661186218,-0.0007535030785402103,0.16491201945240008,0.0017464969214597897,0.0,-0.0025,True,True,90,10.0,5,0.016,1.0,0.18,0.8502929210662842,0.33565014600753784,0,False
85,9.098478262778372,9.08,0.09999999999999964,152,1.6798483073063257,2.281028535037022,-2.1856109297194104,1.408175524776412,0.2370786815881729,0.0007753291888497565,0.16568734864124984,0.0032753291888497566,0.0,-0.0025,True,True,91,10.0,5,0.016,1.0,0.182,-0.37707698345184326,-0.12192847579717636,0,False
86,9.198848488740623,9.18,0.09999999999999964,151,1.6783477093432841,2.278721906983382,-2.115768636887681,1.4062462190683471,0.23675386607646942,-0.001644645010021151,0.1640427036312287,0.0008553549899788491,0.0,-0.0025,True,True,92,10.0,5,0.016,1.0,0.184,-0.4072694480419159,-0.5119264125823975,0,False
87,9.299105057027191,9.28,0.10000000000000142,150,1.6790870472094095,2.2799248289745706,-2.1235769154264417,1.4072096328050334,0.23691606521606445,-0.002927128134045335,0.16111557549718336,-0.0004271281340453351,0.0,-0.0025,True,True,93,10.0,5,0.016,1.0,0.186,-0.5861719846725464,-0.7499690651893616,0,False
88,9.399305903818458,9.379999999999999,0.09999999999999964,152,1.6827453600983182,2.285422064124098,-2.1904628106812227,1.4118960631168205,0.2377050668001175,-0.00457772233069052,0.15653785316649285,-0.0020777223306905203,0.0,-0.0025,True,True,94,10.0,5,0.016,1.0,0.188,-0.6188910603523254,-0.73662269115448,0,False
89,9.49942412180826,9.479999999999999,0.09999999999999964,148,1.688435695476118,2.2925956425466705,-2.2999147836950797,1.418931240358368,0.23888950049877167,-0.00561903600025052,0.15091881716624234,-0.00311903600025052,0.0,-0.0025,True,True,95,10.0,5,0.016,1.0,0.19,-0.3808673024177551,-0.47668471932411194,0,False
90,9.599130684044212,9.58,0.09999999999999964,151,1.6942319618202055,2.2985816447286163,-2.3724280457488,1.425844895591604,0.2400534749031067,-0.00556515938766031,0.14535365777858203,-0.0030651593876603097,0.0,-0.0025,True,True,96,10.0,5,0.016,1.0,0.192,-0.4861944913864136,-0.026673417538404465,0,False
91,9.699590699747205,9.68,0.10000000000000142,154,1.7003340027519525,2.3045246427763573,-2.3692964873591786,1.4330633736920104,0.24126876890659332,-0.005700302179911338,0.1396533555986707,-0.003200302179911339,0.0,-0.0025,True,True,97,10.0,5,0.016,1.0,0.194,-0.09406770020723343,0.3399520218372345,0,False
92,9.799652387853712,9.78,0.09999999999999964,151,1.705113972049437,2.309405248128835,-2.326359466583869,1.4387761471999951,0.24223056435585022,-0.00503275015268303,0.13462060544598767,-0.0025327501526830306,0.0,-0.0025,True,True,98,10.0,5,0.016,1.0,0.196,-0.44003826379776,0.1455022394657135,0,False
93,9.899638798087835,9.879999999999999,0.09999999999999964,154,1.7114202930970603,2.316210089180753,-2.3133837025893067,1.4464079594437478,0.24351544678211212,-0.005883553294839368,0.1287370521511483,-0.0033835532948393683,0.0,-0.0025,True,True,99,10.0,5,0.016,1.0,0.198,-0.4063394367694855,0.017896946519613266,0,False
94,9.999460198916495,9.979999999999999,0.09999999999999964,156,1.7164134983803363,2.3216663566781923,-2.3038624798440352,1.4524793689150817,0.2445376217365265,-0.0051917509059354865,0.12354530124521282,-0.002691750905935487,0.0,-0.0025,True,True,100,10.0,5,0.016,1.0,0.2,-0.2648492455482483,0.10473988950252533,0,False
95,10.099293608684093,10.08,0.09999999999999964,153,1.7199278248993326,2.3256825541350734,-2.273403591679347,1.456799286017533,0.2452649176120758,-0.004415229211436257,0.11913007203377657,-0.0019152292114362572,0.0,-0.0025,True,True,101,10.0,5,0.016,1.0,0.202,-0.21349385380744934,0.2071649730205536,0,False
96,10.199267258867621,10.18,0.09999999999999964,155,1.7228335860709711,2.329310496338849,-2.2152847370474507,1.4604453888087863,0.24587877094745636,-0.004116494578042983,0.11501357745573358,-0.0016164945780429833,0.0,-0.0025,True,True,102,10.0,5,0.016,1.0,0.204,0.22895801067352295,0.9168268442153931,0,False
97,10.299542116001248,10.28,0.10000000000000142,156,1.7223746644629685,2.328513866517451,-2.104452869079204,1.459818837973508,0.2457732856273651,-0.002222219562617565,0.11279135789311602,0.0002777804373824349,0.0,-0.0025,True,True,103,10.0,5,0.016,1.0,0.206,0.634881317615509,0.842415452003479,0,False
98,10.39992860192433,10.379999999999999,0.09999999999999964,155,1.7178985893611283,2.3197830670559125,-1.9874434084851476,1.4535121732231562,0.2447115033864975,0.00029605100518137733,0.1130874088982974,0.0027960510051813774,0.0,-0.0025,True,True,104,10.0,5,0.016,1.0,0.208,0.8079967498779297,0.9874289035797119,0,False
99,10.499453224707395,10.479999999999999,0.09999999999999964,152,1.7131394846488763,2.30634084957539,-1.8480843332481953,1.4459625852661635,0.24344046413898468,0.0008470992721909139,0.11393450817048831,0.003347099272190914,0.0,-0.0025,True,True,105,10.0,5,0.016,1.0,0.21,0.9856144189834595,-0.1790294647216797,0,False
100,10.599753180984408,10.58,0.09999999999999964,155,1.709203263822216,2.2916985458712733,-1.8323502216816663,1.4390767216648355,0.24228116869926453,0.0005528380064853027,0.1144873461769736,0.0030528380064853027,0.0,-0.0025,True,True,106,10.0,5,0.016,1.0,0.212,0.42581021785736084,-0.6619091033935547,0,False
101,10.699502802919596,10.68,0.10000000000000142,155,1.7052083425522826,2.278706496789881,-1.9194344906391254,1.4325808259940394,0.24118752777576447,0.0003799462693604692,0.11486729244633408,0.0028799462693604692,0.0,-0.0025,True,True,107,10.0,5,0.016,1.0,0.214,0.367239773273468,-0.7795208692550659,0,False
102,10.799788679927588,10.78,0.09999999999999964,159,1.7021698362472761,2.2715925772995886,-2.0568911884928727,1.4282306390249875,0.24045513570308685,-0.0005713506855004585,0.11429594176083362,0.0019286493144995416,0.0,-0.0025,True,True,108,10.0,5,0.016,1.0,0.216,0.09073000401258469,-0.6427645087242126,0,False
103,10.89976632874459,10.879999999999999,0.09999999999999964,155,1.7008138765139185,2.2693837693301124,-2.1596399093251177,1.426480651298597,0.2401605099439621,-0.0017241453866473299,0.11257179637418628,0.0007758546133526702,0.0,-0.0025,True,True,109,10.0,5,0.016,1.0,0.218,0.9394881725311279,0.853646457195282,0,False
104,10.999965856783092,10.979999999999999,0.09999999999999964,156,1.6983305759908205,2.2657286385233864,-2.16231186770489,1.423355243317902,0.23963432013988495,-0.0011143547386854794,0.1114574416355008,0.0013856452613145206,0.0,-0.0025,True,True,110,10.0,5,0.016,1.0,0.22,0.47601601481437683,0.7568808794021606,0,False
105,11.101019426714629,11.08,0.10100000000000087,156,1.6945796645491134,2.2594031120595237,-2.0698469288030106,1.4185000275218833,0.23881690204143524,-0.0003474468607082338,0.11110999477479257,0.0021525531392917662,0.0,-0.0025,True,True,111,10.0,5,0.016,1.0,0.222,0.9457020163536072,0.7344018220901489,0,False
106,11.200817987788469,11.18,0.09999999999999964,157,1.6878763536456798,2.245569351517578,-1.9661044976085527,1.4094342909834081,0.23729060590267181,0.0015192816273766814,0.11262927640216924,0.004019281627376681,0.0,-0.0025,True,True,112,10.0,5,0.016,1.0,0.224,0.9405477046966553,0.8738518953323364,0,False
107,11.302471032831818,11.299999999999999,0.10099999999999909,159,1.6821796784691136,2.227645266094315,-1.7748224123651182,1.4008008293820002,0.23583708703517914,0.0013276331380171692,0.11395690954018642,0.0038276331380171693,0.0,-0.0025,True,True,114,10.0,5,0.0,1.0,0.228,-0.2923540771007538,0.3901471197605133,0,False
108,11.40345959411934,11.399999999999999,0.10100000000000087,159,1.680949579139,2.2184291447596878,-1.6589200964947075,1.398117697785524,0.23538535833358765,-0.0013104373556652791,0.11264647218452115,0.001189562644334721,0.0,-0.0025,True,True,115,10.0,5,0.0,1.0,0.23,0.967194139957428,-0.40366387367248535,0,False
109,11.504593294113874,11.5,0.10099999999999909,157,1.680081529975942,2.2073966681967567,-1.6540184513365248,1.3955781267844456,0.23495779931545258,-0.0013740847450470725,0.11127238743947407,0.0011259152549529276,0.0,-0.0025,True,True,116,10.0,5,0.0,1.0,0.232,0.9117183685302734,0.21588487923145294,0,False
110,11.605127318762243,11.6,0.10100000000000087,160,1.6783354374139972,2.191450817338421,-1.690208824755233,1.391568166035313,0.2342826873064041,-0.0007221895047259787,0.11055019793474809,0.0017778104952740213,0.0,-0.0025,True,True,117,10.0,5,0.0,1.0,0.234,0.9984923601150513,-0.6775107979774475,0,False
111,11.70523150684312,11.7,0.09999999999999964,156,1.6759385112939154,2.1723364957866056,-1.726624418906204,1.3866891414845706,0.23346126079559326,-0.00033689128256786686,0.11021330665218022,0.002163108717432133,0.0,-0.0025,True,True,118,10.0,5,0.0,1.0,0.236,0.8160924315452576,-0.7174050211906433,0,False
112,11.805276066064835,11.799999999999999,0.09999999999999964,157,1.6723533115345754,2.1560971845710095,-1.8512678996736143,1.3812023298755072,0.23253750801086426,-6.742973948206579e-05,0.11014587691269816,0.0024325702605179343,0.0,-0.0025,True,True,119,10.0,5,0.0,1.0,0.238,0.022991985082626343,-0.9278509616851807,0,False
113,11.905206124763936,11.899999999999999,0.09999999999999964,157,1.6685734058019872,2.1451370563198324,-1.973132755296937,1.3762478076750273,0.23170337080955505,-0.00030341950504465245,0.1098424574076535,0.0021965804949553476,0.0,-0.0025,True,True,120,10.0,5,0.0,1.0,0.24,-0.07992560416460037,0.9603912830352783,0,False
114,12.005306653678417,12.0,0.10000000000000142,158,1.6666740123494121,2.141142238620329,-2.059198676309083,1.3739428723942937,0.23131531476974487,-0.0014781101638209428,0.10836434724383255,0.0010218898361790572,0.0,-0.0025,True,True,121,10.0,5,0.0,1.0,0.242,-0.6873518228530884,-0.9372492432594299,0,False
115,12.105272992979735,12.1,0.09999999999999964,157,1.6689490189960197,2.1448953867991856,-2.134583593018308,1.3765958226325514,0.23176196217536926,-0.003676181781339009,0.10468816546249354,-0.0011761817813390088,0.0,-0.0025,True,True,122,10.0,5,0.0,1.0,0.244,0.5094627141952515,0.41368892788887024,0,False
116,12.205522849690169,12.2,0.09999999999999964,157,1.6725273924227229,2.1502016563732176,-2.206534268946275,1.3807215523451737,0.23245656490325928,-0.004329136503480808,0.10035902895901273,-0.001829136503480808,0.0,-0.0025,True,True,123,10.0,5,0.0,1.0,0.246,-0.9764873385429382,-0.9956205487251282,0,False
117,12.305513669736683,12.299999999999999,0.09999999999999964,157,1.6753383958673953,2.1536034681836673,-2.2783494823315036,1.3838893558407859,0.23298989236354828,-0.003904441253616574,0.09645458770539615,-0.0014044412536165741,0.0,-0.0025,True,True,124,10.0,5,0.0,1.0,0.248,-0.367809921503067,-0.7301661372184753,0,False
118,12.40557557810098,12.399999999999999,0.09999999999999964,156,1.6811848454994558,2.159880259041637,-2.376502508545383,1.3904075556238138,0.2340872883796692,-0.005389834766354375,0.09106475293904177,-0.002889834766354375,0.0,-0.0025,True,True,125,10.0,5,0.0,1.0,0.25,-0.5312813520431519,-0.9799684882164001,0,False
119,12.505240430124104,12.5,0.10000000000000142,156,1.6865715179420206,2.164212071040163,-2.530000215366873,1.396261500000886,0.23507285118103027,-0.005095338060244217,0.08596941487879756,-0.002595338060244217,0.0,-0.0025,True,True,126,10.0,5,0.0,1.0,0.252,-0.9952589869499207,0.6036499738693237,0,False
120,12.605195140000433,12.6,0.09999999999999964,156,1.6946933679640053,2.1688560040774583,-2.6768797500121577,1.4048778794845924,0.23652349412441254,-0.006320059805001944,0.07964935507379561,-0.003820059805001944,0.0,-0.0025,True,True,127,10.0,5,0.0,1.0,0.254,-0.47230011224746704,-0.4149833619594574,0,False
121,12.705462935846299,12.7,0.09999999999999964,158,1.7037201122249144,2.173021524751895,-2.7480374342348948,1.4143431428588418,0.238117054104805,-0.0066964112917846305,0.07295294378201098,-0.004196411291784631,0.0,-0.0025,True,True,128,10.0,5,0.0,1.0,0.256,-0.43345287442207336,-0.9495405554771423,0,False
122,12.805423265788704,12.799999999999999,0.09999999999999964,158,1.7131608216354453,2.1764121252720074,-2.861070156117957,1.424129426134144,0.23976466059684753,-0.006838735016376444,0.06611420876563454,-0.004338735016376444,0.0,-0.0025,True,True,129,10.0,5,0.0,1.0,0.258,-0.28896430134773254,-0.975180983543396,0,False
123,12.905586503911763,12.899999999999999,0.09999999999999964,157,1.7224366481134703,2.178504706317292,-2.9941916605731875,1.433593361882665,0.24135799705982208,-0.006695822690773019,0.059418386074861516,-0.004195822690773019,0.0,-0.0025,True,True,130,10.0,5,0.0,1.0,0.26,-0.24683964252471924,-0.9996100068092346,0,False
124,13.005641282070428,13.0,0.10000000000000142,155,1.7281933912071614,2.178791686444325,3.08903257864847,1.4393410962014899,0.24232567846775055,-0.005048249979320548,0.05437013609554097,-0.0025482499793205472,0.0,-0.0025,True,True,131,10.0,5,0.0,1.0,0.262,0.27914366126060486,-0.9999995231628418,0,False
125,13.105935329105705,13.1,0.09999999999999964,158,1.7297984216840478,2.178713574785114,2.89102683133137,1.440924068611286,0.24259218573570251,-0.0032018086061001093,0.05116832748944086,-0.0007018086061001092,0.0,-0.0025,True,True,132,10.0,5,0.0,1.0,0.264,0.6102839708328247,-0.9999906420707703,0,False
126,13.205938997678459,13.2,0.09999999999999964,156,1.721617774674393,2.182194040417296,2.6868185637851063,1.4332451699083772,0.24129937589168549,0.0009044290107154567,0.05207275650015632,0.0034044290107154568,0.0,-0.0025,True,True,133,10.0,5,0.0,1.0,0.266,0.7304093241691589,-0.9951861500740051,0,False
127,13.30600402597338,13.299999999999999,0.09999999999999964,158,1.7077440165836053,2.1909419120456675,2.4861884851665534,1.4206344071507477,0.23917624354362488,0.0030909640484072013,0.05516372054856352,0.005590964048407201,0.0,-0.0025,True,True,134,10.0,5,0.0,1.0,0.268,0.6259808540344238,-0.7750453948974609,0,False
128,13.405878305900842,13.399999999999999,0.09999999999999964,154,1.695102992670434,2.2027772283843072,2.3002211511472934,1.4097627455885384,0.23734590411186218,0.002319935963349161,0.05748365651191268,0.004819935963349161,0.0,-0.0025,True,True,135,10.0,5,0.0,1.0,0.27,0.993811309337616,-0.983201265335083,0,False
129,13.506050003692508,13.5,0.10000000000000142,157,1.6841006296100502,2.217354829329794,2.1429555468424333,1.4010630797174897,0.2358812391757965,0.0013569847084595895,0.05884064122037227,0.0038569847084595895,0.0,-0.0025,True,True,136,10.0,5,0.0,1.0,0.272,0.9471200108528137,-0.7651703357696533,0,False
130,13.606212651822716,13.6,0.09999999999999964,157,1.6744448632243034,2.2355985191870866,1.9777680970671287,1.3944910668382828,0.23477478325366974,0.0004136927273558021,0.05925433394772807,0.002913692727355802,0.0,-0.0025,True,True,137,10.0,5,0.0,1.0,0.274,0.6554409861564636,-0.7673459649085999,0,False
131,13.70564769487828,13.7,0.09999999999999964,155,1.6686270219258525,2.252638542804,1.8234072708297533,1.3917493426930068,0.23431318998336792,-0.0012844604310223429,0.057969873516705725,0.0012155395689776572,0.0,-0.0025,True,True,138,10.0,5,0.0,1.0,0.276,0.7527790069580078,-0.8352599143981934,0,False
132,13.8060625907965,13.799999999999999,0.09999999999999964,157,1.6657947741551442,2.2686318623748885,1.6631114252576285,1.3919621168430292,0.23434901237487793,-0.002594333122117136,0.05537554039458859,-9.433312211713595e-05,0.0,-0.0025,True,True,139,10.0,5,0.0,1.0,0.278,0.6948904991149902,-0.630531907081604,0,False
133,13.90594567079097,13.899999999999999,0.09999999999999964,159,1.665444571124399,2.2845647003861203,1.5319078376493933,1.3947816398559716,0.23482370376586914,-0.0037500315882543003,0.05162550880633429,-0.0012500315882543,0.0,-0.0025,True,True,140,10.0,5,0.0,1.0,0.28,0.6582173705101013,-0.6434637904167175,0,False
134,14.006129008717835,14.0,0.10000000000000142,159,1.6669227003785017,2.2993593948624933,1.4053981555900417,1.3993190220526845,0.23558761179447174,-0.004511642057127527,0.04711386674920676,-0.0020116420571275272,0.0,-0.0025,True,True,141,10.0,5,0.0,1.0,0.282,0.7046935558319092,-0.4690497815608978,0,False
135,14.105760850943625,14.1,0.09999999999999964,156,1.6702812981376687,2.3141597123564415,1.2983742333267516,1.4058332389585284,0.23668433725833893,-0.005388068963319833,0.041725797785886934,-0.0028880689633198333,0.0,-0.0025,True,True,142,10.0,5,0.0,1.0,0.284,0.8054511547088623,-0.4782869517803192,0,False
136,14.205950677860528,14.2,0.09999999999999964,156,1.6757465025035991,2.3304553681049827,1.1970820966772742,1.414877821993736,0.23820707201957703,-0.006509903251259342,0.03521589453462759,-0.004009903251259342,0.0,-0.0025,True,True,143,10.0,5,0.0,1.0,0.286,0.8081196546554565,-0.5038144588470459,0,False
137,14.30586733808741,14.299999999999999,0.09999999999999964,158,1.6829655572731466,2.346301509972609,1.0903933604742138,1.4256642499842016,0.24002306163311005,-0.0072821477784078825,0.027933746756219707,-0.004782147778407883,0.0,-0.0025,True,True,144,10.0,5,0.0,1.0,0.288,0.8390028476715088,-0.41306647658348083,0,False
138,14.406405091751367,14.399999999999999,0.09999999999999964,160,1.6918093392077134,2.3612901911495183,0.9908152547581509,1.437937353264986,0.24208934605121613,-0.007941263191137235,0.019992483565082472,-0.005441263191137235,0.0,-0.0025,True,True,145,10.0,5,0.0,1.0,0.29,0.7588481903076172,-0.43231096863746643,0,False
139,14.506464581005275,14.5,0.10000000000000142,158,1.7016388977798564,2.374937449654771,0.9034681479731825,1.450920293768391,0.24427513778209686,-0.008255968531977315,0.011736515033105157,-0.005755968531977316,0.0,-0.0025,True,True,146,10.0,5,0.0,1.0,0.292,0.7554503679275513,-0.3488815724849701,0,False
140,14.606274120975286,14.6,0.09999999999999964,158,1.7121356695804175,2.387199620848651,0.8244695927146968,1.4642577103411967,0.24652060866355896,-0.008413125002060087,0.00332339003104507,-0.0059131250020600865,0.0,-0.0025,True,True,147,10.0,5,0.0,1.0,0.294,0.8108228445053101,-0.5349807739257812,0,False
141,14.706172350794077,14.7,0.09999999999999964,158,1.725260893323967,2.4002918079755435,0.7428455837652198,1.480406064613903,0.24923932552337646,-0.009659350303772988,-0.006335960272727918,-0.007159350303772988,0.0,-0.0025,True,True,148,10.0,5,0.0,1.0,0.296,0.924470841884613,-0.36947280168533325,0,False
142,14.806185389868915,14.799999999999999,0.09999999999999964,160,1.739913071275335,2.41254939857224,0.6529937216115531,1.4978473493290085,0.2521757185459137,-0.01023256920888416,-0.01656852948161208,-0.00773256920888416,0.0,-0.0025,True,True,149,10.0,5,0.0,1.0,0.298,0.8597233295440674,-0.35613229870796204,0,False
143,14.906528776045889,14.899999999999999,0.09999999999999964,160,1.7556024217459125,2.423613098955026,0.576796296076282,1.5159903284956022,0.25523024797439575,-0.010543664463520014,-0.02711219394513209,-0.008043664463520013,0.0,-0.0025,True,True,150,10.0,5,0.0,1.0,0.3,0.9405186772346497,-0.34270381927490234,0,False
144,15.006533954758197,15.0,0.10000000000000142,161,1.7731425408271062,2.43417403187811,0.5064337196367082,1.5357916007049661,0.25856396555900574,-0.011278866367008587,-0.03839106031214068,-0.008778866367008586,0.0,-0.0025,True,True,151,10.0,5,0.0,1.0,0.302,0.9413602352142334,-0.35325750708580017,0,False
145,15.106538854073733,15.1,0.09999999999999964,160,1.7917868754323036,2.4436629254433506,0.43429890252551595,1.5563627188198603,0.2620272934436798,-0.011620176473570491,-0.05001123678571117,-0.00912017647357049,0.0,-0.0025,True,True,152,10.0,5,0.0,1.0,0.304,0.9601931571960449,-0.3554709255695343,0,False
146,15.206693931948394,15.2,0.09999999999999964,159,1.8113658961820407,2.4519036047347536,0.3616680716361741,1.577480110667674,0.2655825912952423,-0.011862366169788007,-0.06187360295549918,-0.009362366169788007,0.0,-0.0025,True,True,153,10.0,5,0.0,1.0,0.306,0.6352177262306213,-0.8624629378318787,0,False
147,15.306490262039006,15.299999999999999,0.09999999999999964,159,1.8298032311578873,2.45804374912608,0.26105622179452476,1.596903806119968,0.26885274052619934,-0.011111468239324844,-0.07298507119482403,-0.008611468239324844,0.0,-0.0025,True,True,154,10.0,5,0.0,1.0,0.308,0.9999986886978149,-0.29447999596595764,0,False
148,15.40657829074189,15.399999999999999,0.09999999999999964,160,1.8492926941695578,2.462103231380786,0.1718616204788207,1.6167397736150262,0.2721922993659973,-0.011294248473443682,-0.08427931966826771,-0.008794248473443681,0.0,-0.0025,True,True,155,10.0,5,0.0,1.0,0.31,0.9998847842216492,-0.33928924798965454,0,False
149,15.506524779833853,15.5,0.10000000000000142,158,1.871175033047276,2.465161963425046,0.10305339953164892,1.6385868285629996,0.2758704423904419,-0.012185861285733715,-0.09646518095400143,-0.009685861285733715,0.0,-0.0025,True,True,156,10.0,5,0.0,1.0,0.312,0.9999988079071045,-0.33265939354896545,0,False
150,15.606940315105021,15.6,0.09999999999999964,160,1.8932171195334688,2.4667206577573535,0.03681987449232508,1.6601713676503385,0.2795043885707855,-0.012069475245717463,-0.10853465619971889,-0.009569475245717463,0.0,-0.0025,True,True,157,10.0,5,0.0,1.0,0.314,0.9999995827674866,-0.40297532081604004,0,False
151,15.706652776803821,15.7,0.09999999999999964,157,1.9153064750552231,2.466740630777006,-0.039734529368216094,1.6813868267852672,0.2830761969089508,-0.011905844164507547,-0.12044050036422643,-0.009405844164507546,0.0,-0.0025,True,True,158,10.0,5,0.0,1.0,0.316,0.9999996423721313,-0.3755612373352051,0,False
152,15.806805504951626,15.799999999999999,0.09999999999999964,157,1.937359836043901,2.4650150729104765,-0.1147443923487046,1.7021123035181476,0.28656551241874695,-0.011688611151179541,-0.13212911151540596,-0.00918861115117954,0.0,-0.0025,True,True,159,10.0,5,0.0,1.0,0.318,1.0,-0.42896759510040283,0,False
153,15.906867622863501,15.899999999999999,0.09999999999999964,157,1.959228326034296,2.4615733682000913,-0.1997403758445878,1.7222336220363639,0.2899531126022339,-0.011420758450858682,-0.14354986996626465,-0.008920758450858681,0.0,-0.0025,True,True,160,10.0,5,0.0,1.0,0.32,0.9999998807907104,-0.478415310382843,0,False
154,16.00647568469867,16.0,0.10000000000000142,159,1.98072418428414,2.456204873620161,-0.2926805108706608,1.7415385392401845,0.2932032644748688,-0.011058808068825135,-0.1546086780350898,-0.008558808068825134,0.0,-0.0025,True,True,161,10.0,5,0.0,1.0,0.322,0.9999999403953552,-0.4182126224040985,0,False
155,16.207131897099316,16.2,0.1999999999999993,316,2.0218519855748665,2.4398683795786753,-0.46112723769790576,1.777149001602918,0.29919859766960144,-0.01828784873236534,-0.17289652676745512,-0.015787848732365342,0.0,-0.0025,True,True,163,10.0,5,0.0,1.0,0.326,1.0,-0.42340752482414246,0,False
156,16.30697051808238,16.3,0.10000000000000142,158,2.0408807082572435,2.429322740489277,-0.5503034071004147,1.7930374952664458,0.3018735647201538,-0.009544141465779763,-0.18244066823323488,-0.007044141465779762,0.0,-0.0025,True,True,164,10.0,5,0.0,1.0,0.328,0.9999999403953552,-0.31862056255340576,0,False
157,16.507073604967445,16.5,0.1999999999999993,315,2.0765898320977034,2.403761631980109,-0.6880859952186527,1.8218931749414051,0.3067316710948944,-0.015293125265753367,-0.19773379349898823,-0.012793125265753366,0.0,-0.0025,True,True,166,10.0,5,0.0,1.0,0.332,0.9999999403953552,-0.30944451689720154,0,False
158,16.706769505050033,16.7,0.1999999999999993,314,2.108922904072389,2.3735826491320204,-0.8083111437846975,1.8470966447467618,0.3109748959541321,-0.013673923123057263,-0.2114077166220455,-0.011173923123057263,0.0,-0.0025,True,True,168,10.0,5,0.0,1.0,0.336,0.9999948740005493,-0.2894180417060852,0,False
159,16.806857753079385,16.8,0.10000000000000142,156,2.123735213809943,2.357149784245462,-0.8663047649002155,1.8583772150332238,0.31287407875061035,-0.007501225074905379,-0.21890894169695088,-0.005001225074905379,0.0,-0.0025,True,True,169,10.0,5,0.0,1.0,0.338,0.9999995827674866,-0.3604564666748047,0,False
160,17.006880321074277,17.0,0.1999999999999993,317,2.149922445053098,2.321823136296401,-1.0026648261434812,1.877706914583969,0.3161284029483795,-0.011069795287707417,-0.2299787369846583,-0.008569795287707417,0.0,-0.0025,True,True,171,10.0,5,0.0,1.0,0.342,0.9999752044677734,-0.3628596365451813,0,False
161,17.20717831607908,17.2,0.1999999999999993,312,2.1704951055457204,2.2835353374579817,-1.159987723972073,1.8918625911471896,0.31851163506507874,-0.008775899425509694,-0.23875463641016798,-0.006275899425509693,0.0,-0.0025,True,True,173,10.0,5,0.0,1.0,0.346,0.9991929531097412,-0.35972678661346436,0,False
162,17.30743867298588,17.3,0.10000000000000142,157,2.178546066088446,2.263027539501484,-1.2321281660122532,1.8968707494270844,0.3193548023700714,-0.004720359975821827,-0.2434749963859898,-0.0022203599758218273,0.0,-0.0025,True,True,174,10.0,5,0.0,1.0,0.348,0.9933018088340759,-0.2188929170370102,0,False
163,17.50752350874245,17.5,0.1999999999999993,313,2.191009051140074,2.2210200429309013,-1.3266883660425886,1.9038814983552352,0.3205351233482361,-0.005608205741638133,-0.24908320212762794,-0.003108205741638133,0.0,-0.0025,True,True,176,10.0,5,0.0,1.0,0.352,0.9977222681045532,-0.055431634187698364,0,False
164,17.707565046846867,17.7,0.1999999999999993,316,2.2007594381591784,2.178492211107516,-1.3641870466390005,1.9091217256124007,0.32141736149787903,-0.0048232474326400454,-0.253906449560268,-0.0023232474326400454,0.0,-0.0025,True,True,178,10.0,5,0.0,1.0,0.356,0.9829118847846985,-0.02387656830251217,0,False
165,17.80714001879096,17.8,0.10000000000000142,155,2.2051523176394685,2.1572034273495215,-1.364693263416915,1.9116270438696945,0.3218391537666321,-0.003610729348855102,-0.25751717890912307,-0.0011107293488551017,0.0,-0.0025,True,True,179,10.0,5,0.0,1.0,0.358,0.9976648092269897,-0.23065045475959778,0,False
166,18.009813425131142,18.0,0.19899999999999807,319,2.212966189664836,2.114178163782051,-1.403307069430504,1.9163705620877893,0.32263776659965515,-0.004603032174186897,-0.26212021108330996,-0.0021030321741868966,0.0,-0.0025,True,True,181,10.0,5,0.0,1.0,0.362,0.9885772466659546,0.02165217511355877,0,False
167,18.109667773824185,18.099999999999998,0.10000000000000142,158,2.216421082979298,2.0926217553179898,-1.4336118369899136,1.9186579727089121,0.32302287220954895,-0.0035141203028266604,-0.2656343313861366,-0.0010141203028266605,0.0,-0.0025,True,True,182,10.0,5,0.0,1.0,0.364,0.9914449453353882,-0.1880827248096466,0,False
168,18.310527924913913,18.3,0.1999999999999993,314,2.2208637755192515,2.0513337230345647,-1.4898346281802088,1.921549541544699,0.32350969314575195,-0.0037819730031475192,-0.26941630438928416,-0.0012819730031475192,0.0,-0.0025,True,True,184,10.0,5,0.0,1.0,0.368,0.9248600006103516,-0.10782115906476974,0,False
169,18.409929648973048,18.4,0.10000000000000142,156,2.222256854116401,2.0309530848132153,-1.512969218591521,1.9225059631192172,0.32367071509361267,-0.0029240281687177728,-0.27234033255800194,-0.00042402816871777273,0.0,-0.0025,True,True,185,10.0,5,0.0,1.0,0.37,0.9275212287902832,-0.10896728932857513,0,False
170,18.61037269188091,18.599999999999998,0.1999999999999993,315,2.223573615207354,1.9899762486985277,-1.5681039864131574,1.9235997497024022,0.32385486364364624,-0.002984928753379168,-0.27532526131138113,-0.000484928753379168,0.0,-0.0025,True,True,187,10.0,5,0.0,1.0,0.374,0.979803740978241,-0.02407437190413475,0,False
171,18.81001506280154,18.8,0.1999999999999993,313,2.223187508363862,1.947547722199466,-1.5968593424267783,1.9239026253851712,0.3239058554172516,-0.002634279510767397,-0.2779595408221485,-0.00013427951076739673,0.0,-0.0025,True,True,189,10.0,5,0.0,1.0,0.378,0.9474617838859558,-0.11326883733272552,0,False
172,18.910190070047975,18.9,0.10000000000000142,157,2.222420590303369,1.9265269812468457,-1.6199522749914141,1.9238240299420681,0.32389262318611145,-0.0024651548201164884,-0.280424695642265,3.484517988351181e-05,0.0,-0.0025,True,True,190,10.0,5,0.0,1.0,0.38,0.9547686576843262,-0.1218583732843399,0,False
173,19.11067082406953,19.099999999999998,0.1999999999999993,316,2.2191406604740282,1.8846231090724475,-1.6872552567490242,1.9226056235572062,0.32368749380111694,-0.001959821231670423,-0.28238451687393545,0.0005401787683295771,0.0,-0.0025,True,True,192,10.0,5,0.0,1.0,0.384,0.9679007530212402,-0.07966405153274536,0,False
174,19.310279624070972,19.3,0.1999999999999993,314,2.213437970574647,1.8423326104250655,-1.7053328206512108,1.9199229345026392,0.3232358396053314,-0.0013106335560023519,-0.2836951504299378,0.0011893664439976482,0.0,-0.0025,True,True,194,10.0,5,0.0,1.0,0.388,0.9756200909614563,0.015345478430390358,0,False
175,19.410915357992053,19.4,0.10000000000000142,158,2.210684424002037,1.8222695848824912,-1.713287007517638,1.9189328797430092,0.32306915521621704,-0.002061060605656323,-0.2857562110355941,0.000438939394343677,0.0,-0.0025,True,True,195,10.0,5,0.0,1.0,0.39,0.8870334625244141,-0.07114601880311966,0,False
176,19.611000535078347,19.599999999999998,0.1999999999999993,314,2.2045631357159667,1.7840439081928618,-1.751695553929158,1.9167676106888711,0.32270461320877075,-0.0015400309902356682,-0.28729624202582976,0.0009599690097643318,0.0,-0.0025,True,True,197,10.0,5,0.0,1.0,0.394,0.8726091384887695,-0.17070502042770386,0,False
177,19.810905342921615,19.8,0.1999999999999993,314,2.1959985284005517,1.7455528025950202,-1.8171289564637336,1.912996091520504,0.3220696449279785,-0.0008279022463996402,-0.2881241442722294,0.0016720977536003598,0.0,-0.0025,True,True,199,10.0,5,0.0,1.0,0.398,0.9532714486122131,0.15523022413253784,0,False
178,19.910801571793854,19.9,0.10000000000000142,158,2.1908787721477614,1.725323564373737,-1.7954518913838022,1.9107249664416461,0.3216872811317444,-0.0014930998695817945,-0.28961724414181117,0.0010069001304182056,0.0,-0.0025,True,True,200,10.0,5,0.0,1.0,0.4,0.9734142422676086,-0.31402587890625,0,False
179,20.110381782986224,20.099999999999998,0.1999999999999993,317,2.181680054974714,1.6833069399133544,-1.8524607610797459,1.9081442390429968,0.3212527930736542,-0.0013558381136891577,-0.29097308225550034,0.0011441618863108423,0.0,-0.0025,True,True,202,10.0,5,0.0,1.0,0.404,0.9699954986572266,-0.4420468509197235,0,False
180,20.311162814032286,20.3,0.1999999999999993,316,2.168354532922972,1.6435446719893778,-1.893630714634084,1.902053977286324,0.3202274441719055,0.00020010904029939746,-0.29077297321520096,0.0027001090402993975,0.0,-0.0025,True,True,204,10.0,5,0.0,1.0,0.408,0.9672801494598389,0.06341829150915146,0,False
181,20.4111593128182,20.4,0.10000000000000142,158,2.1618044233279616,1.6234082251836568,-1.8827171696563223,1.8995097153410063,0.3197990953922272,-0.0013720050214729386,-0.2921449782366739,0.0011279949785270615,0.0,-0.0025,True,True,205,10.0,5,0.0,1.0,0.41,0.9854869246482849,-0.23227927088737488,0,False
182,20.611392547842115,20.599999999999998,0.1999999999999993,318,2.147600934965121,1.5830150515030554,-1.954540537283247,1.8940712293084454,0.31888347864151,-8.885481630229331e-05,-0.2922338330529762,0.0024111451836977067,0.0,-0.0025,True,True,207,10.0,5,0.0,1.0,0.414,0.8960112929344177,-0.3965284824371338,0,False
183,20.811489444691688,20.8,0.1999999999999993,316,2.1299534465064465,1.5467739759947008,-2.0670251034863543,1.8852435803172083,0.31739726662635803,0.001413725845972717,-0.29082010720700346,0.003913725845972717,0.0,-0.0025,True,True,209,10.0,5,0.0,1.0,0.418,0.9200502038002014,0.0902746319770813,0,False
184,20.911420763935894,20.9,0.10000000000000142,156,2.1209582652248247,1.5294662582803142,-2.0513703261781444,1.8807687735464795,0.3166438937187195,-0.0005161006705500493,-0.2913362078775535,0.0019838993294499507,0.0,-0.0025,True,True,210,10.0,5,0.0,1.0,0.42,0.8906426429748535,0.30408796668052673,0,False
185,21.111421681009233,21.099999999999998,0.1999999999999993,315,2.104087405581103,1.4932124589489328,-1.9679370328537704,1.8739169856721725,0.31549033522605896,0.0005377305805223257,-0.2907984772970312,0.0030377305805223257,0.0,-0.0025,True,True,212,10.0,5,0.0,1.0,0.424,0.6881179213523865,-0.38448381423950195,0,False
186,21.312152571976185,21.3,0.1999999999999993,315,2.088430902403285,1.4612710812016951,-2.103474724230595,1.867809907322944,0.31446215510368347,0.0002075646531123007,-0.2905909126439189,0.0027075646531123008,0.0,-0.0025,True,True,214,10.0,5,0.0,1.0,0.428,0.765725314617157,-0.26128795742988586,0,False
187,21.411354368086904,21.4,0.10000000000000142,157,2.078733738508466,1.4461133686449994,-2.1628014969763174,1.862977172655921,0.313648521900177,-0.0003574138378370866,-0.290948326481756,0.0021425861621629134,0.0,-0.0025,True,True,215,10.0,5,0.0,1.0,0.43,0.779221773147583,-0.21786531805992126,0,False
188,21.61137711396441,21.599999999999998,0.1999999999999993,319,2.0562370327148627,1.414118275257414,-2.218090436175517,1.8513848758485028,0.311696857213974,0.0026394285924163986,-0.2883088978893396,0.005139428592416399,0.0,-0.0025,True,True,217,10.0,5,0.0,1.0,0.434,0.7911359071731567,-0.4567928612232208,0,False
189,21.811435790732503,21.8,0.1999999999999993,315,2.0323742335259953,1.388614479643644,-2.456122783585152,1.8370936044442532,0.3092907965183258,0.0038360152088222064,-0.2844728826805174,0.0063360152088222065,0.0,-0.0025,True,True,219,10.0,5,0.0,1.0,0.438,0.9016252160072327,-0.8041132092475891,0,False
190,21.912040644790977,21.9,0.10000000000000142,159,2.0159700192560743,1.3771642185073307,-2.578550535296327,1.825507503223566,0.30734017491340637,0.002636681787695902,-0.2818362008928215,0.005136681787695902,0.0,-0.0025,True,True,220,10.0,5,0.0,1.0,0.44,0.9413059949874878,-0.13863138854503632,0,False
191,22.11221811082214,22.099999999999998,0.1999999999999993,318,1.9808163447539484,1.3565014445898802,-2.671770436863414,1.7997871444680715,0.30300992727279663,0.008903085116885933,-0.2729331157759356,0.011403085116885934,0.0,-0.0025,True,True,222,10.0,5,0.0,1.0,0.444,0.7856544852256775,-0.8150473237037659,0,False
192,22.31173531198874,22.3,0.1999999999999993,312,1.9456366838959096,1.3416521484290058,-2.797382689386188,1.7724394706034623,0.2984057068824768,0.009624552996771826,-0.26330856277916376,0.012124552996771827,0.0,-0.0025,True,True,224,10.0,5,0.0,1.0,0.448,0.9008947610855103,-0.2233855277299881,0,False
193,22.412612252868712,22.4,0.10000000000000142,156,1.926914996844927,1.3352883492215617,-2.8110201654219518,1.7574681007929014,0.2958851456642151,0.004137535887003647,-0.2591710268921601,0.006637535887003648,0.0,-0.0025,True,True,225,10.0,5,0.0,1.0,0.45,0.9901007413864136,0.6566540002822876,0,False
194,22.611756026744843,22.599999999999998,0.1999999999999993,316,1.8888697590258807,1.317838593671147,-2.6296829708422695,1.729118689062255,0.2911122739315033,0.010068672080017101,-0.249102354812143,0.012568672080017102,0.0,-0.0025,True,True,227,10.0,5,0.0,1.0,0.454,0.8500246405601501,-0.117684006690979,0,False
195,22.812513537704945,22.8,0.1999999999999993,314,1.8565805120275574,1.3011823461311336,-2.76092365768444,1.7062500703707046,0.2872621417045593,0.007638770144084815,-0.24146358466805817,0.010138770144084815,0.0,-0.0025,True,True,229,10.0,5,0.0,1.0,0.458,0.9747008681297302,-0.6436672806739807,0,False
196,22.911924150772393,22.9,0.10000000000000142,156,1.8413004078750999,1.29631715541276,-2.891322575382822,1.6943366651538516,0.28525641560554504,0.002781791557075686,-0.23868179311098248,0.005281791557075686,0.0,-0.0025,True,True,230,10.0,5,0.0,1.0,0.46,0.9901551604270935,-0.2042008936405182,0,False
197,23.11221698578447,23.099999999999998,0.1999999999999993,316,1.8030077589857545,1.2876732206371901,-2.9287640923477603,1.6632624343788667,0.28002479672431946,0.01127671679611448,-0.227405076314868,0.013776716796114481,0.0,-0.0025,True,True,232,10.0,5,0.0,1.0,0.464,0.9455223083496094,-0.05122679844498634,0,False
198,23.31217838311568,23.3,0.1999999999999993,316,1.7627170456293175,1.2790326572221458,-2.902884408966915,1.6307467560967002,0.27455049753189087,0.011915780534383804,-0.2154892957804842,0.014415780534383804,0.0,-0.0025,True,True,234,10.0,5,0.0,1.0,0.468,0.9114925265312195,0.25930526852607727,0,False
199,23.412886685691774,23.4,0.10000000000000142,159,1.743350675589064,1.2737526807276696,-2.863042265330436,1.6157649422970783,0.2720281779766083,0.004142166214961107,-0.2113471295655231,0.006642166214961107,0.0,-0.0025,True,True,235,10.0,5,0.0,1.0,0.47,0.9255480170249939,-0.12160710245370865,0,False
200,23.51330486079678,23.5,0.10099999999999909,161,1.7240399248284035,1.2683348772815979,-2.8864332914541224,1.6010070547035946,0.2695435583591461,0.004042888844347116,-0.20730424072117598,0.006542888844347116,0.0,-0.0025,True,True,236,10.0,5,0.0,1.0,0.472,0.8965295553207397,-0.13025276362895966,0,False
201,23.713458406738937,23.7,0.1999999999999993,316,1.6856345078099684,1.2594748089754457,-2.939294499401116,1.571101665619623,0.2645087242126465,0.01075851246554917,-0.1965457282556268,0.01325851246554917,0.0,-0.0025,True,True,238,10.0,5,0.0,1.0,0.476,0.7964568734169006,-0.22489629685878754,0,False
202,23.81320976698771,23.8,0.10000000000000142,158,1.6678427805082414,1.256095389676214,-2.9800861128542526,1.557044587393809,0.2621420919895172,0.0037321859903855074,-0.1928135422652413,0.0062321859903855074,0.0,-0.0025,True,True,239,10.0,5,0.0,1.0,0.478,0.904687225818634,0.4908267855644226,0,False
203,24.013752529863268,24.0,0.1999999999999993,319,1.6317639091783096,1.2495003437925036,-2.886450140196702,1.5286742876850405,0.25736570358276367,0.010077932735932119,-0.18273560952930917,0.012577932735932119,0.0,-0.0025,True,True,241,10.0,5,0.0,1.0,0.482,0.9928479194641113,-0.3552405536174774,0,False
204,24.213818626012653,24.2,0.1999999999999993,317,1.5923451588011395,1.2377433924867245,-2.870334098741291,1.5003969217772386,0.25260496139526367,0.010036730665123882,-0.17269887886418528,0.012536730665123882,0.0,-0.0025,True,True,243,10.0,5,0.0,1.0,0.486,0.9228971600532532,-0.5467947721481323,0,False
205,24.313660625834018,24.3,0.10000000000000142,158,1.5724578716212207,1.2326731664196116,-2.938194690535018,1.4859137642010884,0.2501665949821472,0.003921087675024424,-0.16877779118916086,0.006421087675024424,0.0,-0.0025,True,True,244,10.0,5,0.0,1.0,0.488,0.8799371719360352,-0.44117271900177,0,False
206,24.513856140896678,24.5,0.1999999999999993,320,1.533860367801665,1.2280669434157478,-3.0720028445001892,1.4554353718528719,0.2450352907180786,0.011012552662132502,-0.15776523852702837,0.013512552662132502,0.0,-0.0025,True,True,246,10.0,5,0.0,1.0,0.492,0.9999392628669739,-0.10526386648416519,0,False
207,24.71387950796634,24.7,0.1999999999999993,319,1.4920165277286246,1.2248527435056356,-3.055815148958571,1.4218849420782296,0.23938678205013275,0.012374536162782864,-0.1453907023642455,0.014874536162782864,0.0,-0.0025,True,True,248,10.0,5,0.0,1.0,0.496,0.9828985929489136,0.07873304933309555,0,False
208,24.81342094996944,24.8,0.10000000000000142,157,1.4705815319020872,1.2229577464036856,-3.0473084449664642,1.4050109960909294,0.23654590547084808,0.004981040376616681,-0.14040966198762883,0.007481040376616681,0.0,-0.0025,True,True,249,10.0,5,0.0,1.0,0.498,0.9986153244972229,-0.243549183011055,0,False
209,25.013912572991103,25.0,0.1999999999999993,314,1.427217074552462,1.2202440404942676,3.1389529393798252,1.3706340750463581,0.23075824975967407,0.012740959912504074,-0.12766870207512476,0.015240959912504074,0.0,-0.0025,True,True,251,10.0,5,0.0,1.0,0.502,0.9907650947570801,-0.2874244451522827,0,False
210,25.2148529519327,25.2,0.2010000000000005,313,1.3843013540234737,1.2225521466408587,3.0448279664945628,1.3342168587828533,0.22462709248065948,0.0136455219470482,-0.11402318012807656,0.0161455219470482,0.0,-0.0025,True,True,253,10.0,5,0.0,1.0,0.506,0.9967935681343079,-0.17591862380504608,0,False
211,25.414858917705715,25.4,0.1999999999999993,319,1.3411933551462119,1.227864703506666,2.9654901703222785,1.2962548172221393,0.21823585033416748,0.014330418084083316,-0.09969276204399324,0.016830418084083316,0.0,-0.0025,True,True,255,10.0,5,0.0,1.0,0.51,0.7990257143974304,-0.2952747941017151,0,False
212,25.61482860473916,25.599999999999998,0.1999999999999993,314,1.3054869264223146,1.2363614300409584,2.83323765304489,1.262595699154557,0.21256904304027557,0.012422722965594811,-0.08727003907839843,0.014922722965594812,0.0,-0.0025,True,True,257,10.0,5,0.0,1.0,0.514,0.311841756105423,0.1336725652217865,0,False
213,25.71492759278044,25.7,0.10000000000000142,158,1.2913289418544098,1.2413858597241831,2.7635574849397506,1.2482902664092077,0.21016059815883636,0.003842293619612081,-0.08342774545878635,0.006342293619612081,0.0,-0.0025,True,True,258,10.0,5,0.0,1.0,0.516,0.6659046411514282,-0.25109079480171204,0,False
214,25.914687911979854,25.9,0.1999999999999993,316,1.2636121189824259,1.253695313206028,2.6494954902712498,1.218818656904795,0.20519879460334778,0.010566196895043395,-0.07286154856374295,0.013066196895043396,0.0,-0.0025,True,True,260,10.0,5,0.0,1.0,0.52,0.567598819732666,-0.8993784785270691,0,False
215,26.015765790827572,26.0,0.10099999999999909,159,1.251295608225368,1.261373239905117,2.508342400285466,1.2043806386034,0.20276802778244019,0.0039010752406318694,-0.06896047332311109,0.0064010752406318695,0.0,-0.0025,True,True,261,10.0,5,0.0,1.0,0.522,0.8218691349029541,-0.8559154272079468,0,False
216,26.116152436006814,26.099999999999998,0.10000000000000142,159,1.239966662244365,1.2712890072441887,2.3492204882871097,1.189351561327858,0.20023775100708008,0.004163120410972143,-0.06479735291213895,0.006663120410972142,0.0,-0.0025,True,True,262,10.0,5,0.0,1.0,0.524,0.7043665051460266,-0.9433364868164062,0,False
217,26.21720519568771,26.2,0.10099999999999909,159,1.2295368849221149,1.2838765065218867,2.1645381819846414,1.1734017313556924,0.19755245745182037,0.0045713348325132006,-0.06022601807962575,0.0070713348325132,0.0,-0.0025,True,True,263,10.0,5,0.0,1.0,0.526,0.9800958037376404,-0.9927350282669067,0,False
218,26.31811356684193,26.3,0.10099999999999909,158,1.220277462681597,1.3010611009185875,1.9738123283987368,1.1556064131130954,0.19455645978450775,0.005389529478629758,-0.05483648860099599,0.007889529478629758,0.0,-0.0025,True,True,264,10.0,5,0.0,1.0,0.528,0.6836308836936951,-0.9803719520568848,0,False
219,26.418800259009004,26.4,0.10100000000000264,155,1.2146562934413498,1.3185576200090923,1.7771367628565256,1.140596276631274,0.19202937185764313,0.004154723036540856,-0.05068176556445514,0.006654723036540857,0.0,-0.0025,True,True,265,10.0,5,0.0,1.0,0.53,0.875313937664032,-0.9808745980262756,0,False
220,26.519980187993497,26.5,0.10099999999999909,158,1.2126575374852975,1.3374651798125317,1.5797474251773829,1.1277837147629743,0.18987226486206055,0.003180431402162233,-0.04750133416229291,0.005680431402162233,0.0,-0.0025,True,True,266,10.0,5,0.0,1.0,0.532,0.9485431909561157,-0.9978185296058655,0,False
221,26.72066414868459,26.7,0.2010000000000005,320,1.2193974896136235,1.375274651158022,1.184519823383487,1.111563580192569,0.18714146316051483,0.004691173998463983,-0.04281016016382892,0.007191173998463983,0.0,-0.0025,True,True,268,10.0,5,0.0,1.0,0.536,0.9984815120697021,-0.9502021074295044,0,False
222,26.921268709935248,26.9,0.1999999999999993,316,1.2413236263832599,1.40864007327089,0.8282384601341694,1.1116639486976128,0.18715836107730865,-0.002544498236472871,-0.04535465840030179,-4.4498236472871036e-05,0.0,-0.0025,True,True,270,10.0,5,0.0,1.0,0.54,0.9962069392204285,-0.4691701829433441,0,False
223,27.12136177578941,27.099999999999998,0.1999999999999993,312,1.2735145628693638,1.4375482447664776,0.6695821476712339,1.1243142747019395,0.1892881542444229,-0.00810850435855128,-0.05346316275885307,-0.005608504358551279,0.0,-0.0025,True,True,272,10.0,5,0.0,1.0,0.544,0.9997267723083496,0.09210909157991409,0,False
224,27.2214128440246,27.2,0.10000000000000142,156,1.290693428247812,1.4513854657874499,0.6870817374787258,1.132453682515733,0.19065849483013153,-0.006108595081587146,-0.05957175784044022,-0.003608595081587147,0.0,-0.0025,True,True,273,10.0,5,0.0,1.0,0.546,0.9998549818992615,0.10027759522199631,0,False
225,27.421415079850703,27.4,0.1999999999999993,311,1.3241431066215703,1.4799112594569057,0.7215604956079442,1.1486346078729688,0.19338269531726837,-0.0096737906485897,-0.06924554848902992,-0.0071737906485897,0.0,-0.0025,True,True,275,10.0,5,0.0,1.0,0.55,0.9999871253967285,-0.10846874117851257,0,False
226,27.621872743126005,27.599999999999998,0.1999999999999993,311,1.3575466782615828,1.508631742733772,0.6886323728804294,1.1661251032483955,0.19632737338542938,-0.010254386686378729,-0.07949993517540865,-0.007754386686378729,0.0,-0.0025,True,True,277,10.0,5,0.0,1.0,0.554,0.9998388886451721,0.07078726589679718,0,False
227,27.72186604188755,27.7,0.10000000000000142,154,1.3745868306713485,1.522527651685669,0.6950706479697115,1.1758897904785208,0.19797134399414062,-0.006829160439922034,-0.08632909561533068,-0.004329160439922033,0.0,-0.0025,True,True,278,10.0,5,0.0,1.0,0.556,0.9997039437294006,0.023640288040041924,0,False
228,27.92166564008221,27.9,0.1999999999999993,310,1.408169751705466,1.5508970417139365,0.7133959139002107,1.1957146944258448,0.20130904018878937,-0.011289343465014104,-0.09761843908034479,-0.008789343465014103,0.0,-0.0025,True,True,280,10.0,5,0.0,1.0,0.56,0.9969809651374817,-0.16202346980571747,0,False
229,28.122814626898617,28.099999999999998,0.2010000000000005,318,1.4418516078437653,1.5791366698716987,0.678863467780564,1.2169433413096724,0.20488306879997253,-0.011911690934555508,-0.10953013001490029,-0.009411690934555508,0.0,-0.0025,True,True,282,10.0,5,0.0,1.0,0.564,0.997147798538208,-0.0007689816993661225,0,False
230,28.322830932680517,28.3,0.1999999999999993,319,1.4761730968876912,1.6064973489053098,0.6728149631363184,1.2402529972680953,0.20880745351314545,-0.012834303400120477,-0.12236443341502076,-0.010334303400120476,0.0,-0.0025,True,True,284,10.0,5,0.0,1.0,0.568,0.9988817572593689,0.1211649551987648,0,False
231,28.523431033827364,28.5,0.1999999999999993,321,1.5100339161148946,1.6344059088562553,0.7004716878439645,1.2640574150811876,0.21281513571739197,-0.013053655377089992,-0.13541808879211076,-0.010553655377089992,0.0,-0.0025,True,True,286,10.0,5,0.0,1.0,0.572,0.9971932768821716,0.1184404045343399,0,False
232,28.62312508467585,28.599999999999998,0.10000000000000142,157,1.5266490706023013,1.6486821084634227,0.7226208716839445,1.275967191454384,0.2148202508687973,-0.0077801827143108414,-0.1431982715064216,-0.005280182714310842,0.0,-0.0025,True,True,287,10.0,5,0.0,1.0,0.574,0.9975610971450806,0.09339826554059982,0,False
233,28.823137341998518,28.8,0.1999999999999993,316,1.5589562481083832,1.6783093773746205,0.7632751678897024,1.2994058926335774,0.21876636147499084,-0.012891515418442696,-0.15608978692486428,-0.010391515418442696,0.0,-0.0025,True,True,289,10.0,5,0.0,1.0,0.578,0.998881459236145,0.11991866677999496,0,False
234,29.02336874604225,29.0,0.1999999999999993,318,1.5898853151057466,1.7093773709498394,0.8179453105522877,1.322219990161894,0.2226073145866394,-0.012614598262543993,-0.16870438518740827,-0.010114598262543992,0.0,-0.0025,True,True,291,10.0,5,0.0,1.0,0.582,0.998878002166748,0.06484993547201157,0,False
235,29.123496083077043,29.099999999999998,0.10000000000000142,159,1.6047456259096786,1.7255234822870076,0.8295118104648025,1.3333036292986888,0.22447334229946136,-0.00741391592485933,-0.1761183011122676,-0.00491391592485933,0.0,-0.0025,True,True,292,10.0,5,0.0,1.0,0.584,0.9987274408340454,0.06224452331662178,0,False
236,29.323494009673595,29.3,0.1999999999999993,317,1.633874375240276,1.758344340801302,0.8591879067771468,1.3555878271447326,0.22822508215904236,-0.01237966797880221,-0.1884979690910698,-0.00987966797880221,0.0,-0.0025,True,True,294,10.0,5,0.0,1.0,0.588,0.998222291469574,0.08549342304468155,0,False
237,29.523448125924915,29.5,0.1999999999999993,320,1.6619513857121073,1.7920164452530205,0.8970441602915736,1.3777404130269315,0.2319546639919281,-0.012321317998524336,-0.20081928708959415,-0.009821317998524336,0.0,-0.0025,True,True,296,10.0,5,0.0,1.0,0.592,0.997352123260498,0.1069304421544075,0,False
238,29.72378868982196,29.7,0.19900000000000162,317,1.6886167848893345,1.8268024992779528,0.9300956250561158,1.3993762869757562,0.23559725284576416,-0.012092234484830416,-0.21291152157442456,-0.009592234484830415,0.0,-0.0025,True,True,298,10.0,5,0.0,1.0,0.596,0.9963366389274597,0.03378858417272568,0,False
239,29.92518621403724,29.9,0.20099999999999696,318,1.714496501932546,1.862145477280371,0.9480150562277677,1.421198205543278,0.2392711639404297,-0.012174717106581835,-0.22508623868100638,-0.009674717106581835,0.0,-0.0025,True,True,300,10.0,5,0.0,1.0,0.6,0.9942243695259094,0.046746477484703064,0,False
240,30.025133962742984,30.0,0.10000000000000142,159,1.7271753662392149,1.8799572607094528,0.956958125756399,1.4322150208517588,0.2411259412765503,-0.00738428967394489,-0.23247052835495127,-0.0048842896739448895,0.0,-0.0025,True,True,301,10.0,5,0.0,1.0,0.602,0.985672652721405,0.07533003389835358,0,False
241,30.125102071091533,30.099999999999998,0.10000000000000142,158,1.7395678846735743,1.8977673824028345,0.9709925879158774,1.4431934235225068,0.24297425150871277,-0.007367259484677476,-0.23983778783962875,-0.004867259484677476,0.0,-0.0025,True,True,302,10.0,5,0.0,1.0,0.604,0.9941892623901367,-0.03486299887299538,0,False
242,30.32546621374786,30.3,0.1999999999999993,319,1.7644734089973526,1.93376222234361,0.9561717772015077,1.4659706130555825,0.2468089908361435,-0.012598235154423041,-0.25243602299405177,-0.010098235154423041,0.0,-0.0025,True,True,304,10.0,5,0.0,1.0,0.608,0.992741584777832,-0.07860966771841049,0,False
243,30.5254451809451,30.5,0.1999999999999993,318,1.790122366448191,1.9690131890299432,0.9256445184619384,1.490444508269161,0.2509293854236603,-0.01335046724717893,-0.2657864902412307,-0.01085046724717893,0.0,-0.0025,True,True,306,10.0,5,0.0,1.0,0.612,0.9628670811653137,-0.11491785943508148,0,False
244,30.62509738188237,30.599999999999998,0.10000000000000142,159,1.8031260013816932,1.9859236516370584,0.902867903563511,1.5031918394600203,0.253075510263443,-0.00815151147246153,-0.2739380017136922,-0.0056515114724615305,0.0,-0.0025,True,True,307,10.0,5,0.0,1.0,0.614,0.9658001065254211,-0.15017153322696686,0,False
245,30.82552222488448,30.8,0.1999999999999993,317,1.8303593709899895,2.0183990230728583,0.8307149575392068,1.5304699457364774,0.25766801834106445,-0.014593710303766787,-0.288531712017459,-0.012093710303766787,0.0,-0.0025,True,True,309,10.0,5,0.0,1.0,0.618,0.9516816139221191,-0.2645949721336365,0,False
246,31.025334511883557,31.0,0.1999999999999993,319,1.8601999587019047,2.0475624275543054,0.71845263514452,1.560924794855116,0.2627953588962555,-0.016002114804194455,-0.3045338268216534,-0.013502114804194457,0.0,-0.0025,True,True,311,10.0,5,0.0,1.0,0.622,0.9683482646942139,-0.331556111574173,0,False
247,31.125601998064667,31.099999999999998,0.10000000000000142,158,1.8766510675257697,2.0610519095076696,0.6510117232785729,1.5778327280610553,0.2656419575214386,-0.009996108562512283,-0.3145299353841657,-0.007496108562512283,0.0,-0.0025,True,True,312,10.0,5,0.0,1.0,0.624,0.9120640158653259,-0.7457367777824402,0,False
248,31.325385726056993,31.3,0.1999999999999993,319,1.91241182741879,2.082327289775211,0.39652287346610193,1.6145121946600496,0.27181726694107056,-0.018761790266862328,-0.333291725651028,-0.01626179026686233,0.0,-0.0025,True,True,314,10.0,5,0.0,1.0,0.628,0.9755077362060547,-0.35387375950813293,0,False
249,31.525732298847288,31.5,0.1999999999999993,320,1.9524874192764032,2.0945722419911648,0.23136784010244632,1.655191355035879,0.2786659598350525,-0.02053504891431364,-0.3538267745653416,-0.01803504891431364,0.0,-0.0025,True,True,316,10.0,5,0.0,1.0,0.632,0.9136994481086731,-0.3338700532913208,0,False
250,31.625671127811074,31.599999999999998,0.10000000000000142,160,1.972397171151691,2.098659334715003,0.16081694932318036,1.6753047077997267,0.282052218914032,-0.011417226844789402,-0.365244001410131,-0.008917226844789402,0.0,-0.0025,True,True,317,10.0,5,0.0,1.0,0.634,0.9107934236526489,-0.2969924211502075,0,False
251,31.825862201862037,31.8,0.1999999999999993,316,2.012619998882422,2.102494800620271,0.01761938282546856,1.7156841787945347,0.28885045647621155,-0.020402182045974014,-0.385646183456105,-0.017902182045974015,0.0,-0.0025,True,True,319,10.0,5,0.0,1.0,0.638,0.9849236011505127,-0.3878345191478729,0,False
252,31.925632821861655,31.9,0.10000000000000142,158,2.0339749467064108,2.1019573103629337,-0.0675729187906428,1.7369699135846703,0.29243409633636475,-0.011937000778051984,-0.397583184234157,-0.009437000778051983,0.0,-0.0025,True,True,320,10.0,5,0.0,1.0,0.64,0.9927122592926025,-0.38360074162483215,0,False
253,32.025884507689625,32.0,0.10000000000000142,159,2.055361849669209,2.0996162946513444,-0.1506714162755376,1.7581862578034178,0.29600605368614197,-0.01190623656518189,-0.4094894207993389,-0.00940623656518189,0.0,-0.0025,True,True,321,10.0,5,0.0,1.0,0.642,0.9951149821281433,-0.38849493861198425,0,False
254,32.225576126948,32.2,0.19999999999999574,317,2.0968593033828986,2.0896903117236807,-0.33447829583897176,1.7990964250559356,0.30289363861083984,-0.020637465490322766,-0.43012688628966167,-0.018137465490322767,0.0,-0.0025,True,True,323,10.0,5,0.0,1.0,0.646,0.9751068949699402,-0.5317004919052124,0,False
255,32.32610854972154,32.3,0.10000000000000142,161,2.116627634143277,2.0815964429896345,-0.4420982267807663,1.8184592267415012,0.3061535358428955,-0.011084471072928578,-0.44121135736259026,-0.008584471072928578,0.0,-0.0025,True,True,324,10.0,5,0.0,1.0,0.648,0.9975264072418213,-0.2593005299568176,0,False
256,32.42565701203421,32.4,0.10000000000000142,160,2.1358253915402314,2.071488349535912,-0.5089816422553236,1.83721680811182,0.30931153893470764,-0.01081614749179843,-0.4520275048543887,-0.00831614749179843,0.0,-0.0025,True,True,325,10.0,5,0.0,1.0,0.65,0.9997186064720154,-0.2352989912033081,0,False
257,32.5256232409738,32.5,0.10000000000000142,160,2.1548202767988256,2.0602439230832377,-0.559589426910112,1.8557984348189758,0.3124399185180664,-0.01073813823773487,-0.4627656430921236,-0.008238138237734869,0.0,-0.0025,True,True,326,10.0,5,0.0,1.0,0.652,0.9998077154159546,-0.1912192702293396,0,False
258,32.72670590784401,32.7,0.2009999999999934,320,2.191297798872824,2.0354321487331757,-0.6291723356219857,1.8916296370861003,0.31847241520881653,-0.018385713460551758,-0.4811513565526753,-0.01588571346055176,0.0,-0.0025,True,True,328,10.0,5,0.0,1.0,0.656,0.9997744560241699,-0.1550167053937912,0,False
259,32.826793564949185,32.8,0.10000000000000142,160,2.208929496330709,2.02218511586413,-0.6603925652902087,1.9090583536109798,0.32140669226646423,-0.01022699711930812,-0.49137835367198346,-0.007726997119308121,0.0,-0.0025,True,True,329,10.0,5,0.0,1.0,0.658,0.9997227787971497,-0.16554534435272217,0,False
260,32.92719135992229,32.9,0.10000000000000142,160,2.2261381429956377,2.008389340409881,-0.6928100330834748,1.9261564028211822,0.3242852985858917,-0.010080396227365717,-0.5014587498993491,-0.007580396227365717,0.0,-0.0025,True,True,330,10.0,5,0.0,1.0,0.66,0.9996316432952881,-0.1697060912847519,0,False
261,33.027053178753704,33.0,0.10000000000000142,159,2.242879221562471,1.9940300024472128,-0.726087105757411,1.9428883813639586,0.32710227370262146,-0.009918099308448822,-0.5113768492077979,-0.007418099308448822,0.0,-0.0025,True,True,331,10.0,5,0.0,1.0,0.662,0.9996352791786194,-0.1639072149991989,0,False
262,33.126972696743906,33.1,0.10000000000000142,159,2.2591295211328104,1.9791200145901777,-0.7587139022533075,1.9592408359652638,0.329855352640152,-0.00974983789928135,-0.5211266871070792,-0.007249837899281349,0.0,-0.0025,True,True,332,10.0,5,0.0,1.0,0.664,0.9997304081916809,-0.17872247099876404,0,False
263,33.32728784997016,33.3,0.19999999999999574,320,2.290059036326097,1.9476603867306927,-0.8315127164080975,1.9907471646605521,0.3351597189903259,-0.016468286805339044,-0.5375949739124183,-0.013968286805339045,0.0,-0.0025,True,True,334,10.0,5,0.0,1.0,0.668,0.9999405145645142,-0.16657568514347076,0,False
264,33.42693156097084,33.4,0.10000000000000142,160,2.3046369198082157,1.9310998507346449,-0.8652580611103972,2.0058206731437944,0.33769747614860535,-0.009182818924825302,-0.5467777928372436,-0.006682818924825302,0.0,-0.0025,True,True,335,10.0,5,0.0,1.0,0.67,0.999993085861206,-0.18903802335262299,0,False
265,33.52740326570347,33.5,0.10000000000000142,161,2.3186449157036586,1.9140451543367283,-0.9029145062346436,2.020474120846668,0.34016451239585876,-0.008996585564772033,-0.5557743784020156,-0.006496585564772033,0.0,-0.0025,True,True,336,10.0,5,0.0,1.0,0.672,0.9999900460243225,-0.19242390990257263,0,False
266,33.627431373111904,33.6,0.10000000000000142,160,2.3319904103175517,1.8964641912089024,-0.9411533337039015,2.0346264340913773,0.3425471782684326,-0.008774408302947172,-0.5645487867049628,-0.006274408302947171,0.0,-0.0025,True,True,337,10.0,5,0.0,1.0,0.674,0.9999879598617554,-0.18518906831741333,0,False
267,33.827161671128124,33.8,0.19999999999999574,321,2.356635090001721,1.8598554666183205,-1.0148600028510133,2.061404468010253,0.34705549478530884,-0.014372003922751116,-0.5789207906277138,-0.011872003922751116,0.0,-0.0025,True,True,339,10.0,5,0.0,1.0,0.678,0.9999504089355469,-0.1809503734111786,0,False
268,33.9278351040557,33.9,0.10000000000000142,155,2.367942740459637,1.8409045342499937,-1.0513601877553653,2.0740537319139967,0.34918510913848877,-0.008108033477741892,-0.5870288241054558,-0.005608033477741891,0.0,-0.0025,True,True,340,10.0,5,0.0,1.0,0.68,0.9999494552612305,-0.17750611901283264,0,False
269,34.027772741857916,34.0,0.10000000000000142,157,2.3785552122676377,1.8215565972175145,-1.0872734503265078,2.0862007992589944,0.3512301743030548,-0.007885385335107936,-0.5949142094405637,-0.0053853853351079365,0.0,-0.0025,True,True,341,10.0,5,0.0,1.0,0.682,0.9999623894691467,-0.18713240325450897,0,False
270,34.128240735735744,34.1,0.10000000000000142,155,2.3884557120218224,1.8018317178622991,-1.1249162169659985,2.09783646517353,0.3531891405582428,-0.0076586562254600705,-0.6025728656660237,-0.005158656225460071,0.0,-0.0025,True,True,342,10.0,5,0.0,1.0,0.684,0.9999964237213135,-0.19846387207508087,0,False
271,34.22895037801936,34.2,0.10099999999999909,159,2.397590277917388,1.781735552501515,-1.164686326786217,2.108915413366086,0.3550543785095215,-0.007411836201285393,-0.6099847018673091,-0.004911836201285393,0.0,-0.0025,True,True,343,10.0,5,0.0,1.0,0.686,0.9999971985816956,-0.19689612090587616,0,False
272,34.328840447124094,34.3,0.10000000000000142,156,2.4059085491458516,1.7612871782482686,-1.204506143311,2.119394805779834,0.35681867599487305,-0.007146023984470801,-0.61713072585178,-0.004646023984470801,0.0,-0.0025,True,True,344,10.0,5,0.0,1.0,0.688,0.999975860118866,-0.17556573450565338,0,False
273,34.43023015279323,34.4,0.10099999999999909,157,2.413423384172644,1.740536720481147,-1.2408968960616054,2.1292909279570407,0.35848477482795715,-0.0068874319400650565,-0.624018157791845,-0.004387431940065057,0.0,-0.0025,True,True,345,10.0,5,0.0,1.0,0.69,0.9999682903289795,-0.15848208963871002,0,False
274,34.52983862394467,34.5,0.10000000000000142,156,2.420211071587276,1.7195443383510367,-1.2740342760436032,2.138679543072588,0.36006543040275574,-0.006662429393384654,-0.6306805871852297,-0.0041624293933846535,0.0,-0.0025,True,True,346,10.0,5,0.0,1.0,0.692,0.9997421503067017,-0.17439141869544983,0,False
275,34.630740255117416,34.6,0.10099999999999909,158,2.426305340206201,1.6983415849759778,-1.309222808805559,2.1475967625462804,0.3615667223930359,-0.006453436794218333,-0.637134023979448,-0.003953436794218333,0.0,-0.0025,True,True,347,10.0,5,0.0,1.0,0.694,0.9992528557777405,-0.19424259662628174,0,False
276,34.83093368867412,34.8,0.19999999999999574,312,2.4360928686247423,1.6553512834467112,-1.38652805846192,2.163718033254134,0.3642808794975281,-0.009647342843137573,-0.6467813668225856,-0.007147342843137573,0.0,-0.0025,True,True,349,10.0,5,0.0,1.0,0.698,0.9988072514533997,-0.24017859995365143,0,False
277,34.931134504731745,34.9,0.10000000000000142,158,2.439659717475253,1.6335811539587983,-1.4335489842268494,2.170807731658915,0.36547449231147766,-0.005643207881791342,-0.6524245747043769,-0.0031432078817913425,0.0,-0.0025,True,True,350,10.0,5,0.0,1.0,0.7,0.9979048371315002,-0.22548888623714447,0,False
278,35.031297341920435,35.0,0.10000000000000142,156,2.44217921806901,1.6116809160931131,-1.4786853269845492,2.1770905876545434,0.36653226613998413,-0.005285495427041109,-0.657710070131418,-0.0027854954270411093,0.0,-0.0025,True,True,351,10.0,5,0.0,1.0,0.702,0.9979199767112732,-0.29600250720977783,0,False
279,35.13099452201277,35.1,0.10000000000000142,156,2.443588217723039,1.5897501633821784,-1.53980506218427,2.1824929622673,0.3674418032169342,-0.004895135236183525,-0.6626052053676016,-0.002395135236183525,0.0,-0.0025,True,True,352,10.0,5,0.0,1.0,0.704,0.9967273473739624,-0.2527918219566345,0,False
280,35.331186475697905,35.3,0.19999999999999574,318,2.4427139955819395,1.546003786781572,-1.6425200829688746,2.1902820539056407,0.3687531650066376,-0.005953282894673865,-0.6685584882622755,-0.003453282894673865,0.0,-0.0025,True,True,354,10.0,5,0.0,1.0,0.708,0.9978215098381042,-0.2723541259765625,0,False
281,35.431193343829364,35.4,0.10000000000000142,158,2.4405637642364235,1.5241321897909708,-1.6967432951433126,2.1928208283312824,0.3691805899143219,-0.0036255620943460585,-0.6721840503566215,-0.0011255620943460586,0.0,-0.0025,True,True,355,10.0,5,0.0,1.0,0.71,0.9990678429603577,-0.19915953278541565,0,False
282,35.531531759072095,35.5,0.10000000000000142,158,2.4372734082306264,1.5023210532637175,-1.7402766166350603,2.1944525688594907,0.3694553077220917,-0.0032234298832576067,-0.6754074802398792,-0.0007234298832576064,0.0,-0.0025,True,True,356,10.0,5,0.0,1.0,0.712,0.9995637536048889,-0.2980096936225891,0,False
283,35.63120079878718,35.6,0.10000000000000142,158,2.4329783588056553,1.4806453305089093,-1.8000634163826643,2.1952964077722665,0.3695973753929138,-0.002874114802938659,-0.6782815950428178,-0.00037411480293865896,0.0,-0.0025,True,True,357,10.0,5,0.0,1.0,0.714,0.9642297029495239,-0.3914443254470825,0,False
284,35.83154096174985,35.8,0.19999999999999574,316,2.4203196408991925,1.4396267030059606,-1.9370467290968283,2.193119632628485,0.36923089623451233,-0.0015349297814689193,-0.6798165248242868,0.0009650702185310808,0.0,-0.0025,True,True,359,10.0,5,0.0,1.0,0.718,0.8663632869720459,-0.6821742057800293,0,False
285,35.931567850057036,35.9,0.10000000000000142,155,2.4120961504503917,1.4205497914204785,-2.0392431506469646,2.190139909444353,0.36872923374176025,-0.001178943889685951,-0.6809954687139728,0.001321056110314049,0.0,-0.0025,True,True,360,10.0,5,0.0,1.0,0.72,0.9652377963066101,-0.4837971031665802,0,False
286,36.031735565979034,36.0,0.10000000000000142,156,2.401554260220618,1.4021935937659533,-2.134307416363707,2.184926234701749,0.36785146594047546,-0.00018852458759072458,-0.6811839933015635,0.0023114754124092755,0.0,-0.0025,True,True,361,10.0,5,0.0,1.0,0.722,0.708829939365387,-0.9980576634407043,0,False
287,36.131697123870254,36.1,0.10000000000000142,158,2.3897084135459457,1.3856028159710467,-2.269300724506896,2.1781564055890565,0.36671170592308044,0.0005013942780760952,-0.6806825990234875,0.0030013942780760952,0.0,-0.0025,True,True,362,10.0,5,0.0,1.0,0.724,0.9287533164024353,-0.998207688331604,0,False
288,36.33135362295434,36.3,0.19999999999999574,315,2.3599452307116042,1.3612464779276345,-2.661452533436931,2.1567058681918736,0.3631003201007843,0.007010065783618588,-0.6736725332398689,0.009510065783618588,0.0,-0.0025,True,True,364,10.0,5,0.0,1.0,0.728,0.9869456887245178,-0.6142123937606812,0,False
289,36.431851766072214,36.4,0.10000000000000142,158,2.3427113201840495,1.3541807191423587,-2.832358305297327,2.1423706966302145,0.36068686842918396,0.003855478282270918,-0.6698170549575979,0.006355478282270918,0.0,-0.0025,True,True,365,10.0,5,0.0,1.0,0.73,0.9767032265663147,-0.8293789625167847,0,False
290,36.531540187075734,36.5,0.10000000000000142,158,2.322025707594441,1.3490262916913336,-2.98556286666513,2.1242303727150773,0.3576327860355377,0.005542487261496788,-0.6642745676961012,0.008042487261496789,0.0,-0.0025,True,True,366,10.0,5,0.0,1.0,0.732,0.8159287571907043,-0.693737268447876,0,False
291,36.631853172089905,36.6,0.10000000000000142,156,2.3037256670384165,1.3476203842981787,3.1371097056840798,2.1072530489377495,0.35477450489997864,0.0050268727753824734,-0.6592476949207187,0.007526872775382474,0.0,-0.0025,True,True,367,10.0,5,0.0,1.0,0.734,0.8144376277923584,-0.866098165512085,0,False
292,36.83182299789041,36.8,0.19999999999999574,311,2.271738212900866,1.3529877843595857,2.8032540118190727,2.0751809746655296,0.3493748903274536,0.01171910931639259,-0.647528585604326,0.01421910931639259,0.0,-0.0025,True,True,369,10.0,5,0.0,1.0,0.738,0.940257728099823,0.18368259072303772,0,False
293,36.93182714609429,36.9,0.10000000000000142,157,2.2589846872768464,1.3582995428061426,2.7387828760748203,2.061407477295236,0.34705600142478943,0.003606460814319291,-0.6439221247900068,0.006106460814319291,0.0,-0.0025,True,True,370,10.0,5,0.0,1.0,0.74,0.909799337387085,0.7767977118492126,0,False
294,37.03165669506416,37.0,0.10000000000000142,159,2.240574280329304,1.365584853881828,2.835103381779924,2.0416442636900776,0.3437286913394928,0.006261993138010968,-0.6376601316519958,0.008761993138010968,0.0,-0.0025,True,True,371,10.0,5,0.0,1.0,0.742,0.9433464407920837,-0.009438800625503063,0,False
295,37.131790020968765,37.1,0.10000000000000142,156,2.2212184040699308,1.370381596381775,2.939544689408079,2.0217566073000057,0.3403804302215576,0.006317164672826529,-0.6313429669791693,0.00881716467282653,0.0,-0.0025,True,True,372,10.0,5,0.0,1.0,0.744,0.9613637924194336,0.34257832169532776,0,False
296,37.33194925589487,37.3,0.19999999999999574,314,2.1805244337954646,1.3767053466993102,3.047354817897689,1.9811280737186077,0.33354026079177856,0.015512603595739983,-0.6158303633834292,0.018012603595739984,0.0,-0.0025,True,True,374,10.0,5,0.0,1.0,0.748,0.940828800201416,0.3316243886947632,0,False
297,37.432123691774905,37.4,0.10000000000000142,154,2.160005010550161,1.3779885118287836,3.1121238019496658,1.9612538706025806,0.33019426465034485,0.006311200182576146,-0.6095191632008531,0.008811200182576147,0.0,-0.0025,True,True,375,10.0,5,0.0,1.0,0.75,0.9665547609329224,0.31203538179397583,0,False
298,37.53269807482138,37.5,0.10099999999999909,158,2.1389767863270617,1.3779795150991851,-3.111545936498603,1.941325677373611,0.3268391788005829,0.006335136623712424,-0.6031840265771407,0.008835136623712424,0.0,-0.0025,True,True,376,10.0,5,0.0,1.0,0.752,0.9857643246650696,-0.186937153339386,0,False
299,37.63307174900547,37.6,0.10000000000000142,156,2.1181366845527383,1.3769718499734056,-3.0925912387472203,1.9219221618323838,0.32357242703437805,0.006102521503949319,-0.5970815050731914,0.00860252150394932,0.0,-0.0025,True,True,377,10.0,5,0.0,1.0,0.754,0.9828122854232788,-0.16112510859966278,0,False
300,37.73277822975069,37.7,0.10000000000000142,156,2.096424398835255,1.3764259841924422,-3.129615037229887,1.9015744388733367,0.32014670968055725,0.006521134543361047,-0.5905603705298303,0.009021134543361047,0.0,-0.0025,True,True,378,10.0,5,0.0,1.0,0.756,0.9988689422607422,0.0021729508880525827,0,False
301,37.834197024814785,37.8,0.10099999999999909,158,2.074537149085713,1.3764002929031152,-3.140829616190492,1.8809195918291908,0.3166692852973938,0.006657297577365308,-0.583903072952465,0.009157297577365308,0.0,-0.0025,True,True,379,10.0,5,0.0,1.0,0.758,0.999220073223114,0.002548409625887871,0,False
302,37.93502597603947,37.9,0.10099999999999909,158,2.0525460214231903,1.376353279568871,3.1410531098464367,1.8602024348842063,0.3131813704967499,0.0066849225848405625,-0.5772181503676245,0.009184922584840563,0.0,-0.0025,True,True,380,10.0,5,0.0,1.0,0.76,0.9992534518241882,0.017117634415626526,0,False
303,38.035836067050695,38.0,0.10099999999999909,158,2.030559809969624,1.376296444916917,-3.138335729508413,1.8395226284763724,0.30969974398612976,0.006668363276382341,-0.5705497870912422,0.009168363276382341,0.0,-0.0025,True,True,381,10.0,5,0.0,1.0,0.762,0.9994359016418457,0.017696768045425415,0,False
304,38.13585131475702,38.1,0.10000000000000142,156,2.0085672588970436,1.3761730710880515,-3.13471293376931,1.818890439577986,0.30622613430023193,0.006647252120101607,-0.5639025349711405,0.009147252120101607,0.0,-0.0025,True,True,382,10.0,5,0.0,1.0,0.764,0.9999643564224243,-0.06650611013174057,0,False
305,38.23615865968168,38.2,0.10000000000000142,156,1.986546656114402,1.3760834430212834,3.1366236003175554,1.7982524091263958,0.3027515411376953,0.006649841964552405,-0.5572526930065881,0.009149841964552406,0.0,-0.0025,True,True,383,10.0,5,0.0,1.0,0.766,0.9996400475502014,-0.015729131177067757,0,False
306,38.3373667281121,38.32,0.10099999999999909,157,1.9601528357001308,1.3762873307027217,3.132235891478638,1.7734500593076867,0.29857584834098816,0.008496087137435573,-0.5487566058691525,0.010996087137435573,0.0,-0.0025,True,True,384,10.0,5,0.004,1.0,0.768,0.9999518990516663,0.07035317271947861,0,False
307,38.43815913889557,38.42,0.10099999999999909,156,1.938186970698414,1.3764195743553072,-3.1384592439377372,1.7528573451476157,0.2951088845729828,0.006629751050024902,-0.5421268548191276,0.009129751050024903,0.0,-0.0025,True,True,385,10.0,5,0.004,1.0,0.77,0.9999454617500305,0.05032412335276604,0,False
308,38.53816382586956,38.519999999999996,0.10000000000000142,156,1.916210376849262,1.3762758864868994,-3.1304629575758174,1.7323878346551116,0.29166266322135925,0.006575128876153481,-0.5355517259429741,0.009075128876153481,0.0,-0.0025,True,True,386,10.0,5,0.004,1.0,0.772,0.999875545501709,0.06440094113349915,0,False
309,38.63917869608849,38.62,0.10099999999999909,158,1.8942408731089397,1.37589243016276,-3.117930970586596,1.7120496706013069,0.2882385551929474,0.006516896616077832,-0.5290348293268963,0.009016896616077833,0.0,-0.0025,True,True,387,10.0,5,0.004,1.0,0.774,0.999884843826294,0.0440714955329895,0,False
310,38.74009138578549,38.72,0.10099999999999909,158,1.8722643117037618,1.375279604376483,-3.109586307852899,1.6918306388295028,0.28483450412750244,0.006464079485308524,-0.5225707498415878,0.008964079485308524,0.0,-0.0025,True,True,388,10.0,5,0.004,1.0,0.776,0.9997776746749878,0.061330851167440414,0,False
311,38.840897446963936,38.82,0.10099999999999909,158,1.850300291469479,1.3744512953797046,-3.0972563981259786,1.6717482639993106,0.2814534604549408,0.006403492821186622,-0.5161672570204012,0.008903492821186623,0.0,-0.0025,True,True,389,10.0,5,0.004,1.0,0.778,0.9996675848960876,0.0583178885281086,0,False
312,38.94218622287735,38.92,0.10099999999999909,159,1.8283494238682976,1.3733664280817481,-3.08607631332915,1.6518237881223798,0.278099000453949,0.006333488540880007,-0.5098337684795212,0.008833488540880008,0.0,-0.0025,True,True,390,10.0,5,0.004,1.0,0.78,0.9985879063606262,-0.14971356093883514,0,False
313,39.04177319491282,39.019999999999996,0.10000000000000142,156,1.8063394655623572,1.3724087401450609,-3.1171551506186184,1.6318485084342538,0.2747359871864319,0.00635601233958861,-0.5034777561399326,0.00885601233958861,0.0,-0.0025,True,True,391,10.0,5,0.004,1.0,0.782,0.9975273609161377,-0.07773256301879883,0,False
314,39.14252152573317,39.12,0.10000000000000142,158,1.7843792192269865,1.3719529851787096,-3.127966671921441,1.6117769316266501,0.2713567614555359,0.006398705532959367,-0.49707905060697327,0.008898705532959367,0.0,-0.0025,True,True,392,10.0,5,0.004,1.0,0.784,0.9978747963905334,-0.08082643151283264,0,False
315,39.24240933498368,39.22,0.10000000000000142,154,1.762401530048983,1.3718470860494412,3.139826546200898,1.591601268961964,0.2679600119590759,0.0064448518522645555,-0.4906341987547087,0.008944851852264556,0.0,-0.0025,True,True,393,10.0,5,0.004,1.0,0.786,0.9988284707069397,-0.11672255396842957,0,False
316,39.34282734896988,39.32,0.10000000000000142,157,1.7403848539134672,1.3721505485531948,3.115728817017019,1.571274433981039,0.2645378112792969,0.006511873887446031,-0.4841223248672627,0.009011873887446032,0.0,-0.0025,True,True,394,10.0,5,0.004,1.0,0.788,0.9994202256202698,-0.11228355765342712,0,False
317,39.542942052707076,39.519999999999996,0.19999999999999574,314,1.696373460752339,1.3741922491242333,3.076508835665247,1.5301941536185617,0.2576215863227844,0.015712884899935428,-0.46840943996732726,0.018212884899935427,0.0,-0.0025,True,True,396,10.0,5,0.004,1.0,0.792,0.9999791383743286,-0.07887828350067139,0,False
318,39.642836960963905,39.62,0.10000000000000142,158,1.6744030038837758,1.37580159591987,3.0608916614248063,1.509505673389304,0.2541384994983673,0.006672208802991212,-0.46173723116433607,0.009172208802991213,0.0,-0.0025,True,True,397,10.0,5,0.004,1.0,0.794,0.9999843239784241,-0.055855490267276764,0,False
319,39.743016697932035,39.72,0.10000000000000142,157,1.6524684926297324,1.3777043039294816,3.0498305244782777,1.4887655042650327,0.250646710395813,0.006695125002373962,-0.4550421061619621,0.009195125002373962,0.0,-0.0025,True,True,398,10.0,5,0.004,1.0,0.796,0.9999722838401794,-0.11836663633584976,0,False
320,39.84295296575874,39.82,0.10000000000000142,157,1.6305502153575853,1.3799594835663647,3.0258116069235474,1.4679285069709924,0.2471386194229126,0.006738053636149462,-0.4483040525258126,0.009238053636149463,0.0,-0.0025,True,True,399,10.0,5,0.004,1.0,0.798,0.9999315738677979,-0.10789839178323746,0,False
321,39.9438791857101,39.92,0.10099999999999909,157,1.6086854941738657,1.382710619723674,3.0051725259660698,1.4469637035735277,0.2436090111732483,0.006794716293527642,-0.441509336232285,0.009294716293527643,0.0,-0.0025,True,True,400,10.0,5,0.004,1.0,0.8,0.9999313950538635,-0.1220695972442627,0,False
322,40.14481342304498,40.12,0.2010000000000005,314,1.5651747844521562,1.3895195801739153,2.979502166734969,1.4047610484205202,0.23650382459163666,0.01621048819509667,-0.4252988480371883,0.01871048819509667,0.0,-0.0025,True,True,402,10.0,5,0.004,1.0,0.804,0.9996537566184998,-0.02289273403584957,0,False
323,40.34509084606543,40.32,0.19999999999999574,311,1.5217955632067468,1.3968872599148794,2.968475767272747,1.362545205518614,0.22939641773700714,0.016216334965144533,-0.4090825130720438,0.01871633496514453,0.0,-0.0025,True,True,404,10.0,5,0.004,1.0,0.808,0.9995718002319336,-0.022355949506163597,0,False
324,40.44497581385076,40.42,0.10000000000000142,157,1.5001350838709369,1.4007220149261457,2.9639656027384427,1.3414388772185344,0.22584298253059387,0.006857461161358526,-0.40222505191068525,0.009357461161358526,0.0,-0.0025,True,True,405,10.0,5,0.004,1.0,0.81,0.9997844099998474,-0.01934857852756977,0,False
325,40.54535507876426,40.519999999999996,0.10000000000000142,158,1.4784856697024564,1.4046527642342355,2.9601395378915036,1.320328300516125,0.2222888320684433,0.006859344684595391,-0.3953657072260899,0.009359344684595391,0.0,-0.0025,True,True,406,10.0,5,0.004,1.0,0.812,0.9999316930770874,-0.05121951550245285,0,False
326,40.64499338902533,40.62,0.10000000000000142,156,1.4568471848056017,1.4087342959939355,2.949513152734379,1.2991884275393157,0.21872974932193756,0.0068723331469168585,-0.388493374079173,0.009372333146916859,0.0,-0.0025,True,True,407,10.0,5,0.004,1.0,0.814,0.9999399781227112,-0.03546081483364105,0,False
327,40.84536358108744,40.82,0.19999999999999574,314,1.4136965337924596,1.4175399016617836,2.923290965440866,1.2568133580584202,0.2115955352783203,0.01628692784646266,-0.3722064462327103,0.01878692784646266,0.0,-0.0025,True,True,409,10.0,5,0.004,1.0,0.818,0.9999593496322632,-0.04627332091331482,0,False
328,40.945158660877496,40.92,0.10000000000000142,156,1.3922271611044834,1.4223987577393282,2.915521660546977,1.2355498388721344,0.20801563560962677,0.00692715152112555,-0.36527929471158477,0.00942715152112555,0.0,-0.0025,True,True,410,10.0,5,0.004,1.0,0.82,0.9999699592590332,-0.044981881976127625,0,False
329,41.045122758019716,41.019999999999996,0.10000000000000142,158,1.3707980500819597,1.427448995951644,2.906241023964093,1.214258262528795,0.20443101227283478,0.00693959062250288,-0.3583397040890819,0.00943959062250288,0.0,-0.0025,True,True,411,10.0,5,0.004,1.0,0.822,0.9999551773071289,-0.08034981042146683,0,False
330,41.145649421960115,41.12,0.10000000000000142,156,1.3494159873894942,1.4327563819568907,2.889467257563136,1.1929120765138401,0.20083719491958618,0.006963801744111077,-0.3513759023449708,0.009463801744111077,0.0,-0.0025,True,True,412,10.0,5,0.004,1.0,0.824,0.9999819397926331,-0.08692636340856552,0,False
331,41.345410198904574,41.32,0.19999999999999574,316,1.3069349654134867,1.4444448270653842,2.856156929724469,1.1500258711276286,0.19361692667007446,0.016513539235908006,-0.3348623631090628,0.019013539235908004,0.0,-0.0025,True,True,414,10.0,5,0.004,1.0,0.828,0.9998684525489807,-0.06614615768194199,0,False
332,41.445715033914894,41.42,0.10000000000000142,157,1.2858470261001957,1.450785785955886,2.8432832413482125,1.1285081558686039,0.1899942308664322,0.007039848994802924,-0.3278225141142599,0.009539848994802924,0.0,-0.0025,True,True,415,10.0,5,0.004,1.0,0.83,0.9998102784156799,-0.04821256920695305,0,False
333,41.54567261086777,41.519999999999996,0.10000000000000142,157,1.2648399665192045,1.4573641763112692,2.83370353473204,1.1069642421285448,0.18636712431907654,0.007051464054764095,-0.3207710500594958,0.009551464054764095,0.0,-0.0025,True,True,416,10.0,5,0.004,1.0,0.832,0.9998043775558472,-0.04898960888385773,0,False
334,41.64559641992673,41.62,0.10000000000000142,156,1.2438951164385352,1.4641424597437258,2.823681292803703,1.085394572449361,0.18273568153381348,0.007062882914387995,-0.3137081671451078,0.009562882914387996,0.0,-0.0025,True,True,417,10.0,5,0.004,1.0,0.834,0.9997403621673584,-0.047551847994327545,0,False
335,41.845557044725865,41.82,0.19999999999999574,311,1.20220749126411,1.4782511871621125,2.8087800678187747,1.042209297240801,0.17546506226062775,0.016646131423775613,-0.29706203572133216,0.019146131423775612,0.0,-0.0025,True,True,419,10.0,5,0.004,1.0,0.838,0.9998964667320251,-0.09176768362522125,0,False
336,41.94549825275317,41.92,0.10000000000000142,154,1.1814609335969817,1.4856632228700344,2.7881517313233783,1.0205467822690324,0.17181798815727234,0.007104045745128856,-0.2899579899762033,0.009604045745128856,0.0,-0.0025,True,True,420,10.0,5,0.004,1.0,0.84,0.9998883605003357,-0.0631391853094101,0,False
337,42.04578676773235,42.019999999999996,0.10000000000000142,157,1.1608424119604905,1.4933930209330206,2.77628074809893,0.9988494835031877,0.16816505789756775,0.007119467091631375,-0.28283852288457195,0.009619467091631376,0.0,-0.0025,True,True,421,10.0,5,0.004,1.0,0.842,0.999686598777771,-0.07062838226556778,0,False
338,42.14551268797368,42.12,0.10000000000000142,155,1.1403293060363788,1.5013948021532821,2.762596671995096,0.9771184630438494,0.1645064502954483,0.007134417557324656,-0.2757041053272473,0.009634417557324656,0.0,-0.0025,True,True,422,10.0,5,0.004,1.0,0.844,0.9985031485557556,-0.09749516099691391,0,False
339,42.346078047994524,42.32,0.19999999999999574,313,1.099857695782294,1.5183564785626902,2.7289341566846033,0.9336770445781494,0.15719270706176758,0.01675969217893657,-0.25894441314831074,0.01925969217893657,0.0,-0.0025,True,True,424,10.0,5,0.004,1.0,0.848,0.9660971164703369,-0.15243643522262573,0,False
340,42.44576736772433,42.42,0.10000000000000142,156,1.0804554724392517,1.5272459474471483,2.695367435062789,0.912473091532864,0.1536228358745575,0.006900742955740847,-0.2520436701925699,0.009400742955740848,0.0,-0.0025,True,True,425,10.0,5,0.004,1.0,0.85,0.9583239555358887,-0.12228911370038986,0,False
341,42.54572585597634,42.519999999999996,0.10000000000000142,157,1.0614826599576037,1.5365663432459147,2.672010972642321,0.8914182751110347,0.15007807314395905,0.00683462344211043,-0.24520904675045946,0.00933462344211043,0.0,-0.0025,True,True,426,10.0,5,0.004,1.0,0.852,0.9598660469055176,-0.11569256335496902,0,False
342,42.645736643113196,42.62,0.10000000000000142,155,1.0427187201842185,1.5463412714149933,2.6498556506028534,0.8703087605092077,0.1465241014957428,0.006858873803786199,-0.23835017294667327,0.0093588738037862,0.0,-0.0025,True,True,427,10.0,5,0.004,1.0,0.854,0.9954519271850586,-0.09656817466020584,0,False
343,42.84582470776513,42.82,0.19999999999999574,312,1.00447650263333,1.5678315742973716,2.6123582252137947,0.8264724176435908,0.13914386928081512,0.016934781359837857,-0.2214153915868354,0.019434781359837856,0.0,-0.0025,True,True,429,10.0,5,0.004,1.0,0.858,0.9982132911682129,-0.04504118859767914,0,False
344,42.94707928504795,42.92,0.10099999999999909,159,0.985555709121674,1.579014470307769,2.6038609316822803,0.8044970255419016,0.13544411957263947,0.007242759383516539,-0.21417263220331886,0.00974275938351654,0.0,-0.0025,True,True,430,10.0,5,0.004,1.0,0.86,0.9946505427360535,-0.053272757679224014,0,False
345,43.04711575200781,43.019999999999996,0.10000000000000142,157,0.9668064662768014,1.5903381402147523,2.5930174495517555,0.7825942103133481,0.13175658881664276,0.007210582528218726,-0.20696204967510012,0.009710582528218726,0.0,-0.0025,True,True,431,10.0,5,0.004,1.0,0.862,0.9889608025550842,-0.013898110948503017,0,False
346,43.14777547400445,43.12,0.10099999999999909,157,0.9482573684757915,1.6017154545886887,2.5907270831101354,0.76083389357961,0.12809304893016815,0.007147406019646073,-0.19981464365545404,0.009647406019646074,0.0,-0.0025,True,True,432,10.0,5,0.004,1.0,0.864,0.9969357848167419,0.04198967292904854,0,False
347,43.24805945903063,43.22,0.10000000000000142,157,0.9295239889093845,1.6132841449462718,2.593461804228209,0.7388163714881492,0.12438620626926422,0.007261437655616321,-0.19255320599983772,0.009761437655616321,0.0,-0.0025,True,True,433,10.0,5,0.004,1.0,0.866,0.998268723487854,-0.02725401520729065,0,False
348,43.348799319937825,43.32,0.10099999999999909,157,0.9107739796516328,1.6248088041173239,2.585132887001674,0.7168077002348757,0.12068085372447968,0.0072575136488726485,-0.18529569235096507,0.009757513648872649,0.0,-0.0025,True,True,434,10.0,5,0.004,1.0,0.868,0.9971432685852051,-0.012944862246513367,0,False
349,43.44982044911012,43.42,0.10099999999999909,156,0.892135937551862,1.6363844205434608,2.583636780842887,0.6948677999943175,0.11698707938194275,0.007227024116474575,-0.1780686682344905,0.009727024116474576,0.0,-0.0025,True,True,435,10.0,5,0.004,1.0,0.87,0.9965213537216187,-0.028886757791042328,0,False
350,43.55114386510104,43.519999999999996,0.10099999999999909,158,0.873555511309826,1.6480410052366283,2.5784126790478097,0.6729346706449726,0.11329444497823715,0.007224022251315647,-0.17084464598317484,0.009724022251315648,0.0,-0.0025,True,True,436,10.0,5,0.004,1.0,0.872,0.9832976460456848,-0.03796429932117462,0,False
351,43.65100094396621,43.62,0.10000000000000142,156,0.8552941746830147,1.6596650096039518,2.5709497035115527,0.6512906539250154,0.10965048521757126,0.007095844571034642,-0.16374880141214018,0.009595844571034642,0.0,-0.0025,True,True,437,10.0,5,0.004,1.0,0.874,0.993342936038971,-0.06421355158090591,0,False
352,43.7515265471302,43.72,0.10000000000000142,153,0.8369562029803999,1.67159400216222,2.5579927549328376,0.6294223127112013,0.10596875846385956,0.007195298521952264,-0.1565535028901879,0.009695298521952264,0.0,-0.0025,True,True,438,10.0,5,0.004,1.0,0.876,0.9937594532966614,-0.030276816338300705,0,False
353,43.85167331295088,43.82,0.10000000000000142,157,0.8187383293611675,1.6836983824470597,2.5526918475148554,0.6075657873663673,0.10228902101516724,0.007190059972949456,-0.14936344291723846,0.009690059972949456,0.0,-0.0025,True,True,439,10.0,5,0.004,1.0,0.878,0.9955347180366516,-0.08025126904249191,0,False
354,43.95154667086899,43.92,0.10000000000000142,156,0.8006005089999453,1.6960208262723848,2.536062504737237,0.5856656273892701,0.09860193729400635,0.007209405326195599,-0.14215403759104286,0.009709405326195599,0.0,-0.0025,True,True,440,10.0,5,0.004,1.0,0.88,0.9939008951187134,-0.047365542501211166,0,False
355,44.151623964775354,44.12,0.19999999999999574,312,0.7648531613316837,1.7211547870733235,2.5255600097042925,0.5420729923531401,0.09126273542642593,0.01682673383415173,-0.12532730375689113,0.01932673383415173,0.0,-0.0025,True,True,442,10.0,5,0.004,1.0,0.884,0.9951709508895874,-0.044677820056676865,0,False
356,44.252722944132984,44.22,0.10099999999999909,156,0.7470305050369082,1.7338992280144305,2.5158899100546614,0.5202363813942276,0.08758635073900223,0.007181230957776256,-0.11814607279911488,0.009681230957776257,0.0,-0.0025,True,True,443,10.0,5,0.004,1.0,0.886,0.9956722855567932,-0.021004976704716682,0,False
357,44.35259411204606,44.32,0.10000000000000142,155,0.7292923008676121,1.7467639159971224,2.5122406323991413,0.498417870399408,0.08391301333904266,0.007173206363985525,-0.11097286643512935,0.009673206363985526,0.0,-0.0025,True,True,444,10.0,5,0.004,1.0,0.888,0.9963877201080322,-0.023261984810233116,0,False
358,44.452880857046694,44.42,0.10000000000000142,158,0.7115946560049881,1.7597120652880913,2.507695827584118,0.4766009525554621,0.08023994415998459,0.007172500042771691,-0.10380036639235767,0.009672500042771691,0.0,-0.0025,True,True,445,10.0,5,0.004,1.0,0.89,0.9981422424316406,-0.02777908369898796,0,False
359,44.55250136787072,44.519999999999996,0.10000000000000142,156,0.6939268890646068,1.7727697963224915,2.502120307787986,0.45476584623904137,0.07656381279230118,0.007180563876629844,-0.09661980251572783,0.009680563876629845,0.0,-0.0025,True,True,446,10.0,5,0.004,1.0,0.892,0.9984135031700134,0.014189057983458042,0,False
360,44.6529964110814,44.62,0.10000000000000142,157,0.6762915637034994,1.7858542591511986,2.505601885340356,0.43295928387577465,0.07289248704910278,0.007167908954881607,-0.08945189356084622,0.009667908954881607,0.0,-0.0025,True,True,447,10.0,5,0.004,1.0,0.894,0.9950735569000244,0.04755523055791855,0,False
361,44.85280376672745,44.82,0.19999999999999574,311,0.6408591355396933,1.811531222837464,2.525363074826851,0.3894937911302051,0.06557469069957733,0.01677036547727931,-0.07268152808356691,0.019270365477279307,0.0,-0.0025,True,True,449,10.0,5,0.004,1.0,0.898,0.9974014163017273,0.02973896823823452,0,False
362,44.95259215589613,44.92,0.10000000000000142,156,0.6229234828020118,1.8241546235740382,2.530778379662901,0.3676971195786127,0.06190503016114235,0.007163523877345587,-0.06551800420622132,0.009663523877345587,0.0,-0.0025,True,True,450,10.0,5,0.004,1.0,0.9,0.9970648884773254,0.030476242303848267,0,False
363,45.053102049045265,45.019999999999996,0.10000000000000142,155,0.6049209121778814,1.8366671502711065,2.5371266905545475,0.34591093627027214,0.05823713541030884,0.00715887392935439,-0.058359130276866934,0.00965887392935439,0.0,-0.0025,True,True,451,10.0,5,0.004,1.0,0.902,0.9973192811012268,0.033580880612134933,0,False
364,45.152806888800114,45.12,0.10000000000000142,156,0.5868362415330545,1.8490689902046367,2.5440824480581044,0.3241222083459528,0.054568812251091,0.007160002081293174,-0.05119912819557376,0.009660002081293174,0.0,-0.0025,True,True,452,10.0,5,0.004,1.0,0.904,0.9855004549026489,0.02841835282742977,0,False
365,45.35397844389081,45.32,0.2009999999999934,315,0.5509052501683588,1.8732294207941884,2.5551851690003633,0.2811124673857422,0.04732774570584297,0.016568308560032358,-0.034630819635541404,0.019068308560032356,0.0,-0.0025,True,True,454,10.0,5,0.004,1.0,0.908,0.9823269844055176,0.026162918657064438,0,False
366,45.45442711701617,45.42,0.10000000000000142,158,0.5328805413642358,1.8851355570960762,2.560485471684216,0.25966746176242617,0.043717291206121445,0.007007613279403873,-0.027623206356137534,0.009507613279403873,0.0,-0.0025,True,True,455,10.0,5,0.004,1.0,0.91,0.9831385612487793,0.030861230567097664,0,False
367,45.554082048125565,45.519999999999996,0.10000000000000142,156,0.5147758499565092,1.8969476980980036,2.5667861074699734,0.2382193140915536,0.040106307715177536,0.0070090063017978835,-0.02061420005433965,0.009509006301797884,0.0,-0.0025,True,True,456,10.0,5,0.004,1.0,0.912,0.9803977012634277,0.038911592215299606,0,False
368,45.65406723506749,45.62,0.10000000000000142,156,0.4966430551548267,1.9085993597270459,2.5746341291707537,0.21684688534137334,0.036508072167634964,0.006975436424106021,-0.013638763630233629,0.009475436424106021,0.0,-0.0025,True,True,457,10.0,5,0.004,1.0,0.914,0.9849944710731506,0.04243869706988335,0,False
369,45.72254597488791,45.7,0.0,105,0.4820012429412869,1.917857133333342,2.5812836895296147,0.1996794898139735,0.033617790788412094,1.5051111408202023,1.4914723771899687,0.007611140820202159,1.5,-0.0025,True,True,458,10.0,5,0.0,1.0,0.916,0.9849309325218201,0.042858004570007324,1,True
