ppo_step,t_wall_s,t_sim_s,ppo_step_sim_dt,inner_ticks,x,y,yaw,goal_distance_m,goal_distance_norm,ppo_reward,ppo_reward_cumulative,navigation_reward,terminal_reward,frame_cost_reward,fresh_observation,frame_consumed,episode_frame_count,current_fps,scan_divisor_k,obs_age_ratio,fps_ratio,frame_count_ratio,action_linear,action_angular,outcome,done
1,0.08808071911334991,0.08000000000000185,0.10000000000000142,102,-0.9279522580857686,0.838828663636888,2.302111797311202,3.219528856079249,0.5420358777046204,-0.002378676214880173,-0.002378676214880173,-0.002378676214880173,0.0,-0.0,False,False,1,10.0,5,0.016,1.0,0.002,0.9429174065589905,-0.13195127248764038,0,False
2,0.1880852640606463,0.17999999999999972,0.10000000000000142,161,-0.9380952067059561,0.8494228588386038,2.3719231186568446,3.2331633952900023,0.5443313717842102,-0.004245022168093944,-0.006623698382974117,-0.004245022168093944,0.0,-0.0,True,True,2,1.0,50,0.016,0.1,0.004,0.9331395626068115,0.7701752185821533,0,False
3,0.3882575910538435,0.38000000000000256,0.1999999999999993,319,-0.9699152890488113,0.8720850024903898,2.6838602190465766,3.271546294206522,0.550793468952179,-0.01195025766971527,-0.018573956052689387,-0.01195025766971527,0.0,-0.0,False,False,2,1.0,50,0.056,0.1,0.004,0.9509280920028687,0.8877740502357483,0,False
4,0.5878531141206622,0.5800000000000018,0.1999999999999993,305,-1.0087462850007276,0.8857046167752026,2.863978030764762,3.3125115136725647,0.5576903223991394,-0.012754245821306298,-0.03132820187399568,-0.012754245821306298,0.0,-0.0,False,False,2,1.0,50,0.096,0.1,0.004,0.9678856134414673,0.21679428219795227,0,False
5,0.687896067975089,0.6799999999999997,0.10000000000000142,159,-1.0292619485281478,0.8910873644605732,2.906739482146672,3.3333994917945637,0.5612069964408875,-0.006503331634751282,-0.03783153350874696,-0.006503331634751282,0.0,-0.0,False,False,2,1.0,50,0.116,0.1,0.004,0.9682978391647339,0.22911474108695984,0,False
6,0.8884157631546259,0.8800000000000026,0.1999999999999993,320,-1.0708949928932388,0.899007599142372,3.0027948150596413,3.3745544732313415,0.5681357979774475,-0.012813326935818528,-0.05064486044456549,-0.012813326935818528,0.0,-0.0,False,False,2,1.0,50,0.156,0.1,0.004,0.9675137996673584,0.25721457600593567,0,False
7,1.088132934179157,1.0800000000000018,0.1999999999999993,320,-1.1131199460825025,0.9027098594128947,3.107761446960123,3.414543976295618,0.574868381023407,-0.01245046307579157,-0.06309532352035706,-0.01245046307579157,0.0,-0.0,False,False,2,1.0,50,0.196,0.1,0.004,0.96806800365448,0.2687155604362488,0,False
8,1.1881189791020006,1.1799999999999997,0.10000000000000142,160,-1.1341693695906023,0.902986804019657,3.1328377622715604,3.4338593374884994,0.5781202912330627,-0.006013707920826388,-0.06910903144118345,-0.006013707920826388,0.0,-0.0,True,True,3,1.0,50,0.016,0.1,0.006,0.9935321807861328,-0.2954321801662445,0,False
9,1.3886229139752686,1.3800000000000026,0.1999999999999993,322,-1.1782003882809544,0.9062913413202259,3.0050498306629025,3.4754299542865525,0.5851190686225891,-0.01294273221275421,-0.08205176365393767,-0.01294273221275421,0.0,-0.0,False,False,3,1.0,50,0.056,0.1,0.006,0.9915072321891785,-0.2957289516925812,0,False
10,1.5882817059755325,1.5800000000000018,0.1999999999999993,320,-1.2211476484707977,0.9147297829446668,2.887299242136363,3.5181320622384686,0.5923083424568176,-0.013295014380629903,-0.09534677803456756,-0.013295014380629903,0.0,-0.0,False,False,3,1.0,50,0.096,0.1,0.006,0.9885863065719604,-0.30333906412124634,0,False
11,1.6887714471668005,1.6799999999999997,0.10000000000000142,159,-1.2421063392626825,0.9208479127020283,2.8265605376924143,3.5397826285786844,0.5959534049034119,-0.006740758352399665,-0.10208753638696723,-0.006740758352399665,0.0,-0.0,False,False,3,1.0,50,0.116,0.1,0.006,0.9868788123130798,-0.3087524473667145,0,False
12,1.8885688970331103,1.8800000000000026,0.1999999999999993,320,-1.2825489184618724,0.9368413486438177,2.7007811647351954,3.583244492480597,0.6032705903053284,-0.013531559290598853,-0.11561909567756608,-0.013531559290598853,0.0,-0.0,False,False,3,1.0,50,0.156,0.1,0.006,0.866823136806488,-0.735144317150116,0,False
13,2.0888426140882075,2.080000000000002,0.1999999999999993,319,-1.3161542058473947,0.9584389946329329,2.4242014623526105,3.6226955105495584,0.6099125146865845,-0.012282809390766836,-0.1279019050683329,-0.012282809390766836,0.0,-0.0,False,False,3,1.0,50,0.196,0.1,0.006,0.90163654088974,-0.7045882344245911,0,False
14,2.188820719020441,2.1799999999999997,0.10000000000000142,159,-1.329074866536078,0.9713677250512888,2.2712216569121364,3.639733728093615,0.6127810478210449,-0.005304734546678664,-0.13320663961501156,-0.005304734546678664,0.0,-0.0,True,True,4,1.0,50,0.016,0.1,0.008,0.6444553732872009,-1.0,0,False
15,2.3890513870865107,2.3800000000000026,0.1999999999999993,319,-1.3425297221763275,0.9956270967898582,1.8684846918614446,3.6618856059087586,0.6165105104446411,-0.006896838311633683,-0.14010347792664524,-0.006896838311633683,0.0,-0.0,False,False,4,1.0,50,0.056,0.1,0.008,0.5357112884521484,-0.9999998211860657,0,False
16,2.5891627850942314,2.580000000000002,0.1999999999999993,319,-1.3450023846783519,1.0177029913522992,1.4697286236704612,3.673209014252047,0.6184169054031372,-0.0035254671017946773,-0.14362894502843992,-0.0035254671017946773,0.0,-0.0,False,False,4,1.0,50,0.096,0.1,0.008,0.4338224232196808,-0.9999945163726807,0,False
17,2.688717904035002,2.6799999999999997,0.10000000000000142,159,-1.3433005278860877,1.026410859158675,1.2552206475591339,3.6752670111473553,0.6187633872032166,-0.0006407435049629097,-0.14426968853340283,-0.0006407435049629097,0.0,-0.0,False,False,4,1.0,50,0.116,0.1,0.008,0.4571306109428406,-0.9999027848243713,0,False
18,2.8888848409987986,2.8800000000000026,0.1999999999999993,319,-1.3332836883166936,1.043437930215831,0.8305269445929959,3.673279466924018,0.6184287667274475,0.0006188085389405437,-0.14365087999446227,0.0006188085389405437,0.0,-0.0,False,False,4,1.0,50,0.156,0.1,0.008,0.6041505336761475,-0.9467343688011169,0,False
19,3.089200168149546,3.080000000000002,0.1999999999999993,319,-1.3093783998095976,1.0611182245727921,0.48572642747649253,3.6591085669191155,0.616042971611023,0.004412014497359137,-0.13923886549710313,0.004412014497359137,0.0,-0.0,False,False,4,1.0,50,0.196,0.1,0.008,0.7403361797332764,-0.13814614713191986,0,False
20,3.189218493178487,3.1799999999999997,0.10000000000000142,159,-1.292514021696427,1.0690431858968337,0.4032629555719071,3.6472654373574693,0.6140490770339966,0.0036872788109441144,-0.13555158668615902,0.0036872788109441144,0.0,-0.0,True,True,5,1.0,50,0.016,0.1,0.01,0.9984630346298218,-0.5356859564781189,0,False
21,3.3891386929899454,3.3800000000000026,0.1999999999999993,317,-1.2501925242184515,1.0818000187955221,0.18713648155193557,3.6146706325819085,0.6085614562034607,0.010148173451129623,-0.1254034132350294,0.010148173451129623,0.0,-0.0,False,False,5,1.0,50,0.056,0.1,0.01,0.993403434753418,-0.5039828419685364,0,False
22,3.5893281411845237,3.580000000000002,0.1999999999999993,317,-1.2065755472163593,1.0856227241028131,-0.01667532531789748,3.5771951215963496,0.6022521257400513,0.011667748534463228,-0.11373566470056617,0.011667748534463228,0.0,-0.0,False,False,5,1.0,50,0.096,0.1,0.01,0.986097514629364,-0.5217727422714233,0,False
23,3.689529474126175,3.6799999999999997,0.10000000000000142,160,-1.1853660780192843,1.0840718398438614,-0.129615448155541,3.5575048388978545,0.5989370942115784,0.006130437212372166,-0.10760522748819401,0.006130437212372166,0.0,-0.0,False,False,5,1.0,50,0.116,0.1,0.01,0.9841722846031189,-0.521933376789093,0,False
24,3.8893969641067088,3.8800000000000026,0.1999999999999993,318,-1.1434124275133288,1.0739511385710563,-0.3420585686235959,3.515446363898918,0.5918561816215515,0.013094623585511644,-0.09451060390268237,0.013094623585511644,0.0,-0.0,False,False,5,1.0,50,0.156,0.1,0.01,0.9855690002441406,-0.48809927701950073,0,False
25,4.089406544109806,4.080000000000002,0.1999999999999993,320,-1.1050917868278398,1.0557301649851152,-0.5412629935041808,3.473023234366665,0.584713876247406,0.01320815632422001,-0.08130244757846236,0.01320815632422001,0.0,-0.0,False,False,5,1.0,50,0.196,0.1,0.01,0.9713948369026184,-0.4329074025154114,0,False
26,4.189444538205862,4.18,0.10000000000000142,160,-1.0873417986908465,1.0439629807845325,-0.6242061209336546,3.4518835384066198,0.5811548233032227,0.0065817022922479915,-0.07472074528621436,0.0065817022922479915,0.0,-0.0,True,True,6,1.0,50,0.016,0.1,0.012,0.9712325930595398,-0.16621306538581848,0,False
27,4.389547667000443,4.380000000000003,0.1999999999999993,321,-1.0530885150285318,1.017885796537387,-0.6635287221594142,3.4095931714471766,0.5740348696708679,0.013166821589253287,-0.061553923696961076,0.013166821589253287,0.0,-0.0,False,False,6,1.0,50,0.056,0.1,0.012,0.9474996328353882,0.9954084753990173,0,False
28,4.590326910139993,4.580000000000002,0.2010000000000005,320,-1.0167896457715275,0.9961641302839549,-0.3713806756667964,3.3674214057194427,0.5669348835945129,0.013129895892683178,-0.048424027804277896,0.013129895892683178,0.0,-0.0,False,False,6,1.0,50,0.096,0.1,0.012,0.9774652123451233,-0.2262839525938034,0,False
29,4.790639317128807,4.780000000000001,0.1999999999999993,320,-0.9761076254976483,0.9821524597041469,-0.357457986940811,3.3247543470867487,0.5597515106201172,0.013284102010598589,-0.035139925793679305,0.013284102010598589,0.0,-0.0,False,False,6,1.0,50,0.136,0.1,0.012,0.9776210188865662,-0.23347090184688568,0,False
30,4.990572187118232,4.98,0.1999999999999993,320,-0.936382649098439,0.9653257897660984,-0.444768798777088,3.2816950193055936,0.5525020956993103,0.013406232374180154,-0.02173369341949915,0.013406232374180154,0.0,-0.0,False,False,6,1.0,50,0.176,0.1,0.012,0.9762962460517883,-0.21665164828300476,0,False
31,5.090663601178676,5.080000000000002,0.10000000000000142,161,-0.9171316858650062,0.955626289287962,-0.48754770701466443,3.260138979917218,0.5488729476928711,0.006711328021103428,-0.015022365398395722,0.006711328021103428,0.0,-0.0,False,False,6,1.0,50,0.196,0.1,0.012,0.975955069065094,-0.19792242348194122,0,False
32,5.29095040820539,5.280000000000001,0.1999999999999993,321,-0.8802121740070161,0.9349768841956103,-0.521553446251862,3.217884370344051,0.5417590141296387,0.013155688767302358,-0.0018666766310933645,0.013155688767302358,0.0,-0.0,True,True,7,1.0,50,0.036,0.1,0.014,0.9472166299819946,-0.02293291874229908,0,False
33,5.491061827167869,5.48,0.1999999999999993,318,-0.8441914046062777,0.9141364332898769,-0.5275095722378847,3.176351281099912,0.5347665548324585,0.012931048261003617,0.011064371629910252,0.012931048261003617,0.0,-0.0,False,False,7,1.0,50,0.076,0.1,0.014,0.9417977333068848,-0.01079055480659008,0,False
34,5.591874695150182,5.580000000000002,0.10099999999999909,161,-0.826312631580989,0.9036934798097881,-0.5296919735982571,3.155693070737255,0.5312885642051697,0.006431794986769041,0.01749616661667929,0.006431794986769041,0.0,-0.0,False,False,7,1.0,50,0.096,0.1,0.014,0.9394542574882507,-0.006624571979045868,0,False
35,5.692217636154965,5.68,0.10000000000000142,160,-0.8084906734327385,0.8932481516997361,-0.5309985228846935,3.1350854871690292,0.5278190970420837,0.006416032674501742,0.023912199291181033,0.006416032674501742,0.0,-0.0,False,False,7,1.0,50,0.116,0.1,0.014,0.9376438856124878,-0.004138743970543146,0,False
36,5.792044772999361,5.780000000000001,0.10000000000000142,159,-0.7907106998813516,0.8828024422162998,-0.5317224479602892,3.114515785188245,0.5243560075759888,0.006404238496791272,0.030316437787972304,0.006404238496791272,0.0,-0.0,False,False,7,1.0,50,0.136,0.1,0.014,0.9363914132118225,-0.003050109138712287,0,False
37,5.99204305303283,5.98,0.1999999999999993,320,-0.7552305732418139,0.8619120827813741,-0.5327190832486141,3.07345072826745,0.5174423456192017,0.01278532954200111,0.043101767329973416,0.01278532954200111,0.0,-0.0,False,False,7,1.0,50,0.176,0.1,0.014,0.9339801073074341,-0.0017543119611218572,0,False
38,6.191996983019635,6.18,0.1999999999999993,320,-0.721492199894107,0.8419751168856026,-0.5430038402006244,3.0343725075029373,0.510863184928894,0.01216674145498046,0.055268508784953874,0.01216674145498046,0.0,-0.0,True,True,8,1.0,50,0.016,0.1,0.016,-0.9891504645347595,1.0,0,False
39,6.292017318075523,6.280000000000001,0.10000000000000142,159,-0.7134931576889244,0.8370650204484822,-0.5595903885517315,3.0250270844777436,0.5092898011207581,0.00290963466377179,0.05817814344872566,0.00290963466377179,0.0,-0.0,False,False,8,1.0,50,0.036,0.1,0.016,-0.9887404441833496,1.0,0,False
40,6.492391044041142,6.48,0.1999999999999993,320,-0.7203065120280766,0.8414746824900041,-0.5570536919516222,3.0330877198316704,0.5106468796730042,-0.002509624655254552,0.05566851879347111,-0.002509624655254552,0.0,-0.0,False,False,8,1.0,50,0.076,0.1,0.016,-0.9888480305671692,1.0,0,False
41,6.692223826190457,6.68,0.1999999999999993,318,-0.7476716433360999,0.8546882452905644,-0.32798528345199796,3.063475125563322,0.5157628655433655,-0.009460914591084372,0.04620760420238674,-0.009460914591084372,0.0,-0.0,False,False,8,1.0,50,0.116,0.1,0.016,-0.9934737086296082,1.0,0,False
42,6.792171931127086,6.780000000000001,0.10000000000000142,155,-0.7689795380195152,0.8596427037106409,-0.12905164766460672,3.0847812172812885,0.5193499326705933,-0.006633508493406243,0.039574095708980496,-0.006633508493406243,0.0,-0.0,False,False,8,1.0,50,0.136,0.1,0.016,-0.9955596327781677,1.0,0,False
43,6.992287670029327,6.98,0.1999999999999993,319,-0.8131834941777301,0.8565251017102579,0.26894050234388656,3.1231651782983905,0.5258122086524963,-0.011950588347594902,0.027623507361385594,-0.011950588347594902,0.0,-0.0,False,False,8,1.0,50,0.176,0.1,0.016,-0.9972808361053467,0.9999999403953552,0,False
44,7.192666467046365,7.18,0.1999999999999993,304,-0.8505923611828079,0.8380106080639896,0.6664642036797194,3.1489919241288957,0.5301603674888611,-0.008040983775510163,0.01958252358587543,-0.008040983775510163,0.0,-0.0,True,True,9,1.0,50,0.016,0.1,0.018,0.9999973773956299,0.9994404911994934,0,False
45,7.292254345025867,7.280000000000001,0.10000000000000142,161,-0.8571683941969983,0.8319655153671566,0.875690147864944,3.1523871056575397,0.5307319760322571,-0.001057066955546972,0.01852545663032846,-0.001057066955546972,0.0,-0.0,False,False,9,1.0,50,0.036,0.1,0.018,0.9999992847442627,0.9995875954627991,0,False
46,7.393640648107976,7.380000000000003,0.10099999999999909,165,-0.8570596114482,0.8324624972266911,1.07722587712244,3.1524982721851718,0.5307506918907166,-3.461095141199348e-05,0.018490845678916464,-3.461095141199348e-05,0.0,-0.0,False,False,9,1.0,50,0.056,0.1,0.018,0.9999998807907104,0.9998670220375061,0,False
47,7.593364040134475,7.580000000000002,0.1999999999999993,321,-0.8495052247798069,0.8622994691511243,1.4901590027972924,3.15840779982606,0.5317456126213074,-0.0018398917228350522,0.01665095395608141,-0.0018398917228350522,0.0,-0.0,False,False,9,1.0,50,0.096,0.1,0.018,1.0,0.999998152256012,0,False
48,7.693763562012464,7.68,0.10000000000000142,162,-0.8498945445032908,0.8838646247307341,1.689097488426721,3.16811929351868,0.5333806276321411,-0.0030236083063198043,0.013627345649761608,-0.0030236083063198043,0.0,-0.0,False,False,9,1.0,50,0.116,0.1,0.018,1.0,0.9999998807907104,0,False
49,7.893680592998862,7.880000000000003,0.1999999999999993,321,-0.8633222941809345,0.9246390117838668,2.0896914028579303,3.1981572681586967,0.5384377837181091,-0.009352121568651974,0.004275224081109634,-0.009352121568651974,0.0,-0.0,False,False,9,1.0,50,0.156,0.1,0.018,1.0,1.0,0,False
50,8.09393325005658,8.080000000000002,0.1999999999999993,321,-0.8915810587154206,0.9569677899491216,2.4895985004289405,3.2379000098543114,0.5451288223266602,-0.012373635581733556,-0.008098411500623922,-0.012373635581733556,0.0,-0.0,False,False,9,1.0,50,0.196,0.1,0.018,1.0,1.0,0,False
51,8.194024255033582,8.18,0.10000000000000142,161,-0.9099537107640896,0.9683826747693379,2.6671049149731423,3.2594443661362797,0.5487560033798218,-0.006707690564426369,-0.014806102065050291,-0.006707690564426369,0.0,-0.0,True,True,10,1.0,50,0.016,0.1,0.02,0.05440733954310417,-0.9617278575897217,0,False
52,8.293979910202324,8.280000000000001,0.10000000000000142,160,-0.9289826644905751,0.977323609584349,2.7335585269652842,3.280460858428758,0.5522943139076233,-0.006543343658198924,-0.021349445723249216,-0.006543343658198924,0.0,-0.0,False,False,10,1.0,50,0.036,0.1,0.02,0.9309717416763306,0.3386254906654358,0,False
53,8.493938280036673,8.480000000000004,0.19999999999999574,326,-0.9668356421557485,0.9905062204482015,2.8836398332696254,3.3201989976885153,0.5589845776557922,-0.012372202644254737,-0.03372164836750395,-0.012372202644254737,0.0,-0.0,False,False,10,1.0,50,0.076,0.1,0.02,0.9167459011077881,0.3897104561328888,0,False
54,8.593821027083322,8.579999999999998,0.10000000000000142,164,-0.9860556385709787,0.994743065819612,2.965613437846597,3.3392792806191425,0.5621969103813171,-0.005940517883445434,-0.039662166250949385,-0.005940517883445434,0.0,-0.0,False,False,10,1.0,50,0.096,0.1,0.02,0.9050997495651245,0.40084192156791687,0,False
55,8.693939741002396,8.68,0.10000000000000142,163,-1.0052809168932446,0.9973315618503048,3.0497146320269204,3.3576352109525223,0.5652872920036316,-0.005714995569467537,-0.04537716182041692,-0.005714995569467537,0.0,-0.0,False,False,10,1.0,50,0.116,0.1,0.02,0.8864102363586426,0.4114953577518463,0,False
56,8.793787206988782,8.780000000000001,0.10000000000000142,161,-1.0242020971814088,0.9982535453165642,3.1360739007419536,3.3749906425372114,0.5682092308998108,-0.005403497006759042,-0.050780658827175966,-0.005403497006759042,0.0,-0.0,False,False,10,1.0,50,0.136,0.1,0.02,0.8611357808113098,0.4226616621017456,0,False
57,8.993975715013221,8.980000000000004,0.19999999999999574,323,-1.0603983094056768,0.9952612991218062,-2.9714413331518514,3.4061480711911565,0.5734548568725586,-0.009700656053890732,-0.0604813148810667,-0.009700656053890732,0.0,-0.0,False,False,10,1.0,50,0.176,0.1,0.02,0.8062070608139038,0.4458007514476776,0,False
58,9.094321748008952,9.079999999999998,0.10000000000000142,165,-1.077507810527621,0.9915335804757471,-2.881706449691879,3.4199015656671468,0.575770378112793,-0.004282058090624069,-0.06476337297169077,-0.004282058090624069,0.0,-0.0,False,False,10,1.0,50,0.196,0.1,0.02,0.7889904379844666,0.45832371711730957,0,False
59,9.194285833043978,9.18,0.10000000000000142,161,-1.0961410891222487,0.9857194642252083,-2.824312806027952,3.4341595579198123,0.5781708359718323,-0.00443913008349726,-0.06920250305518803,-0.00443913008349726,0.0,-0.0,True,True,11,1.0,50,0.016,0.1,0.022,0.9996869564056396,0.03767595812678337,0,False
60,9.294385847169906,9.280000000000001,0.10000000000000142,161,-1.1170905879411104,0.9789170503336919,-2.818571436823917,3.4501374450490316,0.5808608531951904,-0.004974607796745092,-0.07417711085193313,-0.004974607796745092,0.0,-0.0,False,False,11,1.0,50,0.036,0.1,0.022,0.9996868968009949,0.03776710480451584,0,False
61,9.494036741089076,9.480000000000004,0.19999999999999574,319,-1.1587214362930225,0.9647645128692995,-2.8068739074903117,3.4818177812230817,0.5861945152282715,-0.009863459796679342,-0.08404057064861246,-0.009863459796679342,0.0,-0.0,False,False,11,1.0,50,0.076,0.1,0.022,0.9996868968009949,0.037508077919483185,0,False
62,9.59429617319256,9.579999999999998,0.10000000000000142,161,-1.179437156087094,0.9574585297646095,-2.7990548429910698,3.497571565129399,0.5888468027114868,-0.004904834764121442,-0.08894540541273391,-0.004904834764121442,0.0,-0.0,False,False,11,1.0,50,0.096,0.1,0.022,0.9996867775917053,0.03616156429052353,0,False
63,9.694438017206267,9.68,0.10000000000000142,162,-1.200092408276457,0.9500048609507008,-2.791604771178335,3.5132757843418676,0.5914907455444336,-0.0048894031297339125,-0.09383480854246783,-0.0048894031297339125,0.0,-0.0,False,False,11,1.0,50,0.116,0.1,0.022,0.9996867179870605,0.03497140109539032,0,False
64,9.794530782150105,9.780000000000001,0.10000000000000142,162,-1.2206970479754087,0.942402872424658,-2.7846661120467795,3.528939643732202,0.594127893447876,-0.004876837370304025,-0.09871164591277184,-0.004876837370304025,0.0,-0.0,False,False,11,1.0,50,0.136,0.1,0.022,0.9996866583824158,0.03400034084916115,0,False
65,9.99465928110294,9.980000000000004,0.19999999999999574,321,-1.2617579175550127,0.9267733858198595,-2.7713601818308935,3.560161152454623,0.5993843078613281,-0.009720606952634615,-0.10843225286540646,-0.009720606952634615,0.0,-0.0,False,False,11,1.0,50,0.176,0.1,0.022,0.999686598777771,0.03229621797800064,0,False
66,10.094788545044139,10.079999999999998,0.10000000000000142,159,-1.2822150984450953,0.9187545364113339,-2.764920897767479,3.575723758256095,0.6020044088363647,-0.004845312745769426,-0.11327756561117588,-0.004845312745769426,0.0,-0.0,False,False,11,1.0,50,0.196,0.1,0.022,0.9996865391731262,0.03153078630566597,0,False
67,10.194627481047064,10.18,0.10000000000000142,155,-1.302589163302827,0.9105745343861664,-2.7492495604624723,3.5912137871844307,0.6046122908592224,-0.004822716423987658,-0.11810028203516354,-0.004822716423987658,0.0,-0.0,True,True,12,1.0,50,0.016,0.1,0.024,0.9999821186065674,0.11615603417158127,0,False
68,10.294629445997998,10.280000000000001,0.10000000000000142,161,-1.3227691462719955,0.9019295877037432,-2.7264214606784956,3.6064110303855315,0.6071708798408508,-0.004731559555141305,-0.12283184159030484,-0.004731559555141305,0.0,-0.0,False,False,12,1.0,50,0.036,0.1,0.024,0.9999812245368958,0.1173655092716217,0,False
69,10.495096233207732,10.480000000000004,0.19999999999999574,317,-1.3625027055414016,0.8832427056846108,-2.6782854719309626,3.635902377259102,0.6121360063552856,-0.00918193268654951,-0.13201377427685435,-0.00918193268654951,0.0,-0.0,False,False,12,1.0,50,0.076,0.1,0.024,0.9999789595603943,0.1200127825140953,0,False
70,10.594509792979807,10.579999999999998,0.10000000000000142,148,-1.382029057548396,0.8731941439921148,-2.654258672870353,3.6501755929534494,0.6145390272140503,-0.004443869799773368,-0.13645764407662772,-0.004443869799773368,0.0,-0.0,False,False,12,1.0,50,0.096,0.1,0.024,0.999977707862854,0.12132344394922256,0,False
71,10.694796046009287,10.68,0.10000000000000142,162,-1.4013089872963997,0.8626755291155033,-2.6300084957810137,3.664121681668395,0.6168869733810425,-0.004342021012815595,-0.1407996650894433,-0.004342021012815595,0.0,-0.0,False,False,12,1.0,50,0.116,0.1,0.024,0.999976396560669,0.12264054268598557,0,False
72,10.79492759006098,10.780000000000001,0.10000000000000142,161,-1.4203286194699545,0.8516885815157319,-2.6054515434535737,3.6777317925657513,0.6191783547401428,-0.004237416576860196,-0.1450370816663035,-0.004237416576860196,0.0,-0.0,False,False,12,1.0,50,0.136,0.1,0.024,0.9999749660491943,0.12396904826164246,0,False
73,10.99495452013798,10.980000000000004,0.19999999999999574,322,-1.4575309830624887,0.8283160019556208,-2.5554768009341378,3.703909385622001,0.62358558177948,-0.00815021770178207,-0.15318729936808556,-0.00815021770178207,0.0,-0.0,False,False,12,1.0,50,0.176,0.1,0.024,0.999971866607666,0.12667730450630188,0,False
74,11.09518439299427,11.079999999999998,0.10000000000000142,161,-1.4756813687617498,0.8159370399655953,-2.530115616472591,3.7164566878698273,0.6256980299949646,-0.003906518245207068,-0.15709381761329264,-0.003906518245207068,0.0,-0.0,False,False,12,1.0,50,0.196,0.1,0.024,0.9999703168869019,0.12807871401309967,0,False
75,11.195001970045269,11.18,0.10000000000000142,159,-1.4934783776690672,0.8030921721092806,-2.4984110294188486,3.728597559628094,0.6277420520782471,-0.003779978843229303,-0.16087379645652194,-0.003779978843229303,0.0,-0.0,True,True,13,1.0,50,0.016,0.1,0.026,0.999999463558197,0.18189896643161774,0,False
76,11.295048325089738,11.280000000000001,0.10000000000000142,159,-1.5107839701467591,0.7896234584180369,-2.4623596939164645,3.7401514437977794,0.6296872496604919,-0.003597224201696811,-0.16447102065821875,-0.003597224201696811,0.0,-0.0,False,False,13,1.0,50,0.036,0.1,0.026,0.9999994039535522,0.18282398581504822,0,False
77,11.494879727018997,11.480000000000004,0.19999999999999574,318,-1.5438429618599956,0.7608572898199083,-2.3883747054195488,3.7614603677839655,0.6332747936248779,-0.0066343903010854,-0.17110541095930415,-0.0066343903010854,0.0,-0.0,False,False,13,1.0,50,0.076,0.1,0.026,0.9999992251396179,0.18465746939182281,0,False
78,11.595055791083723,11.579999999999998,0.10000000000000142,162,-1.5595563045029803,0.7455781024481448,-2.3514433178100838,3.7711941655888173,0.6349135637283325,-0.0030305525417941505,-0.1741359635010983,-0.0030305525417941505,0.0,-0.0,False,False,13,1.0,50,0.096,0.1,0.026,0.9999991059303284,0.1850757896900177,0,False
79,11.69524105405435,11.68,0.10000000000000142,160,-1.5746962093776797,0.7297247955324978,-2.314466232543027,3.7803009700164814,0.6364467740058899,-0.0028353423667916476,-0.17697130586788995,-0.0028353423667916476,0.0,-0.0,False,False,13,1.0,50,0.116,0.1,0.026,0.999998927116394,0.18541684746742249,0,False
80,11.79495194205083,11.780000000000001,0.10000000000000142,161,-1.589240748546302,0.7133182332137736,-2.2773892398143722,3.788771576195243,0.6378728747367859,-0.0026372663168315043,-0.17960857218472145,-0.0026372663168315043,0.0,-0.0,False,False,13,1.0,50,0.136,0.1,0.026,0.9999988079071045,0.1857447475194931,0,False
81,11.995269810082391,11.980000000000004,0.19999999999999574,323,-1.6164605906156428,0.6789331279299223,-2.203010207453723,3.8037705606209484,0.6403980851173401,-0.004669833017591051,-0.1842784052023125,-0.004669833017591051,0.0,-0.0,False,False,13,1.0,50,0.176,0.1,0.026,0.9999983906745911,0.18635959923267365,0,False
82,12.095100125996396,12.079999999999998,0.10000000000000142,160,-1.6290963999485646,0.6610005566348113,-2.1657300774345924,3.81028371542621,0.641494631767273,-0.0020278269844834383,-0.18630623218679596,-0.0020278269844834383,0.0,-0.0,False,False,13,1.0,50,0.196,0.1,0.026,0.999998152256012,0.18664628267288208,0,False
83,12.195295270066708,12.18,0.10000000000000142,160,-1.6410461709134903,0.6426306849267319,-2.1291475985565063,3.8161266847639297,0.642478346824646,-0.0018191692423717518,-0.1881254014291677,-0.0018191692423717518,0.0,-0.0,True,True,14,1.0,50,0.016,0.1,0.028,0.997802734375,0.18171146512031555,0,False
84,12.295069026993588,12.280000000000001,0.10000000000000142,161,-1.6523152823395242,0.6238553816855918,-2.0926731102320733,3.8213161082099005,0.6433520317077637,-0.0016156921203760977,-0.1897410935495438,-0.0016156921203760977,0.0,-0.0,False,False,14,1.0,50,0.036,0.1,0.028,0.9976601004600525,0.18410488963127136,0,False
85,12.495510614011437,12.480000000000004,0.19999999999999574,322,-1.672732323602667,0.5851518222905352,-2.0184863486012183,3.8296890011350744,0.6447616815567017,-0.002606843951895956,-0.19234793750143975,-0.002606843951895956,0.0,-0.0,False,False,14,1.0,50,0.076,0.1,0.028,0.9972827434539795,0.18907377123832703,0,False
86,12.59564406820573,12.579999999999998,0.10000000000000142,161,-1.6818281862032598,0.5652749274599138,-1.980575478801758,3.8328409616303314,0.645292341709137,-0.0009813417210880096,-0.19332927922252777,-0.0009813417210880096,0.0,-0.0,False,False,14,1.0,50,0.096,0.1,0.028,0.997050404548645,0.19163019955158234,0,False
87,12.695314176147804,12.68,0.10000000000000142,159,-1.6901276099082965,0.5451576307509565,-1.9411003060292051,3.8352830849029678,0.6457034945487976,-0.0007603386714663276,-0.1940896178939941,-0.0007603386714663276,0.0,-0.0,False,False,14,1.0,50,0.116,0.1,0.028,0.996764063835144,0.19438152015209198,0,False
88,12.795562129002064,12.780000000000001,0.10000000000000142,162,-1.6975948551907292,0.5247225874095969,-1.9007931953214128,3.8369601417226953,0.6459858417510986,-0.0005221403720986644,-0.19461175826609275,-0.0005221403720986644,0.0,-0.0,False,False,14,1.0,50,0.136,0.1,0.028,0.9965022206306458,0.1970587819814682,0,False
89,12.995341312140226,12.980000000000004,0.19999999999999574,320,-1.7101137676733114,0.4828757276188077,-1.8215011747905225,3.8380969433794703,0.6461772322654724,-0.0003539355572742679,-0.194965693823367,-0.0003539355572742679,0.0,-0.0,False,False,14,1.0,50,0.176,0.1,0.028,0.996049165725708,0.20184963941574097,0,False
90,13.095401216996834,13.079999999999998,0.10000000000000142,162,-1.7151073392728176,0.4616129921873216,-1.7810522273889935,3.837541110741309,0.646083652973175,0.00017305475706024394,-0.19479263906630676,0.00017305475706024394,0.0,-0.0,False,False,14,1.0,50,0.196,0.1,0.028,0.9958730936050415,0.203155517578125,0,False
91,13.195818008156493,13.18,0.10000000000000142,161,-1.719375116315246,0.4400976027856503,-1.7720961222926335,3.8363437693513323,0.6458820700645447,0.00037278419641923876,-0.19441985486988753,0.00037278419641923876,0.0,-0.0,True,True,15,1.0,50,0.016,0.1,0.03,0.9986439347267151,-0.15888401865959167,0,False
92,13.295488707022741,13.280000000000001,0.10000000000000142,159,-1.7242395216688893,0.41859858902078123,-1.8047463461558972,3.8358548490498667,0.6457997560501099,0.00015222205063706613,-0.19426763281925047,0.00015222205063706613,0.0,-0.0,False,False,15,1.0,50,0.036,0.1,0.03,0.9986667037010193,-0.15102075040340424,0,False
93,13.495756454998627,13.480000000000004,0.19999999999999574,313,-1.7358226583770913,0.3761043780053395,-1.8661421206843667,3.8371771642750474,0.646022379398346,-0.000411693960267693,-0.19467932677951816,-0.000411693960267693,0.0,-0.0,False,False,15,1.0,50,0.076,0.1,0.03,0.9987559914588928,-0.13209418952465057,0,False
94,13.595982688013464,13.579999999999998,0.10000000000000142,161,-1.7424878814669191,0.35512830355073083,-1.8918676032749009,3.838939897208428,0.6463191509246826,-0.0005488150543971388,-0.1952281418339153,-0.0005488150543971388,0.0,-0.0,False,False,15,1.0,50,0.096,0.1,0.03,0.9988102912902832,-0.12300655990839005,0,False
95,13.696291331201792,13.68,0.10000000000000142,160,-1.7496820867560459,0.33432500963429573,-1.9159591720405496,3.8413816664475364,0.6467302441596985,-0.0007602284455063119,-0.1959883702794216,-0.0007602284455063119,0.0,-0.0,False,False,15,1.0,50,0.116,0.1,0.03,0.9988592863082886,-0.11435806751251221,0,False
96,13.796033869031817,13.780000000000001,0.10000000000000142,158,-1.7573626767753217,0.3136933104797604,-1.9385225106440678,3.8444596339355477,0.6472484469413757,-0.0009583044954665936,-0.1969466747748882,-0.0009583044954665936,0.0,-0.0,False,False,15,1.0,50,0.136,0.1,0.03,0.9989038109779358,-0.10612255334854126,0,False
97,13.996171938022599,13.980000000000004,0.19999999999999574,305,-1.7740282925979667,0.2729339533052201,-1.978891125088254,3.852365202604433,0.6485794186592102,-0.0024613456848134817,-0.19940802045970168,-0.0024613456848134817,0.0,-0.0,False,False,15,1.0,50,0.176,0.1,0.03,0.9989818930625916,-0.09164858609437943,0,False
98,14.096080954186618,14.079999999999998,0.10000000000000142,160,-1.7829445253375251,0.2527999873460841,-1.9969798972901462,3.857120226912172,0.6493799686431885,-0.001480444867565258,-0.20088846532726695,-0.001480444867565258,0.0,-0.0,False,False,15,1.0,50,0.196,0.1,0.03,0.9990149736404419,-0.08580227196216583,0,False
99,14.196111360099167,14.18,0.10000000000000142,160,-1.7923247646438352,0.23283854461078413,-2.042585800768127,3.8624834808201407,0.6502829194068909,-0.0016698130666923262,-0.2025582783939593,-0.0016698130666923262,0.0,-0.0,True,True,16,1.0,50,0.016,0.1,0.032,0.9939732551574707,-0.654984712600708,0,False
100,14.295870386995375,14.280000000000001,0.10000000000000142,160,-1.8037282660777727,0.2138858593705348,-2.178523563251542,3.870139809885672,0.6515719294548035,-0.0023837466090360516,-0.20494202500299535,-0.0023837466090360516,0.0,-0.0,False,False,16,1.0,50,0.036,0.1,0.032,0.993986189365387,-0.6416494846343994,0,False
101,14.496860539074987,14.480000000000004,0.1980000000000004,318,-1.8332126247008007,0.1811263444992901,-2.4263729300274193,3.893257137130285,0.6554639339447021,-0.00719742450431114,-0.21213944950730648,-0.00719742450431114,0.0,-0.0,False,False,16,1.0,50,0.076,0.1,0.032,0.9940089583396912,-0.5525843501091003,0,False
102,14.597255381057039,14.579999999999998,0.10099999999999909,161,-1.8506229561944716,0.1675754219520078,-2.5343201584669917,3.90806281924998,0.657956600189209,-0.004609649643479633,-0.2167490991507861,-0.004609649643479633,0.0,-0.0,False,False,16,1.0,50,0.096,0.1,0.032,0.9942436814308167,-0.5032757520675659,0,False
103,14.698237798176706,14.68,0.10099999999999909,162,-1.869331834212356,0.1558940065749908,-2.63386943499326,3.9245285645800827,0.6607287526130676,-0.005126499169502526,-0.22187559832028864,-0.005126499169502526,0.0,-0.0,False,False,16,1.0,50,0.116,0.1,0.032,0.9942948818206787,-0.48982712626457214,0,False
104,14.798617340158671,14.780000000000001,0.10000000000000142,162,-1.889098633711901,0.14610748559507844,-2.7318028275389428,3.9424033633496016,0.6637381315231323,-0.005565198489948463,-0.2274407968102371,-0.005565198489948463,0.0,-0.0,False,False,16,1.0,50,0.136,0.1,0.032,0.994135320186615,-0.5059279799461365,0,False
105,14.89923342014663,14.880000000000003,0.10099999999999909,162,-1.909732294358416,0.1383297544598303,-2.8340558167077945,3.9614985156883837,0.6669529676437378,-0.005945147373761803,-0.2333859441839989,-0.005945147373761803,0.0,-0.0,False,False,16,1.0,50,0.156,0.1,0.032,0.9937365055084229,-0.5509690642356873,0,False
106,14.99957312317565,14.980000000000004,0.10000000000000142,160,-1.9305350126580678,0.13297172144360697,-2.953969444528939,3.9811756991463616,0.670265793800354,-0.00612635885185546,-0.23951230303585436,-0.00612635885185546,0.0,-0.0,False,False,16,1.0,50,0.176,0.1,0.032,0.9931617975234985,-0.611886739730835,0,False
107,15.19986272114329,15.18,0.19999999999999574,324,-1.9726670992620479,0.1303376856825806,3.0751413098661695,4.022363605701196,0.6772001385688782,-0.0128235779500903,-0.25233588098594467,-0.0128235779500903,0.0,-0.0,True,True,17,1.0,50,0.016,0.1,0.034,0.9714941382408142,0.9882467985153198,0,False
108,15.300021815113723,15.280000000000001,0.10000000000000142,161,-1.9896381394028602,0.1319897451696216,3.0341235636070163,4.039384121568879,0.6800656914710999,-0.005299223248683276,-0.25763510423462793,-0.005299223248683276,0.0,-0.0,False,False,17,1.0,50,0.036,0.1,0.034,0.9745450019836426,0.9781831502914429,0,False
109,15.400178479030728,15.380000000000003,0.10000000000000142,161,-2.005916145460143,0.13333397132358452,3.1106027790377415,4.05567214206818,0.6828079223632812,-0.005071165737626956,-0.2627062699722549,-0.005071165737626956,0.0,-0.0,False,False,17,1.0,50,0.056,0.1,0.034,0.9707961678504944,0.9905714392662048,0,False
110,15.49982075812295,15.480000000000004,0.10000000000000142,161,-2.02645352736058,0.13203406770034082,-2.971698024616758,4.075756818116301,0.6861893534660339,-0.006253228931713271,-0.26895949890396814,-0.006253228931713271,0.0,-0.0,False,False,17,1.0,50,0.076,0.1,0.034,0.9601073265075684,0.9964386820793152,0,False
111,15.700875730020925,15.68,0.2009999999999934,321,-2.064523456651901,0.11767156548664837,-2.578698374134885,4.111188139514124,0.6921545267105103,-0.011031303841936917,-0.27999080274590504,-0.011031303841936917,0.0,-0.0,False,False,17,1.0,50,0.116,0.1,0.034,0.9185107350349426,0.9930728673934937,0,False
112,15.801240602042526,15.780000000000001,0.10000000000000142,160,-2.0800577230105013,0.10561370715158935,-2.3807269420561115,4.124759306723456,0.6944393515586853,-0.0042252917212696785,-0.2842160944671747,-0.0042252917212696785,0.0,-0.0,False,False,17,1.0,50,0.136,0.1,0.034,0.9029136896133423,0.9782083034515381,0,False
113,15.900969470152631,15.880000000000003,0.10000000000000142,159,-2.092811743578378,0.09087570448495359,-2.1867079705800516,4.135244009640117,0.6962045431137085,-0.003264341802765614,-0.28748043626994035,-0.003264341802765614,0.0,-0.0,False,False,17,1.0,50,0.156,0.1,0.034,0.9105408191680908,0.9092797636985779,0,False
114,16.00118403416127,15.980000000000004,0.10000000000000142,160,-2.1027098390306813,0.07383319765610954,-2.0085076660801984,4.142645434565854,0.6974506378173828,-0.002304383917900031,-0.2897848201878404,-0.002304383917900031,0.0,-0.0,False,False,17,1.0,50,0.176,0.1,0.034,0.9129824638366699,0.7114604711532593,0,False
115,16.101079520070925,16.08,0.10000000000000142,160,-2.1098608604326814,0.054734786757267895,-1.8520320894325295,4.147129977258589,0.6982056498527527,-0.0013962322341931133,-0.2911810524220335,-0.0013962322341931133,0.0,-0.0,False,False,17,1.0,50,0.196,0.1,0.034,0.9076157212257385,0.6530956625938416,0,False
116,16.301119981100783,16.28,0.19999999999999574,320,-2.1174408974602574,0.014034566304754035,-1.6921966799133459,4.14940358057214,0.6985884308815002,-0.0007078711145488124,-0.2918889235365823,-0.0007078711145488124,0.0,-0.0,True,True,18,1.0,50,0.036,0.1,0.036,0.9934861660003662,0.2572706341743469,0,False
117,16.40113173611462,16.380000000000003,0.10000000000000142,160,-2.1194533291822646,-0.007449240533728566,-1.6387674960500866,4.148795350971909,0.6984860301017761,0.0001893681991273446,-0.29169955533745495,0.0001893681991273446,0.0,-0.0,False,False,18,1.0,50,0.056,0.1,0.036,0.9924771189689636,0.2580660581588745,0,False
118,16.50131373014301,16.480000000000004,0.10000000000000142,160,-2.1203263264056607,-0.02898944701575681,-1.5841477469047545,4.147160424141954,0.6982107758522034,0.0005090234828689746,-0.291190531854586,0.0005090234828689746,0.0,-0.0,False,False,18,1.0,50,0.076,0.1,0.036,0.9912972450256348,0.25874271988868713,0,False
119,16.601115277037024,16.58,0.10000000000000142,160,-2.120038646300449,-0.05052078983439322,-1.5299618726104534,4.144484284707645,0.6977602243423462,0.0008331980309676495,-0.29035733382361834,0.0008331980309676495,0.0,-0.0,False,False,18,1.0,50,0.096,0.1,0.036,0.9899613857269287,0.25931769609451294,0,False
120,16.801174038089812,16.78,0.19999999999999574,321,-2.1159667531859765,-0.09345771158446023,-1.4239365822380803,4.135995622818982,0.6963310837745667,0.002642887840786908,-0.2877144459828314,0.002642887840786908,0.0,-0.0,False,False,18,1.0,50,0.136,0.1,0.036,0.9867531657218933,0.26033470034599304,0,False
121,16.90138945216313,16.880000000000003,0.10000000000000142,155,-2.112251448498612,-0.11474168684261464,-1.3717476652714826,4.130258509505982,0.6953651905059814,0.0017862116803583333,-0.2859282343024731,0.0017862116803583333,0.0,-0.0,False,False,18,1.0,50,0.156,0.1,0.036,0.9846410751342773,0.2594670355319977,0,False
122,17.001492666080594,16.980000000000004,0.10000000000000142,160,-2.107450483651582,-0.1357478454357311,-1.3198489145864012,4.123570108104612,0.6942391395568848,0.0020823888346393144,-0.2838458454678338,0.0020823888346393144,0.0,-0.0,False,False,18,1.0,50,0.176,0.1,0.036,0.9820870757102966,0.26200592517852783,0,False
123,17.10132634313777,17.08,0.10000000000000142,158,-2.1015791638386156,-0.15640825643225997,-1.2672990362360572,4.115945288023028,0.6929554343223572,0.0023739364986040644,-0.28147190896922974,0.0023739364986040644,0.0,-0.0,False,False,18,1.0,50,0.196,0.1,0.036,0.9790236353874207,0.2660401463508606,0,False
124,17.30139779415913,17.28,0.19999999999999574,301,-2.0884404004703607,-0.19722415110307767,-1.3310407580661718,4.099636379545603,0.690209686756134,0.005077669069262069,-0.2763942398999677,0.005077669069262069,0.0,-0.0,True,True,19,1.0,50,0.036,0.1,0.038,0.9187924265861511,-0.6887481808662415,0,False
125,17.4015451380983,17.380000000000003,0.10000000000000142,160,-2.08501689478187,-0.2173863703269479,-1.4708450399364401,4.094781163749585,0.6893922686576843,0.0015116388142199478,-0.27488260108574775,0.0015116388142199478,0.0,-0.0,False,False,19,1.0,50,0.056,0.1,0.038,0.9167555570602417,-0.6775746941566467,0,False
126,17.501691572135314,17.480000000000004,0.10000000000000142,160,-2.0843491189589747,-0.2377769867742253,-1.606952164000588,4.0927582161734986,0.6890516877174377,0.0006298311349315962,-0.27425276995081616,0.0006298311349315962,0.0,-0.0,False,False,19,1.0,50,0.076,0.1,0.038,0.9141396880149841,-0.6669971346855164,0,False
127,17.601937706116587,17.58,0.10000000000000142,159,-2.086401306120218,-0.2580206218737559,-1.7396800736668838,4.093559394046212,0.6891865730285645,-0.00024944134727860863,-0.27450221129809477,-0.00024944134727860863,0.0,-0.0,False,False,19,1.0,50,0.096,0.1,0.038,0.9126734733581543,-0.6543418169021606,0,False
128,17.801604580134153,17.78,0.19999999999999574,319,-2.098245708563432,-0.29678768263101135,-1.9948587734173056,4.103280800677601,0.6908232569694519,-0.0030266946331973374,-0.2775289059312921,-0.0030266946331973374,0.0,-0.0,False,False,19,1.0,50,0.136,0.1,0.038,0.9126043915748596,-0.5915173292160034,0,False
129,17.901701545109972,17.880000000000003,0.10000000000000142,158,-2.1076358387133007,-0.3147488659432124,-2.1117672656395174,4.111810884488982,0.6922593712806702,-0.0026557842780965666,-0.28018469020938863,-0.0026557842780965666,0.0,-0.0,False,False,19,1.0,50,0.156,0.1,0.038,0.9082730412483215,-0.5656781792640686,0,False
130,18.00178430019878,17.980000000000004,0.10000000000000142,159,-2.118939570158265,-0.3313979820631942,-2.2245341172762654,4.122388698223372,0.6940402388572693,-0.003293331230221789,-0.28347802143961043,-0.003293331230221789,0.0,-0.0,False,False,19,1.0,50,0.176,0.1,0.038,0.8959776759147644,-0.5500141978263855,0,False
131,18.10183943505399,18.08,0.10000000000000142,158,-2.1318552089289136,-0.34649487540136276,-2.333500890348382,4.1347058786783295,0.6961139440536499,-0.0038348713712649495,-0.28731289281087535,-0.0038348713712649495,0.0,-0.0,False,False,19,1.0,50,0.196,0.1,0.038,0.885410487651825,-0.5169304609298706,0,False
132,18.30191622604616,18.28,0.19999999999999574,320,-2.162704929345495,-0.37401097464025873,-2.4529269505924316,4.164611090745538,0.7011487483978271,-0.009310786833685665,-0.29662367964456104,-0.009310786833685665,0.0,-0.0,True,True,20,1.0,50,0.036,0.1,0.04,0.9600785970687866,-0.17202794551849365,0,False
133,18.401840842096135,18.380000000000003,0.10000000000000142,160,-2.1792256427844894,-0.3870725019443985,-2.491699165306406,4.180751125230348,0.7038660645484924,-0.005025091286384124,-0.30164877093094516,-0.005025091286384124,0.0,-0.0,False,False,20,1.0,50,0.056,0.1,0.04,0.9609478116035461,-0.2216612845659256,0,False
134,18.501796768046916,18.480000000000004,0.10000000000000142,161,-2.1963926719599716,-0.3995178537207038,-2.5392766539131575,4.197595686434867,0.7067019939422607,-0.005244440946607507,-0.3068932118775527,-0.005244440946607507,0.0,-0.0,False,False,20,1.0,50,0.076,0.1,0.04,0.9612066745758057,-0.27575626969337463,0,False
135,18.60302785318345,18.58,0.10099999999999909,162,-2.214064324650183,-0.41095434354946747,-2.599615528534823,4.215004931115734,0.7096329927444458,-0.005420251352665376,-0.3123134632302181,-0.005420251352665376,0.0,-0.0,False,False,20,1.0,50,0.096,0.1,0.04,0.9607450366020203,-0.34601226449012756,0,False
136,18.703211757121608,18.68,0.10000000000000142,161,-2.232444502893389,-0.42117229200278095,-2.67552182645713,4.233178534182456,0.7126926779747009,-0.005658229200113423,-0.3179716924303315,-0.005658229200113423,0.0,-0.0,False,False,20,1.0,50,0.116,0.1,0.04,0.9625697731971741,-0.4358481168746948,0,False
137,18.803190243197605,18.78,0.10000000000000142,161,-2.251842498848721,-0.4298797257607214,-2.767187123820176,4.252420610435147,0.7159322500228882,-0.005990891147124727,-0.3239625835774562,-0.005990891147124727,0.0,-0.0,False,False,20,1.0,50,0.136,0.1,0.04,0.9650059938430786,-0.5253300070762634,0,False
138,19.003359192982316,18.980000000000004,0.19999999999999574,320,-2.293506708109703,-0.4411415661751063,-2.997828447930014,4.293910153555404,0.722917377948761,-0.012917490467934556,-0.3368800740453908,-0.012917490467934556,0.0,-0.0,False,False,20,1.0,50,0.176,0.1,0.04,0.9847210049629211,-0.6634165048599243,0,False
139,19.103336189175025,19.08,0.10000000000000142,160,-2.3153813943969492,-0.4428562220437416,-3.1333471036888345,4.315759686738071,0.726595938205719,-0.006802705341869812,-0.3436827793872606,-0.006802705341869812,0.0,-0.0,False,False,20,1.0,50,0.196,0.1,0.04,0.9908783435821533,-0.7435978055000305,0,False
140,19.203083467204124,19.18,0.10000000000000142,160,-2.336839300040009,-0.4416848415171842,3.062133833148604,4.337231466146903,0.7302109003067017,-0.006685094242644601,-0.3503678736299052,-0.006685094242644601,0.0,-0.0,True,True,21,1.0,50,0.016,0.1,0.042,0.9402511119842529,-0.5312593579292297,0,False
141,19.30347900907509,19.28,0.10000000000000142,160,-2.3585571874026074,-0.43953059598886024,2.9794848040167965,4.358976559438959,0.7338718771934509,-0.006770188683695903,-0.35713806231360107,-0.006770188683695903,0.0,-0.0,False,False,21,1.0,50,0.036,0.1,0.042,0.9353331923484802,-0.5496289134025574,0,False
142,19.503456581151113,19.480000000000004,0.19999999999999574,320,-2.3972030946829554,-0.4286696562453661,2.744809100534162,4.397781466320248,0.7404050230979919,-0.01208164701392902,-0.36921970932753007,-0.01208164701392902,0.0,-0.0,False,False,21,1.0,50,0.076,0.1,0.042,0.9077907204627991,-0.5987070798873901,0,False
143,19.60349962604232,19.58,0.10000000000000142,160,-2.4147043590939523,-0.4199740634311385,2.6155402384891118,4.415429683632173,0.7433762550354004,-0.005494653875605396,-0.37471436320313545,-0.005494653875605396,0.0,-0.0,False,False,21,1.0,50,0.096,0.1,0.042,0.8866970539093018,-0.6221300959587097,0,False
144,19.703095455188304,19.68,0.10000000000000142,159,-2.4310607194179292,-0.4091032414543216,2.491519549513686,4.4319927881823356,0.7461647987365723,-0.005156811308478059,-0.3798711745116135,-0.005156811308478059,0.0,-0.0,False,False,21,1.0,50,0.116,0.1,0.042,0.8613183498382568,-0.6467455625534058,0,False
145,19.803318788995966,19.78,0.10000000000000142,160,-2.445439043421997,-0.3966521707486724,2.3615057208491224,4.446640217315242,0.7486308217048645,-0.0045603786393993906,-0.3844315531510129,-0.0045603786393993906,0.0,-0.0,False,False,21,1.0,50,0.136,0.1,0.042,0.8209744095802307,-0.6668298840522766,0,False
146,20.003749787108973,19.980000000000004,0.19999999999999574,318,-2.466995044646905,-0.36888476948277443,2.0917092043762695,4.468918839133227,0.7523816227912903,-0.0069362992052818,-0.39136785235629473,-0.0069362992052818,0.0,-0.0,False,False,21,1.0,50,0.176,0.1,0.042,0.7257837057113647,-0.6879539489746094,0,False
147,20.104081779019907,20.08,0.10000000000000142,160,-2.4740709083672088,-0.35437705226050414,1.9536099699532157,4.476440281424785,0.7536479234695435,-0.002341750518310202,-0.39370960287460494,-0.002341750518310202,0.0,-0.0,False,False,21,1.0,50,0.196,0.1,0.042,0.7069824934005737,-0.702856183052063,0,False
148,20.20376510801725,20.18,0.10000000000000142,158,-2.480127067587035,-0.33584449028794144,1.840445963962356,4.483133285262012,0.7547747492790222,-0.0020838217721181346,-0.39579342464672307,-0.0020838217721181346,0.0,-0.0,True,True,22,1.0,50,0.016,0.1,0.044,0.9999807476997375,-0.3653717637062073,0,False
149,20.30421001999639,20.28,0.10000000000000142,157,-2.485233857534447,-0.31467584540033644,1.7640109404786115,4.489060868612802,0.7557727098464966,-0.001845513246790594,-0.3976389378935137,-0.001845513246790594,0.0,-0.0,False,False,22,1.0,50,0.036,0.1,0.044,0.999982476234436,-0.36603808403015137,0,False
150,20.50425781100057,20.480000000000004,0.19999999999999574,321,-2.4904214278742622,-0.27120624168642365,1.6126529547334387,4.49624633308677,0.7569824457168579,-0.002237146082354389,-0.39987608397586805,-0.002237146082354389,0.0,-0.0,False,False,22,1.0,50,0.076,0.1,0.044,0.9999849200248718,-0.3684696555137634,0,False
151,20.60398737899959,20.58,0.10000000000000142,158,-2.490555495200624,-0.24906641174926109,1.5389047218088758,4.497561213607873,0.7572038173675537,-0.0004093792151094392,-0.40028546319097746,-0.0004093792151094392,0.0,-0.0,False,False,22,1.0,50,0.096,0.1,0.044,0.999988317489624,-0.37493234872817993,0,False
152,20.704278333112597,20.68,0.10000000000000142,146,-2.4890388895115323,-0.22698152293320714,1.4639160061800274,4.497333570049696,0.7571654915809631,7.087529222283842e-05,-0.40021458789875464,7.087529222283842e-05,0.0,-0.0,False,False,22,1.0,50,0.116,0.1,0.044,0.9999914169311523,-0.3825777471065521,0,False
153,20.804287558188662,20.78,0.10000000000000142,159,-2.4858759710625327,-0.20530837460300036,1.3845580242419477,4.495545346702336,0.7568644285202026,0.0005567513235106579,-0.39965783657524395,0.0005567513235106579,0.0,-0.0,False,False,22,1.0,50,0.136,0.1,0.044,0.9999938011169434,-0.39177489280700684,0,False
154,21.004302030196413,20.980000000000004,0.19999999999999574,319,-2.474195269166664,-0.16323991847791217,1.2176757807597394,4.4868509913342,0.7554006576538086,0.002706929123495139,-0.3969509074517488,0.002706929123495139,0.0,-0.0,False,False,22,1.0,50,0.176,0.1,0.044,0.9999958276748657,-0.40405628085136414,0,False
155,21.103980258107185,21.08,0.10000000000000142,160,-2.4657101344468986,-0.14277488901972443,1.1364583540222062,4.47997495216326,0.754243016242981,0.00214080859339228,-0.39481009885835655,0.00214080859339228,0.0,-0.0,False,False,22,1.0,50,0.196,0.1,0.044,0.9999960660934448,-0.4059506058692932,0,False
156,21.20432716119103,21.18,0.10000000000000142,161,-2.4556031319376546,-0.12287335899142822,1.0809326786862292,4.471534792867862,0.7528220415115356,0.0026277868842791495,-0.3921823119740774,0.0026277868842791495,0.0,-0.0,True,True,23,1.0,50,0.016,0.1,0.046,0.9999058842658997,0.23318089544773102,0,False
157,21.304364727111533,21.28,0.10000000000000142,161,-2.44571084632847,-0.10320615545352142,1.1301719911633112,4.46338317089737,0.7514496445655823,0.002537952726951601,-0.38964435924712576,0.002537952726951601,0.0,-0.0,False,False,23,1.0,50,0.036,0.1,0.046,0.9997953176498413,0.22367726266384125,0,False
158,21.50446674716659,21.480000000000004,0.19999999999999574,323,-2.428708036037427,-0.06284526204906268,1.2144680956096447,4.4502315334181155,0.7492354512214661,0.0040946739587753465,-0.38554968528835043,0.0040946739587753465,0.0,-0.0,False,False,23,1.0,50,0.076,0.1,0.046,0.9992437958717346,0.1948866993188858,0,False
159,21.60457865218632,21.58,0.10000000000000142,159,-2.4214636292317877,-0.042176869513685586,1.2528323402700894,4.4451033577724015,0.7483720779418945,0.001596623029311234,-0.3839530622590392,0.001596623029311234,0.0,-0.0,False,False,23,1.0,50,0.096,0.1,0.046,0.9986517429351807,0.18304641544818878,0,False
160,21.704556178068742,21.68,0.10000000000000142,160,-2.4149960958267473,-0.02125899903450207,1.289128497820079,4.44087655148768,0.7476604580879211,0.0013159877353780738,-0.38263707452366114,0.0013159877353780738,0.0,-0.0,False,False,23,1.0,50,0.116,0.1,0.046,0.997864842414856,0.17254416644573212,0,False
161,21.8043305859901,21.78,0.10000000000000142,160,-2.4092694453934205,-0.00013820275763167815,1.3232986783967593,4.437512524909455,0.7470940947532654,0.001047367071074724,-0.3815897074525864,0.001047367071074724,0.0,-0.0,False,False,23,1.0,50,0.136,0.1,0.046,0.996715247631073,0.162522554397583,0,False
162,22.004255129024386,21.980000000000004,0.19999999999999574,320,-2.399897829150883,0.04253016185883505,1.3850995083687987,4.433219868388621,0.7463713884353638,0.001336489763921343,-0.38025321768866505,0.001336489763921343,0.0,-0.0,False,False,23,1.0,50,0.176,0.1,0.046,0.9921494126319885,0.13357368111610413,0,False
163,22.104689351050183,22.08,0.10000000000000142,161,-2.396159591507158,0.06396624134206562,1.4109594759918838,4.432186444521873,0.7461974024772644,0.0003217495769802673,-0.37993146811168477,0.0003217495769802673,0.0,-0.0,False,False,23,1.0,50,0.196,0.1,0.046,0.9867462515830994,0.10998184978961945,0,False
164,22.204754156060517,22.18,0.10000000000000142,161,-2.3929575136408374,0.08545415402905354,1.4386315033687547,4.431797715708687,0.746131956577301,0.00012102810398237637,-0.37981044000770237,0.00012102810398237637,0.0,-0.0,True,True,24,1.0,50,0.016,0.1,0.048,0.991912305355072,0.15327300131320953,0,False
165,22.304837570991367,22.28,0.10000000000000142,161,-2.3904225581791243,0.10706705518475758,1.4686034160747574,4.432193525192424,0.7461985945701599,-0.0001232326231807528,-0.3799336726308831,-0.0001232326231807528,0.0,-0.0,False,False,24,1.0,50,0.036,0.1,0.048,0.9921963214874268,0.14423659443855286,0,False
166,22.504933532094583,22.480000000000004,0.19999999999999574,321,-2.3871984694822745,0.1504959905995509,1.5231804878742397,4.435161388253385,0.746698260307312,-0.0009240242219342321,-0.38085769685281734,-0.0009240242219342321,0.0,-0.0,False,False,24,1.0,50,0.076,0.1,0.048,0.9922704696655273,0.11838749796152115,0,False
167,22.605017367051914,22.58,0.10000000000000142,160,-2.3864108014165986,0.17227090197139314,1.5464036724455523,4.437628647906473,0.7471136450767517,-0.0007681647146198311,-0.38162586156743716,-0.0007681647146198311,0.0,-0.0,False,False,24,1.0,50,0.096,0.1,0.048,0.9922916293144226,0.10678604990243912,0,False
168,22.704673406202346,22.68,0.10000000000000142,160,-2.3861045191053396,0.1940627940700498,1.567302885991643,4.440679708846395,0.747627317905426,-0.0009499273225135652,-0.38257578888995075,-0.0009499273225135652,0.0,-0.0,False,False,24,1.0,50,0.116,0.1,0.048,0.9922966957092285,0.09592965990304947,0,False
169,22.804862941149622,22.78,0.10000000000000142,160,-2.3862308511280492,0.21585685315995704,1.5862092641582293,4.444262882178136,0.7482305765151978,-0.0011155969402594,-0.3836913858302102,-0.0011155969402594,0.0,-0.0,False,False,24,1.0,50,0.136,0.1,0.048,0.9923215508460999,0.0889175534248352,0,False
170,23.00510836020112,22.980000000000004,0.19999999999999574,321,-2.3876464910461657,0.259426386004189,1.6200130111814213,4.452883244539027,0.7496818900108337,-0.0026838918978739994,-0.38637527772808417,-0.0026838918978739994,0.0,-0.0,False,False,24,1.0,50,0.176,0.1,0.048,0.992344856262207,0.07600022107362747,0,False
171,23.1050983062014,23.08,0.10000000000000142,161,-2.3888785988594083,0.28119569910944714,1.6349789422669683,4.457860601902031,0.750519871711731,-0.0015496667703893833,-0.38792494449847353,-0.0015496667703893833,0.0,-0.0,False,False,24,1.0,50,0.196,0.1,0.048,0.9923544526100159,0.06977570056915283,0,False
172,23.204874884104356,23.18,0.10000000000000142,160,-2.3904358981335485,0.30312409002597096,1.6451182580954988,4.463287581844948,0.7514335513114929,-0.0016896537394761931,-0.38961459823794975,-0.0016896537394761931,0.0,-0.0,True,True,25,1.0,50,0.016,0.1,0.05,0.999992311000824,-0.14080315828323364,0,False
173,23.305117468116805,23.28,0.10000000000000142,160,-2.391627465261532,0.32515624607924215,1.6105450463497728,4.468475589156808,0.7523069977760315,-0.00161525121653645,-0.3912298494544862,-0.00161525121653645,0.0,-0.0,False,False,25,1.0,50,0.036,0.1,0.05,0.9999929070472717,-0.15490876138210297,0,False
174,23.504805913195014,23.480000000000004,0.19999999999999574,319,-2.391965488051235,0.36926725217844186,1.54375011126371,4.477162863854395,0.75376957654953,-0.002704724604297039,-0.39393457405878324,-0.002704724604297039,0.0,-0.0,False,False,25,1.0,50,0.076,0.1,0.05,0.9999942779541016,-0.18558776378631592,0,False
175,23.605215275194496,23.58,0.10000000000000142,154,-2.3909734416837454,0.39131139299555634,1.5064377831051523,4.480522642030289,0.7543352246284485,-0.001046044359555643,-0.39498061841833887,-0.001046044359555643,0.0,-0.0,False,False,25,1.0,50,0.096,0.1,0.05,0.9999952912330627,-0.20310863852500916,0,False
176,23.70500829303637,23.68,0.10000000000000142,155,-2.389112130086207,0.4133083795749542,1.465238986956823,4.483127974759099,0.7547738552093506,-0.0008111528389852679,-0.3957917712573241,-0.0008111528389852679,0.0,-0.0,False,False,25,1.0,50,0.116,0.1,0.05,0.9999958872795105,-0.2117493450641632,0,False
177,23.80542739504017,23.78,0.10000000000000142,159,-2.3863264631062546,0.4352109115524092,1.4227615306725712,4.484916906173514,0.7550750374794006,-0.0005569717754306891,-0.3963487430327548,-0.0005569717754306891,0.0,-0.0,False,False,25,1.0,50,0.136,0.1,0.05,0.9999962449073792,-0.21358589828014374,0,False
178,24.00546759716235,23.980000000000004,0.19999999999999574,321,-2.3779658247910747,0.4785593117027427,1.336499799432739,4.485996354398836,0.7552567720413208,-0.0003360789517687462,-0.39668482198452354,-0.0003360789517687462,0.0,-0.0,False,False,25,1.0,50,0.176,0.1,0.05,0.999997079372406,-0.2193976193666458,0,False
179,24.105514852097258,24.08,0.10000000000000142,160,-2.3723818747482284,0.49992087534710167,1.2925007707445322,4.4852610267622355,0.7551329731941223,0.0002289393187353394,-0.3964558826657882,0.0002289393187353394,0.0,-0.0,False,False,25,1.0,50,0.196,0.1,0.05,0.9999974370002747,-0.22252388298511505,0,False
180,24.205284610157833,24.18,0.10000000000000142,160,-2.366057357522632,0.5207230132810796,1.2725135465249724,4.483785415019651,0.7548845410346985,0.0004594218009092381,-0.39599646086487894,0.0004594218009092381,0.0,-0.0,True,True,26,1.0,50,0.016,0.1,0.052,0.9642924666404724,-0.00920612458139658,0,False
181,24.305361396167427,24.28,0.10000000000000142,160,-2.359851126493624,0.5410118367753358,1.2689550240671121,4.482411056865929,0.7546531558036804,0.0004278971763746398,-0.3955685636885043,0.0004278971763746398,0.0,-0.0,False,False,26,1.0,50,0.036,0.1,0.052,0.9642090797424316,-0.010516971349716187,0,False
182,24.505386848002672,24.480000000000004,0.19999999999999574,321,-2.3472312781118077,0.5815139404048644,1.2656713219748952,4.479742352135698,0.7542038559913635,0.0008308832858092574,-0.394737680402695,0.0008308832858092574,0.0,-0.0,False,False,26,1.0,50,0.076,0.1,0.052,0.9637162685394287,-0.018195394426584244,0,False
183,24.60550560313277,24.58,0.10000000000000142,160,-2.3408199163275665,0.6017293845029635,1.2618215126398202,4.478451191860937,0.7539864778518677,0.0004019940757955833,-0.3943356863268994,0.0004019940757955833,0.0,-0.0,False,False,26,1.0,50,0.096,0.1,0.052,0.9636455774307251,-0.01922444999217987,0,False
184,24.70560743799433,24.68,0.10000000000000142,159,-2.3343346180583397,0.6219202014842975,1.2577875835353487,4.477182335698407,0.7537728548049927,0.0003950498403212368,-0.3939406364865782,0.0003950498403212368,0.0,-0.0,False,False,26,1.0,50,0.116,0.1,0.052,0.9635909199714661,-0.02000976726412773,0,False
185,24.805559274042025,24.78,0.10000000000000142,160,-2.3277687719350175,0.6420850031547074,1.253755368038257,4.475929057011087,0.7535618543624878,0.0003901998980849746,-0.3935504365884932,0.0003901998980849746,0.0,-0.0,False,False,26,1.0,50,0.136,0.1,0.052,0.9635342359542847,-0.020807450637221336,0,False
186,25.005620766198263,24.980000000000004,0.19999999999999574,321,-2.314382376650806,0.6823286135635769,1.245284370581841,4.473454716687448,0.7531452775001526,0.000770369233818484,-0.39278006735467474,0.000770369233818484,0.0,-0.0,False,False,26,1.0,50,0.176,0.1,0.052,0.9634335041046143,-0.021953005343675613,0,False
187,25.10557245207019,25.08,0.10000000000000142,161,-2.3075583167146694,0.7024038652952004,1.2408760380892003,4.4722290526152735,0.7529389262199402,0.00038160227321177664,-0.392398465081463,0.00038160227321177664,0.0,-0.0,False,False,26,1.0,50,0.196,0.1,0.052,0.9634022116661072,-0.022281207144260406,0,False
188,25.20592418499291,25.18,0.10000000000000142,162,-2.300535869075806,0.7227055594228989,1.23152347691518,4.470975065860898,0.7527278065681458,0.0003904203500050058,-0.39200804473145795,0.0003904203500050058,0.0,-0.0,True,True,27,1.0,50,0.016,0.1,0.054,0.9843137264251709,-0.06788261234760284,0,False
189,25.30587562220171,25.28,0.10000000000000142,161,-2.2931594028636746,0.7430976873115538,1.2185498949617246,4.469509013023556,0.7524809837341309,0.000456445699991582,-0.39155159903146636,0.000456445699991582,0.0,-0.0,False,False,27,1.0,50,0.036,0.1,0.054,0.9853370785713196,-0.052422091364860535,0,False
190,25.50571732618846,25.480000000000004,0.19999999999999574,319,-2.277771018918092,0.7836904587019214,1.1998911019358915,4.466227122223709,0.751928448677063,0.0010217946483754379,-0.39052980438309093,0.0010217946483754379,0.0,-0.0,False,False,27,1.0,50,0.076,0.1,0.054,0.9863904118537903,-0.03534264490008354,0,False
191,25.605643292190507,25.58,0.10000000000000142,160,-2.2698306467232783,0.803901613879556,1.1930814745757032,4.464483507100814,0.7516348958015442,0.0005428628525616883,-0.38998694153052926,0.0005428628525616883,0.0,-0.0,False,False,27,1.0,50,0.096,0.1,0.054,0.9866159558296204,-0.031554412096738815,0,False
192,25.706008905079216,25.68,0.10000000000000142,161,-2.261756810593297,0.8240624066637178,1.186908410536595,4.462702364424004,0.7513350248336792,0.000554546804312558,-0.3894323947262167,0.000554546804312558,0.0,-0.0,False,False,27,1.0,50,0.116,0.1,0.054,0.986772358417511,-0.02892899699509144,0,False
193,25.806114530190825,25.78,0.10000000000000142,160,-2.2535629524937866,0.8441769325077769,1.1811857503063712,4.4608978555343795,0.751031219959259,0.0005618217176666748,-0.38887057300855005,0.0005618217176666748,0.0,-0.0,False,False,27,1.0,50,0.136,0.1,0.054,0.9868744611740112,-0.027169348672032356,0,False
194,26.006188612198457,25.980000000000004,0.19999999999999574,319,-2.236844720067407,0.8842763697901017,1.1706303146638442,4.45724954003358,0.7504169940948486,0.0011358785168831913,-0.38773469449166686,0.0011358785168831913,0.0,-0.0,False,False,27,1.0,50,0.176,0.1,0.054,0.9869903922080994,-0.025254065170884132,0,False
195,26.10685133212246,26.08,0.10099999999999909,161,-2.2283301814886056,0.9042625525671403,1.165604965079484,4.455415646361174,0.7501082420349121,0.0005709704723391212,-0.38716372401932775,0.0005709704723391212,0.0,-0.0,False,False,27,1.0,50,0.196,0.1,0.054,0.9870246052742004,-0.024745849892497063,0,False
196,26.206952178152278,26.18,0.10000000000000142,159,-2.2198058338300743,0.9241615037438877,1.1795283107057342,4.453649727126046,0.7498109340667725,0.0005498070880363115,-0.38661391693129143,0.0005498070880363115,0.0,-0.0,True,True,28,1.0,50,0.016,0.1,0.056,0.9999858140945435,0.9908657073974609,0,False
197,26.306945604039356,26.28,0.10000000000000142,160,-2.212846844350971,0.9443744117155577,1.3189428634453635,4.453571131682943,0.7497977018356323,2.4470163100236202e-05,-0.3865894467681912,2.4470163100236202e-05,0.0,-0.0,False,False,28,1.0,50,0.036,0.1,0.056,0.9999824166297913,0.9959291815757751,0,False
198,26.40716914809309,26.380000000000003,0.10000000000000142,161,-2.2096411781531056,0.9657118129049765,1.5226604272179112,4.457509400642759,0.7504607439041138,-0.0012261535780505254,-0.3878156003462417,-0.0012261535780505254,0.0,-0.0,False,False,28,1.0,50,0.056,0.1,0.056,0.9999864101409912,0.9988547563552856,0,False
199,26.507080515148118,26.480000000000004,0.10000000000000142,158,-2.2107150249058516,0.9872655737794604,1.7231837391693805,4.465655712110339,0.7518322467803955,-0.002536299337553026,-0.3903518996837947,-0.002536299337553026,0.0,-0.0,False,False,28,1.0,50,0.076,0.1,0.056,0.9999929666519165,0.9996681809425354,0,False
200,26.70734061510302,26.68,0.19999999999999574,320,-2.225431506006928,1.027623558000307,2.121829101354031,4.493095434692095,0.7564519643783569,-0.008543173248864807,-0.3988950729326595,-0.008543173248864807,0.0,-0.0,False,False,28,1.0,50,0.116,0.1,0.056,0.9999997019767761,0.9999496340751648,0,False
201,26.80737993097864,26.78,0.10000000000000142,160,-2.238484766468741,1.0448180736910087,2.3215034255885887,4.5112322182719575,0.7595054507255554,-0.005646765700282584,-0.40454183863294213,-0.005646765700282584,0.0,-0.0,False,False,28,1.0,50,0.136,0.1,0.056,0.9999999403953552,0.9999826550483704,0,False
202,26.90708975913003,26.880000000000003,0.10000000000000142,160,-2.254692410516117,1.0590803592106313,2.5212843498948936,4.53135052750519,0.7628925442695618,-0.006263700397904798,-0.41080553903084693,-0.006263700397904798,0.0,-0.0,False,False,28,1.0,50,0.156,0.1,0.056,1.0,0.9999876022338867,0,False
203,27.007101215189323,26.980000000000004,0.10000000000000142,156,-2.273058490113556,1.0697057838973598,2.724846777797161,4.552252666968289,0.7664116024971008,-0.00650774067314762,-0.41731327970399457,-0.00650774067314762,0.0,-0.0,False,False,28,1.0,50,0.176,0.1,0.056,1.0,0.9999920725822449,0,False
204,27.207553224172443,27.18,0.19999999999999574,322,-2.311099663458608,1.078457825232149,3.092457375674385,4.590981456641168,0.7729319334030151,-0.01205794843254834,-0.4293712281365429,-0.01205794843254834,0.0,-0.0,True,True,29,1.0,50,0.016,0.1,0.058,0.9999954104423523,-0.5470204949378967,0,False
205,27.30733278207481,27.28,0.10000000000000142,152,-2.3277023872052522,1.0785137511463638,-3.117109540650203,4.606594689237071,0.7755605578422546,-0.004861075058036864,-0.4342323031945797,-0.004861075058036864,0.0,-0.0,False,False,29,1.0,50,0.036,0.1,0.058,0.9999955296516418,-0.5305797457695007,0,False
206,27.40724451909773,27.380000000000003,0.10000000000000142,150,-2.345214364664835,1.078289045754294,3.1268642337607404,4.622973696352938,0.7783181071281433,-0.005099493809324143,-0.43933179700390385,-0.005099493809324143,0.0,-0.0,False,False,29,1.0,50,0.056,0.1,0.058,0.9999954700469971,-0.538424551486969,0,False
207,27.50728820520453,27.480000000000004,0.10000000000000142,160,-2.3672888196537003,1.0797120672444267,3.018112008782243,4.644211813633627,0.7818937301635742,-0.006612345109103433,-0.44594414211300726,-0.006612345109103433,0.0,-0.0,False,False,29,1.0,50,0.076,0.1,0.058,0.9999951124191284,-0.5614754557609558,0,False
208,27.70723349810578,27.68,0.19999999999999574,322,-2.4104376769969895,1.0900521987171317,2.787601978984681,4.688307397549749,0.7893176078796387,-0.013728863758839579,-0.45967300587184684,-0.013728863758839579,0.0,-0.0,False,False,29,1.0,50,0.116,0.1,0.058,0.9999894499778748,-0.6661953926086426,0,False
209,27.807256234111264,27.78,0.10000000000000142,161,-2.4307625946828444,1.09899461989671,2.6594855804257262,4.710460691499002,0.793047308921814,-0.00689727921547333,-0.4665702850873202,-0.00689727921547333,0.0,-0.0,False,False,29,1.0,50,0.136,0.1,0.058,0.9999868273735046,-0.6750706434249878,0,False
210,27.907779595116153,27.880000000000003,0.10000000000000142,161,-2.4497170387744407,1.1105862388869152,2.524532063483394,4.732226672769181,0.796711802482605,-0.00677669201533074,-0.47334697710265095,-0.00677669201533074,0.0,-0.0,False,False,29,1.0,50,0.156,0.1,0.058,0.9999837279319763,-0.6847604513168335,0,False
211,28.00776124210097,27.980000000000004,0.10000000000000142,161,-2.4669266497920437,1.1246515121377059,2.387107613750392,4.753201743138942,0.8002431392669678,-0.006530447220889265,-0.4798774243235402,-0.006530447220889265,0.0,-0.0,False,False,29,1.0,50,0.176,0.1,0.058,0.9999804496765137,-0.6871002316474915,0,False
212,28.207979292143136,28.18,0.19999999999999574,322,-2.494840317377293,1.1590733165821012,2.136409086447459,4.791253974740785,0.8066495656967163,-0.011847306623158447,-0.49172473094669866,-0.011847306623158447,0.0,-0.0,True,True,30,1.0,50,0.016,0.1,0.06,0.990289568901062,-0.23154054582118988,0,False
213,28.307991109089926,28.28,0.10000000000000142,160,-2.5062677277561707,1.177710970136455,2.0959822070320038,4.808446904936355,0.8095441460609436,-0.005352903291159719,-0.4970776342378584,-0.005352903291159719,0.0,-0.0,False,False,30,1.0,50,0.036,0.1,0.06,0.9900655746459961,-0.23217543959617615,0,False
214,28.407724127173424,28.380000000000003,0.10000000000000142,160,-2.5168055229222417,1.1968677184742125,2.051649145949684,4.8250277111628925,0.8123356699943542,-0.005162322606473585,-0.502239956844332,-0.005162322606473585,0.0,-0.0,False,False,30,1.0,50,0.056,0.1,0.06,0.989874541759491,-0.23222966492176056,0,False
215,28.508095670025796,28.480000000000004,0.10000000000000142,159,-2.5264470198919375,1.2164919663777118,2.0049024068046264,4.840977983676968,0.8150210380554199,-0.00496601017187217,-0.5072059670162041,-0.00496601017187217,0.0,-0.0,False,False,30,1.0,50,0.076,0.1,0.06,0.9895837903022766,-0.232721745967865,0,False
216,28.708054553018883,28.68,0.19999999999999574,318,-2.542938428719536,1.256967764328633,1.910098865753042,4.870854519028448,0.8200510144233704,-0.009301858530932421,-0.5165078255471366,-0.009301858530932421,0.0,-0.0,False,False,30,1.0,50,0.116,0.1,0.06,0.9886900186538696,-0.24310214817523956,0,False
217,28.807891101110727,28.78,0.10000000000000142,157,-2.5497123537727635,1.27774249126015,1.8613084479654753,4.884695459785729,0.8223812580108643,-0.004309283902722207,-0.5208171094498588,-0.004309283902722207,0.0,-0.0,False,False,30,1.0,50,0.136,0.1,0.06,0.9881247282028198,-0.24931859970092773,0,False
218,28.907985746162012,28.880000000000003,0.10000000000000142,159,-2.555450645003054,1.2988194134709188,1.8112573413228685,4.897742657374374,0.8245778679847717,-0.004062157300601437,-0.5248792667504603,-0.004062157300601437,0.0,-0.0,False,False,30,1.0,50,0.156,0.1,0.06,0.9874144196510315,-0.25535914301872253,0,False
219,29.00795749318786,28.980000000000004,0.10000000000000142,157,-2.5601142283078384,1.3201488776566508,1.7599990133449142,4.909947255167588,0.8266326189041138,-0.00379981951601317,-0.5286790862664734,-0.00379981951601317,0.0,-0.0,False,False,30,1.0,50,0.176,0.1,0.06,0.9865227937698364,-0.26092013716697693,0,False
220,29.208022015169263,29.18,0.19999999999999574,316,-2.5658938028585174,1.3612809061811915,1.6581089607322292,4.930695036012701,0.8301256895065308,-0.006459682154626719,-0.5351387684211001,-0.006459682154626719,0.0,-0.0,True,True,31,1.0,50,0.016,0.1,0.062,0.7498708963394165,-0.3284247815608978,0,False
221,29.30831121909432,29.28,0.10000000000000142,157,-2.5667935192355653,1.3779093544800018,1.589749341047218,4.9378281035246,0.8313266038894653,-0.002220832640287565,-0.5373596010613877,-0.002220832640287565,0.0,-0.0,False,False,31,1.0,50,0.036,0.1,0.062,0.7589977979660034,-0.32559534907341003,0,False
222,29.408447874011472,29.380000000000003,0.10000000000000142,156,-2.5665986398854193,1.3947776276949273,1.5250446808563376,4.9440877703241775,0.832380473613739,-0.0019489051971870652,-0.5393085062585747,-0.0019489051971870652,0.0,-0.0,False,False,31,1.0,50,0.056,0.1,0.062,0.7722932696342468,-0.32348164916038513,0,False
223,29.508455120027065,29.480000000000004,0.10000000000000142,156,-2.5652799056533055,1.4119096663599862,1.4610423723544756,4.949462353305026,0.8332853317260742,-0.001673340297409369,-0.5409818465559841,-0.001673340297409369,0.0,-0.0,False,False,31,1.0,50,0.076,0.1,0.062,0.7950733304023743,-0.3239494860172272,0,False
224,29.70866729109548,29.68,0.19999999999999574,313,-2.5590607883363097,1.4471406387977162,1.3313641903523619,4.957458200523422,0.8346315026283264,-0.0024894533045909145,-0.5434712998605751,-0.0024894533045909145,0.0,-0.0,False,False,31,1.0,50,0.116,0.1,0.062,0.8241899609565735,-0.3242303431034088,0,False
225,29.808349420083687,29.78,0.10000000000000142,156,-2.554156462290579,1.4647383654519444,1.2666292457639552,4.959892889091981,0.8350414037704468,-0.0007580239263083504,-0.5442293237868834,-0.0007580239263083504,0.0,-0.0,False,False,31,1.0,50,0.136,0.1,0.062,0.8297473192214966,-0.3201884925365448,0,False
226,29.90855000517331,29.880000000000003,0.10000000000000142,157,-2.5480905682669093,1.482101990667548,1.202774454646849,4.961235384228229,0.8352674245834351,-0.0004179768399826372,-0.5446473006268661,-0.0004179768399826372,0.0,-0.0,False,False,31,1.0,50,0.156,0.1,0.062,0.8351714015007019,-0.31620538234710693,0,False
227,30.008497431175783,29.980000000000004,0.10000000000000142,159,-2.5408879358529486,1.4991591240171314,1.1397323818721208,4.961481791563362,0.8353089094161987,-7.671726809785845e-05,-0.5447240178949639,-7.671726809785845e-05,0.0,-0.0,False,False,31,1.0,50,0.176,0.1,0.062,0.8420783877372742,-0.31227830052375793,0,False
228,30.20863645314239,30.18,0.19999999999999574,316,-2.52400553269128,1.530620015316148,0.9951902282258832,4.958835036911836,0.8348633050918579,0.0008240492762949265,-0.543899968618669,0.0008240492762949265,0.0,-0.0,True,True,32,1.0,50,0.016,0.1,0.064,0.4698651134967804,-0.8777095079421997,0,False
229,30.30957119120285,30.28,0.10099999999999909,159,-2.516613981052258,1.5403982091945552,0.8392046301236145,4.956110040850734,0.8344045281410217,0.0008484092134351471,-0.5430515594052339,0.0008484092134351471,0.0,-0.0,False,False,32,1.0,50,0.036,0.1,0.064,0.5655066967010498,-0.5279094576835632,0,False
230,30.41100873518735,30.4,0.10099999999999909,156,-2.5059464849676316,1.5506040035638409,0.7133985647379631,4.950609067900571,0.8334783911705017,0.001712690965097609,-0.5413388684401362,0.001712690965097609,0.0,-0.0,False,False,32,1.0,50,0.06,0.1,0.064,0.5999481678009033,-0.3736034333705902,0,False
231,30.51099197100848,30.5,0.10000000000000142,158,-2.4955943157774096,1.5589640210152957,0.6402197959667401,4.944663782873406,0.8324774503707886,0.0018510245447861205,-0.5394878438953501,0.0018510245447861205,0.0,-0.0,False,False,32,1.0,50,0.08,0.1,0.064,0.6718517541885376,-0.18903325498104095,0,False
232,30.61193071003072,30.6,0.10099999999999909,159,-2.4831479971137433,1.5678793392654742,0.614198288931096,4.937078260513373,0.831200361251831,0.0023617014170539464,-0.5371261424782962,0.0023617014170539464,0.0,-0.0,False,False,32,1.0,50,0.1,0.1,0.064,0.7197633981704712,-0.09531291574239731,0,False
233,30.71192396618426,30.700000000000003,0.10000000000000142,143,-2.4700029801088332,1.5769323338793115,0.594198349919895,4.928952837023916,0.8298323750495911,0.002529796005918189,-0.534596346472378,0.002529796005918189,0.0,-0.0,False,False,32,1.0,50,0.12,0.1,0.064,0.7301778197288513,-0.06738664209842682,0,False
234,30.812632696004584,30.800000000000004,0.10099999999999909,157,-2.456600454177224,1.585873304034001,0.5811565863393955,4.920584900568126,0.8284235596656799,0.002605300788457535,-0.5319910456839204,0.002605300788457535,0.0,-0.0,False,False,32,1.0,50,0.14,0.1,0.064,0.7346435189247131,-0.051329344511032104,0,False
235,30.912627193145454,30.9,0.10000000000000142,158,-2.443046802834888,1.594689997288998,0.5716551267700621,4.912065791796098,0.8269892930984497,0.002652367273339125,-0.5293386784105812,0.002652367273339125,0.0,-0.0,False,False,32,1.0,50,0.16,0.1,0.064,0.737393856048584,-0.0413748174905777,0,False
236,31.0128192671109,31.0,0.10000000000000142,158,-2.429365562339552,1.6034095606604213,0.5635900964351437,4.903428435825887,0.8255351185798645,0.002689182743949771,-0.5266494956666314,0.002689182743949771,0.0,-0.0,False,False,32,1.0,50,0.18,0.1,0.064,0.7395791411399841,-0.03373878076672554,0,False
237,31.1135616870597,31.1,0.10099999999999909,158,-2.4155623662201253,1.6120613355756261,0.5570281267637178,4.894690534333869,0.8240640163421631,0.002720486916564338,-0.5239290087500671,0.002720486916564338,0.0,-0.0,True,True,33,1.0,50,0.0,0.1,0.066,0.7233081459999084,-0.9750450849533081,0,False
238,31.213250047061592,31.200000000000003,0.10000000000000142,157,-2.4019536748880834,1.6202126978459859,0.4935265847144679,4.885949092506577,0.8225923180580139,0.002721589176163388,-0.5212074195739037,0.002721589176163388,0.0,-0.0,False,False,33,1.0,50,0.02,0.1,0.066,0.4707586169242859,-0.9681243300437927,0,False
239,31.314644411206245,31.300000000000004,0.10099999999999909,159,-2.3899454697672033,1.625588383807767,0.3319557885104112,4.87747352985843,0.8211653828620911,0.002638809480270202,-0.5185686100936335,0.002638809480270202,0.0,-0.0,False,False,33,1.0,50,0.04,0.1,0.066,0.4746536612510681,-0.9608757495880127,0,False
240,31.41450187913142,31.4,0.10000000000000142,156,-2.3793525465480836,1.6280925665057067,0.13735951210572517,4.869035494764197,0.8197447657585144,0.0026271255285198855,-0.5159414845651137,0.0026271255285198855,0.0,-0.0,False,False,33,1.0,50,0.06,0.1,0.066,0.507025420665741,-0.9423614144325256,0,False
241,31.614357013022527,31.6,0.19999999999999574,313,-2.35394795522233,1.6266246087132146,-0.23325422826541994,4.845554221053323,0.8157914876937866,0.007310736791099476,-0.5086307477740142,0.007310736791099476,0.0,-0.0,False,False,33,1.0,50,0.1,0.1,0.066,0.6534579396247864,-0.9034144878387451,0,False
242,31.715658008120954,31.700000000000003,0.10099999999999909,158,-2.339941205079255,1.6219376026288692,-0.4131174139364668,4.830911748389801,0.8133262991905212,0.004558835475960831,-0.5040719122980534,0.004558835475960831,0.0,-0.0,False,False,33,1.0,50,0.12,0.1,0.066,0.6564931273460388,-0.8668683171272278,0,False
243,31.815674194134772,31.800000000000004,0.10000000000000142,156,-2.326775817118198,1.6147505566886815,-0.5842065822522637,4.815927633372251,0.8108035922050476,0.004665203527274682,-0.4994067087707787,0.004665203527274682,0.0,-0.0,False,False,33,1.0,50,0.14,0.1,0.066,0.7169222235679626,-0.8291478753089905,0,False
244,31.916054607136175,31.9,0.10000000000000142,158,-2.315302283708367,1.6058257462421694,-0.7499927522382173,4.80170150413706,0.8084084987640381,0.004429209747105257,-0.49497749902367344,0.004429209747105257,0.0,-0.0,False,False,33,1.0,50,0.16,0.1,0.066,0.999576985836029,0.7871963977813721,0,False
245,32.01620327215642,32.0,0.10000000000000142,157,-2.3069260710924557,1.5971872219548746,-0.8276616398877573,4.790386946631958,0.8065035939216614,0.0035227114527969145,-0.4914547875708765,0.0035227114527969145,0.0,-0.0,False,False,33,1.0,50,0.18,0.1,0.066,0.9995932579040527,0.823635995388031,0,False
246,32.1161130501423,32.1,0.10000000000000142,157,-2.298250852860458,1.587963985313852,-0.7878712433221445,4.778551605807917,0.8045110106468201,0.0036848538398261215,-0.4877699337310504,0.0036848538398261215,0.0,-0.0,True,True,34,1.0,50,0.0,0.1,0.068,0.9975560903549194,-0.3102893829345703,0,False
247,32.31608141306788,32.300000000000004,0.19999999999999574,314,-2.2723508921267572,1.5633700986422998,-0.7821547174545175,4.744520841044851,0.7987816333770752,0.010595249944528588,-0.4771746837865218,0.010595249944528588,0.0,-0.0,False,False,34,1.0,50,0.04,0.1,0.068,0.9975568652153015,-0.3099638521671295,0,False
248,32.416503285989165,32.4,0.10000000000000142,159,-2.2573029396787296,1.5473574336833844,-0.8477791649674231,4.724013094931378,0.7953289747238159,0.00638494895380693,-0.47078973483271486,0.00638494895380693,0.0,-0.0,False,False,34,1.0,50,0.06,0.1,0.068,0.9961276650428772,-0.31829607486724854,0,False
249,32.516461993101984,32.5,0.10000000000000142,156,-2.243298320898616,1.5303855702880729,-0.9129010155643164,4.704045603980856,0.7919672727584839,0.0062167441389826715,-0.4645729906937322,0.0062167441389826715,0.0,-0.0,False,False,34,1.0,50,0.08,0.1,0.068,0.993934154510498,-0.3266310393810272,0,False
250,32.61646053916775,32.6,0.10000000000000142,154,-2.2304433443068747,1.512579496687601,-0.9786968067922027,4.684776267146549,0.7887231111526489,0.005999378546037909,-0.4585736121476943,0.005999378546037909,0.0,-0.0,False,False,34,1.0,50,0.1,0.1,0.068,0.9904358386993408,-0.3348473310470581,0,False
251,32.81657373113558,32.800000000000004,0.19999999999999574,310,-2.2085790230484084,1.4748566107085759,-1.1126165773909882,4.6488917828335365,0.7826816439628601,0.011172393070623053,-0.44740121907707125,0.011172393070623053,0.0,-0.0,False,False,34,1.0,50,0.14,0.1,0.068,0.9752843379974365,-0.33297333121299744,0,False
252,32.91672450606711,32.9,0.10000000000000142,159,-2.199710579857417,1.455253914338361,-1.1791315410205714,4.6325573839421335,0.7799316048622131,0.00508560533837545,-0.4423156137386958,0.00508560533837545,0.0,-0.0,False,False,34,1.0,50,0.16,0.1,0.068,0.9600006341934204,-0.3333069086074829,0,False
253,33.01677618199028,33.0,0.10000000000000142,157,-2.1922833127623034,1.4354216241537419,-1.246154796511293,4.617477325838633,0.7773927450180054,0.004695074762410705,-0.4376205389762851,0.004695074762410705,0.0,-0.0,False,False,34,1.0,50,0.18,0.1,0.068,0.9506406188011169,-0.34406477212905884,0,False
254,33.1165167610161,33.1,0.10000000000000142,157,-2.186263425208763,1.4152701464675626,-1.3153461703837468,4.603592130890416,0.7750550508499146,0.004323062147710884,-0.4332974768285742,0.004323062147710884,0.0,-0.0,True,True,35,1.0,50,0.0,0.1,0.07,0.906504213809967,0.3195249140262604,0,False
255,33.31693407101557,33.300000000000004,0.19999999999999574,311,-2.175916474867515,1.3747870766134163,-1.2695537958389007,4.577456313790409,0.7706548571586609,0.00813721103851281,-0.4251602657900614,0.00813721103851281,0.0,-0.0,False,False,35,1.0,50,0.04,0.1,0.07,0.9075727462768555,0.3149375021457672,0,False
256,33.416976407170296,33.4,0.10000000000000142,159,-2.169430004194136,1.3560064681354018,-1.2065139447949678,4.563869569105868,0.7683674097061157,0.004230141663505941,-0.42093012412655545,0.004230141663505941,0.0,-0.0,False,False,35,1.0,50,0.06,0.1,0.07,0.9091880321502686,0.3073616623878479,0,False
257,33.51672885613516,33.5,0.10000000000000142,157,-2.161783307436043,1.3376239758773232,-1.1454243980657297,4.549428895553016,0.7659361958503723,0.004496006678811389,-0.41643411744774406,0.004496006678811389,0.0,-0.0,False,False,35,1.0,50,0.08,0.1,0.07,0.9105542302131653,0.2979710102081299,0,False
258,33.61707955901511,33.6,0.10000000000000142,157,-2.1530359844535885,1.319710372423485,-1.0863562275153513,4.534209348239684,0.763373851776123,0.004738503790615651,-0.4116956136571284,0.004738503790615651,0.0,-0.0,False,False,35,1.0,50,0.1,0.1,0.07,0.9118333458900452,0.2886451482772827,0,False
259,33.81682385504246,33.800000000000004,0.19999999999999574,309,-2.1324931728432492,1.2854827005374267,-0.9737769665492811,4.501716151086513,0.7579033374786377,0.010116538600635147,-0.40157907505649326,0.010116538600635147,0.0,-0.0,False,False,35,1.0,50,0.14,0.1,0.07,0.914382815361023,0.26792317628860474,0,False
260,33.91695134015754,33.9,0.10000000000000142,150,-2.120823459282904,1.269240325097935,-0.9206190302366797,4.48457313961832,0.7550171613693237,0.005337361430812174,-0.3962417136256811,0.005337361430812174,0.0,-0.0,False,False,35,1.0,50,0.16,0.1,0.07,0.9155202507972717,0.2576057016849518,0,False
261,34.01702435617335,34.0,0.10000000000000142,156,-2.1083030467997363,1.2536078114330582,-0.8694965938745792,4.466911114998823,0.752043604850769,0.005498952688041856,-0.39074276093763927,0.005498952688041856,0.0,-0.0,False,False,35,1.0,50,0.18,0.1,0.07,0.9166591763496399,0.2476923167705536,0,False
262,34.11684227408841,34.1,0.10000000000000142,156,-2.094990540716021,1.2385997974974683,-0.8203555522967136,4.4487838903242025,0.7489917278289795,0.005643789599365205,-0.3850989713382741,0.005643789599365205,0.0,-0.0,True,True,36,1.0,50,0.0,0.1,0.072,0.9627112150192261,-0.5112184882164001,0,False
263,34.31732727307826,34.300000000000004,0.19999999999999574,318,-2.0673805191008428,1.2086803806569402,-0.8987697363401626,4.411708791258237,0.742749810218811,0.011543082973803792,-0.3735558883644703,0.011543082973803792,0.0,-0.0,False,False,36,1.0,50,0.04,0.1,0.072,0.9389278888702393,-0.4744022488594055,0,False
264,34.41739780898206,34.4,0.10000000000000142,151,-2.055217610212961,1.1918551459130868,-0.9907216736544194,4.3939918914419795,0.7397670149803162,0.00551603771182796,-0.36803985065264233,0.00551603771182796,0.0,-0.0,False,False,36,1.0,50,0.06,0.1,0.072,0.929524838924408,-0.4385860562324524,0,False
265,34.51743001607247,34.5,0.10000000000000142,156,-2.044706451930937,1.1741608161702226,-1.076906885455949,4.377495345194985,0.7369896769523621,0.005136088828014758,-0.3629037618246276,0.005136088828014758,0.0,-0.0,False,False,36,1.0,50,0.08,0.1,0.072,0.9247618913650513,-0.4020238220691681,0,False
266,34.617133285151795,34.6,0.10000000000000142,154,-2.0357357367674793,1.1557607518954456,-1.1562087123831708,4.362190475801527,0.7344129681587219,0.004765068246954249,-0.3581386935776733,0.004765068246954249,0.0,-0.0,False,False,36,1.0,50,0.1,0.1,0.072,0.9208745360374451,-0.3658987581729889,0,False
267,34.817521325079724,34.800000000000004,0.19999999999999574,317,-2.02203828371577,1.117464665723913,-1.2960448732979457,4.335087439104415,0.7298499345779419,0.008438348360989516,-0.3497003452166838,0.008438348360989516,0.0,-0.0,False,False,36,1.0,50,0.14,0.1,0.072,0.9152407050132751,-0.3217630684375763,0,False
268,34.91754262102768,34.9,0.10000000000000142,159,-2.0171610167475955,1.0978088034312639,-1.3596661049912344,4.323259887017978,0.7278586626052856,0.0036824288687079903,-0.3460179163479758,0.0036824288687079903,0.0,-0.0,False,False,36,1.0,50,0.16,0.1,0.072,0.9137845039367676,-0.3013080060482025,0,False
269,35.01760100713,35.0,0.10000000000000142,156,-2.0135070179496597,1.077919183026433,-1.4188868694388121,4.31254754054314,0.7260551452636719,0.003335217094988176,-0.3426826992529876,0.003335217094988176,0.0,-0.0,False,False,36,1.0,50,0.18,0.1,0.072,0.9130650758743286,-0.2722366452217102,0,False
270,35.11735502607189,35.1,0.10000000000000142,156,-2.010977098071917,1.0578783766443351,-1.4722704755045906,4.302896940617249,0.7244303822517395,0.0030046494412152326,-0.33967804981177235,0.0030046494412152326,0.0,-0.0,True,True,37,1.0,50,0.0,0.1,0.074,0.9262862205505371,0.13309742510318756,0,False
271,35.31766972714104,35.300000000000004,0.19999999999999574,312,-2.0080405096430796,1.016762719689003,-1.4856674113115014,4.28543565300784,0.7214906215667725,0.005436454568772184,-0.3342415952430002,0.005436454568772184,0.0,-0.0,False,False,37,1.0,50,0.04,0.1,0.074,0.9255467057228088,0.13624127209186554,0,False
272,35.41831696801819,35.4,0.10099999999999909,159,-2.0060568203837117,0.996546660779462,-1.4572698559962334,4.276463735354151,0.7199801206588745,0.002793346276065522,-0.33144824896693464,0.002793346276065522,0.0,-0.0,False,False,37,1.0,50,0.06,0.1,0.074,0.9262135624885559,0.1345561146736145,0,False
273,35.51970780198462,35.5,0.10099999999999909,161,-2.0035199960485124,0.9763865707093811,-1.431437659414088,4.267070517802746,0.7183986902236938,0.0029245151683596556,-0.32852373379857497,0.0029245151683596556,0.0,-0.0,False,False,37,1.0,50,0.08,0.1,0.074,0.9268624782562256,0.13259799778461456,0,False
274,35.61969649908133,35.6,0.10000000000000142,150,-2.000433097578311,0.9562891120490863,-1.4057115693167754,4.257257770521264,0.7167466282844543,0.0030551329308542642,-0.3254686008677207,0.0030551329308542642,0.0,-0.0,False,False,37,1.0,50,0.1,0.1,0.074,0.9277824759483337,0.12844161689281464,0,False
275,35.72073330706917,35.7,0.10099999999999909,161,-1.9968098455868557,0.9362028991357444,-1.3791784714052084,4.2470187668726815,0.7150228023529053,0.003187844986587234,-0.3222807558811335,0.003187844986587234,0.0,-0.0,False,False,37,1.0,50,0.12,0.1,0.074,0.9287266135215759,0.12411721795797348,0,False
276,35.821344438008964,35.800000000000004,0.1010000000000062,161,-1.9926905564860529,0.9162463298349446,-1.3545465051109393,4.236429270031883,0.7132399678230286,0.0032969686868989856,-0.3189837871942345,0.0032969686868989856,0.0,-0.0,False,False,37,1.0,50,0.14,0.1,0.074,0.9295654892921448,0.12015767395496368,0,False
277,36.022107165073976,36.0,0.19999999999999574,323,-1.9830018080600367,0.8765937069810776,-1.3075429693293987,4.214180032996679,0.7094941139221191,0.006927150450609354,-0.3120566367436251,0.006927150450609354,0.0,-0.0,False,False,37,1.0,50,0.18,0.1,0.074,0.9308024644851685,0.11315309256315231,0,False
278,36.12196799297817,36.1,0.10000000000000142,158,-1.97746671310825,0.8569175482718275,-1.2850293222238376,4.20255463405444,0.7075368762016296,0.0036194898455988093,-0.3084371468980263,0.0036194898455988093,0.0,-0.0,True,True,38,1.0,50,0.0,0.1,0.076,0.9271523356437683,-0.06803462654352188,0,False
279,36.22201984911226,36.2,0.10000000000000142,161,-1.971619493964944,0.8372560298634077,-1.290238744657748,4.190705839956355,0.7055420279502869,0.0036890424263025666,-0.30474810447172374,0.0036890424263025666,0.0,-0.0,False,False,38,1.0,50,0.02,0.1,0.076,0.9273297190666199,-0.06758110225200653,0,False
280,36.32208279520273,36.300000000000004,0.10000000000000142,161,-1.9660758875440536,0.817586165704489,-1.301260417696737,4.179209309218122,0.7036064863204956,0.0035793675961912894,-0.3011687368755325,0.0035793675961912894,0.0,-0.0,False,False,38,1.0,50,0.04,0.1,0.076,0.9276885986328125,-0.06709378212690353,0,False
281,36.52189035015181,36.5,0.19999999999999574,319,-1.9557566184242956,0.7780003135211415,-1.3287836295115152,4.157077611314046,0.6998804211616516,0.006890555431918738,-0.29427818144361373,0.006890555431918738,0.0,-0.0,False,False,38,1.0,50,0.08,0.1,0.076,0.9285652041435242,-0.06604138016700745,0,False
282,36.621934827184305,36.6,0.10000000000000142,160,-1.9509874977456743,0.7581081736844579,-1.3420787161926193,4.1464608538916305,0.6980929970741272,0.003305456085812168,-0.29097272535780155,0.003305456085812168,0.0,-0.0,False,False,38,1.0,50,0.1,0.1,0.076,0.9289370179176331,-0.06522206217050552,0,False
283,36.72236294019967,36.7,0.10000000000000142,161,-1.9464791491223985,0.7381580404745524,-1.3550333919198267,4.13614962740344,0.696357011795044,0.0032103310824091245,-0.2877623942753924,0.0032103310824091245,0.0,-0.0,False,False,38,1.0,50,0.12,0.1,0.076,0.9293042421340942,-0.06439217180013657,0,False
284,36.82236163713969,36.800000000000004,0.10000000000000142,161,-1.9422280700043086,0.7181463377028104,-1.3678488460603357,4.126141453614783,0.6946720480918884,0.0031159776607250843,-0.28464641661466733,0.0031159776607250843,0.0,-0.0,False,False,38,1.0,50,0.14,0.1,0.076,0.9296557307243347,-0.06349712610244751,0,False
285,37.022243281127885,37.0,0.19999999999999574,317,-1.9344811740480408,0.6779400352534859,-1.3928782002393825,4.1070285995996265,0.6914542317390442,0.005950658671757192,-0.2786957579429101,0.005950658671757192,0.0,-0.0,False,False,38,1.0,50,0.18,0.1,0.076,0.9300501346588135,-0.060872629284858704,0,False
286,37.12200655019842,37.1,0.10000000000000142,161,-1.9309771187678195,0.6577562818087843,-1.4050019419130046,4.097923919373127,0.6899213790893555,0.0028346810110323837,-0.2758610769318777,0.0028346810110323837,0.0,-0.0,True,True,39,1.0,50,0.0,0.1,0.078,0.9810181856155396,0.0019776870030909777,0,False
287,37.22247422300279,37.2,0.10000000000000142,139,-1.9275224534781181,0.6366914667953705,-1.4073364048932377,4.088703824216665,0.68836909532547,0.0028706146739631818,-0.27299046225791457,0.0028706146739631818,0.0,-0.0,False,False,39,1.0,50,0.02,0.1,0.078,0.981342613697052,0.0024775066412985325,0,False
288,37.322255741106346,37.300000000000004,0.10000000000000142,157,-1.9240105319396505,0.6153794517682072,-1.4076597211367956,4.0794522200762575,0.6868115067481995,0.002880424784395169,-0.2701100374735194,0.002880424784395169,0.0,-0.0,False,False,39,1.0,50,0.04,0.1,0.078,0.9815817475318909,0.002983188722282648,0,False
289,37.52256505214609,37.5,0.19999999999999574,323,-1.9169512007303628,0.5727541640311744,-1.4060662078968458,4.061195419130575,0.6837378144264221,0.005684132300692479,-0.26442590517282694,0.005684132300692479,0.0,-0.0,False,False,39,1.0,50,0.08,0.1,0.078,0.9819244742393494,0.00410009128972888,0,False
290,37.62251835898496,37.6,0.10000000000000142,160,-1.9134000899581223,0.5514521906619483,-1.4051856481572953,4.0521909303923564,0.6822218298912048,0.002803487064377279,-0.26162241810844966,0.002803487064377279,0.0,-0.0,False,False,39,1.0,50,0.1,0.1,0.078,0.9820961356163025,0.004675376694649458,0,False
291,37.72275150404312,37.7,0.10000000000000142,161,-1.9098296421801837,0.5301520203394681,-1.4042488942675513,4.04326362096313,0.6807188391685486,0.002779457805116829,-0.2588429603033328,0.002779457805116829,0.0,-0.0,False,False,39,1.0,50,0.12,0.1,0.078,0.9822646379470825,0.005245905835181475,0,False
292,37.82225608499721,37.800000000000004,0.10000000000000142,158,-1.9062365140948252,0.5088481303330135,-1.4031963544226909,4.034409242440567,0.6792281270027161,0.0027567512573751832,-0.25608620904595764,0.0027567512573751832,0.0,-0.0,False,False,39,1.0,50,0.14,0.1,0.078,0.9824305176734924,0.005592757370322943,0,False
293,38.02260807598941,38.0,0.19999999999999574,325,-1.898975440072292,0.46622928253187634,-1.400874216744977,4.01691538374663,0.6762828826904297,0.005446595357083942,-0.2506396136888737,0.005446595357083942,0.0,-0.0,False,False,39,1.0,50,0.18,0.1,0.078,0.9827520847320557,0.006220417097210884,0,False
294,38.12291847006418,38.1,0.10000000000000142,161,-1.8953051989541299,0.444917391704642,-1.3996189937505978,4.008275549541727,0.674828290939331,0.002689954325669051,-0.24794965936320468,0.002689954325669051,0.0,-0.0,True,True,40,1.0,50,0.0,0.1,0.08,0.9222047328948975,0.07057218998670578,0,False
295,38.222956197103485,38.2,0.10000000000000142,161,-1.8917475781902786,0.42468612922036186,-1.3892020155012736,4.000093126654343,0.6734507083892822,0.0025475423854641097,-0.24540211697774056,0.0025475423854641097,0.0,-0.0,False,False,40,1.0,50,0.02,0.1,0.08,0.9224445819854736,0.07043232023715973,0,False
296,38.323003163095564,38.300000000000004,0.10000000000000142,158,-1.887953155385513,0.40477783361735603,-1.375880583028402,3.991842021262626,0.672061562538147,0.0025689262216865363,-0.24283319075605403,0.0025689262216865363,0.0,-0.0,False,False,40,1.0,50,0.04,0.1,0.08,0.9228404760360718,0.0702538788318634,0,False
297,38.52303932607174,38.5,0.19999999999999574,321,-1.879529124759395,0.3651059902494323,-1.347449907923193,3.9748151327914494,0.6691949367523193,0.005301207315961483,-0.23753198344009255,0.005301207315961483,0.0,-0.0,False,False,40,1.0,50,0.08,0.1,0.08,0.9237170219421387,0.06987019628286362,0,False
298,38.62307042302564,38.6,0.10000000000000142,162,-1.8748979890170514,0.34534174408531065,-1.3334578154692784,3.9660354553431874,0.6677168011665344,0.002733493579833874,-0.23479848986025867,0.002733493579833874,0.0,-0.0,False,False,40,1.0,50,0.1,0.1,0.08,0.9241384267807007,0.06967812776565552,0,False
299,38.7242193701677,38.7,0.10099999999999909,163,-1.869989193266416,0.3256329291363024,-1.319561847961097,3.957080531298817,0.6662091612815857,0.0027880554299898885,-0.23201043443026878,0.0027880554299898885,0.0,-0.0,False,False,40,1.0,50,0.12,0.1,0.08,0.9245516061782837,0.06948535144329071,0,False
300,38.82415042701177,38.800000000000004,0.10000000000000142,160,-1.864805577199476,0.30598799271255706,-1.3056914915874756,3.9479539009936135,0.6646726131439209,0.0028415150205465763,-0.2291689194097222,0.0028415150205465763,0.0,-0.0,False,False,40,1.0,50,0.14,0.1,0.08,0.9249604344367981,0.06929121166467667,0,False
301,38.92397174611688,38.9,0.10000000000000142,160,-1.8593490862794764,0.2864122618970016,-1.291840444561913,3.9386569805616864,0.6631073951721191,0.002894533707263893,-0.2262743857024583,0.002894533707263893,0.0,-0.0,False,False,40,1.0,50,0.16,0.1,0.08,0.9252573251724243,0.06912252306938171,0,False
302,39.12438287609257,39.1,0.19999999999999574,322,-1.847620994820455,0.24747840843634095,-1.2642537278156922,3.919555101585882,0.6598914265632629,0.005947241667000164,-0.22032714403545814,0.005947241667000164,0.0,-0.0,True,True,41,1.0,50,0.0,0.1,0.082,0.9878614544868469,-3.769993782043457e-06,0,False
303,39.22388510708697,39.2,0.10000000000000142,160,-1.8411073184050435,0.22709272810122322,-1.2633187738127334,3.909318222138465,0.6581679582595825,0.003187183630827693,-0.21713996040463043,0.003187183630827693,0.0,-0.0,False,False,41,1.0,50,0.02,0.1,0.082,0.9879180788993835,-0.0001547783613204956,0,False
304,39.324309590039775,39.300000000000004,0.10000000000000142,154,-1.8345061567020216,0.20638510025196982,-1.2620245012665927,3.8990278836283965,0.656435489654541,0.0032038277507742876,-0.21393613265385614,0.0032038277507742876,0.0,-0.0,False,False,41,1.0,50,0.04,0.1,0.082,0.9879749417304993,-0.00032714009284973145,0,False
305,39.424127489095554,39.4,0.10000000000000142,161,-1.827906273206456,0.18567477296083837,-1.2618999692767268,3.888832426103696,0.6547189950942993,0.0031742871935180345,-0.2107618454603381,0.0031742871935180345,0.0,-0.0,False,False,41,1.0,50,0.06,0.1,0.082,0.9880301356315613,-0.0004061609215568751,0,False
306,39.62411427311599,39.6,0.19999999999999574,318,-1.8147056664460754,0.14425407826707115,-1.2623359021674732,3.8687261540103983,0.6513339281082153,0.0062599527152677244,-0.20450189274507038,0.0062599527152677244,0.0,-0.0,False,False,41,1.0,50,0.1,0.1,0.082,0.9881376624107361,-0.0004947929992340505,0,False
307,39.72453227615915,39.7,0.10000000000000142,162,-1.8081066542404534,0.12354103248734032,-1.2624358601023171,3.8588185257435486,0.649665892124176,0.003084673488110379,-0.20141721925696002,0.003084673488110379,0.0,-0.0,False,False,41,1.0,50,0.12,0.1,0.082,0.9881903529167175,-0.0005387141718529165,0,False
308,39.824345404980704,39.800000000000004,0.10000000000000142,161,-1.8015088299576012,0.10282481798467212,-1.2625300050903776,3.8490086107302863,0.6480143070220947,0.003054251123174969,-0.19836296813378504,0.003054251123174969,0.0,-0.0,False,False,41,1.0,50,0.14,0.1,0.082,0.9882421493530273,-0.0005767493858002126,0,False
309,39.92465767916292,39.9,0.10000000000000142,162,-1.794912628199219,0.0821064631518892,-1.2626425279402107,3.839298179138249,0.6463794708251953,0.003023277628440034,-0.195339690505345,0.003023277628440034,0.0,-0.0,False,False,41,1.0,50,0.16,0.1,0.082,0.9882931709289551,-0.0006072595133446157,0,False
310,40.12452090415172,40.1,0.19999999999999574,321,-1.78172753024929,0.04066678190967496,-1.2629892047584532,3.8201810767207625,0.6431609392166138,0.005951981383276273,-0.18938770912206873,0.005951981383276273,0.0,-0.0,True,True,42,1.0,50,0.0,0.1,0.084,0.8725064992904663,-0.15532754361629486,0,False
311,40.22468428011052,40.2,0.10000000000000142,162,-1.7757556036915683,0.021536548780780946,-1.2842919507598671,3.8116046145172806,0.6417170166969299,0.002670223878844923,-0.18671748524322382,0.002670223878844923,0.0,-0.0,False,False,42,1.0,50,0.02,0.1,0.084,0.8734340667724609,-0.14745290577411652,0,False
312,40.324324449989945,40.3,0.10000000000000142,161,-1.7705747468487147,0.0029728548358411793,-1.3118960207596106,3.8039737758657286,0.6404322981834412,0.0023758103399225323,-0.18434167490330128,0.0023758103399225323,0.0,-0.0,False,False,42,1.0,50,0.04,0.1,0.084,0.8745442032814026,-0.13747906684875488,0,False
313,40.42481179209426,40.400000000000006,0.09999999999999432,158,-1.7659057627602188,-0.015749578214939147,-1.3395204566149408,3.7969125771599104,0.639243483543396,0.0021984567704256895,-0.1821432181328756,0.0021984567704256895,0.0,-0.0,False,False,42,1.0,50,0.06,0.1,0.084,0.8755201697349548,-0.1268947422504425,0,False
314,40.52478586998768,40.5,0.10000000000000853,145,-1.7617188256536516,-0.0346010579572315,-1.3649242231166352,3.790399068321122,0.6381468772888184,0.0020279372104431773,-0.18011528092243242,0.0020279372104431773,0.0,-0.0,False,False,42,1.0,50,0.08,0.1,0.084,0.8763211369514465,-0.11655208468437195,0,False
315,40.62472658697516,40.599999999999994,0.09999999999999432,156,-1.7579813899036012,-0.05356051894571573,-1.387902760247767,3.784406342801273,0.6371379494667053,0.001865794823414247,-0.17824948609901817,0.001865794823414247,0.0,-0.0,False,False,42,1.0,50,0.1,0.1,0.084,0.8769817352294922,-0.1072840541601181,0,False
316,40.724505556048825,40.7,0.10000000000000853,161,-1.754660869466527,-0.07260870420382042,-1.4089714396706918,3.778907494052275,0.636212170124054,0.0017120296093382067,-0.17653745648967997,0.0017120296093382067,0.0,-0.0,False,False,42,1.0,50,0.12,0.1,0.084,0.8776308298110962,-0.09919611364603043,0,False
317,40.82461848203093,40.8,0.09999999999999432,159,-1.7517258614429512,-0.09173777410273448,-1.4285215588010935,3.7738738453584006,0.6353647112846375,0.0015671926980151346,-0.17497026379166483,0.0015671926980151346,0.0,-0.0,False,False,42,1.0,50,0.14,0.1,0.084,0.8792529702186584,-0.09263712912797928,0,False
318,40.9250096459873,40.900000000000006,0.09999999999999432,161,-1.74914898404145,-0.11095079219500506,-1.4468116247929095,3.7692806143727258,0.6345914006233215,0.0014300716038858272,-0.173540192187779,0.0014300716038858272,0.0,-0.0,False,False,42,1.0,50,0.16,0.1,0.084,0.8807845711708069,-0.08638180047273636,0,False
319,41.02497842302546,41.0,0.10000000000000853,159,-1.7469088173900302,-0.13023645061429398,-1.4638666359757198,3.7651097453853484,0.6338891983032227,0.0012985720337119232,-0.17224162015406708,0.0012985720337119232,0.0,-0.0,False,False,42,1.0,50,0.18,0.1,0.084,0.8822181820869446,-0.08042853325605392,0,False
320,41.12512727919966,41.099999999999994,0.09999999999999432,161,-1.744983630616459,-0.14958482054360528,-1.4797359828024297,3.761341766552256,0.6332548260688782,0.0011731348913332088,-0.17106848526273385,0.0011731348913332088,0.0,-0.0,True,True,43,1.0,50,0.0,0.1,0.086,0.9978119134902954,0.24472881853580475,0,False
321,41.22510607610457,41.2,0.10000000000000853,159,-1.7431800704774145,-0.16959321508447148,-1.4672981621332246,3.7577341649071174,0.6326474547386169,0.0011232025314935638,-0.1699452827312403,0.0011232025314935638,0.0,-0.0,False,False,43,1.0,50,0.02,0.1,0.086,0.9978036284446716,0.244951993227005,0,False
322,41.325186882168055,41.3,0.09999999999999432,162,-1.740327318690728,-0.19125975023418865,-1.417001696947829,3.7530478231037123,0.6318584680557251,0.001459061031342417,-0.16848622169989788,0.001459061031342417,0.0,-0.0,False,False,43,1.0,50,0.04,0.1,0.086,0.9977730512619019,0.24713006615638733,0,False
323,41.42518750904128,41.400000000000006,0.09999999999999432,162,-1.7364260503784437,-0.21276209989411352,-1.3661231683382098,3.7474505530340716,0.6309161186218262,0.0017426724261935098,-0.16674354927370438,0.0017426724261935098,0.0,-0.0,False,False,43,1.0,50,0.06,0.1,0.086,0.9977266788482666,0.24933242797851562,0,False
324,41.52512149699032,41.5,0.10000000000000853,161,-1.7314624225008644,-0.23404432140745945,-1.3160102879646787,3.7409281933570955,0.6298180222511292,0.002030692859441079,-0.1647128564142633,0.002030692859441079,0.0,-0.0,False,False,43,1.0,50,0.08,0.1,0.086,0.9976378679275513,0.2507009506225586,0,False
325,41.62527322303504,41.599999999999994,0.09999999999999432,162,-1.7254411643253942,-0.25504964880172776,-1.2660071580623182,3.7334853465086417,0.6285649538040161,0.0023172803552096895,-0.1623955760590536,0.0023172803552096895,0.0,-0.0,False,False,43,1.0,50,0.1,0.1,0.086,0.9976844787597656,0.25141286849975586,0,False
326,41.725305889034644,41.7,0.10000000000000853,162,-1.718373924570295,-0.2757262429685133,-1.2158095134377882,3.7251312173604245,0.6271584630012512,0.0026010019760207975,-0.15979457408303283,0.0026010019760207975,0.0,-0.0,False,False,43,1.0,50,0.12,0.1,0.086,0.99774569272995,0.2520410120487213,0,False
327,41.82499678898603,41.8,0.09999999999999432,161,-1.7102762172412225,-0.29602200510031274,-1.1654007228193746,3.7158789051529615,0.6256007552146912,0.002880645236315062,-0.15691392884671776,0.002880645236315062,0.0,-0.0,False,False,43,1.0,50,0.14,0.1,0.086,0.9978046417236328,0.25240057706832886,0,False
328,41.924920096993446,41.900000000000006,0.09999999999999432,160,-1.7011662481560064,-0.315885748503167,-1.1149031269208678,3.7057429252608793,0.6238942742347717,0.0031557692322531105,-0.15375815961446465,0.0031557692322531105,0.0,-0.0,False,False,43,1.0,50,0.16,0.1,0.086,0.9977818131446838,0.25313305854797363,0,False
329,42.02527179103345,42.0,0.10000000000000853,161,-1.6910639896174,-0.33526425214032973,-1.0642538282180982,3.6947381470923335,0.6220415234565735,0.0034262637378746517,-0.15033189587659,0.0034262637378746517,0.0,-0.0,False,False,43,1.0,50,0.18,0.1,0.086,0.9977476000785828,0.254119336605072,0,False
330,42.12526959809475,42.099999999999994,0.09999999999999432,160,-1.6799927873102967,-0.35410545882116073,-1.013411626762037,3.6828836884578076,0.6200457215309143,0.003690806041661295,-0.14664108983492868,0.003690806041661295,0.0,-0.0,True,True,44,1.0,50,0.0,0.1,0.088,0.9502916932106018,0.30996954441070557,0,False
331,42.224967268062755,42.2,0.10000000000000853,155,-1.6684580877972681,-0.3715609586482555,-0.9546660222908386,3.670705997212682,0.6179955005645752,0.003791442343060003,-0.14284964749186868,0.003791442343060003,0.0,-0.0,False,False,44,1.0,50,0.02,0.1,0.088,0.9500064849853516,0.30857840180397034,0,False
332,42.32510348316282,42.3,0.09999999999999432,162,-1.6559462018544577,-0.38815710005181225,-0.8936430597513872,3.6576566754228725,0.6157985329627991,0.004062818656360978,-0.1387868288355077,0.004062818656360978,0.0,-0.0,False,False,44,1.0,50,0.04,0.1,0.088,0.9502859711647034,0.3072914779186249,0,False
333,42.42518786014989,42.400000000000006,0.09999999999999432,161,-1.6424352071664126,-0.40395676009992865,-0.8320978122348612,3.643701381836212,0.6134490370750427,0.004344886887773373,-0.13444194194773432,0.004344886887773373,0.0,-0.0,False,False,44,1.0,50,0.06,0.1,0.088,0.9507143497467041,0.3048880696296692,0,False
334,42.525254965992644,42.5,0.10000000000000853,160,-1.6279752937571856,-0.4189109508792996,-0.7711206326394183,3.628881538375418,0.6109539866447449,0.004614058681875971,-0.12982788326585834,0.004614058681875971,0.0,-0.0,False,False,44,1.0,50,0.08,0.1,0.088,0.9513787031173706,0.3006818890571594,0,False
335,42.62543686199933,42.599999999999994,0.09999999999999432,160,-1.6126277313613646,-0.4329774992172067,-0.7111299604228888,3.6132495420025577,0.6083222031593323,0.004866917033912022,-0.12496096623194632,0.004866917033912022,0.0,-0.0,False,False,44,1.0,50,0.1,0.1,0.088,0.9520114064216614,0.2965226173400879,0,False
336,42.72553342813626,42.7,0.10000000000000853,161,-1.5966030276624639,-0.4460150739514272,-0.6497965592657493,3.5970082539288843,0.6055878400802612,0.005056615910918999,-0.11990435032102732,0.005056615910918999,0.0,-0.0,False,False,44,1.0,50,0.12,0.1,0.088,0.9526506662368774,0.29223376512527466,0,False
337,42.82562891417183,42.8,0.09999999999999432,161,-1.579773766410649,-0.458051971328818,-0.5896641799419148,3.5800196010786767,0.6027276515960693,0.005289302912291135,-0.11461504740873618,0.005289302912291135,0.0,-0.0,False,False,44,1.0,50,0.14,0.1,0.088,0.9533542394638062,0.28818148374557495,0,False
338,42.92531875404529,42.900000000000006,0.09999999999999432,160,-1.5622164155409637,-0.46907597860355443,-0.5303952642085945,3.5623504957886305,0.5997529029846191,0.0055011572072400945,-0.10911389020149609,0.0055011572072400945,0.0,-0.0,False,False,44,1.0,50,0.16,0.1,0.088,0.9575060606002808,0.28240320086479187,0,False
339,43.02536571118981,43.0,0.10000000000000853,160,-1.5439499928441616,-0.4790933868444851,-0.47242467600055993,3.5440115590645704,0.5966653823852539,0.005709704723391765,-0.10340418547810433,0.005709704723391765,0.0,-0.0,False,False,44,1.0,50,0.18,0.1,0.088,0.962577223777771,0.2736207842826843,0,False
340,43.12547400710173,43.099999999999994,0.09999999999999432,160,-1.5249887149286978,-0.4881305402147714,-0.4166899976002965,3.525008809476464,0.5934661030769348,0.0059163783982249685,-0.09748780707987936,0.0059163783982249685,0.0,-0.0,True,True,45,1.0,50,0.0,0.1,0.09,0.9678308367729187,-0.47053635120391846,0,False
341,43.225560904014856,43.2,0.10000000000000853,160,-1.5060182780369946,-0.49615924212485446,-0.4043397362142302,3.5060202212294564,0.5902692079544067,0.00591196935982863,-0.09157583772005073,0.00591196935982863,0.0,-0.0,False,False,45,1.0,50,0.02,0.1,0.09,0.9686374068260193,-0.47038012742996216,0,False
342,43.32559393020347,43.3,0.09999999999999432,159,-1.4869017520785857,-0.5053717335100122,-0.4982268934354994,3.48690595108019,0.5870511531829834,0.005951099575596978,-0.08562473814445376,0.005951099575596978,0.0,-0.0,False,False,45,1.0,50,0.04,0.1,0.09,0.9668292999267578,-0.46157991886138916,0,False
343,43.425568188074976,43.400000000000006,0.09999999999999432,160,-1.468548922561371,-0.516427620252982,-0.5892347566204238,3.4685879023342516,0.5839671492576599,0.005703201391757067,-0.0799215367526967,0.005703201391757067,0.0,-0.0,False,False,45,1.0,50,0.06,0.1,0.09,0.9659869074821472,-0.4597724676132202,0,False
344,43.52562022418715,43.5,0.10000000000000853,160,-1.451309000169687,-0.5291071024621302,-0.6806590251874776,3.4514317916255406,0.5810787677764893,0.005341439791329019,-0.07458009696136768,0.005341439791329019,0.0,-0.0,False,False,45,1.0,50,0.08,0.1,0.09,0.9640722274780273,-0.4573887586593628,0,False
345,43.62555477209389,43.599999999999994,0.09999999999999432,159,-1.4353303382753764,-0.5432852154111628,-0.7720065623843817,3.4356029526113954,0.5784138441085815,0.00492820266762249,-0.06965189429374519,0.00492820266762249,0.0,-0.0,False,False,45,1.0,50,0.1,0.1,0.09,0.961733341217041,-0.4510916769504547,0,False
346,43.72652257117443,43.7,0.10099999999999909,144,-1.4207401443361218,-0.5588114360391231,-0.8619766661354424,3.421245830971032,0.5759966969490051,0.004469993352272455,-0.06518190094147273,0.004469993352272455,0.0,-0.0,False,False,45,1.0,50,0.12,0.1,0.09,0.9584658145904541,-0.43858084082603455,0,False
347,43.82697453419678,43.8,0.10000000000000853,161,-1.4076232806164943,-0.5755091687369379,-0.9493603961693079,3.4084599101256763,0.5738440752029419,0.003980810542187071,-0.06120109039928566,0.003980810542187071,0.0,-0.0,False,False,45,1.0,50,0.14,0.1,0.09,0.9560405015945435,-0.43063005805015564,0,False
348,43.92669154400937,43.900000000000006,0.09999999999999432,159,-1.396028016998917,-0.5932311406973614,-1.0352503767889272,3.397307499976166,0.5719664692878723,0.0034722279631577446,-0.05772886243612792,0.0034722279631577446,0.0,-0.0,False,False,45,1.0,50,0.16,0.1,0.09,0.9539737701416016,-0.42007941007614136,0,False
349,44.02664061100222,44.0,0.09999999999999432,155,-1.3859986260623012,-0.6118294136539527,-1.118804775206379,3.387844891853373,0.5703733563423157,0.0029461194565022514,-0.05478274297962567,0.0029461194565022514,0.0,-0.0,False,False,45,1.0,50,0.18,0.1,0.09,0.9529234170913696,-0.4074386656284332,0,False
350,44.12680994719267,44.099999999999994,0.10000000000000853,158,-1.3775426262519075,-0.6311642048785575,-1.199790246022769,3.3800883712995615,0.5690674781799316,0.0024149405556908796,-0.05236780242393479,0.0024149405556908796,0.0,-0.0,True,True,46,1.0,50,0.0,0.1,0.092,0.9990490674972534,-0.7261598706245422,0,False
351,44.227123951073736,44.2,0.09999999999999432,158,-1.370751451027414,-0.6516625644671805,-1.3245571366771913,3.374161496015826,0.5680696368217468,0.001845292794870701,-0.050522509629064086,0.001845292794870701,0.0,-0.0,False,False,46,1.0,50,0.02,0.1,0.092,0.9990807771682739,-0.7233633995056152,0,False
352,44.32708772900514,44.3,0.10000000000000853,160,-1.36686615491823,-0.6735536995215109,-1.4657650726154559,3.371336308466444,0.5675939917564392,0.0008796031600901134,-0.04964290646897397,0.0008796031600901134,0.0,-0.0,False,False,46,1.0,50,0.04,0.1,0.092,0.9990764260292053,-0.7108450531959534,0,False
353,44.42715436615981,44.400000000000006,0.09999999999999432,161,-1.3661258234681168,-0.6957745287414218,-1.6080093486202072,3.3718142537285574,0.567674458026886,-0.0001488050458799007,-0.04979171151485387,-0.0001488050458799007,0.0,-0.0,False,False,46,1.0,50,0.06,0.1,0.092,0.9989946484565735,-0.6667616963386536,0,False
354,44.527229032013565,44.5,0.09999999999999432,159,-1.3683774140528737,-0.7175507060160725,-1.7429050591391961,3.3753956568926613,0.5682774186134338,-0.0011150458104600134,-0.050906757325313884,-0.0011150458104600134,0.0,-0.0,False,False,46,1.0,50,0.08,0.1,0.092,0.9989335536956787,-0.5936521291732788,0,False
355,44.62704783119261,44.599999999999994,0.10000000000000853,160,-1.3733493256702092,-0.738202800886751,-1.870076911522732,3.381749142577024,0.569347083568573,-0.001978115076563548,-0.052884872401877434,-0.001978115076563548,0.0,-0.0,False,False,46,1.0,50,0.1,0.1,0.092,0.9987877607345581,-0.47551172971725464,0,False
356,44.726968949195,44.7,0.09999999999999432,159,-1.3806767445863632,-0.7581823552741386,-1.9718911397690715,3.3905210312876815,0.5708239078521729,-0.002731068608715881,-0.05561594101059331,-0.002731068608715881,0.0,-0.0,False,False,46,1.0,50,0.12,0.1,0.092,0.9986908435821533,-0.35683971643447876,0,False
357,44.82732428307645,44.8,0.10000000000000853,160,-1.389789859283551,-0.7774698017237025,-2.049417671986961,3.4011268136707447,0.5726094841957092,-0.0033020390810550027,-0.058917980091648316,-0.0033020390810550027,0.0,-0.0,False,False,46,1.0,50,0.14,0.1,0.092,0.9987728595733643,-0.26077553629875183,0,False
358,44.92726301099174,44.900000000000006,0.09999999999999432,161,-1.4002386244269114,-0.796231453192483,-2.105326158209815,3.4131182832804092,0.5746283531188965,-0.003733463488146685,-0.062651443579795,-0.003733463488146685,0.0,-0.0,False,False,46,1.0,50,0.16,0.1,0.092,0.9987856149673462,-0.15764419734477997,0,False
359,45.026972440071404,45.0,0.09999999999999432,159,-1.411530371450568,-0.8144664768914367,-2.1415954374943693,3.4259930665411655,0.5767959356307983,-0.004008477258124856,-0.06665992083791986,-0.004008477258124856,0.0,-0.0,False,False,46,1.0,50,0.18,0.1,0.092,0.9988076090812683,-0.10010261088609695,0,False
360,45.12740472401492,45.099999999999994,0.10000000000000853,161,-1.4236001993897136,-0.8328428404179955,-2.160373213787294,3.439741604547771,0.5791106224060059,-0.004280514927185372,-0.07094043576510523,-0.004280514927185372,0.0,-0.0,True,True,47,1.0,50,0.0,0.1,0.094,0.7021775841712952,0.9995932579040527,0,False
361,45.227177983149886,45.2,0.09999999999999432,158,-1.4364230773423796,-0.8508354662930049,-2.2395603831419852,3.45428565589065,0.5815592408180237,-0.0045281926591053895,-0.07546862842421062,-0.0045281926591053895,0.0,-0.0,False,False,47,1.0,50,0.02,0.1,0.094,0.7236400842666626,0.9994611144065857,0,False
362,45.32735896902159,45.3,0.10000000000000853,161,-1.449896127201368,-0.8681410638516099,-2.2071878603094377,3.46948289909175,0.5841178297996521,-0.004731559555141166,-0.08020018797935179,-0.004731559555141166,0.0,-0.0,False,False,47,1.0,50,0.04,0.1,0.094,0.7166284322738647,0.9994803667068481,0,False
363,45.42731754714623,45.400000000000006,0.09999999999999432,162,-1.4610107715276919,-0.885131397490012,-2.0693441838799016,3.482372905794189,0.5862879753112793,-0.004013216974401103,-0.08421340495375289,-0.004013216974401103,0.0,-0.0,False,False,47,1.0,50,0.06,0.1,0.094,0.6854308843612671,0.999646008014679,0,False
364,45.52761217113584,45.5,0.09999999999999432,162,-1.4672394415511876,-0.8992441455678167,-1.8794138236649423,3.490149606259067,0.5875972509384155,-0.0024212234354058235,-0.08663462838915871,-0.0024212234354058235,0.0,-0.0,False,False,47,1.0,50,0.08,0.1,0.094,0.6603258848190308,0.9997321367263794,0,False
365,45.62728623114526,45.599999999999994,0.10000000000000853,158,-1.4701970851534292,-0.912915765548081,-1.6817547040994425,3.4946769870086287,0.5883594751358032,-0.0014095695753424196,-0.08804419796450114,-0.0014095695753424196,0.0,-0.0,False,False,47,1.0,50,0.1,0.1,0.094,0.6327739357948303,0.9997312426567078,0,False
366,45.72756191599183,45.7,0.09999999999999432,160,-1.4703737474284089,-0.9263804706128654,-1.48180941272132,3.496468750691263,0.5886611342430115,-0.0005578535831097078,-0.08860205154761085,-0.0005578535831097078,0.0,-0.0,False,False,47,1.0,50,0.12,0.1,0.094,0.627886950969696,0.9995336532592773,0,False
367,45.827664943179116,45.8,0.10000000000000853,160,-1.467864769970707,-0.9396278574777176,-1.2817340262622234,3.4956197782923386,0.5885182023048401,0.00026432185186661255,-0.08833772969574423,0.00026432185186661255,0.0,-0.0,False,False,47,1.0,50,0.14,0.1,0.094,0.6413114666938782,0.9992401003837585,0,False
368,45.92780969804153,45.900000000000006,0.09999999999999432,158,-1.4626654354847564,-0.9523911322019175,-1.0820862054495357,3.4920925422579403,0.5879243612289429,0.0010981812385938026,-0.08723954845715043,0.0010981812385938026,0.0,-0.0,False,False,47,1.0,50,0.16,0.1,0.094,0.6580092906951904,0.9986470341682434,0,False
369,46.02752430806868,46.0,0.09999999999999432,161,-1.4548227648893488,-0.9641908937702304,-0.8827902696249476,3.485867570744057,0.5868763327598572,0.0019381030531157673,-0.08530144540403466,0.0019381030531157673,0.0,-0.0,False,False,47,1.0,50,0.18,0.1,0.094,0.6794375777244568,0.9941140413284302,0,False
370,46.12757127499208,46.099999999999994,0.10000000000000853,159,-1.4445365157594088,-0.9744823929060061,-0.6846114437920733,3.4770627569153434,0.5853939652442932,0.002741319622987516,-0.08256012578104714,0.002741319622987516,0.0,-0.0,True,True,48,1.0,50,0.0,0.1,0.096,0.08877194672822952,0.9996968507766724,0,False
371,46.22787993005477,46.2,0.09999999999999432,162,-1.4358864860339238,-0.9804475169479849,-0.4845441575413059,3.4693147331661915,0.5840895175933838,0.002412295132653132,-0.08014783064839401,0.002412295132653132,0.0,-0.0,False,False,48,1.0,50,0.02,0.1,0.096,0.14675109088420868,0.9920910000801086,0,False
372,46.327642559073865,46.3,0.10000000000000853,161,-1.432277161228701,-0.9819312485042248,-0.287340455454014,3.4659464581856376,0.5835224390029907,0.0010486897825935286,-0.07909914086580049,0.0010486897825935286,0.0,-0.0,False,False,48,1.0,50,0.04,0.1,0.096,0.32981109619140625,0.8589878082275391,0,False
373,46.428003763081506,46.400000000000006,0.09999999999999432,162,-1.425888018712811,-0.9832908282949452,-0.13573234008831003,3.459808932953045,0.5824891328811646,0.0019108772410177679,-0.07718826362478272,0.0019108772410177679,0.0,-0.0,False,False,48,1.0,50,0.06,0.1,0.096,0.7582712173461914,-0.7078096866607666,0,False
374,46.52811370999552,46.5,0.09999999999999432,161,-1.4189365178750917,-0.9840910158219656,-0.10938379217320529,3.4530380417397697,0.5813491940498352,0.002108071483298616,-0.0750801921414841,0.002108071483298616,0.0,-0.0,False,False,48,1.0,50,0.08,0.1,0.096,0.7679327726364136,-0.7098976373672485,0,False
375,46.628060998162255,46.599999999999994,0.10000000000000853,160,-1.4083953903276483,-0.985568475184714,-0.17365350882772393,3.4428093050634847,0.5796270966529846,0.003184648433749823,-0.07189554370773428,0.003184648433749823,0.0,-0.0,False,False,48,1.0,50,0.1,0.1,0.096,0.7307649254798889,-0.6842254996299744,0,False
376,46.72808969509788,46.7,0.09999999999999432,162,-1.393935627728959,-0.98898003833555,-0.2984096078107358,3.4289793393455565,0.5772987008094788,0.004305866897964765,-0.06758967680976952,0.004305866897964765,0.0,-0.0,False,False,48,1.0,50,0.12,0.1,0.096,0.6051104068756104,-0.5639486312866211,0,False
377,46.827904124045745,46.8,0.10000000000000853,160,-1.3819409684702266,-0.9933595795117653,-0.39929973409197256,3.417737358713591,0.575406014919281,0.003500115131015146,-0.06408956167875438,0.003500115131015146,0.0,-0.0,False,False,48,1.0,50,0.14,0.1,0.096,0.45531800389289856,-0.27083736658096313,0,False
378,46.9283600570634,46.900000000000006,0.09999999999999432,141,-1.3728884964297563,-0.9974313308943741,-0.4303008492977541,3.4093715464589667,0.5739975571632385,0.002604639432697856,-0.06148492224605652,0.002604639432697856,0.0,-0.0,False,False,48,1.0,50,0.16,0.1,0.096,0.17814479768276215,0.9878011345863342,0,False
379,47.02794263814576,47.0,0.09999999999999432,161,-1.3642362428572201,-1.0010257890079552,-0.3360097007380901,3.4013399418542942,0.572645366191864,0.0025005861265418442,-0.058984336119514674,0.0025005861265418442,0.0,-0.0,False,False,48,1.0,50,0.18,0.1,0.096,0.27210792899131775,0.9487177133560181,0,False
380,47.127897296100855,47.099999999999994,0.10000000000000853,161,-1.3572693099534372,-1.0028355226372951,-0.16255136305345222,3.3947166826219832,0.571530282497406,0.0020621072580156614,-0.056922228861499016,0.0020621072580156614,0.0,-0.0,True,True,49,1.0,50,0.0,0.1,0.098,0.36642757058143616,0.9999976754188538,0,False
381,47.22832355904393,47.2,0.09999999999999432,163,-1.3500708604004192,-1.003561444579175,-0.010280787558466634,3.387705402643541,0.5703498721122742,0.0021829149100782833,-0.05473931395142073,0.0021829149100782833,0.0,-0.0,False,False,49,1.0,50,0.02,0.1,0.098,0.3565722703933716,0.9999961853027344,0,False
382,47.32830031705089,47.3,0.10000000000000853,159,-1.3427915145602447,-1.0028899441138148,0.18992704053807763,3.380407355507831,0.5691211819648743,0.002272197937606168,-0.05246711601381456,0.002272197937606168,0.0,-0.0,False,False,49,1.0,50,0.04,0.1,0.098,0.3266713321208954,0.999994695186615,0,False
383,47.428306504152715,47.400000000000006,0.09999999999999432,159,-1.336507395953348,-1.0010337192719994,0.3930588664252088,3.373917212881857,0.5680285096168518,0.0020206622970890607,-0.0504464537167255,0.0020206622970890607,0.0,-0.0,False,False,49,1.0,50,0.06,0.1,0.098,0.2772703766822815,0.9999931454658508,0,False
384,47.52843238110654,47.5,0.09999999999999432,162,-1.331377181830735,-0.9983047831421088,0.593914024019026,3.3684388980774536,0.5671061873435974,0.001705636503663385,-0.048740817213062115,0.001705636503663385,0.0,-0.0,False,False,49,1.0,50,0.08,0.1,0.098,0.3127022087574005,0.9999957084655762,0,False
385,47.628386818105355,47.599999999999994,0.10000000000000853,161,-1.3261432358412644,-0.9939584501901327,0.793366986897389,3.362621419153713,0.5661267638206482,0.0018112329732582325,-0.04692958423980388,0.0018112329732582325,0.0,-0.0,False,False,49,1.0,50,0.1,0.1,0.098,0.3853837549686432,0.9999963641166687,0,False
386,47.7282037071418,47.7,0.09999999999999432,161,-1.3209808411813717,-0.9875619728856626,0.9927273480423832,3.3565801910405977,0.5651096701622009,0.0018808957799220055,-0.04504868845988188,0.0018808957799220055,0.0,-0.0,False,False,49,1.0,50,0.12,0.1,0.098,0.4195563793182373,0.9999954104423523,0,False
387,47.82827563397586,47.8,0.10000000000000853,159,-1.316753044626656,-0.9793994521613021,1.1922911339071482,3.3512197694008488,0.5642071962356567,0.0016689312590130309,-0.04337975720086885,0.0016689312590130309,0.0,-0.0,False,False,49,1.0,50,0.14,0.1,0.098,0.5172191262245178,0.9999794363975525,0,False
388,47.92854803916998,47.900000000000006,0.09999999999999432,159,-1.3136192994419282,-0.9683909280775825,1.3919283182476068,3.3465599801120054,0.563422679901123,0.0014507940843491276,-0.04192896311651972,0.0014507940843491276,0.0,-0.0,False,False,49,1.0,50,0.16,0.1,0.098,0.6440262198448181,0.9997619390487671,0,False
389,48.02865404612385,48.0,0.09999999999999432,162,-1.3125052405395916,-0.9539312499742181,1.591458291150524,3.3434628948135097,0.5629012584686279,0.0009642566973017675,-0.04096470641921795,0.0009642566973017675,0.0,-0.0,False,False,49,1.0,50,0.18,0.1,0.098,0.7936334609985352,0.9924632906913757,0,False
390,48.128333676140755,48.099999999999994,0.10000000000000853,161,-1.3141778052681004,-0.9386814700126956,1.7870680852295469,3.343084787006149,0.5628376007080078,0.00011772132518494999,-0.040846985094033,0.00011772132518494999,0.0,-0.0,True,True,50,1.0,50,0.0,0.1,0.1,0.9938645362854004,0.9999998807907104,0,False
391,48.228456972166896,48.2,0.09999999999999432,162,-1.317611683990939,-0.9275598789101596,1.9362123733430685,3.345049319050199,0.5631683468818665,-0.0006116438515463042,-0.04145862894557931,-0.0006116438515463042,0.0,-0.0,False,False,50,1.0,50,0.02,0.1,0.1,0.9971328377723694,0.9999998211860657,0,False
392,48.32872060709633,48.3,0.10000000000000853,162,-1.3261792594724031,-0.9098571695809227,2.1104348532831705,3.351335892397866,0.5642267465591431,-0.00195728237014037,-0.043415911315719674,-0.00195728237014037,0.0,-0.0,False,False,50,1.0,50,0.04,0.1,0.1,0.9989385008811951,0.9999991655349731,0,False
393,48.42876227502711,48.400000000000006,0.09999999999999432,160,-1.3390940269157674,-0.8925834762084304,2.3124400235424085,3.3620932011306954,0.5660378336906433,-0.0033492157918968844,-0.04676512710761656,-0.0033492157918968844,0.0,-0.0,False,False,50,1.0,50,0.06,0.1,0.1,0.9997444748878479,0.9999964833259583,0,False
394,48.52859161305241,48.5,0.09999999999999432,158,-1.3551820722520178,-0.8781925499474443,2.513462015736139,3.3764294347929367,0.568451464176178,-0.004463490020637618,-0.051228617128254175,-0.004463490020637618,0.0,-0.0,False,False,50,1.0,50,0.08,0.1,0.1,0.9999332427978516,0.9999904632568359,0,False
395,48.62861582101323,48.599999999999994,0.10000000000000853,162,-1.3735048815167357,-0.8673163859822929,2.715651179068698,3.393443224023596,0.5713158845901489,-0.005297128955444777,-0.05652574608369895,-0.005297128955444777,0.0,-0.0,False,False,50,1.0,50,0.1,0.1,0.1,0.9999858736991882,0.9999903440475464,0,False
396,48.72858250816353,48.7,0.09999999999999432,160,-1.393276308852305,-0.8607143755013359,2.9248705793853906,3.412394992783744,0.5745065808296204,-0.005900505859997792,-0.06242625194369675,-0.005900505859997792,0.0,-0.0,False,False,50,1.0,50,0.12,0.1,0.1,0.9999977350234985,0.9999872446060181,0,False
397,48.8287831840571,48.8,0.10000000000000853,162,-1.4139949321421803,-0.8583490513608081,3.1338666662489096,3.432750504480396,0.5779336094856262,-0.006337551791045154,-0.0687638037347419,-0.006337551791045154,0.0,-0.0,False,False,50,1.0,50,0.14,0.1,0.1,0.9999996423721313,0.9999827146530151,0,False
398,48.92884341115132,48.900000000000006,0.09999999999999432,162,-1.4343655330720029,-0.8602583501274274,-2.9405200529680333,3.4532090399335478,0.5813779830932617,-0.0063696275453791395,-0.07513343128012104,-0.0063696275453791395,0.0,-0.0,False,False,50,1.0,50,0.16,0.1,0.1,0.8424288630485535,0.9999695420265198,0,False
399,49.02870745002292,49.0,0.09999999999999432,161,-1.4510257625759309,-0.8654972190698496,-2.731795925042506,3.4703265609877625,0.5842598676681519,-0.005329425161698794,-0.08046285644181983,-0.005329425161698794,0.0,-0.0,False,False,50,1.0,50,0.18,0.1,0.1,0.8515880703926086,0.9999904632568359,0,False
400,49.128877696115524,49.099999999999994,0.10000000000000853,161,-1.4668224816920286,-0.8743778167747023,-2.5284773958210045,3.4869781739197983,0.5870633125305176,-0.005184367798455828,-0.08564722424027565,-0.005184367798455828,0.0,-0.0,True,True,51,1.0,50,0.0,0.1,0.102,0.9703488945960999,-0.746912956237793,0,False
401,49.22892083320767,49.2,0.09999999999999432,160,-1.4806782549123887,-0.8861496416001035,-2.371631676166785,3.5020327416093195,0.5895978808403015,-0.004687138493297048,-0.0903343627335727,-0.004687138493297048,0.0,-0.0,False,False,51,1.0,50,0.02,0.1,0.102,0.9595372080802917,-0.6568261384963989,0,False
402,49.32895498001017,49.3,0.10000000000000853,161,-1.4936268214685458,-0.8992825838432121,-2.3450190449855546,3.516369683338616,0.5920116305351257,-0.004463710472557511,-0.09479807320613022,-0.004463710472557511,0.0,-0.0,False,False,51,1.0,50,0.04,0.1,0.102,0.9589383602142334,-0.6521985530853271,0,False
403,49.429217495024204,49.400000000000006,0.09999999999999432,161,-1.507624429597014,-0.9125134850146046,-2.4397660283898213,3.5317977563996408,0.5946090817451477,-0.004803426881003178,-0.0996015000871334,-0.004803426881003178,0.0,-0.0,False,False,51,1.0,50,0.06,0.1,0.102,0.9655969738960266,-0.6920192241668701,0,False
404,49.52909655403346,49.5,0.09999999999999432,161,-1.5249742351151325,-0.9252456303482292,-2.582038972685641,3.5505317945403814,0.5977631211280823,-0.005832716894652487,-0.10543421698178589,-0.005832716894652487,0.0,-0.0,False,False,51,1.0,50,0.08,0.1,0.102,0.974335253238678,-0.7907348871231079,0,False
405,49.629016822203994,49.599999999999994,0.10000000000000853,162,-1.5442370538962247,-0.935319327611195,-2.7435930290693187,3.570871020694769,0.6011874079704285,-0.006332481396889276,-0.11176669837867516,-0.006332481396889276,0.0,-0.0,False,False,51,1.0,50,0.1,0.1,0.102,0.9805464744567871,-0.8749803900718689,0,False
406,49.7293254469987,49.7,0.09999999999999432,161,-1.5650634693466263,-0.9420390217556573,-2.9206736211972575,3.5923636880817233,0.6048058867454529,-0.0066915975742793,-0.11845829595295446,-0.0066915975742793,0.0,-0.0,False,False,51,1.0,50,0.12,0.1,0.102,0.9840204119682312,-0.9388720393180847,0,False
407,49.82916406611912,49.8,0.10000000000000853,160,-1.586756334325013,-0.9448633450725349,-3.1053179819123633,3.6142390657118963,0.6084887981414795,-0.006810751836943209,-0.12526904778989767,-0.006810751836943209,0.0,-0.0,False,False,51,1.0,50,0.14,0.1,0.102,0.9992808103561401,-0.853484570980072,0,False
408,49.929458561120555,49.900000000000006,0.09999999999999432,161,-1.6086714995039224,-0.9442655490155877,3.0231089120765278,3.635915476499619,0.6121382117271423,-0.0067488048474732,-0.13201785263737087,-0.0067488048474732,0.0,-0.0,False,False,51,1.0,50,0.16,0.1,0.102,0.9994250535964966,-0.9352331161499023,0,False
409,50.02923823008314,50.0,0.09999999999999432,158,-1.630500297955594,-0.9396464861741101,2.838809396253034,3.6570236634757176,0.6156919598579407,-0.006571892181815866,-0.13858974481918673,-0.006571892181815866,0.0,-0.0,False,False,51,1.0,50,0.18,0.1,0.102,0.999629020690918,-0.9855749011039734,0,False
410,50.12927559716627,50.099999999999994,0.10000000000000853,143,-1.6510510991475038,-0.9308991059789855,2.6405966660403437,3.676390713563613,0.6189525723457336,-0.006029800910973457,-0.1446195457301602,-0.006029800910973457,0.0,-0.0,True,True,52,1.0,50,0.0,0.1,0.104,1.0,-0.14800289273262024,0,False
411,50.22973700100556,50.2,0.09999999999999432,162,-1.669555755854533,-0.9186686327157565,2.5048993764052354,3.6933620187709737,0.6218098402023315,-0.005283901840255486,-0.14990344757041568,-0.005283901840255486,0.0,-0.0,False,False,52,1.0,50,0.02,0.1,0.104,1.0,-0.16600549221038818,0,False
412,50.33063227008097,50.3,0.10000000000000853,161,-1.687047307901698,-0.9053018103452851,2.470530385110102,3.70925706205476,0.6244859099388123,-1.504948814922126,-1.6548522624925417,-0.004948814922125913,-1.5,-0.0,False,False,52,1.0,50,0.04,0.1,0.104,1.0,-0.16957789659500122,4,True
