ppo_step,t_wall_s,t_sim_s,ppo_step_sim_dt,inner_ticks,x,y,yaw,goal_distance_m,goal_distance_norm,ppo_reward,ppo_reward_cumulative,navigation_reward,terminal_reward,frame_cost_reward,fresh_observation,frame_consumed,episode_frame_count,current_fps,scan_divisor_k,obs_age_ratio,fps_ratio,frame_count_ratio,action_linear,action_angular,outcome,done
1,0.08502533612772822,0.08000000000000185,0.10000000000000142,67,-1.8209830680588621,-2.177345252227047,-2.7469054262590005,3.998256400713717,0.6731414794921875,-0.0034935640920220903,-0.0034935640920220903,-0.0034935640920220903,0.0,-0.0,False,False,1,10.0,5,0.016,1.0,0.002,0.9173703193664551,-0.32226237654685974,0,False
2,0.30216962518170476,0.26000000000000156,0.18999999999999773,370,-1.85468444112863,-2.189010235833044,-2.8686718755863985,4.033898372060397,0.6791421175003052,-0.00894552156574089,-0.01243908565776298,-0.00894552156574089,0.0,-0.0,True,True,2,0.5,100,0.032,0.05,0.004,0.5694541335105896,-0.9579053521156311,0,False
3,0.4031342880334705,0.360000000000003,0.10000000000000142,171,-1.8728587639371646,-2.193205787041497,-2.9844897510068114,4.052502479896549,0.6822742819786072,-0.004669310971632366,-0.017108396629395346,-0.004669310971632366,0.0,-0.0,False,False,2,0.5,100,0.052,0.05,0.004,0.6039076447486877,-0.9330393075942993,0,False
4,0.6023311680182815,0.5600000000000023,0.1999999999999993,343,-1.9020229129046886,-2.19271068196946,2.9382421038944706,4.080237820473761,0.686943769454956,-0.006961093281102433,-0.02406948991049778,-0.006961093281102433,0.0,-0.0,False,False,2,0.5,100,0.092,0.05,0.004,0.6718214750289917,-0.9206821322441101,0,False
5,0.7029696439858526,0.6600000000000001,0.10000000000000142,165,-1.9165201699110306,-2.1883133460195094,2.755093488399864,4.092825128510194,0.6890629529953003,-0.003159197744684218,-0.027228687655182,-0.003159197744684218,0.0,-0.0,False,False,2,0.5,100,0.112,0.05,0.004,0.6837996244430542,-0.8902689218521118,0,False
6,0.9027842089999467,0.860000000000003,0.1999999999999993,322,-1.9429411931417349,-2.1715288286503607,2.3943923968461283,4.113303489840885,0.6925106644630432,-0.0051397163510652835,-0.032368404006247284,-0.0051397163510652835,0.0,-0.0,False,False,2,0.5,100,0.152,0.05,0.004,0.7397358417510986,-0.9380961060523987,0,False
7,1.1037001041695476,1.0600000000000023,0.2010000000000005,345,-1.9629358185906416,-2.144394255821946,2.015945894650133,4.124863392580538,0.6944568753242493,-0.0029013366923393634,-0.03526974069858665,-0.0029013366923393634,0.0,-0.0,False,False,2,0.5,100,0.192,0.05,0.004,0.7784118056297302,-0.9633409380912781,0,False
8,1.3039249351713806,1.2600000000000016,0.1999999999999993,339,-1.9717072030022738,-2.110534987160513,1.6303861833314424,4.124044867064978,0.6943190693855286,0.00020543582116533396,-0.035064304877421314,0.00020543582116533396,0.0,-0.0,False,False,2,0.5,100,0.232,0.05,0.004,0.7781849503517151,-0.9568949937820435,0,False
9,1.5039669380057603,1.4600000000000009,0.1999999999999993,330,-1.9673044473403465,-2.076077947159551,1.2636575406887345,4.110650716619392,0.6920640468597412,0.003361701307156342,-0.03170260357026497,0.003361701307156342,0.0,-0.0,False,False,2,0.5,100,0.272,0.05,0.004,0.8042561411857605,-0.7753218412399292,0,False
10,1.6043760261964053,1.5600000000000023,0.10000000000000142,169,-1.9610912193066856,-2.0601490973103918,1.1115454462945662,4.1005073020232325,0.6903563141822815,0.002545822539881648,-0.02915678103038332,0.002545822539881648,0.0,-0.0,False,False,2,0.5,100,0.292,0.05,0.004,0.854838490486145,-0.385000079870224,0,False
11,1.8044810080900788,1.7600000000000016,0.1999999999999993,332,-1.9431366366732072,-2.03257005881672,0.9392010039257048,4.076092087866836,0.6862457990646362,0.006127798674316939,-0.02302898235606638,0.006127798674316939,0.0,-0.0,False,False,2,0.5,100,0.332,0.05,0.004,0.841919481754303,-0.2165028303861618,0,False
12,2.0046522200573236,1.9600000000000009,0.1999999999999993,326,-1.9199754829460054,-2.0035883865013506,0.8514193813359293,4.0464056685196175,0.6812478303909302,0.007450780482850616,-0.015578201873215765,0.007450780482850616,0.0,-0.0,False,False,2,0.5,100,0.372,0.05,0.004,0.8362860679626465,-0.23018020391464233,0,False
13,2.104715031106025,2.0600000000000023,0.10000000000000142,172,-1.9076023250666407,-1.9900716126097173,0.8030845518308259,4.031078849047455,0.678667426109314,0.0038467679800548624,-0.011731433893160902,0.0038467679800548624,0.0,-0.0,False,False,2,0.5,100,0.392,0.05,0.004,0.8323443531990051,-0.24112333357334137,0,False
14,2.304454547120258,2.2600000000000016,0.1999999999999993,341,-1.8776165281505817,-1.961584552212144,0.7306516840223163,3.995066204597491,0.6726043820381165,0.009038554137003975,-0.0026928797561569275,0.009038554137003975,0.0,-0.0,True,True,3,0.5,100,0.032,0.05,0.006,0.9974929094314575,-0.13665463030338287,0,False
15,2.5045953791122884,2.460000000000001,0.1999999999999993,345,-1.844045711741816,-1.9331554322127096,0.6763420785146883,3.9556877634016656,0.6659746766090393,0.00988331120958951,0.007190431453432582,0.00988331120958951,0.0,-0.0,False,False,3,0.5,100,0.072,0.05,0.006,0.9978539347648621,-0.12888315320014954,0,False
16,2.60509150614962,2.5600000000000023,0.10000000000000142,169,-1.8267086943616282,-1.91960438423157,0.6505921959973563,3.9356540681815035,0.6626018285751343,0.005028112808079316,0.012218544261511897,0.005028112808079316,0.0,-0.0,False,False,3,0.5,100,0.092,0.05,0.006,0.9979986548423767,-0.12511509656906128,0,False
17,2.8050700000021607,2.7600000000000016,0.1999999999999993,331,-1.7910350522223424,-1.893815390375089,0.6016958039522495,3.8949777400738936,0.6557536125183105,0.010209058493496211,0.02242760275500811,0.010209058493496211,0.0,-0.0,False,False,3,0.5,100,0.132,0.05,0.006,0.9982990622520447,-0.11758718639612198,0,False
18,3.0053080120123923,2.960000000000001,0.1999999999999993,342,-1.7541712918040484,-1.8697414736829812,0.55567291925059,3.853602549783016,0.6487877368927002,0.010384460877138067,0.03281206363214618,0.010384460877138067,0.0,-0.0,False,False,3,0.5,100,0.172,0.05,0.006,0.9984003305435181,-0.11011874675750732,0,False
19,3.1050455460790545,3.0600000000000023,0.10000000000000142,171,-1.7353535347924602,-1.8583383658396933,0.5337738896559453,3.8327028885546097,0.6452690958976746,0.0052454553766650555,0.038057519008811234,0.0052454553766650555,0.0,-0.0,False,False,3,0.5,100,0.192,0.05,0.006,0.9984264373779297,-0.10650713741779327,0,False
20,3.3050992391072214,3.2600000000000016,0.1999999999999993,353,-1.6970182474767963,-1.8367524454451178,0.4921015066836394,3.790527582491601,0.6381685137748718,0.010585276169453626,0.048642795178264864,0.010585276169453626,0.0,-0.0,False,False,3,0.5,100,0.232,0.05,0.006,0.998509407043457,-0.09951703250408173,0,False
21,3.406614197185263,3.360000000000003,0.10099999999999909,176,-1.677525100453589,-1.8265469531945138,0.4723131314886333,3.769266453031626,0.6345890164375305,0.0053361776835031995,0.05397897286176806,0.0053361776835031995,0.0,-0.0,False,False,3,0.5,100,0.252,0.05,0.006,0.9986467957496643,-0.0961226373910904,0,False
22,3.507734148995951,3.4800000000000004,0.10099999999999909,176,-1.653871252843858,-1.8147984159371406,0.44946103340801197,3.7436174320319213,0.630270779132843,0.006437462963573381,0.06041643582534144,0.006437462963573381,0.0,-0.0,False,False,3,0.5,100,0.276,0.05,0.006,0.9988023042678833,-0.09281529486179352,0,False
23,3.6086111532058567,3.580000000000002,0.10100000000000264,179,-1.6339572957065631,-1.8054120400266842,0.43113715095337524,3.722141050187231,0.6266550421714783,0.0053902023285156125,0.06580663815385705,0.0053902023285156125,0.0,-0.0,False,False,3,0.5,100,0.296,0.05,0.006,0.9989590048789978,-0.08898308128118515,0,False
24,3.809098032070324,3.780000000000001,0.1999999999999993,349,-1.5936437419997187,-1.7877080607453073,0.3963987831425544,3.6789617050402565,0.6193854212760925,0.010837272704412395,0.07664391085826945,0.010837272704412395,0.0,-0.0,False,False,3,0.5,100,0.336,0.05,0.006,0.9991704821586609,-0.08290478587150574,0,False
25,4.008417122066021,3.9800000000000004,0.1999999999999993,341,-1.5527700641834614,-1.7713726142435013,0.36399021065416803,3.6355455114633903,0.612075924873352,0.01089671758519075,0.0875406284434602,0.01089671758519075,0.0,-0.0,False,False,3,0.5,100,0.376,0.05,0.006,0.9993308782577515,-0.07715577632188797,0,False
26,4.108568683033809,4.080000000000002,0.10000000000000142,174,-1.53214091411359,-1.7636906670680905,0.3486576381753585,3.6137575801145077,0.608407735824585,0.005468395893664973,0.09300902433712517,0.005468395893664973,0.0,-0.0,False,False,3,0.5,100,0.396,0.05,0.006,0.999398946762085,-0.07450778037309647,0,False
27,4.309167311061174,4.280000000000001,0.1999999999999993,351,-1.4915961504874895,-1.747890484965388,0.47155427660950583,3.5707959655869406,0.6011747717857361,0.010782626065131827,0.10379165040225699,0.010782626065131827,0.0,-0.0,True,True,4,0.5,100,0.036,0.05,0.008,0.9607624411582947,0.8785801529884338,0,False
28,4.509350364096463,4.48,0.1999999999999993,348,-1.4591343833672723,-1.7230661200590967,0.8455813231307523,3.5338978832847205,0.5949626564979553,0.009260783803411396,0.11305243420566839,0.009260783803411396,0.0,-0.0,False,False,4,0.5,100,0.076,0.05,0.008,0.9267306923866272,0.9802551865577698,0,False
29,4.609340536175296,4.580000000000002,0.10000000000000142,173,-1.4474300089735945,-1.7070028389078193,1.042034224183697,3.5191800014798433,0.5924847722053528,0.003693935102717507,0.1167463693083859,0.003693935102717507,0.0,-0.0,False,False,4,0.5,100,0.096,0.05,0.008,0.9079732298851013,0.9926974773406982,0,False
30,4.808931133011356,4.780000000000001,0.1999999999999993,350,-1.4348940658432643,-1.670768343891089,1.4392424198815488,3.4997754238380336,0.5892178416252136,0.004870215120271932,0.12161658442865783,0.004870215120271932,0.0,-0.0,False,False,4,0.5,100,0.136,0.05,0.008,0.8759900331497192,0.9960681796073914,0,False
31,5.009560452075675,4.98,0.1999999999999993,342,-1.4372877941258166,-1.633891326068196,1.837431575652273,3.4952491051890546,0.5884557962417603,0.001136028102767329,0.12275261253142516,0.001136028102767329,0.0,-0.0,False,False,4,0.5,100,0.176,0.05,0.008,0.8431410789489746,0.9965983033180237,0,False
32,5.109602554002777,5.080000000000002,0.10000000000000142,173,-1.4437111049955604,-1.617057334752929,2.036519307086919,3.498557548503463,0.5890128016471863,-0.0008303623480923951,0.12192225018333278,-0.0008303623480923951,0.0,-0.0,False,False,4,0.5,100,0.196,0.05,0.008,0.8152170181274414,0.9971268177032471,0,False
33,5.3097029170021415,5.280000000000001,0.1999999999999993,352,-1.464335002748491,-1.590411944448842,2.4356600449505605,3.5142854879622734,0.591660737991333,-0.003947442195184828,0.11797480798814795,-0.003947442195184828,0.0,-0.0,False,False,4,0.5,100,0.236,0.05,0.008,0.783819854259491,0.9938389658927917,0,False
34,5.410076595144346,5.380000000000003,0.10099999999999909,170,-1.4776942350585227,-1.581251813218877,2.6442324466740166,3.5259338990837987,0.5936218500137329,-0.002923550773347616,0.11505125721480033,-0.002923550773347616,0.0,-0.0,False,False,4,0.5,100,0.256,0.05,0.008,0.806973934173584,0.9844133257865906,0,False
35,5.510479354066774,5.48,0.10000000000000142,173,-1.4931591043545691,-1.5748124408183426,2.849198868562452,3.5401370161397034,0.596013069152832,-0.0035647380075729497,0.11148651920722738,-0.0035647380075729497,0.0,-0.0,False,False,4,0.5,100,0.276,0.05,0.008,0.8283724784851074,0.9553631544113159,0,False
36,5.710386409191415,5.680000000000003,0.1999999999999993,344,-1.5287292586103025,-1.5711953459973573,-3.0849567740439268,3.574659887505983,0.6018252968788147,-0.008664646725471169,0.10282187248175621,-0.008664646725471169,0.0,-0.0,False,False,4,0.5,100,0.316,0.05,0.008,0.8911824822425842,-0.8061326742172241,0,False
37,5.910834859125316,5.880000000000003,0.1999999999999993,350,-1.5654252914526174,-1.5753809275197452,-3.101559689350028,3.611553721405873,0.6080366969108582,-0.009259717527522988,0.09356215495423323,-0.009259717527522988,0.0,-0.0,False,False,4,0.5,100,0.356,0.05,0.008,0.8902540802955627,-0.8024980425834656,0,False
38,6.010955720208585,5.98,0.10000000000000142,174,-1.5852947122000234,-1.5746525877856865,3.0221958056207,3.6310553042342155,0.6113199591636658,-0.0048945617530571145,0.08866759320117612,-0.0048945617530571145,0.0,-0.0,False,False,4,0.5,100,0.376,0.05,0.008,0.8848443627357483,-0.7870319485664368,0,False
39,6.211246352177113,6.180000000000003,0.1999999999999993,347,-1.624440618489573,-1.5634842819018895,2.7077113788441,3.66798100115158,0.617536723613739,-0.009267714596686003,0.07939987860449012,-0.009267714596686003,0.0,-0.0,True,True,5,0.5,100,0.016,0.05,0.01,0.9996893405914307,-0.8070088028907776,0,False
40,6.411274606129155,6.380000000000003,0.1999999999999993,330,-1.6612498239487183,-1.5391902147989225,2.3807262043369626,3.7007400774838968,0.6230520009994507,-0.008221964519136675,0.07117791408535344,-0.008221964519136675,0.0,-0.0,False,False,5,0.5,100,0.056,0.05,0.01,0.9999460577964783,-0.8295350670814514,0,False
41,6.51156988600269,6.48,0.10000000000000142,171,-1.6756532571538707,-1.5231457359575085,2.2058816018184033,3.7126954356737576,0.6250647902488708,-0.0030005892062846718,0.06817732487906877,-0.0030005892062846718,0.0,-0.0,False,False,5,0.5,100,0.076,0.05,0.01,0.999974250793457,-0.8336598873138428,0,False
42,6.711767989210784,6.680000000000003,0.1999999999999993,339,-1.69541882002892,-1.4836530905229595,1.8694320035915042,3.7269343101159387,0.6274620294570923,-0.0035737124963002567,0.06460361238276852,-0.0035737124963002567,0.0,-0.0,False,False,5,0.5,100,0.116,0.05,0.01,0.9999747276306152,-0.8257858157157898,0,False
43,6.911351237213239,6.880000000000003,0.1999999999999993,335,-1.701352284785042,-1.43963395948694,1.5411634029046009,3.7273701253882807,0.6275354027748108,-0.00010938213488514268,0.06449423024788338,-0.00010938213488514268,0.0,-0.0,False,False,5,0.5,100,0.156,0.05,0.01,0.9999467730522156,-0.7802321910858154,0,False
44,7.0122261920478195,6.98,0.10099999999999909,172,-1.6989545300405613,-1.4174937105787155,1.387970523881841,3.7224409165850165,0.626705527305603,0.0012371465995173261,0.06573137684740071,0.0012371465995173261,0.0,-0.0,False,False,5,0.5,100,0.176,0.05,0.01,0.9998899102210999,-0.7345654964447021,0,False
45,7.112341133179143,7.080000000000002,0.10000000000000142,169,-1.693317274251359,-1.3959590498821077,1.2413044666101218,3.71448188885348,0.6253655552864075,0.0019975790205953954,0.06772895586799611,0.0019975790205953954,0.0,-0.0,False,False,5,0.5,100,0.196,0.05,0.01,0.9997628331184387,-0.7429670095443726,0,False
46,7.212503834161907,7.180000000000003,0.10000000000000142,171,-1.6845766483172007,-1.375482194600562,1.0922806855782383,3.703659437951592,0.6235435009002686,0.0027162489693777045,0.07044520483737382,0.0027162489693777045,0.0,-0.0,False,False,5,0.5,100,0.216,0.05,0.01,0.9996419548988342,-0.7598873376846313,0,False
47,7.412996103987098,7.380000000000003,0.1999999999999993,338,-1.6583700584759409,-1.339640714851796,0.7810822683345179,3.674102240841908,0.6185672879219055,0.007418347924578412,0.07786355276195223,0.007418347924578412,0.0,-0.0,False,False,5,0.5,100,0.256,0.05,0.01,0.9980174899101257,-0.8307099938392639,0,False
48,7.61279392009601,7.580000000000002,0.1999999999999993,343,-1.6229744829908845,-1.3152441219390745,0.42342249495406287,3.6366635493432087,0.6122641563415527,0.009396467410210418,0.08726002017216264,0.009396467410210418,0.0,-0.0,False,False,5,0.5,100,0.296,0.05,0.01,0.987256646156311,-0.88994300365448,0,False
49,7.7132121990434825,7.680000000000003,0.10000000000000142,170,-1.6020274870257478,-1.307916293908905,0.2472428098250107,3.615164509352759,0.6086446046829224,0.005395889133253685,0.09265590930541633,0.005395889133253685,0.0,-0.0,False,False,5,0.5,100,0.316,0.05,0.01,0.967729926109314,-0.9090759754180908,0,False
50,7.912850787164643,7.880000000000003,0.1999999999999993,336,-1.5589045509753723,-1.3049334769280858,-0.11381116944768975,3.571944450350123,0.6013681292533875,0.010847491181676236,0.10350340048709256,0.010847491181676236,0.0,-0.0,False,False,5,0.5,100,0.356,0.05,0.01,0.9606789350509644,-0.9387930035591125,0,False
51,8.113407747121528,8.080000000000002,0.1999999999999993,343,-1.5173128251812633,-1.317705911132333,-0.4863409728548457,3.531632422742302,0.5945812463760376,0.010117625336065793,0.11362102582315835,0.010117625336065793,0.0,-0.0,False,False,5,0.5,100,0.396,0.05,0.01,0.9648653864860535,-0.9632048010826111,0,False
52,8.213507858105004,8.180000000000003,0.10000000000000142,176,-1.501043309615592,-1.3282003395181192,-0.6616075070960736,3.5163930495514304,0.5920155644416809,0.0038248204680186287,0.11744584629117698,0.0038248204680186287,0.0,-0.0,True,True,6,0.5,100,0.016,0.05,0.012,0.8778006434440613,-0.5335493683815002,0,False
53,8.414593873079866,8.380000000000003,0.20099999999999696,349,-1.4753852755722876,-1.3535920510532928,-0.8816633894235522,3.4933263491012485,0.5881320834159851,0.005789344936073664,0.12323519122725064,0.005789344936073664,0.0,-0.0,False,False,6,0.5,100,0.056,0.05,0.012,0.8040647506713867,-0.4583086669445038,0,False
54,8.514462147140875,8.48,0.10000000000000142,168,-1.464783563823082,-1.3677524122219618,-0.9733697952281436,3.4842453891210914,0.5866032242774963,0.0022791647114572765,0.1255143559387079,0.0022791647114572765,0.0,-0.0,False,False,6,0.5,100,0.076,0.05,0.012,0.7756871581077576,-0.44223448634147644,0,False
55,8.615563979139552,8.580000000000002,0.10099999999999909,175,-1.455775838127183,-1.3823159980869826,-1.0617534642340565,3.476859541670563,0.5853597521781921,0.0018537206319853468,0.12736807657069327,0.0018537206319853468,0.0,-0.0,False,False,6,0.5,100,0.096,0.05,0.012,0.748451292514801,-0.4375442862510681,0,False
56,8.715323354117572,8.680000000000003,0.10000000000000142,172,-1.4483278076272075,-1.397130454395376,-1.1489268718992671,3.4711203041563983,0.5843935012817383,0.001440449868905841,0.1288085264395991,0.001440449868905841,0.0,-0.0,False,False,6,0.5,100,0.116,0.05,0.012,0.7493023872375488,-0.4354049265384674,0,False
57,8.81612240918912,8.780000000000001,0.10099999999999909,173,-1.4421608098505407,-1.4126339041276754,-1.235993960342167,3.4668049894898045,0.583666980266571,0.0010830697336433256,0.12989159617324245,0.0010830697336433256,0.0,-0.0,False,False,6,0.5,100,0.136,0.05,0.012,0.7608729600906372,-0.43777593970298767,0,False
58,8.916398889152333,8.880000000000003,0.10000000000000142,176,-1.4372926790417058,-1.4288717442211643,-1.323718782925442,3.4639443985876732,0.5831853747367859,0.0007179590981900365,0.13060955527143248,0.0007179590981900365,0.0,-0.0,False,False,6,0.5,100,0.156,0.05,0.012,0.7762203812599182,-0.4423235058784485,0,False
59,9.017467432189733,8.98,0.10099999999999909,177,-1.433802320290347,-1.4458268903679588,-1.4122636962110164,3.4626231454630747,0.5829629302024841,0.00033161180129278673,0.13094116707272527,0.00033161180129278673,0.0,-0.0,False,False,6,0.5,100,0.176,0.05,0.012,0.7932833433151245,-0.44407930970191956,0,False
60,9.117438585031778,9.080000000000002,0.10000000000000142,177,-1.431783768759375,-1.4633923176514425,-1.5010428864325926,3.4629283223637723,0.5830143094062805,-7.659415131680176e-05,0.13086457292140846,-7.659415131680176e-05,0.0,-0.0,False,False,6,0.5,100,0.196,0.05,0.012,0.8081732988357544,-0.4403189718723297,0,False
61,9.21825422020629,9.180000000000003,0.10099999999999909,172,-1.4313126804709975,-1.4813622882957738,-1.5887168408120176,3.464912326251835,0.5833483338356018,-0.0004979508398833292,0.13036662208152514,-0.0004979508398833292,0.0,-0.0,False,False,6,0.5,100,0.216,0.05,0.012,0.81582111120224,-0.43417996168136597,0,False
62,9.319142294116318,9.280000000000001,0.10099999999999909,174,-1.432412463015628,-1.499475628642588,-1.6753171248736471,3.4685631199873272,0.5839629769325256,-0.0009162864134326405,0.1294503356680925,-0.0009162864134326405,0.0,-0.0,False,False,6,0.5,100,0.236,0.05,0.012,0.8202798962593079,-0.42653849720954895,0,False
63,9.41919568600133,9.380000000000003,0.10000000000000142,174,-1.4350590440604756,-1.5174452245265975,-1.759732623256045,3.473813437200026,0.5848469138145447,-0.0013177392854156356,0.12813259638267685,-0.0013177392854156356,0.0,-0.0,False,False,6,0.5,100,0.256,0.05,0.012,0.8116297721862793,-0.40681374073028564,0,False
64,9.620802827179432,9.580000000000002,0.20099999999999696,342,-1.4446166453761244,-1.5521281133570892,-1.9217393527023343,3.4885854861346095,0.5873339176177979,-0.0037075301202945886,0.12442506626238226,-0.0037075301202945886,0.0,-0.0,False,False,6,0.5,100,0.296,0.05,0.012,0.8134498000144958,-0.40724697709083557,0,False
65,9.720412892987952,9.680000000000003,0.10000000000000142,174,-1.4514907619282014,-1.5688205971369733,-2.0032201773518454,3.498048802324458,0.588927149772644,-0.0023751295414134615,0.1220499367209688,-0.0023751295414134615,0.0,-0.0,False,False,6,0.5,100,0.316,0.05,0.012,0.8158391118049622,-0.40917834639549255,0,False
66,9.82019871706143,9.780000000000001,0.10000000000000142,176,-1.459730984430167,-1.5849449197066996,-2.085087030398343,3.5088316014712664,0.5907425284385681,-0.0027062970610858827,0.11934363965988291,-0.0027062970610858827,0.0,-0.0,False,False,6,0.5,100,0.336,0.05,0.012,0.8187777996063232,-0.4112958014011383,0,False
67,10.020180503139272,9.98,0.1999999999999993,349,-1.480237094116789,-1.615149705582159,-2.252085575547766,3.534184296408461,0.5950108766555786,-0.006363090220357516,0.1129805494395254,-0.006363090220357516,0.0,-0.0,False,False,6,0.5,100,0.376,0.05,0.012,0.8346635103225708,-0.44066354632377625,0,False
68,10.12123805610463,10.080000000000002,0.10099999999999909,177,-1.4923245047979594,-1.6288182747883364,-2.344480317292722,3.548484418650898,0.5974184274673462,-0.0035890846403580207,0.10939146479916738,-0.0035890846403580207,0.0,-0.0,False,False,6,0.5,100,0.396,0.05,0.012,0.8501384854316711,-0.47618675231933594,0,False
69,10.222217589151114,10.180000000000003,0.10099999999999909,178,-1.5060975694966492,-1.6416303703460708,-2.4325022656000095,3.564324586737923,0.6000852584838867,-0.003975609649903395,0.10541585514926398,-0.003975609649903395,0.0,-0.0,True,True,7,0.5,100,0.016,0.05,0.014,0.9986770153045654,0.22697950899600983,0,False
70,10.322145663201809,10.280000000000001,0.10000000000000142,176,-1.5216935806933294,-1.6552361505589601,-2.4030145857429077,3.582130703003109,0.603083074092865,-0.004469028817261067,0.10094682633200291,-0.004469028817261067,0.0,-0.0,False,False,7,0.5,100,0.036,0.05,0.014,0.998589277267456,0.23940235376358032,0,False
71,10.4232519750949,10.380000000000003,0.10099999999999909,175,-1.5375330816285437,-1.670332120140979,-2.3548949743892393,3.600484155101796,0.606173038482666,-0.004606400694216652,0.09634042563778626,-0.004606400694216652,0.0,-0.0,False,False,7,0.5,100,0.056,0.05,0.014,0.9984305500984192,0.2578849196434021,0,False
72,10.524572035996243,10.48,0.10100000000000264,178,-1.5525795821237727,-1.6861920103508854,-2.3028322820405815,3.6182428308742978,0.6091628670692444,-0.00445712206984055,0.09188330356794572,-0.00445712206984055,0.0,-0.0,False,False,7,0.5,100,0.076,0.05,0.014,0.9982382655143738,0.27817079424858093,0,False
73,10.725433014100417,10.680000000000003,0.20099999999999696,352,-1.5798763847548416,-1.7202539018502,-2.1859398126877267,3.6516133231085925,0.6147810816764832,-0.00837541939074241,0.08350788417720331,-0.00837541939074241,0.0,-0.0,False,False,7,0.5,100,0.116,0.05,0.014,0.997658908367157,0.3180144727230072,0,False
74,10.826201849151403,10.780000000000001,0.10100000000000264,174,-1.5919040091218641,-1.738453872839242,-2.1216322713415052,3.667027234828518,0.6173761487007141,-0.003868626635767201,0.07963925754143611,-0.003868626635767201,0.0,-0.0,False,False,7,0.5,100,0.136,0.05,0.014,0.9970717430114746,0.33571600914001465,0,False
75,10.927330672042444,10.880000000000003,0.10099999999999909,176,-1.6026944971978334,-1.75739218369957,-2.053939616355566,3.6814466663697196,0.619803786277771,-0.0036190292215572697,0.07602022831987884,-0.0036190292215572697,0.0,-0.0,False,False,7,0.5,100,0.156,0.05,0.014,0.9961327314376831,0.35104984045028687,0,False
76,11.027583172079176,10.98,0.10000000000000142,175,-1.612138267759619,-1.7770083565498755,-1.9831691161706346,3.694764345573368,0.6220459342002869,-0.0033425083411653053,0.07267771997871353,-0.0033425083411653053,0.0,-0.0,False,False,7,0.5,100,0.176,0.05,0.014,0.9947687387466431,0.3671531677246094,0,False
77,11.228163182036951,11.180000000000003,0.20099999999999696,345,-1.6265553814008957,-1.8179271440165339,-1.8324227356921463,3.717648364723364,0.6258986592292786,-0.005743495072872391,0.06693422490584114,-0.005743495072872391,0.0,-0.0,False,False,7,0.5,100,0.216,0.05,0.014,0.9896654486656189,0.3925573229789734,0,False
78,11.329364514211193,11.280000000000005,0.10100000000000264,178,-1.6313382239705725,-1.8390001657493678,-1.753710529556471,3.7270012224526345,0.6274732947349548,-0.0023474063683149265,0.06458681853752621,-0.0023474063683149265,0.0,-0.0,False,False,7,0.5,100,0.236,0.05,0.014,0.9853218793869019,0.3965250253677368,0,False
79,11.429172829026356,11.379999999999999,0.10000000000000142,172,-1.6344292245906873,-1.8602823240462112,-1.6742988381768007,3.7348575804611985,0.6287959814071655,-0.0019718106866256665,0.06261500785090054,-0.0019718106866256665,0.0,-0.0,False,False,7,0.5,100,0.256,0.05,0.014,0.979742169380188,0.4002414047718048,0,False
80,11.530324241146445,11.500000000000004,0.10099999999999909,176,-1.635876545967893,-1.8858587737814194,-1.57802514663131,3.74116610388757,0.6298580765724182,-0.0015833308379515976,0.06103167701294895,-0.0015833308379515976,0.0,-0.0,False,False,7,0.5,100,0.276,0.05,0.014,0.9722170829772949,0.4034775197505951,0,False
81,11.630806189030409,11.600000000000005,0.10000000000000142,174,-1.635197561716812,-1.9069856331088537,-1.4972150848737609,3.7466362759208414,0.6307790279388428,-0.0013729190626404642,0.059658757950308484,-0.0013729190626404642,0.0,-0.0,False,False,7,0.5,100,0.3,0.05,0.014,0.9612228274345398,0.4044571816921234,0,False
82,11.73128607799299,11.7,0.10099999999999909,175,-1.632856371121147,-1.9276356087710205,-1.4157701322638603,3.7494203955810343,0.6312477588653564,-0.0006987661321987772,0.05895999181810971,-0.0006987661321987772,0.0,-0.0,False,False,7,0.5,100,0.32,0.05,0.014,0.9455145001411438,0.40026891231536865,0,False
83,11.932321544038132,11.900000000000002,0.2010000000000005,343,-1.6233667703399477,-1.9667595233427302,-1.2486155453646728,3.7501213819654677,0.6313657760620117,-0.00017593552158622777,0.05878405629652348,-0.00017593552158622777,0.0,-0.0,False,False,7,0.5,100,0.36,0.05,0.014,0.9239928722381592,0.3896894156932831,0,False
84,12.132829025154933,12.100000000000005,0.19999999999999574,351,-1.607776160857615,-2.0034618432499887,-1.0904122755148404,3.7447276811741346,0.6304576992988586,0.0013537260966492049,0.06013778239317268,0.0013537260966492049,0.0,-0.0,True,True,8,0.5,100,0.0,0.05,0.016,0.6454544067382812,0.9832292795181274,0,False
85,12.233600351028144,12.2,0.10099999999999909,179,-1.5992532111558306,-2.018766845080121,-1.0411895101588144,3.740656295607982,0.6297722458839417,0.0010218477263843995,0.06115963011955708,0.0010218477263843995,0.0,-0.0,False,False,8,0.5,100,0.02,0.05,0.016,0.17032602429389954,0.9990660548210144,0,False
86,12.333617164054886,12.3,0.10000000000000142,176,-1.5929132703701923,-2.0286686209181246,-0.9426360811900936,3.7372696108839984,0.6292020678520203,0.0008499995957036856,0.062009629715260764,0.0008499995957036856,0.0,-0.0,False,False,8,0.5,100,0.04,0.05,0.016,0.11701513826847076,0.9992793202400208,0,False
87,12.434144492028281,12.400000000000002,0.10099999999999909,177,-1.5892171017684005,-2.0332331036623668,-0.7950887954859793,3.7349765357264357,0.6288160085678101,0.0005755224107645341,0.06258515212602529,0.0005755224107645341,0.0,-0.0,False,False,8,0.5,100,0.06,0.05,0.016,-0.0024549018125981092,0.9994512796401978,0,False
88,12.534148273989558,12.500000000000004,0.10000000000000142,175,-1.5892292900137435,-2.0333328472149086,-0.6031800536438693,3.7350158334479873,0.6288226246833801,-9.863051967704156e-06,0.06257528907405759,-9.863051967704156e-06,0.0,-0.0,False,False,8,0.5,100,0.08,0.05,0.016,-0.05499851331114769,0.9987394213676453,0,False
89,12.63421204709448,12.600000000000005,0.10000000000000142,176,-1.5905896946947107,-2.0326063530547844,-0.40483947362232564,3.7361221882213984,0.6290088891983032,-0.00027767601260449154,0.062297613061453094,-0.00027767601260449154,0.0,-0.0,False,False,8,0.5,100,0.1,0.05,0.016,-0.04902678728103638,0.9957551956176758,0,False
90,12.735548248048872,12.7,0.10000000000000142,172,-1.5919898686837055,-2.0321852800334193,-0.20578285227660756,3.7373517466623762,0.6292158961296082,-0.00030859801336803226,0.061989015048085065,-0.00030859801336803226,0.0,-0.0,False,False,8,0.5,100,0.12,0.05,0.016,-0.047680821269750595,0.9877899289131165,0,False
91,12.836147515103221,12.8,0.10099999999999909,171,-1.5933189873680018,-2.032057623235243,-0.00878010952254025,3.7385940503103443,0.629425048828125,-0.00031179684103337216,0.061677218207051694,-0.00031179684103337216,0.0,-0.0,False,False,8,0.5,100,0.14,0.05,0.016,-0.009111926890909672,0.9569552540779114,0,False
92,12.936232537031174,12.900000000000002,0.10000000000000142,171,-1.593494560682269,-2.032065746255915,0.1804951760991894,3.7387650485041224,0.6294538378715515,-4.291760450806386e-05,0.06163430060254363,-4.291760450806386e-05,0.0,-0.0,False,False,8,0.5,100,0.16,0.05,0.016,0.14964783191680908,0.8001067042350769,0,False
93,13.037180702202022,13.000000000000004,0.10099999999999909,174,-1.589585776954769,-2.030970498760398,0.3340368155986526,3.734705700077905,0.6287704110145569,0.0010188266113671835,0.06265312721391081,0.0010188266113671835,0.0,-0.0,False,False,8,0.5,100,0.18,0.05,0.016,0.39757856726646423,0.6419587135314941,0,False
94,13.137077365070581,13.100000000000005,0.10000000000000142,169,-1.5803175837197574,-2.026986194038493,0.4569118218552334,3.724697880322775,0.6270855069160461,0.002511790567776774,0.06516491778168758,0.002511790567776774,0.0,-0.0,False,False,8,0.5,100,0.2,0.05,0.016,0.9133691191673279,0.07123996317386627,0,False
95,13.238185828085989,13.2,0.10099999999999909,173,-1.5674416404163747,-2.0199871200107173,0.5161785279308408,3.710392801610953,0.6246771216392517,0.0035903286288945543,0.06875524641058213,0.0035903286288945543,0.0,-0.0,False,False,8,0.5,100,0.22,0.05,0.016,0.984277069568634,-0.48962903022766113,0,False
96,13.43917129514739,13.400000000000002,0.2010000000000005,345,-1.533437407675449,-2.002564501455801,0.452762552739115,3.672916582558339,0.6183676719665527,0.009405886180557979,0.0781611325911401,0.009405886180557979,0.0,-0.0,False,False,8,0.5,100,0.26,0.05,0.016,0.9170835614204407,0.014001303352415562,0,False
97,13.639415629208088,13.600000000000005,0.19899999999999807,352,-1.497146731599259,-1.9849233440509197,0.45948818008490855,3.6331954369079016,0.611680269241333,0.009969324131253983,0.08813045672239408,0.009969324131253983,0.0,-0.0,False,False,8,0.5,100,0.3,0.05,0.016,0.940275251865387,-0.13432908058166504,0,False
98,13.840034739114344,13.8,0.19899999999999807,355,-1.4607396071438792,-1.9675239006357828,0.4437721022065233,3.5934413661394076,0.6049873232841492,0.009977587769389017,0.0981080444917831,0.009977587769389017,0.0,-0.0,False,False,8,0.5,100,0.34,0.05,0.016,0.9210048317909241,-0.053930290043354034,0,False
99,13.939900403143838,13.900000000000002,0.10000000000000142,174,-1.4427354890026733,-1.9592341304454965,0.4429836559949719,3.5738714548402593,0.6016925573348999,0.004911711023595561,0.10301975551537866,0.004911711023595561,0.0,-0.0,False,False,8,0.5,100,0.36,0.05,0.016,0.9182223677635193,-0.060487911105155945,0,False
100,14.040108095156029,14.000000000000004,0.10000000000000142,172,-1.4244924956199245,-1.9506633518473977,0.41918957146377916,3.5539991989086333,0.5983468890190125,0.00498759432432009,0.10800734983969876,0.00498759432432009,0.0,-0.0,False,False,8,0.5,100,0.38,0.05,0.016,0.8586860299110413,0.11067084968090057,0,False
101,14.140203237067908,14.100000000000005,0.10000000000000142,173,-1.406958444447914,-1.9425747320613513,0.44302746612192595,3.5349415741237653,0.5951383709907532,0.004783135922719159,0.11279048576241792,0.004783135922719159,0.0,-0.0,True,True,9,0.5,100,0.0,0.05,0.018,0.9998935461044312,0.039710719138383865,0,False
102,14.34017572319135,14.3,0.19999999999999574,351,-1.3677295949667405,-1.9245075353619145,0.4369202481844785,3.49232266405081,0.5879631042480469,0.010696613143467464,0.12348709890588538,0.010696613143467464,0.0,-0.0,False,False,9,0.5,100,0.04,0.05,0.018,0.9998983144760132,0.04041708633303642,0,False
103,14.440638062078506,14.400000000000002,0.10000000000000142,176,-1.3478823946016485,-1.915074690160526,0.44618302564882234,3.4706883832528588,0.5843207836151123,0.005429832249034441,0.1289169311549198,0.005429832249034441,0.0,-0.0,False,False,9,0.5,100,0.06,0.05,0.018,0.9998971223831177,0.03778395429253578,0,False
104,14.540814743144438,14.500000000000004,0.10000000000000142,170,-1.3280993857353272,-1.9054980878387595,0.45476516464099515,3.4490827791706344,0.5806832909584045,0.005422634886787705,0.13433956604170752,0.005422634886787705,0.0,-0.0,False,False,9,0.5,100,0.08,0.05,0.018,0.9998960494995117,0.03529973700642586,0,False
105,14.740527122048661,14.7,0.19999999999999574,344,-1.2887251090540466,-1.8859198635352044,0.46826125841448435,3.405960433421586,0.5734232664108276,0.01082296683624304,0.14516253287795056,0.01082296683624304,0.0,-0.0,False,False,9,0.5,100,0.12,0.05,0.018,0.9998949766159058,0.03116922453045845,0,False
106,14.840878291986883,14.8,0.10000000000000142,175,-1.2691301573089444,-1.8759355236125843,0.474349437760264,3.3844461699894546,0.5698011517524719,0.005399709955187068,0.15056224283313763,0.005399709955187068,0.0,-0.0,False,False,9,0.5,100,0.14,0.05,0.018,0.9998945593833923,0.029242096468806267,0,False
107,14.94098690408282,14.900000000000002,0.10000000000000142,174,-1.2495923972779046,-1.8658331630366456,0.4801351754617788,3.3629627074742148,0.5661842226982117,0.005391979454996183,0.1559542222881338,0.005391979454996183,0.0,-0.0,False,False,9,0.5,100,0.16,0.05,0.018,0.9998942017555237,0.027374228462576866,0,False
108,15.04102138709277,15.000000000000004,0.10000000000000142,173,-1.230110807716534,-1.85562199050495,0.4855429791773784,3.341512524110559,0.5625728964805603,0.005383626960537031,0.16133784924867084,0.005383626960537031,0.0,-0.0,False,False,9,0.5,100,0.18,0.05,0.018,0.9998939037322998,0.02558409795165062,0,False
109,15.140664663165808,15.100000000000005,0.10000000000000142,173,-1.2106892441883248,-1.8453123178835913,0.49059607831482005,3.3201019925019826,0.5589682459831238,0.0053736750522453205,0.16671152430091615,0.0053736750522453205,0.0,-0.0,False,False,9,0.5,100,0.2,0.05,0.018,0.999893844127655,0.023851582780480385,0,False
110,15.340971147175878,15.3,0.19999999999999574,348,-1.172005281008062,-1.824419688505836,0.4997214927869182,3.2773899716112966,0.5517773032188416,0.010719982356688355,0.17743150665760452,0.010719982356688355,0.0,-0.0,False,False,9,0.5,100,0.24,0.05,0.018,0.9998939633369446,0.020586133003234863,0,False
111,15.440938680199906,15.400000000000002,0.10000000000000142,176,-1.1527270790560278,-1.813845031280678,0.5037654244380255,3.2560760911557254,0.5481889247894287,0.005349417275784144,0.18278092393338866,0.005349417275784144,0.0,-0.0,False,False,9,0.5,100,0.26,0.05,0.018,0.9998941421508789,0.019060511142015457,0,False
112,15.540947503177449,15.500000000000004,0.10000000000000142,173,-1.1334863398918589,-1.8031930666814575,0.5075149759221675,3.2347884091811885,0.5446049571037292,0.005342841907805675,0.18812376584119433,0.005342841907805675,0.0,-0.0,False,False,9,0.5,100,0.28,0.05,0.018,0.999894380569458,0.01759425364434719,0,False
113,15.741272076033056,15.7,0.19999999999999574,346,-1.095109977120042,-1.7816815449215948,0.5141583838309775,3.1922927027758,0.5374504327774048,0.010665691142703923,0.19878945698389827,0.010665691142703923,0.0,-0.0,False,False,9,0.5,100,0.32,0.05,0.018,0.9998951554298401,0.014869383536279202,0,False
114,15.841105550993234,15.8,0.10000000000000142,174,-1.0759771709947117,-1.7708376015391887,0.5170821321268214,3.171092113049026,0.5338811278343201,0.005320983252093447,0.20411044023599173,0.005320983252093447,0.0,-0.0,False,False,9,0.5,100,0.34,0.05,0.018,0.9998956322669983,0.013606248423457146,0,False
115,15.94119281298481,15.900000000000002,0.10000000000000142,174,-1.0568786618154626,-1.7599418470963981,0.519758772647421,3.1499237403732536,0.5303172469139099,0.005312897326606426,0.20942333756259815,0.005312897326606426,0.0,-0.0,False,False,9,0.5,100,0.36,0.05,0.018,0.9998961687088013,0.012394482269883156,0,False
116,16.041554893134162,16.000000000000004,0.10000000000000142,172,-1.0378072191415508,-1.7489964932032043,0.5221929334093965,3.128780504077933,0.5267575979232788,0.005306588527600087,0.21472992609019823,0.005306588527600087,0.0,-0.0,False,False,9,0.5,100,0.38,0.05,0.018,0.9998967051506042,0.01123050693422556,0,False
117,16.14256762806326,16.100000000000005,0.10099999999999909,179,-1.0187572699580656,-1.738004485997088,0.5243936433587355,3.107659217861317,0.5232016444206238,0.005301079435510027,0.22003100552570826,0.005301079435510027,0.0,-0.0,True,True,10,0.5,100,0.0,0.05,0.02,0.9928639531135559,-0.05801290646195412,0,False
118,16.242444662144408,16.2,0.10000000000000142,173,-0.9997966965264607,-1.7270638214025356,0.5175064325152844,3.0866490981723333,0.5196644067764282,0.005273178549763479,0.22530418407547173,0.005273178549763479,0.0,-0.0,False,False,10,0.5,100,0.02,0.05,0.02,0.9931650161743164,-0.05701799690723419,0,False
119,16.442580117145553,16.400000000000002,0.19999999999999574,347,-0.961530172699935,-1.7058431540692875,0.49545443766068276,3.044482642947512,0.5125653147697449,0.0105830547613528,0.23588723883682453,0.0105830547613528,0.0,-0.0,False,False,10,0.5,100,0.06,0.05,0.02,0.9940390586853027,-0.05383656173944473,0,False
120,16.54356674104929,16.500000000000004,0.10099999999999909,177,-0.9422185740845729,-1.695541024998217,0.4845382374354912,3.0233139162382123,0.5090013742446899,0.0053129861829304325,0.24120022501975497,0.0053129861829304325,0.0,-0.0,False,False,10,0.5,100,0.08,0.05,0.02,0.9944374561309814,-0.05223206430673599,0,False
121,16.64461287506856,16.600000000000005,0.10099999999999909,175,-0.9227917668983963,-1.6854391488939797,0.4741373791019146,3.0020888981980414,0.5054279565811157,0.005327114338451774,0.24652733935820675,0.005327114338451774,0.0,-0.0,False,False,10,0.5,100,0.1,0.05,0.02,0.9947947859764099,-0.05069351941347122,0,False
122,16.745480301091447,16.7,0.1010000000000062,170,-0.9032532288897288,-1.6755321846800177,0.4640921951432892,2.980809004961109,0.5018453001976013,0.00534088706867698,0.2518682264268837,0.00534088706867698,0.0,-0.0,False,False,10,0.5,100,0.12,0.05,0.02,0.9951202273368835,-0.049198396503925323,0,False
123,16.946465579094365,16.900000000000002,0.2010000000000005,345,-0.863869468329912,-1.6562872290148647,0.4448362210972435,2.9381051268415557,0.4946557283401489,0.010717938661235542,0.26258616508811927,0.010717938661235542,0.0,-0.0,False,False,10,0.5,100,0.16,0.05,0.02,0.9956936836242676,-0.046306103467941284,0,False
124,17.148053031181917,17.100000000000005,0.2009999999999934,354,-0.8241196993831676,-1.6377758120845507,0.42669484368867566,2.895239278383175,0.4874388873577118,0.010758590429480833,0.2733447555176001,0.010758590429480833,0.0,-0.0,False,False,10,0.5,100,0.2,0.05,0.02,0.9961786270141602,-0.04354548454284668,0,False
125,17.247385160066187,17.2,0.10000000000000142,176,-0.8041158278215632,-1.6287831727404576,0.41804156179154783,2.873749089230913,0.4838208258152008,0.005393667725152748,0.2787384232427529,0.005393667725152748,0.0,-0.0,False,False,10,0.5,100,0.22,0.05,0.02,0.9963939189910889,-0.041236624121665955,0,False
126,17.347467343090102,17.3,0.10000000000000142,175,-0.7840315887437055,-1.619957321010469,0.4099115801404421,2.8522234967259017,0.4801968038082123,0.00540255335755616,0.28414097660030907,0.00540255335755616,0.0,-0.0,False,False,10,0.5,100,0.24,0.05,0.02,0.9965755343437195,-0.0383635051548481,0,False
127,17.548263202188537,17.500000000000004,0.19899999999999807,347,-0.7436557196324786,-1.602766346808352,0.39526884928841544,2.8090876977028083,0.4729345142841339,0.010826343376556392,0.2949673199768655,0.010826343376556392,0.0,-0.0,False,False,10,0.5,100,0.28,0.05,0.02,0.9968339204788208,-0.033513348549604416,0,False
128,17.649001219077036,17.600000000000005,0.10099999999999909,171,-0.7233777066924539,-1.5943835249627016,0.3886487582711707,2.7874859879893865,0.4692976772785187,0.005421657467223302,0.30038897744408877,0.005421657467223302,0.0,-0.0,False,False,10,0.5,100,0.3,0.05,0.02,0.9969455599784851,-0.031395573168992996,0,False
129,17.749922154005617,17.7,0.1010000000000062,176,-0.7030451288477527,-1.5861306966296724,0.38245031105124055,2.7658637443313703,0.46565738320350647,0.005426811134017225,0.305815788578106,0.005426811134017225,0.0,-0.0,False,False,10,0.5,100,0.32,0.05,0.02,0.9970581531524658,-0.02943384274840355,0,False
130,17.850844959029928,17.8,0.10099999999999909,174,-0.6826604705210555,-1.5779991596696068,0.3766304594046201,2.7442213207622865,0.46201369166374207,0.005431875944487254,0.3112476645225932,0.005431875944487254,0.0,-0.0,False,False,10,0.5,100,0.34,0.05,0.02,0.9972074031829834,-0.027826152741909027,0,False
131,17.9505525350105,17.900000000000002,0.10000000000000142,173,-0.6622264640203042,-1.569981966138961,0.37112661995307017,2.7225592483324275,0.4583666920661926,0.005436807470470995,0.3166844719930642,0.005436807470470995,0.0,-0.0,False,False,10,0.5,100,0.36,0.05,0.02,0.9973471760749817,-0.026345495134592056,0,False
132,18.151029128115624,18.100000000000005,0.19999999999999574,350,-0.6212266597457295,-1.5542693632240576,0.36094410681242606,2.6791871319297336,0.4510646164417267,0.010885654972848683,0.32757012696591287,0.010885654972848683,0.0,-0.0,True,True,11,0.5,100,0.0,0.05,0.022,0.983446478843689,-0.1789613515138626,0,False
133,18.25086269318126,18.2,0.10000000000000142,175,-0.6007804170920332,-1.546759997143712,0.3322471489187939,2.657631446574886,0.44743552803993225,0.005410106145098921,0.33298023311101177,0.005410106145098921,0.0,-0.0,False,False,11,0.5,100,0.02,0.05,0.022,0.9783399105072021,-0.15824006497859955,0,False
134,18.350769487209618,18.3,0.10000000000000142,171,-0.580304795853144,-1.5400269344804736,0.30359573293284264,2.6362097629101933,0.4438289999961853,0.005376474026452354,0.33835670713746413,0.005376474026452354,0.0,-0.0,False,False,11,0.5,100,0.04,0.05,0.022,0.9721697568893433,-0.13803252577781677,0,False
135,18.451309806201607,18.400000000000002,0.10000000000000142,174,-0.5597901462005197,-1.5339259096358266,0.2765316356540203,2.614881013046467,0.4402381181716919,0.005353149241393633,0.34370985637885776,0.005353149241393633,0.0,-0.0,False,False,11,0.5,100,0.06,0.05,0.022,0.9647627472877502,-0.11883985251188278,0,False
136,18.651108734076843,18.600000000000005,0.19999999999999574,348,-0.5189458287486302,-1.523318852527703,0.23418138994413285,2.5727320824812567,0.4331419765949249,0.010578656373313098,0.3542885127521709,0.010578656373313098,0.0,-0.0,False,False,11,0.5,100,0.1,0.05,0.022,0.942736029624939,-0.07984095811843872,0,False
137,18.75131826614961,18.7,0.10000000000000142,171,-0.498756012055594,-1.5186661371265706,0.2188736317348715,2.5520181118380196,0.429654598236084,0.005198850234709561,0.35948736298688044,0.005198850234709561,0.0,-0.0,False,False,11,0.5,100,0.12,0.05,0.022,0.9312048554420471,-0.06495758146047592,0,False
138,18.85150124807842,18.8,0.10000000000000142,170,-0.4787570011968201,-1.5143498074343629,0.20640555233664692,2.53155922235134,0.4262101650238037,0.005134829253243491,0.36462219224012393,0.005134829253243491,0.0,-0.0,False,False,11,0.5,100,0.14,0.05,0.022,0.9199167490005493,-0.05254431068897247,0,False
139,18.951177154202014,18.900000000000002,0.10000000000000142,174,-0.4589559998586564,-1.5103089782820058,0.1963069221475964,2.51135028053507,0.42280781269073486,0.005072096688475789,0.36969428892859973,0.005072096688475789,0.0,-0.0,False,False,11,0.5,100,0.16,0.05,0.022,0.9092147350311279,-0.042222388088703156,0,False
140,19.151321740122512,19.100000000000005,0.19999999999999574,348,-0.4199464311516633,-1.5028542315703486,0.18255946774888157,2.471639755890457,0.4161221981048584,0.009966658441533015,0.37966094737013273,0.009966658441533015,0.0,-0.0,False,False,11,0.5,100,0.2,0.05,0.022,0.8901711106300354,-0.021682901307940483,0,False
141,19.25256733200513,19.2,0.10099999999999909,179,-0.40070413023491214,-1.4993434403235417,0.17850657883008939,2.4520855990832824,0.41283008456230164,0.004907756917176001,0.3845687042873087,0.004907756917176001,0.0,-0.0,False,False,11,0.5,100,0.22,0.05,0.022,0.8833193182945251,-0.014959493651986122,0,False
142,19.3522166791372,19.3,0.10000000000000142,173,-0.3815941368638187,-1.4959239383689216,0.1757227653332557,2.4326797823241266,0.40956294536590576,0.004870526117406009,0.38943923040471473,0.004870526117406009,0.0,-0.0,False,False,11,0.5,100,0.24,0.05,0.022,0.8779954314231873,-0.009923690930008888,0,False
143,19.45362499007024,19.400000000000002,0.10099999999999909,177,-0.3625878611177263,-1.4925684893052205,0.17389341197334313,2.4133886724278777,0.4063151180744171,0.004841736668419288,0.39428096707313404,0.004841736668419288,0.0,-0.0,False,False,11,0.5,100,0.26,0.05,0.022,0.8739519715309143,-0.006166789680719376,0,False
144,19.554332587169483,19.500000000000004,0.10099999999999909,176,-0.34366028962267026,-1.489255816108476,0.17278300031553634,2.3941835926788095,0.4030817747116089,0.004820144581679079,0.3991011116548131,0.004820144581679079,0.0,-0.0,False,False,11,0.5,100,0.28,0.05,0.022,0.8711198568344116,-0.002850286429747939,0,False
145,19.655479890061542,19.600000000000005,0.10099999999999909,178,-0.3247873498500497,-1.4859683034069178,0.17232566017351955,2.3750371054785413,0.399858295917511,0.0048054388600515295,0.4039065505148646,0.0048054388600515295,0.0,-0.0,False,False,11,0.5,100,0.3,0.05,0.022,0.8693761825561523,-0.00023549050092697144,0,False
146,19.75616799807176,19.7,0.1010000000000062,181,-0.3059486749567389,-1.4826909314178862,0.17235844460792232,2.3559265526813133,0.3966408669948578,0.0047964199431621635,0.4087029704580268,0.0047964199431621635,0.0,-0.0,False,False,11,0.5,100,0.32,0.05,0.022,0.8684264421463013,0.0016765579348430037,0,False
147,19.956445143092424,19.900000000000002,0.19999999999999574,354,-0.26831781737330884,-1.4761260872952136,0.17340844640841097,2.3177493472442663,0.39021340012550354,0.009581821702144206,0.418284792160171,0.009581821702144206,0.0,-0.0,False,False,11,0.5,100,0.36,0.05,0.022,0.8681687116622925,0.004080913495272398,0,False
148,20.05755318608135,20.02,0.10099999999999909,182,-0.24574207931618167,-1.4721622190008308,0.1744428082397835,2.2986603904922154,0.38699960708618164,0.004790999707396109,0.4230757918675671,0.004790999707396109,0.0,-0.0,False,False,11,0.5,100,0.38,0.05,0.022,0.869284451007843,0.0045606475323438644,0,False
149,20.158601330127567,20.12,0.10099999999999909,176,-0.22688266870018556,-1.4688317065424614,0.17532942626433368,2.2756997230835174,0.38313397765159607,0.0057627324670255975,0.4288385243345927,0.0057627324670255975,0.0,-0.0,True,True,12,0.5,100,0.004,0.05,0.024,0.35828545689582825,0.9993231892585754,0,False
150,20.259609665023163,20.220000000000002,0.1010000000000062,170,-0.20653818161596785,-1.465080740301513,0.20698152447324009,2.2550190315918646,0.379652202129364,0.005190497740250409,0.4340290220748431,0.005190497740250409,0.0,-0.0,False,False,12,0.5,100,0.024,0.05,0.024,0.4139276444911957,0.9977287650108337,0,False
151,20.460593813098967,20.419999999999998,0.2009999999999934,350,-0.17738993816176762,-1.4554473048569094,0.48389526171228003,2.224513201645267,0.3745162785053253,0.007656438444826021,0.4416854605196691,0.007656438444826021,0.0,-0.0,False,False,12,0.5,100,0.064,0.05,0.024,0.9991044402122498,-0.6113183498382568,0,False
152,20.561437249183655,20.52,0.1010000000000062,170,-0.16492805647279568,-1.4483132897095692,0.538872199042621,2.210859190590502,0.3722175061702728,0.003426921848996999,0.4451123823686661,0.003426921848996999,0.0,-0.0,False,False,12,0.5,100,0.084,0.05,0.024,0.9996647238731384,-0.6591227054595947,0,False
153,20.762588027166203,20.720000000000002,0.2010000000000005,340,-0.1319957415414694,-1.4315487074509616,0.3786646032040727,2.1752333277693228,0.36621958017349243,0.008941478602997321,0.45405386097166345,0.008941478602997321,0.0,-0.0,False,False,12,0.5,100,0.124,0.05,0.024,0.9942572712898254,-0.4730115830898285,0,False
154,20.863802968990058,20.820000000000004,0.10099999999999909,167,-0.11113728133530541,-1.4243629984936728,0.2911872376535106,2.1533659158935183,0.36253800988197327,0.005488344138410452,0.4595422051100739,0.005488344138410452,0.0,-0.0,False,False,12,0.5,100,0.144,0.05,0.024,0.5700234770774841,0.9549382925033569,0,False
155,20.96445501712151,20.919999999999998,0.10099999999999909,168,-0.09003442127899426,-1.4182909597414206,0.2968050508189153,2.1314809793581033,0.3588534891605377,0.005492742526450043,0.4650349476365239,0.005492742526450043,0.0,-0.0,False,False,12,0.5,100,0.164,0.05,0.024,0.581009030342102,0.9498906135559082,0,False
156,21.064165154006332,21.02,0.10000000000000142,170,-0.07164944213275959,-1.4117757807452003,0.40153807954561543,2.1121767702213377,0.3556034564971924,0.004845024352408411,0.46987997198893233,0.004845024352408411,0.0,-0.0,False,False,12,0.5,100,0.184,0.05,0.024,0.8875463604927063,0.29393649101257324,0,False
157,21.165299077052623,21.12,0.10099999999999909,177,-0.05704501363733754,-1.404496449120215,0.4996760367780254,2.096437855723175,0.3529536724090576,0.003950196741229914,0.47383016873016226,0.003950196741229914,0.0,-0.0,False,False,12,0.5,100,0.204,0.05,0.024,0.9994962811470032,-0.6265718936920166,0,False
158,21.26552920904942,21.220000000000002,0.10000000000000142,172,-0.042251711156170504,-1.3965530262657229,0.4684054335989506,2.0803957115087157,0.35025283694267273,0.004026302182764514,0.47785647091292677,0.004026302182764514,0.0,-0.0,False,False,12,0.5,100,0.224,0.05,0.024,0.9991505742073059,-0.5940570831298828,0,False
159,21.465658635133877,21.419999999999998,0.19999999999999574,339,-0.0022786169382097887,-1.3811102043864192,0.2833796676329965,2.0382258929653836,0.343153178691864,0.010583898896431028,0.4884403698093578,0.010583898896431028,0.0,-0.0,False,False,12,0.5,100,0.264,0.05,0.024,0.5749450325965881,0.9537478089332581,0,False
160,21.56635729316622,21.52,0.10099999999999909,177,0.018619677417957458,-1.3749403792938468,0.31323549659886246,2.016543640624457,0.3395027816295624,0.005441872280941023,0.4938822420902988,0.005441872280941023,0.0,-0.0,False,False,12,0.5,100,0.284,0.05,0.024,0.6262792944908142,0.9080114960670471,0,False
161,21.66648033517413,21.62,0.10000000000000142,172,0.03617507276314366,-1.368241975186919,0.4284306293257031,1.9980517614165205,0.3363895118236542,0.004641143516913744,0.49852338560721254,0.004641143516913744,0.0,-0.0,False,False,12,0.5,100,0.304,0.05,0.024,0.9984466433525085,-0.5417415499687195,0,False
162,21.767187463119626,21.720000000000002,0.10099999999999909,175,0.052061528712844696,-1.3604471489936802,0.45819233476332105,1.9810064632019144,0.3335197865962982,0.004278076576913156,0.5028014621841257,0.004278076576913156,0.0,-0.0,False,False,12,0.5,100,0.324,0.05,0.024,0.9991529583930969,-0.5786659717559814,0,False
163,21.867198585998267,21.820000000000004,0.10000000000000142,173,0.06978321730480061,-1.352416429646836,0.38048152901866406,1.9621249700969734,0.3303409218788147,0.004738929901512558,0.5075403920856383,0.004738929901512558,0.0,-0.0,False,False,12,0.5,100,0.344,0.05,0.024,0.9962828755378723,-0.4625678062438965,0,False
164,21.967057201080024,21.919999999999998,0.10000000000000142,174,0.09041287240993152,-1.3452416365833397,0.2959841535669434,1.9405450334454921,0.32670775055885315,0.005416192803295301,0.5129565848889336,0.005416192803295301,0.0,-0.0,False,False,12,0.5,100,0.364,0.05,0.024,0.6147534251213074,0.9212989211082458,0,False
165,22.06844117306173,22.02,0.10099999999999909,178,0.11078738181783383,-1.3390396054481548,0.31816405231250366,1.9193936543790395,0.3231467306613922,0.005308632223052788,0.5182652171119864,0.005308632223052788,0.0,-0.0,False,False,12,0.5,100,0.384,0.05,0.024,0.6532757878303528,0.8706035614013672,0,False
166,22.169163830112666,22.12,0.10099999999999909,175,0.12818914849952542,-1.3323080557103564,0.43265340158465804,1.901079854035431,0.32006344199180603,0.004596448785924997,0.5228616658979114,0.004596448785924997,0.0,-0.0,True,True,13,0.5,100,0.004,0.05,0.026,0.545283854007721,0.9998770952224731,0,False
167,22.2705998911988,22.220000000000002,0.10099999999999909,175,0.14186500790273635,-1.324971506133639,0.5813533844986647,1.8863382519842122,0.31758156418800354,0.003699888476427654,0.526561554374339,0.003699888476427654,0.0,-0.0,False,False,13,0.5,100,0.024,0.05,0.026,0.6025585532188416,0.9985182881355286,0,False
168,22.37150083715096,22.320000000000004,0.10099999999999909,176,0.1522147177392824,-1.316579732350623,0.7802294766279108,1.8747087816564072,0.3156236410140991,0.0029187969600119436,0.529480351334351,0.0029187969600119436,0.0,-0.0,False,False,13,0.5,100,0.044,0.05,0.026,0.6997504830360413,0.9187924265861511,0,False
169,22.472079856088385,22.419999999999998,0.10099999999999909,175,0.16117814903870775,-1.305957116735321,0.9495692254037269,1.864101760155998,0.31383785605430603,0.0026621798962033444,0.5321425312305543,0.0026621798962033444,0.0,-0.0,False,False,13,0.5,100,0.064,0.05,0.026,0.8230502009391785,-0.9521368145942688,0,False
170,22.57315777009353,22.52,0.1010000000000062,173,0.16903207276867532,-1.2942363143769826,0.9941914795210575,1.8544591259844754,0.3122144341468811,0.0024201352695363415,0.5345626665000907,0.0024201352695363415,0.0,-0.0,False,False,13,0.5,100,0.084,0.05,0.026,0.8377575278282166,-0.9566761255264282,0,False
171,22.775983412051573,22.720000000000002,0.2009999999999934,339,0.18832908893651135,-1.2702690679249993,0.7392663974738917,1.8317197295304595,0.30838605761528015,0.005707197264504743,0.5402698637645954,0.005707197264504743,0.0,-0.0,False,False,13,0.5,100,0.124,0.05,0.026,0.722895085811615,-0.9275951385498047,0,False
172,22.876158855156973,22.820000000000004,0.1010000000000062,167,0.20143501612478895,-1.2603507254655484,0.5586218861534753,1.8173107419783188,0.30596017837524414,0.003616407959998305,0.5438862717245937,0.003616407959998305,0.0,-0.0,False,False,13,0.5,100,0.144,0.05,0.026,0.6070833206176758,0.9981187582015991,0,False
173,22.978252810193226,22.94,0.10099999999999909,173,0.2188832768575855,-1.2507518704732523,0.47753904422880394,1.8017916823007285,0.3033474087715149,0.0038950169640050852,0.5477812886885988,0.0038950169640050852,0.0,-0.0,False,False,13,0.5,100,0.164,0.05,0.026,0.5851408243179321,0.9995390772819519,0,False
174,23.077211673138663,23.02,0.10000000000000142,170,0.23041624449336265,-1.2445590694056399,0.5234377533269994,1.7864030839780187,0.3007566034793854,0.003862273408598803,0.5516435620971976,0.003862273408598803,0.0,-0.0,False,False,13,0.5,100,0.184,0.05,0.026,0.5998565554618835,0.99884432554245,0,False
175,23.278669357998297,23.24,0.2009999999999934,333,0.2553003716922775,-1.2235110099460431,0.8897668571956773,1.758958227910113,0.2961360216140747,0.006888186667233005,0.5585317487644306,0.006888186667233005,0.0,-0.0,False,False,13,0.5,100,0.224,0.05,0.026,0.8018341064453125,-0.9458629488945007,0,False
176,23.378065017051995,23.320000000000004,0.10000000000000142,170,0.2625420910914295,-1.2141075278096387,0.9284269085636405,1.750600558426621,0.29472893476486206,0.002097631241456983,0.5606293800058876,0.002097631241456983,0.0,-0.0,False,False,13,0.5,100,0.244,0.05,0.026,0.8235120177268982,-0.9523661732673645,0,False
177,23.479788555996493,23.44,0.10099999999999909,174,0.2737972044466427,-1.1999630164818182,0.838051509122501,1.7377459550769319,0.2925647497177124,0.0032262842693295633,0.5638556642752172,0.0032262842693295633,0.0,-0.0,False,False,13,0.5,100,0.268,0.05,0.026,0.7945978045463562,-0.9436481595039368,0,False
178,23.579213325167075,23.540000000000003,0.10000000000000142,169,0.28596237038400446,-1.1886352094993762,0.6545211946494741,1.7243863229002758,0.29031553864479065,0.0033530378155632794,0.5672087020907804,0.0033530378155632794,0.0,-0.0,False,False,13,0.5,100,0.284,0.05,0.026,0.6940916180610657,-0.916604220867157,0,False
179,23.67978664417751,23.640000000000004,0.10000000000000142,166,0.2996451432749387,-1.1799203422971352,0.48695571600465765,1.709847405043546,0.28786778450012207,0.003649018230918522,0.570857720321699,0.003649018230918522,0.0,-0.0,False,False,13,0.5,100,0.308,0.05,0.026,0.6049242615699768,0.9986644387245178,0,False
180,23.780583541141823,23.74,0.10099999999999909,169,0.3143088225472132,-1.1727595885479123,0.4394551705767363,1.694520762588147,0.28528741002082825,0.003846723551892971,0.574704443873592,0.003846723551892971,0.0,-0.0,False,False,13,0.5,100,0.328,0.05,0.026,0.5907803177833557,0.999441385269165,0,False
181,23.8811189502012,23.84,0.10099999999999909,174,0.32868261326648435,-1.165538319222221,0.5146620799180921,1.6794954026646438,0.2827577590942383,0.0037711068201404605,0.5784755506937325,0.0037711068201404605,0.0,-0.0,False,False,13,0.5,100,0.348,0.05,0.026,0.6192501187324524,0.9972363710403442,0,False
182,23.981662509031594,23.94,0.10000000000000142,173,0.34100366860706066,-1.157167302379877,0.6989068049643873,1.6664244848296572,0.28055715560913086,0.0032805754833139947,0.5817561261770464,0.0032805754833139947,0.0,-0.0,False,False,13,0.5,100,0.368,0.05,0.026,0.7125363349914551,0.8589383959770203,0,False
183,24.08115430804901,24.040000000000003,0.10000000000000142,167,0.35163852401700907,-1.1465668403016667,0.8484516943098104,1.6548647591067682,0.2786109745502472,0.002901292264177305,0.5846574184412238,0.002901292264177305,0.0,-0.0,False,False,13,0.5,100,0.388,0.05,0.026,0.8046373128890991,-0.9459572434425354,0,False
184,24.182143973186612,24.140000000000004,0.10099999999999909,178,0.3612928151848875,-1.135128582833662,0.8732686184551522,1.6442690666792386,0.2768270969390869,0.002659336493834308,0.5873167549350581,0.002659336493834308,0.0,-0.0,True,True,14,0.5,100,0.008,0.05,0.028,-0.5559431314468384,0.9997882843017578,0,False
185,24.282144017051905,24.24,0.10000000000000142,173,0.366124096750542,-1.1294100217447645,0.8704789880180859,1.6389927280022687,0.2759387791156769,0.0013242702252321576,0.5886410251602903,0.0013242702252321576,0.0,-0.0,False,False,14,0.5,100,0.028,0.05,0.028,-0.5565821528434753,0.9997868537902832,0,False
186,24.38344039907679,24.34,0.10099999999999909,172,0.366571078133217,-1.1289039483719638,0.9057012775993719,1.638507348036078,0.2758570611476898,0.00012182202024980856,0.5887628471805401,0.00012182202024980856,0.0,-0.0,False,False,14,0.5,100,0.048,0.05,0.028,-0.5692911744117737,0.9997966289520264,0,False
187,24.48350409301929,24.44,0.10000000000000142,172,0.36391039410283504,-1.132707310928754,1.001567594173152,1.641462819923577,0.2763546407222748,-0.0007417725930310145,0.5880210745875091,-0.0007417725930310145,0.0,-0.0,False,False,14,0.5,100,0.068,0.05,0.028,-0.5888766050338745,0.9998074769973755,0,False
188,24.58449692814611,24.540000000000003,0.10099999999999909,177,0.3592830182919948,-1.1414455412017415,1.1590650686681627,1.6468027076187315,0.277253657579422,-0.0013402199353961296,0.586680854652113,-0.0013402199353961296,0.0,-0.0,False,False,14,0.5,100,0.088,0.05,0.028,-0.5807305574417114,0.9997692108154297,0,False
189,24.6845296821557,24.640000000000004,0.10000000000000142,168,0.3553608657103162,-1.153700050386258,1.3605848657359485,1.651805555395714,0.27809593081474304,-0.0012556287149163125,0.5854252259371966,-0.0012556287149163125,0.0,-0.0,False,False,14,0.5,100,0.108,0.05,0.028,-0.5100589394569397,0.9994800090789795,0,False
190,24.885072925128043,24.84,0.2010000000000005,345,0.3548301355583037,-1.1729851965454532,1.7584137682903265,1.6542393588804545,0.27850568294525146,-0.0006108427995677779,0.5848143831376288,-0.0006108427995677779,0.0,-0.0,False,False,14,0.5,100,0.148,0.05,0.028,-0.2446274310350418,0.9970653057098389,0,False
191,24.986417537089437,24.94,0.10099999999999909,178,0.3572207367549951,-1.1808690405682318,1.9557007372949917,1.6527060396728888,0.27824753522872925,0.00038483673938875324,0.5851992198770175,0.00038483673938875324,0.0,-0.0,False,False,14,0.5,100,0.168,0.05,0.028,0.06089644134044647,0.9913361668586731,0,False
192,25.08717290405184,25.040000000000003,0.10099999999999909,178,0.35784149683632305,-1.1823383043058338,2.152235683201481,1.6522505755397707,0.2781708538532257,0.00011431366086905048,0.5853135335378865,0.00011431366086905048,0.0,-0.0,False,False,14,0.5,100,0.188,0.05,0.028,0.41066595911979675,0.985060453414917,0,False
193,25.18814595020376,25.140000000000004,0.10099999999999909,176,0.35259997086026557,-1.176038912735313,2.34853052346394,1.6567790183899147,0.27893325686454773,-0.001136561240711534,0.584176972297175,-0.001136561240711534,0.0,-0.0,False,False,14,0.5,100,0.208,0.05,0.028,0.6257458925247192,0.9721482396125793,0,False
194,25.289783009095117,25.24,0.10099999999999909,172,0.34182929146113267,-1.1670790099457524,2.540878965372951,1.6665669833244725,0.28058114647865295,-0.0024566107905520567,0.581720361506623,-0.0024566107905520567,0.0,-0.0,False,False,14,0.5,100,0.228,0.05,0.028,0.7598793506622314,0.9094427227973938,0,False
195,25.389147809008136,25.34,0.10000000000000142,169,0.3294847410494627,-1.1600840482469201,2.7161950181097154,1.678168130970078,0.28253430128097534,-0.0029116884540892137,0.5788086730525338,-0.0029116884540892137,0.0,-0.0,False,False,14,0.5,100,0.248,0.05,0.028,0.3124021887779236,-0.9213963150978088,0,False
196,25.48943209112622,25.44,0.10000000000000142,172,0.3173201390731252,-1.1551390528867214,2.7756948375661565,1.68981636507484,0.28449538350105286,-0.0029235063451856684,0.5758851667073481,-0.0029235063451856684,0.0,-0.0,False,False,14,0.5,100,0.268,0.05,0.028,0.3108300268650055,-0.9152711033821106,0,False
197,25.69017446320504,25.640000000000004,0.19899999999999807,336,0.29602119664552634,-1.1453028432127108,2.5660132356472145,1.7101628489165408,0.28792089223861694,-0.005106617370362865,0.5707785493369852,-0.005106617370362865,0.0,-0.0,False,False,14,0.5,100,0.308,0.05,0.028,0.3253410756587982,-0.9325501918792725,0,False
198,25.790135047165677,25.74,0.10000000000000142,171,0.2901287919533551,-1.140622368484762,2.3766497006754204,1.7156439959891643,0.28884369134902954,-0.0013756736086854386,0.5694028757282998,-0.0013756736086854386,0.0,-0.0,False,False,14,0.5,100,0.328,0.05,0.028,0.3260195851325989,-0.9485621452331543,0,False
199,25.890581557061523,25.84,0.10000000000000142,173,0.2851998273663811,-1.1349193523179617,2.1866829833483754,1.7200996849494088,0.2895938456058502,-0.0011183012661226746,0.5682845744621772,-0.0011183012661226746,0.0,-0.0,False,False,14,0.5,100,0.348,0.05,0.028,0.32351163029670715,-0.9561657905578613,0,False
200,25.991627822164446,25.94,0.10099999999999909,170,0.2814571084769831,-1.1284405491161706,1.9971042852118572,1.7233359054242086,0.29013869166374207,-0.0008122356579894895,0.5674723388041877,-0.0008122356579894895,0.0,-0.0,False,False,14,0.5,100,0.368,0.05,0.028,0.3281184732913971,-0.933650553226471,0,False
201,26.192493443144485,26.140000000000004,0.2010000000000005,341,0.27777988621749683,-1.1137993634770684,1.6402702463730645,1.7259757564219491,0.29058313369750977,-0.0006625571801552478,0.5668097816240324,-0.0006625571801552478,0.0,-0.0,True,True,15,0.5,100,0.008,0.05,0.03,0.9999440908432007,-0.23498955368995667,0,False
202,26.393558282172307,26.34,0.19999999999999574,350,0.2805853251368587,-1.0818457833451962,1.3903860272607127,1.7213614604413885,0.2898062765598297,0.0011581088992896277,0.567967890523322,0.0011581088992896277,0.0,-0.0,False,False,15,0.5,100,0.048,0.05,0.03,0.9999016523361206,-0.2416900247335434,0,False
203,26.493167440174147,26.44,0.10000000000000142,172,0.2850191101198373,-1.0603457546809347,1.3443146501387324,1.7160422837075924,0.28891074657440186,0.0013350218404401472,0.5693029123637621,0.0013350218404401472,0.0,-0.0,False,False,15,0.5,100,0.068,0.05,0.03,0.9998940229415894,-0.2425350546836853,0,False
204,26.59380168817006,26.540000000000003,0.10000000000000142,172,0.29051315764135477,-1.0389662839149456,1.2955787142751336,1.709930956956034,0.28788185119628906,0.0015338378654649529,0.570836750229227,0.0015338378654649529,0.0,-0.0,False,False,15,0.5,100,0.088,0.05,0.03,0.999885082244873,-0.24342304468154907,0,False
205,26.69471329404041,26.640000000000004,0.10099999999999909,171,0.2970368582909856,-1.017874532984117,1.2465285854777535,1.7030568649694948,0.2867245376110077,0.00172527881559501,0.572562029044822,0.00172527881559501,0.0,-0.0,False,False,15,0.5,100,0.108,0.05,0.03,0.9998740553855896,-0.24431473016738892,0,False
206,26.795117384986952,26.74,0.10099999999999909,165,0.30458100463551324,-0.9971227601365826,1.1976816469559342,1.6954214238820855,0.28543904423713684,0.001916364340428819,0.5744783933852509,0.001916364340428819,0.0,-0.0,False,False,15,0.5,100,0.128,0.05,0.03,0.9998565316200256,-0.24475623667240143,0,False
207,26.89543980616145,26.84,0.10000000000000142,172,0.31313100802328664,-0.9767617009182529,1.1489067636075312,1.6870290591128994,0.2840261161327362,0.002106339161212271,0.5765847325464631,0.002106339161212271,0.0,-0.0,False,False,15,0.5,100,0.148,0.05,0.03,0.9998359680175781,-0.24509435892105103,0,False
208,26.996990027138963,26.94,0.10099999999999909,174,0.32266652004047863,-0.9568402716090583,1.1000574231744216,1.6778886215001234,0.28248724341392517,0.002294092573894954,0.578878825120358,0.002294092573894954,0.0,-0.0,False,False,15,0.5,100,0.168,0.05,0.03,0.9998152852058411,-0.2453163117170334,0,False
209,27.09764565504156,27.040000000000003,0.10000000000000142,170,0.3331648621626162,-0.9374062557641527,1.0511361857850041,1.668010023982528,0.28082409501075745,0.0024793580095045695,0.5813581831298626,0.0024793580095045695,0.0,-0.0,False,False,15,0.5,100,0.188,0.05,0.03,0.9997929930686951,-0.24560748040676117,0,False
210,27.19791738712229,27.140000000000004,0.10000000000000142,174,0.3446020594657615,-0.9185066227807184,1.0021454784354729,1.657402648448591,0.2790382504463196,0.0026622687525274065,0.58402045188239,0.0026622687525274065,0.0,-0.0,False,False,15,0.5,100,0.208,0.05,0.03,0.9997683167457581,-0.24587126076221466,0,False
211,27.398542860057205,27.34,0.19999999999999574,348,0.37018521424903594,-0.8824931704679295,0.9040247555297108,1.6340452864723387,0.2751058340072632,0.005862295978105095,0.5898827478604951,0.005862295978105095,0.0,-0.0,False,False,15,0.5,100,0.248,0.05,0.03,0.9997126460075378,-0.24634923040866852,0,False
212,27.49950212612748,27.44,0.10099999999999909,176,0.3842707259472179,-0.865466791775917,0.8548972245782999,1.6213206134272389,0.2729635238647461,0.0031936739984092903,0.5930764218589044,0.0031936739984092903,0.0,-0.0,False,False,15,0.5,100,0.268,0.05,0.03,0.9997032284736633,-0.24669614434242249,0,False
213,27.59914869419299,27.540000000000003,0.10000000000000142,176,0.39917616497285213,-0.8491499904037391,0.8056914446039233,1.607915664959064,0.2707066833972931,0.003364411425039536,0.5964408332839439,0.003364411425039536,0.0,-0.0,False,False,15,0.5,100,0.288,0.05,0.03,0.9996985793113708,-0.2472279667854309,0,False
214,27.69922729721293,27.640000000000004,0.10000000000000142,174,0.4148677033485279,-0.8335835180233596,0.7563364954981404,1.5938440713586228,0.268337607383728,0.0035317278831944257,0.5999725611671384,0.0035317278831944257,0.0,-0.0,False,False,15,0.5,100,0.308,0.05,0.03,0.9996715188026428,-0.24833205342292786,0,False
215,27.799464090028778,27.74,0.10000000000000142,175,0.4313025683541142,-0.818814930337192,0.7067844257261068,1.5791261895537456,0.2658597230911255,0.003693935102717507,0.6036664962698559,0.003693935102717507,0.0,-0.0,False,False,15,0.5,100,0.328,0.05,0.03,0.9996278882026672,-0.24962228536605835,0,False
216,27.89998519909568,27.84,0.10000000000000142,174,0.44844174273882387,-0.8048874223410423,0.6569558938588076,1.5637781280699337,0.26327574253082275,0.0038520993594969655,0.6075185956293528,0.0038520993594969655,0.0,-0.0,False,False,15,0.5,100,0.348,0.05,0.03,0.999579668045044,-0.25113943219184875,0,False
217,28.099579592002556,28.040000000000003,0.19999999999999574,351,0.4846842899418948,-0.7797130908387755,0.5562407111873814,1.531243863027574,0.25779831409454346,0.008165540753375423,0.6156841363827282,0.008165540753375423,0.0,-0.0,False,False,15,0.5,100,0.388,0.05,0.03,0.9993023872375488,-0.25403761863708496,0,False
218,28.200082811992615,28.140000000000004,0.10000000000000142,177,0.5033647324486765,-0.7687288775645974,0.5057089305690616,1.5143987707727642,0.254962295293808,0.004227828325672291,0.6199119647084005,0.004227828325672291,0.0,-0.0,True,True,16,0.5,100,0.008,0.05,0.032,-0.0012042814632877707,0.09162136912345886,0,False
219,28.299888318171725,28.24,0.10000000000000142,173,0.515826595745194,-0.7621570246648398,0.4586711673580511,1.50311005771517,0.2530617415904999,0.002833272748129726,0.6227452374565302,0.002833272748129726,0.0,-0.0,False,False,16,0.5,100,0.028,0.05,0.032,-0.0008580980356782675,0.12955166399478912,0,False
220,28.500114255119115,28.44,0.19999999999999574,351,0.521326600289476,-0.7595817385914737,0.4507585995830947,1.498090747379159,0.2522166967391968,0.0012597605339838853,0.6240049979905141,0.0012597605339838853,0.0,-0.0,False,False,16,0.5,100,0.068,0.05,0.032,-0.0005227624787949026,0.1367417275905609,0,False
221,28.60019003902562,28.540000000000003,0.10000000000000142,177,0.5212927166271105,-0.7596069843249759,0.4757992489344562,1.4981201321619408,0.25222164392471313,-7.375074894804417e-06,0.6239976229156193,-7.375074894804417e-06,0.0,-0.0,False,False,16,0.5,100,0.088,0.05,0.032,0.0012167090317234397,0.11418629437685013,0,False
222,28.70045459107496,28.640000000000004,0.10000000000000142,173,0.521280778741217,-0.7596223086450536,0.497034850264802,1.4981295140504194,0.2522232234477997,-2.3546925868903503e-06,0.6239952682230324,-2.3546925868903503e-06,0.0,-0.0,False,False,16,0.5,100,0.108,0.05,0.032,0.0012405806919559836,0.09501565247774124,0,False
223,28.800537065137178,28.74,0.10000000000000142,170,0.5212692082158086,-0.759637306920168,0.5163129539502137,1.4981385419053703,0.25222474336624146,-2.265836262828362e-06,0.6239930023867696,-2.265836262828362e-06,0.0,-0.0,False,False,16,0.5,100,0.128,0.05,0.032,0.0016109333373606205,0.08716818690299988,0,False
224,28.901166774099693,28.84,0.10000000000000142,169,0.5212607626205246,-0.7596513247401588,0.5331683085325508,1.4981445604753376,0.25222575664520264,-1.5105575085522411e-06,0.6239914918292611,-1.5105575085522411e-06,0.0,-0.0,False,False,16,0.5,100,0.148,0.05,0.032,0.0020843117963522673,0.07700969278812408,0,False
225,29.10082830605097,29.040000000000003,0.19999999999999574,336,0.521298867659054,-0.7596360396719546,0.5614143009851819,1.498109511156116,0.2522198557853699,8.796776079294669e-06,0.6240002886053404,8.796776079294669e-06,0.0,-0.0,False,False,16,0.5,100,0.188,0.05,0.032,0.003624393604695797,0.05968590825796127,0,False
226,29.20045784418471,29.140000000000004,0.10000000000000142,171,0.5213509135235379,-0.7596049830295667,0.5729950455706858,1.4980631327640146,0.2522120475769043,1.1640178448386634e-05,0.6240119287837887,1.1640178448386634e-05,0.0,-0.0,False,False,16,0.5,100,0.208,0.05,0.032,0.004094428848475218,0.049078669399023056,0,False
227,29.300876155029982,29.24,0.10000000000000142,172,0.5214404305277375,-0.7595479260627856,0.586835268371352,1.4979838292538565,0.2521986961364746,1.990381658347656e-05,0.6240318326003722,1.990381658347656e-05,0.0,-0.0,False,False,16,0.5,100,0.228,0.05,0.032,0.0008612570818513632,-0.03943123295903206,0,False
228,29.501046292018145,29.44,0.19999999999999574,337,0.5216050293221186,-0.7594387479392328,0.6041523595286497,1.497838852524349,0.2521742880344391,3.638666469165328e-05,0.6240682192650638,3.638666469165328e-05,0.0,-0.0,False,False,16,0.5,100,0.268,0.05,0.032,0.00014951825141906738,0.12986667454242706,0,False
229,29.60111027606763,29.540000000000003,0.10000000000000142,170,0.5216583570853622,-0.7594017991030625,0.6084728757342835,1.4977922971154836,0.2521664500236511,1.1684606610445493e-05,0.6240799038716743,1.1684606610445493e-05,0.0,-0.0,False,False,16,0.5,100,0.288,0.05,0.032,0.0029049732256680727,-0.05002964287996292,0,False
230,29.70071124401875,29.640000000000004,0.10000000000000142,170,0.5217132024616079,-0.7593632656997903,0.6071092900604972,1.4977443255725085,0.25215837359428406,1.2040031906526258e-05,0.6240919439035809,1.2040031906526258e-05,0.0,-0.0,False,False,16,0.5,100,0.308,0.05,0.032,-0.0007966755074448884,0.1284763216972351,0,False
231,29.801323913037777,29.74,0.10000000000000142,170,0.5217264582353274,-0.759353970164259,0.6130315405694534,1.4977326424661013,0.25215640664100647,2.932258693098223e-06,0.624094876162274,2.932258693098223e-06,0.0,-0.0,False,False,16,0.5,100,0.328,0.05,0.032,0.0034092830028384924,-0.052517183125019073,0,False
232,29.901526316069067,29.84,0.10000000000000142,162,0.5217515683084111,-0.7593361363458098,0.6154314518486593,1.4977106923873968,0.2521527111530304,5.509092090059951e-06,0.6241003852543641,5.509092090059951e-06,0.0,-0.0,False,False,16,0.5,100,0.348,0.05,0.032,-0.00346003589220345,0.12463352829217911,0,False
233,30.101052940124646,30.040000000000003,0.19999999999999574,331,0.5216494510575889,-0.7594112944667515,0.6424543701720212,1.4977995548027971,0.252167671918869,-2.2302937332370037e-05,0.6240780823170317,-2.2302937332370037e-05,0.0,-0.0,False,False,16,0.5,100,0.388,0.05,0.032,0.006616674829274416,-0.06545408070087433,0,False
234,30.2013163222,30.140000000000004,0.10000000000000142,169,0.5219873095378026,-0.7591586633150157,0.6386901038348077,1.497506592058798,0.2521183490753174,7.352860813763841e-05,0.6241516109251692,7.352860813763841e-05,0.0,-0.0,True,True,17,0.5,100,0.008,0.05,0.034,0.5213963389396667,0.27982762455940247,0,False
235,30.301276727113873,30.24,0.10000000000000142,168,0.5275023329040108,-0.7550687025282343,0.6422205714795959,1.4927292636388276,0.25131404399871826,0.0011990272365069935,0.6253506381616762,0.0011990272365069935,0.0,-0.0,False,False,17,0.5,100,0.028,0.05,0.034,0.5221514701843262,0.27797597646713257,0,False
236,30.501809122040868,30.44,0.19999999999999574,338,0.5447768125918315,-0.7406528708965326,0.7470999358609981,1.4781527297198016,0.2488599568605423,0.0036584592153471127,0.6290090973770234,0.0036584592153471127,0.0,-0.0,False,False,17,0.5,100,0.068,0.05,0.034,0.5256938934326172,0.21712584793567657,0,False
237,30.601813015993685,30.540000000000003,0.10000000000000142,172,0.5530336265485607,-0.7326815920777194,0.7883037289545279,1.4714519371449697,0.24773181974887848,0.0016817836449806267,0.630690881022004,0.0016817836449806267,0.0,-0.0,False,False,17,0.5,100,0.088,0.05,0.034,0.5226844549179077,0.18073232471942902,0,False
238,30.70191138004884,30.640000000000004,0.10000000000000142,170,0.5609688616407438,-0.7244140853541808,0.8233029659700034,1.4651820033730951,0.2466762214899063,0.0015736454986319062,0.6322645265206359,0.0015736454986319062,0.0,-0.0,False,False,17,0.5,100,0.108,0.05,0.034,0.5261404514312744,0.15362310409545898,0,False
239,30.80227188207209,30.74,0.10000000000000142,169,0.5686862330921785,-0.7158365592621375,0.8531000347720932,1.4592491095193925,0.24567736685276031,0.0014890542781520889,0.633753580798788,0.0014890542781520889,0.0,-0.0,False,False,17,0.5,100,0.128,0.05,0.034,0.5294389128684998,0.12957942485809326,0,False
240,30.902173467213288,30.84,0.10000000000000142,168,0.5762130352823375,-0.7069952118195653,0.8783960899718195,1.4536234282591705,0.24473023414611816,0.0014119492029721118,0.6351655300017601,0.0014119492029721118,0.0,-0.0,False,False,17,0.5,100,0.148,0.05,0.034,0.5312338471412659,0.11529988795518875,0,False
241,31.10217325715348,31.040000000000003,0.19999999999999574,351,0.5906901017144714,-0.6887468123112673,0.9207967854283121,1.4432715764237005,0.24298740923404694,0.0025981367006563,0.6377636667024165,0.0025981367006563,0.0,-0.0,False,False,17,0.5,100,0.188,0.05,0.034,0.5318091511726379,0.09043436497449875,0,False
242,31.201839894987643,31.140000000000004,0.10000000000000142,174,0.5976691809609899,-0.6793972525470299,0.9384342222215369,1.438512392222014,0.24218615889549255,0.0011944733499003074,0.6389581400523168,0.0011944733499003074,0.0,-0.0,False,False,17,0.5,100,0.208,0.05,0.034,0.5319648385047913,0.07989124208688736,0,False
243,31.302127787144855,31.24,0.10000000000000142,174,0.6044986191126156,-0.669923739696416,0.9539975510109014,1.4340064305008657,0.24142754077911377,0.0011309188641354087,0.6400890589164522,0.0011309188641354087,0.0,-0.0,False,False,17,0.5,100,0.228,0.05,0.034,0.532128095626831,0.07017016410827637,0,False
244,31.502212515100837,31.44,0.19999999999999574,338,0.6177679286318105,-0.6506768576749594,0.9795506410866561,1.4256900944317084,0.24002741277217865,0.002087257265626103,0.6421763161820783,0.002087257265626103,0.0,-0.0,False,False,17,0.5,100,0.268,0.05,0.034,0.5326212644577026,0.0544828437268734,0,False
245,31.602868583984673,31.540000000000003,0.10000000000000142,167,0.62423578509415,-0.6409317570611962,0.9902141467906792,1.421849892759008,0.2393808811903,0.0009638245467905346,0.6431401407288688,0.0009638245467905346,0.0,-0.0,False,False,17,0.5,100,0.288,0.05,0.034,0.5330845713615417,0.04824305698275566,0,False
246,31.702064085984603,31.640000000000004,0.10000000000000142,162,0.6306103676944778,-0.6311135254009371,0.9995894762571869,1.4182049405767192,0.23876722157001495,0.0009148202840860915,0.6440549610129549,0.0009148202840860915,0.0,-0.0,False,False,17,0.5,100,0.308,0.05,0.034,0.5330755710601807,0.04145275056362152,0,False
247,31.803459209157154,31.74,0.10000000000000142,167,0.63690224495771,-0.6212349539811743,1.0076071692622244,1.414743289253289,0.23818442225456238,0.0008688149223178348,0.6449237759352727,0.0008688149223178348,0.0,-0.0,False,False,17,0.5,100,0.328,0.05,0.034,0.5337488651275635,0.03497880697250366,0,False
248,31.902446043211967,31.84,0.10000000000000142,159,0.643134893459458,-0.6112878534777799,1.0143529071498798,1.4114460865033787,0.23762930929660797,0.0008275411598042768,0.645751317095077,0.0008275411598042768,0.0,-0.0,False,False,17,0.5,100,0.348,0.05,0.034,0.5354257822036743,0.02919725887477398,0,False
249,32.10316629614681,32.040000000000006,0.19999999999999574,342,0.6554929606684934,-0.5911751879342542,1.0246143942531223,1.40528891241001,0.23659269511699677,0.0015453447594272745,0.6472966618545043,0.0015453447594272745,0.0,-0.0,False,False,17,0.5,100,0.388,0.05,0.034,0.5394101142883301,0.019359583035111427,0,False
250,32.202974282205105,32.14,0.10000000000000142,170,0.6615516390175504,-0.5811569349359254,1.032357583796369,1.4024526613128938,0.23611518740653992,0.0007118502259127392,0.648008512080417,0.0007118502259127392,0.0,-0.0,True,True,18,0.5,100,0.008,0.05,0.036,0.9991936087608337,0.9473761916160583,0,False
251,32.30330992420204,32.239999999999995,0.10000000000000142,171,0.6684251279386106,-0.5680359228549943,1.143317584570197,1.3998873343726903,0.23568329215049744,0.0006438529239461902,0.6486523650043632,0.0006438529239461902,0.0,-0.0,False,False,18,0.5,100,0.028,0.05,0.036,0.9993554949760437,0.9480020403862,0,False
252,32.50302145606838,32.44,0.19999999999999574,340,0.6787567992916986,-0.5282606547860372,1.4997567464077184,1.4029331733180816,0.23619608581066132,-0.0007644531697405504,0.6478879118346227,-0.0007644531697405504,0.0,-0.0,False,False,18,0.5,100,0.068,0.05,0.036,0.9997221231460571,0.9646787643432617,0,False
253,32.60353115713224,32.540000000000006,0.10000000000000142,173,0.6782355794265063,-0.506669669309071,1.6924589836742394,1.4108281209811422,0.23752526938915253,-0.0019814960259453025,0.6459064158086774,-0.0019814960259453025,0.0,-0.0,False,False,18,0.5,100,0.088,0.05,0.036,0.9998042583465576,0.9742807149887085,0,False
254,32.702916987007484,32.64,0.10000000000000142,166,0.6735730220478577,-0.48558224607907124,1.8871158815098774,1.4226855003922698,0.2395215630531311,-0.002975998218608444,0.642930417590069,-0.002975998218608444,0.0,-0.0,False,False,18,0.5,100,0.108,0.05,0.036,0.9998682141304016,0.9853024482727051,0,False
255,32.80322590912692,32.739999999999995,0.10000000000000142,168,0.6649017328681415,-0.4658033872558973,2.083804655215036,1.4380032920094812,0.24210044741630554,-0.00384450214379209,0.6390859154462769,-0.00384450214379209,0.0,-0.0,False,False,18,0.5,100,0.128,0.05,0.036,0.9999399781227112,0.9923887848854065,0,False
256,32.903433753177524,32.84,0.10000000000000142,169,0.6525223585811321,-0.4481072504089266,2.2816480653959808,1.4561186565609305,0.24515032768249512,-0.004546644816304219,0.6345392706299727,-0.004546644816304219,0.0,-0.0,False,False,18,0.5,100,0.148,0.05,0.036,0.9999749660491943,0.9956890344619751,0,False
257,33.10352629213594,33.040000000000006,0.19999999999999574,332,0.6186404982794356,-0.4216578836713857,2.67885615096339,1.4975425264618385,0.2521243989467621,-0.010396678621692716,0.62414259200828,-0.010396678621692716,0.0,-0.0,False,False,18,0.5,100,0.188,0.05,0.036,0.9999957084655762,0.9983601570129395,0,False
258,33.203177210176364,33.14,0.10000000000000142,167,0.5991609260352344,-0.41403961867886974,2.8743843909845177,1.5184529857128333,0.25564485788345337,-0.005248165494548082,0.6188944265137319,-0.005248165494548082,0.0,-0.0,False,False,18,0.5,100,0.208,0.05,0.036,0.8690425753593445,0.5432525277137756,0,False
259,33.303595090983436,33.239999999999995,0.10000000000000142,168,0.580322287410643,-0.4099524301305794,2.9843415759432292,1.5374137823279324,0.2588370740413666,-0.004758833718096035,0.6141355927956359,-0.004758833718096035,0.0,-0.0,False,False,18,0.5,100,0.228,0.05,0.036,0.8696186542510986,0.5513824820518494,0,False
260,33.40444245818071,33.34,0.10099999999999909,170,0.5616593025247243,-0.40808279955867155,3.0969529931500306,1.5553746112446316,0.2618609368801117,-0.004507859030863617,0.6096277337647723,-0.004507859030863617,0.0,-0.0,False,False,18,0.5,100,0.248,0.05,0.036,0.8653228878974915,0.563319742679596,0,False
261,33.50445916317403,33.44,0.10000000000000142,172,0.5428596886774464,-0.4082897340101649,-3.072519313140908,1.5726980027950823,0.2647774815559387,-0.004347873219441417,0.6052798605453309,-0.004347873219441417,0.0,-0.0,False,False,18,0.5,100,0.268,0.05,0.036,0.8633599877357483,0.5705313682556152,0,False
262,33.60636196099222,33.540000000000006,0.10099999999999909,174,0.5245503795689488,-0.41057374698166405,-2.954844197995646,1.588828124341123,0.2674931287765503,-0.004048382979286813,0.6012314775660441,-0.004048382979286813,0.0,-0.0,False,False,18,0.5,100,0.288,0.05,0.036,0.863583505153656,0.5766492486000061,0,False
263,33.70598809910007,33.64,0.10000000000000142,173,0.5065695528409935,-0.41510571508043925,-2.8353212429576584,1.6038814529132983,0.2700274884700775,-0.003778126469739129,0.597453351096305,-0.003778126469739129,0.0,-0.0,False,False,18,0.5,100,0.308,0.05,0.036,0.8678624033927917,0.6028403639793396,0,False
264,33.90581516106613,33.84,0.19999999999999574,340,0.4723694398155528,-0.4306452285027965,-2.5913686579693977,1.6302822641086314,0.27447229623794556,-0.006626149367658408,0.5908272017286467,-0.006626149367658408,0.0,-0.0,False,False,18,0.5,100,0.348,0.05,0.036,0.8576712012290955,0.6243506669998169,0,False
265,34.00643651117571,33.94,0.10000000000000142,173,0.45712406234324526,-0.44134355628727845,-2.4662178489589937,1.6409030929166128,0.2762604057788849,-0.0026656452928406475,0.588161556435806,-0.0026656452928406475,0.0,-0.0,False,False,18,0.5,100,0.368,0.05,0.036,0.8569910526275635,0.6376093029975891,0,False
266,34.106009538983926,34.040000000000006,0.10000000000000142,167,0.4433605727761745,-0.45386753752026393,-2.3382334284438597,1.6496627674705717,0.27773517370224,-0.00219852759739702,0.585963028838409,-0.00219852759739702,0.0,-0.0,False,False,18,0.5,100,0.388,0.05,0.036,0.8678882718086243,0.662084698677063,0,False
267,34.20638922112994,34.14,0.10000000000000142,171,0.43113067214057815,-0.46832031275029606,-2.207501716816449,1.6565126081604773,0.27888840436935425,-0.0017191921573986306,0.5842438366810103,-0.0017191921573986306,0.0,-0.0,True,True,19,0.5,100,0.008,0.05,0.038,0.871336817741394,0.44782134890556335,0,False
268,34.406624019145966,34.34,0.19999999999999574,344,0.411228783562508,-0.5004650345680155,-2.0357865230787318,1.6654516006961104,0.2803933620452881,-0.0022435333255198995,0.5820003033554905,-0.0022435333255198995,0.0,-0.0,False,False,19,0.5,100,0.048,0.05,0.038,0.8604975938796997,0.45337820053100586,0,False
269,34.506505815079436,34.44,0.10000000000000142,172,0.4036119640194838,-0.5175719166790266,-1.9443380757058955,1.6676905087239668,0.28077030181884766,-0.0005619273931873967,0.5814383759623031,-0.0005619273931873967,0.0,-0.0,False,False,19,0.5,100,0.068,0.05,0.038,0.8553428053855896,0.45235776901245117,0,False
270,34.60630235215649,34.540000000000006,0.10000000000000142,168,0.39760492597141456,-0.5351889488362974,-1.8535175944000972,1.6684481404727987,0.280897855758667,-0.00019015253343152038,0.5812482234288715,-0.00019015253343152038,0.0,-0.0,False,False,19,0.5,100,0.088,0.05,0.038,0.8492224216461182,0.4517606198787689,0,False
271,34.70714787999168,34.64,0.10000000000000142,179,0.39324029207269323,-0.5531562250568923,-1.7633367276368017,1.6677368871160683,0.28077811002731323,0.00017851235498313376,0.5814267357838546,0.00017851235498313376,0.0,-0.0,False,False,19,0.5,100,0.108,0.05,0.038,0.8441258072853088,0.4779203236103058,0,False
272,34.90665301401168,34.84,0.19999999999999574,334,0.3898089444585787,-0.5894567838943292,-1.5551532249866595,1.6617041558076129,0.2797624468803406,0.0015141117615295446,0.5829408475453841,0.0015141117615295446,0.0,-0.0,False,False,19,0.5,100,0.148,0.05,0.038,0.8250942826271057,0.6137343645095825,0,False
273,35.00641024205834,34.94,0.10000000000000142,174,0.3911628993400104,-0.6072593997210961,-1.4298766959770388,1.6560803332234102,0.2788156270980835,0.0014114827072709397,0.5843523302526551,0.0014114827072709397,0.0,-0.0,False,False,19,0.5,100,0.168,0.05,0.038,0.8135185241699219,0.677145779132843,0,False
274,35.106501046102494,35.040000000000006,0.10000000000000142,177,0.3947985400841455,-0.6245277702337935,-1.294489098357609,1.6485300371993625,0.27754446864128113,0.0018949943944987933,0.5862473246471539,0.0018949943944987933,0.0,-0.0,False,False,19,0.5,100,0.188,0.05,0.038,0.8161762356758118,0.6687211990356445,0,False
275,35.206928057130426,35.14,0.10000000000000142,181,0.4007350694031978,-0.6412143615908814,-1.1613271127503477,1.6390166252653744,0.2759428024291992,0.002387702711264137,0.588635027358418,0.002387702711264137,0.0,-0.0,False,False,19,0.5,100,0.208,0.05,0.038,0.8204866051673889,0.6620063781738281,0,False
276,35.407026667147875,35.34,0.19999999999999574,350,0.4189945775908925,-0.6719225694610806,-0.9177074276942639,1.6146865561723391,0.27184662222862244,0.006106428728386914,0.594741456086805,0.006106428728386914,0.0,-0.0,False,False,19,0.5,100,0.248,0.05,0.038,0.8317365050315857,0.48855724930763245,0,False
277,35.507078192196786,35.44,0.10000000000000142,176,0.4306903433423421,-0.6857971306474728,-0.8214840194967158,1.6004549394174716,0.2694506049156189,0.0035718909416575712,0.5983133470284625,0.0035718909416575712,0.0,-0.0,False,False,19,0.5,100,0.268,0.05,0.038,0.8387768864631653,0.4763084948062897,0,False
278,35.60672472999431,35.540000000000006,0.10000000000000142,173,0.44378209890871934,-0.6986047899838861,-0.7269476813994786,1.5851350235990953,0.2668713629245758,0.0038450352817362946,0.6021583823101988,0.0038450352817362946,0.0,-0.0,False,False,19,0.5,100,0.288,0.05,0.038,0.8497547507286072,0.45337170362472534,0,False
279,35.707055582199246,35.64,0.10000000000000142,180,0.4582035575836615,-0.7103161942385846,-0.6374979466897601,1.5687744262266576,0.26411691308021545,0.0041062284462325535,0.6062646107564313,0.0041062284462325535,0.0,-0.0,False,False,19,0.5,100,0.308,0.05,0.038,0.8608850836753845,0.4193364381790161,0,False
280,35.9072293411009,35.84,0.19999999999999574,355,0.4902314503962596,-0.7302394608358426,-0.479096389362682,1.533679259663188,0.25820833444595337,0.008808282973271202,0.6150728937297025,0.008808282973271202,0.0,-0.0,False,False,19,0.5,100,0.348,0.05,0.038,0.8716282844543457,0.3544785678386688,0,False
281,36.00732465600595,35.94,0.10000000000000142,174,0.5074466853521858,-0.7384309500968957,-0.40946786332982854,1.5152999631169939,0.25511401891708374,0.004612887205871116,0.6196857809355737,0.004612887205871116,0.0,-0.0,False,False,19,0.5,100,0.368,0.05,0.038,0.8765353560447693,0.3246877193450928,0,False
282,36.10713551216759,36.040000000000006,0.10000000000000142,176,0.525286984367137,-0.7455022067290347,-0.34587177952548304,1.4965117578465468,0.25195086002349854,0.004715516260129776,0.6244012971957035,0.004715516260129776,0.0,-0.0,False,False,19,0.5,100,0.388,0.05,0.038,0.8908845782279968,0.2701520621776581,0,False
283,36.20751723414287,36.14,0.10000000000000142,173,0.5437633260141496,-0.7516072215343431,-0.29367229458464444,1.4772691505435647,0.24871119856834412,0.004829563352026585,0.62923086054773,0.004829563352026585,0.0,-0.0,True,True,20,0.5,100,0.008,0.05,0.04,0.1994985044002533,-0.9999962449073792,0,False
284,36.40753008518368,36.34,0.19999999999999574,349,0.5750191500005406,-0.7613953274480915,-0.37404951580411255,1.4448192339891297,0.24324797093868256,0.008144370734174495,0.6373752312819045,0.008144370734174495,0.0,-0.0,False,False,20,0.5,100,0.048,0.05,0.04,0.1761057823896408,-0.9999966025352478,0,False
285,36.50758048007265,36.44,0.10000000000000142,176,0.5832668398640991,-0.7651743717100651,-0.5106416718176077,1.4360626572285364,0.24177372455596924,0.0021977501045617144,0.6395729813864662,0.0021977501045617144,0.0,-0.0,False,False,20,0.5,100,0.068,0.05,0.04,0.15223173797130585,-0.9999962449073792,0,False
286,36.60772475413978,36.540000000000006,0.10000000000000142,178,0.5868740774017657,-0.7675579850726323,-0.7038839706363471,1.432115271905388,0.24110914766788483,0.0009907257988916497,0.6405637071853579,0.0009907257988916497,0.0,-0.0,False,False,20,0.5,100,0.088,0.05,0.04,0.1296193152666092,-0.9999939799308777,0,False
287,36.70831734407693,36.64,0.10000000000000142,175,0.5891258756144374,-0.7698443058862088,-0.9026840588987777,1.4295234809590045,0.24067279696464539,0.0006504949341676921,0.6412142021195256,0.0006504949341676921,0.0,-0.0,False,False,20,0.5,100,0.108,0.05,0.04,0.1257193386554718,-0.9999883770942688,0,False
288,36.90790946804918,36.84,0.19999999999999574,339,0.5920664386087616,-0.7756035997989595,-1.301958383797656,1.4257035477057531,0.24002967774868011,0.0009587375222395879,0.6421729396417653,0.0009587375222395879,0.0,-0.0,False,False,20,0.5,100,0.148,0.05,0.04,0.15194837749004364,-0.9999532103538513,0,False
289,37.008035151986405,36.94,0.10000000000000142,178,0.5927316157631295,-0.779413982249707,-1.5015041041571493,1.424451685152543,0.23981891572475433,0.0003141959617822099,0.6424871356035474,0.0003141959617822099,0.0,-0.0,False,False,20,0.5,100,0.168,0.05,0.04,0.20591577887535095,-0.9999302625656128,0,False
290,37.1077588100452,37.040000000000006,0.10000000000000142,176,0.5925772044619501,-0.7846233763505902,-1.7009986665968113,1.4238069015905992,0.23971036076545715,0.00016182958014585936,0.6426489651836933,0.00016182958014585936,0.0,-0.0,False,False,20,0.5,100,0.188,0.05,0.04,0.2821437120437622,-0.9998735189437866,0,False
291,37.207897034008056,37.14,0.10000000000000142,177,0.5910776118245888,-0.7911040955409426,-1.9004473302450169,1.424324321591028,0.2397974729537964,-0.0001298635175748271,0.6425191016661185,-0.0001298635175748271,0.0,-0.0,False,False,20,0.5,100,0.208,0.05,0.04,0.31048017740249634,-0.999721348285675,0,False
292,37.40837611001916,37.34,0.19999999999999574,349,0.5833985787579851,-0.8041937316312047,-2.2992778898093214,1.4300698432003058,0.240764781832695,-0.001442027068657426,0.641077074597461,-0.001442027068657426,0.0,-0.0,False,False,20,0.5,100,0.248,0.05,0.04,0.36974549293518066,-0.9988846778869629,0,False
293,37.508361276006326,37.44,0.10000000000000142,176,0.5769519384833672,-0.810124023420414,-2.4984973926976233,1.4356596785658693,0.24170587956905365,-0.0014029525001637195,0.6396741220972972,-0.0014029525001637195,0.0,-0.0,False,False,20,0.5,100,0.268,0.05,0.04,0.43062272667884827,-0.9982683658599854,0,False
294,37.60893174610101,37.540000000000006,0.10000000000000142,174,0.5683078038245638,-0.815354262006126,-2.6975973623206473,1.4435500237930725,0.24303428828716278,-0.0019803408937328864,0.6376937812035643,-0.0019803408937328864,0.0,-0.0,False,False,20,0.5,100,0.288,0.05,0.04,0.4874117076396942,-0.9978938698768616,0,False
295,37.708393027074635,37.64,0.10000000000000142,175,0.5576862820488611,-0.8191751122546499,-2.8966043745046193,1.4536046644822134,0.24472707509994507,-0.002523541816630252,0.6351702393869341,-0.002523541816630252,0.0,-0.0,False,False,20,0.5,100,0.308,0.05,0.04,0.5356455445289612,-0.997365415096283,0,False
296,37.908212709007785,37.84,0.19999999999999574,336,0.5319921239927339,-0.8202656840435336,2.9890406335584596,1.47896975059287,0.2489975094795227,-0.006366200191698626,0.6288040391952354,-0.006366200191698626,0.0,-0.0,False,False,20,0.5,100,0.348,0.05,0.04,0.4888880252838135,-0.9106298089027405,0,False
297,38.00950767309405,37.94,0.10099999999999909,168,0.5253229986749846,-0.8186540869854786,2.7941396551825495,1.4857856040641366,0.2501450181007385,-0.0017106619502914662,0.627093377244944,-0.0017106619502914662,0.0,-0.0,False,False,20,0.5,100,0.368,0.05,0.04,0.4628046452999115,-0.9518917798995972,0,False
298,38.109149942174554,38.040000000000006,0.10000000000000142,166,0.5159766602843093,-0.8142367924728073,2.6023653468200245,1.4956047239491137,0.251798152923584,-0.002464430147067004,0.624628947097877,-0.002464430147067004,0.0,-0.0,False,False,20,0.5,100,0.388,0.05,0.04,0.44564807415008545,-0.9784166216850281,0,False
299,38.20922681619413,38.14,0.10000000000000142,171,0.507848163979479,-0.8082663414066127,2.4075152545026706,1.5044198047501247,0.25328224897384644,-0.002212433612108179,0.6224165134857688,-0.002212433612108179,0.0,-0.0,True,True,21,0.5,100,0.008,0.05,0.042,1.0,-0.0330500602722168,0,False
300,38.310318902134895,38.260000000000005,0.10099999999999909,174,0.4971473374532779,-0.7968569913803446,2.2618315124520443,1.5142061765338088,0.25492987036705017,-0.002456210937093917,0.6199603025486748,-0.002456210937093917,0.0,-0.0,False,False,21,0.5,100,0.028,0.05,0.042,1.0,-0.05250963568687439,0,False
301,38.41118110017851,38.36,0.10099999999999909,172,0.48580076932225297,-0.7821627892450922,2.207205648661996,1.5297882541792927,0.25755324959754944,-0.003910833389683048,0.6160494691589918,-0.003910833389683048,0.0,-0.0,False,False,21,0.5,100,0.048,0.05,0.042,1.0,-0.06365469843149185,0,False
302,38.51185441901907,38.46000000000001,0.10000000000000142,176,0.472890556226729,-0.7644445993968113,2.195644965265199,1.5451697718314525,0.26014286279678345,-0.0038604962821181207,0.6121889728768737,-0.0038604962821181207,0.0,-0.0,False,False,21,0.5,100,0.068,0.05,0.042,1.0,-0.06438829749822617,0,False
303,38.61162832705304,38.56,0.10000000000000142,167,0.46014498422880246,-0.7464837737587596,2.182105111359811,1.5605845686351967,0.26273807883262634,-0.0038688487765772724,0.6083201241002965,-0.0038688487765772724,0.0,-0.0,False,False,21,0.5,100,0.092,0.05,0.042,1.0,-0.06542470306158066,0,False
304,38.711608972167596,38.66,0.10000000000000142,167,0.44763051091173367,-0.7283580131153807,2.168556031223063,1.5759570584324054,0.2653261721134186,-0.0038582304458552367,0.6044618936544413,-0.0038582304458552367,0.0,-0.0,False,False,21,0.5,100,0.112,0.05,0.042,1.0,-0.06630919873714447,0,False
305,38.912089669145644,38.86,0.19999999999999574,336,0.42332509734045076,-0.6916087266079278,2.1417775707799613,1.6065519278111666,0.2704770863056183,-0.007678785810320339,0.5967831078441209,-0.007678785810320339,0.0,-0.0,False,False,21,0.5,100,0.148,0.05,0.042,1.0,-0.06852076947689056,0,False
306,39.012364502064884,38.96000000000001,0.10000000000000142,167,0.4115460480968578,-0.6729875435771068,2.128087147960526,1.6217654565545319,0.27303841710090637,-0.003818333956364277,0.5929647738877566,-0.003818333956364277,0.0,-0.0,False,False,21,0.5,100,0.168,0.05,0.042,1.0,-0.06961134821176529,0,False
307,39.11245914711617,39.06,0.10000000000000142,169,0.40002826511513345,-0.6542087746811833,2.1141482608264224,1.6369120729612012,0.2755884826183319,-0.003801540111121967,0.5891632337766346,-0.003801540111121967,0.0,-0.0,False,False,21,0.5,100,0.188,0.05,0.042,1.0,-0.0707499086856842,0,False
308,39.21258074208163,39.16,0.10000000000000142,170,0.3887769990582128,-0.6352772143440276,2.099989071833948,1.6519873516120809,0.2781265377998352,-0.0037836355618291887,0.5853795982148055,-0.0037836355618291887,0.0,-0.0,False,False,21,0.5,100,0.208,0.05,0.042,1.0,-0.07193125039339066,0,False
309,39.41314899805002,39.36,0.19999999999999574,336,0.36709478781485394,-0.5969413030098336,2.070915803896287,1.6819143367412295,0.28316500782966614,-0.0075111583550313155,0.5778684398597741,-0.0075111583550313155,0.0,-0.0,False,False,21,0.5,100,0.252,0.05,0.042,1.0,-0.07443345338106155,0,False
310,39.51284599606879,39.46000000000001,0.10000000000000142,166,0.35667522313060424,-0.5775343375199181,2.0559904966521505,1.6967596706160035,0.2856643497943878,-0.0037259233793695127,0.5741425164804046,-0.0037259233793695127,0.0,-0.0,False,False,21,0.5,100,0.268,0.05,0.042,1.0,-0.0757543072104454,0,False
311,39.61260001407936,39.56,0.10000000000000142,172,0.34654589218247517,-0.5579700980089547,2.0408041688332608,1.7115200364441794,0.2881493866443634,-0.0037045978616014343,0.5704379186188031,-0.0037045978616014343,0.0,-0.0,False,False,21,0.5,100,0.288,0.05,0.042,1.0,-0.07712087780237198,0,False
312,39.713400701992214,39.66,0.10000000000000142,177,0.336714612050567,-0.5382503672940903,2.025353510947337,1.7261897696893176,0.2906191647052765,-0.003681850642648922,0.5667560679761542,-0.003681850642648922,0.0,-0.0,False,False,21,0.5,100,0.312,0.05,0.042,1.0,-0.07853318750858307,0,False
313,39.913457493064925,39.86,0.19999999999999574,338,0.31798657584802537,-0.49836695994175384,1.993587357445044,1.7552221120944953,0.29550701379776,-0.0072866184241988955,0.5594694495519553,-0.0072866184241988955,0.0,-0.0,False,False,21,0.5,100,0.352,0.05,0.042,1.0,-0.08149842172861099,0,False
314,40.01319094118662,39.96000000000001,0.10000000000000142,170,0.3091077434248825,-0.47820945368354667,1.9772372805358833,1.7695710909637261,0.2979227900505066,-0.0036013468130746185,0.5558681027388807,-0.0036013468130746185,0.0,-0.0,False,False,21,0.5,100,0.372,0.05,0.042,1.0,-0.08303457498550415,0,False
315,40.112956539029256,40.06,0.10000000000000142,174,0.30056161430843964,-0.4579071805066791,1.960583530831945,1.7838035928024123,0.30031895637512207,-0.0035721130824676425,0.552295989656413,-0.0035721130824676425,0.0,-0.0,False,False,21,0.5,100,0.388,0.05,0.042,1.0,-0.08461833000183105,0,False
316,40.213420880027115,40.16,0.10000000000000142,173,0.2924385002805288,-0.437612102736713,1.9354284356083218,1.7977893332724368,0.3026735782623291,-0.003510180224616332,0.5487858094317967,-0.003510180224616332,0.0,-0.0,True,True,22,0.5,100,0.012,0.05,0.044,0.9999740123748779,-0.901168167591095,0,False
317,40.41353586013429,40.36,0.19999999999999574,345,0.2830595742702499,-0.3946050574790922,1.6063166551346488,1.8205459003525362,0.30650484561920166,-0.005711506796220385,0.5430743026355763,-0.005711506796220385,0.0,-0.0,False,False,22,0.5,100,0.052,0.05,0.044,0.9999933242797852,-0.9356358051300049,0,False
318,40.51328932819888,40.46000000000001,0.10000000000000142,175,0.2843452616950813,-0.372314718801643,1.4165240819516578,1.8268715944049907,0.30756983160972595,-0.0015876403696671831,0.5414866622659091,-0.0015876403696671831,0.0,-0.0,False,False,22,0.5,100,0.068,0.05,0.044,0.9999973773956299,-0.9748581051826477,0,False
319,40.613877329044044,40.56,0.10000000000000142,169,0.2898867667086089,-0.3506750443824335,1.2198112249510487,1.8292376004692166,0.3079681694507599,-0.0005938268135153964,0.5408928354523937,-0.0005938268135153964,0.0,-0.0,False,False,22,0.5,100,0.092,0.05,0.044,0.9999973177909851,-0.9800419807434082,0,False
320,40.713420188985765,40.66,0.10000000000000142,162,0.2995401653217204,-0.3305329217120598,1.025535651011256,1.8274982337486507,0.3076753318309784,0.0004365511199762232,0.54132938657237,0.0004365511199762232,0.0,-0.0,False,False,22,0.5,100,0.108,0.05,0.044,0.9999934434890747,-0.9481828808784485,0,False
321,40.91359250899404,40.86,0.19999999999999574,328,0.32916287810458383,-0.297398499048954,0.6583730225579253,1.8125521773353053,0.3051590323448181,0.00375120300355704,0.545080589575927,0.00375120300355704,0.0,-0.0,False,False,22,0.5,100,0.148,0.05,0.044,0.9998213052749634,-0.8671597838401794,0,False
322,41.01503901113756,40.96000000000001,0.10099999999999909,175,0.34711614334700136,-0.2856646518251505,0.47705709177357847,1.8006387721184522,0.30315330624580383,0.0029900597318866977,0.5480706493078137,0.0029900597318866977,0.0,-0.0,False,False,22,0.5,100,0.172,0.05,0.044,0.999174952507019,-0.7763080596923828,0,False
323,41.11513848602772,41.06,0.10000000000000142,171,0.3668519145124762,-0.2774051217873204,0.3172674201138728,1.7858656610832866,0.30066612362861633,0.003707796689266663,0.5517784459970804,0.003707796689266663,0.0,-0.0,False,False,22,0.5,100,0.192,0.05,0.044,0.9962091445922852,-0.6113282442092896,0,False
324,41.21525484113954,41.16,0.10000000000000142,170,0.38757376398246735,-0.2720095187846135,0.19383364529794112,1.7691490829989562,0.2978517413139343,0.004195573480048154,0.5559740194771285,0.004195573480048154,0.0,-0.0,False,False,22,0.5,100,0.212,0.05,0.044,0.9725214242935181,-0.4386628270149231,0,False
325,41.315113068092614,41.260000000000005,0.10000000000000142,170,0.4083719167772051,-0.26927660742816767,0.04838970107386789,1.7513528796725404,0.29485559463500977,0.0044665408401881115,0.5604405603173167,0.0044665408401881115,0.0,-0.0,False,False,22,0.5,100,0.232,0.05,0.044,0.8129173517227173,0.20565001666545868,0,False
326,41.515038680052385,41.46000000000001,0.19999999999999574,344,0.44814557334408767,-0.26795292885536504,0.07058252499223926,1.7158511056027468,0.28887856006622314,0.008910334461423598,0.5693508947787403,0.008910334461423598,0.0,-0.0,False,False,22,0.5,100,0.272,0.05,0.044,0.8338024616241455,0.1090877577662468,0,False
327,41.61550996219739,41.56,0.10000000000000142,172,0.4667925858616791,-0.26642124903044634,0.083939075516488,1.69966540079289,0.28615355491638184,0.0040623334221600305,0.5734132282009003,0.0040623334221600305,0.0,-0.0,False,False,22,0.5,100,0.292,0.05,0.044,0.8881722092628479,-0.034092359244823456,0,False
328,41.715537117095664,41.66,0.10000000000000142,174,0.48619987934621395,-0.2648804186469198,0.07749012072826887,1.6828521715555544,0.28332290053367615,0.004219831256509275,0.5776330594574096,0.004219831256509275,0.0,-0.0,False,False,22,0.5,100,0.312,0.05,0.044,0.8943601250648499,-0.04045479744672775,0,False
329,41.815475944196805,41.760000000000005,0.10000000000000142,174,0.505872643029123,-0.26344754890388844,0.06760823213776261,1.6658109447265144,0.2804538607597351,0.004277054729186805,0.5819101141865964,0.004277054729186805,0.0,-0.0,False,False,22,0.5,100,0.332,0.05,0.044,0.8970016837120056,-0.03772522509098053,0,False
330,42.0155838241335,41.96000000000001,0.19999999999999574,337,0.5454703047764508,-0.2610805048416265,0.05134458390622426,1.6314590715540132,0.27467042207717896,0.008621729120963048,0.5905318433075595,0.008621729120963048,0.0,-0.0,False,False,22,0.5,100,0.372,0.05,0.044,0.9059395790100098,-0.045235201716423035,0,False
331,42.11550492118113,42.06,0.10000000000000142,175,0.5654128597749223,-0.26014770946648674,0.04206568829341601,1.61413178563476,0.2717532217502594,0.00434885063900582,0.5948806939465653,0.00434885063900582,0.0,-0.0,False,False,22,0.5,100,0.392,0.05,0.044,0.9084935188293457,-0.04313141852617264,0,False
332,42.216127541149035,42.16,0.10099999999999909,170,0.5850665178481201,-0.2593793877783183,0.04355921020032389,1.597045950581256,0.26887667179107666,0.004288250626014994,0.5991689445725803,0.004288250626014994,0.0,-0.0,True,True,23,0.5,100,0.012,0.05,0.046,0.9844867587089539,0.8619782328605652,0,False
333,42.31740876613185,42.260000000000005,0.10099999999999909,174,0.6042009426678685,-0.25751706482285186,0.16833799011161985,1.5809921232603896,0.2661738693714142,0.004029234441457612,0.6031981790140379,0.004029234441457612,0.0,-0.0,False,False,23,0.5,100,0.032,0.05,0.046,0.9817442297935486,0.8899428248405457,0,False
334,42.41844969219528,42.36,0.10099999999999909,175,0.6246880226467781,-0.2521342231208424,0.3491677010482685,1.5654987310135424,0.26356542110443115,0.0038885748805126807,0.6070867538945506,0.0038885748805126807,0.0,-0.0,False,False,23,0.5,100,0.052,0.05,0.046,0.9851713180541992,0.9023611545562744,0,False
335,42.51915573212318,42.46000000000001,0.10000000000000142,172,0.6439840854423643,-0.24311623881409625,0.5288192817765999,1.5529494815813147,0.26145264506340027,0.0031496456898507026,0.6102363995844012,0.0031496456898507026,0.0,-0.0,False,False,23,0.5,100,0.072,0.05,0.046,0.9871946573257446,0.8802478313446045,0,False
336,42.61884179105982,42.56,0.10000000000000142,174,0.6614282663577321,-0.23080422637097328,0.7008681755426543,1.543838251734557,0.2599186897277832,0.0022867619271621526,0.6125231615115634,0.0022867619271621526,0.0,-0.0,False,False,23,0.5,100,0.092,0.05,0.046,0.9855517148971558,0.7227383852005005,0,False
337,42.71811580308713,42.66,0.10000000000000142,171,0.6766219059076446,-0.2160099809784455,0.8431534651611537,1.5381708830264729,0.25896453857421875,0.0014224120351270532,0.6139455735466904,0.0014224120351270532,0.0,-0.0,False,False,23,0.5,100,0.112,0.05,0.046,0.8720661997795105,-0.3521701991558075,0,False
338,42.819481746992096,42.760000000000005,0.10099999999999909,176,0.6899514009196195,-0.1996296338756484,0.9037908079783441,1.5351938150937967,0.2584633231163025,0.0007471928287970682,0.6146927663754875,0.0007471928287970682,0.0,-0.0,False,False,23,0.5,100,0.132,0.05,0.046,0.7533218860626221,-0.8536370992660522,0,False
339,42.9204089040868,42.86,0.10099999999999909,176,0.7034030574804994,-0.18324892556869862,0.8400202591298277,1.5323987203942513,0.2579927444458008,0.0007015206782438628,0.6153942870537314,0.0007015206782438628,0.0,-0.0,False,False,23,0.5,100,0.152,0.05,0.046,0.8234307169914246,-0.5638219118118286,0,False
340,43.02011794317514,42.96000000000001,0.10000000000000142,172,0.7169226726622789,-0.1697893162522331,0.7446671234627129,1.528246438167067,0.2572936713695526,0.0010421513964260158,0.6164364384501575,0.0010421513964260158,0.0,-0.0,False,False,23,0.5,100,0.172,0.05,0.046,0.9690189957618713,0.3233131170272827,0,False
341,43.12153885606676,43.06,0.10099999999999909,176,0.7313125532836698,-0.1563939271517782,0.7708067484149251,1.5235613354810082,0.2565048933029175,0.0011758801640962854,0.6176123186142538,0.0011758801640962854,0.0,-0.0,False,False,23,0.5,100,0.192,0.05,0.046,0.8616177439689636,-0.3524400293827057,0,False
342,43.222370335133746,43.16,0.10099999999999909,179,0.7463885280025921,-0.1416682217719214,0.7473213672409214,1.5193008960111754,0.25578761100769043,0.0010692970034182315,0.618681615617672,0.0010692970034182315,0.0,-0.0,False,False,23,0.5,100,0.212,0.05,0.046,0.8724239468574524,-0.2967941462993622,0,False
343,43.32211465318687,43.260000000000005,0.10000000000000142,171,0.7610166822617163,-0.12891474826164498,0.7071572739305677,1.5145524213236954,0.2549881637096405,0.0011917854460983099,0.6198734010637703,0.0011917854460983099,0.0,-0.0,False,False,23,0.5,100,0.232,0.05,0.046,0.9691250920295715,0.3096475601196289,0,False
344,43.422213558107615,43.36,0.09999999999999432,173,0.776220109749668,-0.11530091199322777,0.7405425772253222,1.5100760214020927,0.25423452258110046,0.0011234993610786013,0.6209969004248489,0.0011234993610786013,0.0,-0.0,False,False,23,0.5,100,0.252,0.05,0.046,0.8512515425682068,-0.4178909361362457,0,False
345,43.52254105103202,43.46000000000001,0.10000000000000853,170,0.791366617737501,-0.10238034864437145,0.6729901175459555,1.5054951815898803,0.2534632980823517,0.001149711976668417,0.6221466124015174,0.001149711976668417,0.0,-0.0,False,False,23,0.5,100,0.272,0.05,0.046,0.9696183204650879,0.3210738003253937,0,False
346,43.623495479114354,43.56,0.10099999999999909,177,0.806906658112585,-0.0897266204206037,0.7072224189164275,1.5006897075044743,0.2526542544364929,0.0012060913142676645,0.623352703715785,0.0012060913142676645,0.0,-0.0,False,False,23,0.5,100,0.292,0.05,0.046,0.8580474257469177,-0.38426846265792847,0,False
347,43.72411134908907,43.66000000000001,0.10099999999999909,174,0.822645776447429,-0.07661803698099219,0.6593764216640502,1.4962611021090828,0.25190865993499756,0.0011115037573341338,0.6244642074731191,0.0011115037573341338,0.0,-0.0,False,False,23,0.5,100,0.312,0.05,0.046,0.9141468405723572,-0.12522044777870178,0,False
348,43.82440903200768,43.760000000000005,0.09999999999999432,173,0.8384421180896366,-0.06472907810495972,0.654059895755018,1.4912908254166295,0.25107187032699585,0.0012474539331052289,0.6257116614062244,0.0012474539331052289,0.0,-0.0,False,False,23,0.5,100,0.332,0.05,0.046,0.9142041802406311,-0.14649458229541779,0,False
349,43.92553191911429,43.86,0.10099999999999909,177,0.8549793172674184,-0.05174657934406778,0.6475505024956808,1.486693346028625,0.2502978444099426,0.0011538882238979929,0.6268655496301223,0.0011538882238979929,0.0,-0.0,False,False,23,0.5,100,0.352,0.05,0.046,0.8797850608825684,-0.271814227104187,0,False
350,44.02611615904607,43.96000000000001,0.10099999999999909,175,0.8710261544377335,-0.040327842260030125,0.6107357841530817,1.4817397089119637,0.24946385622024536,0.0012432776858756528,0.6281088273159979,0.0012432776858756528,0.0,-0.0,False,False,23,0.5,100,0.372,0.05,0.046,0.9615204334259033,0.1917334347963333,0,False
351,44.12621879414655,44.06,0.10000000000000853,164,0.8878901715797928,-0.028050929194677093,0.6291050131180742,1.4769811442689502,0.24866271018981934,0.0011943178513332685,0.6293031451673312,0.0011943178513332685,0.0,-0.0,False,False,23,0.5,100,0.392,0.05,0.046,0.8685536980628967,-0.3383694589138031,0,False
352,44.22624871018343,44.16000000000001,0.09999999999999432,174,0.9043091431769713,-0.016971566859263022,0.5610261626359883,1.472033791247402,0.24782977998256683,0.001241700486124068,0.6305448456534553,0.001241700486124068,0.0,-0.0,True,True,24,0.5,100,0.012,0.05,0.048,1.0,-0.6362994909286499,0,False
353,44.32745187613182,44.260000000000005,0.10099999999999909,173,0.9235097102877078,-0.006567912784942816,0.42978533084617626,1.464833988415571,0.2466176301240921,0.0018070266337056795,0.6323518722871609,0.0018070266337056795,0.0,-0.0,False,False,24,0.5,100,0.032,0.05,0.048,1.0,-0.6202715635299683,0,False
354,44.42716590408236,44.36,0.10000000000000853,170,0.9442055151436001,0.001503403655189876,0.30732139622205346,1.4552356969433666,0.2450016736984253,0.0024090060149511857,0.6347608783021121,0.0024090060149511857,0.0,-0.0,False,False,24,0.5,100,0.052,0.05,0.048,1.0,-0.6025979518890381,0,False
355,44.52838386921212,44.46000000000001,0.10099999999999909,173,0.9657235015143324,0.0069878709358318835,0.18911949154678862,1.4435208160270545,0.2430293709039688,0.0029402335481849462,0.6377011118502971,0.0029402335481849462,0.0,-0.0,False,False,24,0.5,100,0.072,0.05,0.048,0.9999999403953552,-0.5755494236946106,0,False
356,44.62847346509807,44.56,0.09999999999999432,175,0.9877279824617127,0.009922126666951699,0.0755462072538044,1.4299081383866241,0.24073755741119385,0.003416547873166119,0.6411176597234632,0.003416547873166119,0.0,-0.0,False,False,24,0.5,100,0.092,0.05,0.048,0.9999998211860657,-0.5474889874458313,0,False
357,44.72933676303364,44.66000000000001,0.10000000000000853,167,1.0099166210106796,0.010403902657806186,-0.03328626782916229,1.4146310606250743,0.23816552758216858,0.0038342836665282492,0.6449519433899915,0.0038342836665282492,0.0,-0.0,False,False,24,0.5,100,0.112,0.05,0.048,0.9999995231628418,-0.524698793888092,0,False
358,44.83025236101821,44.760000000000005,0.09999999999999432,171,1.0320239659228092,0.008524427736675746,-0.13667895230685204,1.3978909393111656,0.235347181558609,0.00420148242559641,0.6491534258155879,0.00420148242559641,0.0,-0.0,False,False,24,0.5,100,0.132,0.05,0.048,0.9999963641166687,-0.47633489966392517,0,False
359,44.93106663017534,44.86,0.10099999999999909,174,1.0538236130757912,0.004484811464466085,-0.22917287102285933,1.3799418820092555,0.23232530057430267,0.004504904558089489,0.6536583303736774,0.004504904558089489,0.0,-0.0,False,False,24,0.5,100,0.152,0.05,0.048,0.9999749064445496,-0.4023703634738922,0,False
360,45.03104463615455,44.96000000000001,0.09999999999999432,173,1.0747893243450528,-0.0013136269764524474,-0.3121979062285331,1.3613923838447197,0.22920233011245728,0.004655604883650193,0.6583139352573276,0.004655604883650193,0.0,-0.0,False,False,24,0.5,100,0.172,0.05,0.048,0.9998719096183777,-0.33341163396835327,0,False
361,45.13260004809126,45.06,0.10099999999999909,175,1.0952649973736048,-0.008722959838792472,-0.38006831179893896,1.3420787928194753,0.2259507179260254,0.004847379044995357,0.663161314302323,0.004847379044995357,0.0,-0.0,False,False,24,0.5,100,0.192,0.05,0.048,0.9994800090789795,-0.24022631347179413,0,False
362,45.2330442010425,45.16000000000001,0.1010000000000133,173,1.115328324467015,-0.017349508165476646,-0.4276000232301657,1.3222125554578168,0.22260606288909912,0.004986083766811482,0.6681473980691345,0.004986083766811482,0.0,-0.0,False,False,24,0.5,100,0.212,0.05,0.048,0.9985409379005432,-0.16003668308258057,0,False
363,45.332548841135576,45.260000000000005,0.09999999999999432,166,1.1351443606817742,-0.026778718489508684,-0.4587709262292098,1.3019735207917096,0.21919864416122437,0.005079649476018718,0.6732270475451532,0.005079649476018718,0.0,-0.0,False,False,24,0.5,100,0.232,0.05,0.048,0.9976034164428711,-0.11936331540346146,0,False
364,45.43405036418699,45.36,0.09999999999999432,172,1.154738423172763,-0.03674544085757084,-0.48162373664649305,1.281532864031696,0.21575728058815002,0.005130253152555719,0.6783573006977088,0.005130253152555719,0.0,-0.0,False,False,24,0.5,100,0.252,0.05,0.048,0.9969955682754517,-0.09652606397867203,0,False
365,45.53326230705716,45.46000000000001,0.10000000000000853,167,1.174101363159522,-0.047106612604162545,-0.5002333905919607,1.2609973262863148,0.21229994297027588,0.0051540666473966976,0.6835113673451055,0.0051540666473966976,0.0,-0.0,False,False,24,0.5,100,0.272,0.05,0.048,0.9964405298233032,-0.08115281164646149,0,False
366,45.635228616185486,45.58,0.10099999999999909,170,1.1970864214807126,-0.059962444127109146,-0.518957663798561,1.2403895657013253,0.20883044600486755,0.005172193337499491,0.6886835606826051,0.005172193337499491,0.0,-0.0,False,False,24,0.5,100,0.292,0.05,0.048,0.9959716200828552,-0.07170581817626953,0,False
367,45.7344956190791,45.66000000000001,0.09999999999999432,172,1.2122760284300902,-0.06875434025119036,-0.5301531640838095,1.2197243631765002,0.20535127818584442,0.0051866102760739375,0.693870170958679,0.0051866102760739375,0.0,-0.0,False,False,24,0.5,100,0.312,0.05,0.048,0.9955669641494751,-0.0665162056684494,0,False
368,45.83622814901173,45.78,0.10099999999999909,168,1.234873005227544,-0.08224262147325889,-0.5458441523239986,1.1948631552838458,0.20116567611694336,0.00623973542851807,0.7001099063871971,0.00623973542851807,0.0,-0.0,False,False,24,0.5,100,0.332,0.05,0.048,0.9951988458633423,-0.06341872364282608,0,False
369,45.93561967113055,45.88000000000001,0.10000000000000853,169,1.2535331957761005,-0.09373964368747495,-0.5583461505032067,1.1741041338742355,0.19767071306705475,0.005210157201942785,0.7053200635891398,0.005210157201942785,0.0,-0.0,False,False,24,0.5,100,0.352,0.05,0.048,0.9948470592498779,-0.061514660716056824,0,False
370,46.03611375298351,45.980000000000004,0.10099999999999909,173,1.2720391097776895,-0.10545852849024086,-0.5705541595124202,1.153313249447151,0.19417038559913635,0.005218154271105801,0.7105382178602456,0.005218154271105801,0.0,-0.0,False,False,24,0.5,100,0.372,0.05,0.048,0.9944237470626831,-0.06022573634982109,0,False
371,46.136097219074145,46.08,0.09999999999999432,172,1.2903933044607536,-0.11739520398015052,-0.5826050036591995,1.1324897054271552,0.19066455960273743,0.005226351266997914,0.7157645691272435,0.005226351266997914,0.0,-0.0,False,False,24,0.5,100,0.392,0.05,0.048,0.9941243529319763,-0.059943798929452896,0,False
372,46.237278445158154,46.18000000000001,0.10099999999999909,178,1.307374253293154,-0.12897224093001414,-0.6438248631291685,1.112843145869305,0.1873568892478943,0.004930948417748768,0.7206955175449923,0.004930948417748768,0.0,-0.0,True,True,25,0.5,100,0.016,0.05,0.05,0.8499789834022522,-0.08730398863554001,0,False
373,46.33845556108281,46.28,0.10099999999999909,171,1.3223855452672555,-0.140668130736001,-0.660525050851491,1.0943548955050255,0.18424423038959503,0.004640232739592373,0.7253357502845846,0.004640232739592373,0.0,-0.0,False,False,25,0.5,100,0.036,0.05,0.05,0.8473764061927795,-0.08123724907636642,0,False
374,46.43982848501764,46.38000000000001,0.10099999999999909,173,1.3369455040007383,-0.1523278177799593,-0.6813188831815321,1.0761920904608924,0.18118636310100555,0.004558551563724681,0.7298943018483093,0.004558551563724681,0.0,-0.0,False,False,25,0.5,100,0.056,0.05,0.05,0.844282329082489,-0.07251147925853729,0,False
375,46.54146143607795,46.480000000000004,0.10099999999999909,176,1.3512955003473337,-0.1641520000300475,-0.6975953568289734,1.0580451284171144,0.17813116312026978,0.004554575243224202,0.7344488770915335,0.004554575243224202,0.0,-0.0,False,False,25,0.5,100,0.076,0.05,0.05,0.842283308506012,-0.06718415766954422,0,False
376,46.64171495009214,46.58,0.10099999999999909,174,1.3654420827146707,-0.17614485255221263,-0.7105994398332595,1.0399043619600674,0.17507700622081757,0.0045530202575536464,0.7390018973490872,0.0045530202575536464,0.0,-0.0,False,False,25,0.5,100,0.096,0.05,0.05,0.8406051397323608,-0.06316245347261429,0,False
377,46.741202771198004,46.68000000000001,0.10000000000000853,174,1.3794003195147369,-0.18829734121658875,-0.7226521453331317,1.0217657197041856,0.172023206949234,0.004552487119609387,0.7435543844686966,0.004552487119609387,0.0,-0.0,False,False,25,0.5,100,0.116,0.05,0.05,0.8389955163002014,-0.059464193880558014,0,False
378,46.843140160199255,46.78,0.10099999999999909,173,1.3931842632504507,-0.2005960453788558,-0.7343171088945442,1.0036294671746142,0.16896981000900269,0.004551887339422205,0.7481062718081188,0.004551887339422205,0.0,-0.0,False,False,25,0.5,100,0.136,0.05,0.05,0.8374006152153015,-0.05587682127952576,0,False
379,46.94426081702113,46.88000000000001,0.10099999999999909,173,1.4068029081115427,-0.21302748095867557,-0.745406928183117,0.9854991447066285,0.16591741144657135,0.004550398995994598,0.7526566708041135,0.004550398995994598,0.0,-0.0,False,False,25,0.5,100,0.156,0.05,0.05,0.8358123898506165,-0.05237355828285217,0,False
380,47.044171184068546,46.980000000000004,0.10099999999999909,169,1.4202590464489444,-0.22557648685582857,-0.7557117729438999,0.9673837801551791,0.16286753118038177,0.004546644816304219,0.7572033156204176,0.004546644816304219,0.0,-0.0,False,False,25,0.5,100,0.176,0.05,0.05,0.8337085843086243,-0.04713531211018562,0,False
381,47.14453864702955,47.08,0.09999999999999432,169,1.4335560311627265,-0.23822219886854712,-0.764955513208609,0.9492966497775472,0.15982240438461304,0.004539558524462547,0.7617428741448802,0.004539558524462547,0.0,-0.0,False,False,25,0.5,100,0.196,0.05,0.05,0.8317311406135559,-0.042435985058546066,0,False
382,47.2463335969951,47.18000000000001,0.1010000000000133,169,1.446707775186205,-0.25095213998146976,-0.7732796235458843,0.9312383731324059,0.1567821353673935,0.004532316734053836,0.766275190878934,0.004532316734053836,0.0,-0.0,False,False,25,0.5,100,0.216,0.05,0.05,0.8298699259757996,-0.038210004568099976,0,False
383,47.34724643500522,47.28,0.10099999999999909,173,1.459729425714962,-0.2637579422488689,-0.7807744915396472,0.9132056754096258,0.15374617278575897,0.004525896864642404,0.7708010877435765,0.004525896864642404,0.0,-0.0,False,False,25,0.5,100,0.236,0.05,0.05,0.8283568620681763,-0.03452431783080101,0,False
384,47.448111223988235,47.38000000000001,0.10099999999999909,175,1.472636273182121,-0.27663377816768053,-0.7875429929615035,0.8951934231230585,0.15071365237236023,0.004520765411929455,0.775321853155506,0.004520765411929455,0.0,-0.0,False,False,25,0.5,100,0.256,0.05,0.05,0.8269332647323608,-0.031218379735946655,0,False
385,47.54912913101725,47.480000000000004,0.10099999999999909,173,1.48543795681196,-0.28957060577215965,-0.7936627076007896,0.8772024128481405,0.147684708237648,0.0045154340324874915,0.7798372871879934,0.0045154340324874915,0.0,-0.0,False,False,25,0.5,100,0.276,0.05,0.05,0.8255921602249146,-0.02825796604156494,0,False
386,47.64842588407919,47.58,0.09999999999999432,170,1.4981420970626833,-0.3025599259573848,-0.7992054376438736,0.8592345917692733,0.14465966820716858,0.0045096139432632696,0.7843469011312567,0.0045096139432632696,0.0,-0.0,False,False,25,0.5,100,0.296,0.05,0.05,0.8243269920349121,-0.02561125159263611,0,False
387,47.74986239802092,47.68000000000001,0.10099999999999909,175,1.5107563836729851,-0.315595077746959,-0.8042346909481088,0.8412903139199842,0.1416385918855667,0.00450370499771507,0.7888506061289717,0.00450370499771507,0.0,-0.0,False,False,25,0.5,100,0.316,0.05,0.05,0.8234027028083801,-0.02396211214363575,0,False
388,47.850088162114844,47.78,0.10000000000000853,172,1.5232931360989541,-0.3286774325567872,-0.8089881161814035,0.8233610824956136,0.1386200487613678,0.004499928603943634,0.7933505347329154,0.004499928603943634,0.0,-0.0,False,False,25,0.5,100,0.336,0.05,0.05,0.8227384686470032,-0.023053525015711784,0,False
389,47.94929084600881,47.88000000000001,0.09999999999999432,171,1.5357588016690848,-0.34180806150424303,-0.8135626352610121,0.8054418525183945,0.1356031894683838,0.004497418412789705,0.7978479531457051,0.004497418412789705,0.0,-0.0,False,False,25,0.5,100,0.356,0.05,0.05,0.8221251368522644,-0.022317443042993546,0,False
390,48.05106499604881,47.980000000000004,0.10099999999999909,178,1.5481567143507693,-0.3549858716775304,-0.8179966219213111,0.7875312963625991,0.13258779048919678,0.004495241432850855,0.802343194578556,0.004495241432850855,0.0,-0.0,False,False,25,0.5,100,0.376,0.05,0.05,0.8215552568435669,-0.021727509796619415,0,False
391,48.15202553407289,48.08,0.10099999999999909,176,1.5604887272283803,-0.3682090690798999,-0.8223185163628146,0.7696297680617546,0.12957391142845154,0.004492975596588026,0.806836170175144,0.004492975596588026,0.0,-0.0,False,False,25,0.5,100,0.396,0.05,0.05,0.8210026621818542,-0.02126256935298443,0,False
392,48.25306508108042,48.18000000000001,0.10099999999999909,172,1.5723769293348162,-0.38111095496408187,-0.8350968979191795,0.752253359990562,0.1266484409570694,0.00436117945396545,0.8111973496291094,0.00436117945396545,0.0,-0.0,True,True,26,0.5,100,0.016,0.05,0.052,0.7686023712158203,-0.061258237808942795,0,False
393,48.35405751899816,48.28,0.10099999999999909,176,1.583656533104175,-0.3937189357087462,-0.8456090707574807,0.7354716839913641,0.12382309883832932,0.004211911936629807,0.8154092615657392,0.004211911936629807,0.0,-0.0,False,False,26,0.5,100,0.036,0.05,0.052,0.7655690312385559,-0.05258508399128914,0,False
394,48.453829107107595,48.38000000000001,0.10000000000000853,173,1.594752632674921,-0.40639252075240995,-0.8560678413175432,0.7187456355101733,0.12100712209939957,0.004197950386716046,0.8196072119524552,0.004197950386716046,0.0,-0.0,False,False,26,0.5,100,0.056,0.05,0.052,0.7624914050102234,-0.043805480003356934,0,False
395,48.553636705037206,48.480000000000004,0.09999999999999432,174,1.6056902690880952,-0.4191143104265069,-0.8648581361060522,0.7020743294631709,0.11820036172866821,0.004184210977612385,0.8237914229300676,0.004184210977612385,0.0,-0.0,False,False,26,0.5,100,0.076,0.05,0.052,0.7598048448562622,-0.035945530980825424,0,False
396,48.65482817101292,48.58,0.10099999999999909,162,1.6164916958521791,-0.431875591022284,-0.8717986999002261,0.6854516587720076,0.11540178954601288,0.004172004340098305,0.8279634272701659,0.004172004340098305,0.0,-0.0,False,False,26,0.5,100,0.096,0.05,0.052,0.7575123310089111,-0.029864860698580742,0,False
397,48.75596458814107,48.7,0.10099999999999909,164,1.6293032335072373,-0.44722535693581206,-0.8786613502076309,0.6688743486265543,0.11261085420846939,0.004160619623581506,0.8321240468937474,0.004160619623581506,0.0,-0.0,False,False,26,0.5,100,0.116,0.05,0.052,0.7551972270011902,-0.02626250870525837,0,False
398,48.95643190713599,48.900000000000006,0.19899999999999807,335,1.6503418788581556,-0.47286115676685986,-0.8882360714398626,0.6325631654045332,0.10649754852056503,0.00911348223224502,0.8412375291259925,0.00911348223224502,0.0,-0.0,False,False,26,0.5,100,0.156,0.05,0.052,0.7511531114578247,-0.021993815898895264,0,False
399,49.056349974125624,49.0,0.10099999999999909,169,1.6607324672151846,-0.4856995194627368,-0.8925351031021129,0.6194078548274309,0.10428273677825928,0.0033017566095554377,0.8445392857355479,0.0033017566095554377,0.0,-0.0,False,False,26,0.5,100,0.176,0.05,0.052,0.7492814660072327,-0.0207783542573452,0,False
400,49.15729456208646,49.10000000000001,0.10099999999999909,177,1.671043716890958,-0.4985491391775724,-0.8966135467595717,0.5997209354474468,0.10096827149391174,0.004941078038688575,0.8494803637742365,0.004941078038688575,0.0,-0.0,False,False,26,0.5,100,0.196,0.05,0.052,0.7474302053451538,-0.01987319253385067,0,False
401,49.25876820506528,49.2,0.10099999999999909,171,1.6812785084584991,-0.5114082776822553,-0.9005287398403674,0.583356886248116,0.09821324050426483,0.004107094795391893,0.8535874585696284,0.004107094795391893,0.0,-0.0,False,False,26,0.5,100,0.22,0.05,0.052,0.7452118396759033,-0.019139857962727547,0,False
402,49.359266428044066,49.30000000000001,0.1010000000000133,168,1.6914387131661262,-0.5242750809588508,-0.9043268425752573,0.5670311169239454,0.09546465426683426,0.004097487205355749,0.8576849457749841,0.004097487205355749,0.0,-0.0,False,False,26,0.5,100,0.24,0.05,0.052,0.7434017658233643,-0.018651721999049187,0,False
403,49.45919710514136,49.400000000000006,0.09999999999999432,171,1.701525496492039,-0.5371479965684874,-0.9080432178815204,0.5507440700168441,0.092722587287426,0.004087768544914596,0.8617727143198987,0.004087768544914596,0.0,-0.0,False,False,26,0.5,100,0.26,0.05,0.052,0.741574227809906,-0.01832217536866665,0,False
404,49.56053490913473,49.5,0.10099999999999909,171,1.711539254157814,-0.550025039591097,-0.9116780482019503,0.5344970288983493,0.08998725563287735,0.004077727780298852,0.8658504421001975,0.004077727780298852,0.0,-0.0,False,False,26,0.5,100,0.28,0.05,0.052,0.7395727038383484,-0.017565447837114334,0,False
405,49.66152563714422,49.60000000000001,0.10099999999999909,166,1.7214800043471412,-0.5629026059448381,-0.9151650713058563,0.518292870090872,0.08725914359092712,0.004066965058050264,0.8699174071582477,0.004066965058050264,0.0,-0.0,False,False,26,0.5,100,0.3,0.05,0.052,0.7375761270523071,-0.017019201070070267,0,False
406,49.76157078309916,49.7,0.09999999999999432,166,1.7313498132729819,-0.5757794054300167,-0.9185499963130482,0.5021315050860302,0.08453823626041412,0.004056224549882734,0.8739736317081305,0.004056224549882734,0.0,-0.0,False,False,26,0.5,100,0.32,0.05,0.052,0.7355838418006897,-0.016648102551698685,0,False
407,49.86251790099777,49.80000000000001,0.10000000000000853,165,1.7411499729400886,-0.5886544787225442,-0.9218673005870871,0.48601284537544204,0.08182451874017715,0.004045506255796218,0.8780191379639267,0.004045506255796218,0.0,-0.0,False,False,26,0.5,100,0.34,0.05,0.052,0.7335939407348633,-0.016423238441348076,0,False
408,49.96331659099087,49.900000000000006,0.09999999999999432,167,1.7508812526962776,-0.6015268661640322,-0.925144642988614,0.4699372007384441,0.0791180431842804,0.004034710212426156,0.8820538481763529,0.004034710212426156,0.0,-0.0,False,False,26,0.5,100,0.36,0.05,0.052,0.7316051125526428,-0.016323339194059372,0,False
409,50.06394890206866,50.0,0.10000000000000853,166,1.7605440018867307,-0.6143958406558507,-0.9284063117016004,0.45390501371694575,0.07641888409852982,0.004023803098651043,0.8860776512750039,0.004023803098651043,0.0,-0.0,False,False,26,0.5,100,0.38,0.05,0.052,0.7296168804168701,-0.016331367194652557,0,False
410,50.16379755013622,50.10000000000001,0.09999999999999432,171,1.7701384150259212,-0.6272610702928738,-0.9316734340082785,0.437916284310947,0.07372704148292542,0.004012895984875945,0.8900905472598799,0.004012895984875945,0.0,-0.0,True,True,27,0.5,100,0.0,0.05,0.054,0.968417227268219,0.9615381360054016,0,False
411,50.26424039318226,50.2,0.09999999999999432,171,1.7801836723252098,-0.6406289791848462,-0.9015900595421784,0.42126803469742247,0.07092416286468506,0.004178424209509708,0.8942689714693897,0.004178424209509708,0.0,-0.0,False,False,27,0.5,100,0.02,0.05,0.054,0.9680043458938599,0.9595810174942017,0,False
412,50.365218811202794,50.30000000000001,0.10000000000000853,170,1.7921626150091967,-0.6537676612712623,-0.753099879623895,0.403823253901233,0.06798718124628067,-1.4956216601684555,-0.6013526886990659,0.004378339831544398,-1.5,-0.0,False,False,27,0.5,100,0.04,0.05,0.054,0.9650118350982666,0.9589829444885254,4,True
