ppo_step,t_wall_s,t_sim_s,ppo_step_sim_dt,inner_ticks,x,y,yaw,goal_distance_m,goal_distance_norm,ppo_reward,ppo_reward_cumulative,navigation_reward,terminal_reward,frame_cost_reward,fresh_observation,frame_consumed,episode_frame_count,current_fps,scan_divisor_k,obs_age_ratio,fps_ratio,frame_count_ratio,action_linear,action_angular,outcome,done
1,0.08255493501201272,0.07999999999998408,0.09999999999999432,69,-1.8736721555531908,-2.0863307881771607,-2.304401446753984,4.517099261889547,0.7604932188987732,-0.0015970339004671918,-0.0015970339004671918,-0.0015970339004671918,0.0,-0.0,False,False,1,10.0,5,0.016,1.0,0.002,0.9998511075973511,-0.05746523290872574,0,False
2,0.18212100211530924,0.18000000000000682,0.09999999999999432,161,-1.8878898643647335,-2.1015449950277527,-2.3329820801863534,4.530580858616424,0.7627629637718201,-0.005489335967842599,-0.007086369868309791,-0.0029893359678425995,0.0,-0.0025,True,True,2,5.0,10,0.016,0.5,0.004,0.9997718334197998,-0.09959479421377182,0,False
3,0.2822993150912225,0.28000000000000114,0.10000000000002274,166,-1.903243106819648,-2.1173361914553066,-2.353331882119396,4.544567661187031,0.7651177644729614,-0.003101357565167076,-0.010187727433476866,-0.003101357565167076,0.0,-0.0,False,False,2,5.0,10,0.036,0.5,0.004,0.9997732639312744,-0.1039062961935997,0,False
4,0.3823653277941048,0.37999999999999545,0.09999999999999432,165,-1.9189863673177856,-2.1327742532581904,-2.391617151748323,4.558225212577071,0.7674171328544617,-0.005528351198305239,-0.015716078631782107,-0.0030283511983052393,0.0,-0.0025,True,True,3,5.0,10,0.016,0.5,0.006,0.9981218576431274,-0.3053353726863861,0,False
5,0.4823599709197879,0.47999999999998977,0.09999999999999432,165,-1.9356260257293874,-2.1472730937482223,-2.45238535145281,4.570922979074082,0.7695549130439758,-0.0028155337138300544,-0.01853161234561216,-0.0028155337138300544,0.0,-0.0,False,False,3,5.0,10,0.036,0.5,0.006,0.9982950091362,-0.2941925823688507,0,False
6,0.5824161041527987,0.5799999999999841,0.09999999999999432,162,-1.9530944685867746,-2.1607917862380357,-2.5106094706864592,4.582635470264083,0.7715268135070801,-0.00509706412353288,-0.02362867646914504,-0.0025970641235328797,0.0,-0.0025,True,True,4,5.0,10,0.016,0.5,0.008,0.9996452927589417,-0.2695342004299164,0,False
7,0.6823804979212582,0.6800000000000068,0.09999999999999432,166,-1.9712754638497287,-2.1733508507045514,-2.5644632122024973,4.5934019838686275,0.7733394503593445,-0.0023873081963778488,-0.02601598466552289,-0.0023873081963778488,0.0,-0.0,False,False,4,5.0,10,0.036,0.5,0.008,0.9996556639671326,-0.25918763875961304,0,False
8,0.7828795779496431,0.7800000000000011,0.10000000000002274,163,-1.989123180073822,-2.1842961010181345,-2.63186560778693,4.602671997752465,0.7749001383781433,-0.004555482483770666,-0.030571467149293555,-0.0020554824837706663,0.0,-0.0025,True,True,5,5.0,10,0.016,0.5,0.01,0.8861697912216187,-0.4344913959503174,0,False
9,0.8825513338670135,0.8799999999999955,0.09999999999999432,166,-2.006725039208923,-2.193136374648504,-2.7187697267430617,4.609942076239503,0.776124119758606,-0.0016120276811882957,-0.03218349483048185,-0.0016120276811882957,0.0,-0.0,False,False,5,5.0,10,0.036,0.5,0.01,0.8945192098617554,-0.44746002554893494,0,False
10,0.9825804978609085,0.9799999999999898,0.09999999999999432,162,-2.022871022491219,-2.1996148062793566,-2.8058095607367903,4.615049717940623,0.7769840359687805,-0.0036325407039934244,-0.03581603553447527,-0.0011325407039934241,0.0,-0.0025,True,True,6,5.0,10,0.016,0.5,0.012,0.620246171951294,-0.38968315720558167,0,False
11,1.0828341390006244,1.079999999999984,0.09999999999999432,162,-2.03623173053682,-2.203707880719225,-2.883515516119624,4.618057232756663,0.7774903774261475,-0.0006668699854731708,-0.03648290551994844,-0.0006668699854731708,0.0,-0.0,False,False,6,5.0,10,0.036,0.5,0.012,0.6569807529449463,-0.39637893438339233,0,False
12,1.1826033648103476,1.1800000000000068,0.09999999999999432,163,-2.051782785866337,-2.20714490007768,-2.962630060443568,4.620285519778695,0.7778655290603638,-0.002994088250567278,-0.03947699377051572,-0.0004940882505672781,0.0,-0.0025,True,True,7,5.0,10,0.016,0.5,0.014,0.7938422560691833,-0.358278751373291,0,False
13,1.282886756118387,1.2800000000000011,0.10000000000002274,166,-2.0692115708325622,-2.2096945689831164,-3.032372493254919,4.62154800333773,0.7780780792236328,-0.00027993624110636463,-0.03975693001162209,-0.00027993624110636463,0.0,-0.0,False,False,7,5.0,10,0.036,0.5,0.014,0.7991887927055359,-0.3531514108181,0,False
14,1.3830663179978728,1.3799999999999955,0.09999999999999432,167,-2.0866103208032682,-2.2109232206122758,-3.1275843058952026,4.621561102578247,0.7780802845954895,-0.002502904554380518,-0.04225983456600261,-2.9045543805176775e-06,0.0,-0.0025,True,True,8,5.0,10,0.016,0.5,0.016,0.6215001940727234,-0.9532384276390076,0,False
15,1.4831344508565962,1.4799999999999898,0.09999999999999432,167,-2.101387742579803,-2.209825078180323,2.9697856801706717,4.619486466107147,0.7777310013771057,0.0004600186126984606,-0.04179981595330415,0.0004600186126984606,0.0,-0.0,False,False,8,5.0,10,0.036,0.5,0.016,0.6411160826683044,-0.9676113128662109,0,False
16,1.5828103767707944,1.579999999999984,0.09999999999999432,165,-2.1154542442637934,-2.205954332564901,2.7726412141701617,4.614735336168211,0.77693110704422,-0.0014465102760387052,-0.04324632622934285,0.001053489723961295,0.0,-0.0025,True,True,9,1.0,50,0.016,0.1,0.018,0.6432913541793823,-0.9997666478157043,0,False
17,1.68340382585302,1.6800000000000068,0.09999999999999432,168,-2.128378411710649,-2.1994512402377837,2.5737933361802083,4.607464549614117,0.7757070064544678,0.0016121846841279323,-0.04163414154521492,0.0016121846841279323,0.0,-0.0,False,False,9,1.0,50,0.036,0.1,0.018,0.6320101022720337,-0.9992556571960449,0,False
18,1.7830725819803774,1.7800000000000011,0.10000000000002274,166,-2.1395479588073187,-2.190693553660341,2.375004411432977,4.59807593449857,0.7741263508796692,0.002081780476134962,-0.03955236106907996,0.002081780476134962,0.0,-0.0,False,False,9,1.0,50,0.056,0.1,0.018,0.6130731105804443,-0.9981857538223267,0,False
19,1.8832685938104987,1.8799999999999955,0.09999999999999432,168,-2.1484926343012556,-2.1802298353560836,2.1765825916703707,4.587129925895588,0.7722834944725037,0.0024271084415376865,-0.03712525262754227,0.0024271084415376865,0.0,-0.0,False,False,9,1.0,50,0.076,0.1,0.018,0.5928701758384705,-0.9952824115753174,0,False
20,1.9829270211048424,1.9799999999999898,0.09999999999999432,165,-2.155003233676652,-2.1685616990908225,1.97888089509545,4.57512606511246,0.7702625393867493,0.0026616708331322386,-0.03446358179441003,0.0026616708331322386,0.0,-0.0,False,False,9,1.0,50,0.096,0.1,0.018,0.5953498482704163,-0.9853079915046692,0,False
21,2.083248720970005,2.079999999999984,0.09999999999999432,164,-2.1591531087348055,-2.155672569819979,1.7836505757403807,4.562034613332879,0.7680584788322449,0.0029028273481850244,-0.031560754446225005,0.0029028273481850244,0.0,-0.0,False,False,9,1.0,50,0.116,0.1,0.018,0.6160013675689697,-0.9602504372596741,0,False
22,2.1832771450281143,2.180000000000007,0.09999999999999432,167,-2.1608122485366645,-2.141735906549269,1.5940866242664304,4.5480297550523705,0.76570063829422,0.003105361140123867,-0.028455393306101136,0.003105361140123867,0.0,-0.0,False,False,9,1.0,50,0.136,0.1,0.018,0.6340538859367371,-0.9291139245033264,0,False
23,2.2833874467760324,2.280000000000001,0.10000000000002274,166,-2.1598741133604022,-2.1276148593177915,1.4101839031814476,4.533978164346232,0.7633349299430847,0.0031157233341302243,-0.025339669971970912,0.0031157233341302243,0.0,-0.0,False,False,9,1.0,50,0.156,0.1,0.018,0.608562707901001,-0.9009960293769836,0,False
24,2.383407800924033,2.3799999999999955,0.09999999999999432,168,-2.156521421727853,-2.114365269142344,1.2327292540119013,4.52092636432173,0.7611375451087952,0.002894035183573653,-0.02244563478839726,0.002894035183573653,0.0,-0.0,False,False,9,1.0,50,0.176,0.1,0.018,0.5975836515426636,-0.8481857776641846,0,False
25,2.484345516189933,2.4799999999999898,0.10099999999999909,169,-2.15102379814608,-2.1020724040483287,1.0665417492881417,4.508951534287857,0.7591214776039124,0.0026552337126132483,-0.01979040107578401,0.0026552337126132483,0.0,-0.0,False,False,9,1.0,50,0.196,0.1,0.018,0.6040117740631104,-0.7818396687507629,0,False
26,2.584126921836287,2.579999999999984,0.09999999999999432,168,-2.1428379946260336,-2.089724179278714,0.9058596721972332,4.497082914312232,0.7571232914924622,0.00013168327169003078,-0.019658717804093978,0.002631683271690031,0.0,-0.0025,True,True,10,1.0,50,0.016,0.1,0.02,0.888116717338562,-0.3650282025337219,0,False
27,2.6840807162225246,2.680000000000007,0.09999999999999432,161,-2.1309763342266095,-2.0760051139374895,0.8208972791823901,4.484082449149216,0.754934549331665,0.00288265247046084,-0.016776065333633138,0.00288265247046084,0.0,-0.0,False,False,10,1.0,50,0.036,0.1,0.02,0.877515971660614,-0.3596649765968323,0,False
28,2.7845928948372602,2.780000000000001,0.09999999999999432,164,-2.1172598115184273,-2.0622942043304104,0.749496381368633,4.471242715207682,0.752772867679596,0.0028470128031972334,-0.013929052530435904,0.0028470128031972334,0.0,-0.0,False,False,10,1.0,50,0.056,0.1,0.02,0.8692259192466736,-0.3612295091152191,0,False
29,2.8845810987986624,2.8799999999999955,0.10000000000002274,167,-2.1027158788317752,-2.0497039833686928,0.6772943417137601,4.459623688868938,0.7508167028427124,0.0025763397355207554,-0.011352712794915149,0.0025763397355207554,0.0,-0.0,False,False,10,1.0,50,0.076,0.1,0.02,0.8642901182174683,-0.36440029740333557,0,False
30,2.9847207511775196,2.9799999999999898,0.09999999999999432,163,-2.0873853619611156,-2.0382589199716814,0.6045772540511509,4.449255108949294,0.7490710616111755,0.002299072544385651,-0.009053640250529498,0.002299072544385651,0.0,-0.0,False,False,10,1.0,50,0.096,0.1,0.02,0.8598098158836365,-0.36691007018089294,0,False
31,3.08472055522725,3.079999999999984,0.09999999999999432,168,-2.0713419221298577,-2.028008592101335,0.5315191408327739,4.440188664343764,0.7475446462631226,0.002010344138668112,-0.007043296111861386,0.002010344138668112,0.0,-0.0,False,False,10,1.0,50,0.116,0.1,0.02,0.8560009002685547,-0.3682575225830078,0,False
32,3.1848646667785943,3.180000000000007,0.09999999999999432,169,-2.054667909413044,-2.0190006376904273,0.4583382391686421,4.432473565712669,0.7462457418441772,0.0017107040286562754,-0.00533259208320511,0.0017107040286562754,0.0,-0.0,False,False,10,1.0,50,0.136,0.1,0.02,0.8513776659965515,-0.36496883630752563,0,False
33,3.2848114911466837,3.280000000000001,0.09999999999999432,167,-2.0374917315944288,-2.011277581237255,0.3857256172008174,4.426147694643451,0.7451807260513306,0.0014026642613815682,-0.003929927821823542,0.0014026642613815682,0.0,-0.0,False,False,10,1.0,50,0.156,0.1,0.02,0.8450573682785034,-0.3678947985172272,0,False
34,3.3845572569407523,3.3799999999999955,0.10000000000002274,165,-2.0199301045843128,-2.0048748539444325,0.3124150292468075,4.421241498019473,0.7443547248840332,0.0010878733677091885,-0.002842054454114354,0.0010878733677091885,0.0,-0.0,False,False,10,1.0,50,0.176,0.1,0.02,0.8384248614311218,-0.37134361267089844,0,False
35,3.484839047770947,3.4799999999999898,0.09999999999999432,158,-2.0020812719333243,-1.999819850391543,0.23841578025825194,4.4177769259194415,0.7437714338302612,0.0007682153829124105,-0.0020738390712019433,0.0007682153829124105,0.0,-0.0,False,False,10,1.0,50,0.196,0.1,0.02,0.8335058093070984,-0.37237831950187683,0,False
36,3.584480294957757,3.579999999999984,0.09999999999999432,166,-1.9835783103027984,-1.995971469174952,0.18547061759343167,4.415650954586855,0.743413507938385,-0.0020285986741887265,-0.00410243774539067,0.00047140132581127356,0.0,-0.0025,True,True,11,1.0,50,0.016,0.1,0.022,0.9998311996459961,0.32234156131744385,0,False
37,3.6845118780620396,3.680000000000007,0.09999999999999432,162,-1.9633767930108794,-1.9916732307167446,0.23887549800078764,4.413324600277709,0.7430218458175659,0.0005158331576862516,-0.0035866045877044183,0.0005158331576862516,0.0,-0.0,False,False,11,1.0,50,0.036,0.1,0.022,0.9998258948326111,0.3336920142173767,0,False
38,3.7848813589662313,3.780000000000001,0.09999999999999432,166,-1.942316084488506,-1.985791286085363,0.3064438606258948,4.409607602272575,0.7423960566520691,0.0008241869308398379,-0.0027624176568645806,0.0008241869308398379,0.0,-0.0,False,False,11,1.0,50,0.056,0.1,0.022,0.9998234510421753,0.348288893699646,0,False
39,3.884971751831472,3.8799999999999955,0.10000000000002274,167,-1.9217115488981433,-1.9784897935383736,0.37641794010752655,4.404535363924204,0.7415421009063721,0.001124690557019084,-0.0016377270998454965,0.001124690557019084,0.0,-0.0,False,False,11,1.0,50,0.076,0.1,0.022,0.99982088804245,0.3591282367706299,0,False
40,3.9847083068452775,3.9799999999999898,0.09999999999999432,165,-1.9016815259697175,-1.9697478670565705,0.44797373234804677,4.398069649611626,0.7404535412788391,0.0014336723419304284,-0.00020405475791506812,0.0014336723419304284,0.0,-0.0,False,False,11,1.0,50,0.096,0.1,0.022,0.9998079538345337,0.3607715368270874,0,False
41,4.084880408830941,4.079999999999984,0.09999999999999432,166,-1.8823304928701534,-1.9595931712035364,0.5197301646069128,4.390220372273612,0.7391320466995239,0.0017404560856890286,0.0015364013277739605,0.0017404560856890286,0.0,-0.0,False,False,11,1.0,50,0.116,0.1,0.022,0.9997861981391907,0.36037924885749817,0,False
42,4.185250060167164,4.180000000000007,0.09999999999999432,164,-1.8637558519206743,-1.948077782819959,0.5914141570450183,4.3810201029946905,0.7375831007957458,0.0020400176942312435,0.003576419022005204,0.0020400176942312435,0.0,-0.0,False,False,11,1.0,50,0.136,0.1,0.022,0.9997580647468567,0.3597378730773926,0,False
43,4.285134625155479,4.280000000000001,0.09999999999999432,165,-1.8460515692754178,-1.9352620166299228,0.6629341288888508,4.37050990966405,0.7358136177062988,0.0023304731322832083,0.005906892154288412,0.0023304731322832083,0.0,-0.0,False,False,11,1.0,50,0.156,0.1,0.022,0.9997189044952393,0.3577756881713867,0,False
44,4.385291556827724,4.3799999999999955,0.10000000000002274,167,-1.8293056028447883,-1.9212159066491976,0.7340203142090537,4.358738294874957,0.7338317632675171,0.002610173868980315,0.008517066023268727,0.002610173868980315,0.0,-0.0,False,False,11,1.0,50,0.176,0.1,0.022,0.9996736645698547,0.35509994626045227,0,False
45,4.48488471377641,4.47999999999999,0.09999999999999432,165,-1.8135965280785917,-1.9060204517597454,0.8046085104915643,4.345765798360613,0.7316477298736572,0.0028764508543511072,0.011393516877619834,0.0028764508543511072,0.0,-0.0,False,False,11,1.0,50,0.196,0.1,0.022,0.9996182322502136,0.3535752594470978,0,False
46,4.585260083898902,4.579999999999984,0.09999999999999432,165,-1.7993100869549363,-1.8902371263698678,0.8548100768812282,4.332085234791286,0.7293444871902466,0.0005334537938386985,0.011926970671458533,0.0030334537938386985,0.0,-0.0025,True,True,12,1.0,50,0.016,0.1,0.024,0.9340522885322571,0.14986924827098846,0,False
47,4.685201637912542,4.680000000000007,0.09999999999999432,166,-1.7860527289050745,-1.8746130085089667,0.8848050872859256,4.318477602128623,0.7270535230636597,0.0030172824910713056,0.014944253162529838,0.0030172824910713056,0.0,-0.0,False,False,12,1.0,50,0.036,0.1,0.024,0.9336229562759399,0.1465883105993271,0,False
48,4.785053642932326,4.780000000000001,0.09999999999999432,164,-1.7732767838536094,-1.8586003729875078,0.9124281514320922,4.3044695575463665,0.7246951460838318,0.0031060676533516403,0.01805032081588148,0.0031060676533516403,0.0,-0.0,False,False,12,1.0,50,0.056,0.1,0.024,0.9332533478736877,0.1435983031988144,0,False
49,4.885315785184503,4.8799999999999955,0.10000000000002274,163,-1.7609768749256172,-1.842230453212936,0.940305557053542,4.290089777760244,0.7222741842269897,0.003188494196582606,0.021238815012464086,0.003188494196582606,0.0,-0.0,False,False,12,1.0,50,0.076,0.1,0.024,0.9328768253326416,0.14055415987968445,0,False
50,4.985038180835545,4.97999999999999,0.09999999999999432,163,-1.7491465659995284,-1.8255275650534943,0.968206437056392,4.275358796714849,0.7197940945625305,0.0032663676545684464,0.024505182667032534,0.0032663676545684464,0.0,-0.0,False,False,12,1.0,50,0.096,0.1,0.024,0.9325017929077148,0.1374824345111847,0,False
51,5.085038073826581,5.079999999999984,0.09999999999999432,164,-1.7377825975140526,-1.8085107655367112,0.9955768212122276,4.260292899952448,0.7172576189041138,0.003340630044945996,0.02784581271197853,0.003340630044945996,0.0,-0.0,False,False,12,1.0,50,0.116,0.1,0.024,0.9322339296340942,0.1345316618680954,0,False
52,5.185019787866622,5.180000000000007,0.09999999999999432,163,-1.7268833673227675,-1.791198263785391,1.0222725711062608,4.244906248814139,0.7146671414375305,0.003411752376533967,0.0312575650885125,0.003411752376533967,0.0,-0.0,False,False,12,1.0,50,0.136,0.1,0.024,0.9319708943367004,0.13160811364650726,0,False
53,5.285540566779673,5.280000000000001,0.09999999999999432,168,-1.7164471250317022,-1.7736090557849968,1.0483637508134802,4.229214774808661,0.7120253443717957,0.003479342141983268,0.034736907230495766,0.003479342141983268,0.0,-0.0,False,False,12,1.0,50,0.156,0.1,0.024,0.9316970109939575,0.12836474180221558,0,False
54,5.385394492186606,5.3799999999999955,0.10000000000002274,167,-1.7064695852627203,-1.7557618830024693,1.0737195307599445,4.213234055411221,0.7093348503112793,0.003543477842763915,0.03828038507325968,0.003543477842763915,0.0,-0.0,False,False,12,1.0,50,0.176,0.1,0.024,0.9313037991523743,0.12272107601165771,0,False
55,5.485516544897109,5.47999999999999,0.09999999999999432,167,-1.696938977249878,-1.737679701876091,1.097933502800345,4.196985686666999,0.7065992951393127,0.0036028249538901783,0.04188321002714986,0.0036028249538901783,0.0,-0.0,False,False,12,1.0,50,0.196,0.1,0.024,0.9308195114135742,0.11627357453107834,0,False
56,5.5854002591222525,5.579999999999984,0.09999999999999432,160,-1.6877333087015898,-1.719303594880566,1.1025979145302516,4.180428954720331,0.7038118243217468,0.0011711997340368742,0.04305440976118674,0.0036711997340368742,0.0,-0.0025,True,True,13,1.0,50,0.016,0.1,0.026,0.863905668258667,-0.6631712317466736,0,False
57,5.685488931834698,5.680000000000007,0.09999999999999432,168,-1.6778118174419738,-1.7018342400494115,0.9896939722597197,4.1649251184844225,0.7012016177177429,0.003437736363019186,0.04649214612420593,0.003437736363019186,0.0,-0.0,False,False,13,1.0,50,0.036,0.1,0.026,0.8379055857658386,-0.6516028642654419,0,False
58,5.785943661816418,5.780000000000001,0.09999999999999432,169,-1.6666641872569237,-1.687017468289207,0.8598337693742647,4.152287537687085,0.6990739703178406,0.002802188463973558,0.049294334588179486,0.002802188463973558,0.0,-0.0,False,False,13,1.0,50,0.056,0.1,0.026,0.8107767105102539,-0.6673717498779297,0,False
59,5.885479519143701,5.8799999999999955,0.10000000000002274,161,-1.6540403289792065,-1.6741708222124858,0.7264371076625351,4.141898423822847,0.6973248720169067,0.002303625629630776,0.05159796021781026,0.002303625629630776,0.0,-0.0,False,False,13,1.0,50,0.076,0.1,0.026,0.7975539565086365,-0.6696304678916931,0,False
60,5.9856319217942655,5.97999999999999,0.09999999999999432,167,-1.6400533163660775,-1.6632901879886328,0.5931076198051819,4.13374467765119,0.6959521174430847,0.0018079673496687084,0.05340592756747897,0.0018079673496687084,0.0,-0.0,False,False,13,1.0,50,0.096,0.1,0.026,0.7819371223449707,-0.667019248008728,0,False
61,6.085908993147314,6.079999999999984,0.09999999999999432,159,-1.625044464274684,-1.654525540822246,0.45990053547480186,4.127921180157482,0.6949716806411743,0.001291270675815244,0.054697198243294214,0.001291270675815244,0.0,-0.0,False,False,13,1.0,50,0.116,0.1,0.026,0.769886314868927,-0.6854599118232727,0,False
62,6.185858626849949,6.180000000000007,0.09999999999999432,165,-1.6091895828967067,-1.647950780831424,0.32277809212606096,4.124473955700298,0.6943913102149963,0.0007643688108950586,0.055461567054189274,0.0007643688108950586,0.0,-0.0,False,False,13,1.0,50,0.136,0.1,0.026,0.7628871202468872,-0.6997818350791931,0,False
63,6.28615147806704,6.280000000000001,0.09999999999999432,160,-1.5927338312278774,-1.643665645107323,0.18321206671736326,4.123458587543452,0.6942203640937805,0.00022514221522502913,0.055686709269414304,0.00022514221522502913,0.0,-0.0,False,False,13,1.0,50,0.156,0.1,0.026,0.7555137872695923,-0.7041783332824707,0,False
64,6.385903294198215,6.3799999999999955,0.10000000000002274,166,-1.5759778188983593,-1.6417362707869207,0.043402340399106044,4.124881094256913,0.694459855556488,-0.0003154189054303349,0.05537129036398397,-0.0003154189054303349,0.0,-0.0,False,False,13,1.0,50,0.176,0.1,0.026,0.7540082931518555,-0.696314811706543,0,False
65,6.4858650881797075,6.47999999999999,0.09999999999999432,164,-1.559145169964377,-1.6421488614499424,-0.0947536471453552,4.128680582073952,0.6950995326042175,-0.0008424777732901568,0.054528812590693816,-0.0008424777732901568,0.0,-0.0,False,False,13,1.0,50,0.196,0.1,0.026,0.7536444664001465,-0.6874480843544006,0,False
66,6.5861833789385855,6.579999999999984,0.09999999999999432,167,-1.5410272188594338,-1.645055915499483,-0.20356457550001855,4.135252152411249,0.6962059140205383,-0.003957144281383828,0.05057166830930999,-0.0014571442813838278,0.0,-0.0025,True,True,14,1.0,50,0.016,0.1,0.028,0.6397119760513306,0.7150245904922485,0,False
67,6.686277422122657,6.680000000000007,0.09999999999999432,169,-1.5222411930040745,-1.64888194664634,-0.18146855518308205,4.142934325924288,0.6974992752075195,-0.001703403391970072,0.048868264917339914,-0.001703403391970072,0.0,-0.0,False,False,14,1.0,50,0.036,0.1,0.028,0.6410386562347412,0.7062546014785767,0,False
68,6.786279525142163,6.780000000000001,0.09999999999999432,166,-1.5062045962363153,-1.6510112740342926,-0.06766772151577331,4.1484409634108905,0.698426365852356,-0.001221011860394486,0.04764725305694543,-0.001221011860394486,0.0,-0.0,False,False,14,1.0,50,0.056,0.1,0.028,0.6473261713981628,0.6771252751350403,0,False
69,6.8863244680687785,6.8799999999999955,0.10000000000002274,166,-1.4921044420447536,-1.6510084793092066,0.0666547795006514,4.1514991050213625,0.6989412307739258,-0.0006780956956467411,0.04696915736129869,-0.0006780956956467411,0.0,-0.0,False,False,14,1.0,50,0.076,0.1,0.028,0.6764373183250427,0.5421264171600342,0,False
70,6.986420239787549,6.97999999999999,0.09999999999999432,161,-1.4774577813918441,-1.6492713173568485,0.1690137245241777,4.153032778262455,0.6991994380950928,-0.00034006836692982605,0.046629088994368864,-0.00034006836692982605,0.0,-0.0,False,False,14,1.0,50,0.096,0.1,0.028,0.6933206915855408,0.4103398323059082,0,False
71,7.086471313145012,7.079999999999984,0.09999999999999432,165,-1.462645012523315,-1.6461454728806764,0.24714575949441547,4.153303259877459,0.6992449760437012,-5.9975122884415765e-05,0.04656911387148445,-5.9975122884415765e-05,0.0,-0.0,False,False,14,1.0,50,0.116,0.1,0.028,0.7028176188468933,0.38506534695625305,0,False
72,7.186305007897317,7.180000000000007,0.09999999999999432,166,-1.4479124309285025,-1.6418331297648152,0.32423917464471025,4.1524553495791166,0.6991022229194641,0.00018801102003645134,0.0467571248915209,0.00018801102003645134,0.0,-0.0,False,False,14,1.0,50,0.136,0.1,0.028,0.7116695046424866,0.3885173499584198,0,False
73,7.2863981812261045,7.280000000000001,0.09999999999999432,167,-1.433374585243783,-1.6363273977299517,0.4016760362666455,4.150458246450537,0.6987659931182861,0.00044282679082461234,0.04719995168234552,0.00044282679082461234,0.0,-0.0,False,False,14,1.0,50,0.156,0.1,0.028,0.7199084758758545,0.39230936765670776,0,False
74,7.386510433163494,7.3799999999999955,0.10000000000002274,167,-1.41914688480994,-1.629628944861271,0.47982312319554754,4.147286106044213,0.6982319355010986,0.0007033731689041874,0.04790332485124971,0.0007033731689041874,0.0,-0.0,False,False,14,1.0,50,0.176,0.1,0.028,0.7301791906356812,0.4029792845249176,0,False
75,7.486570707056671,7.47999999999999,0.09999999999999432,165,-1.4052766058837074,-1.621699706928286,0.5605700637627025,4.142890779800406,0.6974919438362122,0.000974595746868802,0.04887792059811851,0.000974595746868802,0.0,-0.0,False,False,14,1.0,50,0.196,0.1,0.028,0.7452173829078674,0.419971227645874,0,False
76,7.5867921081371605,7.579999999999984,0.09999999999999432,163,-1.3920630624810484,-1.6125409813142018,0.6637554045033764,4.13719969084598,0.6965337991714478,-0.0012380888738690089,0.0476398317242495,0.0012619111261309912,0.0,-0.0025,True,True,15,1.0,50,0.016,0.1,0.03,0.9779385924339294,0.17063193023204803,0,False
77,7.686838491819799,7.680000000000007,0.09999999999999432,166,-1.3769971097209075,-1.5999633259587274,0.7150031699099646,4.128709258789678,0.6951043605804443,0.0018826222473951521,0.049522453971644655,0.0018826222473951521,0.0,-0.0,False,False,15,1.0,50,0.036,0.1,0.03,0.9783858060836792,0.1699497401714325,0,False
78,7.786994424182922,7.780000000000001,0.09999999999999432,167,-1.3610455540913706,-1.5856170337652749,0.7487601449810478,4.118806941025741,0.6934372186660767,0.0021956861087331064,0.05171814008037776,0.0021956861087331064,0.0,-0.0,False,False,15,1.0,50,0.056,0.1,0.03,0.9786685705184937,0.16957302391529083,0,False
79,7.886951038148254,7.8799999999999955,0.10000000000002274,166,-1.3455787474285814,-1.5707367250133533,0.7828880383414912,4.1083516228918615,0.6916769742965698,0.0023183054044730008,0.054036445484850766,0.0023183054044730008,0.0,-0.0,False,False,15,1.0,50,0.076,0.1,0.03,0.9789526462554932,0.16919474303722382,0,False
80,7.986914542037994,7.97999999999999,0.09999999999999432,166,-1.3306127508963537,-1.555336776968758,0.8166908676516411,4.097350031025063,0.6898247599601746,0.0024394331722875306,0.056475878657138295,0.0024394331722875306,0.0,-0.0,False,False,15,1.0,50,0.096,0.1,0.03,0.9794480800628662,0.1683085858821869,0,False
81,8.086713577155024,8.079999999999984,0.09999999999999432,165,-1.316161197116314,-1.5394329764370236,0.8501538811328977,4.085809600129423,0.6878818273544312,0.0025589124092374525,0.05903479106637575,0.0025589124092374525,0.0,-0.0,False,False,15,1.0,50,0.116,0.1,0.03,0.9799279570579529,0.16743871569633484,0,False
82,8.186779209878296,8.180000000000007,0.09999999999999432,166,-1.3022391585929696,-1.523045087390479,0.8834116790087696,4.0737405971772365,0.6858499050140381,0.0026761151035652056,0.06171090616994095,0.0026761151035652056,0.0,-0.0,False,False,15,1.0,50,0.136,0.1,0.03,0.9803946018218994,0.1665809154510498,0,False
83,8.287067980971187,8.280000000000001,0.09999999999999432,166,-1.2888613171113645,-1.5061966586365632,0.9164784725773255,4.061157537543133,0.6837314367294312,0.0027900992376329718,0.06450100540757392,0.0027900992376329718,0.0,-0.0,False,False,15,1.0,50,0.156,0.1,0.03,0.9812659621238708,0.16358451545238495,0,False
84,8.387020455207676,8.379999999999995,0.10000000000002274,166,-1.276033616408289,-1.4889070566290263,0.9489127285360393,4.0480735204676295,0.681528627872467,0.0029011788173204166,0.06740218422489433,0.0029011788173204166,0.0,-0.0,False,False,15,1.0,50,0.176,0.1,0.03,0.9821285605430603,0.16027463972568512,0,False
85,8.486894479952753,8.47999999999999,0.09999999999999432,167,-1.2637583659344733,-1.4712018368740007,0.9807240290194801,4.034507309727683,0.6792446374893188,0.003008097819111237,0.07041028204400557,0.003008097819111237,0.0,-0.0,False,False,15,1.0,50,0.196,0.1,0.03,0.98288893699646,0.15704751014709473,0,False
86,8.587063821963966,8.579999999999984,0.09999999999999432,166,-1.2520124951593203,-1.4531930553707086,0.9920911111733771,4.020568655716814,0.6768979430198669,0.000590681365282036,0.0710009634092876,0.003090681365282036,0.0,-0.0025,True,True,16,1.0,50,0.016,0.1,0.032,0.9702065587043762,-0.14406976103782654,0,False
87,8.687047545798123,8.680000000000007,0.09999999999999432,166,-1.2399423418352087,-1.4355092717365503,0.960258367096702,4.007101928398092,0.6746307015419006,0.0029860389061133843,0.073987002315401,0.0029860389061133843,0.0,-0.0,False,False,16,1.0,50,0.036,0.1,0.032,0.9712873101234436,-0.14500486850738525,0,False
88,8.7872378481552,8.780000000000001,0.09999999999999432,164,-1.2273712972165722,-1.4181447336466992,0.9290453182440443,3.9941566924653653,0.6724512577056885,0.0028704062411808143,0.07685740855658181,0.0028704062411808143,0.0,-0.0,False,False,16,1.0,50,0.056,0.1,0.032,0.9728182554244995,-0.14737112820148468,0,False
89,8.887281560804695,8.879999999999995,0.10000000000002274,166,-1.2142828304655309,-1.401132017598155,0.8994126607417974,3.9817747238748775,0.670366644859314,0.0027455104028184557,0.07960291895940026,0.0027455104028184557,0.0,-0.0,False,False,16,1.0,50,0.076,0.1,0.032,0.9742104411125183,-0.14962710440158844,0,False
90,8.98727090517059,8.97999999999999,0.09999999999999432,167,-1.2006778737620878,-1.384495636730149,0.8699456532685282,3.9699850533758827,0.6683817505836487,0.0026141774439372052,0.08221709640333746,0.0026141774439372052,0.0,-0.0,False,False,16,1.0,50,0.096,0.1,0.032,0.9754171371459961,-0.14794698357582092,0,False
91,9.087322297971696,9.079999999999984,0.09999999999999432,167,-1.1865705184864508,-1.3682511980194354,0.840775557141938,3.958803966510646,0.6664993166923523,0.0024792334174476636,0.08469632982078512,0.0024792334174476636,0.0,-0.0,False,False,16,1.0,50,0.116,0.1,0.032,0.9765799045562744,-0.14525046944618225,0,False
92,9.18701564380899,9.180000000000007,0.09999999999999432,167,-1.171979098300975,-1.3524031962670489,0.8119684097492058,3.948235711681497,0.6647200584411621,0.002343347373321189,0.08703967719410631,0.002343347373321189,0.0,-0.0,False,False,16,1.0,50,0.136,0.1,0.032,0.9777544140815735,-0.14242655038833618,0,False
93,9.287484914064407,9.280000000000001,0.09999999999999432,168,-1.156924554375278,-1.336956376863987,0.7837091963220957,3.9382838292237103,0.6630445718765259,0.0022066763144973204,0.08924635350860363,0.0022066763144973204,0.0,-0.0,False,False,16,1.0,50,0.156,0.1,0.032,0.9788522720336914,-0.1394999474287033,0,False
94,9.387275498826057,9.379999999999995,0.10000000000002274,167,-1.1414252446120041,-1.3219206117870996,0.7560601312432135,3.928957169975474,0.661474347114563,0.002068042718929768,0.0913143962275334,0.002068042718929768,0.0,-0.0,False,False,16,1.0,50,0.176,0.1,0.032,0.9798770546913147,-0.13647973537445068,0,False
95,9.487617230042815,9.47999999999999,0.09999999999999432,159,-1.125505322725386,-1.3073026249236945,0.7290245554080009,3.920258920238535,0.6600099205970764,0.0019287026101346392,0.09324309883766804,0.0019287026101346392,0.0,-0.0,False,False,16,1.0,50,0.196,0.1,0.032,0.9806985855102539,-0.1309218555688858,0,False
96,9.587603493127972,9.579999999999984,0.09999999999999432,167,-1.1093783553920191,-1.2931760670439554,0.7226821695212673,3.912192974381696,0.6586519479751587,-0.0007115010148277025,0.09253159782284034,0.0017884989851722976,0.0,-0.0025,True,True,17,1.0,50,0.016,0.1,0.034,0.8972841501235962,0.3344368636608124,0,False
97,9.687472457997501,9.680000000000007,0.09999999999999432,165,-1.09505735657053,-1.2795692971994945,0.7941681932713607,3.90411392928434,0.6572917699813843,0.001791403539552717,0.09432300136239306,0.001791403539552717,0.0,-0.0,False,False,17,1.0,50,0.036,0.1,0.034,0.8966225981712341,0.33925381302833557,0,False
98,9.7877306798473,9.780000000000001,0.09999999999999432,166,-1.0817859174087836,-1.2651440923030144,0.8628435034762548,3.894992963515576,0.6557561755180359,0.002022433365008698,0.09634543472740176,0.002022433365008698,0.0,-0.0,False,False,17,1.0,50,0.056,0.1,0.034,0.8987860083580017,0.3483193516731262,0,False
99,9.887789613101631,9.879999999999995,0.10000000000002274,167,-1.0694991801330689,-1.249791808169467,0.9316075326572116,3.8847408606264766,0.6540301442146301,0.0022732455608400677,0.09861868028824182,0.0022732455608400677,0.0,-0.0,False,False,17,1.0,50,0.076,0.1,0.034,0.9040415287017822,0.34650295972824097,0,False
100,9.987814056221396,9.97999999999999,0.09999999999999432,167,-1.0582353701915108,-1.233537274525805,1.0001267596110917,3.8733611609523173,0.6521142721176147,0.0025232727419738457,0.10114195303021567,0.0025232727419738457,0.0,-0.0,False,False,17,1.0,50,0.096,0.1,0.034,0.9099550247192383,0.3424091041088104,0,False
101,10.087680710945278,10.079999999999984,0.09999999999999432,167,-1.0480358924080764,-1.216414578878033,1.067878460834989,3.8608627153312844,0.6500100493431091,0.0027713373863642358,0.1039132904165799,0.0027713373863642358,0.0,-0.0,False,False,17,1.0,50,0.116,0.1,0.034,0.9193387031555176,0.33141961693763733,0,False
102,10.18751807603985,10.180000000000007,0.09999999999999432,167,-1.0389061436082625,-1.1984685685024434,1.1335091354948652,3.8472784488814353,0.6477230191230774,0.0030121013940683236,0.10692539181064822,0.0030121013940683236,0.0,-0.0,False,False,17,1.0,50,0.136,0.1,0.034,0.9274477362632751,0.32151463627815247,0,False
103,10.287612218875438,10.280000000000001,0.09999999999999432,167,-1.0308880060608099,-1.1798167103044233,1.1971831737722698,3.8326954538505325,0.6452678442001343,0.0032335540402155393,0.11015894585086376,0.0032335540402155393,0.0,-0.0,False,False,17,1.0,50,0.156,0.1,0.034,0.9308637976646423,0.3131335377693176,0,False
104,10.388028848916292,10.379999999999995,0.10000000000002274,167,-1.024034864716862,-1.1606350276712318,1.2591316902582659,3.817250387180188,0.6426675319671631,0.003424705119041569,0.11358365096990533,0.003424705119041569,0.0,-0.0,False,False,17,1.0,50,0.176,0.1,0.034,0.9325116276741028,0.3021323084831238,0,False
105,10.487916883081198,10.47999999999999,0.09999999999999432,167,-1.0183530820800502,-1.1410373061657717,1.3188340498177364,3.8010384838892968,0.6399381160736084,0.0035947393025065806,0.1171783902724119,0.0035947393025065806,0.0,-0.0,False,False,17,1.0,50,0.196,0.1,0.034,0.9333176016807556,0.29144933819770813,0,False
106,10.588056765962392,10.579999999999984,0.09999999999999432,166,-1.0138730483497806,-1.1215663570103214,1.3599991638077487,3.7845444158769945,0.6371611952781677,0.0011573049738924377,0.11833569524630434,0.0036573049738924377,0.0,-0.0025,True,True,18,1.0,50,0.016,0.1,0.036,0.9547351598739624,-0.1555437296628952,0,False
107,10.687739721965045,10.680000000000007,0.09999999999999432,163,-1.0090765152266508,-1.1011677814451901,1.3236124020087783,3.767339094507962,0.6342645287513733,0.0038150144266076054,0.12215070967291194,0.0038150144266076054,0.0,-0.0,False,False,18,1.0,50,0.036,0.1,0.036,0.957565426826477,-0.15072278678417206,0,False
108,10.78809679299593,10.780000000000001,0.09999999999999432,162,-1.0036269943640672,-1.0807524411909808,1.2931643834912283,3.7503992982845484,0.6314125657081604,0.0037561383242997585,0.1259068479972117,0.0037561383242997585,0.0,-0.0,False,False,18,1.0,50,0.056,0.1,0.036,0.959908127784729,-0.14625853300094604,0,False
109,10.887756159063429,10.879999999999995,0.10000000000002274,164,-0.9975610361243212,-1.060463875211185,1.2650359237408995,3.733851417176068,0.6286265850067139,0.0036692371972933875,0.1295760851945051,0.0036692371972933875,0.0,-0.0,False,False,18,1.0,50,0.076,0.1,0.036,0.9619659185409546,-0.1415821760892868,0,False
110,10.98790790187195,10.97999999999999,0.09999999999999432,168,-0.990903092947004,-1.0403141539713108,1.237566015810582,3.7177028858865975,0.625907838344574,0.0035806875394225075,0.1331567727339276,0.0035806875394225075,0.0,-0.0,False,False,18,1.0,50,0.096,0.1,0.036,0.9636973142623901,-0.13335438072681427,0,False
111,11.088251031935215,11.079999999999984,0.09999999999999432,168,-0.9836903928149718,-1.0203162185496306,1.2113342638416833,3.7019583068519952,0.6232571005821228,0.0034911173624447784,0.13664789009637238,0.0034911173624447784,0.0,-0.0,False,False,18,1.0,50,0.116,0.1,0.036,0.9652952551841736,-0.12538565695285797,0,False
112,11.187894579023123,11.180000000000007,0.09999999999999432,168,-0.9759604302125037,-1.0004782770156386,1.1866037186927607,3.686616617971678,0.620674192905426,0.003401782689876405,0.14004967278624877,0.003401782689876405,0.0,-0.0,False,False,18,1.0,50,0.136,0.1,0.036,0.9667582511901855,-0.11774717271327972,0,False
113,11.288306708913296,11.280000000000001,0.09999999999999432,169,-0.9677493421499308,-0.9808045085061753,1.1634296337905257,3.6716728627762616,0.6181582808494568,0.003313547037884404,0.1433632198241332,0.003313547037884404,0.0,-0.0,False,False,18,1.0,50,0.156,0.1,0.036,0.9680948853492737,-0.11045859009027481,0,False
114,11.388007634785026,11.379999999999995,0.10000000000002274,167,-0.9590846087516093,-0.9612994433547938,1.1417180962505484,3.657125979165163,0.6157091856002808,0.003225546890301661,0.14658876671443485,0.003225546890301661,0.0,-0.0,False,False,18,1.0,50,0.176,0.1,0.036,0.9693015813827515,-0.10406459122896194,0,False
115,11.488461615052074,11.47999999999999,0.09999999999999432,166,-0.9499985245308261,-0.9419607723353495,1.1212254484991044,3.6429667622666675,0.6133253574371338,0.0031395877809322226,0.1497283544953671,0.0031395877809322226,0.0,-0.0,False,False,18,1.0,50,0.196,0.1,0.036,0.9704113006591797,-0.09843485802412033,0,False
116,11.588086131960154,11.579999999999984,0.09999999999999432,167,-0.9410494717478997,-0.9238296869092413,1.1067370378087287,3.62992841551621,0.6111302375793457,0.00039105212772351386,0.1501194066230906,0.002891052127723514,0.0,-0.0025,True,True,19,1.0,50,0.016,0.1,0.038,0.8563633561134338,0.03511735051870346,0,False
117,11.688307852949947,11.680000000000007,0.09999999999999432,169,-0.9327487366195845,-0.9069341790505727,1.1168095037873396,3.6178225930771655,0.609092116355896,0.0026842792564183266,0.1528036858795089,0.0026842792564183266,0.0,-0.0,False,False,19,1.0,50,0.036,0.1,0.038,0.8562464714050293,0.034770719707012177,0,False
118,11.789063220843673,11.780000000000001,0.10099999999999909,169,-0.9245618201622203,-0.8899854690650695,1.1248910672023813,3.6056792430842064,0.6070476770401001,0.0026926004122112806,0.1554962862917202,0.0026926004122112806,0.0,-0.0,False,False,19,1.0,50,0.056,0.1,0.038,0.8561669588088989,0.033455152064561844,0,False
119,11.889059803914279,11.879999999999995,0.09999999999999432,165,-0.9164906587391127,-0.8729827399085653,1.1314176632330954,3.593496241336169,0.6049965620040894,0.002701392576822455,0.15819767886854263,0.002701392576822455,0.0,-0.0,False,False,19,1.0,50,0.076,0.1,0.038,0.8561162352561951,0.03138419985771179,0,False
120,11.990495604928583,11.97999999999999,0.10099999999999909,171,-0.9085267954569675,-0.8559302438016516,1.137360495550027,3.581281022537129,0.602940022945404,0.002708536210569219,0.16090621507911185,0.002708536210569219,0.0,-0.0,False,False,19,1.0,50,0.096,0.1,0.038,0.8560764789581299,0.029022200033068657,0,False
121,12.09147528000176,12.079999999999984,0.10100000000002751,168,-0.9006647372855904,-0.8388273392873056,1.1429815823922527,3.5690346487876705,0.6008782386779785,0.0027154443399066263,0.16362165941901846,0.0027154443399066263,0.0,-0.0,False,False,19,1.0,50,0.116,0.1,0.038,0.8560428619384766,0.02649335376918316,0,False
122,12.192552835214883,12.180000000000007,0.10099999999999909,171,-0.8928973605993699,-0.8216801386190334,1.1481784992519373,3.556765616892452,0.5988126397132874,0.002720468433970267,0.16634212785298874,0.002720468433970267,0.0,-0.0,False,False,19,1.0,50,0.136,0.1,0.038,0.8560172915458679,0.02375052496790886,0,False
123,12.29333714209497,12.280000000000001,0.10099999999999909,165,-0.8852148086187465,-0.80449452043693,1.1528286329905295,3.5444827776896615,0.59674471616745,0.002723529991290323,0.16906565784427907,0.002723529991290323,0.0,-0.0,False,False,19,1.0,50,0.156,0.1,0.038,0.8560020923614502,0.020736444741487503,0,False
124,12.39438849594444,12.379999999999995,0.10099999999999909,172,-0.8776078327331978,-0.787275985661153,1.1568536718995703,3.5321956900845413,0.5946760773658752,0.002724472008927157,0.17179012985320624,0.002724472008927157,0.0,-0.0,False,False,19,1.0,50,0.176,0.1,0.038,0.8559988141059875,0.017414851114153862,0,False
125,12.494083021767437,12.47999999999999,0.09999999999999432,168,-0.8700647761962318,-0.7700289715517843,1.1601979723176463,3.519912850881751,0.5926081538200378,0.0027235299912902245,0.17451365984449646,0.0027235299912902245,0.0,-0.0,False,False,19,1.0,50,0.196,0.1,0.038,0.8560085296630859,0.013759891502559185,0,False
126,12.594485641922802,12.579999999999984,0.09999999999999432,168,-0.8628126584696213,-0.7531343264330357,1.1851036286618792,3.5078771270811493,0.5905818343162537,0.00016873596540918417,0.17468239580990563,0.0026687359654091842,0.0,-0.0025,True,True,20,1.0,50,0.016,0.1,0.04,0.7971081733703613,0.27586376667022705,0,False
127,12.694429026916623,12.680000000000007,0.09999999999999432,164,-0.8567684989291964,-0.7367938646996592,1.2412580148039976,3.495860167057505,0.5885586738586426,0.002664575387512658,0.1773469711974183,0.002664575387512658,0.0,-0.0,False,False,20,1.0,50,0.036,0.1,0.04,0.7959874868392944,0.27454444766044617,0,False
128,12.79491806589067,12.780000000000001,0.09999999999999432,166,-0.8516189919815461,-0.7201753188437068,1.2978684993694456,3.4832424121377077,0.5864343643188477,0.002797792381667872,0.18014476357908618,0.002797792381667872,0.0,-0.0,False,False,20,1.0,50,0.056,0.1,0.04,0.795260488986969,0.27343374490737915,0,False
129,12.894955828785896,12.879999999999995,0.10000000000002274,168,-0.8473805021436076,-0.7033073624099743,1.352722626245592,3.470035191394637,0.5842108130455017,0.0029284973287912663,0.18307326090787746,0.0029284973287912663,0.0,-0.0,False,False,20,1.0,50,0.076,0.1,0.04,0.7961349487304688,0.27243664860725403,0,False
130,12.994894963223487,12.97999999999999,0.09999999999999432,169,-0.8440605967990312,-0.6862122547192383,1.4067474499758865,3.4562484177670627,0.5818896889686584,0.003057004234761719,0.18613026514263917,0.003057004234761719,0.0,-0.0,False,False,20,1.0,50,0.096,0.1,0.04,0.7977406978607178,0.27124062180519104,0,False
131,13.094708849210292,13.079999999999984,0.09999999999999432,169,-0.8416633144552065,-0.6689040074623859,1.4603839937771297,3.441886693690842,0.5794717669487,0.003184490621625716,0.18931475576426487,0.003184490621625716,0.0,-0.0,False,False,20,1.0,50,0.116,0.1,0.04,0.8036248683929443,0.26410046219825745,0,False
132,13.194638153072447,13.180000000000007,0.09999999999999432,163,-0.8401763223732736,-0.6513700641514538,1.5126096569856902,3.4269386900930954,0.5769551396369934,0.0033144890555213366,0.19262924481978622,0.0033144890555213366,0.0,-0.0,False,False,20,1.0,50,0.136,0.1,0.04,0.8076565265655518,0.2558801770210266,0,False
133,13.295124892145395,13.280000000000001,0.09999999999999432,169,-0.8395886054309778,-0.6336903298188271,1.5632804021020708,3.4114748596457938,0.5743516683578491,0.003428865696937997,0.19605811051672423,0.003428865696937997,0.0,-0.0,False,False,20,1.0,50,0.156,0.1,0.04,0.8110799193382263,0.25053146481513977,0,False
134,13.395046527031809,13.379999999999995,0.10000000000002274,167,-0.8398876595140128,-0.6159350794278465,1.6130629361967592,3.3955582203168304,0.5716719627380371,0.003529269076740304,0.19958737959346454,0.003529269076740304,0.0,-0.0,False,False,20,1.0,50,0.176,0.1,0.04,0.813012957572937,0.24963340163230896,0,False
135,13.494833392091095,13.47999999999999,0.09999999999999432,168,-0.8410722546281344,-0.5981721766452649,1.6627304307556874,3.3792443553700218,0.5689253807067871,0.003617347725792767,0.20320472731925732,0.003617347725792767,0.0,-0.0,False,False,20,1.0,50,0.196,0.1,0.04,0.8154160976409912,0.24944132566452026,0,False
136,13.595100822858512,13.579999999999984,0.09999999999999432,168,-0.8430689718603864,-0.5806461365309848,1.6943747434538332,3.3627793181069743,0.566153347492218,0.0011508678533733488,0.20435559517263066,0.003650867853373349,0.0,-0.0025,True,True,21,1.0,50,0.016,0.1,0.042,0.6137876510620117,-0.6349168419837952,0,False
137,13.695281704887748,13.680000000000007,0.09999999999999432,168,-0.8445655002570599,-0.5639558814098716,1.6095917118327177,3.3472992021174077,0.5635471343994141,0.0034324767645462877,0.20778807193717694,0.0034324767645462877,0.0,-0.0,False,False,21,1.0,50,0.036,0.1,0.042,0.6203823089599609,-0.6523738503456116,0,False
138,13.79514200007543,13.780000000000001,0.09999999999999432,160,-0.8442316472142322,-0.5499381040950863,1.4778171835819094,3.335048579965619,0.5614846348762512,0.002716386357543559,0.2105044582947205,0.002716386357543559,0.0,-0.0,False,False,21,1.0,50,0.056,0.1,0.042,0.6294341683387756,-0.6809710264205933,0,False
139,13.89506161492318,13.879999999999995,0.10000000000002274,167,-0.8420151194841893,-0.5360066488441044,1.342072814718915,3.323770841947377,0.5595859289169312,0.0025006643186877577,0.21300512261340826,0.0025006643186877577,0.0,-0.0,False,False,21,1.0,50,0.076,0.1,0.042,0.6243444085121155,-0.7112223505973816,0,False
140,13.995034838095307,13.97999999999999,0.09999999999999432,169,-0.8379550016770342,-0.5227325688520817,1.1998375915933017,3.31396305113528,0.5579347014427185,0.0021747262163115274,0.2151798488297198,0.0021747262163115274,0.0,-0.0,False,False,21,1.0,50,0.096,0.1,0.042,0.6018049716949463,-0.7485042810440063,0,False
141,14.095387918874621,14.079999999999984,0.09999999999999432,170,-0.8322078371434288,-0.5106232429913683,1.0497647454540187,3.306009687940183,0.5565956830978394,0.0017635355177937305,0.21694338434751353,0.0017635355177937305,0.0,-0.0,False,False,21,1.0,50,0.116,0.1,0.042,0.5776500701904297,-0.7807506918907166,0,False
142,14.19495142577216,14.180000000000007,0.09999999999999432,168,-0.8249757269426949,-0.49996576303774587,0.8932836264950442,3.300076086019425,0.5555967092514038,0.001315684632905576,0.2182590689804191,0.001315684632905576,0.0,-0.0,False,False,21,1.0,50,0.136,0.1,0.042,0.5499348640441895,-0.8115047812461853,0,False
143,14.295186487957835,14.280000000000001,0.09999999999999432,168,-0.8165699143487356,-0.4910400724441758,0.7307015033735946,3.2962649150959793,0.5549550652503967,0.0008450683217915985,0.2191041373022107,0.0008450683217915985,0.0,-0.0,False,False,21,1.0,50,0.156,0.1,0.042,0.5164452195167542,-0.8392589688301086,0,False
144,14.39528501080349,14.379999999999995,0.10000000000002274,169,-0.8074250408043625,-0.4840788858887078,0.562925112446409,3.2945722808010425,0.5546700954437256,0.0003753155268449324,0.21947945282905565,0.0003753155268449324,0.0,-0.0,False,False,21,1.0,50,0.176,0.1,0.042,0.4834897518157959,-0.8608827590942383,0,False
145,14.495386423077434,14.47999999999999,0.09999999999999432,168,-0.7977836954909119,-0.47905512680708384,0.39101299804099987,3.294853029388343,0.5547173619270325,-6.225166550678141e-05,0.21941720116354888,-6.225166550678141e-05,0.0,-0.0,False,False,21,1.0,50,0.196,0.1,0.042,0.4652262032032013,-0.8789284825325012,0,False
146,14.59548995597288,14.579999999999984,0.09999999999999432,168,-0.7878775893528791,-0.4758364776632837,0.24560436946119074,3.2968734987297372,0.5550575256347656,-0.0029480078878276928,0.21646919327572117,-0.0004480078878276926,0.0,-0.0025,True,True,22,1.0,50,0.016,0.1,0.044,-0.019441301003098488,-0.9767635464668274,0,False
147,14.695485739968717,14.680000000000007,0.09999999999999432,168,-0.7839391391397302,-0.4750313988452273,0.10250133889334224,3.2980991628019125,0.555263876914978,-0.00027177208825285,0.21619742118746832,-0.00027177208825285,0.0,-0.0,False,False,22,1.0,50,0.036,0.1,0.044,-0.03275875747203827,-0.9848625659942627,0,False
148,14.795802760869265,14.780000000000001,0.09999999999999432,168,-0.7839188757163378,-0.47499015381608983,-0.09096644419508619,3.298073318354406,0.5552595257759094,5.730607291217116e-06,0.21620315179475955,5.730607291217116e-06,0.0,-0.0,False,False,22,1.0,50,0.056,0.1,0.044,-0.018122894689440727,-0.9911166429519653,0,False
149,14.895503066945821,14.879999999999995,0.10000000000002274,168,-0.7838061740334455,-0.4749999864371863,-0.2865812638437033,3.298137044389354,0.555270254611969,-1.4130264553792603e-05,0.21618902153020575,-1.4130264553792603e-05,0.0,-0.0,False,False,22,1.0,50,0.076,0.1,0.044,0.022815588861703873,-0.9948753118515015,0,False
150,14.995965876150876,14.97999999999999,0.09999999999999432,169,-0.7828759514701129,-0.4753686407720161,-0.484272299329401,3.298914147982198,0.555401086807251,-0.00017231072608757408,0.21601671080411816,-0.00017231072608757408,0.0,-0.0,False,False,22,1.0,50,0.096,0.1,0.044,0.039938025176525116,-0.9975929260253906,0,False
151,15.095770092215389,15.079999999999984,0.09999999999999432,167,-0.7817932780306768,-0.47607143267000757,-0.682849445883001,3.300057676275996,0.5555936098098755,-0.00025355974727244774,0.2157631510568457,-0.00025355974727244774,0.0,-0.0,False,False,22,1.0,50,0.116,0.1,0.044,0.04693210870027542,-0.9992929100990295,0,False
152,15.195858525112271,15.180000000000007,0.09999999999999432,169,-0.7807262762248749,-0.4771132428700483,-0.8816429115088881,3.3014886797941165,0.5558345317840576,-0.00031730294070429863,0.2154458481161414,-0.00031730294070429863,0.0,-0.0,False,False,22,1.0,50,0.136,0.1,0.044,0.0708053931593895,-0.9998663663864136,0,False
153,15.295846878085285,15.280000000000001,0.09999999999999432,169,-0.7795822959773873,-0.47879742468466,-1.0804158888875026,3.30351764594017,0.5561761260032654,-0.0004498919231014594,0.21499595619303993,-0.0004498919231014594,0.0,-0.0,False,False,22,1.0,50,0.156,0.1,0.044,0.3362221121788025,-0.9999233484268188,0,False
154,15.39566573407501,15.379999999999995,0.10000000000002274,168,-0.7780418220489727,-0.4827099824254214,-1.2739540707815395,3.307682850391108,0.5568773746490479,-0.0009235697915354925,0.21407238640150444,-0.0009235697915354925,0.0,-0.0,False,False,22,1.0,50,0.176,0.1,0.044,0.26748988032341003,-0.9999878406524658,0,False
155,15.49571286700666,15.47999999999999,0.09999999999999432,166,-0.7768371644588006,-0.4884989095713451,-1.4741655573923478,3.313319064148773,0.5578262805938721,-0.0012497433983207837,0.21282264300318365,-0.0012497433983207837,0.0,-0.0,False,False,22,1.0,50,0.196,0.1,0.044,0.19344869256019592,-0.9999972581863403,0,False
156,15.59596287785098,15.579999999999984,0.09999999999999432,168,-0.7769905040236101,-0.4967413697293497,-1.6725043351163322,3.320432305783132,0.5590238571166992,-0.004077251530091705,0.20874539147309196,-0.001577251530091705,0.0,-0.0025,True,True,23,1.0,50,0.016,0.1,0.046,1.0,-0.31004083156585693,0,False
157,15.695817273110151,15.680000000000007,0.09999999999999432,169,-0.7797673653934692,-0.5114658361678216,-1.8252763916665047,3.3319345010578036,0.5609603524208069,-0.0025504342505052557,0.2061949572225867,-0.0025504342505052557,0.0,-0.0,False,False,23,1.0,50,0.036,0.1,0.046,1.0,-0.32778212428092957,0,False
158,15.795866426080465,15.780000000000001,0.09999999999999432,168,-0.7858272351795647,-0.5305383716229424,-1.9183362947044544,3.345685163265574,0.5632753968238831,-0.0030489970848479393,0.20314596013773878,-0.0030489970848479393,0.0,-0.0,False,False,23,1.0,50,0.056,0.1,0.046,1.0,-0.3374790847301483,0,False
159,15.8961047581397,15.879999999999995,0.10000000000002274,166,-0.7939966396367631,-0.5510877612934492,-1.9843604321884134,3.359786672699088,0.5656495094299316,-0.0031267920413639615,0.20001916809637482,-0.0031267920413639615,0.0,-0.0,False,False,23,1.0,50,0.076,0.1,0.046,1.0,-0.34311312437057495,0,False
160,15.996262330096215,15.97999999999999,0.09999999999999432,166,-0.8035526058327431,-0.5710375240329346,-2.0520496931906407,3.372789262063269,0.5678386092185974,-0.0028831234792793554,0.19713604461709547,-0.0028831234792793554,0.0,-0.0,False,False,23,1.0,50,0.096,0.1,0.046,1.0,-0.3467469811439514,0,False
161,16.09590766718611,16.079999999999984,0.09999999999999432,167,-0.8144607677586944,-0.5902862410733613,-2.121010925220903,3.384633807759025,0.5698327422142029,-0.002626345171747511,0.19450969944534796,-0.002626345171747511,0.0,-0.0,False,False,23,1.0,50,0.116,0.1,0.046,0.9999999403953552,-0.34802958369255066,0,False
162,16.196303097065538,16.180000000000007,0.09999999999999432,166,-0.8266749760774853,-0.6087379806076546,-2.190421873044381,3.395269682991925,0.5716233849525452,-0.002358341154042293,0.19215135829130567,-0.002358341154042293,0.0,-0.0,False,False,23,1.0,50,0.136,0.1,0.046,1.0,-0.35017141699790955,0,False
163,16.296244790777564,16.28,0.09999999999999432,168,-0.8401439072335973,-0.6262989470655795,-2.260190371666238,3.4046490932357574,0.5732024908065796,-0.0020797394379215585,0.1900716188533841,-0.0020797394379215585,0.0,-0.0,False,False,23,1.0,50,0.156,0.1,0.046,1.0,-0.35200199484825134,0,False
164,16.396395552903414,16.379999999999995,0.10000000000002274,168,-0.8548084758116479,-0.6428786418551493,-2.3302374232115963,3.4127302625342786,0.5745630264282227,-0.0017918745483712325,0.18827974430501287,-0.0017918745483712325,0.0,-0.0,False,False,23,1.0,50,0.176,0.1,0.046,1.0,-0.3532787263393402,0,False
165,16.496088929940015,16.47999999999999,0.09999999999999432,165,-0.8706012493373232,-0.6583917764999286,-2.400536990091242,3.4194767254341567,0.5756988525390625,-0.00149592400743721,0.18678382029757568,-0.00149592400743721,0.0,-0.0,False,False,23,1.0,50,0.196,0.1,0.046,1.0,-0.35455843806266785,0,False
166,16.596282321959734,16.579999999999984,0.09999999999999432,167,-0.8873925790963403,-0.6727029685098315,-2.472458089253092,3.424833606738631,0.5766007304191589,-0.0036878057386929798,0.1830960145588827,-0.00118780573869298,0.0,-0.0025,True,True,24,5.0,10,0.016,0.5,0.048,0.9933780431747437,-0.3654661178588867,0,False
167,16.696311525069177,16.680000000000007,0.09999999999999432,165,-0.9051256061238523,-0.6857167865734766,-2.5449704221574136,3.428745677217412,0.577259361743927,-0.0008674412406686255,0.18222857331821407,-0.0008674412406686255,0.0,-0.0,False,False,24,5.0,10,0.036,0.5,0.048,0.99237459897995,-0.363451212644577,0,False
168,16.79641926800832,16.78,0.09999999999999432,168,-0.9237959191150711,-0.6974562741765516,-2.614620697073005,3.4312409055191724,0.577679455280304,-0.0030532783587541024,0.17917529495945997,-0.0005532783587541023,0.0,-0.0025,True,True,25,5.0,10,0.016,0.5,0.05,0.9988424777984619,-0.33912280201911926,0,False
169,16.89632359193638,16.879999999999995,0.10000000000002274,165,-0.9432518297508486,-0.7079285695354728,-2.6822328825600086,3.4323950548187945,0.5778737664222717,-0.00025591479136463164,0.17891938016809533,-0.00025591479136463164,0.0,-0.0,False,False,25,5.0,10,0.036,0.5,0.05,0.9987857341766357,-0.3379063308238983,0,False
170,16.996483753900975,16.97999999999999,0.09999999999999432,165,-0.96337051166328,-0.7170736288484655,-2.7477150315975227,3.4322081251162793,0.5778422951698303,-0.002458551223975358,0.17646082894411996,4.1448776024642116e-05,0.0,-0.0025,True,True,26,5.0,10,0.016,0.5,0.052,0.999952495098114,-0.3276461064815521,0,False
171,17.096307760104537,17.079999999999984,0.09999999999999432,167,-0.9840506478861434,-0.7248970592984234,-2.813001209594759,3.4307279109378372,0.5775930881500244,0.0003282146449986945,0.17678904358911865,0.0003282146449986945,0.0,-0.0,False,False,26,5.0,10,0.036,0.5,0.052,0.9999375939369202,-0.32959243655204773,0,False
172,17.196285663172603,17.180000000000007,0.09999999999999432,165,-1.0051247097804452,-0.7313920317190247,-2.862732296484631,3.428016014117252,0.5771365165710449,-0.0018986787417627272,0.17489036484735593,0.0006013212582372729,0.0,-0.0025,True,True,27,5.0,10,0.016,0.5,0.054,0.9985239505767822,-0.168705552816391,0,False
173,17.296721622813493,17.28,0.09999999999999432,165,-1.0263877444120535,-0.737144654161175,-2.8963603024607893,3.4246877449253046,0.5765761733055115,0.0007379923170611417,0.17562835716441708,0.0007379923170611417,0.0,-0.0,False,False,27,5.0,10,0.036,0.5,0.054,0.9983288645744324,-0.1733594834804535,0,False
174,17.396467559039593,17.379999999999995,0.10000000000002274,165,-1.0478583290223322,-0.7420956997138541,-2.9435882481705518,3.4206800853941006,0.575901448726654,-0.001611363362500538,0.17401699380191654,0.0008886366374994621,0.0,-0.0025,True,True,28,5.0,10,0.016,0.5,0.056,0.9978250861167908,-0.2727484405040741,0,False
175,17.49659205088392,17.47999999999999,0.09999999999999432,167,-1.0695865388699848,-0.7458586181161718,-2.995890530004443,3.4156149277162795,0.5750486850738525,0.0011231205276240979,0.17514011432954063,0.0011231205276240979,0.0,-0.0,False,False,28,5.0,10,0.036,0.5,0.056,0.997327446937561,-0.271418035030365,0,False
176,17.596800352912396,17.579999999999984,0.09999999999999432,163,-1.0914711090797204,-0.7484254880281394,-3.056023019197128,3.4095205945740408,0.574022650718689,-0.0011486756998308175,0.1739914386297098,0.0013513243001691826,0.0,-0.0025,True,True,29,5.0,10,0.016,0.5,0.058,0.994685709476471,-0.3130749762058258,0,False
177,17.696902226191014,17.680000000000007,0.09999999999999432,169,-1.1134362025754543,-0.7496215996750625,-3.1180217308695126,3.402258304824607,0.5727999806404114,0.0016103006488539684,0.1756017392785638,0.0016103006488539684,0.0,-0.0,False,False,29,5.0,10,0.036,0.5,0.058,0.9929841160774231,-0.30120858550071716,0,False
178,17.796945368871093,17.78,0.09999999999999432,166,-1.1353951372579973,-0.7495544819573803,3.1243060528055095,3.3939533863367113,0.5714017748832703,-0.0006585125227507092,0.17494322675581309,0.0018414874772492908,0.0,-0.0025,True,True,30,5.0,10,0.016,0.5,0.06,0.9981407523155212,-0.04972973093390465,0,False
179,17.896935603115708,17.879999999999995,0.10000000000002274,168,-1.1573626594367024,-0.7491661593381987,3.115796490180649,3.3854682647833223,0.5699732303619385,0.0018814447253488633,0.17682467148116196,0.0018814447253488633,0.0,-0.0,False,False,30,5.0,10,0.036,0.5,0.06,0.998106062412262,-0.048570096492767334,0,False
180,17.997020916081965,17.97999999999999,0.09999999999999432,165,-1.1789679805861806,-0.7484803537013383,3.0901278256949922,3.376958360883009,0.5685405135154724,-0.0006130601717690789,0.1762116113093929,0.0018869398282309211,0.0,-0.0025,True,True,31,5.0,10,0.016,0.5,0.062,0.9532201290130615,-0.21885554492473602,0,False
181,18.096710341982543,18.079999999999984,0.09999999999999432,167,-1.1999140363356986,-0.7469085824258729,3.0477110040219904,3.3679726359217472,0.5670276880264282,0.00199244580356649,0.1782040571129594,0.00199244580356649,0.0,-0.0,False,False,31,5.0,10,0.036,0.5,0.062,0.9449118375778198,-0.21455352008342743,0,False
182,18.197105892002583,18.180000000000007,0.09999999999999432,168,-1.2213236113257078,-0.74438659535751,3.0048659250922425,3.35804199547561,0.5653557777404785,-0.00029803377368724454,0.17790602333927213,0.0022019662263127555,0.0,-0.0025,True,True,32,5.0,10,0.016,0.5,0.064,0.9919207692146301,-0.19399003684520721,0,False
183,18.297157935798168,18.28,0.09999999999999432,163,-1.2429504994438767,-0.7409895040539136,2.9658123237672616,3.347323984464332,0.5635513067245483,0.002376553495022794,0.18028257683429494,0.002376553495022794,0.0,-0.0,False,False,32,5.0,10,0.036,0.5,0.064,0.9908048510551453,-0.19280149042606354,0,False
184,18.39666430419311,18.379999999999995,0.10000000000002274,163,-1.2645849722741096,-0.7367535826027457,2.9333025536739354,3.3359241048791057,0.5616320371627808,2.77473257492512e-05,0.1803103241600442,0.0025277473257492513,0.0,-0.0025,True,True,33,5.0,10,0.016,0.5,0.066,0.9995955228805542,-0.13483239710330963,0,False
185,18.49684834619984,18.47999999999999,0.09999999999999432,168,-1.2860963738173614,-0.7319281510685722,2.9066377573187454,3.324117086737264,0.5596442222595215,0.002618024015954655,0.18292834817599885,0.002618024015954655,0.0,-0.0,False,False,33,5.0,10,0.036,0.5,0.066,0.9995324015617371,-0.13543103635311127,0,False
186,18.597140027210116,18.579999999999984,0.09999999999999432,167,-1.3074611540389032,-0.7265140096241267,2.8782325919782448,3.311907532474664,0.5575886368751526,0.00020728018705330883,0.18313562836305217,0.002707280187053309,0.0,-0.0025,True,True,34,5.0,10,0.016,0.5,0.068,0.9991801381111145,-0.15101352334022522,0,False
187,18.697035050950944,18.680000000000007,0.09999999999999432,166,-1.3286462866251836,-0.7204590784283303,2.8484940921296875,3.299251895967425,0.5554579496383667,0.0028061920389304477,0.18594182040198262,0.0028061920389304477,0.0,-0.0,False,False,34,5.0,10,0.036,0.5,0.068,0.9990587830543518,-0.14923009276390076,0,False
188,18.797359611839056,18.78,0.09999999999999432,167,-1.349550208874454,-0.7137962652526328,2.8161721846076904,3.286209300814638,0.5532621145248413,0.000391994145360348,0.18633381454734296,0.002891994145360348,0.0,-0.0025,True,True,35,5.0,10,0.016,0.5,0.07,0.9907427430152893,-0.16823776066303253,0,False
189,18.897433205042034,18.879999999999995,0.10000000000002274,167,-1.3701325674053295,-0.7064646758794144,2.782898525994171,3.2727280581212885,0.5509924292564392,0.0029892574663729784,0.18932307201371595,0.0029892574663729784,0.0,-0.0,False,False,35,5.0,10,0.036,0.5,0.07,0.988592267036438,-0.164322629570961,0,False
190,18.997329928912222,18.97999999999999,0.09999999999999432,164,-1.3905037456545986,-0.6984705522444766,2.7559466238789696,3.258773118568156,0.5486429929733276,0.0005942924328900317,0.18991736444660598,0.0030942924328900318,0.0,-0.0025,True,True,36,5.0,10,0.016,0.5,0.072,0.9940481781959534,-0.11101953685283661,0,False
191,19.097091425210238,19.079999999999984,0.09999999999999432,167,-1.4107162594626736,-0.6900150474094905,2.7335679401332653,3.2445147722819625,0.5462424755096436,0.0031615681924605523,0.19307893263906653,0.0031615681924605523,0.0,-0.0,False,False,36,5.0,10,0.036,0.5,0.072,0.9930985569953918,-0.108841672539711,0,False
192,19.197204598225653,19.180000000000007,0.09999999999999432,162,-1.430688102881629,-0.6811487437764261,2.714092420998792,3.2300220558005703,0.5438024997711182,0.0007135361654307944,0.19379246880449733,0.0032135361654307944,0.0,-0.0025,True,True,37,5.0,10,0.016,0.5,0.074,0.9899656176567078,-0.0912686362862587,0,False
193,19.297584667801857,19.28,0.09999999999999432,161,-1.4504531298384395,-0.6719353166535559,2.696075109990347,3.215342409616662,0.5413310527801514,0.0032549849414556333,0.19704745374595295,0.0032549849414556333,0.0,-0.0,False,False,37,5.0,10,0.036,0.5,0.074,0.9890924692153931,-0.08954194188117981,0,False
194,19.3971911650151,19.379999999999995,0.10000000000002274,168,-1.4702361312070096,-0.6621838539445486,2.660672334441016,3.2002234078251375,0.5387856364250183,0.000852405265407506,0.19789985901136045,0.003352405265407506,0.0,-0.0025,True,True,38,5.0,10,0.016,0.5,0.076,0.9996179938316345,-0.20546996593475342,0,False
195,19.497318908106536,19.47999999999999,0.09999999999999432,167,-1.489591179088105,-0.6515885667693475,2.6221945803924402,3.1844993627351292,0.5361383557319641,0.0034865642771997516,0.2013864232885602,0.0034865642771997516,0.0,-0.0,False,False,38,5.0,10,0.036,0.5,0.076,0.9994874596595764,-0.19772402942180634,0,False
196,19.597716668155044,19.579999999999984,0.09999999999999432,165,-1.5085201672268562,-0.6402611755309753,2.5877326265015483,3.1682683416337536,0.5334057211875916,0.001098978381872728,0.20248540167043294,0.003598978381872728,0.0,-0.0025,True,True,39,5.0,10,0.016,0.5,0.078,0.9997772574424744,-0.14513736963272095,0,False
197,19.69778321078047,19.680000000000007,0.09999999999999432,162,-1.5271054689151649,-0.6283936669857686,2.5582040777477757,3.1516839950719415,0.5306136012077332,0.0036773228486769857,0.2061627245191099,0.0036773228486769857,0.0,-0.0,False,False,39,5.0,10,0.036,0.5,0.078,0.9997153878211975,-0.139534130692482,0,False
198,19.797624685801566,19.78,0.09999999999999432,167,-1.545328729325124,-0.616034502527211,2.5354258558359195,3.1347930554753214,0.5277698636054993,0.001245305121475181,0.2074080296405851,0.003745305121475181,0.0,-0.0025,True,True,40,5.0,10,0.016,0.5,0.08,0.9983770847320557,-0.04972345009446144,0,False
199,19.897519629914314,19.879999999999995,0.10000000000002274,168,-1.5633620519949087,-0.6034690475318548,2.5270466258879836,3.117818209932686,0.5249119997024536,0.003763909969804379,0.2111719396103895,0.003763909969804379,0.0,-0.0,False,False,40,5.0,10,0.036,0.5,0.08,0.9982777237892151,-0.047803621739149094,0,False
200,19.997711262200028,19.97999999999999,0.09999999999999432,168,-1.5811871830833126,-0.5907657863450502,2.515835351768202,3.1008281409483684,0.5220515727996826,0.0012672855330034122,0.21243922514339292,0.0037672855330034122,0.0,-0.0025,True,True,41,5.0,10,0.016,0.5,0.082,0.9906614422798157,-0.06907901167869568,0,False
201,20.097591106779873,20.079999999999984,0.09999999999999432,167,-1.5987777062634267,-0.5778607233386993,2.502327229474875,3.083765849124443,0.5191789865493774,0.00378329983283107,0.216222524976224,0.00378329983283107,0.0,-0.0,False,False,41,5.0,10,0.036,0.5,0.082,0.9898166656494141,-0.06745070964097977,0,False
202,20.198454663157463,20.180000000000007,0.10099999999999909,169,-1.6160389013561915,-0.5648137218912447,2.483878716362548,3.066710992004594,0.5163076519966125,0.001281651301966561,0.21750417627819055,0.003781651301966561,0.0,-0.0025,True,True,42,5.0,10,0.016,0.5,0.084,0.9747846722602844,-0.10705696791410446,0,False
203,20.298836622852832,20.28,0.09999999999999432,168,-1.6328870794224122,-0.5515039144880024,2.4628306613461373,3.049563378100543,0.5134207010269165,0.0038022186870393443,0.22130639496522989,0.0038022186870393443,0.0,-0.0,False,False,42,5.0,10,0.036,0.5,0.084,0.971558690071106,-0.1040489599108696,0,False
204,20.398745217826217,20.379999999999995,0.09999999999999432,168,-1.6491116387262394,-0.5381406843079564,2.4437532864850886,3.0325736631497526,0.5105603337287903,0.0012672070315336926,0.22257360199676357,0.0037672070315336926,0.0,-0.0025,True,True,43,5.0,10,0.016,0.5,0.086,0.9394859671592712,-0.0862901583313942,0,False
205,20.498862919863313,20.47999999999999,0.10000000000002274,164,-1.6648448606393242,-0.5247133002763105,2.426430512205802,3.015692282458375,0.5077182054519653,0.003743185581792058,0.22631678757855564,0.003743185581792058,0.0,-0.0,False,False,43,5.0,10,0.036,0.5,0.086,0.9356780052185059,-0.08453870564699173,0,False
206,20.59863294614479,20.579999999999984,0.09999999999999432,166,-1.6799942046024399,-0.5113482177938612,2.410747357259506,2.9990594333032967,0.5049179196357727,0.0011880775500318435,0.22750486512858747,0.0036880775500318435,0.0,-0.0025,True,True,44,5.0,10,0.016,0.5,0.088,0.8838127255439758,-0.0918898731470108,0,False
207,20.698676199186593,20.680000000000007,0.09999999999999432,168,-1.694376630682889,-0.498202134526729,2.3919620507673645,2.982864523621725,0.5021913647651672,0.0035909712319589482,0.23109583636054642,0.0035909712319589482,0.0,-0.0,False,False,44,5.0,10,0.036,0.5,0.088,0.885002851486206,-0.08842144906520844,0,False
208,20.79865903314203,20.78,0.09999999999999432,165,-1.7085132173412978,-0.4848182754301478,2.375691437819334,2.9665350811997064,0.4994421601295471,0.0011208017904615199,0.23221663815100793,0.00362080179046152,0.0,-0.0025,True,True,45,5.0,10,0.016,0.5,0.09,0.883039653301239,-0.07333533465862274,0,False
209,20.899166792165488,20.879999999999995,0.09999999999999432,165,-1.7224423368030117,-0.47123236033013954,2.3611711057837996,2.9500948262835833,0.4966742992401123,0.003645372750491291,0.23586201090149922,0.003645372750491291,0.0,-0.0,False,False,45,5.0,10,0.036,0.5,0.09,0.8838974833488464,-0.07031761109828949,0,False
210,20.999018067028373,20.97999999999999,0.10000000000002274,164,-1.736152282146104,-0.45746615209830627,2.345912058063915,2.933565531935296,0.4938914477825165,0.0011651158701318689,0.2370271267716311,0.003665115870131869,0.0,-0.0025,True,True,46,5.0,10,0.016,0.5,0.092,0.8812856674194336,-0.08153260499238968,0,False
211,21.09890296217054,21.079999999999984,0.09999999999999432,165,-1.749632980958311,-0.44348208269874007,2.3298394281431336,2.916910555684749,0.4910874366760254,0.003692983891890954,0.24072011066352206,0.003692983891890954,0.0,-0.0,False,False,46,5.0,10,0.036,0.5,0.092,0.8825221061706543,-0.0803319588303566,0,False
212,21.198710246942937,21.180000000000007,0.09999999999999432,163,-1.7629565137926586,-0.42922239385530514,2.3160773753409205,2.900055904524697,0.488249808549881,0.0012372587208263936,0.24195736938434845,0.0037372587208263936,0.0,-0.0025,True,True,47,5.0,10,0.016,0.5,0.094,0.8885512351989746,-0.05975416302680969,0,False
213,21.298870198894292,21.28,0.09999999999999432,167,-1.7761479405277576,-0.41476127850650846,2.304016766744116,2.8830665436074345,0.48538950085639954,0.003767128530063874,0.2457244979144123,0.003767128530063874,0.0,-0.0,False,False,47,5.0,10,0.036,0.5,0.094,0.8891059160232544,-0.0593499019742012,0,False
214,21.39918988989666,21.379999999999995,0.09999999999999432,161,-1.789386161964717,-0.399810526517977,2.2786587786753394,2.865621718557054,0.48245251178741455,0.0013681206708893259,0.24709261858530163,0.003868120670889326,0.0,-0.0025,True,True,48,5.0,10,0.016,0.5,0.096,0.9253761172294617,-0.16860716044902802,0,False
215,21.499253643210977,21.47999999999999,0.10000000000002274,169,-1.8024132826591266,-0.3840586790480444,2.2463014140680384,2.847471304686383,0.4793967306613922,0.004024574100088583,0.25111719268539023,0.004024574100088583,0.0,-0.0,False,False,48,5.0,10,0.036,0.5,0.096,0.930388867855072,-0.16552004218101501,0,False
216,21.599549673963338,21.579999999999984,0.09999999999999432,165,-1.8149196642079322,-0.3679700673911169,2.2276051905317376,2.829130066744394,0.47630882263183594,0.0015668863922804377,0.25268407907767065,0.004066886392280438,0.0,-0.0025,True,True,49,5.0,10,0.016,0.5,0.098,0.9296366572380066,-0.008315414190292358,0,False
217,21.699120812118053,21.680000000000007,0.09999999999999432,168,-1.8274278741333625,-0.3517820983763846,2.225592714571294,2.810719438231017,0.4732092320919037,0.004082272680350239,0.25676635175802087,0.004082272680350239,0.0,-0.0,False,False,49,5.0,10,0.036,0.5,0.098,0.9299250841140747,-0.009237736463546753,0,False
218,21.799563262145966,21.78,0.09999999999999432,167,-1.8399683003796488,-0.33540680021553926,2.2148569305995633,2.79214719341234,0.47008243203163147,0.001618108601288293,0.2583844603593092,0.004118108601288293,0.0,-0.0025,True,True,50,5.0,10,0.016,0.5,0.1,0.9428242444992065,-0.10014432668685913,0,False
219,21.899278617929667,21.879999999999995,0.09999999999999432,166,-1.852280242771164,-0.3186526034287585,2.195854301584552,2.7732775604305697,0.4669055640697479,0.004184049835873086,0.26256851019518224,0.004184049835873086,0.0,-0.0,False,False,50,5.0,10,0.036,0.5,0.1,0.9455172419548035,-0.09831631183624268,0,False
220,21.999498999211937,21.97999999999999,0.10000000000002274,166,-1.8642689164191464,-0.30165284236504536,2.175075770779864,2.7542578172331433,0.4637034237384796,0.0017173344590444097,0.26428584465422666,0.00421733445904441,0.0,-0.0025,True,True,51,5.0,10,0.016,0.5,0.102,0.944299042224884,-0.10280048102140427,0,False
221,22.099371953867376,22.079999999999984,0.09999999999999432,166,-1.8759212984267584,-0.2843921594094133,2.1543067172471444,2.735072209328087,0.46047335863113403,0.004254112397619397,0.2685399570518461,0.004254112397619397,0.0,-0.0,False,False,51,5.0,10,0.036,0.5,0.102,0.946890652179718,-0.10161007940769196,0,False
222,22.19942985707894,22.180000000000007,0.09999999999999432,169,-1.8874012628480215,-0.26665817609177017,2.138856562805725,2.7154784007658335,0.4571745693683624,0.001844624592233861,0.2703845816440799,0.004344624592233861,0.0,-0.0025,True,True,52,5.0,10,0.016,0.5,0.104,0.9693996906280518,-0.06232452392578125,0,False
223,22.299337351229042,22.28,0.09999999999999432,168,-1.898780681738209,-0.24859049638523956,2.12611882171584,2.69559871013013,0.4538276493549347,0.004408014529052023,0.27479259617313195,0.004408014529052023,0.0,-0.0,False,False,52,5.0,10,0.036,0.5,0.104,0.9698095917701721,-0.06146793067455292,0,False
224,22.399846881162375,22.379999999999995,0.09999999999999432,164,-1.9099478608812468,-0.23038374636666156,2.1166904453493007,2.675643787369835,0.4504680633544922,0.0019246960913725446,0.2767172922645045,0.004424696091372545,0.0,-0.0025,True,True,53,5.0,10,0.016,0.5,0.106,0.9704198837280273,-0.03835074603557587,0,False
225,22.499673886224627,22.47999999999999,0.10000000000002274,167,-1.9209765118099527,-0.21208488309413667,2.109076491249485,2.6556451414688946,0.4471011161804199,0.004434391022885939,0.28115168328739043,0.004434391022885939,0.0,-0.0,False,False,53,5.0,10,0.036,0.5,0.106,0.9706908464431763,-0.036965902894735336,0,False
226,22.599489090964198,22.579999999999984,0.09999999999999432,166,-1.9318777670593612,-0.19367211812170582,2.1005877094348957,2.635578344113912,0.4437226951122284,0.001949502555811672,0.2831011858432021,0.004449502555811672,0.0,-0.0025,True,True,54,5.0,10,0.016,0.5,0.108,0.972918689250946,-0.0469493642449379,0,False
227,22.69953685393557,22.680000000000007,0.09999999999999432,165,-1.9426159259109501,-0.17513523698769767,2.091421393224081,2.6154391469025575,0.4403320848941803,0.004465556106374141,0.2875667419495762,0.004465556106374141,0.0,-0.0,False,False,54,5.0,10,0.036,0.5,0.108,0.973188579082489,-0.04505378007888794,0,False
228,22.799838825128973,22.78,0.09999999999999432,163,-1.953220196966996,-0.15645507278181375,2.0840787279450432,2.5952022364376153,0.4369250237941742,0.001987222512023493,0.2895539644615997,0.004487222512023493,0.0,-0.0025,True,True,55,5.0,10,0.016,0.5,0.11,0.9775164127349854,-0.028766848146915436,0,False
229,22.899601641111076,22.879999999999995,0.09999999999999432,166,-1.9637331831998093,-0.13768179536104067,2.0782670327626485,2.5749092116585657,0.4335085153579712,0.004499664994977867,0.2940536294565776,0.004499664994977867,0.0,-0.0,False,False,55,5.0,10,0.036,0.5,0.11,0.9775742888450623,-0.027130451053380966,0,False
230,22.99963665381074,22.97999999999999,0.10000000000002274,167,-1.9739389273824703,-0.11912831792633977,2.063053792348075,2.5549041931541305,0.43014049530029297,0.0019358040493412886,0.2959894335059189,0.004435804049341289,0.0,-0.0025,True,True,56,5.0,10,0.016,0.5,0.112,0.9567369222640991,-0.09743724763393402,0,False
231,23.09999709483236,23.079999999999984,0.09999999999999432,169,-1.983731482362286,-0.1004474340806156,2.044827222192487,2.5348604079784347,0.42676594853401184,0.004444399960278312,0.3004338334661972,0.004444399960278312,0.0,-0.0,False,False,56,5.0,10,0.036,0.5,0.112,0.9587592482566833,-0.09616246074438095,0,False
232,23.199905469082296,23.180000000000007,0.09999999999999432,167,-1.9929442102117734,-0.08203248441991154,2.026008255413513,2.5151897741407154,0.423454225063324,0.0018616594111682699,0.30229549287736546,0.00436165941116827,0.0,-0.0025,True,True,57,5.0,10,0.016,0.5,0.114,0.9263849854469299,-0.07305467873811722,0,False
233,23.30021800007671,23.28,0.09999999999999432,159,-2.0017987340205905,-0.06363172761187078,2.011737631945173,2.495605170450176,0.42015698552131653,0.0043425835540206546,0.30663807643138613,0.0043425835540206546,0.0,-0.0,False,False,57,5.0,10,0.036,0.5,0.114,0.9296652674674988,-0.07099040597677231,0,False
234,23.400097555015236,23.379999999999995,0.09999999999999432,164,-2.010075041665208,-0.04578205269849202,1.997985624297494,2.4766693331987653,0.41696897149086,0.001698729610715113,0.30833680604210123,0.004198729610715113,0.0,-0.0025,True,True,58,5.0,10,0.016,0.5,0.116,0.8779602646827698,-0.04993398115038872,0,False
235,23.500084169209003,23.47999999999999,0.10000000000002274,167,-2.0180135148594167,-0.028152943928622953,1.9887195613245212,2.458015483652001,0.41382843255996704,0.0041362031900642636,0.3124730092321655,0.0041362031900642636,0.0,-0.0,False,False,58,5.0,10,0.036,0.5,0.116,0.8789522647857666,-0.049046553671360016,0,False
236,23.599926833994687,23.579999999999984,0.09999999999999432,158,-2.02583265636743,-0.010328720452740154,1.9801899852921303,2.439197716582009,0.4106602966785431,0.0016725493705555448,0.31414555860272103,0.004172549370555545,0.0,-0.0025,True,True,59,5.0,10,0.016,0.5,0.118,0.8890210390090942,-0.03935183957219124,0,False
237,23.700326453894377,23.680000000000007,0.09999999999999432,168,-2.0335584557648345,0.00766729343332212,1.9722713032539079,2.420234618748981,0.40746769309043884,0.004204774223885406,0.31835033282660646,0.004204774223885406,0.0,-0.0,False,False,59,5.0,10,0.036,0.5,0.118,0.8914912939071655,-0.038602814078330994,0,False
238,23.800027179997414,23.78,0.09999999999999432,166,-2.0412028310450405,0.025859583019069744,1.9648665838692951,2.401099283604829,0.40424609184265137,0.0017429651889157428,0.3200932980155222,0.004242965188915743,0.0,-0.0025,True,True,60,5.0,10,0.016,0.5,0.12,0.9007880091667175,-0.03536324203014374,0,False
239,23.899998033884913,23.879999999999995,0.09999999999999432,163,-2.0487562397502823,0.044203759210184886,1.9578679674237984,2.3818372044578346,0.4010031521320343,0.004271068715083987,0.3243643667306062,0.004271068715083987,0.0,-0.0,False,False,60,5.0,10,0.036,0.5,0.12,0.9025020599365234,-0.034289710223674774,0,False
240,24.00038612401113,23.97999999999999,0.10000000000002274,165,-2.0558711920450077,0.06183857124411375,1.9500704668231994,2.363350104702519,0.39789068698883057,0.0015992289978149278,0.32596359572842115,0.004099228997814928,0.0,-0.0025,True,True,61,5.0,10,0.016,0.5,0.122,0.8467175960540771,-0.03258316218852997,0,False
241,24.10054605593905,24.079999999999984,0.09999999999999432,158,-2.062724066680146,0.07917660244055191,1.9439990947069625,2.3452028771335955,0.3948354423046112,0.004023867586860908,0.32998746331528206,0.004023867586860908,0.0,-0.0,False,False,61,5.0,10,0.036,0.5,0.122,0.8475800156593323,-0.03167665749788284,0,False
242,24.20044784108177,24.180000000000007,0.09999999999999432,161,-2.0692295921134365,0.09599970837319335,1.9327227971158578,2.3276224572421857,0.39187562465667725,0.0013981867338011549,0.3313856500490832,0.003898186733801155,0.0,-0.0025,True,True,62,5.0,10,0.016,0.5,0.124,0.8111761212348938,-0.06284190714359283,0,False
243,24.300578563008457,24.28,0.09999999999999432,164,-2.0754580486837817,0.11276207399151425,1.9209267102535332,2.310148247409024,0.3889336884021759,0.0038746362928779375,0.33526028634196114,0.0038746362928779375,0.0,-0.0,False,False,62,5.0,10,0.036,0.5,0.124,0.8144517540931702,-0.05952488258481026,0,False
244,24.400269298814237,24.379999999999995,0.09999999999999432,162,-2.081554756453881,0.12977129779219843,1.9107762132423354,2.2924540057385254,0.38595470786094666,0.00142342495632379,0.33668371129828495,0.00392342495632379,0.0,-0.0025,True,True,63,5.0,10,0.016,0.5,0.126,0.8251711130142212,-0.04015122726559639,0,False
245,24.500312373042107,24.47999999999999,0.10000000000002274,168,-2.087545744644662,0.14692574008899412,1.9026608787958919,2.2746365604004604,0.38295498490333557,0.0039507434677945414,0.3406344547660795,0.0039507434677945414,0.0,-0.0,False,False,63,5.0,10,0.036,0.5,0.126,0.8255264759063721,-0.03639945760369301,0,False
246,24.600273666903377,24.579999999999984,0.09999999999999432,159,-2.093417921901464,0.16412991299700352,1.8978697187445894,2.2567915004472505,0.379950612783432,0.0014568665824346533,0.34209132134851417,0.003956866582434653,0.0,-0.0025,True,True,64,5.0,10,0.016,0.5,0.128,0.8263987898826599,-0.014473031274974346,0,False
247,24.70076816622168,24.680000000000007,0.09999999999999432,157,-2.0992407237049675,0.1813606065362229,1.8949587233511118,2.238932102136178,0.37694382667541504,0.003960045891959141,0.3460513672404733,0.003960045891959141,0.0,-0.0,False,False,64,5.0,10,0.036,0.5,0.128,0.826729953289032,-0.013510256074368954,0,False
248,24.80073489015922,24.78,0.09999999999999432,156,-2.1052590579497164,0.19935538153641164,1.893093658007387,2.2202947151484422,0.37380605936050415,0.0016325528717211616,0.34768392011219446,0.004132552871721162,0.0,-0.0025,True,True,65,5.0,10,0.016,0.5,0.13,0.959844172000885,0.12342141568660736,0,False
249,24.901820153929293,24.879999999999995,0.10099999999999909,160,-2.1122178625234134,0.21919443663719815,1.920733723241879,2.199711736910377,0.3703407347202301,0.004563957698698052,0.3522478778108925,0.004563957698698052,0.0,-0.0,False,False,65,5.0,10,0.036,0.5,0.13,0.9531133770942688,0.10150730609893799,0,False
250,25.001949816942215,24.97999999999999,0.09999999999999432,162,-2.1194995414054585,0.23873258909421644,1.9290218342073011,2.1793937527676395,0.36692002415657043,0.002005199348594736,0.35425307715948723,0.004505199348594736,0.0,-0.0025,True,True,66,5.0,10,0.016,0.5,0.132,0.9407540559768677,-0.027473265305161476,0,False
251,25.10186384106055,25.079999999999984,0.10000000000002274,158,-2.1266585664832256,0.258163814094098,1.9228743322680792,2.159207646113892,0.3635215163230896,0.004475957551115309,0.3587290347106025,0.004475957551115309,0.0,-0.0,False,False,66,5.0,10,0.036,0.5,0.132,0.9404613971710205,-0.02712291106581688,0,False
252,25.201569126918912,25.180000000000007,0.09999999999999432,160,-2.1336897484777486,0.2775305404954879,1.9166649960562852,2.139111463976128,0.3601381480693817,0.001956018177800284,0.3606850528884028,0.004456018177800284,0.0,-0.0025,True,True,67,5.0,10,0.016,0.5,0.134,0.9327250719070435,-0.023787016049027443,0,False
253,25.302033827174455,25.28,0.09999999999999432,159,-2.140604647737903,0.2968591911517023,1.9116448252204286,2.119076883672147,0.35676515102386475,0.004442358922064908,0.3651274118104677,0.004442358922064908,0.0,-0.0,False,False,67,5.0,10,0.036,0.5,0.134,0.9324539303779602,-0.023941995576024055,0,False
254,25.401966420933604,25.379999999999995,0.09999999999999432,150,-2.147378581501264,0.3161222583751421,1.9040575986782535,2.09913417506855,0.353407621383667,0.0019219877906664737,0.3670493996011342,0.004421987790666474,0.0,-0.0025,True,True,68,5.0,10,0.016,0.5,0.136,0.9242046475410461,-0.05188753828406334,0,False
255,25.502105873078108,25.47999999999999,0.09999999999999432,159,-2.153934876421312,0.33538742501390834,1.8938667828564522,2.0792242145662465,0.35005560517311096,0.004414726404715082,0.37146412600584927,0.004414726404715082,0.0,-0.0,False,False,68,5.0,10,0.036,0.5,0.136,0.9241435527801514,-0.054481882601976395,0,False
256,25.60189743898809,25.579999999999984,0.10000000000002274,158,-2.160287666298203,0.35469302808622216,1.8850335961083136,2.0593062883095743,0.3467022478580475,0.0019164926877843175,0.3733806186936336,0.0044164926877843175,0.0,-0.0025,True,True,69,5.0,10,0.016,0.5,0.138,0.9222658276557922,-0.037217382341623306,0,False
257,25.702099280897528,25.680000000000007,0.09999999999999432,154,-2.1664954309058473,0.37402632712703787,1.8772960888867403,2.0393857068014456,0.3433484435081482,0.004417081448807462,0.3777977001424411,0.004417081448807462,0.0,-0.0,False,False,69,5.0,10,0.036,0.5,0.138,0.9222300052642822,-0.03977708891034126,0,False
258,25.80179310683161,25.78,0.09999999999999432,150,-2.1725244693598116,0.39337532820472954,1.8654068425462405,2.019477162433252,0.33999666571617126,0.0019144123988361034,0.3797121125412772,0.004414412398836103,0.0,-0.0025,True,True,70,5.0,10,0.016,0.5,0.14,0.9186538457870483,-0.0752377063035965,0,False
259,25.901969929225743,25.879999999999995,0.09999999999999432,158,-2.1782542135626146,0.4127840294551078,1.8507629417521465,1.9995495002545733,0.33664166927337646,0.00441865147820235,0.38413076401947954,0.00441865147820235,0.0,-0.0,False,False,70,5.0,10,0.036,0.5,0.14,0.9184730052947998,-0.0742977112531662,0,False
260,26.00184144405648,25.97999999999999,0.09999999999999432,154,-2.183888377560223,0.43279704646266554,1.8449527723789647,1.9790380367890616,0.33318838477134705,0.002048100401809735,0.3861788644212893,0.004548100401809735,0.0,-0.0025,True,True,71,5.0,10,0.016,0.5,0.142,0.949519693851471,-0.04470217600464821,0,False
261,26.102187884040177,26.079999999999984,0.10000000000002274,158,-2.1894321843926017,0.45297389596837867,1.83365276291367,1.9583792953761132,0.32971030473709106,0.004580757013223203,0.3907596214345125,0.004580757013223203,0.0,-0.0,False,False,71,5.0,10,0.036,0.5,0.142,0.9523494243621826,-0.04408251494169235,0,False
262,26.20233927713707,26.180000000000007,0.09999999999999432,156,-2.194684173522668,0.47277759586139695,1.8244860377347885,1.9381282235700714,0.32630085945129395,0.001990362570813219,0.3927499840053257,0.004490362570813219,0.0,-0.0025,True,True,72,1.0,50,0.016,0.1,0.144,0.9159439206123352,-0.04568777233362198,0,False
263,26.302270531188697,26.28,0.09999999999999432,157,-2.199668845948638,0.4923206726968036,1.8158872716380632,1.91816922942421,0.3229405879974365,0.004425598858274617,0.3971755828636003,0.004425598858274617,0.0,-0.0,False,False,72,1.0,50,0.036,0.1,0.144,0.9158898591995239,-0.04361271485686302,0,False
264,26.402304504066706,26.379999999999995,0.09999999999999432,158,-2.2044787512162,0.5119047557616723,1.8073750023946897,1.898191825534919,0.3195772171020508,0.004429680934701325,0.4016052637983016,0.004429680934701325,0.0,-0.0,False,False,72,1.0,50,0.056,0.1,0.144,0.9158725142478943,-0.04218423366546631,0,False
265,26.501908720936626,26.47999999999999,0.09999999999999432,158,-2.2091222008567515,0.5315267154515932,1.798983202024983,1.8781977820698361,0.3162110447883606,0.004433370503779238,0.4060386343020808,0.004433370503779238,0.0,-0.0,False,False,72,1.0,50,0.076,0.1,0.144,0.9158551096916199,-0.04076765105128288,0,False
266,26.60230816109106,26.579999999999984,0.10000000000002274,164,-2.2136027546882118,0.5511850544315487,1.7908767424638041,1.8581874530624884,0.31284213066101074,0.004436981571387479,0.4104756158734683,0.004436981571387479,0.0,-0.0,False,False,72,1.0,50,0.096,0.1,0.144,0.915837287902832,-0.03939594328403473,0,False
267,26.702392924111336,26.680000000000007,0.09999999999999432,168,-2.2179274246500866,0.570878697828575,1.7830728294263052,1.8381608385128763,0.3094704747200012,0.004440592638995672,0.41491620851246397,0.004440592638995672,0.0,-0.0,False,False,72,1.0,50,0.116,0.1,0.144,0.9158190488815308,-0.038072966039180756,0,False
268,26.802553756162524,26.78,0.09999999999999432,166,-2.2221011112177007,0.5906051442741221,1.7755404355148163,1.8181193545551093,0.30609631538391113,0.004443889700724936,0.4193600982131889,0.004443889700724936,0.0,-0.0,False,False,72,1.0,50,0.136,0.1,0.144,0.9158121943473816,-0.03676685318350792,0,False
269,26.902412491850555,26.879999999999995,0.09999999999999432,169,-2.22612863572947,0.6103614821227349,1.7682678304730284,1.798064948373589,0.30271998047828674,0.004446755004370545,0.42380685321755945,0.004446755004370545,0.0,-0.0,False,False,72,1.0,50,0.156,0.1,0.144,0.9158374667167664,-0.035430070012807846,0,False
270,27.002738492097706,26.97999999999999,0.09999999999999432,163,-2.230014795554645,0.6301450377163076,1.7612576099961637,1.7779993901359528,0.29934176802635193,0.004449227800667505,0.428256081018227,0.004449227800667505,0.0,-0.0,False,False,72,1.0,50,0.176,0.1,0.144,0.9158621430397034,-0.0341351144015789,0,False
271,27.10275721596554,27.079999999999984,0.10000000000002274,155,-2.233764716160895,0.6499540851612087,1.7545025881373189,1.7579233879092555,0.29596179723739624,0.004451543594024928,0.43270762461225193,0.004451543594024928,0.0,-0.0,False,False,72,1.0,50,0.196,0.1,0.144,0.9158863425254822,-0.032880645245313644,0,False
272,27.202664149925113,27.180000000000007,0.09999999999999432,157,-2.2375167736851145,0.6705110070266989,1.7485956515886731,1.7371048003586447,0.29245680570602417,0.0021162004268125106,0.4348238250390644,0.004616200426812511,0.0,-0.0025,True,True,73,1.0,50,0.016,0.1,0.146,0.9598245024681091,-0.025683386251330376,0,False
273,27.30299459118396,27.28,0.09999999999999432,157,-2.2412022344520017,0.6913128163176901,1.7435041596153047,1.716050249461961,0.2889120876789093,0.004668521656396688,0.4394923466954611,0.004668521656396688,0.0,-0.0,False,False,73,1.0,50,0.036,0.1,0.146,0.9598373174667358,-0.025084946304559708,0,False
274,27.40286746621132,27.379999999999995,0.09999999999999432,156,-2.244782662325686,0.7121330449362113,1.7386244784369913,1.694988794911491,0.2853662073612213,0.004670052435056716,0.4441623991305178,0.004670052435056716,0.0,-0.0,False,False,73,1.0,50,0.056,0.1,0.146,0.9596553444862366,-0.02296648733317852,0,False
275,27.502911589108407,27.47999999999999,0.09999999999999432,157,-2.248264185352502,0.7329659350474118,1.7341450340997917,1.6739253931766198,0.28181999921798706,0.004670484193140323,0.4488328833236581,0.004670484193140323,0.0,-0.0,False,False,73,1.0,50,0.076,0.1,0.146,0.9596308469772339,-0.02097620815038681,0,False
276,27.60300948191434,27.579999999999984,0.10000000000002274,157,-2.251655845899793,0.7538127368626584,1.7300274024755076,1.6528577430394187,0.2782730758190155,0.004671426210777255,0.4535043095344354,0.004671426210777255,0.0,-0.0,False,False,73,1.0,50,0.096,0.1,0.146,0.9598967432975769,-0.019253920763731003,0,False
277,27.702678008005023,27.680000000000007,0.09999999999999432,156,-2.254965752378203,0.7746768711453212,1.7262451267887235,1.6317812420640305,0.27472466230392456,0.0046733887475207915,0.45817769828195615,0.0046733887475207915,0.0,-0.0,False,False,73,1.0,50,0.116,0.1,0.146,0.9601884484291077,-0.017611254006624222,0,False
278,27.80303697893396,27.78,0.09999999999999432,159,-2.258201227735228,0.7955595704742173,1.722792803817718,1.6106942970995812,0.27117449045181274,0.0046757045408782625,0.46285340282283444,0.0046757045408782625,0.0,-0.0,False,False,73,1.0,50,0.136,0.1,0.146,0.9607080817222595,-0.01596817560493946,0,False
279,27.902935702819377,27.879999999999995,0.09999999999999432,155,-2.261369926066023,0.8164648937715722,1.7196705365340748,1.5895917746599222,0.2676216959953308,0.004679158605547016,0.46753256142838145,0.004679158605547016,0.0,-0.0,False,False,73,1.0,50,0.156,0.1,0.146,0.9612917304039001,-0.014387417584657669,0,False
280,28.002711669076234,27.97999999999999,0.09999999999999432,157,-2.264478442647111,0.8373925304057582,1.716859951193734,1.5684731436947623,0.2640661895275116,0.004682730422420348,0.4722152918508018,0.004682730422420348,0.0,-0.0,False,False,73,1.0,50,0.176,0.1,0.146,0.9618895053863525,-0.012883654795587063,0,False
281,28.102878861129284,28.079999999999984,0.10000000000002274,156,-2.267532998490168,0.8583407548722507,1.7143444782514752,1.5473398203382116,0.2605082094669342,0.004685988233414704,0.4769012800842165,0.004685988233414704,0.0,-0.0,False,False,73,1.0,50,0.196,0.1,0.146,0.9626957178115845,-0.011449004523456097,0,False
282,28.2032075622119,28.180000000000007,0.09999999999999432,158,-2.2704516427639803,0.8785426072539584,1.718840394296748,1.526962712596383,0.25707754492759705,0.0020183090940419745,0.4789195891782585,0.004518309094041975,0.0,-0.0025,True,True,74,1.0,50,0.016,0.1,0.148,0.8843106627464294,0.0768091157078743,0,False
283,28.303102165926248,28.28,0.09999999999999432,156,-2.273497940680526,0.8977390480916926,1.7344161775954443,1.507577783815349,0.2538139224052429,0.004298308725085117,0.48321789790334363,0.004298308725085117,0.0,-0.0,False,False,74,1.0,50,0.036,0.1,0.148,0.8865194320678711,0.06734638661146164,0,False
284,28.403249179013073,28.379999999999995,0.09999999999999432,164,-2.276810224659768,0.9169405705450508,1.7483480910213591,1.4881670105868083,0.2505459487438202,0.0043040393323763824,0.48752193723572,0.0043040393323763824,0.0,-0.0,False,False,74,1.0,50,0.056,0.1,0.148,0.888198971748352,0.062257587909698486,0,False
285,28.503030073828995,28.47999999999999,0.09999999999999432,168,-2.280371764313339,0.9361340477209598,1.7606681899745376,1.4687458818775883,0.24727623164653778,0.004306335500366449,0.4918282727360865,0.004306335500366449,0.0,-0.0,False,False,74,1.0,50,0.076,0.1,0.148,0.8893419504165649,0.05815504863858223,0,False
286,28.60308869695291,28.579999999999984,0.10000000000002274,165,-2.2841666841025745,0.9553111970955692,1.7719921275743908,1.449325018693514,0.24400655925273895,0.004306276624264085,0.49613454936035056,0.004306276624264085,0.0,-0.0,False,False,74,1.0,50,0.096,0.1,0.148,0.890491247177124,0.054356127977371216,0,False
287,28.70316741988063,28.680000000000007,0.09999999999999432,169,-2.2881794255691195,0.9744719287894226,1.7826256667584721,1.4299070762860417,0.24073737859725952,0.004305628987138676,0.5004401783474892,0.004305628987138676,0.0,-0.0,False,False,74,1.0,50,0.116,0.1,0.148,0.8916445374488831,0.050726037472486496,0,False
288,28.803392622154206,28.78,0.09999999999999432,165,-2.2923919102206205,0.9935994146020481,1.7926640302534131,1.4105112609740373,0.23747192323207855,0.004300722645279763,0.504740900992769,0.004300722645279763,0.0,-0.0,False,False,74,1.0,50,0.136,0.1,0.148,0.8893905282020569,0.05065574869513512,0,False
289,28.90371509315446,28.879999999999995,0.09999999999999432,167,-2.2967866712982232,1.0126435226480073,1.802781518246893,1.3911905007698613,0.23421910405158997,0.004284080333694051,0.5090249813264631,0.004284080333694051,0.0,-0.0,False,False,74,1.0,50,0.156,0.1,0.148,0.8885394930839539,0.05100932717323303,0,False
290,29.003291979897767,28.97999999999999,0.09999999999999432,168,-2.3013697058978138,1.0316228489621277,1.8129436177685687,1.3719270939971389,0.230975940823555,0.004271363095595559,0.5132963444220586,0.004271363095595559,0.0,-0.0,False,False,74,1.0,50,0.176,0.1,0.148,0.8877758383750916,0.05128733068704605,0,False
291,29.103770099114627,29.079999999999984,0.10000000000002274,165,-2.3061429380222225,1.0505424825989085,1.823108055555395,1.3527175003205951,0.22774183750152588,0.004259430872194511,0.5175557752942531,0.004259430872194511,0.0,-0.0,False,False,74,1.0,50,0.196,0.1,0.148,0.8884866833686829,0.04769881069660187,0,False
292,29.20342967612669,29.180000000000007,0.09999999999999432,163,-2.3111020149682795,1.0693264770855606,1.8383082897805243,1.3336396956246603,0.2245299220085144,0.001730208700082341,0.5192859839943355,0.004230208700082341,0.0,-0.0025,True,True,75,5.0,10,0.016,0.5,0.15,0.880460262298584,0.08690723031759262,0,False
293,29.30340600013733,29.28,0.09999999999999432,169,-2.3163780009259565,1.0879230945692044,1.8546240798920368,1.314738907692471,0.22134780883789062,0.004190957965210542,0.523476941959546,0.004190957965210542,0.0,-0.0,False,False,75,5.0,10,0.036,0.5,0.15,0.878447413444519,0.07112095504999161,0,False
294,29.403666771017015,29.379999999999995,0.09999999999999432,168,-2.3218108982546775,1.1062250973724743,1.8535888567093917,1.2961354194149928,0.21821574866771698,0.0016250363559931554,0.5251019783155392,0.004125036355993155,0.0,-0.0025,True,True,76,5.0,10,0.016,0.5,0.152,0.8479205369949341,-0.08342316001653671,0,False
295,29.50374492397532,29.47999999999999,0.09999999999999432,164,-2.3268469559578384,1.1242212786459462,1.837496195708,1.2778742815585988,0.21514132618904114,0.004049125434750949,0.5291511037502902,0.004049125434750949,0.0,-0.0,False,False,76,5.0,10,0.036,0.5,0.152,0.8478383421897888,-0.08121409267187119,0,False
296,29.603876647073776,29.579999999999984,0.10000000000002274,163,-2.3316198709401266,1.1423444904996094,1.8219322800260318,1.2595131292306885,0.21205006539821625,0.001571302099953578,0.5307224058502438,0.004071302099953578,0.0,-0.0025,True,True,77,5.0,10,0.016,0.5,0.154,0.8521795868873596,-0.0631028339266777,0,False
297,29.70386354997754,29.680000000000007,0.09999999999999432,161,-2.3361708602009132,1.1605546056614608,1.8089285074630816,1.2410878083259205,0.20894800126552582,0.004085530491344595,0.5348079363415884,0.004085530491344595,0.0,-0.0,False,False,77,5.0,10,0.036,0.5,0.154,0.851904034614563,-0.05990256741642952,0,False
298,29.80387766379863,29.78,0.09999999999999432,168,-2.340521767178783,1.1788695845090713,1.8000924673289584,1.2225780504248456,0.20583172142505646,0.00160425309187852,0.5364121894334669,0.00410425309187852,0.0,-0.0025,True,True,78,5.0,10,0.016,0.5,0.156,0.8564599752426147,-0.03288488835096359,0,False
299,29.903957416769117,29.879999999999995,0.09999999999999432,167,-2.3447543418123793,1.1972390265157586,1.7935773535009827,1.2040290833106009,0.20270884037017822,0.0041129471296526676,0.5405251365631196,0.0041129471296526676,0.0,-0.0,False,False,78,5.0,10,0.036,0.5,0.156,0.8556068539619446,-0.03156345710158348,0,False
300,30.00352770416066,29.97999999999999,0.09999999999999432,166,-2.348875973359606,1.2158477720935694,1.7785712335773773,1.1852553049063994,0.19954811036586761,0.0016627955629398851,0.5421879321260595,0.004162795562939885,0.0,-0.0025,True,True,79,5.0,10,0.016,0.5,0.158,0.8745067715644836,-0.073764868080616,0,False
301,30.10368155594915,30.079999999999984,0.10000000000002274,165,-2.3527306569345376,1.2347210589888002,1.765684541763196,1.1662372433682284,0.196346253156662,0.004216961577063167,0.5464048937031227,0.004216961577063167,0.0,-0.0,False,False,79,5.0,10,0.036,0.5,0.158,0.8747957944869995,-0.07166959345340729,0,False
302,30.20372322993353,30.180000000000007,0.09999999999999432,169,-2.35629163939792,1.253502805199607,1.7519767717493573,1.1473300828325443,0.19316306710243225,0.0016923709916658917,0.5480972646947886,0.004192370991665892,0.0,-0.0025,True,True,80,5.0,10,0.016,0.5,0.16,0.8634985685348511,-0.06336216628551483,0,False
303,30.303989611100405,30.28,0.09999999999999432,163,-2.359599632271774,1.2722381888685554,1.73906973089288,1.1284852321976988,0.18999037146568298,0.004178554732990978,0.5522758194277796,0.004178554732990978,0.0,-0.0,False,False,80,5.0,10,0.036,0.5,0.16,0.8642370700836182,-0.060597628355026245,0,False
304,30.40378390578553,30.379999999999995,0.09999999999999432,167,-2.3627046928024646,1.2911515438659096,1.7286843579069007,1.109475490447424,0.18678991496562958,0.0017151167925241614,0.5539909362203037,0.004215116792524161,0.0,-0.0025,True,True,81,5.0,10,0.016,0.5,0.162,0.8745105862617493,-0.044963475316762924,0,False
305,30.50406361790374,30.47999999999999,0.09999999999999432,168,-2.3656530059472534,1.310180736043778,1.7197031830479417,1.0903603352143387,0.1835717111825943,0.004238490605140337,0.5582294268254441,0.004238490605140337,0.0,-0.0,False,False,81,5.0,10,0.036,0.5,0.162,0.8746263384819031,-0.04447593912482262,0,False
306,30.60393214179203,30.579999999999984,0.10000000000002274,165,-2.368438206527127,1.3292524678745488,1.7126216491997936,1.0712126088967242,0.18034802377223969,0.001745712740356771,0.5599751395658008,0.004245712740356771,0.0,-0.0025,True,True,82,5.0,10,0.016,0.5,0.164,0.8761759996414185,-0.029573820531368256,0,False
307,30.704272183123976,30.680000000000007,0.09999999999999432,168,-2.371110626124086,1.348354921900523,1.7067126487655653,1.0520417818914407,0.17712044715881348,0.004250834961257587,0.5642259745270584,0.004250834961257587,0.0,-0.0,False,False,82,5.0,10,0.036,0.5,0.164,0.8764978051185608,-0.028836848214268684,0,False
308,30.804107408039272,30.78,0.09999999999999432,165,-2.373715161715523,1.3677636290652053,1.70252216667125,1.0325709999799901,0.17384237051010132,0.0018173453314979699,0.5660433198585564,0.00431734533149797,0.0,-0.0025,True,True,83,5.0,10,0.016,0.5,0.166,0.8985565900802612,-0.01677868142724037,0,False
309,30.90438999887556,30.879999999999995,0.09999999999999432,168,-2.376280277781993,1.3873700743200439,1.6990714590445737,1.0129077123379662,0.17053188383579254,0.004360030505671117,0.5704033503642275,0.004360030505671117,0.0,-0.0,False,False,83,5.0,10,0.036,0.5,0.166,0.8984150290489197,-0.01826968789100647,0,False
310,31.00399536592886,30.97999999999999,0.09999999999999432,161,-2.3787065503246176,1.4064402455519371,1.6955775005890705,0.9937878661606415,0.167312890291214,0.0017395307496144686,0.5721428811138419,0.004239530749614469,0.0,-0.0025,True,True,84,5.0,10,0.016,0.5,0.168,0.8572001457214355,-0.01773444190621376,0,False
311,31.103997169993818,31.079999999999984,0.10000000000002274,161,-2.3810218148650857,1.4251660950917933,1.6920739777066722,0.9750186016839154,0.16415292024612427,0.004161794669200687,0.5763046757830426,0.004161794669200687,0.0,-0.0,False,False,84,5.0,10,0.036,0.5,0.168,0.8578451871871948,-0.01777389459311962,0,False
312,31.20412868214771,31.180000000000007,0.09999999999999432,169,-2.3832349417135195,1.4435665828998563,1.6896148365586283,0.9565803585553938,0.16104868054389954,0.0015883957949902766,0.5778930715780328,0.004088395794990277,0.0,-0.0025,True,True,85,5.0,10,0.016,0.5,0.17,0.8314021825790405,-0.008847098797559738,0,False
313,31.30415026610717,31.28,0.09999999999999432,163,-2.3853877426441215,1.461730210862862,1.6877496586463996,0.9383835662926214,0.15798509120941162,0.004034857792625024,0.5819279293706578,0.004034857792625024,0.0,-0.0,False,False,85,5.0,10,0.036,0.5,0.17,0.8307430148124695,-0.009740225039422512,0,False
314,31.40454432601109,31.379999999999995,0.09999999999999432,166,-2.3874907677321113,1.4798293973519698,1.6839445734975325,0.9202556335509462,0.15493309497833252,0.0015195892567598517,0.5834475186274177,0.004019589256759852,0.0,-0.0025,True,True,86,5.0,10,0.016,0.5,0.172,0.8258779644966125,-0.026653530076146126,0,False
315,31.50429824180901,31.47999999999999,0.09999999999999432,167,-2.3894935624676825,1.4978968216849249,1.678771863815714,0.9021643432793662,0.15188726782798767,0.004011464354641394,0.5874589829820591,0.004011464354641394,0.0,-0.0,False,False,86,5.0,10,0.036,0.5,0.172,0.8256517648696899,-0.026525387540459633,0,False
316,31.604688801802695,31.579999999999984,0.10000000000002274,169,-2.391402774983437,1.515901634749354,1.6756760132517938,0.884140142361246,0.14885273575782776,0.0014965883261249184,0.588955571308184,0.0039965883261249184,0.0,-0.0025,True,True,87,5.0,10,0.016,0.5,0.174,0.8197785019874573,-0.006219828501343727,0,False
317,31.704353238921613,31.680000000000007,0.09999999999999432,165,-2.393281671125819,1.5338347182607093,1.6742518271969387,0.8661913505844815,0.145830899477005,0.003979867513069512,0.5929354388212535,0.003979867513069512,0.0,-0.0,False,False,87,5.0,10,0.036,0.5,0.174,0.8182000517845154,-0.0063269785605371,0,False
318,31.804563969839364,31.78,0.09999999999999432,170,-2.395058003933434,1.5510941469447903,1.6717223764174145,0.8489202674877175,0.14292316138744354,0.0013295960746125082,0.594265034895866,0.0038295960746125082,0.0,-0.0025,True,True,88,5.0,10,0.016,0.5,0.176,0.7400814890861511,0.041550006717443466,0,False
319,31.904516173992306,31.879999999999995,0.09999999999999432,168,-2.396795000878794,1.5672503026006168,1.68211531298035,0.832755893197892,0.14020174741744995,0.0035842004801935013,0.5978492353760595,0.0035842004801935013,0.0,-0.0,False,False,88,5.0,10,0.036,0.5,0.176,0.7386763691902161,0.039951618760824203,0,False
320,32.004474327899516,31.97999999999999,0.09999999999999432,166,-2.3986499695544032,1.583308144314959,1.690328825920172,0.8166929495136929,0.1374974101781845,0.0010617098091118943,0.5989109451851714,0.0035617098091118944,0.0,-0.0025,True,True,89,5.0,10,0.016,0.5,0.178,0.7339986562728882,0.03860674425959587,0,False
321,32.104442852083594,32.079999999999984,0.10000000000002274,166,-2.4006275403997512,1.5993233737792327,1.6977535583499632,0.8006769152718863,0.1348009705543518,0.0035513083643708494,0.6024622535495423,0.0035513083643708494,0.0,-0.0,False,False,89,5.0,10,0.036,0.5,0.178,0.7349222302436829,0.03854461386799812,0,False
322,32.20485607208684,32.18000000000001,0.09999999999999432,162,-2.4027837316499014,1.6156837959985975,1.7072381993731771,0.7843211858604516,0.13204734027385712,0.0011266305245900094,0.6035888840741324,0.0036266305245900095,0.0,-0.0025,True,True,90,5.0,10,0.016,0.5,0.18,0.7627056241035461,0.05421832948923111,0,False
323,32.30496130511165,32.28,0.09999999999999432,166,-2.4051550268235005,1.632282365149963,1.7178227924625107,0.76773498062262,0.12925490736961365,0.0036777349813931865,0.6072666190555256,0.0036777349813931865,0.0,-0.0,False,False,90,5.0,10,0.036,0.5,0.18,0.7643884420394897,0.05173877999186516,0,False
324,32.40452195191756,32.379999999999995,0.09999999999999432,165,-2.4077196648327934,1.6488921242727304,1.7328799343402388,0.7511475362674422,0.12646226584911346,0.0011780097365372798,0.6084446287920628,0.00367800973653728,0.0,-0.0025,True,True,91,5.0,10,0.016,0.5,0.182,0.7687941193580627,0.07707423716783524,0,False
325,32.504607655107975,32.47999999999999,0.09999999999999432,167,-2.41057914037943,1.6655534801538971,1.7471835544440113,0.7345226971209231,0.12366332858800888,0.003686301454278978,0.6121309302463418,0.003686301454278978,0.0,-0.0,False,False,91,5.0,10,0.036,0.5,0.182,0.772605299949646,0.05766834691166878,0,False
326,32.60482364706695,32.579999999999984,0.10000000000002274,168,-2.413758939337709,1.6828155895892876,1.7577574119872814,0.7173163579054992,0.12076649069786072,0.0013152401183331112,0.6134461703646749,0.0038152401183331112,0.0,-0.0025,True,True,92,5.0,10,0.016,0.5,0.184,0.8227009177207947,0.06453870236873627,0,False
327,32.704784931149334,32.68000000000001,0.09999999999999432,167,-2.4172534515923036,1.7005685987890742,1.7711624898531941,0.6996441548220873,0.11779122054576874,0.003918538239832209,0.6173647086045071,0.003918538239832209,0.0,-0.0,False,False,92,5.0,10,0.036,0.5,0.184,0.8268410563468933,0.051200371235609055,0,False
328,32.80514213209972,32.78,0.09999999999999432,169,-2.4211484095811975,1.719264036275935,1.781707321351373,0.681064386790951,0.11466315388679504,0.0016197767575203306,0.6189844853620274,0.004119776757520331,0.0,-0.0025,True,True,93,5.0,10,0.016,0.5,0.186,0.906436562538147,0.05677000805735588,0,False
329,32.904934256803244,32.879999999999995,0.09999999999999432,168,-2.425437808562261,1.7387352785008847,1.792804412745909,0.6617538050506904,0.11141204833984375,0.004281823416438919,0.6232663087784663,0.004281823416438919,0.0,-0.0,False,False,93,5.0,10,0.036,0.5,0.186,0.9089881181716919,0.043696559965610504,0,False
330,33.00513398880139,32.97999999999999,0.09999999999999432,168,-2.429874899223912,1.7581547292936246,1.7928029599929172,0.6425401842427715,0.10817726701498032,0.0017603238264128312,0.6250266326048791,0.004260323826412831,0.0,-0.0025,True,True,94,5.0,10,0.016,0.5,0.188,0.9113815426826477,-0.035776764154434204,0,False
331,33.10482280515134,33.079999999999984,0.10000000000002274,168,-2.434210766351313,1.7777425974421721,1.7860517730484817,0.6231971199263634,0.10492069274187088,0.004289025926287923,0.629315658531167,0.004289025926287923,0.0,-0.0,False,False,94,5.0,10,0.036,0.5,0.188,0.9111271500587463,-0.03792625293135643,0,False
332,33.20506336679682,33.18000000000001,0.09999999999999432,164,-2.4385011997373622,1.7977216315370688,1.7818685580075908,0.6035077223116868,0.10160581022500992,0.0018658199890647475,0.6311814785202318,0.004365819989064748,0.0,-0.0025,True,True,95,5.0,10,0.016,0.5,0.19,0.9484551548957825,-0.01153413113206625,0,False
333,33.30525301909074,33.28,0.09999999999999432,168,-2.442851215411753,1.8181326421829722,1.778707087203357,0.5834430934120602,0.09822775423526764,0.004449021734309405,0.6356305002545412,0.004449021734309405,0.0,-0.0,False,False,95,5.0,10,0.036,0.5,0.19,0.9484319090843201,-0.018386002629995346,0,False
334,33.40516777290031,33.379999999999995,0.09999999999999432,167,-2.4469799212067915,1.837901073226635,1.7710392373459352,0.5640587841896995,0.09496423602104187,0.0017981713475130573,0.6374286716020542,0.004298171347513057,0.0,-0.0025,True,True,96,5.0,10,0.016,0.5,0.192,0.8996575474739075,-0.06625248491764069,0,False
335,33.504917808808386,33.47999999999999,0.09999999999999432,168,-2.4507763827009237,1.8573017248672123,1.7578774993019035,0.5450684700292459,0.09176705032587051,0.004210809024371947,0.6416394806264262,0.004210809024371947,0.0,-0.0,False,False,96,5.0,10,0.036,0.5,0.192,0.8890508413314819,-0.06692171841859818,0,False
336,33.60522624012083,33.579999999999984,0.10000000000002274,168,-2.454266083946636,1.8765139554203154,1.7416669092678851,0.5262912397981511,0.08860573917627335,0.001663560952269948,0.6433030415786961,0.004163560952269948,0.0,-0.0025,True,True,97,5.0,10,0.016,0.5,0.194,0.8758500218391418,-0.0907965749502182,0,False
337,33.70530566293746,33.68000000000001,0.09999999999999432,167,-2.4573734781701315,1.8955463296975024,1.7234959922639113,0.5077058514847659,0.08547672629356384,0.004121022968352514,0.6474240645470486,0.004121022968352514,0.0,-0.0,False,False,97,5.0,10,0.036,0.5,0.194,0.8728527426719666,-0.09275949746370316,0,False
338,33.80526866717264,33.78,0.09999999999999432,169,-2.460141327917233,1.914385116308529,1.7159835947025055,0.4893248290251251,0.08238212019205093,0.0015757079949429418,0.6489997725419915,0.004075707994942942,0.0,-0.0025,True,True,98,5.0,10,0.016,0.5,0.196,0.8583940267562866,-0.022360919043421745,0,False
339,33.90496615320444,33.879999999999995,0.09999999999999432,167,-2.462830250425326,1.9330932085547934,1.7099169132213836,0.4711152473011721,0.07931637763977051,0.004037693658219512,0.653037466200211,0.004037693658219512,0.0,-0.0,False,False,98,5.0,10,0.036,0.5,0.196,0.8596846461296082,-0.02497968077659607,0,False
340,34.005509711802006,33.97999999999999,0.09999999999999432,168,-2.465477510483004,1.9522135475216902,1.7043391776664714,0.4525483572395983,0.07619047909975052,0.0016169212665584124,0.6546543874667694,0.0041169212665584124,0.0,-0.0025,True,True,99,5.0,10,0.016,0.5,0.198,0.8895523548126221,-0.035124436020851135,0,False
341,34.105166617780924,34.079999999999984,0.10000000000002274,164,-2.468025522286456,1.9716409640428594,1.6976861818562903,0.43372678430918526,0.07302170246839523,0.00417339326135534,0.6588277807281248,0.00417339326135534,0.0,-0.0,False,False,99,5.0,10,0.036,0.5,0.198,0.8917534947395325,-0.03729028254747391,0,False
342,34.20564412791282,34.18000000000001,0.09999999999999432,167,-2.4704630874871936,1.9912540559975194,1.6930964604469545,0.4147749712948463,0.0698309987783432,0.0017022719895373258,0.6605300527176621,0.004202271989537326,0.0,-0.0025,True,True,100,5.0,10,0.016,0.5,0.2,0.9034181833267212,-0.013261289335787296,0,False
343,34.3053062739782,34.28,0.09999999999999432,166,-2.472864794504985,2.0109950834573804,1.690165569727752,0.3957702745223383,0.06663139164447784,0.004213998146580298,0.6647440508642424,0.004213998146580298,0.0,-0.0,False,False,100,5.0,10,0.036,0.5,0.2,0.904768705368042,-0.014821271412074566,0,False
344,34.40576164377853,34.379999999999995,0.09999999999999432,169,-2.4752738137135264,2.0310482694759373,1.6937893285153547,0.3765521397869439,0.06339585036039352,0.001761324720152066,0.6665053755843945,0.004261324720152066,0.0,-0.0025,True,True,101,5.0,10,0.016,0.5,0.202,0.9430086016654968,0.01746494695544243,0,False
345,34.50582790700719,34.47999999999999,0.09999999999999432,162,-2.4778423809892605,2.0516426592253247,1.6961534555642976,0.3569485510484931,0.06009541451931,0.0043467931953355965,0.6708521687797301,0.0043467931953355965,0.0,-0.0,False,False,101,5.0,10,0.036,0.5,0.202,0.9460964798927307,0.014645393937826157,0,False
346,34.605768871027976,34.579999999999984,0.10000000000002274,166,-2.4804797630197797,2.0723091107921348,1.6977638886180075,0.33742897889153506,0.05680912360548973,0.0018281638152970428,0.6726803325950271,0.004328163815297043,0.0,-0.0025,True,True,102,5.0,10,0.016,0.5,0.204,0.9483299851417542,0.0016102180816233158,0,False
347,34.705462297890335,34.68000000000001,0.09999999999999432,165,-2.483126817864462,2.09300500946185,1.6983743378457734,0.31805028995142326,0.05354655161499977,0.004296925136680863,0.676977257731708,0.004296925136680863,0.0,-0.0,False,False,102,5.0,10,0.036,0.5,0.204,0.9483596086502075,-0.0011327634565532207,0,False
348,34.80554173095152,34.78,0.09999999999999432,169,-2.485685040468226,2.112904883307825,1.7004570087047726,0.2996089711566316,0.05044179409742355,0.0015890777765086707,0.6785663355082167,0.004089077776508671,0.0,-0.0025,True,True,103,5.0,10,0.016,0.5,0.206,0.8941104412078857,0.00010920315980911255,0,False
349,34.905656543094665,34.879999999999995,0.09999999999999432,163,-2.488221110151817,2.132437863081014,1.699520088028535,0.2817311852292245,0.047431912273168564,0.003964123062044034,0.6825304585702607,0.003964123062044034,0.0,-0.0,False,False,103,5.0,10,0.036,0.5,0.206,0.8999429941177368,-0.007810843642801046,0,False
350,35.00574503606185,34.97999999999999,0.09999999999999432,167,-2.4907409160889977,2.1519888826501914,1.6981730042052103,0.26408980518979996,0.04446183145046234,0.00141170370562262,0.6839421622758833,0.00391170370562262,0.0,-0.0025,True,True,104,5.0,10,0.016,0.5,0.208,0.8969882726669312,-0.010141315869987011,0,False
351,35.10566732985899,35.079999999999984,0.10000000000002274,166,-2.4932345267358924,2.1715925214440217,1.6959837743848836,0.24670357268821938,0.04153470695018768,0.003855128677646673,0.68779729095353,0.003855128677646673,0.0,-0.0,False,False,104,5.0,10,0.036,0.5,0.208,0.9026817083358765,-0.0175448227673769,0,False
352,35.20597394090146,35.18000000000001,0.09999999999999432,169,-2.495695825335831,2.1914684298964535,1.690837509042422,0.2294408536335424,0.03862837702035904,0.0013277414773898125,0.6891250324309198,0.0038277414773898125,0.0,-0.0025,True,True,105,5.0,10,0.016,0.5,0.21,0.9179484844207764,-0.03875068202614784,0,False
353,35.30602913396433,35.28,0.09999999999999432,167,-2.4980393659318647,2.2115639740590467,1.6828441735917843,0.2124143413229887,0.035761814564466476,0.0037753662780451403,0.6929003987089649,0.0037753662780451403,0.0,-0.0,False,False,105,5.0,10,0.036,0.5,0.21,0.9228845834732056,-0.04845655709505081,0,False
354,35.3711893199943,35.359999999999985,0.0,107,-2.4997621472535227,2.227387156255728,1.6760638740002423,0.19936820583492657,0.03356538340449333,1.5003927791600578,2.193293177869023,0.0028927791600578227,1.5,-0.0025,True,True,106,5.0,10,0.012,0.5,0.212,0.9077977538108826,-0.0957852378487587,1,True
