ppo_step,t_wall_s,t_sim_s,ppo_step_sim_dt,inner_ticks,x,y,yaw,goal_distance_m,goal_distance_norm,ppo_reward,ppo_reward_cumulative,navigation_reward,terminal_reward,frame_cost_reward,fresh_observation,frame_consumed,episode_frame_count,current_fps,scan_divisor_k,obs_age_ratio,fps_ratio,frame_count_ratio,action_linear,action_angular,outcome,done
1,0.09921240108087659,0.09999999999999998,0.09999999999999998,120,0.02572440726787461,0.0010574022723692433,0.0939931254411314,2.143659024636756,0.3609037697315216,-0.0016614744584278309,-0.0016614744584278309,0.0008385255415721691,0.0,-0.0025,True,True,2,5.0,10,0.0,0.5,0.004,0.9999967217445374,0.14289666712284088,0,False
2,0.19909920683130622,0.19999999999999996,0.09999999999999998,171,0.039668322354499526,0.0023681259240040235,0.09369519156603894,2.137437062407857,0.3598562479019165,0.0029000624088082565,0.0012385879503804256,0.0029000624088082565,0.0,-0.0,False,False,2,5.0,10,0.02,0.5,0.004,0.9999961853027344,0.14358679950237274,0,False
3,0.2997908047400415,0.30000000000000004,0.10100000000000009,165,0.06080804588458477,0.00446215694898646,0.11365049630295668,2.1280450839737983,0.35827502608299255,0.001877609924155674,0.0031161978745360996,0.004377609924155674,0.0,-0.0025,True,True,3,5.0,10,0.0,0.5,0.006,0.9999946355819702,0.15603633224964142,0,False
4,0.4004658740013838,0.4,0.10099999999999998,164,0.08257778163075316,0.007264627545715339,0.14299844598126674,2.1179445074344656,0.35657450556755066,0.0047078881631513175,0.007824086037687417,0.0047078881631513175,0.0,-0.0,False,False,3,5.0,10,0.02,0.5,0.006,0.9999946355819702,0.15668638050556183,0,False
5,0.5006713359616697,0.5,0.09999999999999998,163,0.10424857949934326,0.01074353497047994,0.17450437616693878,2.107418205578324,0.35480231046676636,0.0024063191311215963,0.010230405168809013,0.004906319131121596,0.0,-0.0025,True,True,4,5.0,10,0.0,0.5,0.008,0.9982845783233643,0.21868175268173218,0,False
6,0.6008736588992178,0.6,0.09999999999999998,164,0.1257016525502921,0.014934489055953733,0.21579151021212314,2.0964644082377366,0.35295814275741577,0.005105575175881727,0.01533598034469074,0.005105575175881727,0.0,-0.0,False,False,4,5.0,10,0.02,0.5,0.008,0.9984119534492493,0.22092269361019135,0,False
7,0.7019073739647865,0.7,0.10099999999999998,159,0.14698527242119153,0.02007838494104,0.25930319746667274,2.0848303354740745,0.3509994447231293,0.0029226521862389166,0.018258632530929658,0.005422652186238917,0.0,-0.0025,True,True,5,5.0,10,0.0,0.5,0.01,0.999958336353302,0.16892096400260925,0,False
8,0.802038717083633,0.8,0.10000000000000009,161,0.1680749439648769,0.02611113100373276,0.2946951241165407,2.0725749338696646,0.34893614053726196,0.0057122541394927645,0.023970886670422423,0.0057122541394927645,0.0,-0.0,False,False,5,5.0,10,0.02,0.5,0.01,0.99996417760849,0.17134971916675568,0,False
9,0.9030267130583525,0.8999999999999999,0.10099999999999998,165,0.1889460887333962,0.03284902623956227,0.3301309816161177,2.0598713258194508,0.346797376871109,0.0034211635826945316,0.027392050253116956,0.005921163582694532,0.0,-0.0025,True,True,6,5.0,10,0.0,0.5,0.012,0.979411244392395,0.17613740265369415,0,False
10,1.1037764050997794,1.0999999999999999,0.20100000000000007,332,0.22911710594773743,0.04818471361662555,0.40066673981090467,2.0335905319899372,0.3423727750778198,0.009749502561203386,0.03714155281432034,0.012249502561203386,0.0,-0.0025,True,True,7,5.0,10,0.0,0.5,0.014,0.9903287887573242,0.10343674570322037,0,False
11,1.3038036930374801,1.3,0.19999999999999973,329,0.26870019170054354,0.06610922800507628,0.44676926708081094,2.0055455890929332,0.33765116333961487,0.010571774090014693,0.04771332690433504,0.013071774090014693,0.0,-0.0025,True,True,8,5.0,10,0.0,0.5,0.016,0.9990367293357849,-0.17995493113994598,0,False
12,1.4038149476982653,1.4000000000000001,0.10000000000000009,165,0.28849924372419256,0.07562627841366051,0.4317457247810986,1.9911923618213725,0.335234671831131,0.006690052643199479,0.05440337954753452,0.006690052643199479,0.0,-0.0,False,False,8,5.0,10,0.02,0.5,0.016,0.9990952610969543,-0.18406584858894348,0,False
13,1.50373127264902,1.5,0.10000000000000009,165,0.30869752615229545,0.08446492892705623,0.3964605285276313,1.9775371116492613,0.3329356908798218,0.003864724864943153,0.05826810441247767,0.006364724864943153,0.0,-0.0025,True,True,9,5.0,10,0.0,0.5,0.018,0.9892886877059937,0.13893035054206848,0,False
14,1.6040960438549519,1.5999999999999999,0.10000000000000009,167,0.3289968208063863,0.09269676647399372,0.39760588441401834,1.9645991334038477,0.3307574689388275,0.006030403749677009,0.06429850816215468,0.006030403749677009,0.0,-0.0,False,False,9,5.0,10,0.02,0.5,0.018,0.9896424412727356,0.13736164569854736,0,False
15,1.8040966726839542,1.8,0.19999999999999973,332,0.3688119246449126,0.11056076383586,0.4252858069175907,1.9380154638915654,0.326281875371933,0.009890673199954632,0.07418918136210931,0.012390673199954632,0.0,-0.0025,True,True,10,5.0,10,0.02,0.5,0.02,0.9999551177024841,-0.031266357749700546,0,False
16,1.9038378186523914,1.9000000000000001,0.10000000000000009,169,0.38887152550242643,0.11962910658984328,0.42236535244467793,1.924791249539175,0.3240554630756378,0.003663818666603319,0.07785300002871262,0.006163818666603319,0.0,-0.0025,True,True,11,5.0,10,0.0,0.5,0.022,0.9998812079429626,-0.07749895751476288,0,False
17,2.0042033698409796,1.9999999999999998,0.10000000000000009,170,0.4090175355726908,0.12852885477924744,0.40809156559417276,1.9118764604898122,0.32188114523887634,0.0060195952437293535,0.08387259527244198,0.0060195952437293535,0.0,-0.0,False,False,11,5.0,10,0.02,0.5,0.022,0.9998796582221985,-0.07936807721853256,0,False
18,2.103886757977307,2.0999999999999996,0.10000000000000009,168,0.4292958118719806,0.13710756024920503,0.39233221010966485,1.8994183746909135,0.3197837173938751,0.0033067254319359466,0.08717932070437792,0.005806725431935947,0.0,-0.0025,True,True,12,5.0,10,0.0,0.5,0.024,0.9922081232070923,0.057163383811712265,0,False
19,2.2044190471060574,2.2,0.10000000000000009,171,0.44951008383431657,0.14546653417358732,0.40142776957820747,1.8873626479960088,0.31775403022766113,0.0056191854775923915,0.09279850618197032,0.0056191854775923915,0.0,-0.0,False,False,12,5.0,10,0.02,0.5,0.024,0.9923064708709717,0.056653380393981934,0,False
20,2.4041584078222513,2.4000000000000004,0.19999999999999973,340,0.48962171324769815,0.16293593496725142,0.42336635395366856,1.8630993142229058,0.3136690855026245,0.008809162543757921,0.10160766872572824,0.011309162543757922,0.0,-0.0025,True,True,13,5.0,10,0.02,0.5,0.026,0.9999038577079773,0.06986135244369507,0,False
21,2.5045101288706064,2.5,0.10000000000000009,174,0.5095902868544013,0.17211126290096168,0.43738292727659844,1.8508147048524777,0.31160086393356323,0.003225867906526144,0.10483353663225438,0.005725867906526144,0.0,-0.0025,True,True,14,5.0,10,0.0,0.5,0.028,0.9984608292579651,0.08970940858125687,0,False
22,2.6042286157608032,2.5999999999999996,0.10000000000000009,173,0.5293960188087483,0.18156823652363205,0.45488679575729724,1.838456102474804,0.3095201849937439,0.005760356116343741,0.11059389274859813,0.005760356116343741,0.0,-0.0,False,False,14,5.0,10,0.02,0.5,0.028,0.9984838962554932,0.08998621255159378,0,False
23,2.804704931098968,2.8,0.19999999999999973,348,0.5684448006888058,0.2014619728673222,0.4815099528974368,1.8133827399908005,0.3052988648414612,0.009186717682814689,0.11978061043141282,0.01168671768281469,0.0,-0.0025,True,True,15,5.0,10,0.02,0.5,0.03,0.9950198531150818,0.037204667925834656,0,False
24,2.904331097844988,2.9000000000000004,0.10000000000000009,169,0.587781344924209,0.2116760099847906,0.4899099105054581,1.8008719031963054,0.3031925559043884,0.003331312720274911,0.12311192315168773,0.005831312720274911,0.0,-0.0025,True,True,16,5.0,10,0.0,0.5,0.032,0.9975274801254272,-0.000686176004819572,0,False
25,3.004721528850496,3.0,0.10000000000000009,168,0.607114492132488,0.22202423141787667,0.4908979720260283,1.7884077988274394,0.301094114780426,0.005809530693021567,0.1289214538447093,0.005809530693021567,0.0,-0.0,False,False,16,5.0,10,0.02,0.5,0.032,0.9975945949554443,-0.0020066024735569954,0,False
26,3.105740394908935,3.0999999999999996,0.10099999999999998,170,0.6264690915982111,0.2323715410221608,0.4909284457214524,1.7761260217252315,0.29902637004852295,0.003224547783662195,0.13214600162837148,0.005724547783662195,0.0,-0.0025,True,True,17,5.0,10,0.0,0.5,0.034,0.9943515658378601,-0.06549173593521118,0,False
27,3.205654219724238,3.2,0.10000000000000009,169,0.6458083183761174,0.24268271817968218,0.48492715726778046,1.7640688788962169,0.29699644446372986,0.005619845539024315,0.1377658471673958,0.005619845539024315,0.0,-0.0,False,False,17,5.0,10,0.02,0.5,0.034,0.9944397211074829,-0.06615273654460907,0,False
28,3.305515934713185,3.3,0.10000000000000009,170,0.6652693512927046,0.2527458279360058,0.4716875533695525,1.7524410017192857,0.29503878951072693,0.0029197644174743325,0.1406856115848701,0.0054197644174743325,0.0,-0.0025,True,True,18,5.0,10,0.0,0.5,0.036,0.9955056309700012,0.18439170718193054,0,False
29,3.5057259518653154,3.5,0.19999999999999973,338,0.7037541619234935,0.2733920513921811,0.527865251562318,1.7292884481386872,0.2911408543586731,0.008291426858097688,0.1489770384429678,0.010791426858097688,0.0,-0.0025,True,True,19,5.0,10,0.0,0.5,0.038,0.999857485294342,0.1473546177148819,0,False
30,3.605508627835661,3.5999999999999996,0.10000000000000009,168,0.722483593973398,0.28477055407732776,0.5589247324040294,1.7169801185219173,0.28906863927841187,0.005736923935510693,0.1547139623784785,0.005736923935510693,0.0,-0.0,False,False,19,5.0,10,0.02,0.5,0.038,0.99985671043396,0.1458452343940735,0,False
31,3.705583502072841,3.7,0.09999999999999964,169,0.7408991453078341,0.2966933759515277,0.5894706059203076,1.704331562685228,0.2869391441345215,0.0033955036945289255,0.15810946607300744,0.0058955036945289255,0.0,-0.0025,True,True,20,5.0,10,0.0,0.5,0.04,0.9971967339515686,0.26145750284194946,0,False
32,3.8057771348394454,3.8,0.10000000000000053,170,0.758783315480114,0.3092105730832769,0.6410804443724851,1.691291799800661,0.2847437858581543,0.00607784566509596,0.1641873117381034,0.00607784566509596,0.0,-0.0,False,False,20,5.0,10,0.02,0.5,0.04,0.9971460700035095,0.26141121983528137,0,False
33,3.905701050069183,3.9000000000000004,0.09999999999999964,170,0.7759848926645428,0.32267441736930264,0.6907412996600186,1.6774974144522454,0.28242138028144836,0.00392957590062909,0.16811688763873248,0.00642957590062909,0.0,-0.0025,True,True,21,5.0,10,0.0,0.5,0.042,0.9998140335083008,0.23098722100257874,0,False
34,4.005673243664205,4.0,0.10000000000000053,170,0.7925181977473622,0.33702746055372895,0.7372609872056081,1.662989297512407,0.27997881174087524,0.00676224686231553,0.174879134501048,0.00676224686231553,0.0,-0.0,False,False,21,5.0,10,0.02,0.5,0.042,0.999824583530426,0.2314635068178177,0,False
35,4.105745818000287,4.1000000000000005,0.09999999999999964,169,0.8083817935909274,0.3521304443618659,0.7843134950281414,1.6478908296654766,0.27743685245513916,0.004537409971746044,0.17941654447279404,0.0070374099717460436,0.0,-0.0025,True,True,22,5.0,10,0.0,0.5,0.044,0.9997748732566833,0.14365895092487335,0,False
36,4.205723023042083,4.2,0.09999999999999964,169,0.8235605289746869,0.36790339048956744,0.8197521135540954,1.6322666220302213,0.2748063802719116,0.007282457778345422,0.18669900225113945,0.007282457778345422,0.0,-0.0,False,False,22,5.0,10,0.02,0.5,0.044,0.9997985363006592,0.14061374962329865,0,False
37,4.305794965941459,4.3,0.10000000000000053,170,0.8383217960984826,0.3841376321274029,0.8483998697090143,1.6163167035496737,0.2721210718154907,0.004934271907686498,0.19163327415882594,0.007434271907686498,0.0,-0.0025,True,True,23,5.0,10,0.0,0.5,0.046,0.9993266463279724,0.13719847798347473,0,False
38,4.4060802278108895,4.4,0.09999999999999964,169,0.8526202007281974,0.4007766894172486,0.8753019833954535,1.6000886917332817,0.26938894391059875,0.007563891471379201,0.19919716563020515,0.007563891471379201,0.0,-0.0,False,False,23,5.0,10,0.02,0.5,0.046,0.9993388056755066,0.13760703802108765,0,False
39,4.50615654187277,4.5,0.10000000000000053,167,0.8664522065854996,0.4178013086705793,0.9025696838266416,1.5835935616203973,0.26661184430122375,0.005188395558974658,0.2043855611891798,0.007688395558974658,0.0,-0.0025,True,True,24,5.0,10,0.0,0.5,0.048,0.99993896484375,-0.08164270967245102,0,False
40,4.60616190591827,4.6000000000000005,0.09999999999999964,165,0.8799978067329592,0.4351419029173415,0.8977275209759085,1.5669015888662277,0.26380160450935364,0.007780144098011185,0.21216570528719098,0.007780144098011185,0.0,-0.0,False,False,24,5.0,10,0.02,0.5,0.048,0.9999375343322754,-0.08248325437307358,0,False
41,4.7062414600513875,4.7,0.09999999999999964,168,0.8938478513400839,0.4522643764570517,0.8841282037495629,1.5505783420309402,0.2610534429550171,0.005108280602675742,0.2172739858898667,0.007608280602675742,0.0,-0.0025,True,True,25,5.0,10,0.0,0.5,0.05,0.9999727606773376,-0.264440655708313,0,False
42,4.805869776755571,4.8,0.10000000000000053,167,0.9081448488347892,0.46909244335047,0.8380730869871267,1.5347225964687055,0.25838398933410645,0.007390377822463951,0.22466436371233067,0.007390377822463951,0.0,-0.0,False,False,25,5.0,10,0.02,0.5,0.05,0.9999679923057556,-0.30134132504463196,0,False
43,4.90600867010653,4.9,0.09999999999999964,167,0.9234039993202536,0.4850892833329163,0.7779785950556147,1.5199285974554178,0.2558932900428772,0.004395496763883807,0.2290598604762145,0.006895496763883807,0.0,-0.0025,True,True,26,5.0,10,0.0,0.5,0.052,0.9993197917938232,0.05105916038155556,0,False
44,5.006093143951148,5.0,0.10000000000000053,166,0.9393727715594289,0.5002382677126022,0.7678199201319735,1.5062237825894578,0.25358596444129944,0.006387827015060239,0.23544768749127473,0.006387827015060239,0.0,-0.0,False,False,26,5.0,10,0.02,0.5,0.052,0.9993281960487366,0.05059094727039337,0,False
45,5.106221846770495,5.1000000000000005,0.09999999999999964,166,0.9551443425738811,0.5155405940579887,0.772572987476135,1.4925446351542409,0.2512829601764679,0.00387586340160677,0.23932355089288151,0.00637586340160677,0.0,-0.0025,True,True,27,5.0,10,0.0,0.5,0.054,0.996870219707489,0.20312054455280304,0,False
46,5.20608125301078,5.2,0.09999999999999964,168,0.970605128473793,0.5310376159612118,0.8071099225834674,1.478836191444624,0.2489750236272812,0.00638951842247958,0.2457130693153611,0.00638951842247958,0.0,-0.0,False,False,27,5.0,10,0.02,0.5,0.054,0.9966061115264893,0.203968808054924,0,False
47,5.306210875976831,5.3,0.10000000000000053,167,0.9853918859414427,0.5471250794859578,0.8468985555659491,1.4646554670093332,0.2465875744819641,0.004109648910024136,0.24982271822538524,0.006609648910024136,0.0,-0.0025,True,True,28,5.0,10,0.0,0.5,0.056,0.9996139407157898,0.19130027294158936,0,False
48,5.406493757851422,5.4,0.09999999999999964,168,0.9995587313053382,0.5638307789037733,0.8859387850284834,1.4499675010375292,0.2441147267818451,0.006846074664168985,0.25666879288955424,0.006846074664168985,0.0,-0.0,False,False,28,5.0,10,0.02,0.5,0.056,0.9995898008346558,0.19101397693157196,0,False
49,5.506556910928339,5.5,0.10000000000000053,166,1.013089375308174,0.5810712478973349,0.9246707128632379,1.4348400024413446,0.24156787991523743,0.004550941231100355,0.2612197341206546,0.007050941231100355,0.0,-0.0025,True,True,29,5.0,10,0.0,0.5,0.058,0.9969378709793091,0.15244543552398682,0,False
50,5.606700093951076,5.6000000000000005,0.09999999999999964,161,1.02596701673978,0.5987610621870088,0.9562702062711653,1.41934200775864,0.23895865678787231,0.007223629803225754,0.26844336392388035,0.007223629803225754,0.0,-0.0,False,False,29,5.0,10,0.02,0.5,0.058,0.9966418743133545,0.15230783820152283,0,False
51,5.706766868010163,5.7,0.09999999999999964,164,1.0382958171675942,0.6168185022117204,0.9872838854735663,1.4035583080192497,0.23630133271217346,0.004856797197115169,0.27330016112099553,0.00735679719711517,0.0,-0.0025,True,True,30,5.0,10,0.0,0.5,0.06,0.9887747168540955,-0.1745736002922058,0,False
52,5.80770282400772,5.8,0.10099999999999998,168,1.0502632406193277,0.635168251013562,0.9780153988096864,1.387586882001907,0.23361240327358246,0.007444296590683733,0.2807444577116793,0.007444296590683733,0.0,-0.0,False,False,30,5.0,10,0.02,0.5,0.06,0.9894493818283081,-0.194841206073761,0,False
53,5.907776087988168,5.9,0.10000000000000053,166,1.062846279749039,0.6530220257772867,0.939598348383487,1.3723839742643666,0.23105286061763763,0.004586089502349979,0.28533054721402923,0.007086089502349979,0.0,-0.0025,True,True,31,5.0,10,0.0,0.5,0.062,0.962782621383667,-0.15921355783939362,0,False
54,6.007723703049123,6.0,0.09999999999999964,167,1.0757918941166758,0.6700041628934128,0.9056485294805001,1.3582893684846384,0.22867991030216217,0.006569508924195559,0.2919000561382248,0.006569508924195559,0.0,-0.0,False,False,31,5.0,10,0.02,0.5,0.062,0.9613298773765564,-0.15327849984169006,0,False
55,6.107506779022515,6.1000000000000005,0.10000000000000053,166,1.0891519339029478,0.6864679435404816,0.8733363877215432,1.3449815137113783,0.22643941640853882,0.0037028035449258767,0.29560285968315064,0.006202803544925877,0.0,-0.0025,True,True,32,5.0,10,0.0,0.5,0.064,0.9158376455307007,0.42550456523895264,0,False
56,6.208616622723639,6.2,0.10099999999999998,170,1.1027946208327268,0.7026111696477847,0.8876430970051362,1.3322546279567316,0.22429673373699188,0.005932013342481825,0.3015348730256325,0.005932013342481825,0.0,-0.0,False,False,32,5.0,10,0.02,0.5,0.064,0.9123185276985168,0.44708409905433655,0,False
57,6.308504108805209,6.3,0.09999999999999964,165,1.114646459920347,0.7187001418218023,0.9782777981495977,1.3193678960644224,0.22212713956832886,0.0035065177766095018,0.30504139080224196,0.006006517776609502,0.0,-0.0025,True,True,33,5.0,10,0.0,0.5,0.066,0.6719287633895874,0.9690428376197815,0,False
58,6.409872251097113,6.4,0.10099999999999998,171,1.1246066304432147,0.7351610025877545,1.1012299414437112,1.3058281493306554,0.21984760463237762,0.006310888604402335,0.3113522794066443,0.006310888604402335,0.0,-0.0,False,False,33,5.0,10,0.02,0.5,0.066,0.691606342792511,0.9003221392631531,0,False
59,6.509621378034353,6.5,0.10000000000000053,167,1.130477565952564,0.7495592812053041,1.2670559484129038,1.2933744004424683,0.2177509069442749,0.0033047039938007487,0.314656983400445,0.005804703993800749,0.0,-0.0025,True,True,34,5.0,10,0.0,0.5,0.068,0.9018881320953369,0.319471150636673,0,False
60,6.609580961987376,6.6000000000000005,0.09999999999999964,168,1.1350149281637103,0.7668070649222712,1.3499649520184263,1.277888796933226,0.21514376997947693,0.007217854265696481,0.3218748376661415,0.007217854265696481,0.0,-0.0,False,False,34,5.0,10,0.02,0.5,0.068,0.8995638489723206,0.34624671936035156,0,False
61,6.710092451889068,6.7,0.09999999999999964,164,1.13866109088345,0.7861134151905623,1.418667090326622,1.2602427923308486,0.21217291057109833,0.005724819233926086,0.3275996569000676,0.008224819233926086,0.0,-0.0025,True,True,35,5.0,10,0.0,0.5,0.07,0.9887816905975342,0.16274823248386383,0,False
62,6.809650720097125,6.8,0.10000000000000053,162,1.141231080736508,0.8068545093472802,1.4653923794292516,1.2409814212509092,0.2089300900697708,0.008977743058546494,0.3365773999586141,0.008977743058546494,0.0,-0.0,False,False,35,5.0,10,0.02,0.5,0.07,0.9875056147575378,0.21214048564434052,0,False
63,6.909670363646001,6.9,0.09999999999999964,167,1.143042159202918,0.8284107083957549,1.5110234599399255,1.2207782324794605,0.20552870631217957,0.006916725164611087,0.3434941251232252,0.009416725164611088,0.0,-0.0025,True,True,36,5.0,10,0.0,0.5,0.072,0.8797996044158936,0.3508693277835846,0,False
64,7.010036814957857,7.0,0.09999999999999964,167,1.1437711459774929,0.848349785997144,1.570146252525356,1.2018639027648448,0.20234431326389313,0.008815986753887147,0.35231011187711236,0.008815986753887147,0.0,-0.0,False,False,36,5.0,10,0.02,0.5,0.072,0.8826031684875488,0.33477291464805603,0,False
65,7.110532545018941,7.1000000000000005,0.10000000000000053,167,1.1431363502354548,0.8679117461871175,1.6342038060106354,1.182948156916119,0.1991596817970276,0.00631664681531907,0.35862675869243144,0.00881664681531907,0.0,-0.0025,True,True,37,5.0,10,0.0,0.5,0.074,0.9508191347122192,0.02185322344303131,0,False
66,7.210861956700683,7.2,0.09999999999999964,166,1.141402197757687,0.8880647217073333,1.661840119242542,1.1631661795340034,0.19582921266555786,0.009220398142455179,0.3678471568348866,0.009220398142455179,0.0,-0.0,False,False,37,5.0,10,0.02,0.5,0.074,0.9568080306053162,0.024553876370191574,0,False
67,7.3107015318237245,7.3,0.10000000000000053,165,1.1394697944494276,0.909018091370854,1.6683296058550903,1.1425765631672977,0.19236277043819427,0.007096839427845563,0.37494399626273217,0.009596839427845564,0.0,-0.0025,True,True,38,5.0,10,0.0,0.5,0.076,0.9765309691429138,0.058207206428050995,0,False
68,7.411021733656526,7.4,0.09999999999999964,167,1.1373395709592975,0.9302918537834538,1.6781437821586147,1.1216387548263043,0.1888377070426941,0.009759132032418233,0.3847031282951504,0.009759132032418233,0.0,-0.0,False,False,38,5.0,10,0.02,0.5,0.076,0.9761599898338318,0.06720681488513947,0,False
69,7.51111610699445,7.5,0.10000000000000053,167,1.1349189241131434,0.9516022999086812,1.6907760749228522,1.1005945594102995,0.1852947324514389,0.007308719147491087,0.3920118474426415,0.009808719147491088,0.0,-0.0025,True,True,39,5.0,10,0.0,0.5,0.078,0.963729739189148,-0.30827778577804565,0,False
70,7.611203130800277,7.6000000000000005,0.09999999999999964,167,1.132481321690889,0.9725655272235897,1.6576029544133957,1.0798913867896511,0.1818091720342636,0.009649768103917359,0.4016616155465589,0.009649768103917359,0.0,-0.0,False,False,39,5.0,10,0.02,0.5,0.078,0.9641149640083313,-0.3433651030063629,0,False
71,7.711238645017147,7.7,0.09999999999999964,165,1.131347668620266,0.9938904642923159,1.589209750205356,1.0592675176791606,0.178336963057518,0.0071128046637301025,0.408774420210289,0.009612804663730103,0.0,-0.0025,True,True,40,5.0,10,0.0,0.5,0.08,0.8569133877754211,-0.8872989416122437,0,False
72,7.811105140019208,7.8,0.09999999999999964,166,1.1319464024043868,1.0152064595793475,1.480178170174667,1.0392337339506168,0.17496410012245178,0.009337765315817882,0.41811218552610685,0.009337765315817882,0.0,-0.0,False,False,40,5.0,10,0.02,0.5,0.08,0.8499225974082947,-0.909106969833374,0,False
73,7.910812316928059,7.8999999999999995,0.10000000000000142,165,1.1354276173226265,1.0341125333106842,1.294543226728857,1.0224726361502043,0.17214222252368927,0.00531236334665669,0.42342454887276354,0.0078123633466566905,0.0,-0.0025,True,True,41,5.0,10,0.0,0.5,0.082,0.9444860816001892,-0.5556805729866028,0,False
74,8.011069708969444,8.0,0.09999999999999964,166,1.142378524062704,1.0526411128175788,1.147859345812039,1.0073291175369006,0.16959267854690552,0.0070584081760489675,0.4304829570488125,0.0070584081760489675,0.0,-0.0,False,False,41,5.0,10,0.02,0.5,0.082,0.952107846736908,-0.6418125033378601,0,False
75,8.110937393736094,8.1,0.09999999999999964,164,1.1522531031667003,1.0713932415113714,1.0162517945622767,0.9931730869401525,0.16720938682556152,0.004098139088805023,0.43458109613761753,0.0065981390888050235,0.0,-0.0025,True,True,42,5.0,10,0.0,0.5,0.084,0.7580245733261108,0.4472106397151947,0,False
76,8.211326594930142,8.2,0.09999999999999964,166,1.1639874481141543,1.0883096402474925,0.9339004729013506,0.9816649616038954,0.16527189314365387,0.005363947972637798,0.4399450441102553,0.005363947972637798,0.0,-0.0,False,False,42,5.0,10,0.02,0.5,0.084,0.7822908759117126,0.41728106141090393,0,False
77,8.3111902307719,8.299999999999999,0.09999999999999964,165,1.1753918521553948,1.1041690332003051,0.9760648242365526,0.97130434743862,0.16352759301662445,0.0023290919435872124,0.4422741360538425,0.0048290919435872125,0.0,-0.0025,True,True,43,5.0,10,0.0,0.5,0.086,0.717302680015564,0.753023624420166,0,False
78,8.410933047067374,8.399999999999999,0.10000000000000142,164,1.1838819507379503,1.1182673228417213,1.1024366963460885,0.9616745469824691,0.16190633177757263,0.00448845899087827,0.4467625950447208,0.00448845899087827,0.0,-0.0,False,False,43,5.0,10,0.02,0.5,0.086,0.7228197455406189,0.4919498860836029,0,False
79,8.511125859804451,8.5,0.09999999999999964,165,1.1902443538839935,1.1327850844384033,1.1936201568004794,0.9509744146643295,0.1601048707962036,0.00248734167188938,0.4492499367166102,0.00498734167188938,0.0,-0.0025,True,True,44,5.0,10,0.0,0.5,0.088,0.7117804884910583,-0.952721893787384,0,False
80,8.612232794053853,8.6,0.10099999999999909,168,1.1955063294706327,1.147664910843352,1.2383088105133813,0.9396278171249903,0.15819457173347473,0.005288659715559752,0.45453859643216993,0.005288659715559752,0.0,-0.0,False,False,44,5.0,10,0.02,0.5,0.088,0.707821249961853,-0.9455979466438293,0,False
81,8.712172789033502,8.7,0.09999999999999964,165,1.2012628612760825,1.162637981218835,1.1500447653338737,0.9285402836193931,0.15632788836956024,0.002667909727358316,0.45720650615952824,0.005167909727358316,0.0,-0.0025,True,True,45,5.0,10,0.0,0.5,0.09,0.786685585975647,-0.9997833371162415,0,False
82,8.812344362027943,8.799999999999999,0.10000000000000142,167,1.2098055364372011,1.1776607472737397,0.9535432565937092,0.9187940061326975,0.15468701720237732,0.004542749043653495,0.4617492552031817,0.004542749043653495,0.0,-0.0,False,False,45,5.0,10,0.02,0.5,0.09,0.8164652585983276,-0.9998360276222229,0,False
83,8.912724732887,8.899999999999999,0.09999999999999964,168,1.2218888281415,1.1915730723867428,0.7550603971710664,0.9118905293633768,0.1535247564315796,0.0007177169729186629,0.4624669721761004,0.003217716972918663,0.0,-0.0025,True,True,46,5.0,10,0.0,0.5,0.092,0.7516895532608032,-0.7210733294487,0,False
84,9.01334826182574,9.0,0.10099999999999909,167,1.2358218807239194,1.2025319178916956,0.5892149266943318,0.9087882220703506,0.15300245583057404,0.0014459883281336796,0.4639129605042341,0.0014459883281336796,0.0,-0.0,False,False,46,5.0,10,0.02,0.5,0.092,0.8025307655334473,-0.8401633501052856,0,False
85,9.113647402729839,9.1,0.10000000000000142,167,1.251738225400189,1.211300519306289,0.41425447736975374,0.908908327944552,0.1530226767063141,-0.002555981460194463,0.4613569790440396,-5.598146019446312e-05,0.0,-0.0025,True,True,47,5.0,10,0.0,0.5,0.094,0.8149648904800415,-0.9354172945022583,0,False
86,9.213742736727,9.2,0.09999999999999964,167,1.2686025256069464,1.217061136471452,0.239808664081767,0.9124591072085282,0.15362048149108887,-0.0016550215328541,0.45970195751118553,-0.0016550215328541,0.0,-0.0,False,False,47,5.0,10,0.02,0.5,0.094,0.8071002960205078,-0.9459526538848877,0,False
87,9.313739070668817,9.299999999999999,0.09999999999999964,167,1.2865204234744112,1.2196500332213147,0.04906000473274813,0.9195912896366084,0.1548212468624115,-0.005824316894173347,0.4538776406170122,-0.003324316894173347,0.0,-0.0025,True,True,48,5.0,10,0.0,0.5,0.096,0.9640450477600098,-0.7542504668235779,0,False
88,9.41373015474528,9.399999999999999,0.09999999999999964,166,1.3065813942916293,1.2187823541888458,-0.12501598949384624,0.9310884399335133,0.15675689280033112,-0.005358832496540449,0.44851880812047173,-0.005358832496540449,0.0,-0.0,False,False,48,5.0,10,0.02,0.5,0.096,0.9373054504394531,-0.8957650661468506,0,False
89,9.513451271690428,9.5,0.09999999999999964,165,1.326918988729976,1.2143953737292716,-0.30851904457954243,0.9459482891829144,0.1592586785554886,-0.009426189620467953,0.4390926185000038,-0.006926189620467953,0.0,-0.0025,True,True,49,5.0,10,0.0,0.5,0.098,0.9999026656150818,0.6241467595100403,0,False
90,9.613585124723613,9.6,0.10000000000000142,165,1.3463898480006145,1.2065092442965948,-0.4320716479454769,0.9634155068539086,0.16219943761825562,-0.00814148647814652,0.4309511320218573,-0.00814148647814652,0.0,-0.0,False,False,49,5.0,10,0.02,0.5,0.098,0.9999575614929199,0.22693991661071777,0,False
91,9.713707457762212,9.7,0.09999999999999964,167,1.3655838508115454,1.1975159779805666,-0.4263281749129631,0.9817666577346673,0.1652890145778656,-0.011053488573181508,0.4198976434486758,-0.008553488573181507,0.0,-0.0025,True,True,50,5.0,10,0.0,0.5,0.1,0.9978624582290649,0.9751884341239929,0,False
92,9.813820771872997,9.799999999999999,0.09999999999999964,167,1.3857599067598294,1.1892195610149094,-0.33577883061845615,1.0002397731656467,0.1683991253376007,-0.008610336364005357,0.41128730708467043,-0.008610336364005357,0.0,-0.0,False,False,50,5.0,10,0.02,0.5,0.1,0.9974638223648071,0.9800352454185486,0,False
93,9.914940525777638,9.899999999999999,0.10099999999999909,169,1.406694939920735,1.1841025492277115,-0.1377052927959613,1.016743488591573,0.1711776703596115,-0.010192397181405728,0.4010949099032647,-0.007692397181405728,0.0,-0.0025,True,True,51,5.0,10,0.0,0.5,0.102,0.7204576730728149,-0.9919707179069519,0,False
94,10.014896710868925,10.0,0.10000000000000142,165,1.4283283220808418,1.1829542639793649,0.013140198099824599,1.030708606608621,0.17352882027626038,-0.006509154557014582,0.3945857553462501,-0.006509154557014582,0.0,-0.0,False,False,51,5.0,10,0.02,0.5,0.102,0.7906355857849121,-0.9610576629638672,0,False
95,10.114732946734875,10.1,0.09999999999999964,165,1.4502491611006758,1.1836632271006,0.03505932688861919,1.0436617197873348,0.1757095903158188,-0.008537458156230592,0.38604829719001954,-0.006037458156230593,0.0,-0.0025,True,True,52,5.0,10,0.0,0.5,0.104,0.6977505087852478,-0.915570080280304,0,False
96,10.214968288782984,10.2,0.09999999999999964,166,1.4718749897654306,1.183537472773838,-0.06480633476284157,1.057367950787405,0.17801715433597565,-0.006388487076492266,0.3796598101135273,-0.006388487076492266,0.0,-0.0,False,False,52,5.0,10,0.02,0.5,0.104,0.6785657405853271,-0.9895464181900024,0,False
97,10.315093202050775,10.299999999999999,0.09999999999999964,166,1.4891474560202675,1.1811084812367283,-0.23198008556125294,1.0702838904457321,0.18019166588783264,-0.008520131543642777,0.3711396785698845,-0.006020131543642777,0.0,-0.0025,True,True,53,5.0,10,0.0,0.5,0.106,0.4648144245147705,-0.999983549118042,0,False
98,10.415047056041658,10.399999999999999,0.10000000000000142,165,1.500217464894116,1.177351863549193,-0.4334321304079974,1.0803029507653599,0.181878462433815,-0.00466989337697654,0.36646978519290796,-0.00466989337697654,0.0,-0.0,False,False,53,5.0,10,0.02,0.5,0.106,0.4549626111984253,-0.9999994039535522,0,False
99,10.515102949924767,10.5,0.09999999999999964,166,1.5091193697047822,1.1721006720300207,-0.6332715914558157,1.0900768428671999,0.1835239827632904,-0.007055620241575885,0.35941416495133205,-0.004555620241575884,0.0,-0.0025,True,True,54,5.0,10,0.0,0.5,0.108,0.988132655620575,-0.8192973136901855,0,False
100,10.614830466918647,10.6,0.09999999999999964,166,1.5197687643651328,1.1623090206589488,-0.8323594656506562,1.1044425498206047,0.18594257533550262,-0.006695869434568285,0.35271829551676376,-0.006695869434568285,0.0,-0.0,False,False,54,5.0,10,0.02,0.5,0.108,0.9865185618400574,-0.8927528262138367,0,False
101,10.715181837789714,10.7,0.09999999999999964,163,1.532515854600186,1.1454246410765507,-0.9969818771734893,1.1255570208918166,0.18949738144874573,-0.012341474696050018,0.34037682082071374,-0.009841474696050017,0.0,-0.0025,True,True,55,5.0,10,0.0,0.5,0.11,0.8462008833885193,-0.465657502412796,0,False
102,10.815340430941433,10.799999999999999,0.09999999999999964,169,1.5424012230473676,1.128781497077013,-1.0829034666685498,1.1446314622692404,0.19270873069763184,-0.008890614949533323,0.33148620587118044,-0.008890614949533323,0.0,-0.0,False,False,55,5.0,10,0.02,0.5,0.11,0.8270999789237976,-0.4547618329524994,0,False
103,10.915392114780843,10.899999999999999,0.09999999999999964,167,1.5502692595496808,1.1122056107158411,-1.1721502759049096,1.162360930275724,0.19569364190101624,-0.010763721604569784,0.32072248426661065,-0.008263721604569783,0.0,-0.0025,True,True,56,5.0,10,0.0,0.5,0.112,0.9893139600753784,-0.36589497327804565,0,False
104,11.015083831734955,11.0,0.10000000000000142,165,1.5574652441632826,1.092637144927824,-1.2562140993712614,1.181973325598171,0.19899556040763855,-0.009141355785982904,0.31158112848062774,-0.009141355785982904,0.0,-0.0,False,False,56,5.0,10,0.02,0.5,0.112,0.9874070882797241,-0.3737078309059143,0,False
105,11.115188934840262,11.1,0.09999999999999964,166,1.5634870660809326,1.0716168358499176,-1.3314434209091517,1.2020016218070388,0.20236749947071075,-0.01183520757776926,0.2997459209028585,-0.00933520757776926,0.0,-0.0025,True,True,57,5.0,10,0.0,0.5,0.114,0.9998717308044434,-0.23147188127040863,0,False
106,11.215474497061223,11.2,0.09999999999999964,167,1.568052972236334,1.050176710892645,-1.383051448158603,1.2215030276186176,0.20565073192119598,-0.00908962347125656,0.29065629743160193,-0.00908962347125656,0.0,-0.0,False,False,57,5.0,10,0.02,0.5,0.114,0.9998784065246582,-0.23748640716075897,0,False
107,11.3152309730649,11.299999999999999,0.09999999999999964,164,1.5716504512110419,1.0283702232330227,-1.432538534252296,1.2407694436763237,0.20889440178871155,-0.011480094527397655,0.27917620290420425,-0.008980094527397654,0.0,-0.0025,True,True,58,5.0,10,0.0,0.5,0.116,0.9999960064888,-0.2755340337753296,0,False
108,11.415679282974452,11.399999999999999,0.10000000000000142,167,1.5741549133827109,1.0064072574616676,-1.4868855730942698,1.2595802185841483,0.21206136047840118,-0.008767719761678242,0.270408483142526,-0.008767719761678242,0.0,-0.0,False,False,58,5.0,10,0.02,0.5,0.116,0.9999961256980896,-0.2841811776161194,0,False
109,11.515632727649063,11.5,0.09999999999999964,166,1.575439353329413,0.9843525864983761,-1.5430620323234336,1.2778286112335524,0.2151336371898651,-0.011005592865527943,0.2594028902769981,-0.008505592865527942,0.0,-0.0025,True,True,59,5.0,10,0.0,0.5,0.118,0.9999986886978149,-0.3124431371688843,0,False
110,11.615322954952717,11.6,0.09999999999999964,164,1.5753762176318515,0.9625122271186964,-1.608475218278348,1.2952177645117349,0.21806125342845917,-0.008105100591712119,0.251297789685286,-0.008105100591712119,0.0,-0.0,False,False,59,5.0,10,0.02,0.5,0.118,0.9999988079071045,-0.3197456896305084,0,False
111,11.715670275967568,11.7,0.09999999999999964,159,1.5737968239813573,0.9405242074363369,-1.6730279788298479,1.31196434693752,0.2208806872367859,-0.010305597716979432,0.24099219196830657,-0.007805597716979432,0.0,-0.0025,True,True,60,5.0,10,0.0,0.5,0.12,0.9999706149101257,-0.12237721681594849,0,False
112,11.81668763095513,11.799999999999999,0.10100000000000087,166,1.571062873161045,0.9186368352496572,-1.7026220013075335,1.3281130552437541,0.22359946370124817,-0.007526928031191945,0.23346526393711461,-0.007526928031191945,0.0,-0.0,False,False,60,5.0,10,0.02,0.5,0.12,0.9999715089797974,-0.1265079230070114,0,False
113,11.916583216749132,11.899999999999999,0.09999999999999964,167,1.5678149395639573,0.8968260966463112,-1.7318529935982305,1.344073063679835,0.22628647089004517,-0.009938974845388818,0.22352628909172578,-0.007438974845388818,0.0,-0.0025,True,True,61,5.0,10,0.0,0.5,0.122,0.9999288320541382,-0.12354592978954315,0,False
114,12.016846138983965,12.0,0.09999999999999964,166,1.5640136042541912,0.8751049287421234,-1.7571727318519588,1.3598182622731105,0.2289373129606247,-0.007338851776934862,0.21618743731479093,-0.007338851776934862,0.0,-0.0,False,False,61,5.0,10,0.02,0.5,0.122,0.9999297857284546,-0.1250605285167694,0,False
115,12.116485795937479,12.1,0.09999999999999964,163,1.559670680290453,0.8534839205382491,-1.7817392042665787,1.3753540500348749,0.23155289888381958,-0.009741245192690099,0.20644619212210083,-0.0072412451926900994,0.0,-0.0025,True,True,62,5.0,10,0.0,0.5,0.124,0.9999693036079407,-0.09572363644838333,0,False
116,12.216573408804834,12.2,0.09999999999999964,166,1.5548209883338309,0.8319819668263971,-1.8014764993135302,1.390690782445807,0.2341349720954895,-0.007148465307666154,0.19929772681443467,-0.007148465307666154,0.0,-0.0,False,False,62,5.0,10,0.02,0.5,0.124,0.9999698996543884,-0.09699225425720215,0,False
117,12.31676670210436,12.299999999999999,0.10000000000000142,166,1.5495643790112472,0.8105836340418009,-1.8214180500246513,1.405901124887425,0.2366957664489746,-0.009589554824867624,0.18970817198956705,-0.007089554824867624,0.0,-0.0025,True,True,63,5.0,10,0.0,0.5,0.126,0.9998102784156799,-0.2260313779115677,0,False
118,12.416545837651938,12.399999999999999,0.09999999999999964,165,1.5437423300130835,0.7892993333515019,-1.8633595056759875,1.4208971885365282,0.2392204850912094,-0.006989679279450459,0.1827184927101166,-0.006989679279450459,0.0,-0.0,False,False,63,5.0,10,0.02,0.5,0.126,0.9998099207878113,-0.22936217486858368,0,False
119,12.516893088817596,12.5,0.09999999999999964,168,1.5369371151377555,0.7683007397116929,-1.906988230192202,1.4353255594242993,0.24164962768554688,-0.009225077152930708,0.1734934155571859,-0.006725077152930708,0.0,-0.0025,True,True,64,5.0,10,0.0,0.5,0.128,0.9999945163726807,-0.30682846903800964,0,False
120,12.617079831659794,12.6,0.09999999999999964,167,1.5290830394897148,0.7476381365654344,-1.9659003535496937,1.449128087543847,0.24397340416908264,-0.0064333712538625935,0.1670600443033233,-0.0064333712538625935,0.0,-0.0,False,False,64,5.0,10,0.02,0.5,0.128,0.9999944567680359,-0.31388285756111145,0,False
121,12.717703591100872,12.7,0.10100000000000087,168,1.5199515938864128,0.7274959778289908,-2.027940223218233,1.4620522584816882,0.24614930152893066,-0.008523968150715712,0.1585360761526076,-0.006023968150715712,0.0,-0.0025,True,True,65,5.0,10,0.0,0.5,0.13,0.9882051348686218,-0.30877938866615295,0,False
122,12.81786768278107,12.799999999999999,0.09999999999999964,168,1.509667329120401,0.7081436478307777,-2.090374060084652,1.4739472539551117,0.24815192818641663,-0.00554426850506979,0.1529918076475378,-0.00554426850506979,0.0,-0.0,False,False,65,5.0,10,0.02,0.5,0.13,0.9889665246009827,-0.31850606203079224,0,False
123,12.917773827910423,12.899999999999999,0.09999999999999964,168,1.4982054534870273,0.6895011725817248,-2.1547209271670162,1.4848898992395831,0.2499942183494568,-0.007600377192105309,0.1453914304554325,-0.00510037719210531,0.0,-0.0025,True,True,66,5.0,10,0.0,0.5,0.132,0.9990948438644409,-0.28185412287712097,0,False
124,13.018004660960287,13.0,0.09999999999999964,170,1.4855069485139876,0.6714758837911978,-2.2124700376355673,1.4949568425938042,0.251689076423645,-0.004692211704143309,0.1406992187512892,-0.004692211704143309,0.0,-0.0,False,False,66,5.0,10,0.02,0.5,0.132,0.9991934895515442,-0.28493770956993103,0,False
125,13.117683697957546,13.1,0.09999999999999964,168,1.4717890677707146,0.6541648684167283,-2.270193639898507,1.5041850805213979,0.25324273109436035,-0.006801290321090158,0.13389792843019904,-0.004301290321090158,0.0,-0.0025,True,True,67,5.0,10,0.0,0.5,0.134,0.8581041693687439,-0.161240816116333,0,False
126,13.21814358793199,13.2,0.10000000000000142,170,1.458508416382238,0.6391467353404378,-2.3149050812611036,1.5118051211503614,0.25452563166618347,-0.003551708057468897,0.13034622037273014,-0.003551708057468897,0.0,-0.0,False,False,67,5.0,10,0.02,0.5,0.134,0.8605536818504333,-0.1620841771364212,0,False
127,13.317941033747047,13.299999999999999,0.09999999999999964,167,1.4454432674889557,0.6253547549553287,-2.347219022349097,1.5186331887783264,0.25567519664764404,-0.005682568701669092,0.12466365167106104,-0.003182568701669091,0.0,-0.0025,True,True,68,5.0,10,0.0,0.5,0.136,0.8396719694137573,-0.16250362992286682,0,False
128,13.418120465707034,13.399999999999999,0.09999999999999964,170,1.43218441539883,0.6122473763263371,-2.3787926361362577,1.5249638393001659,0.2567410171031952,-0.002950722123708063,0.12171292954735298,-0.002950722123708063,0.0,-0.0,False,False,68,5.0,10,0.02,0.5,0.136,0.8422420620918274,-0.16370363533496857,0,False
129,13.518244148697704,13.5,0.09999999999999964,169,1.4185326225321544,0.5996088662904298,-2.4112243491033447,1.530907531176457,0.25774168968200684,-0.005270360337436589,0.11644256920991639,-0.0027703603374365894,0.0,-0.0025,True,True,69,5.0,10,0.0,0.5,0.138,0.6750328540802002,-0.17513404786586761,0,False
130,13.618339982815087,13.6,0.09999999999999964,164,1.4063527684313062,0.5890344954121426,-2.444346456548037,1.535736725508205,0.25855472683906555,-0.002250891990517585,0.1141916772193988,-0.002250891990517585,0.0,-0.0,False,False,69,5.0,10,0.02,0.5,0.138,0.6800613403320312,-0.17588494718074799,0,False
131,13.718436426017433,13.7,0.10000000000000142,164,1.3946455286853785,0.5795758236678842,-2.479893805965277,1.5398727221931245,0.25925105810165405,-0.0044277919195939205,0.10976388529980488,-0.00192779191959392,0.0,-0.0025,True,True,70,5.0,10,0.0,0.5,0.14,0.9710254073143005,-0.010374471545219421,0,False
132,13.818089263048023,13.799999999999999,0.09999999999999964,164,1.3799000795645333,0.5685016791038817,-2.5090172979378416,1.5444971081292187,0.2600296139717102,-0.0021554306059265184,0.10760845469387836,-0.0021554306059265184,0.0,-0.0,False,False,70,5.0,10,0.02,0.5,0.14,0.9704204797744751,-0.01653076522052288,0,False
133,13.918151456862688,13.899999999999999,0.09999999999999964,166,1.362694999072889,0.5558560301565557,-2.509327463731402,1.5498959424067005,0.2609385550022125,-0.005016401701506358,0.10259205299237201,-0.002516401701506359,0.0,-0.0025,True,True,71,5.0,10,0.0,0.5,0.142,0.45858412981033325,-0.7987217903137207,0,False
134,14.01840843865648,14.0,0.09999999999999964,166,1.34672708494571,0.5443781328035283,-2.5444387140791167,1.5549101192565626,0.2617827355861664,-0.002337112515061734,0.10025494047731028,-0.002337112515061734,0.0,-0.0,False,False,71,5.0,10,0.02,0.5,0.142,0.4610802233219147,-0.7988505959510803,0,False
135,14.11849913187325,14.1,0.09999999999999964,165,1.3340661645041594,0.5365418065323504,-2.646191607259751,1.5578627588758418,0.26227983832359314,-0.003876228085547908,0.09637871239176236,-0.0013762280855479081,0.0,-0.0025,True,True,72,5.0,10,0.0,0.5,0.144,0.43375447392463684,0.2747272849082947,0,False
136,14.21871155500412,14.2,0.10000000000000142,166,1.323239390692665,0.531531347592878,-2.746775255625702,1.5589032634131395,0.262455016374588,-0.00048498013710140714,0.09589373225466095,-0.00048498013710140714,0.0,-0.0,False,False,72,5.0,10,0.02,0.5,0.144,0.39940616488456726,0.22350062429904938,0,False
137,14.318550200667232,14.299999999999999,0.09999999999999964,165,1.3134469796256143,0.5274089365408463,-2.7261203217385876,1.5595359213267668,0.26256152987480164,-0.002794882444709126,0.09309884980995183,-0.00029488244470912597,0.0,-0.0025,True,True,73,5.0,10,0.0,0.5,0.146,-0.9721387624740601,0.21030293405056,0,False
138,14.418567163869739,14.399999999999999,0.09999999999999964,168,1.3090389541543825,0.5253761828088428,-2.676323069613917,1.5600115653709516,0.2626416087150574,-0.00022169813344529457,0.09287715167650654,-0.00022169813344529457,0.0,-0.0,False,False,73,5.0,10,0.02,0.5,0.146,-0.9717845916748047,0.22238236665725708,0,False
139,14.518381440080702,14.5,0.09999999999999964,166,1.3135368087180415,0.5278319317164276,-2.627192229307275,1.559166133307302,0.26249927282333374,-0.0021059433251452687,0.09077120835136127,0.0003940566748547315,0.0,-0.0025,True,True,74,5.0,10,0.0,0.5,0.148,-0.1400034874677658,0.379352867603302,0,False
140,14.618391744792461,14.6,0.09999999999999964,165,1.3198138840105649,0.5315492532250795,-2.5783723334981428,1.557740086258566,0.26225918531417847,0.0006646818619409579,0.09143589021330223,0.0006646818619409579,0.0,-0.0,False,False,74,5.0,10,0.02,0.5,0.148,-0.08063376694917679,0.3856974244117737,0,False
141,14.718750494997948,14.7,0.10000000000000142,167,1.3212070311037492,0.5324984779458715,-2.50041844896345,1.5573109976232464,0.2621869444847107,-0.0023000013861290856,0.08913588882717315,0.00019999861387091428,0.0,-0.0025,True,True,75,5.0,10,0.0,0.5,0.15,-0.9907328486442566,-0.8039652109146118,0,False
142,14.819639071822166,14.799999999999999,0.10099999999999909,169,1.3243282885654863,0.5350532226362434,-2.438972217514786,1.5559527479950253,0.2619582712650299,0.000633081420887841,0.08976897024806099,0.000633081420887841,0.0,-0.0,False,False,75,5.0,10,0.02,0.5,0.15,-0.9910802841186523,-0.8115617632865906,0,False
143,14.919539026916027,14.899999999999999,0.09999999999999964,165,1.3312943581685628,0.540961605737393,-2.444496501354484,1.5527609587279254,0.2614209055900574,-0.0010123040401369525,0.08875666620792404,0.0014876959598630476,0.0,-0.0025,True,True,76,5.0,10,0.0,0.5,0.152,0.9999740123748779,0.9995235204696655,0,False
144,15.019720119889826,15.0,0.10000000000000142,167,1.3375635532239218,0.5460119668560315,-2.489871605984334,1.5501793462454574,0.2609862685203552,0.001203291990385513,0.08995995819830956,0.001203291990385513,0.0,-0.0,False,False,76,5.0,10,0.02,0.5,0.152,0.9999637603759766,0.9992981553077698,0,False
145,15.119417476002127,15.1,0.09999999999999964,166,1.3363605922558144,0.5451609863840498,-2.5295716902582717,1.5505609943880931,0.2610505223274231,-0.002677886555901712,0.08728207164240784,-0.0001778865559017117,0.0,-0.0025,True,True,77,5.0,10,0.0,0.5,0.154,-0.8938869833946228,-0.8716261982917786,0,False
146,15.219723768066615,15.2,0.09999999999999964,168,1.335376306189325,0.544473096251294,-2.5348437121188283,1.5508663483055547,0.26110193133354187,-0.00014232574625726576,0.08713974589615057,-0.00014232574625726576,0.0,-0.0,False,False,77,5.0,10,0.02,0.5,0.154,-0.8936245441436768,-0.871177613735199,0,False
147,15.319886860903352,15.299999999999999,0.09999999999999964,165,1.341496070081273,0.5486382248863408,-2.556783059698298,1.549086444746091,0.2608022689819336,-0.0016703852877586836,0.08546936060839189,0.0008296147122413165,0.0,-0.0025,True,True,78,5.0,10,0.0,0.5,0.156,-0.9999619722366333,0.7189710140228271,0,False
148,15.421039245091379,15.399999999999999,0.10100000000000087,170,1.351769169994127,0.5550151710748834,-2.594158593428171,1.546748407330537,0.2604086399078369,0.0010897614240957447,0.08655912203248763,0.0010897614240957447,0.0,-0.0,False,False,78,5.0,10,0.02,0.5,0.156,-0.9999399781227112,0.42390841245651245,0,False
149,15.52096589980647,15.5,0.09999999999999964,167,1.3659791444411007,0.5639354663159808,-2.5604741987980937,1.543571664488356,0.25987380743026733,-0.0010193171928512084,0.08553980483963641,0.0014806828071487917,0.0,-0.0025,True,True,79,5.0,10,0.0,0.5,0.158,-0.9999759793281555,0.545344889163971,0,False
150,15.62092502368614,15.6,0.09999999999999964,168,1.3832314826427894,0.5764451551609296,-2.4625428465083177,1.5383976415008311,0.2590027153491974,0.002411616949189514,0.08795142178882592,0.002411616949189514,0.0,-0.0,False,False,79,5.0,10,0.02,0.5,0.158,-0.9999731779098511,0.5135799050331116,0,False
151,15.721006157808006,15.7,0.09999999999999964,168,1.399765958492065,0.5912441132072166,-2.3626526297297863,1.5311148178068033,0.2577765882015228,0.000894530928993578,0.0888459527178195,0.003394530928993578,0.0,-0.0025,True,True,80,5.0,10,0.0,0.5,0.16,0.022499369457364082,0.9999901056289673,0,False
152,15.820873392745852,15.8,0.10000000000000142,169,1.4118198429820266,0.6042859955879627,-2.2613899760260816,1.5239229807293408,0.25656577944755554,0.003352121981992805,0.09219807469981231,0.003352121981992805,0.0,-0.0,False,False,80,5.0,10,0.02,0.5,0.16,0.08126386255025864,0.999992847442627,0,False
153,16.021043439861387,16.0,0.1999999999999993,336,1.4202636461777915,0.6171397986567023,-2.0314458894883742,1.5155954040956854,0.2551637589931488,0.0013814912503907532,0.09357956595020306,0.003881491250390753,0.0,-0.0025,True,True,81,5.0,10,0.02,0.5,0.162,-0.9948501586914062,1.0,0,False
154,16.120759375859052,16.099999999999998,0.10000000000000142,168,1.4266083745552578,0.6324058602047816,-1.8975005528820206,1.5043111164571847,0.2532639503479004,0.0027596170125553615,0.09633918296275842,0.0052596170125553615,0.0,-0.0025,True,True,82,5.0,10,0.0,0.5,0.164,1.0,1.0,0,False
155,16.320944872684777,16.3,0.1999999999999993,335,1.431000996225618,0.653667334933901,-1.5504814891204055,1.4868671764906232,0.25032711029052734,0.00563063671835933,0.10196981968111775,0.00813063671835933,0.0,-0.0025,True,True,83,5.0,10,0.0,0.5,0.166,0.9999998807907104,0.9996493458747864,0,False
156,16.520957411732525,16.5,0.1999999999999993,331,1.4355046315960207,0.6361010824070978,-1.2072222303386702,1.5046881621639634,0.2533274292945862,-0.010806378074607449,0.0911634416065103,-0.008306378074607448,0.0,-0.0025,True,True,84,5.0,10,0.0,0.5,0.168,1.0,0.9975484013557434,0,False
157,16.62132950173691,16.599999999999998,0.10000000000000142,166,1.4447673150001594,0.6172070389517677,-1.0153266401643595,1.5257264275183826,0.2568694055080414,-0.009805955140244897,0.0813574864662654,-0.009805955140244897,0.0,-0.0,False,False,84,5.0,10,0.02,0.5,0.168,0.9878164529800415,0.24623985588550568,0,False
158,16.821319490671158,16.8,0.1999999999999993,328,1.4711252265819326,0.5826494000250344,-0.8325732149063898,1.5682129290520561,0.2640223801136017,-0.022302998065029857,0.05905448840123553,-0.01980299806502986,0.0,-0.0025,True,True,85,5.0,10,0.02,0.5,0.17,0.9993646144866943,0.48585712909698486,0,False
159,17.021448677871376,17.0,0.1999999999999993,329,1.5032637822560648,0.5531360458828375,-0.6853468574076276,1.6087248085861459,0.27084290981292725,-0.0213826249059,0.037671863495335536,-0.0188826249059,0.0,-0.0025,True,True,86,5.0,10,0.02,0.5,0.172,0.9991348385810852,-0.14448225498199463,0,False
160,17.121268673799932,17.099999999999998,0.10000000000000142,164,1.5200766843966214,0.5388811213512311,-0.7172383597133777,1.6289195890613166,0.2742428779602051,-0.011912806049859087,0.02575905744547645,-0.009412806049859087,0.0,-0.0025,True,True,87,5.0,10,0.0,0.5,0.174,0.9994831681251526,-0.28015393018722534,0,False
161,17.321334721986204,17.3,0.1999999999999993,332,1.551900399225991,0.5082631182555599,-0.8210766613930696,1.6705188825750965,0.28124648332595825,-0.021889469577933612,0.003869587867542837,-0.019389469577933614,0.0,-0.0025,True,True,88,5.0,10,0.0,0.5,0.176,0.9820533394813538,-0.5505411028862,0,False
162,17.522461659740657,17.5,0.2010000000000005,332,1.5787416702171564,0.4735953470649869,-1.0221712681682729,1.7135780333394877,0.28849586844444275,-0.022569910406561543,-0.018700322539018707,-0.020069910406561545,0.0,-0.0025,True,True,89,5.0,10,0.0,0.5,0.178,0.9979043006896973,-0.11020149290561676,0,False
163,17.722653986886144,17.7,0.1999999999999993,332,1.599237551038058,0.4348549485023021,-1.114160418341328,1.7574013654729692,0.2958739101886749,-0.022926096056759996,-0.0416264185957787,-0.020426096056759997,0.0,-0.0025,True,True,90,5.0,10,0.0,0.5,0.18,1.0,0.3573208749294281,0,False
164,17.922478295862675,17.9,0.1999999999999993,333,1.619614524594752,0.39603110216221277,-1.0624088582816957,1.8012452315510452,0.3032554090023041,-0.022935666947522772,-0.06456208554330148,-0.020435666947522774,0.0,-0.0025,True,True,91,5.0,10,0.0,0.5,0.182,0.9969359040260315,-0.22435759007930756,0,False
165,18.022596689872444,18.0,0.10000000000000142,168,1.6299122991439756,0.37656606830873846,-1.1050586403405682,1.8232641697766159,0.3069624900817871,-0.010263047681847727,-0.0748251332251492,-0.010263047681847727,0.0,-0.0,False,False,91,5.0,10,0.02,0.5,0.182,1.0,0.6472309827804565,0,False
166,18.222956644836813,18.2,0.1999999999999993,333,1.6502374360177579,0.33732452129519874,-1.0600930731021803,1.8674564048457436,0.31440263986587524,-0.023098042059774507,-0.09792317528492371,-0.02059804205977451,0.0,-0.0025,True,True,92,5.0,10,0.02,0.5,0.184,0.9983492493629456,-0.14569854736328125,0,False
167,18.423028462100774,18.4,0.1999999999999993,333,1.670385349707719,0.29812209163603026,-1.1301312196673212,1.911533224984909,0.3218233585357666,-0.023044247053073223,-0.12096742233799693,-0.020544247053073224,0.0,-0.0025,True,True,93,5.0,10,0.02,0.5,0.186,1.0,-0.127266988158226,0,False
168,18.523088115733117,18.5,0.10000000000000142,167,1.679606851275512,0.27808832879857803,-1.1540645723053593,1.933568802786272,0.3255332410335541,-0.01277080340367287,-0.1337382257416698,-0.01027080340367287,0.0,-0.0025,True,True,94,5.0,10,0.0,0.5,0.188,1.0,-0.18104931712150574,0,False
169,18.723305911757052,18.7,0.1999999999999993,334,1.696152413423605,0.237197986116294,-1.2218148751216347,1.9775135684196832,0.3329317271709442,-0.0229826963245469,-0.15672092206621668,-0.0204826963245469,0.0,-0.0025,True,True,95,5.0,10,0.0,0.5,0.19,1.0,-0.12282196432352066,0,False
170,18.92315394198522,18.9,0.1999999999999993,332,1.7100982640021223,0.1953774019630716,-1.272894563052626,2.0211237723696147,0.3402738869190216,-0.022826756811256357,-0.17954767887747303,-0.02032675681125636,0.0,-0.0025,True,True,96,5.0,10,0.0,0.5,0.192,0.9999994039535522,-0.18261376023292542,0,False
171,19.02319586602971,19.0,0.10000000000000142,165,1.7162443240194083,0.1741884615451173,-1.3093011606575935,2.0428145215152007,0.34392571449279785,-0.010110078445000838,-0.18965775732247386,-0.010110078445000838,0.0,-0.0,False,False,96,5.0,10,0.02,0.5,0.192,0.9999994039535522,-0.17766284942626953,0,False
172,19.223247983958572,19.2,0.1999999999999993,332,1.7262835847441476,0.13123299355701268,-1.3684147154300834,2.085735245170343,0.35115179419517517,-0.02250538940159167,-0.21216314672406553,-0.02000538940159167,0.0,-0.0025,True,True,97,5.0,10,0.02,0.5,0.194,0.9998341202735901,-0.11941482126712799,0,False
173,19.423373330850154,19.4,0.1999999999999993,329,1.7341853022357663,0.08793083810797421,-1.3929158815040183,2.1280767699745087,0.35828036069869995,-0.022235424275937367,-0.2343985710000029,-0.019735424275937368,0.0,-0.0025,True,True,98,5.0,10,0.02,0.5,0.196,0.9999523162841797,0.12399237602949142,0,False
174,19.524166238028556,19.5,0.10099999999999909,168,1.7383972249763822,0.06639190116824621,-1.3676715340385592,2.1492858565059425,0.3618510961532593,-0.012385575050469924,-0.2467841460504728,-0.009885575050469924,0.0,-0.0025,True,True,99,5.0,10,0.0,0.5,0.198,0.9999708533287048,-0.054618339985609055,0,False
175,19.62505346396938,19.62,0.10100000000000264,169,1.743868868691273,0.04055771931160862,-1.372225825894106,2.1706554972420937,0.36544886231422424,-0.00996040951531356,-0.25674455556578635,-0.00996040951531356,0.0,-0.0,False,False,99,5.0,10,0.02,0.5,0.198,0.9999723434448242,-0.05248250067234039,0,False
176,19.826465259771794,19.82,0.20099999999999696,336,1.7523323461741007,-0.002640851536449926,-1.3814116291885499,2.217545290773943,0.37334316968917847,-0.0243553765798983,-0.28109993214568463,-0.021855376579898302,0.0,-0.0025,True,True,100,5.0,10,0.024,0.5,0.2,0.9996883273124695,-0.014746550470590591,0,False
177,19.927330386824906,19.919999999999998,0.10100000000000264,168,1.7564178802701629,-0.024256185212006388,-1.38480751025307,2.238827485228804,0.3769262135028839,-0.0124196507218927,-0.29351958286757734,-0.009919650721892699,0.0,-0.0025,True,True,101,5.0,10,0.004,0.5,0.202,0.9846122860908508,0.004355790559202433,0,False
178,20.12742940383032,20.12,0.1999999999999993,333,1.7644444464265379,-0.0668348138054203,-1.3833351518666492,2.280780458236548,0.3839893639087677,-0.022054319920555007,-0.31557390278813235,-0.019554319920555008,0.0,-0.0025,True,True,102,5.0,10,0.004,0.5,0.204,0.9812654852867126,0.004084504675120115,0,False
179,20.328000717796385,20.32,0.2010000000000005,335,1.7725279019551303,-0.10926371869671483,-1.381327089962854,2.3226716523937445,0.3910421133041382,-0.022025524740587613,-0.33759942752871996,-0.019525524740587615,0.0,-0.0025,True,True,103,5.0,10,0.004,0.5,0.206,0.9940889477729797,0.31288111209869385,0,False
180,20.528732859063894,20.52,0.1999999999999993,338,1.7827591950979564,-0.15166285580952943,-1.2683597587563888,2.365474305867468,0.3982483148574829,-0.022450356779705506,-0.3600497843084255,-0.019950356779705507,0.0,-0.0025,True,True,104,5.0,10,0.004,0.5,0.208,0.6559105515480042,-0.9973981976509094,0,False
181,20.628824142739177,20.62,0.10000000000000142,168,1.789551297489464,-0.17260081699794225,-1.2762536531249433,2.3873429568606186,0.4019300937652588,-0.010192998662385476,-0.370242782970811,-0.010192998662385476,0.0,-0.0,False,False,104,5.0,10,0.024,0.5,0.208,0.6584163308143616,-0.9974057078361511,0,False
182,20.828516523819417,20.82,0.1999999999999993,334,1.7961308881791218,-0.2078002683823396,-1.5643393117014444,2.422118608165527,0.4077848792076111,-0.018708963568239253,-0.38895174653905024,-0.016208963568239254,0.0,-0.0025,True,True,105,5.0,10,0.024,0.5,0.21,0.5767132639884949,-0.981867253780365,0,False
183,21.02862802101299,21.02,0.1999999999999993,338,1.7915078538334848,-0.23336845249015464,-1.889079065845309,2.4435675524118365,0.41139599680900574,-0.012497372955501025,-0.40144911949455125,-0.009997372955501025,0.0,-0.0025,True,True,106,5.0,10,0.024,0.5,0.212,0.9807093739509583,0.38493913412094116,0,False
184,21.1287380438298,21.12,0.10000000000000142,169,1.7868372074651269,-0.24694030036387682,-1.9049560259913438,2.4540963325026706,0.41316860914230347,-0.0074074742386275125,-0.4088565937331788,-0.004907474238627513,0.0,-0.0025,True,True,107,5.0,10,0.004,0.5,0.214,0.992996335029602,0.032271768897771835,0,False
185,21.329494195990264,21.32,0.1999999999999993,325,1.773269634136046,-0.28733499055330136,-1.8878672235739797,2.4857906530010565,0.41850462555885315,-0.01727275240006576,-0.42612934613324455,-0.014772752400065762,0.0,-0.0025,True,True,108,5.0,10,0.004,0.5,0.216,0.771977424621582,0.1297946572303772,0,False
186,21.42983818706125,21.419999999999998,0.10099999999999909,164,1.7678020960765877,-0.30430435476346507,-1.8699989391524472,2.4992917215719452,0.42077764868736267,-0.006292860676543167,-0.4324222068097877,-0.006292860676543167,0.0,-0.0,False,False,108,5.0,10,0.024,0.5,0.216,0.7767938375473022,0.1307484358549118,0,False
187,21.5300664389506,21.52,0.10000000000000142,170,1.762985329659157,-0.32069015290267516,-1.8445772085691177,2.5125571808302882,0.42301100492477417,-0.008683042955807834,-0.44110524976559556,-0.0061830429558078345,0.0,-0.0025,True,True,109,5.0,10,0.004,0.5,0.218,0.7881084680557251,0.3685225248336792,0,False
188,21.730122016742826,21.72,0.1999999999999993,338,1.755929852024033,-0.35446126551070617,-1.7000320939258011,2.5411197207444847,0.42781975865364075,-0.015813026543380463,-0.456918276308976,-0.013313026543380464,0.0,-0.0025,True,True,110,5.0,10,0.004,0.5,0.22,0.7343547344207764,0.2762458622455597,0,False
189,21.930189883802086,21.919999999999998,0.1999999999999993,339,1.7535115106414083,-0.38618731364003345,-1.5968064326199316,2.569644733104767,0.43262219429016113,-0.015795534915434617,-0.47271381122441064,-0.013295534915434616,0.0,-0.0025,True,True,111,5.0,10,0.004,0.5,0.222,0.9835403561592102,0.21585708856582642,0,False
190,22.03114822972566,22.02,0.10099999999999909,172,1.7535592206773545,-0.4067714614094138,-1.5434628906183945,2.5887882110200517,0.43584516644477844,-0.008922792944339397,-0.48163660416875004,-0.008922792944339397,0.0,-0.0,False,False,111,5.0,10,0.024,0.5,0.222,0.9858088493347168,0.2408047616481781,0,False
191,22.131197123788297,22.12,0.10000000000000142,170,1.754619963606637,-0.42833699480902826,-1.495396485593293,2.609237364584725,0.4392879605293274,-0.012031369584567136,-0.49366797375331717,-0.009531369584567136,0.0,-0.0025,True,True,112,5.0,10,0.004,0.5,0.224,0.9963736534118652,0.18337519466876984,0,False
192,22.331313830800354,22.32,0.1999999999999993,338,1.7594403781067944,-0.47172079269937806,-1.4243737745404417,2.6514013415748536,0.4463866353034973,-0.02215266907391066,-0.5158206428272278,-0.01965266907391066,0.0,-0.0025,True,True,113,5.0,10,0.004,0.5,0.226,0.8406592607498169,-0.372345894575119,0,False
193,22.431132527068257,22.419999999999998,0.10000000000000142,169,1.762455457350688,-0.49256471887549347,-1.455081410027542,2.6719280284820477,0.4498424828052521,-0.009567507947964746,-0.5253881507751926,-0.009567507947964746,0.0,-0.0,False,False,113,5.0,10,0.024,0.5,0.226,0.849495530128479,-0.3444633483886719,0,False
194,22.63135945284739,22.62,0.1999999999999993,340,1.7643909280125796,-0.5289743908708685,-1.5690297642359454,2.7066142863212646,0.4556822180747986,-0.01866729719034947,-0.5440554479655421,-0.016167297190349473,0.0,-0.0025,True,True,114,5.0,10,0.024,0.5,0.228,0.8130037784576416,-0.18808093667030334,0,False
195,22.831687537953258,22.82,0.1999999999999993,339,1.7632873878721511,-0.5662057657674442,-1.6065415904886542,2.7410463480877425,0.46147915720939636,-0.018548816163320284,-0.5626042641288623,-0.016048816163320285,0.0,-0.0025,True,True,115,5.0,10,0.024,0.5,0.23,0.9894940257072449,0.1699579358100891,0,False
196,22.93160595279187,22.919999999999998,0.10000000000000142,169,1.7629254142945543,-0.5878895541601217,-1.5713638134012715,2.761231215624144,0.4648774564266205,-0.011908185619835835,-0.5745124497486982,-0.009408185619835835,0.0,-0.0025,True,True,116,5.0,10,0.004,0.5,0.232,0.9995514750480652,0.8333979845046997,0,False
197,23.131629690993577,23.12,0.1999999999999993,338,1.767904554584252,-0.6306380920101723,-1.288919257656104,2.8030512490423147,0.4719182252883911,-0.021992356653633756,-0.5965048064023319,-0.019492356653633757,0.0,-0.0025,True,True,117,5.0,10,0.004,0.5,0.234,0.9991862177848816,-0.17942023277282715,0,False
198,23.331844966858625,23.32,0.1999999999999993,337,1.7838396437306125,-0.6713330330318537,-1.1534840236827433,2.8467455359550256,0.47927454113960266,-0.022865947958776483,-0.6193707543611084,-0.020365947958776484,0.0,-0.0025,True,True,118,5.0,10,0.004,0.5,0.236,0.9999948143959045,0.25549742579460144,0,False
199,23.432936241850257,23.419999999999998,0.10099999999999909,175,1.7931878378955195,-0.6911405408938406,-1.1025294256221578,2.868564091204036,0.4829478859901428,-0.010169648989231393,-0.6295404033503398,-0.010169648989231393,0.0,-0.0,False,False,118,5.0,10,0.024,0.5,0.236,0.9999942183494568,0.256157785654068,0,False
200,23.532897595781833,23.52,0.10000000000000142,169,1.8035439503498252,-0.7104465697935263,-1.052212726352194,2.890263160137518,0.4866011142730713,-0.012613956305913306,-0.6421543596562531,-0.010113956305913305,0.0,-0.0025,True,True,119,5.0,10,0.004,0.5,0.238,0.999879002571106,0.29507970809936523,0,False
201,23.732683865819126,23.72,0.1999999999999993,339,1.827404590505526,-0.7471388523567142,-0.9341425253287063,2.9329732338438026,0.49379172921180725,-0.022407205263593948,-0.6645615649198471,-0.01990720526359395,0.0,-0.0025,True,True,120,5.0,10,0.004,0.5,0.24,0.9992740154266357,0.2768590748310089,0,False
202,23.832969097886235,23.82,0.10000000000000142,171,1.8408878083563132,-0.764382806898977,-0.8794008153870808,2.9538550163790704,0.49730736017227173,-0.00973301835201796,-0.6742945832718651,-0.00973301835201796,0.0,-0.0,False,False,120,5.0,10,0.024,0.5,0.24,0.999150276184082,0.27867481112480164,0,False
203,24.032739917747676,24.02,0.1999999999999993,340,1.8705207220371363,-0.7965981957330375,-0.7815349969955756,2.994490984664546,0.5041487812995911,-0.02144046278887189,-0.695735046060737,-0.01894046278887189,0.0,-0.0025,True,True,121,5.0,10,0.024,0.5,0.242,0.9996864199638367,0.2169986218214035,0,False
204,24.23289587488398,24.22,0.1999999999999993,339,1.9028827795061067,-0.8261281505157946,-0.70436363127538,3.0337023220353956,0.5107503533363342,-0.020776440988362645,-0.7165114870490996,-0.018276440988362647,0.0,-0.0025,True,True,122,5.0,10,0.024,0.5,0.244,0.9992619156837463,0.16808107495307922,0,False
205,24.333033337723464,24.32,0.10000000000000142,169,1.9198296943094828,-0.8400291397097048,-0.670292092947249,3.052832169659872,0.5139710307121277,-0.011416439853057169,-0.7279279269021568,-0.008916439853057168,0.0,-0.0025,True,True,123,5.0,10,0.004,0.5,0.246,0.9976388216018677,0.15695546567440033,0,False
206,24.53287197696045,24.52,0.1999999999999993,338,1.9549721633803483,-0.8661342427623566,-0.6075689464306706,3.090094906495408,0.5202445387840271,-0.01986819645804429,-0.7477961233602011,-0.017368196458044292,0.0,-0.0025,True,True,124,5.0,10,0.004,0.5,0.248,0.9869682788848877,0.16544504463672638,0,False
207,24.73300467384979,24.72,0.1999999999999993,337,1.9912907047741975,-0.8896614846646753,-0.541737670579277,3.1255906619952345,0.5262205600738525,-0.019044604806369346,-0.7668407281665705,-0.016544604806369347,0.0,-0.0025,True,True,125,5.0,10,0.004,0.5,0.25,0.9603050947189331,0.15046216547489166,0,False
208,24.833284696098417,24.82,0.10000000000000142,170,2.0094967414186624,-0.9002472312151609,-0.512099299121082,3.1423424664155504,0.5290408730506897,-0.007808031693509763,-0.7746487598600802,-0.007808031693509763,0.0,-0.0,False,False,125,5.0,10,0.024,0.5,0.25,0.9591695070266724,0.1445758044719696,0,False
209,25.0331772249192,25.02,0.1999999999999993,337,2.046797698660934,-0.9198707855990237,-0.4591537162864962,3.1749252340511767,0.5345264673233032,-0.017686858440915172,-0.7923356183009954,-0.015186858440915172,0.0,-0.0025,True,True,126,5.0,10,0.024,0.5,0.252,0.960745632648468,0.13069720566272736,0,False
210,25.233452210668474,25.22,0.1999999999999993,338,2.085551681822547,-0.9378258159220513,-0.4153225177382164,3.2067840031230825,0.5398901700973511,-0.017349402033847237,-0.8096850203348427,-0.014849402033847239,0.0,-0.0025,True,True,127,5.0,10,0.024,0.5,0.254,0.9761403203010559,0.08113864064216614,0,False
211,25.333504943642765,25.32,0.10000000000000142,169,2.1052481462782477,-0.9463034238212075,-0.3980331525250291,3.2224797255308912,0.5425326824188232,-0.00981579088065731,-0.8195008112155,-0.00731579088065731,0.0,-0.0025,True,True,128,5.0,10,0.004,0.5,0.256,0.9756453633308411,-0.0051733762957155704,0,False
212,25.534376964904368,25.52,0.2010000000000005,340,2.1448082358179628,-0.9629772421711923,-0.4010298496859383,3.2538814373188054,0.5478194355964661,-0.0171363672066958,-0.8366371784221958,-0.0146363672066958,0.0,-0.0025,True,True,129,5.0,10,0.004,0.5,0.258,0.9715043306350708,-0.10832072049379349,0,False
213,25.734689749777317,25.72,0.1999999999999993,340,2.183896490509548,-0.9805408529660984,-0.44726697181432257,3.286151593349657,0.5532523989677429,-0.01754114987981943,-0.8541783283020152,-0.015041149879819431,0.0,-0.0025,True,True,130,5.0,10,0.004,0.5,0.26,0.9649436473846436,-0.06786730885505676,0,False
214,25.934483119752258,25.919999999999998,0.19899999999999807,338,2.2219937595365766,-0.9994402254319432,-0.47483364262230476,3.319443844174376,0.5588574409484863,-0.01801754921830574,-0.872195877520321,-0.01551754921830574,0.0,-0.0025,True,True,131,5.0,10,0.004,0.5,0.262,0.9765986204147339,-0.10199356824159622,0,False
215,26.03446249384433,26.02,0.10000000000000142,168,2.2410346316487617,-1.0094781422716803,-0.4963658137038537,3.336695897969037,0.5617619752883911,-0.008041198394334533,-0.8802370759146555,-0.008041198394334533,0.0,-0.0,False,False,131,5.0,10,0.024,0.5,0.262,0.9769059419631958,-0.11481267958879471,0,False
216,26.2347342800349,26.22,0.1999999999999993,339,2.2782413554155885,-1.0308516876893719,-0.5581731015298776,3.3721296976015522,0.5677275657653809,-0.019015727118722885,-0.8992528030333784,-0.016515727118722887,0.0,-0.0025,True,True,132,5.0,10,0.024,0.5,0.264,0.9697364568710327,-0.225258007645607,0,False
217,26.334603034891188,26.32,0.10000000000000142,169,2.296160535786908,-1.0425702159194303,-0.6027837943199074,3.390535192628781,0.5708262920379639,-0.011078818430631307,-0.9103316214640097,-0.008578818430631307,0.0,-0.0025,True,True,133,5.0,10,0.004,0.5,0.266,0.9130572080612183,-0.264701247215271,0,False
218,26.535086888819933,26.52,0.1999999999999993,337,2.328039409709626,-1.0670944279979457,-0.7153458566145702,3.4266561713381574,0.5769075751304626,-0.019336021928561032,-0.9296676433925707,-0.016836021928561033,0.0,-0.0025,True,True,134,5.0,10,0.004,0.5,0.268,0.8858091831207275,-0.34781384468078613,0,False
219,26.734637960791588,26.72,0.1999999999999993,335,2.3555111519440293,-1.0946337032497009,-0.8651284495938599,3.463577973886719,0.5831236839294434,-0.019709286668310098,-0.9493769300608808,-0.0172092866683101,0.0,-0.0025,True,True,135,5.0,10,0.004,0.5,0.27,0.8604342937469482,-0.4197987914085388,0,False
220,26.834969761781394,26.82,0.10000000000000142,169,2.367263887410142,-1.1096364850495113,-0.9501786377775021,3.482262801367139,0.5862694382667542,-0.008709015548077174,-0.9580859456089579,-0.008709015548077174,0.0,-0.0,False,False,135,5.0,10,0.024,0.5,0.27,0.8549338579177856,-0.45089802145957947,0,False
221,27.0350400400348,27.02,0.1999999999999993,337,2.3870924576305295,-1.143577738632798,-1.1518855181592413,3.5214975049508026,0.5928749442100525,-0.020787332001989265,-0.9788732776109471,-0.018287332001989266,0.0,-0.0025,True,True,136,5.0,10,0.024,0.5,0.272,0.99991375207901,-0.2872866988182068,0,False
222,27.23520942684263,27.22,0.1999999999999993,336,2.4007230734017377,-1.1842914988016315,-1.3001869145679466,3.5639903790879712,0.6000289916992188,-0.022305968341473612,-1.0011792459524207,-0.019805968341473613,0.0,-0.0025,True,True,137,5.0,10,0.024,0.5,0.274,0.9997316598892212,-0.2339569628238678,0,False
223,27.33487237384543,27.32,0.10000000000000142,166,2.406155225757886,-1.205694653965785,-1.3468373689064792,3.5855559773815893,0.6036597490310669,-0.012551745515955268,-1.0137309914683759,-0.010051745515955267,0.0,-0.0025,True,True,138,5.0,10,0.004,0.5,0.276,0.9999831318855286,-0.2254520207643509,0,False
224,27.535027159843594,27.52,0.1999999999999993,334,2.4140644896767447,-1.2491342916641275,-1.4351616353790233,3.6279578649021924,0.6107984781265259,-0.02226355939447284,-1.0359945508628488,-0.01976355939447284,0.0,-0.0025,True,True,139,5.0,10,0.004,0.5,0.278,0.9996711611747742,-0.18821053206920624,0,False
225,27.735953209921718,27.72,0.2010000000000005,339,2.418366591001502,-1.2930447734293953,-1.5114269640989169,3.669230739503625,0.6177471280097961,-0.02173732541787668,-1.0577318762807255,-0.01923732541787668,0.0,-0.0025,True,True,140,5.0,10,0.004,0.5,0.28,0.9993224143981934,-0.16532163321971893,0,False
226,27.83718597376719,27.82,0.10099999999999909,170,2.4193044355906212,-1.3150714097353091,-1.5442332535787218,3.689423395777631,0.6211467385292053,-0.009411815957711098,-1.0671436922384365,-0.009411815957711098,0.0,-0.0,False,False,140,5.0,10,0.024,0.5,0.28,0.9992160797119141,-0.16479423642158508,0,False
227,27.937850691843778,27.919999999999998,0.10099999999999909,170,2.419520004024637,-1.3371145677565424,-1.57739169287136,3.7093367195984457,0.6244993209838867,-0.011781618840265438,-1.078925311078702,-0.009281618840265437,0.0,-0.0025,True,True,141,5.0,10,0.004,0.5,0.282,0.9958133697509766,-0.11576692759990692,0,False
228,28.039293402805924,28.02,0.10099999999999909,171,2.4191109537547884,-1.3590634607080743,-1.6000401208133792,3.728917605936946,0.627795934677124,-0.00912666941912278,-1.0880519804978248,-0.00912666941912278,0.0,-0.0,False,False,141,5.0,10,0.024,0.5,0.282,0.9960498213768005,-0.11705461144447327,0,False
229,28.13894616998732,28.12,0.10000000000000142,166,2.4181967089867893,-1.3810027581631446,-1.6239307432006191,3.748298463332414,0.6310588717460632,-0.011533435741864582,-1.0995854162396894,-0.009033435741864581,0.0,-0.0025,True,True,142,5.0,10,0.004,0.5,0.284,0.996444046497345,-0.11863511055707932,0,False
230,28.24000837467611,28.22,0.10099999999999909,170,2.4167682459857014,-1.4029234917019087,-1.6478825856508497,3.7674697328796065,0.6342865228652954,-0.008935746649940648,-1.10852116288963,-0.008935746649940648,0.0,-0.0,False,False,142,5.0,10,0.024,0.5,0.284,0.9966206550598145,-0.11902119964361191,0,False
231,28.339967899024487,28.32,0.10000000000000142,166,2.41482045552284,-1.4248079189190257,-1.6716242696674477,3.786417253237425,0.6374765038490295,-0.0113314569436979,-1.119852619833328,-0.008831456943697899,0.0,-0.0025,True,True,143,5.0,10,0.004,0.5,0.286,0.9985864758491516,-0.12983879446983337,0,False
232,28.440483089070767,28.419999999999998,0.10000000000000142,169,2.4123266774138528,-1.4466841705045934,-1.6975823689716933,3.8051583720487154,0.6406317353248596,-0.008735252989995739,-1.1285878728233238,-0.008735252989995739,0.0,-0.0,False,False,143,5.0,10,0.024,0.5,0.286,0.9986711740493774,-0.1292312741279602,0,False
233,28.64068535482511,28.62,0.1999999999999993,336,2.4056121058992357,-1.4902264858690872,-1.752616456152731,3.8418316430609782,0.646806001663208,-0.0195934458870086,-1.1481813187103325,-0.0170934458870086,0.0,-0.0025,True,True,144,5.0,10,0.024,0.5,0.288,0.9994272589683533,-0.147039532661438,0,False
234,28.840902940835804,28.82,0.1999999999999993,337,2.396723353337562,-1.5314212526508804,-1.815067120492511,3.875624143260043,0.652495265007019,-0.018250715919130717,-1.1664320346294632,-0.015750715919130718,0.0,-0.0025,True,True,145,5.0,10,0.024,0.5,0.29,0.9154977798461914,-0.12336807698011398,0,False
235,28.940596797969192,28.919999999999998,0.10000000000000142,168,2.391618608812939,-1.5509701891204426,-1.8404112405774669,3.8913545609535456,0.6551436185836792,-0.009831962385739105,-1.1762639970152022,-0.007331962385739105,0.0,-0.0025,True,True,146,5.0,10,0.004,0.5,0.292,0.9422490000724792,-0.09551260620355606,0,False
236,29.140756964683533,29.12,0.1999999999999993,337,2.37983793524253,-1.5908332935989224,-1.876759681981108,3.923005512344814,0.6604723334312439,-0.017252538018713362,-1.1935165350339156,-0.014752538018713363,0.0,-0.0025,True,True,147,5.0,10,0.004,0.5,0.294,0.9355965852737427,-0.07713182270526886,0,False
237,29.34091277094558,29.32,0.1999999999999993,338,2.366805292586133,-1.629968590811454,-1.9073637021187608,3.9536754368314035,0.665635883808136,-0.016795280461752604,-1.2103118154956682,-0.014295280461752605,0.0,-0.0025,True,True,148,5.0,10,0.004,0.5,0.296,0.9733226895332336,-0.06828002631664276,0,False
238,29.440978014841676,29.419999999999998,0.10000000000000142,167,2.3595866035830526,-1.6501580002983405,-1.9209640128516687,3.969378239909762,0.6682795882225037,-0.007319091187816923,-1.2176309066834852,-0.007319091187816923,0.0,-0.0,False,False,148,5.0,10,0.024,0.5,0.296,0.9738454222679138,-0.06766026467084885,0,False
239,29.640737334731966,29.62,0.1999999999999993,337,2.344349399745069,-1.690236546269388,-1.94639634364495,4.000357589699379,0.6734952330589294,-0.01693950388462657,-1.2345704105681117,-0.014439503884626571,0.0,-0.0025,True,True,149,5.0,10,0.024,0.5,0.298,0.9733608961105347,-0.05955865979194641,0,False
240,29.840906172059476,29.82,0.1999999999999993,337,2.3281842744796277,-1.729836193737478,-1.9704072825984809,4.030759864839185,0.6786137223243713,-0.016670528851120046,-1.2512409394192316,-0.014170528851120048,0.0,-0.0025,True,True,150,5.0,10,0.024,0.5,0.3,0.9691503643989563,-0.05981610342860222,0,False
241,29.940848575904965,29.919999999999998,0.10000000000000142,169,2.3197629300019416,-1.7494516413872403,-1.9822875115990075,4.045746812124956,0.6811369061470032,-0.009485430133982805,-1.2607263695532145,-0.006985430133982806,0.0,-0.0025,True,True,151,5.0,10,0.004,0.5,0.302,0.971605658531189,-0.06187630444765091,0,False
242,30.141067791730165,30.12,0.1999999999999993,337,2.3021590017723383,-1.788479138925692,-2.006741214626389,4.075420840298712,0.6861327886581421,-0.016331092259756555,-1.277057461812971,-0.013831092259756554,0.0,-0.0025,True,True,152,5.0,10,0.004,0.5,0.304,0.9690456986427307,-0.07557520270347595,0,False
243,30.340934220701456,30.32,0.1999999999999993,336,2.283559365554378,-1.8269054762767352,-2.0363999126002232,4.104406627295024,0.6910127997398376,-0.016010302403844618,-1.2930677642168158,-0.01351030240384462,0.0,-0.0025,True,True,153,5.0,10,0.004,0.5,0.306,0.9705250859260559,-0.0939178466796875,0,False
244,30.44105161400512,30.419999999999998,0.10000000000000142,169,2.273787148827526,-1.8459251030236108,-2.055205935990396,4.11863912913371,0.6934089660644531,-0.006633782406128433,-1.2997015466229442,-0.006633782406128433,0.0,-0.0,False,False,153,5.0,10,0.024,0.5,0.306,0.9695760607719421,-0.0906219407916069,0,False
245,30.641183640807867,30.62,0.1999999999999993,337,2.2536409528533996,-1.8816036753459613,-2.172550847609936,4.1448666409173365,0.6978245973587036,-0.014724667749827737,-1.314426214372772,-0.012224667749827736,0.0,-0.0025,True,True,154,5.0,10,0.024,0.5,0.308,0.6298190355300903,-0.8380311131477356,0,False
246,30.841265498660505,30.82,0.1999999999999993,338,2.2344354194813127,-1.9019982028536515,-2.5247936912074675,4.1573063169728055,0.6999189257621765,-0.008298144633320952,-1.322724359006093,-0.005798144633320952,0.0,-0.0025,True,True,155,5.0,10,0.024,0.5,0.31,0.6650166511535645,-0.9999998807907104,0,False
247,30.941287241876125,30.919999999999998,0.10000000000000142,167,2.221083450855153,-1.9096138323404317,-2.722978696823581,4.159874830214756,0.700351357460022,-0.003697186422140073,-1.326421545428233,-0.0011971864221400732,0.0,-0.0025,True,True,156,5.0,10,0.004,0.5,0.312,0.5249167680740356,-0.994417667388916,0,False
248,31.14166194666177,31.12,0.1999999999999993,336,2.197922609789795,-1.9148177439740928,-3.10994212999184,4.156920066394312,0.6998538970947266,-0.0011227818223042078,-1.3275443272505374,0.0013772181776957923,0.0,-0.0025,True,True,157,5.0,10,0.004,0.5,0.314,0.5214906930923462,-0.9999759793281555,0,False
249,31.341358528006822,31.32,0.1999999999999993,336,2.1732291177677494,-1.910471914958918,2.7715157657885747,4.144580581827123,0.6977764368057251,0.003251445287012785,-1.3242928819635247,0.005751445287012785,0.0,-0.0025,True,True,158,5.0,10,0.004,0.5,0.316,0.9485470652580261,-0.9649490714073181,0,False
250,31.441687128972262,31.419999999999998,0.10000000000000142,167,2.1575787733090412,-1.9024098990118345,2.5720733050567186,4.131806344088174,0.6956257820129395,0.005954084146611597,-1.318338797816913,0.005954084146611597,0.0,-0.0,False,False,158,5.0,10,0.024,0.5,0.316,0.9045297503471375,-0.9596094489097595,0,False
251,31.64149757893756,31.62,0.1999999999999993,334,2.127598391520782,-1.8738930141324415,2.196157747780074,4.095065806705688,0.6894401907920837,0.014624798805024616,-1.3037139990118884,0.017124798805024617,0.0,-0.0025,True,True,159,5.0,10,0.024,0.5,0.318,0.9451236724853516,-0.9362127780914307,0,False
252,31.741586521733552,31.720000000000002,0.09999999999999787,169,2.1168918050458214,-1.8557236694763957,2.0088533720224433,4.074409012477141,0.685962438583374,0.007128151092021943,-1.2965858479198664,0.009628151092021944,0.0,-0.0025,True,True,160,5.0,10,0.004,0.5,0.32,0.8672364354133606,-0.4573085308074951,0,False
253,31.841632504947484,31.819999999999997,0.10000000000000142,169,2.109438859448209,-1.8363832375290485,1.8868787907572029,4.053698051118888,0.6824755668640137,0.00965339844179314,-1.2869324494780732,0.00965339844179314,0.0,-0.0,False,False,160,5.0,10,0.024,0.5,0.32,0.8628825545310974,-0.4677170217037201,0,False
254,31.941650698892772,31.919999999999998,0.10000000000000142,168,2.1043349664017734,-1.817928991883516,1.7921828278729246,4.034584489036676,0.6792576313018799,0.00640884914659016,-1.280523600331483,0.00890884914659016,0.0,-0.0025,True,True,161,5.0,10,0.004,0.5,0.322,0.9862526655197144,-0.2500934302806854,0,False
255,32.04185704095289,32.02,0.10000000000000142,167,2.100367555929318,-1.7971327877344294,1.7364101133080292,4.013623580008013,0.6757286787033081,0.009769899284526562,-1.2707537010469565,0.009769899284526562,0.0,-0.0,False,False,161,5.0,10,0.024,0.5,0.322,0.9865947961807251,-0.24114280939102173,0,False
256,32.241729740053415,32.220000000000006,0.19999999999999574,337,2.095651126982511,-1.7553143147182566,1.6077759930222033,3.972542945612009,0.6688123941421509,0.016647722078493542,-1.254105978968463,0.01914772207849354,0.0,-0.0025,True,True,162,5.0,10,0.024,0.5,0.324,0.9028814435005188,-0.4459386467933655,0,False
257,32.34176515368745,32.32,0.10000000000000142,166,2.095738560062813,-1.7352928712954223,1.5189114609235714,3.953650300450952,0.6656316518783569,0.006305879563211051,-1.2478000994052518,0.008805879563211052,0.0,-0.0025,True,True,163,5.0,10,0.004,0.5,0.326,0.9908537268638611,0.0840001106262207,0,False
258,32.44212084496394,32.42,0.10000000000000142,168,2.097199948945284,-1.7147344892360594,1.508130944717959,3.9347148172330684,0.6624436974525452,0.008825846421526454,-1.2389742529837253,0.008825846421526454,0.0,-0.0,False,False,163,5.0,10,0.024,0.5,0.326,0.9909536242485046,0.08611613512039185,0,False
259,32.541716302745044,32.52,0.10000000000000142,168,2.0984261540497253,-1.6929982000958095,1.5221246726593691,3.914606774972133,0.6590583324432373,0.006872377287154081,-1.2321018756965711,0.009372377287154081,0.0,-0.0025,True,True,164,5.0,10,0.004,0.5,0.328,0.9959098696708679,0.16082358360290527,0,False
260,32.741876708809286,32.720000000000006,0.19999999999999574,337,2.0991599417676428,-1.6493078943204031,1.58608991275826,3.87366279751774,0.6521650552749634,0.016584026150313933,-1.2155178495462573,0.019084026150313932,0.0,-0.0025,True,True,165,5.0,10,0.004,0.5,0.33,0.9946092963218689,0.1518196165561676,0,False
261,32.84185657277703,32.82,0.10000000000000142,168,2.0985130965401733,-1.6274878839010372,1.6158327592182338,3.8528955448286153,0.6486687064170837,0.009679635883711705,-1.2058382136625456,0.009679635883711705,0.0,-0.0,False,False,165,5.0,10,0.024,0.5,0.33,0.9945865273475647,0.14609426259994507,0,False
262,32.94193838676438,32.92,0.10000000000000142,167,2.097223415820492,-1.6057027790143794,1.6444506622834085,3.8319551697445475,0.6451432108879089,0.007260328393763579,-1.198577885268782,0.00976032839376358,0.0,-0.0025,True,True,166,5.0,10,0.004,0.5,0.332,0.9930840730667114,0.1223452165722847,0,False
263,33.04197994992137,33.02,0.10000000000000142,167,2.0953600974847064,-1.5839884245852323,1.668231396228666,3.8108961934287704,0.6415977478027344,0.009815608538686535,-1.1887622767300956,0.009815608538686535,0.0,-0.0,False,False,166,5.0,10,0.024,0.5,0.332,0.9920415282249451,0.11251174658536911,0,False
264,33.24209652701393,33.220000000000006,0.19999999999999574,334,2.0903285042040842,-1.5406254792635672,1.6903196812439407,3.7684181886997563,0.6344462037086487,0.017299037696438528,-1.171463239033657,0.019799037696438527,0.0,-0.0025,True,True,167,5.0,10,0.024,0.5,0.334,0.9939289689064026,-0.0033462741412222385,0,False
265,33.34244294790551,33.32,0.10000000000000142,168,2.08769346276727,-1.5189180914125202,1.6912107276788386,3.7471241341217247,0.6308611631393433,0.007425178736384869,-1.1640380602972722,0.00992517873638487,0.0,-0.0025,True,True,168,5.0,10,0.004,0.5,0.336,0.9962935447692871,-0.015874162316322327,0,False
266,33.44241584185511,33.42,0.10000000000000142,168,2.085091184414874,-1.4971448408570347,1.688256373170247,3.725786179386284,0.6272687315940857,0.009945640640774472,-1.1540924196564977,0.009945640640774472,0.0,-0.0,False,False,168,5.0,10,0.024,0.5,0.336,0.9964413642883301,-0.013779941014945507,0,False
267,33.54263619380072,33.52,0.10000000000000142,167,2.0825507840406727,-1.4753636375550783,1.685550895993571,3.7044687585954374,0.6236797571182251,0.007436069750011697,-1.146656349906486,0.009936069750011697,0.0,-0.0025,True,True,169,5.0,10,0.004,0.5,0.338,0.9750914573669434,0.05822553113102913,0,False
268,33.74215154675767,33.720000000000006,0.19999999999999574,336,2.077184594708297,-1.4328823434606879,1.707434923210198,3.662769627626905,0.6166593432426453,0.01693600390888375,-1.1297203459976022,0.01943600390888375,0.0,-0.0025,True,True,170,5.0,10,0.004,0.5,0.34,0.9672041535377502,0.036693595349788666,0,False
269,33.842459017876536,33.82,0.10000000000000142,170,2.0742143917739124,-1.411828456431331,1.7140456180495858,3.6420044991389453,0.6131633520126343,0.009678645791563925,-1.1200417002060383,0.009678645791563925,0.0,-0.0,False,False,170,5.0,10,0.024,0.5,0.34,0.9666534066200256,0.032725244760513306,0,False
270,33.94247570168227,33.92,0.10000000000000142,170,2.0711058502676476,-1.3908052725869045,1.720527636940863,3.621224855276359,0.6096649169921875,0.007185411421240873,-1.1128562887847975,0.009685411421240873,0.0,-0.0025,True,True,171,5.0,10,0.004,0.5,0.342,0.9764350056648254,0.029974106699228287,0,False
271,34.04268555389717,34.02,0.10000000000000142,170,2.0678381641677586,-1.3695844029095101,1.7265008340731733,3.6002101331515175,0.6061269044876099,0.009794981618939417,-1.1030613071658582,0.009794981618939417,0.0,-0.0,False,False,171,5.0,10,0.024,0.5,0.342,0.9761992692947388,0.026285627856850624,0,False
272,34.24277463089675,34.220000000000006,0.19999999999999574,337,2.0609921805136895,-1.3284550653020755,1.756941356038863,3.5593135961898086,0.5992416143417358,0.01656191409234442,-1.0864993930735136,0.01906191409234442,0.0,-0.0025,True,True,172,5.0,10,0.024,0.5,0.344,0.9167723059654236,0.11050552874803543,0,False
273,34.342415078077465,34.32,0.10000000000000142,167,2.0570887097049715,-1.308715796907276,1.777677438058201,3.5394735573091842,0.595901370048523,0.006747460661163801,-1.07975193241235,0.009247460661163802,0.0,-0.0025,True,True,173,5.0,10,0.004,0.5,0.346,0.9159465432167053,0.07944995909929276,0,False
274,34.44248194200918,34.42,0.10000000000000142,169,2.0528100425496896,-1.2890637761325379,1.7922370755847368,3.5195843077682385,0.5925528407096863,0.00927039779592296,-1.070481534616427,0.00927039779592296,0.0,-0.0,False,False,173,5.0,10,0.024,0.5,0.346,0.913865327835083,0.06929878890514374,0,False
275,34.542809342965484,34.52,0.10000000000000142,169,2.048261136055386,-1.269517519104772,1.8058632938376933,3.499700014696678,0.5892051458358765,0.0067680875809111255,-1.0637134470355158,0.009268087580911126,0.0,-0.0025,True,True,174,5.0,10,0.004,0.5,0.348,0.907362163066864,-0.02865825966000557,0,False
276,34.74303901800886,34.720000000000006,0.19999999999999574,336,2.0390098830763788,-1.2305027350385487,1.798809074551185,3.4599558568669537,0.5825138688087463,0.01602478910212164,-1.0476886579333942,0.018524789102121637,0.0,-0.0025,True,True,175,5.0,10,0.004,0.5,0.35,0.9411441683769226,-0.0483785942196846,0,False
277,34.84261271590367,34.82,0.10000000000000142,169,2.0344306691065674,-1.210290599000798,1.788917096297087,3.4394452784852607,0.5790607333183289,0.0095599997491766,-1.0381286581842175,0.0095599997491766,0.0,-0.0,False,False,175,5.0,10,0.024,0.5,0.35,0.9449147582054138,-0.036377083510160446,0,False
278,34.94264364987612,34.92,0.10000000000000142,170,2.0299945234428796,-1.1899578616716724,1.782023832369551,3.4188766386050586,0.5755978226661682,0.007087062267885429,-1.0310415959163322,0.00958706226788543,0.0,-0.0025,True,True,176,5.0,10,0.004,0.5,0.352,0.9311278462409973,0.02586495503783226,0,False
279,35.042911351658404,35.02,0.10000000000000142,170,2.0256860701106825,-1.169981524354005,1.7870372489895694,3.3986892928339656,0.5721991062164307,0.009409340727341337,-1.021632255188991,0.009409340727341337,0.0,-0.0,False,False,176,5.0,10,0.024,0.5,0.352,0.9311635494232178,0.022743329405784607,0,False
280,35.24277364090085,35.220000000000006,0.19999999999999574,333,2.016621322946335,-1.1299721928650444,1.8094280801361284,3.3581085537787785,0.5653669834136963,0.01641472039302711,-1.0052175347959638,0.01891472039302711,0.0,-0.0025,True,True,177,5.0,10,0.024,0.5,0.354,0.9350449442863464,0.07815231382846832,0,False
281,35.342867543920875,35.32,0.10000000000000142,166,2.0116340498547944,-1.1100497937964966,1.8235561507458518,3.3377339242716424,0.5619367361068726,0.006996633851712437,-0.9982209009442513,0.009496633851712438,0.0,-0.0025,True,True,178,5.0,10,0.004,0.5,0.356,0.9163837432861328,0.2639250159263611,0,False
282,35.443048785906285,35.42,0.10000000000000142,169,2.006189328380154,-1.0907038193992507,1.875559288650706,3.3177317380354268,0.5585691928863525,0.00932303769511843,-0.9888978632491329,0.00932303769511843,0.0,-0.0,False,False,178,5.0,10,0.024,0.5,0.356,0.9141408801078796,0.23984478414058685,0,False
283,35.54314315877855,35.52,0.10000000000000142,168,1.9997918952713465,-1.071738158073314,1.9199175798600512,3.2977380486038714,0.5552030801773071,0.006819077326526687,-0.9820787859226062,0.009319077326526688,0.0,-0.0025,True,True,179,5.0,10,0.004,0.5,0.358,0.9039551615715027,0.22262665629386902,0,False
284,35.74314593710005,35.720000000000006,0.19999999999999574,335,1.9847085333033332,-1.0352034547085998,2.0029192854303113,3.2582194101311592,0.5485497713088989,0.015919674319088833,-0.9661591116035174,0.018419674319088832,0.0,-0.0025,True,True,180,5.0,10,0.004,0.5,0.36,0.9095351696014404,0.19155418872833252,0,False
285,35.84306479198858,35.82,0.10000000000000142,168,1.976021899071886,-1.017253134769985,2.0407102343942918,3.238339719495456,0.5452028512954712,0.00926594238125743,-0.95689316922226,0.00926594238125743,0.0,-0.0,False,False,180,5.0,10,0.024,0.5,0.36,0.9104444980621338,0.1756240278482437,0,False
286,35.94316202495247,35.92,0.10000000000000142,166,1.96668216353616,-0.9996069410360814,2.075028192423561,3.218507115318909,0.5418638586997986,0.0067439953386462595,-0.9501491738836138,0.00924399533864626,0.0,-0.0025,True,True,181,5.0,10,0.004,0.5,0.362,0.884949803352356,0.16126590967178345,0,False
287,36.04309312906116,36.02,0.10000000000000142,166,1.9570436685136952,-0.9827650771596413,2.1069001126670006,3.1993181440953418,0.5386332273483276,0.008943997417839578,-0.9412051764657742,0.008943997417839578,0.0,-0.0,False,False,181,5.0,10,0.024,0.5,0.362,0.8839234709739685,0.15843644738197327,0,False
288,36.24323493568227,36.220000000000006,0.19999999999999574,333,1.9354119286539038,-0.9485295963751427,2.1357913283906456,3.1595863774390796,0.5319440364837646,0.016019013564592472,-0.9251861629011817,0.01851901356459247,0.0,-0.0025,True,True,182,5.0,10,0.024,0.5,0.364,0.9958124160766602,-0.09809662401676178,0,False
289,36.34335430897772,36.32,0.10000000000000142,167,1.923853799967416,-0.9298807610762847,2.118466457785113,3.1380324622518687,0.5283152461051941,0.007546300009141955,-0.9176398628920398,0.010046300009141956,0.0,-0.0025,True,True,183,5.0,10,0.004,0.5,0.366,0.9812183976173401,-0.09474310278892517,0,False
290,36.44353887066245,36.42,0.10000000000000142,171,1.9127982809259598,-0.9112937518921639,2.0988408995759347,3.1167214140645174,0.5247273445129395,0.009933099473567943,-0.9077067634184719,0.009933099473567943,0.0,-0.0,False,False,183,5.0,10,0.024,0.5,0.366,0.9816694259643555,-0.08770877867937088,0,False
291,36.543291406705976,36.52,0.10000000000000142,167,1.9020673757126774,-0.892510463773167,2.0809464517520833,3.0953462858086898,0.5211286544799805,0.007462967253362391,-0.9002437961651095,0.009962967253362391,0.0,-0.0025,True,True,184,5.0,10,0.004,0.5,0.368,0.8831077814102173,-0.12600825726985931,0,False
292,36.74372202064842,36.720000000000006,0.19999999999999574,333,1.8837587967919425,-0.8579360380878353,2.0350591467956134,3.0565226151504437,0.5145923495292664,0.01559574917137521,-0.8846480469937343,0.01809574917137521,0.0,-0.0025,True,True,185,5.0,10,0.004,0.5,0.37,0.9085184335708618,0.407735139131546,0,False
293,36.84382563503459,36.82,0.10000000000000142,170,1.8746197715275466,-0.8400926555709705,2.0787438886970664,3.036599024357331,0.5112380385398865,0.009286404285647032,-0.8753616427080873,0.009286404285647032,0.0,-0.0,False,False,185,5.0,10,0.024,0.5,0.37,0.9058188199996948,0.3955825865268707,0,False
294,36.9439001576975,36.92,0.10000000000000142,169,1.8643167456871061,-0.8232376201877059,2.155110334120921,3.0171909063802467,0.5079705119132996,0.006546141924428834,-0.8688155007836584,0.009046141924428834,0.0,-0.0025,True,True,186,5.0,10,0.004,0.5,0.372,0.9510830044746399,0.06440601497888565,0,False
295,37.044548456091434,37.02,0.10099999999999909,169,1.8526094080496516,-0.8062579953244903,2.174135554644024,2.9971770370376243,0.504601001739502,0.009328483201931534,-0.8594870175817269,0.009328483201931534,0.0,-0.0,False,False,186,5.0,10,0.024,0.5,0.372,0.9541773796081543,0.05262353643774986,0,False
296,37.14469536906108,37.120000000000005,0.10000000000000142,165,1.840552967416972,-0.7890841961778935,2.188631644426913,2.9768675496995463,0.5011817216873169,0.006966271025844408,-0.8525207465558824,0.009466271025844408,0.0,-0.0025,True,True,187,5.0,10,0.004,0.5,0.374,0.8464574813842773,0.026676440611481667,0,False
297,37.34496331401169,37.32,0.19999999999999574,329,1.8187515352170758,-0.7587211469151858,2.1984683553706046,2.9408157845447946,0.4951120913028717,0.01430376142607589,-0.8382169851298065,0.01680376142607589,0.0,-0.0025,True,True,188,5.0,10,0.004,0.5,0.376,0.8127107620239258,0.05863388627767563,0,False
298,37.445016097743064,37.42,0.10000000000000142,166,1.808130471404058,-0.7442667024704461,2.2111690002899382,2.92358107839298,0.4922104775905609,0.008033112641793738,-0.8301838724880127,0.008033112641793738,0.0,-0.0,False,False,188,5.0,10,0.024,0.5,0.376,0.8203489780426025,0.05151616409420967,0,False
299,37.544940191786736,37.52,0.10000000000000142,167,1.7972859726061488,-0.729841196044603,2.2209770636821693,2.9063056583855045,0.48930200934410095,0.005552089407961152,-0.8246317830800516,0.008052089407961153,0.0,-0.0025,True,True,189,5.0,10,0.004,0.5,0.378,0.8497241139411926,0.026202792301774025,0,False
300,37.64494477584958,37.620000000000005,0.10000000000000142,167,1.7859406466913716,-0.7149965455201477,2.2254805249252194,2.888474582756631,0.486299991607666,0.00831108101230977,-0.8163207020677418,0.00831108101230977,0.0,-0.0,False,False,189,5.0,10,0.024,0.5,0.378,0.8495118021965027,0.022021107375621796,0,False
301,37.8450160138309,37.82,0.19999999999999574,333,1.7630518152381542,-0.6857576927461969,2.254701320127914,2.853202222412652,0.48036158084869385,0.01394048011548432,-0.8023802219522574,0.01644048011548432,0.0,-0.0025,True,True,190,5.0,10,0.024,0.5,0.38,0.8444555401802063,0.08999262750148773,0,False
302,37.94494046783075,37.92,0.10000000000000142,168,1.7512386653131295,-0.6714660288466958,2.2716839564084323,2.835768903451915,0.47742652893066406,0.005625686257620013,-0.7967545356946374,0.008125686257620014,0.0,-0.0025,True,True,191,5.0,10,0.004,0.5,0.382,0.9008186459541321,0.25359949469566345,0,False
303,38.045100341085345,38.02,0.10000000000000142,169,1.7382573895057989,-0.656738429283953,2.3222577628929604,2.817549630060147,0.4743591547012329,0.008492020352334201,-0.7882625153423032,0.008492020352334201,0.0,-0.0,False,False,191,5.0,10,0.024,0.5,0.382,0.9245744943618774,0.24647699296474457,0,False
304,38.14493378577754,38.120000000000005,0.10000000000000142,168,1.7240741631672587,-0.6421971620921284,2.3688981983270394,2.799128203524181,0.471257746219635,0.006086244121740386,-0.7821762712205628,0.008586244121740387,0.0,-0.0025,True,True,192,5.0,10,0.004,0.5,0.384,0.8887473940849304,0.18381334841251373,0,False
305,38.344784955028445,38.32,0.19999999999999574,335,1.6953070039892817,-0.6161199232116628,2.4391386591331305,2.76507832095063,0.46552515029907227,0.013370682084381679,-0.7688055891361811,0.01587068208438168,0.0,-0.0025,True,True,193,5.0,10,0.004,0.5,0.386,0.9934964179992676,-0.0432627908885479,0,False
306,38.445203594863415,38.42,0.10000000000000142,168,1.6789833372616478,-0.6024197326269313,2.435985152245755,2.746852851972131,0.46245673298835754,0.00849490812109868,-0.7603106810150825,0.00849490812109868,0.0,-0.0,False,False,193,5.0,10,0.024,0.5,0.386,0.9938702583312988,-0.045083507895469666,0,False
307,38.54501896072179,38.52,0.10000000000000142,167,1.6623688979430753,-0.5881861032780086,2.429448864676155,2.7280738515733987,0.4592951238155365,0.006252909633299723,-0.7540577713817828,0.008752909633299723,0.0,-0.0025,True,True,194,5.0,10,0.004,0.5,0.388,0.9931923747062683,0.029079550877213478,0,False
308,38.646155514754355,38.620000000000005,0.10099999999999909,170,1.6458235697892907,-0.5739389620195656,2.4359539124027263,2.709350257421719,0.4561428427696228,0.00872708472977567,-0.7453306866520071,0.00872708472977567,0.0,-0.0,False,False,194,5.0,10,0.024,0.5,0.388,0.9939953684806824,0.0252001341432333,0,False
309,38.74692221172154,38.720000000000006,0.10099999999999909,170,1.6291714576379916,-0.5597725247791746,2.43964283738641,2.690717472869841,0.453005850315094,0.006184758290454171,-0.7391459283615529,0.008684758290454172,0.0,-0.0025,True,True,195,5.0,10,0.004,0.5,0.39,0.9642993211746216,0.12919099628925323,0,False
310,38.846927986014634,38.82,0.10000000000000142,168,1.612831511291684,-0.5462583758648494,2.465280426635224,2.6728499317876357,0.4499976933002472,0.008328077594181622,-0.7308178507673713,0.008328077594181622,0.0,-0.0,False,False,195,5.0,10,0.024,0.5,0.39,0.9666482210159302,0.11502425372600555,0,False
311,38.947401565965265,38.92,0.10000000000000142,168,1.5961400878317715,-0.5331294848327245,2.4866531927214788,2.6552935861760956,0.44704192876815796,0.005683029094517804,-0.7251348216728535,0.008183029094517805,0.0,-0.0025,True,True,196,5.0,10,0.004,0.5,0.392,0.9656422734260559,0.03968314453959465,0,False
312,39.047553597949445,39.02,0.10000000000000142,168,1.5792277711394955,-0.52026459929999,2.4935670863396173,2.637978337396777,0.44412675499916077,0.00807065363573385,-0.7170641680371196,0.00807065363573385,0.0,-0.0,False,False,196,5.0,10,0.024,0.5,0.392,0.9675788879394531,0.040102094411849976,0,False
313,39.247750853654,39.220000000000006,0.19999999999999574,335,1.5447068471200507,-0.49479418916303636,2.5244330511668407,2.6035717660442783,0.4383341073989868,0.013536935057545883,-0.7035272329795738,0.016036935057545883,0.0,-0.0025,True,True,197,5.0,10,0.024,0.5,0.394,0.986880362033844,0.08130203932523727,0,False
314,39.347642418928444,39.32,0.10000000000000142,167,1.526936442150345,-0.48235896184921634,2.539353745486657,2.5866082495745224,0.435478150844574,0.005406710877581478,-0.6981205221019923,0.007906710877581479,0.0,-0.0025,True,True,198,5.0,10,0.004,0.5,0.396,0.9522144198417664,0.3298473358154297,0,False
315,39.44763316307217,39.42,0.10000000000000142,169,1.509336822824379,-0.4709242207866564,2.6041550579177595,2.57072471238038,0.43280401825904846,0.007403331528065201,-0.6907171905739271,0.007403331528065201,0.0,-0.0,False,False,198,5.0,10,0.024,0.5,0.396,0.9545665979385376,0.3196100890636444,0,False
316,39.54777644574642,39.52,0.10000000000000142,169,1.4910985496345688,-0.4607251283701002,2.6639639949767155,2.555931421434147,0.43031343817710876,0.004395166733167949,-0.6863220238407591,0.006895166733167949,0.0,-0.0025,True,True,199,5.0,10,0.004,0.5,0.398,0.9258033037185669,-0.07082206755876541,0,False
317,39.74753964599222,39.720000000000006,0.19999999999999574,337,1.4544752244586177,-0.44195224131430727,2.6545944389430662,2.5281353641069697,0.4256337285041809,0.010455768293355058,-0.6758662555474041,0.012955768293355058,0.0,-0.0025,True,True,200,5.0,10,0.004,0.5,0.4,0.951698899269104,-0.11327941715717316,0,False
318,39.84748315997422,39.82,0.10000000000000142,165,1.4360593752733974,-0.43190526335330764,2.6310667040727775,2.5137093829455095,0.4232049882411957,0.006723963299264222,-0.6691422922481399,0.006723963299264222,0.0,-0.0,False,False,200,5.0,10,0.024,0.5,0.4,0.9514873623847961,-0.1115133985877037,0,False
319,39.94754551304504,39.92,0.10000000000000142,167,1.4178751811712087,-0.42145290460990265,2.608621778826687,2.49904053478419,0.42073535919189453,0.004337163834838028,-0.6648051284133019,0.006837163834838029,0.0,-0.0025,True,True,201,5.0,10,0.004,0.5,0.402,0.9218038320541382,-0.06902620196342468,0,False
320,40.047819724772125,40.02,0.10000000000000142,169,1.4004600557725417,-0.4110026273390959,2.5949149258093347,2.4846501339922424,0.41831260919570923,0.006707379255787501,-0.6580977491575144,0.006707379255787501,0.0,-0.0,False,False,201,5.0,10,0.024,0.5,0.402,0.9219911098480225,-0.06817718595266342,0,False
321,40.24762507388368,40.220000000000006,0.19999999999999574,336,1.3657079315229084,-0.38936245311085677,2.5854742233518104,2.45541811667756,0.4133911430835724,0.011125070585319268,-0.6469726785721951,0.013625070585319268,0.0,-0.0025,True,True,202,5.0,10,0.024,0.5,0.404,0.9378988146781921,0.0198191087692976,0,False
322,40.347677387762815,40.32,0.10000000000000142,167,1.348182229151915,-0.37848661456641536,2.58838056101089,2.4408404321495696,0.4109368622303009,0.0042946723801583955,-0.6426780061920367,0.006794672380158395,0.0,-0.0025,True,True,203,5.0,10,0.004,0.5,0.406,0.9925135374069214,-0.2641240060329437,0,False
323,40.44805195881054,40.42,0.10000000000000142,169,1.3300709827428565,-0.36686623307138067,2.53955809495371,2.425496088017796,0.4083535075187683,0.007152013137862867,-0.6355259930541739,0.007152013137862867,0.0,-0.0,False,False,203,5.0,10,0.024,0.5,0.406,0.9919292330741882,-0.2640620172023773,0,False
324,40.5479627228342,40.52,0.10000000000000142,169,1.3122913605161828,-0.3540593549953783,2.4905308185210586,2.4091570866905356,0.40560269355773926,0.005115623786105649,-0.6304103692680683,0.007615623786105649,0.0,-0.0025,True,True,204,5.0,10,0.004,0.5,0.408,0.8930866122245789,0.0253696721047163,0,False
325,40.748192278668284,40.720000000000006,0.19999999999999574,338,1.280469844898942,-0.3294765159092966,2.4883381506695663,2.3785105284167605,0.40044307708740234,0.011784389448125984,-0.6186259798199423,0.014284389448125984,0.0,-0.0025,True,True,205,5.0,10,0.004,0.5,0.41,0.9299526810646057,0.19552598893642426,0,False
326,40.84826239198446,40.82,0.10000000000000142,168,1.2641974314934563,-0.3174583859533223,2.527541206791928,2.363491541096752,0.39791449904441833,0.007000364023879616,-0.6116256157960627,0.007000364023879616,0.0,-0.0,False,False,205,5.0,10,0.024,0.5,0.41,0.9295912981033325,0.17095635831356049,0,False
327,40.947865679860115,40.92,0.10000000000000142,167,1.2473664768244974,-0.30595584748701504,2.5590226609352613,2.3489506760556207,0.3954664170742035,0.0042775107829286126,-0.6073481050131341,0.006777510782928613,0.0,-0.0025,True,True,206,5.0,10,0.004,0.5,0.412,0.9807773232460022,-0.07430994510650635,0,False
328,41.0481388210319,41.02,0.10000000000000142,168,1.2296412913658352,-0.2943016844142428,2.548093019466809,2.3341834065736586,0.3929802179336548,0.006883038104356345,-0.6004650669087778,0.006883038104356345,0.0,-0.0,False,False,206,5.0,10,0.024,0.5,0.412,0.9812745451927185,-0.07505035400390625,0,False
329,41.247848520986736,41.220000000000006,0.19999999999999574,334,1.1939107705755245,-0.2700726812744705,2.58824629801185,2.3039956757515125,0.3878978490829468,0.011570529544184693,-0.5888945373645931,0.014070529544184694,0.0,-0.0025,True,True,207,5.0,10,0.024,0.5,0.414,0.997448205947876,0.4856099486351013,0,False
330,41.348267941735685,41.32,0.10000000000000142,169,1.1748717378500695,-0.25954335915375987,2.6869759435148506,2.290428933961274,0.3856137692928314,0.0038234710254484,-0.5850710663391446,0.0063234710254484,0.0,-0.0025,True,True,208,5.0,10,0.004,0.5,0.416,0.9867182970046997,0.033187199383974075,0,False
331,41.449196736793965,41.42,0.10099999999999909,170,1.1550386167897317,-0.2505165381871345,2.7131938881089948,2.2783496640367913,0.38358011841773987,0.005630158998897977,-0.5794409073402467,0.005630158998897977,0.0,-0.0,False,False,208,5.0,10,0.024,0.5,0.416,0.9869246482849121,0.02779439091682434,0,False
332,41.549181000795215,41.52,0.10000000000000142,169,1.1352535733247997,-0.2416268765784027,2.7237939157380704,2.266558223370159,0.3815949261188507,0.00299600151286078,-0.5764449058273858,0.00549600151286078,0.0,-0.0025,True,True,209,5.0,10,0.004,0.5,0.418,0.9985262155532837,-0.3064369857311249,0,False
333,41.649331433698535,41.620000000000005,0.10000000000000142,170,1.115355794983556,-0.23233117848655427,2.67046690232832,2.2544959470549957,0.3795641362667084,0.005622238261715112,-0.5708226675656707,0.005622238261715112,0.0,-0.0,False,False,209,5.0,10,0.024,0.5,0.418,0.9988471865653992,-0.2979583442211151,0,False
334,41.84951891005039,41.82,0.19999999999999574,340,1.0770962518092495,-0.2105444773232768,2.6219877328602257,2.227844126088671,0.3750770688056946,0.009922438656365678,-0.560900228909305,0.012422438656365678,0.0,-0.0025,True,True,210,5.0,10,0.024,0.5,0.42,0.9987421035766602,0.25581634044647217,0,False
335,41.94951345399022,41.92,0.10000000000000142,169,1.057794635062858,-0.20023942320451218,2.670652507135603,2.2152904512373497,0.372963547706604,0.003351279578590417,-0.5575489493307146,0.005851279578590417,0.0,-0.0025,True,True,211,5.0,10,0.004,0.5,0.422,0.9235604405403137,0.6551252603530884,0,False
336,42.049594576936215,42.02,0.10000000000000142,169,1.0387427343690425,-0.19167138699026048,2.791084196729804,2.204636343277784,0.3711698353290558,0.004965889675352152,-0.5525830596553625,0.004965889675352152,0.0,-0.0,False,False,211,5.0,10,0.024,0.5,0.422,0.9252766370773315,0.6017504334449768,0,False
337,42.1494551920332,42.120000000000005,0.10000000000000142,169,1.0194879873458214,-0.1857975030294127,2.9046395590501057,2.1967898982079896,0.3698488175868988,0.0011572353788966289,-0.5514258242764658,0.003657235378896629,0.0,-0.0025,True,True,212,5.0,10,0.004,0.5,0.424,0.8923392295837402,-0.03071414679288864,0,False
338,42.34972998779267,42.32,0.19999999999999574,337,0.9804812609705269,-0.17829340479862907,2.9551975793118297,2.185757505424299,0.3679914176464081,0.002642208585353125,-0.5487836156911127,0.005142208585353125,0.0,-0.0025,True,True,213,5.0,10,0.004,0.5,0.426,0.999020516872406,-0.08077835291624069,0,False
339,42.44988839980215,42.42,0.10000000000000142,170,0.959018959833073,-0.1740952247704467,2.9386696602398783,2.179903029996936,0.36700576543807983,0.002728776467225668,-0.546054839223887,0.002728776467225668,0.0,-0.0,False,False,213,5.0,10,0.024,0.5,0.426,0.9990734457969666,-0.0809587761759758,0,False
340,42.55054306797683,42.52,0.10099999999999909,169,0.9374936706680048,-0.16951527135965308,2.923468478395088,2.173867820453788,0.36598968505859375,0.00031301680747435924,-0.5457418224164127,0.0028130168074743593,0.0,-0.0025,True,True,214,5.0,10,0.004,0.5,0.428,0.975994884967804,-0.053602952510118484,0,False
341,42.65071189077571,42.620000000000005,0.10000000000000142,169,0.9165326968396982,-0.164752168727797,2.9135373612492295,2.167886424006819,0.3649826645851135,0.0027879344730612978,-0.5429538879433514,0.0027879344730612978,0.0,-0.0,False,False,214,5.0,10,0.024,0.5,0.428,0.9765515327453613,-0.05348280072212219,0,False
342,42.750564015936106,42.720000000000006,0.10000000000000142,166,0.8956073722415899,-0.15976599246480888,2.902566756506687,2.1618811302967442,0.36397162079811096,0.00029907300972512214,-0.5426548149336263,0.002799073009725122,0.0,-0.0025,True,True,215,5.0,10,0.004,0.5,0.43,0.9549160599708557,-0.08106652647256851,0,False
343,42.850649538915604,42.82,0.10000000000000142,168,0.8752013854159603,-0.15462286725675517,2.8858165554278585,2.155934783168997,0.3629705011844635,0.002771597952621367,-0.5398832169810049,0.002771597952621367,0.0,-0.0,False,False,215,5.0,10,0.024,0.5,0.43,0.9558839797973633,-0.08130235970020294,0,False
344,43.050929153803736,43.02,0.19999999999999574,337,0.8352951596477396,-0.14365428707405892,2.868341839783425,2.143944906710206,0.36095190048217773,0.003088492621008195,-0.5367947243599968,0.005588492621008195,0.0,-0.0025,True,True,216,5.0,10,0.024,0.5,0.432,0.914633572101593,-0.01447819359600544,0,False
345,43.15068751992658,43.120000000000005,0.10000000000000142,167,0.815928043287248,-0.13817285754920758,2.8646708808433208,2.1382322217106027,0.35999011993408203,0.00016268781635516046,-0.5366320365436416,0.0026626878163551605,0.0,-0.0025,True,True,217,5.0,10,0.004,0.5,0.434,0.9063498377799988,-0.045115578919649124,0,False
346,43.25107407104224,43.220000000000006,0.10000000000000142,169,0.7967536603084487,-0.13263249501528254,2.8548541728231336,2.132634951640962,0.3590477705001831,0.002608892809653773,-0.5340231437339877,0.002608892809653773,0.0,-0.0,False,False,217,5.0,10,0.024,0.5,0.434,0.9063568711280823,-0.045826077461242676,0,False
347,43.351071225013584,43.32,0.10000000000000142,169,0.7776342794499647,-0.12691562401778103,2.8459936823200334,2.1270332561522274,0.3581046760082245,0.00011095550162860913,-0.5339121882323591,0.002610955501628609,0.0,-0.0025,True,True,218,5.0,10,0.004,0.5,0.436,0.8922836780548096,0.07263486832380295,0,False
348,43.55081178480759,43.52,0.19999999999999574,339,0.7400056663173816,-0.116063316948134,2.8766577076282607,2.11691356180241,0.3564009368419647,0.0022167989924821697,-0.5316953892398769,0.00471679899248217,0.0,-0.0025,True,True,219,5.0,10,0.004,0.5,0.438,0.9749292135238647,-0.0909750685095787,0,False
349,43.6511747748591,43.620000000000005,0.10000000000000142,171,0.7195296320863943,-0.1104287521321473,2.8610583065792468,2.1119624029204416,0.3555673658847809,0.002307739781341382,-0.5293876494585356,0.002307739781341382,0.0,-0.0,False,False,219,5.0,10,0.024,0.5,0.438,0.9749941229820251,-0.09113427251577377,0,False
350,43.75112226000056,43.720000000000006,0.10000000000000142,170,0.6989302227041164,-0.10433962833590968,2.8449735033779926,2.10676536775363,0.35469239950180054,-7.765705254189756e-05,-0.5294653065110775,0.0024223429474581025,0.0,-0.0025,True,True,220,5.0,10,0.004,0.5,0.44,0.9409178495407104,-0.0937376394867897,0,False
351,43.85103819379583,43.82,0.10000000000000142,169,0.6791514639487279,-0.09809290753629786,2.82666857386133,2.101570456787983,0.35381779074668884,0.002421352855310322,-0.5270439536557672,0.002421352855310322,0.0,-0.0,False,False,220,5.0,10,0.024,0.5,0.44,0.9419522881507874,-0.09408094733953476,0,False
352,44.05118557065725,44.02,0.19999999999999574,339,0.6400840014777847,-0.0845956860976824,2.7946690257868636,2.0907205682877144,0.35199111700057983,0.002557143168314789,-0.5244868104874524,0.005057143168314789,0.0,-0.0025,True,True,221,5.0,10,0.024,0.5,0.442,0.9344161748886108,-0.066510871052742,0,False
353,44.15190789802,44.120000000000005,0.10099999999999909,170,0.6207747379717893,-0.07746193553959227,2.781101566095219,2.0851785274483623,0.35105806589126587,8.31504138089959e-05,-0.5244036600736434,0.002583150413808996,0.0,-0.0025,True,True,222,5.0,10,0.004,0.5,0.444,0.9169421792030334,0.5585799813270569,0,False
354,44.25213924003765,44.220000000000006,0.10000000000000142,172,0.6010837615602902,-0.07034579116227228,2.8361081077833794,2.079879707642397,0.3501659631729126,0.002469784862877053,-0.5219338752107663,0.002469784862877053,0.0,-0.0,False,False,222,5.0,10,0.024,0.5,0.444,0.9131273031234741,0.5653524398803711,0,False
355,44.35233565187082,44.32,0.10000000000000142,173,0.5818605523977045,-0.06549577648246155,2.950454560144992,2.0769828283036977,0.34967824816703796,-0.0011497618333337625,-0.5230836370441001,0.0013502381666662376,0.0,-0.0025,True,True,223,5.0,10,0.004,0.5,0.446,0.9960796236991882,-0.17007040977478027,0,False
356,44.45245083468035,44.42,0.10000000000000142,172,0.5620653761394079,-0.06239174409788739,2.9940502569662977,2.076071368987171,0.3495247960090637,0.0004248320391178933,-0.5226588050049822,0.0004248320391178933,0.0,-0.0,False,False,223,5.0,10,0.024,0.5,0.446,0.9956554174423218,-0.1718209832906723,0,False
357,44.552740266080946,44.52,0.10000000000000142,173,0.5405567822295821,-0.0588059329248457,2.9592264199876697,2.0750885719148546,0.34935933351516724,-0.00204191736624939,-0.5247007223712316,0.0004580826337506099,0.0,-0.0025,True,True,224,5.0,10,0.004,0.5,0.448,0.997283399105072,-0.29868894815444946,0,False
358,44.75278754392639,44.720000000000006,0.19999999999999574,340,0.4977633948142412,-0.04830694995142793,2.8402332143595643,2.0704850739568825,0.34858429431915283,-0.0003543053001942892,-0.5250550276714259,0.002145694699805711,0.0,-0.0025,True,True,225,5.0,10,0.004,0.5,0.45,0.9963322281837463,-0.07542215287685394,0,False
359,44.85307804495096,44.82,0.10000000000000142,173,0.47688345196242393,-0.04153162088054883,2.8252089333736143,2.066943499564621,0.3479880392551422,0.0016507311335467061,-0.5234042965378791,0.0016507311335467061,0.0,-0.0,False,False,225,5.0,10,0.024,0.5,0.45,0.9964972138404846,-0.07554662972688675,0,False
360,44.95310272881761,44.92,0.10000000000000142,172,0.4560904617280587,-0.03446819011782002,2.8072154772055975,2.0633309414500975,0.3473798334598541,-0.0008161832871785061,-0.5242204798250576,0.001683816712821494,0.0,-0.0025,True,True,226,5.0,10,0.004,0.5,0.452,0.9865619540214539,-0.06622485816478729,0,False
361,45.05335228983313,45.02,0.10000000000000142,172,0.4356132325581805,-0.02719359852258434,2.793077165921679,2.059682448932534,0.34676557779312134,0.0017005657716563506,-0.5225199140534013,0.0017005657716563506,0.0,-0.0,False,False,226,5.0,10,0.024,0.5,0.452,0.9866488575935364,-0.0663953498005867,0,False
362,45.25340734701604,45.220000000000006,0.19999999999999574,344,0.39471672508954886,-0.011732718647895895,2.766052290515823,2.0521509166854432,0.34549757838249207,0.0010104542179740403,-0.5215094598354272,0.0035104542179740404,0.0,-0.0025,True,True,227,5.0,10,0.024,0.5,0.454,0.9985724687576294,-0.07023842632770538,0,False
363,45.353577099740505,45.32,0.10000000000000142,171,0.3743081062009706,-0.0035304903551166456,2.752141300650906,2.048254954732163,0.3448416590690613,-0.0006840884931161454,-0.5221935483285434,0.0018159115068838547,0.0,-0.0025,True,True,228,5.0,10,0.004,0.5,0.456,0.998176097869873,-0.10003826022148132,0,False
364,45.45336078573018,45.42,0.10000000000000142,171,0.35403694454702495,0.00501523441503811,2.7318510387056913,2.044222866887562,0.34416282176971436,0.0018793599120270853,-0.5203141884165163,0.0018793599120270853,0.0,-0.0,False,False,228,5.0,10,0.024,0.5,0.456,0.9981794953346252,-0.10000777244567871,0,False
365,45.55378938606009,45.52,0.10000000000000142,171,0.3339425001967519,0.013966445805734242,2.712219611258524,2.039985085563489,0.34344935417175293,-0.0005247661649870261,-0.5208389545815033,0.001975233835012974,0.0,-0.0025,True,True,229,5.0,10,0.004,0.5,0.458,0.9970642924308777,-0.08201585710048676,0,False
366,45.753891431726515,45.720000000000006,0.19999999999999574,342,0.29429904759918113,0.03290146837188134,2.679707710090251,2.031061316469538,0.34194695949554443,0.0016593771132279215,-0.5191795774682754,0.0041593771132279215,0.0,-0.0025,True,True,230,5.0,10,0.004,0.5,0.46,0.9961875081062317,-0.11651592701673508,0,False
367,45.85479754768312,45.82,0.10099999999999909,173,0.274751271956149,0.042908750877253654,2.6559485975705863,2.026349484252153,0.34115368127822876,0.002196189399347485,-0.5169833880689279,0.002196189399347485,0.0,-0.0,False,False,230,5.0,10,0.024,0.5,0.46,0.996393620967865,-0.11623644083738327,0,False
368,45.95466388296336,45.92,0.10000000000000142,171,0.255439089824209,0.053372572056724805,2.6331386384264373,2.0213622139503804,0.34031403064727783,-0.00017542865214469332,-0.5171588167210726,0.0023245713478553067,0.0,-0.0025,True,True,231,5.0,10,0.004,0.5,0.462,0.9892532825469971,-0.030491866171360016,0,False
369,46.054937324952334,46.02,0.10000000000000142,172,0.23644095592599115,0.06400630282539442,2.6302412053752344,2.016350692351974,0.3394702970981598,0.00233587489987706,-0.5148229418211955,0.00233587489987706,0.0,-0.0,False,False,231,5.0,10,0.024,0.5,0.462,0.9895100593566895,-0.029388120397925377,0,False
370,46.15480145998299,46.120000000000005,0.10000000000000142,168,0.2174932467130184,0.07475051692006478,2.6238742310313303,2.0114421945100682,0.3386439085006714,-0.00021214456929515924,-0.5150350863904907,0.002287855430704841,0.0,-0.0025,True,True,232,5.0,10,0.004,0.5,0.464,0.9733257293701172,0.0195629820227623,0,False
371,46.355178704019636,46.32,0.19999999999999574,343,0.18018738971480472,0.09577265235556577,2.633294528700876,2.0025607324226526,0.33714863657951355,0.0016396577779493097,-0.5133954286125414,0.00413965777794931,0.0,-0.0025,True,True,233,5.0,10,0.004,0.5,0.466,0.9841716289520264,0.023203592747449875,0,False
372,46.45508195878938,46.42,0.10000000000000142,171,0.16126216244972003,0.10627442567284667,2.6374832081796793,1.9985451071370801,0.3364725708961487,0.0018716866978810102,-0.5115237419146604,0.0018716866978810102,0.0,-0.0,False,False,233,5.0,10,0.024,0.5,0.466,0.9843946695327759,0.020611194893717766,0,False
373,46.555040122941136,46.52,0.10000000000000142,165,0.14228540653044502,0.11669618710814786,2.6414040557623477,1.994848820093305,0.3358502686023712,-0.0007771571550164145,-0.5123008990696768,0.0017228428449835855,0.0,-0.0025,True,True,234,5.0,10,0.004,0.5,0.468,0.9389711022377014,-0.16141702234745026,0,False
374,46.65480332868174,46.620000000000005,0.10000000000000142,169,0.12405077662832448,0.1268963827380853,2.611799104919748,1.9913373385508804,0.3352590799331665,0.0016367048281184012,-0.5106641942415584,0.0016367048281184012,0.0,-0.0,False,False,234,5.0,10,0.024,0.5,0.468,0.9383043050765991,-0.15927517414093018,0,False
375,46.855177542660385,46.82,0.19999999999999574,342,0.08970545841780127,0.1483730149781923,2.550035489185419,1.9831896109491907,0.33388733863830566,0.0012976634485371945,-0.5093665307930212,0.0037976634485371945,0.0,-0.0025,True,True,235,5.0,10,0.024,0.5,0.47,0.8975394368171692,-0.16702795028686523,0,False
376,46.955178197007626,46.92,0.10000000000000142,174,0.07345558638345567,0.15969009454629093,2.5164750918992436,1.9785367253141335,0.3331039845943451,-0.000331285657756167,-0.5096978164507774,0.002168714342243833,0.0,-0.0025,True,True,236,5.0,10,0.004,0.5,0.472,0.8875062465667725,0.26679420471191406,0,False
377,47.055179540999234,47.02,0.10000000000000142,175,0.05698634477586272,0.17145645865404982,2.5500318712656136,1.973737800848986,0.3322960436344147,0.0022367831774103156,-0.5074610332733671,0.0022367831774103156,0.0,-0.0,False,False,236,5.0,10,0.024,0.5,0.472,0.8877420425415039,0.2711467146873474,0,False
378,47.15533680282533,47.120000000000005,0.10000000000000142,174,0.04058866680573708,0.18188896425430198,2.600887897095485,1.9703383709180127,0.33172371983528137,-0.000915522532682144,-0.5083765558060492,0.001584477467317856,0.0,-0.0025,True,True,237,5.0,10,0.004,0.5,0.474,0.9000937938690186,0.2638523578643799,0,False
379,47.355701877735555,47.32,0.19999999999999574,347,0.005782090729380248,0.2003146193058318,2.708000294876337,1.9671425102653468,0.3311856687068939,-0.0010104063635202522,-0.5093869621695695,0.0014895936364797478,0.0,-0.0025,True,True,238,5.0,10,0.004,0.5,0.476,0.9936177134513855,-0.30088794231414795,0,False
380,47.45559834269807,47.42,0.10000000000000142,171,-0.01244320564185611,0.20863414021761517,2.6940355327263608,1.9669915149658717,0.3311602473258972,7.037905017821176e-05,-0.5093165831193912,7.037905017821176e-05,0.0,-0.0,False,False,238,5.0,10,0.024,0.5,0.476,0.9936098456382751,-0.3004283607006073,0,False
381,47.55545751797035,47.52,0.10000000000000142,169,-0.03194598978401765,0.2187396028894129,2.6348442621118053,1.9659660568534925,0.3309876024723053,-0.0020220330156127454,-0.511338616135004,0.00047796698438725457,0.0,-0.0025,True,True,239,5.0,10,0.004,0.5,0.478,0.9489458203315735,-0.2695585787296295,0,False
382,47.65554539067671,47.620000000000005,0.10000000000000142,173,-0.050001476495482804,0.22943366429296716,2.5806375345710073,1.9640284313575316,0.3306613862514496,0.0009031290542210057,-0.510435487080783,0.0009031290542210057,0.0,-0.0,False,False,239,5.0,10,0.024,0.5,0.478,0.9502019882202148,-0.2694876790046692,0,False
383,47.855947794858366,47.82,0.19999999999999574,343,-0.08456643706114061,0.2537346414666835,2.4836910065100506,1.9575241273904576,0.3295663297176361,0.000531662156796934,-0.5099038249239861,0.003031662156796934,0.0,-0.0025,True,True,240,5.0,10,0.024,0.5,0.48,0.9632904529571533,-0.21531681716442108,0,False
384,47.955855519045144,47.92,0.10000000000000142,172,-0.10111157301990067,0.26710691096483463,2.4402129542478885,1.953182083192538,0.32883530855178833,-0.0004761691420620555,-0.5103799940660482,0.0020238308579379445,0.0,-0.0025,True,True,241,5.0,10,0.004,0.5,0.482,0.9359279274940491,-0.22988878190517426,0,False
385,48.055856762919575,48.02,0.10000000000000142,174,-0.11660112402897056,0.28079876509738144,2.393949443602045,1.9482840293396928,0.3280106782913208,0.002282987477644592,-0.5080970065884036,0.002282987477644592,0.0,-0.0,False,False,241,5.0,10,0.024,0.5,0.482,0.9355564713478088,-0.23083080351352692,0,False
386,48.15569813782349,48.120000000000005,0.10000000000000142,173,-0.13144067979915613,0.2951805020916218,2.3480362753788198,1.9426763152809912,0.327066570520401,0.00011376076271412544,-0.5079832458256895,0.0026137607627141255,0.0,-0.0025,True,True,242,5.0,10,0.004,0.5,0.484,0.9549531936645508,-0.21556401252746582,0,False
387,48.356034932658076,48.32,0.19999999999999574,346,-0.159673533838622,0.3264311173214674,2.262072859793585,1.9291982588893892,0.3247974216938019,0.003782134678274579,-0.504201111147415,0.006282134678274579,0.0,-0.0025,True,True,243,5.0,10,0.004,0.5,0.486,0.9378641247749329,0.50175541639328,0,False
388,48.455846468918025,48.42,0.10000000000000142,173,-0.1731054540261785,0.34268043639231244,2.2881382486371784,1.921885165328761,0.323566198348999,0.003408639742100744,-0.5007924714053142,0.003408639742100744,0.0,-0.0,False,False,243,5.0,10,0.024,0.5,0.486,0.939310610294342,0.5062063932418823,0,False
389,48.55578589299694,48.52,0.10000000000000142,173,-0.18736956336336005,0.35740144684264735,2.3917768014804004,1.9165146537334785,0.32266202569007874,3.2004728680087163e-06,-0.5007892709324462,0.0025032004728680088,0.0,-0.0025,True,True,244,5.0,10,0.004,0.5,0.488,0.9474506974220276,-0.21098747849464417,0,False
390,48.65594679489732,48.620000000000005,0.10000000000000142,171,-0.20288315626927678,0.37105286337807597,2.4223277044166167,1.9129148408259449,0.32205596566200256,0.0016778761599341898,-0.499111394772512,0.0016778761599341898,0.0,-0.0,False,False,244,5.0,10,0.024,0.5,0.488,0.94742751121521,-0.20926649868488312,0,False
391,48.85729000065476,48.82,0.2010000000000005,345,-0.23376269626169105,0.4009037249590964,2.3165914658702254,1.9041466694673264,0.32057976722717285,0.0015868528633960128,-0.497524541909116,0.004086852863396013,0.0,-0.0025,True,True,245,5.0,10,0.024,0.5,0.49,0.9996227622032166,-0.30151480436325073,0,False
392,49.057456586975604,49.02,0.19999999999999574,345,-0.2618302502144524,0.4350230418849899,2.20157011827864,1.8911996633669619,0.3184000253677368,0.003534611641305439,-0.4939899302678106,0.006034611641305439,0.0,-0.0025,True,True,246,5.0,10,0.024,0.5,0.492,0.9994322657585144,-0.28604236245155334,0,False
393,49.157442500814795,49.120000000000005,0.10000000000000142,173,-0.274344906611207,0.45322925808392106,2.1444042866880353,1.8832728526864269,0.3170654773712158,0.001194693865158085,-0.4927952364026525,0.003694693865158085,0.0,-0.0025,True,True,247,5.0,10,0.004,0.5,0.494,0.9993937611579895,-0.20637847483158112,0,False
394,49.25753605365753,49.220000000000006,0.10000000000000142,170,-0.28588865367567445,0.4719552936013769,2.10405734491429,1.8745866400894227,0.3156030774116516,0.004048651808023773,-0.4887465845946287,0.004048651808023773,0.0,-0.0,False,False,247,5.0,10,0.024,0.5,0.494,0.9993523359298706,-0.20656748116016388,0,False
395,49.3573493398726,49.32,0.10000000000000142,167,-0.2966940476795054,0.4911891997324507,2.0620147145069376,1.865274142182286,0.31403523683547974,0.0018405639762892468,-0.4869060206183395,0.004340563976289247,0.0,-0.0025,True,True,248,5.0,10,0.004,0.5,0.496,0.9999030232429504,-0.0732087641954422,0,False
396,49.557679153978825,49.52,0.19999999999999574,343,-0.31682971218249856,0.5303002703959314,2.0324333339316754,1.8458943468874007,0.31077247858047485,0.006532940695790588,-0.4803730799225489,0.009032940695790588,0.0,-0.0025,True,True,249,5.0,10,0.004,0.5,0.498,0.9999358057975769,-0.25064709782600403,0,False
397,49.65755892870948,49.620000000000005,0.10000000000000142,172,-0.3262091819344535,0.5502334689497451,1.9809786548713735,1.8358022671527279,0.30907338857650757,0.004703927794559781,-0.4756691521279891,0.004703927794559781,0.0,-0.0,False,False,249,5.0,10,0.024,0.5,0.498,0.9999233484268188,-0.25178948044776917,0,False
398,49.75749778281897,49.720000000000006,0.10000000000000142,169,-0.3345802357703444,0.5706749695363579,1.9329726248871606,1.8248952022377694,0.30723708868026733,0.0025837931486283818,-0.4730853589793607,0.005083793148628382,0.0,-0.0025,True,True,250,5.0,10,0.004,0.5,0.5,0.9989980459213257,-0.27744314074516296,0,False
399,49.85791372368112,49.82,0.10000000000000142,173,-0.3418551487106441,0.5915194661233187,1.878319886280772,1.8131880215506802,0.3052660822868347,0.005456727857661691,-0.467628631121699,0.005456727857661691,0.0,-0.0,False,False,250,5.0,10,0.024,0.5,0.5,0.9987615942955017,-0.27906334400177,0,False
400,50.05767948273569,50.02,0.19999999999999574,347,-0.3528973937564557,0.6341087161669717,1.7734973009587034,1.7874090702463858,0.30092597007751465,0.009515593291267626,-0.4581130378304314,0.012015593291267626,0.0,-0.0025,True,True,251,5.0,10,0.024,0.5,0.502,0.9918327927589417,-0.2479424923658371,0,False
401,50.1577515960671,50.120000000000005,0.10000000000000142,172,-0.35677163426199543,0.6556693691149337,1.7239008663226325,1.7735121921917616,0.29858630895614624,0.003977347846764106,-0.45413568998366727,0.0064773478467641055,0.0,-0.0025,True,True,252,5.0,10,0.004,0.5,0.504,0.9901975989341736,-0.21901588141918182,0,False
402,50.257973957806826,50.220000000000006,0.10000000000000142,174,-0.3596328638788384,0.6773403405716059,1.6804717569163619,1.7590272644479739,0.2961476445198059,0.006751438356367874,-0.4473842516272994,0.006751438356367874,0.0,-0.0,False,False,252,5.0,10,0.024,0.5,0.504,0.988513708114624,-0.21758964657783508,0,False
403,50.35804557101801,50.32,0.10000000000000142,174,-0.36154851746396877,0.6990749516243571,1.6370138688380298,1.7440185441002627,0.2936207950115204,0.0044955785784982286,-0.44288867304880114,0.006995578578498229,0.0,-0.0025,True,True,253,5.0,10,0.004,0.5,0.506,0.9978200197219849,-0.12789106369018555,0,False
404,50.55778358085081,50.52,0.19999999999999574,345,-0.36325725665812847,0.743092265227859,1.5846690858656247,1.7125957673174623,0.2883304953575134,0.01214618562049578,-0.43074248742830534,0.01464618562049578,0.0,-0.0025,True,True,254,5.0,10,0.004,0.5,0.508,0.9995874166488647,0.06437859684228897,0,False
405,50.65794098377228,50.620000000000005,0.10000000000000142,174,-0.36360901198113704,0.765051373990515,1.5972368591579607,1.696786400147329,0.28566884994506836,0.0073687608105686385,-0.4233737266177367,0.0073687608105686385,0.0,-0.0,False,False,254,5.0,10,0.024,0.5,0.508,0.9995511174201965,0.062347374856472015,0,False
406,50.75857945205644,50.720000000000006,0.10000000000000142,175,-0.3642583709281589,0.7870116521229278,1.6072026242040016,1.6813204454988624,0.2830650210380554,-1.4952913040866713,-1.918665030704408,0.0072086959133286325,-1.5,-0.0025,True,True,255,5.0,10,0.004,0.5,0.51,0.9848140478134155,-0.2171029895544052,4,True
