ppo_step,t_wall_s,t_sim_s,ppo_step_sim_dt,inner_ticks,x,y,yaw,goal_distance_m,goal_distance_norm,ppo_reward,ppo_reward_cumulative,navigation_reward,terminal_reward,frame_cost_reward,fresh_observation,frame_consumed,episode_frame_count,current_fps,scan_divisor_k,obs_age_ratio,fps_ratio,frame_count_ratio,action_linear,action_angular,outcome,done
1,0.08448395784944296,0.07999999999998408,0.10099999999999909,81,1.965207099031178,-0.827257921648296,-1.2963165788818105,4.246563833789855,0.7149462103843689,-0.0009992628621294918,-0.0009992628621294918,-0.0009992628621294918,0.0,-0.0,False,False,1,10.0,5,0.016,1.0,0.002,0.9999038577079773,-0.28057271242141724,0,False
2,0.2858948530629277,0.2599999999999909,0.17900000000000205,328,1.9743799988801773,-0.8627053711386964,-1.3614119618479006,4.262594117881143,0.7176450490951538,-0.006278655681840838,-0.00727791854397033,-0.003778655681840838,0.0,-0.0025,True,True,2,5.0,10,0.032,0.5,0.004,0.9999041557312012,-0.28569042682647705,0,False
3,0.3867557691410184,0.3599999999999852,0.10099999999999909,169,1.97838287549498,-0.8844390123420997,-1.4203141766121752,4.270962054336932,0.7190538644790649,-0.004472488475805303,-0.011750407019775633,-0.0019724884758053037,0.0,-0.0025,True,True,3,5.0,10,0.012,0.5,0.006,0.9994686245918274,-0.33564209938049316,0,False
4,0.4869132209569216,0.46000000000000796,0.09999999999999432,168,1.9809557413377232,-0.9063995443329776,-1.487592949456706,4.278078128239511,0.7202519178390503,-0.0016773996599968644,-0.013427806679772497,-0.0016773996599968644,0.0,-0.0,False,False,3,5.0,10,0.032,0.5,0.006,0.9993683695793152,-0.3388809859752655,0,False
5,0.5868416861630976,0.5600000000000023,0.09999999999999432,168,1.9820581582312657,-0.9284858203313114,-1.5529267307680958,4.283887818425647,0.7212300300598145,-0.003869459125400549,-0.017297265805173045,-0.001369459125400549,0.0,-0.0025,True,True,4,5.0,10,0.012,0.5,0.008,0.9999721050262451,-0.2922200858592987,0,False
6,0.6864904519170523,0.6599999999999966,0.09999999999999432,171,1.98185551514257,-0.9505956814330169,-1.610544971699021,4.288536632675139,0.7220126986503601,-0.001095817658478676,-0.018393083463651722,-0.001095817658478676,0.0,-0.0,False,False,4,5.0,10,0.032,0.5,0.008,0.9999686479568481,-0.29731956124305725,0,False
7,0.7869579219259322,0.7599999999999909,0.10000000000002274,173,1.9803667562365965,-0.9725433962927916,-1.6650733803218138,4.292005099143973,0.7225966453552246,-0.00331758629198948,-0.0217106697556412,-0.0008175862919894799,0.0,-0.0025,True,True,5,5.0,10,0.012,0.5,0.01,0.9887238144874573,-0.22837083041667938,0,False
8,0.8869995051063597,0.8599999999999852,0.09999999999999432,176,1.9778705648578911,-0.9942346100607082,-1.7095291464747202,4.294543519536087,0.7230240106582642,-0.0005983559981183685,-0.02230902575375957,-0.0005983559981183685,0.0,-0.0,False,False,5,5.0,10,0.032,0.5,0.01,0.9885159730911255,-0.22967514395713806,0,False
9,0.9868740597739816,0.960000000000008,0.09999999999999432,166,1.9743996225690776,-1.0157422945368355,-1.7500703053737854,4.296201104511802,0.7233030796051025,-0.0028907256322439497,-0.025199751386003517,-0.0003907256322439497,0.0,-0.0025,True,True,6,5.0,10,0.012,0.5,0.012,0.9854248762130737,-0.15664848685264587,0,False
10,1.0872161500155926,1.0600000000000023,0.09999999999999432,174,1.9702394779287808,-1.0370720201884744,-1.780262958389935,4.297256832490782,0.7234808206558228,-0.00024885600925937673,-0.025448607395262893,-0.00024885600925937673,0.0,-0.0,False,False,6,5.0,10,0.032,0.5,0.012,0.9849951863288879,-0.15855470299720764,0,False
11,1.1868973369710147,1.1599999999999966,0.09999999999999432,174,1.965414676615881,-1.0581969007506025,-1.812188848834807,4.297727343048818,0.7235600352287292,-0.0026109086640862707,-0.028059516059349164,-0.00011090866408627057,0.0,-0.0025,True,True,7,5.0,10,0.012,0.5,0.014,0.9775837659835815,-0.17946629226207733,0,False
12,1.2873317757621408,1.259999999999991,0.10000000000002274,176,1.9598735120387882,-1.0790489810754833,-1.8482242665118962,4.29754501578216,0.7235293388366699,4.297815049240505e-05,-0.02801653790885676,4.297815049240505e-05,0.0,-0.0,False,False,7,5.0,10,0.032,0.5,0.014,0.977111279964447,-0.18108442425727844,0,False
13,1.38719862094149,1.3599999999999852,0.09999999999999432,173,1.9535737263847437,-1.0997424342964237,-1.8840140955013363,4.296697459517345,0.7233866453170776,-0.0023002141897495616,-0.03031675209860632,0.00019978581025043837,0.0,-0.0025,True,True,8,5.0,10,0.012,0.5,0.016,0.9843935966491699,-0.17138470709323883,0,False
14,1.4873889228329062,1.460000000000008,0.09999999999999432,171,1.946540807959778,-1.1202911321893367,-1.9181192494649648,4.295212642903046,0.7231366634368896,0.00035000070517546506,-0.029966751393430854,0.00035000070517546506,0.0,-0.0,False,False,8,5.0,10,0.032,0.5,0.016,0.9838799834251404,-0.17384937405586243,0,False
15,1.5874520558863878,1.5600000000000023,0.09999999999999432,174,1.9387941253562988,-1.1405646485319911,-1.9582081884806197,4.293076404598162,0.7227770090103149,-0.0019964462911233687,-0.031963197684554225,0.0005035537088766314,0.0,-0.0025,True,True,9,5.0,10,0.012,0.5,0.018,0.9794918298721313,-0.32569894194602966,0,False
16,1.6870232140645385,1.6599999999999966,0.09999999999999432,174,1.9298819289268823,-1.1603160943070936,-2.0256826386253426,4.289785308926601,0.7222229242324829,0.0007757764795687761,-0.03118742120498545,0.0007757764795687761,0.0,-0.0,False,False,9,5.0,10,0.032,0.5,0.018,0.9795271158218384,-0.3056239187717438,0,False
17,1.7871497562155128,1.759999999999991,0.10000000000002274,166,1.9200239486213193,-1.1790354589635703,-2.0857660356927896,4.285408038392696,0.72148597240448,-0.001468190577303304,-0.032655611782288756,0.001031809422696696,0.0,-0.0025,True,True,10,5.0,10,0.012,0.5,0.02,0.9144524335861206,-0.23799629509449005,0,False
18,1.8884956478141248,1.8599999999999852,0.10099999999999909,178,1.9097108327996613,-1.1963992959315113,-2.13141066525621,4.280314912066203,0.7206284999847412,0.0012005508213291406,-0.03145506096095962,0.0012005508213291406,0.0,-0.0,False,False,10,5.0,10,0.032,0.5,0.02,0.910557210445404,-0.243069589138031,0,False
19,1.9884803020395339,1.960000000000008,0.09999999999999432,171,1.898611191644494,-1.213221926425644,-2.170749394644575,4.274402906190622,0.719633162021637,-0.0011064230386921823,-0.0325614839996518,0.0013935769613078177,0.0,-0.0025,True,True,11,5.0,10,0.012,0.5,0.022,0.973662257194519,0.5858457088470459,0,False
20,2.0887199328280985,2.0600000000000023,0.09999999999999432,169,1.8877336490215773,-1.2301677613086412,-2.092041969983707,4.2688265240991035,0.7186943292617798,0.0013144637833140415,-0.03124702021633776,0.0013144637833140415,0.0,-0.0,False,False,11,5.0,10,0.032,0.5,0.022,0.9783600568771362,0.6914574503898621,0,False
21,2.1888569658622146,2.1599999999999966,0.09999999999999432,163,1.8784387534187508,-1.2492767698437888,-1.9596732985026677,4.265484093566056,0.7181316018104553,-0.0017121228761178488,-0.03295914309245561,0.0007878771238821514,0.0,-0.0025,True,True,12,5.0,10,0.012,0.5,0.024,0.9519037008285522,-0.31786826252937317,0,False
22,2.288509412202984,2.259999999999991,0.09999999999999432,165,1.8705287570938176,-1.2692362768451275,-1.9525272393431898,4.2638204900203736,0.7178515195846558,0.00039214432847388755,-0.03256699876398172,0.00039214432847388755,0.0,-0.0,False,False,12,5.0,10,0.032,0.5,0.024,0.952830970287323,-0.321236252784729,0,False
23,2.388771302998066,2.359999999999985,0.10000000000002274,165,1.8617857852945896,-1.2889708297436846,-2.0204590694756472,4.261402441027607,0.7174444198608398,-0.0019300179264787136,-0.03449701669046043,0.0005699820735212864,0.0,-0.0025,True,True,13,5.0,10,0.012,0.5,0.026,0.9973088502883911,-0.312870591878891,0,False
24,2.4886619579046965,2.460000000000008,0.09999999999999432,160,1.8516236220375417,-1.308546028147316,-2.0827381185698157,4.257692523693023,0.7168198227882385,0.0008745010466223987,-0.03362251564383803,0.0008745010466223987,0.0,-0.0,False,False,13,5.0,10,0.032,0.5,0.026,0.9968763589859009,-0.3112006187438965,0,False
25,2.588878340087831,2.5600000000000023,0.09999999999999432,166,1.8403816398018438,-1.3272880779902658,-2.13669488095986,4.25280827714775,0.7159975171089172,-0.0013486862831185525,-0.03497120192695658,0.0011513137168814476,0.0,-0.0025,True,True,14,5.0,10,0.012,0.5,0.028,0.9457032084465027,-0.14007820188999176,0,False
26,2.6886610947549343,2.6599999999999966,0.09999999999999432,164,1.8290470419197584,-1.3447873810194335,-2.1608385519145688,4.247549109096863,0.7151120901107788,0.0012396901467291422,-0.03373151178022744,0.0012396901467291422,0.0,-0.0,False,False,14,5.0,10,0.032,0.5,0.028,0.9433391094207764,-0.14304718375205994,0,False
27,2.789179803803563,2.759999999999991,0.09999999999999432,166,1.81738681013626,-1.3616958303934483,-2.192145291130363,4.241887758958747,0.7141589522361755,-0.0011655075640293303,-0.03489701934425677,0.0013344924359706698,0.0,-0.0025,True,True,15,5.0,10,0.012,0.5,0.03,0.9044370055198669,-0.23311269283294678,0,False
28,2.8888463811017573,2.859999999999985,0.10000000000002274,165,1.8053481357633618,-1.3776274085454723,-2.2403107099937727,4.235642961567324,0.7131075859069824,0.0014720225175465754,-0.03342499682671019,0.0014720225175465754,0.0,-0.0,False,False,15,5.0,10,0.032,0.5,0.03,0.9016138315200806,-0.23133684694766998,0,False
29,2.9892975809052587,2.960000000000008,0.09999999999999432,163,1.792938166635538,-1.392603121975814,-2.284137332288602,4.228817549190816,0.7119584679603577,-0.0008911150226329565,-0.03431611184934315,0.0016088849773670435,0.0,-0.0025,True,True,16,5.0,10,0.012,0.5,0.032,0.832976758480072,-0.16637428104877472,0,False
30,3.089249295182526,3.0600000000000023,0.09999999999999432,164,1.7807089496147024,-1.406339729687168,-2.3163132595049665,4.221828573324606,0.7107818126678467,0.0016474401337312993,-0.03266867171561185,0.0016474401337312993,0.0,-0.0,False,False,16,5.0,10,0.032,0.5,0.032,0.8338602185249329,-0.1673620641231537,0,False
31,3.188949331175536,3.1599999999999966,0.09999999999999432,165,1.7675749402187424,-1.4201369614619013,-2.343570638520059,4.214076301173124,0.7094766497612,-0.0006726358032361362,-0.033341307518847986,0.0018273641967638638,0.0,-0.0025,True,True,17,5.0,10,0.012,0.5,0.034,0.927111804485321,0.005842417944222689,0,False
32,3.2891749320551753,3.259999999999991,0.09999999999999432,172,1.7534109632003134,-1.4348051046476142,-2.3385125788720003,4.205725004293127,0.7080706357955933,0.0019685661979934183,-0.03137274132085457,0.0019685661979934183,0.0,-0.0,False,False,17,5.0,10,0.032,0.5,0.034,0.9272454977035522,0.006458706688135862,0,False
33,3.3889428777620196,3.359999999999985,0.10000000000002274,173,1.7392110421651161,-1.4495434042066317,-2.3343474160198037,4.197446638319793,0.7066769003868103,-0.0005486250622035438,-0.03192136638305811,0.0019513749377964562,0.0,-0.0025,True,True,18,5.0,10,0.012,0.5,0.036,0.9360261559486389,0.04313316196203232,0,False
34,3.488978031091392,3.460000000000008,0.09999999999999432,175,1.7250487986684497,-1.464470577182039,-2.3255076154162424,4.189353431881337,0.7053143382072449,0.0019077291655488233,-0.03001363721750929,0.0019077291655488233,0.0,-0.0,False,False,18,5.0,10,0.032,0.5,0.036,0.9362047910690308,0.04411936178803444,0,False
35,3.589415080845356,3.5600000000000023,0.09999999999999432,175,1.7112777785043938,-1.4792493328293415,-2.3128686849556783,4.181659221228363,0.7040189504623413,-0.000686322049218204,-0.030699959266727497,0.001813677950781796,0.0,-0.0025,True,True,19,5.0,10,0.012,0.5,0.038,0.8886480927467346,0.18940533697605133,0,False
36,3.689341934863478,3.6599999999999966,0.09999999999999432,175,1.69841972704325,-1.493904026930553,-2.2706138846313197,4.174856466997615,0.7028736472129822,0.0016035440033252202,-0.029096415263402276,0.0016035440033252202,0.0,-0.0,False,False,19,5.0,10,0.032,0.5,0.038,0.8930284380912781,0.21450267732143402,0,False
37,3.789000041782856,3.759999999999991,0.09999999999999432,171,1.6861355111369194,-1.509099673958426,-2.23647883194678,4.168864449544821,0.7018648386001587,-0.0010875627241070458,-0.03018397798750932,0.0014124372758929542,0.0,-0.0025,True,True,20,5.0,10,0.012,0.5,0.04,0.938072144985199,-0.1538008153438568,0,False
38,3.889145404100418,3.859999999999985,0.10000000000002274,176,1.6730567839055095,-1.525014256557808,-2.273896105789529,4.162479808910039,0.7007899284362793,0.0015049863417107708,-0.02867899164579855,0.0015049863417107708,0.0,-0.0,False,False,20,5.0,10,0.032,0.5,0.04,0.9339578747749329,-0.15162009000778198,0,False
39,3.9894196349196136,3.960000000000008,0.09999999999999432,175,1.6594496150303857,-1.540600669798114,-2.304956747307578,4.155574738989844,0.6996273994445801,-0.0008723381607670926,-0.029551329806565642,0.0016276618392329074,0.0,-0.0025,True,True,21,5.0,10,0.012,0.5,0.042,0.942602276802063,-0.1453014463186264,0,False
40,4.09044920001179,4.060000000000002,0.10099999999999909,176,1.6453272051445835,-1.5558485832444433,-2.333023141659954,4.148157028521842,0.6983785629272461,0.0017485013769281148,-0.02780282842963753,0.0017485013769281148,0.0,-0.0,False,False,21,5.0,10,0.032,0.5,0.042,0.9405930638313293,-0.14467769861221313,0,False
41,4.190242736134678,4.159999999999997,0.09999999999999432,174,1.6308082450141037,-1.5706375302991251,-2.362041058521791,4.140288987406871,0.6970539093017578,-0.0006453467639914827,-0.02844817519362901,0.0018546532360085174,0.0,-0.0025,True,True,22,5.0,10,0.012,0.5,0.044,0.9361581802368164,-0.15817394852638245,0,False
42,4.2904941770248115,4.259999999999991,0.09999999999999432,176,1.6158983568716385,-1.5849088564236977,-2.393657231959915,4.131950789767391,0.6956501007080078,0.001965478447375515,-0.026482696746253497,0.001965478447375515,0.0,-0.0,False,False,22,5.0,10,0.032,0.5,0.044,0.9327757358551025,-0.1558246910572052,0,False
43,4.390262653119862,4.359999999999985,0.10000000000002274,173,1.6005601905507454,-1.5986956676273714,-2.4271262543636647,4.123115883088841,0.6941626667976379,-0.00041743738730240813,-0.026900134133555905,0.002082562612697592,0.0,-0.0025,True,True,23,5.0,10,0.012,0.5,0.046,0.9368542432785034,-0.19461902976036072,0,False
44,4.4904226451180875,4.460000000000008,0.09999999999999432,176,1.5846733252035838,-1.6119233379579172,-2.4663670044886605,4.113641945893168,0.6925676465034485,0.0022331947712198193,-0.024666939362336087,0.0022331947712198193,0.0,-0.0,False,False,23,5.0,10,0.032,0.5,0.046,0.935103178024292,-0.18746735155582428,0,False
45,4.590789904817939,4.560000000000002,0.09999999999999432,175,1.5684472325341543,-1.6244627954041504,-2.493770240054421,4.103665989155512,0.6908881068229675,-0.0001484692726669212,-0.02481540863500301,0.002351530727333079,0.0,-0.0025,True,True,24,5.0,10,0.012,0.5,0.048,0.9909272789955139,0.438436895608902,0,False
46,4.690489730797708,4.659999999999997,0.09999999999999432,177,1.5522448766893484,-1.6377289139788733,-2.4092532186261577,4.094080885432207,0.6892743706703186,0.0022593989251122534,-0.022556009709890756,0.0022593989251122534,0.0,-0.0,False,False,24,5.0,10,0.032,0.5,0.048,0.9932932257652283,0.487468957901001,0,False
47,4.790524264797568,4.759999999999991,0.09999999999999432,175,1.536809397738535,-1.6529411474552687,-2.321671038039759,4.0860687526715465,0.6879254579544067,-0.0006113815071945501,-0.023167391217085307,0.00188861849280545,0.0,-0.0025,True,True,25,5.0,10,0.012,0.5,0.05,0.9831461310386658,-0.08940347284078598,0,False
48,4.890596798155457,4.859999999999985,0.10000000000002274,176,1.5218892759909548,-1.668739925186831,-2.340295953716634,4.078866648621786,0.686712920665741,0.0016976786708119388,-0.02146971254627337,0.0016976786708119388,0.0,-0.0,False,False,25,5.0,10,0.032,0.5,0.05,0.9820699691772461,-0.0911136269569397,0,False
49,4.990909668151289,4.960000000000008,0.09999999999999432,171,1.506627075914577,-1.6843006334982324,-2.3573782435339155,4.071357597503692,0.6854487061500549,-0.0007299678214660464,-0.022199680367739415,0.0017700321785339536,0.0,-0.0025,True,True,26,5.0,10,0.012,0.5,0.052,0.9998610019683838,-0.10260964930057526,0,False
50,5.0911128697916865,5.060000000000002,0.09999999999999432,175,1.490877740224398,-1.6997088120568906,-2.3769025709430207,4.063445302197784,0.6841166019439697,0.0018650848259339275,-0.020334595541805486,0.0018650848259339275,0.0,-0.0,False,False,26,5.0,10,0.032,0.5,0.052,0.9998427629470825,-0.10116277635097504,0,False
51,5.191089173778892,5.159999999999997,0.09999999999999432,168,1.4748202786063254,-1.7147954733696342,-2.398318037822269,4.0552221654547385,0.6827321648597717,-0.0005616436864303836,-0.02089623922823587,0.0019383563135696165,0.0,-0.0025,True,True,27,5.0,10,0.012,0.5,0.054,0.9993671178817749,-0.12567713856697083,0,False
52,5.290807319805026,5.259999999999991,0.09999999999999432,171,1.4584007350242592,-1.729489488271045,-2.423931629283937,4.04660711359676,0.6812817454338074,0.0020307384739484693,-0.018865500754287404,0.0020307384739484693,0.0,-0.0,False,False,27,5.0,10,0.032,0.5,0.054,0.999263346195221,-0.126028910279274,0,False
53,5.3908057739026845,5.359999999999985,0.10000000000002274,175,1.441664178975299,-1.7437229471922158,-2.45182635969182,4.037608997462036,0.679766833782196,-0.0003789656836576346,-0.01924446643794504,0.0021210343163423654,0.0,-0.0025,True,True,28,5.0,10,0.012,0.5,0.056,0.9995543360710144,-0.19858995079994202,0,False
54,5.490875666961074,5.460000000000008,0.09999999999999432,169,1.4243473641663091,-1.757398055183116,-2.492875146504918,4.0279449442621,0.6781398057937622,0.0022780088815391535,-0.016966457556405887,0.0022780088815391535,0.0,-0.0,False,False,28,5.0,10,0.032,0.5,0.056,0.9994487762451172,-0.1958177238702774,0,False
55,5.590992198791355,5.560000000000002,0.09999999999999432,167,1.406586259172584,-1.7703521185966762,-2.526745033691415,4.017662394489637,0.6764086484909058,-7.619921766417867e-05,-0.017042656774070065,0.0024238007823358214,0.0,-0.0025,True,True,29,5.0,10,0.012,0.5,0.058,0.9996286630630493,-0.11272105574607849,0,False
56,5.690900084096938,5.659999999999997,0.09999999999999432,177,1.3884841785155433,-1.7829092542218516,-2.548143896720429,4.006991823971043,0.6746121644973755,0.0025152649628014186,-0.014527391811268647,0.0025152649628014186,0.0,-0.0,False,False,29,5.0,10,0.032,0.5,0.058,0.999578058719635,-0.11267882585525513,0,False
57,5.7912176749669015,5.759999999999991,0.09999999999999432,172,1.3701704941782422,-1.7950208135870818,-2.5648873724753876,3.996025281423466,0.672765851020813,8.503143622210852e-05,-0.014442360375046539,0.0025850314362221086,0.0,-0.0025,True,True,30,5.0,10,0.012,0.5,0.06,0.9999294281005859,-0.04710288345813751,0,False
58,5.891346856951714,5.859999999999985,0.10000000000002274,175,1.3516824419539333,-1.8069749929980907,-2.5733772979628338,3.984922435967804,0.670896589756012,0.002617160733192322,-0.011825199641854217,0.002617160733192322,0.0,-0.0,False,False,30,5.0,10,0.032,0.5,0.06,0.9999264478683472,-0.04774352163076401,0,False
59,5.991033133119345,5.960000000000008,0.09999999999999432,174,1.3331138018395037,-1.8187081289339604,-2.58839139215743,3.9737378087672925,0.6690135598182678,0.0001364383113742402,-0.011688761330479977,0.0026364383113742403,0.0,-0.0025,True,True,31,5.0,10,0.012,0.5,0.062,0.9999871253967285,-0.24356134235858917,0,False
60,6.0913239237852395,6.060000000000002,0.09999999999999432,176,1.3139856752267074,-1.82976423447183,-2.641428684094424,3.961834493505973,0.6670095324516296,0.0028058473317620174,-0.00888291399871796,0.0028058473317620174,0.0,-0.0,False,False,31,5.0,10,0.032,0.5,0.062,0.9999805688858032,-0.24813340604305267,0,False
61,6.191132320091128,6.159999999999997,0.09999999999999432,176,1.2943444512620668,-1.8398741361383077,-2.6917064801866757,3.9491239818019728,0.6648696064949036,0.0004961195320005098,-0.00838679446671745,0.00299611953200051,0.0,-0.0025,True,True,32,1.0,50,0.012,0.1,0.064,0.9999646544456482,-0.23875603079795837,0,False
62,6.291166663169861,6.259999999999991,0.09999999999999432,176,1.2742450704796047,-1.8490315556659653,-2.7389545848227947,3.935644509276261,0.6626002192497253,0.003177378838543426,-0.005209415628174025,0.003177378838543426,0.0,-0.0,False,False,32,1.0,50,0.032,0.1,0.064,0.999952495098114,-0.24326194822788239,0,False
63,6.391471713781357,6.359999999999985,0.10000000000002274,175,1.253725136195617,-1.8572082445719302,-2.787118397163823,3.921407759035245,0.6602033376693726,0.0033558842053460526,-0.0018535314228279726,0.0033558842053460526,0.0,-0.0,False,False,32,1.0,50,0.052,0.1,0.064,0.9999343156814575,-0.24812479317188263,0,False
64,6.492219300940633,6.460000000000008,0.10099999999999909,177,1.2328273963125806,-1.864368907645831,-2.836523336809458,3.9064275383864966,0.6576812863349915,0.0035311349160921266,0.001677603493264154,0.0035311349160921266,0.0,-0.0,False,False,32,1.0,50,0.072,0.1,0.064,0.9998925924301147,-0.24897462129592896,0,False
65,6.593390583992004,6.560000000000002,0.10099999999999909,173,1.211601475324341,-1.8704850341131367,-2.8861755368342195,3.8907247353081384,0.6550375819206238,0.003701461916393159,0.005379065409657313,0.003701461916393159,0.0,-0.0,False,False,32,1.0,50,0.092,0.1,0.064,0.999832808971405,-0.24880190193653107,0,False
66,6.693522077053785,6.659999999999997,0.09999999999999432,172,1.1901007462882578,-1.8755411998434905,-2.935674307472117,3.874330504750589,0.6522774696350098,0.003864445077386998,0.009243510487044311,0.003864445077386998,0.0,-0.0,False,False,32,1.0,50,0.112,0.1,0.064,0.9997385144233704,-0.24625056982040405,0,False
67,6.793187263887376,6.759999999999991,0.09999999999999432,175,1.1683804294841398,-1.879533502783098,-2.984639433680108,3.857283082334818,0.6494073867797852,0.004018415344685155,0.013261925831729467,0.004018415344685155,0.0,-0.0,False,False,32,1.0,50,0.132,0.1,0.064,0.9995954036712646,-0.24399632215499878,0,False
68,6.8937075030989945,6.859999999999985,0.09999999999999432,174,1.1464951962731873,-1.8824623107545941,-3.0331560266547917,3.8396217657823764,0.64643394947052,0.004163122360129709,0.017425048191859176,0.004163122360129709,0.0,-0.0,False,False,32,1.0,50,0.152,0.1,0.064,0.9993711709976196,-0.2413148283958435,0,False
69,6.99380890512839,6.960000000000008,0.09999999999999432,175,1.124499853015366,-1.8843305264152888,-3.0810168272580043,3.8213872689489263,0.6433640122413635,0.004298232312842835,0.02172328050470201,0.004298232312842835,0.0,-0.0,False,False,32,1.0,50,0.172,0.1,0.064,0.9991348385810852,-0.23516948521137238,0,False
70,7.093851828947663,7.060000000000002,0.10000000000002274,173,1.1024486140026395,-1.885157236152074,-3.1276441513464723,3.8026288024947883,0.6402058601379395,0.004421742337559163,0.026145022842261174,0.004421742337559163,0.0,-0.0,False,False,32,1.0,50,0.192,0.1,0.064,0.9988691210746765,-0.23030386865139008,0,False
71,7.194048210047185,7.159999999999997,0.09999999999999432,174,1.0809097832017092,-1.8849853634397131,3.113223963204178,3.783852280330749,0.6370446681976318,0.0019259984262485585,0.028071021268509733,0.004425998426248559,0.0,-0.0025,True,True,33,1.0,50,0.012,0.1,0.066,0.881198525428772,-0.04821508750319481,0,False
72,7.293667857069522,7.259999999999991,0.09999999999999432,175,1.0615163838103525,-1.8843968934051232,3.107449323071227,3.766754585154074,0.6341661214828491,0.004030265630840399,0.03210128689935013,0.004030265630840399,0.0,-0.0,False,False,33,1.0,50,0.032,0.1,0.066,0.8804320693016052,-0.04642904922366142,0,False
73,7.39365608105436,7.359999999999985,0.09999999999999432,171,1.0421518655318565,-1.883626474654841,3.0985150590971875,3.74961298981999,0.6312801837921143,0.004040613768046327,0.036141900667396455,0.004040613768046327,0.0,-0.0,False,False,33,1.0,50,0.052,0.1,0.066,0.8793473839759827,-0.04326876625418663,0,False
74,7.493930021766573,7.460000000000008,0.09999999999999432,172,1.0228198655841445,-1.8826927869952195,3.089370353568185,3.7324388234013766,0.6283887624740601,0.0040482914182314485,0.04019019208562791,0.0040482914182314485,0.0,-0.0,False,False,33,1.0,50,0.072,0.1,0.066,0.878229558467865,-0.03999984264373779,0,False
75,7.593812896870077,7.560000000000002,0.10000000000002274,175,1.0035204940700488,-1.8816039907195772,3.081264436161946,3.7152359802670367,0.625492513179779,0.0040550510885030006,0.04424524317413091,0.0040550510885030006,0.0,-0.0,False,False,33,1.0,50,0.092,0.1,0.066,0.87721848487854,-0.03728160262107849,0,False
76,7.693974099121988,7.659999999999997,0.09999999999999432,177,0.9842508710232816,-1.8803692898948414,3.0739622608024972,3.698005168484025,0.6225915551185608,0.004061643853335797,0.0483068870274667,0.004061643853335797,0.0,-0.0,False,False,33,1.0,50,0.112,0.1,0.066,0.8763098120689392,-0.03513459861278534,0,False
77,7.793841763865203,7.759999999999991,0.09999999999999432,173,0.9650101702896277,-1.8789988348512698,3.0670949176933893,3.6807506364546714,0.6196866035461426,0.004067235185535857,0.05237412221300256,0.004067235185535857,0.0,-0.0,False,False,33,1.0,50,0.132,0.1,0.066,0.8754320740699768,-0.03313354030251503,0,False
78,7.894120514858514,7.859999999999985,0.09999999999999432,176,0.9457998458898391,-1.8774983289733687,3.060582704454972,3.6634759245142505,0.6167782545089722,0.0040719919905418305,0.056446114203544395,0.0040719919905418305,0.0,-0.0,False,False,33,1.0,50,0.152,0.1,0.066,0.8745788931846619,-0.03125109151005745,0,False
79,7.993834850843996,7.960000000000008,0.09999999999999432,172,0.9266197854752557,-1.8758803119687344,3.0544171263534334,3.6461866971992025,0.613867461681366,0.004075413552037347,0.06052152775558174,0.004075413552037347,0.0,-0.0,False,False,33,1.0,50,0.172,0.1,0.066,0.8737505674362183,-0.029485587030649185,0,False
80,8.094107592012733,8.060000000000002,0.10000000000002274,172,0.9074691038312005,-1.8741494824866887,3.048601410663666,3.6288843706436373,0.6109544634819031,0.00407850130265525,0.06460002905823699,0.00407850130265525,0.0,-0.0,False,False,33,1.0,50,0.192,0.1,0.066,0.8729479908943176,-0.027838626876473427,0,False
81,8.1939686271362,8.159999999999997,0.09999999999999432,172,0.8882000241275677,-1.8722788776962522,3.034406244224422,3.6114273314365586,0.6080154180526733,0.0016149701410342354,0.06621499919927122,0.004114970141034235,0.0,-0.0025,True,True,34,1.0,50,0.012,0.1,0.068,0.9998971819877625,-0.4181145429611206,0,False
82,8.294291688129306,8.259999999999991,0.09999999999999432,171,0.8666376523943502,-1.86900237242293,2.9481401036066535,3.591300171365139,0.6046268343925476,0.004744370550770388,0.0709593697500416,0.004744370550770388,0.0,-0.0,False,False,34,1.0,50,0.032,0.1,0.068,0.9998346567153931,-0.41064563393592834,0,False
83,8.394176762085408,8.359999999999985,0.09999999999999432,172,0.8450902092938118,-1.8638970988069332,2.8662688365058377,3.570250399921076,0.6010829210281372,0.004961848337534262,0.07592121808757588,0.004961848337534262,0.0,-0.0,False,False,34,1.0,50,0.052,0.1,0.068,0.999750018119812,-0.42974868416786194,0,False
84,8.494247344788164,8.460000000000008,0.09999999999999432,175,0.8240410928383982,-1.8569974782555985,2.780368711755306,3.548698962968558,0.5974545478820801,0.005080100840927935,0.0810013189285038,0.005080100840927935,0.0,-0.0,False,False,34,1.0,50,0.072,0.1,0.068,0.9996375441551208,-0.45401862263679504,0,False
85,8.594454327132553,8.560000000000002,0.10000000000002274,174,0.803680440521062,-1.848257530125667,2.6893972796581247,3.5267764988792285,0.5937637090682983,0.0051675592908622696,0.08616887821936607,0.0051675592908622696,0.0,-0.0,False,False,34,1.0,50,0.092,0.1,0.068,0.9993104338645935,-0.4723894000053406,0,False
86,8.694147173780948,8.659999999999997,0.09999999999999432,164,0.7842250200524845,-1.837665709239241,2.594787173925286,3.5046561300480317,0.5900395512580872,0.005214209361008324,0.09138308758037439,0.005214209361008324,0.0,-0.0,False,False,34,1.0,50,0.112,0.1,0.068,0.9980313777923584,-0.47704511880874634,0,False
87,8.794478454161435,8.759999999999991,0.09999999999999432,165,0.7658890767711608,-1.8252929686268369,2.4997898425626874,3.482555587094374,0.5863187313079834,0.005209536008721833,0.09659262358909622,0.005209536008721833,0.0,-0.0,False,False,34,1.0,50,0.132,0.1,0.068,0.9964128136634827,-0.4748927652835846,0,False
88,8.89464184595272,8.859999999999985,0.09999999999999432,174,0.7488333498153135,-1.8112631790614895,2.4052512239183197,3.4606780852630363,0.5826354622840881,0.005156960795498,0.10174958438459422,0.005156960795498,0.0,-0.0,False,False,34,1.0,50,0.152,0.1,0.068,0.9943563342094421,-0.4727613925933838,0,False
89,8.994555520825088,8.960000000000008,0.09999999999999432,174,0.733208032125429,-1.795725183720956,2.3112143313818745,3.4392349825699307,0.5790253281593323,0.005054564308790728,0.10680414869338495,0.005054564308790728,0.0,-0.0,False,False,34,1.0,50,0.172,0.1,0.068,0.9910797476768494,-0.46340200304985046,0,False
90,9.094621033873409,9.060000000000002,0.10000000000002274,173,0.719148666504752,-1.7788649190206989,2.2191793365432075,3.418448258036794,0.57552570104599,0.0048998429670179654,0.11170399166040292,0.0048998429670179654,0.0,-0.0,False,False,34,1.0,50,0.192,0.1,0.068,0.9856511354446411,-0.45688992738723755,0,False
91,9.194469988811761,9.159999999999997,0.09999999999999432,167,0.706742996314595,-1.7609200200356974,2.139309080849038,3.398528207578957,0.5721719861030579,0.002195550709919686,0.1138995423703226,0.004695550709919686,0.0,-0.0025,True,True,35,1.0,50,0.012,0.1,0.07,0.99997878074646,0.3302449584007263,0,False
92,9.294496291782707,9.259999999999991,0.09999999999999432,172,0.6948032545320375,-1.7427846498923072,2.1827820128164905,3.3789324518323016,0.56887286901474,0.004619108018946822,0.11851865038926943,0.004619108018946822,0.0,-0.0,False,False,35,1.0,50,0.032,0.1,0.07,0.9999834299087524,0.3226008117198944,0,False
93,9.394596795085818,9.359999999999985,0.09999999999999432,170,0.6816642343707529,-1.7252972497699504,2.2462636923937302,3.3586661565845777,0.5654608607292175,0.004777167469495724,0.12329581785876514,0.004777167469495724,0.0,-0.0,False,False,35,1.0,50,0.052,0.1,0.07,0.999988853931427,0.3080335855484009,0,False
94,9.494851196184754,9.460000000000008,0.09999999999999432,173,0.667466842778011,-1.7086543535245435,2.307268518507099,3.3379435121199172,0.5619720220565796,0.00488473802480596,0.1281805558835711,0.00488473802480596,0.0,-0.0,False,False,35,1.0,50,0.072,0.1,0.07,0.9999893307685852,0.2758391201496124,0,False
95,9.594836830161512,9.560000000000002,0.10000000000002274,176,0.6523333792941239,-1.6928365124951896,2.3613437845865,3.3168512566525554,0.5584209561347961,0.0049718626638625765,0.13315241854743368,0.0049718626638625765,0.0,-0.0,False,False,35,1.0,50,0.092,0.1,0.07,0.9999880194664001,0.2516268789768219,0,False
96,9.694658305030316,9.659999999999997,0.09999999999999432,168,0.6363946321989181,-1.6778101479826952,2.4106257590652715,3.295478960664948,0.5548227429389954,0.005037873764910135,0.1381902923123438,0.005037873764910135,0.0,-0.0,False,False,35,1.0,50,0.112,0.1,0.07,0.9999861121177673,0.23007600009441376,0,False
97,9.794736037962139,9.759999999999991,0.09999999999999432,171,0.6197591573437153,-1.6635432464800137,2.455702963465409,3.273899555063758,0.551189661026001,0.005086693605760837,0.14327698591810464,0.005086693605760837,0.0,-0.0,False,False,35,1.0,50,0.132,0.1,0.07,0.9999833106994629,0.21273961663246155,0,False
98,9.894760841038078,9.859999999999985,0.09999999999999432,176,0.6025139301564463,-1.6500116844513595,2.497497954062652,3.2521721634480767,0.5475316643714905,0.005121576842471234,0.1483985627605759,0.005121576842471234,0.0,-0.0,False,False,35,1.0,50,0.152,0.1,0.07,0.9999801516532898,0.1976650506258011,0,False
99,9.994839863851666,9.960000000000008,0.09999999999999432,175,0.5847338310387796,-1.6371862047874763,2.5363205301317637,3.23034387227706,0.543856680393219,0.005145360867501098,0.15354392362807698,0.005145360867501098,0.0,-0.0,False,False,35,1.0,50,0.172,0.1,0.07,0.9999768733978271,0.18356691300868988,0,False
100,10.094923736993223,10.060000000000002,0.10000000000002274,170,0.5664809835537711,-1.625034261125113,2.572396118538256,3.208450438936985,0.5401707291603088,0.005160716167871131,0.15870463979594812,0.005160716167871131,0.0,-0.0,False,False,35,1.0,50,0.192,0.1,0.07,0.9999733567237854,0.17530032992362976,0,False
101,10.195139368996024,10.159999999999997,0.09999999999999432,172,0.5478240213428379,-1.6135436454049812,2.6074150488087007,3.1865435523228656,0.5364825129508972,0.002663887371208411,0.16136852716715652,0.005163887371208411,0.0,-0.0025,True,True,36,1.0,50,0.012,0.1,0.072,0.999794065952301,-0.21126338839530945,0,False
102,10.295249991118908,10.259999999999991,0.09999999999999432,172,0.5289933014268554,-1.6020714009005963,2.5675987254558907,3.1644964684318593,0.5327706933021545,0.005196934648091984,0.1665654618152485,0.005196934648091984,0.0,-0.0,False,False,36,1.0,50,0.032,0.1,0.072,0.9997415542602539,-0.1828816682100296,0,False
103,10.395198305137455,10.359999999999985,0.09999999999999432,173,0.510638082573517,-1.5898440392466782,2.5358370452350494,3.1424773531895247,0.5290635824203491,0.005190341883259187,0.17175580369850768,0.005190341883259187,0.0,-0.0,False,False,36,1.0,50,0.052,0.1,0.072,0.9996764659881592,-0.14703737199306488,0,False
104,10.495191278867424,10.460000000000008,0.09999999999999432,174,0.4926969384446004,-1.5770388366447254,2.5089609666366712,3.120523734149776,0.5253674983978271,0.005174903130169672,0.17693070682867734,0.005174903130169672,0.0,-0.0,False,False,36,1.0,50,0.072,0.1,0.072,0.9996070861816406,-0.11778706312179565,0,False
105,10.595203362870961,10.560000000000002,0.10000000000002274,169,0.47508740510554914,-1.5637992969932413,2.4860869166696578,3.0986384435808336,0.5216829180717468,0.005158796755324825,0.18208950358400217,0.005158796755324825,0.0,-0.0,False,False,36,1.0,50,0.092,0.1,0.072,0.9995371699333191,-0.09498787671327591,0,False
106,10.695044348016381,10.659999999999997,0.09999999999999432,171,0.45775475762507845,-1.55021355636242,2.4676268120244886,3.0768200653485867,0.518009603023529,0.005143024191357801,0.18723252777535998,0.005143024191357801,0.0,-0.0,False,False,36,1.0,50,0.112,0.1,0.072,0.9994707703590393,-0.0762035995721817,0,False
107,10.795348418876529,10.759999999999991,0.09999999999999432,172,0.4406513936563041,-1.5363504301012172,2.453033612356006,3.0550632889501235,0.5143466591835022,0.005128503418181645,0.19236103119354162,0.005128503418181645,0.0,-0.0,False,False,36,1.0,50,0.132,0.1,0.072,0.9994085431098938,-0.06102380529046059,0,False
108,10.895359612070024,10.859999999999985,0.09999999999999432,174,0.42373401536186434,-1.5222698413022542,2.4414112997105963,3.0333620958154763,0.5106930732727051,0.005115401341235428,0.19747643253477704,0.005115401341235428,0.0,-0.0,False,False,36,1.0,50,0.152,0.1,0.072,0.9993512630462646,-0.04894797131419182,0,False
109,10.995406045112759,10.960000000000008,0.09999999999999432,174,0.40697231240486004,-1.5080138102695286,2.4320549625841905,3.0117122375423158,0.5070481300354004,0.005103300696921948,0.20257973323169898,0.005103300696921948,0.0,-0.0,False,False,36,1.0,50,0.172,0.1,0.072,0.999297559261322,-0.04015980288386345,0,False
110,11.09528842009604,11.060000000000002,0.10000000000002274,171,0.3903377583850747,-1.4936184531769143,2.4242543322935486,2.990108049594201,0.5034108757972717,0.005092535296119133,0.20767226852781812,0.005092535296119133,0.0,-0.0,False,False,36,1.0,50,0.192,0.1,0.072,0.9992445111274719,-0.03545718267560005,0,False
111,11.196184926200658,11.159999999999997,0.10099999999999909,169,0.3743117669620217,-1.4795242585934407,2.412742930907419,2.969187323370909,0.49988868832588196,0.00243142982131186,0.21010369834912998,0.00493142982131186,0.0,-0.0025,True,True,37,1.0,50,0.012,0.1,0.074,0.9033762812614441,0.027056317776441574,0,False
112,11.296246048994362,11.259999999999991,0.09999999999999432,172,0.35946721528279296,-1.4663255921065386,2.420561491224475,2.949742916957257,0.49661505222320557,0.004583431981401973,0.21468713033053197,0.004583431981401973,0.0,-0.0,False,False,37,1.0,50,0.032,0.1,0.074,0.9037860631942749,0.02288106083869934,0,False
113,11.39664278877899,11.359999999999985,0.09999999999999432,177,0.3445387914384706,-1.453203127869058,2.4239383208042935,2.930269125760822,0.4933364689350128,0.004590358557112594,0.21927748888764456,0.004590358557112594,0.0,-0.0,False,False,37,1.0,50,0.052,0.1,0.074,0.9040485620498657,0.02203270234167576,0,False
114,11.496581262908876,11.460000000000008,0.09999999999999432,170,0.32954115480866353,-1.4401507387284032,2.427503225723342,2.910775331670085,0.49005451798439026,0.004595073635758722,0.2238725625234033,0.004595073635758722,0.0,-0.0,False,False,37,1.0,50,0.072,0.1,0.074,0.9043172597885132,0.02103245072066784,0,False
115,11.597018472850323,11.560000000000002,0.09999999999999432,178,0.3144841928857675,-1.4271578926359003,2.431615964674666,2.8912645439700277,0.4867697060108185,0.004599079366290089,0.22847164188969338,0.004599079366290089,0.0,-0.0,False,False,37,1.0,50,0.092,0.1,0.074,0.9046036601066589,0.019613252952694893,0,False
116,11.696714519057423,11.659999999999997,0.10000000000002274,173,0.2993736235764741,-1.4142166582608964,2.435609005038968,2.87173764774447,0.4834821820259094,0.004602876465022856,0.23307451835471624,0.004602876465022856,0.0,-0.0,False,False,37,1.0,50,0.112,0.1,0.074,0.9048857688903809,0.018279483541846275,0,False
117,11.79742763703689,11.759999999999991,0.09999999999999432,167,0.2842077264830971,-1.4013291622118962,2.439252409932443,2.8521941119431196,0.4801918566226959,0.004606798742834951,0.2376813170975512,0.004606798742834951,0.0,-0.0,False,False,37,1.0,50,0.132,0.1,0.074,0.9051560163497925,0.01720324344933033,0,False
118,11.897448959760368,11.859999999999985,0.09999999999999432,174,0.26899133073786924,-1.388491144280925,2.442634280788641,2.832635883750379,0.47689905762672424,0.0046102620306899995,0.2422915791282412,0.0046102620306899995,0.0,-0.0,False,False,37,1.0,50,0.152,0.1,0.074,0.9054173827171326,0.016319867223501205,0,False
119,11.997435803990811,11.960000000000008,0.09999999999999432,174,0.25372734282993575,-1.3757007911398358,2.4458457544516663,2.813064202283593,0.4736039936542511,0.004613433234027384,0.24690501236226858,0.004613433234027384,0.0,-0.0,False,False,37,1.0,50,0.172,0.1,0.074,0.9056728482246399,0.015561382286250591,0,False
120,12.098559908103198,12.060000000000002,0.10099999999999909,174,0.23841853587976664,-1.3629555511448035,2.4489199184982477,2.793480483676873,0.4703069031238556,0.004616270626487051,0.25152128298875565,0.004616270626487051,0.0,-0.0,False,False,37,1.0,50,0.192,0.1,0.074,0.9059234261512756,0.014903842471539974,0,False
121,12.198553300928324,12.159999999999997,0.09999999999999432,173,0.22308373245563856,-1.350246366947466,2.4444866357861312,2.773896234019861,0.4670097231864929,0.002116395805566274,0.2536376787943219,0.004616395805566274,0.0,-0.0025,True,True,38,1.0,50,0.012,0.1,0.076,0.9642089009284973,-0.5359120965003967,0,False
122,12.299176719039679,12.259999999999991,0.10099999999999909,176,0.20789188169865216,-1.336255083517109,2.3416602841751164,2.7538193467093453,0.4636296033859253,0.004732520264615145,0.25837019905893704,0.004732520264615145,0.0,-0.0,False,False,38,1.0,50,0.032,0.1,0.076,0.9272908568382263,-0.4623134434223175,0,False
123,12.399251732043922,12.359999999999985,0.10000000000002274,168,0.19422474762534456,-1.3209488983526474,2.254542803085082,2.7344501724202845,0.46036863327026367,0.004565698278529007,0.26293589733746603,0.004565698278529007,0.0,-0.0,False,False,38,1.0,50,0.052,0.1,0.076,0.9174237251281738,-0.39066267013549805,0,False
124,12.499603913165629,12.460000000000008,0.09999999999999432,173,0.18201978897570756,-1.3047569322609074,2.1798980510225214,2.7159545758603096,0.4572547376155853,0.004359778693402399,0.2672956760308684,0.004359778693402399,0.0,-0.0,False,False,38,1.0,50,0.072,0.1,0.076,0.9075499176979065,-0.32906967401504517,0,False
125,12.59946793783456,12.560000000000002,0.09999999999999432,171,0.17109164103026175,-1.287954614895149,2.116341833494665,2.698314855353045,0.4542849361896515,0.004158031744246123,0.2714537077751145,0.004158031744246123,0.0,-0.0,False,False,38,1.0,50,0.092,0.1,0.076,0.9000813961029053,-0.27220481634140015,0,False
126,12.699789739213884,12.659999999999997,0.09999999999999432,174,0.16124079236740763,-1.270718588275661,2.063524471596017,2.6814518844050967,0.45144590735435486,0.003974936477876382,0.2754286442529909,0.003974936477876382,0.0,-0.0,False,False,38,1.0,50,0.112,0.1,0.076,0.887125551700592,0.8515312671661377,0,False
127,12.799421395175159,12.759999999999991,0.09999999999999432,171,0.1517886578581976,-1.251881788585359,2.0251628981469634,2.664229392409981,0.4485463500022888,0.004059682714429855,0.27948832696742076,0.004059682714429855,0.0,-0.0,False,False,38,1.0,50,0.132,0.1,0.076,0.8837690353393555,0.9218953251838684,0,False
128,12.899379788897932,12.859999999999985,0.10000000000002274,175,0.14192701457380247,-1.2335362982226417,2.118807797416707,2.646929190055581,0.4456337094306946,0.004078000586338777,0.28356632755375955,0.004078000586338777,0.0,-0.0,False,False,38,1.0,50,0.152,0.1,0.076,0.888210654258728,0.7298979163169861,0,False
129,12.999440441839397,12.960000000000008,0.09999999999999432,168,0.1305798946497766,-1.2177937138899972,2.2512016393665752,2.6295673858673974,0.4427106976509094,0.004092521359514932,0.2876588489132745,0.004092521359514932,0.0,-0.0,False,False,38,1.0,50,0.172,0.1,0.076,0.9133402705192566,-0.3668561279773712,0,False
130,13.099791092798114,13.060000000000002,0.09999999999999432,172,0.11811480272068481,-1.2026792322218205,2.2533927176452493,2.6115309707925785,0.43967410922050476,0.00425154051633704,0.2919103894296115,0.00425154051633704,0.0,-0.0,False,False,38,1.0,50,0.192,0.1,0.076,0.913092315196991,-0.36558881402015686,0,False
131,13.199565588030964,13.159999999999997,0.09999999999999432,175,0.10596795279815738,-1.1864310828628197,2.1800500379411596,2.5932810735006826,0.43660157918930054,0.0018018625061368477,0.29371225193574835,0.004301862506136848,0.0,-0.0025,True,True,39,1.0,50,0.012,0.1,0.078,0.9348690509796143,-0.2944595217704773,0,False
132,13.30002657789737,13.259999999999991,0.09999999999999432,177,0.09459617777947704,-1.1691640005769166,2.121229010612924,2.5752894436670917,0.43357253074645996,0.004240983747332511,0.29795323568308085,0.004240983747332511,0.0,-0.0,False,False,39,1.0,50,0.032,0.1,0.078,0.933962345123291,-0.30656132102012634,0,False
133,13.400621706154197,13.359999999999985,0.10100000000002751,175,0.08430343983505066,-1.1512637623626316,2.061074038314313,2.5580168559278356,0.4306645393371582,0.004071491274225462,0.3020247269573063,0.004071491274225462,0.0,-0.0,False,False,39,1.0,50,0.052,0.1,0.078,0.9307703971862793,-0.31935247778892517,0,False
134,13.50070295901969,13.460000000000008,0.09999999999999432,168,0.07518286158321945,-1.1328114307911916,1.9974077543828856,2.541597666006598,0.4279002249240875,0.0038703284941048266,0.30589505545141116,0.0038703284941048266,0.0,-0.0,False,False,39,1.0,50,0.072,0.1,0.078,0.9279070496559143,-0.3341217637062073,0,False
135,13.601051629986614,13.560000000000002,0.09999999999999432,175,0.06731005265015973,-1.113853064832998,1.9301770134108274,2.5261361367772253,0.4252971410751343,0.0036445888881201905,0.30953964433953135,0.0036445888881201905,0.0,-0.0,False,False,39,1.0,50,0.092,0.1,0.078,0.9259737133979797,-0.35136154294013977,0,False
136,13.70079286582768,13.659999999999997,0.09999999999999432,172,0.06077126049092401,-1.0944362565823917,1.858881703058685,2.5117478601864427,0.4228747487068176,0.003391601969250537,0.3129312463087819,0.003391601969250537,0.0,-0.0,False,False,39,1.0,50,0.112,0.1,0.078,0.9236108660697937,-0.3849257528781891,0,False
137,13.801101416815072,13.759999999999991,0.09999999999999432,176,0.05569608944218747,-1.0746052521473681,1.7812121605000115,2.4985879029192923,0.4206591546535492,0.003102062759282312,0.3160333090680642,0.003102062759282312,0.0,-0.0,False,False,39,1.0,50,0.132,0.1,0.078,0.9255154132843018,-0.4070829451084137,0,False
138,13.901175629813224,13.859999999999985,0.10000000000002274,171,0.05221069166591491,-1.0543794262545763,1.6991915808629308,2.4867989404873523,0.41867437958717346,0.0027788921033949777,0.3188122011714592,0.0027788921033949777,0.0,-0.0,False,False,39,1.0,50,0.152,0.1,0.078,0.9289836883544922,-0.45374906063079834,0,False
139,14.001289992127568,13.960000000000008,0.09999999999999432,173,0.05048007812000175,-1.0338208012672863,1.6065292103434021,2.4765795856995463,0.4169538617134094,0.002408904471922416,0.32122110564338163,0.002408904471922416,0.0,-0.0,False,False,39,1.0,50,0.172,0.1,0.078,0.9382981061935425,-0.5114341974258423,0,False
140,14.10099922819063,14.060000000000002,0.09999999999999432,175,0.05077757536242234,-1.0129446816808347,1.503760970121598,2.4682091710090646,0.41554462909698486,0.001973072644841154,0.3231941782882228,0.001973072644841154,0.0,-0.0,False,False,39,1.0,50,0.192,0.1,0.078,0.9479067325592041,-0.5294259786605835,0,False
141,14.201062681153417,14.159999999999997,0.09999999999999432,174,0.05318185144331606,-0.992302997969598,1.4187030652225798,2.462010043942688,0.4145009517669678,-0.0010387428832563442,0.32215543540496644,0.0014612571167436559,0.0,-0.0025,True,True,40,1.0,50,0.012,0.1,0.08,0.5533000826835632,0.9963803887367249,0,False
142,14.301356682088226,14.259999999999991,0.09999999999999432,172,0.0556303802476387,-0.9724234375539808,1.4897141101597715,2.456313467468586,0.41354188323020935,0.001342795981551278,0.32349823138651773,0.001342795981551278,0.0,-0.0,False,False,40,1.0,50,0.032,0.1,0.08,0.5446859002113342,0.9976210594177246,0,False
143,14.401052528992295,14.359999999999985,0.10000000000002274,176,0.05592289553565627,-0.9562779591583411,1.6344321621175182,2.450235773902139,0.4125186502933502,0.001432632833988442,0.32493086422050615,0.001432632833988442,0.0,-0.0,False,False,40,1.0,50,0.052,0.1,0.08,0.5229519605636597,0.9990710020065308,0,False
144,14.501409508753568,14.460000000000008,0.09999999999999432,175,0.054211446082280026,-0.9450177598040191,1.8308317095430184,2.4442846473217705,0.4115167260169983,0.0014027984868018903,0.32633366270730807,0.0014027984868018903,0.0,-0.0,False,False,40,1.0,50,0.072,0.1,0.08,0.49137312173843384,0.9996967315673828,0,False
145,14.601487651932985,14.560000000000002,0.09999999999999432,176,0.050550378612926626,-0.9351343378547697,2.0281045564957574,2.437099359864567,0.41030701994895935,0.0016937146666401027,0.32802737737394816,0.0016937146666401027,0.0,-0.0,False,False,40,1.0,50,0.092,0.1,0.08,0.5225823521614075,0.9993940591812134,0,False
146,14.701632345095277,14.659999999999997,0.09999999999999432,173,0.04457335111649866,-0.9254944804356982,2.2265155431220287,2.42788988571393,0.4087565243244171,0.0021708555898259088,0.33019823296377404,0.0021708555898259088,0.0,-0.0,False,False,40,1.0,50,0.112,0.1,0.08,0.5788685083389282,0.9982991814613342,0,False
147,14.801459420006722,14.759999999999991,0.09999999999999432,177,0.03593184650363869,-0.9163066593694803,2.425124217323059,2.416404152998287,0.4068228006362915,0.0027074148492263724,0.3329056478130004,0.0027074148492263724,0.0,-0.0,False,False,40,1.0,50,0.132,0.1,0.08,0.6444264650344849,0.9811862111091614,0,False
148,14.901837849989533,14.859999999999985,0.10000000000002274,171,0.02516983437453912,-0.9085916743572545,2.6181060326916454,2.4035222890669807,0.40465402603149414,0.0030365106481914854,0.3359421584611919,0.0030365106481914854,0.0,-0.0,False,False,40,1.0,50,0.152,0.1,0.08,0.9244123697280884,0.11372535675764084,0,False
149,15.001824484206736,14.960000000000008,0.09999999999999432,174,0.012812203007967735,-0.9026228819865358,2.7397657120576406,2.389825439955389,0.40234804153442383,0.0032286188082568026,0.3391707772694487,0.0032286188082568026,0.0,-0.0,False,False,40,1.0,50,0.172,0.1,0.08,0.9828305840492249,-0.06727122515439987,0,False
150,15.10191255575046,15.060000000000002,0.09999999999999432,173,-0.0033035972654099177,-0.8962511448463903,2.7793011333770674,2.3724969149187896,0.39943063259124756,0.004084676803891056,0.3432554540733398,0.004084676803891056,0.0,-0.0,False,False,40,1.0,50,0.192,0.1,0.08,0.9874011278152466,-0.10645448416471481,0,False
151,15.201857801061124,15.159999999999997,0.09999999999999432,173,-0.023021888442416094,-0.8885701847971336,2.7532510657006375,2.3513381011482597,0.39586836099624634,0.002487551775110223,0.34574300584845,0.004987551775110223,0.0,-0.0025,True,True,41,1.0,50,0.012,0.1,0.082,0.9906839728355408,-0.45356324315071106,0,False
152,15.301679745782167,15.259999999999991,0.09999999999999432,176,-0.042857410612787285,-0.8793176806671313,2.6568647148493185,2.32947706187595,0.39218786358833313,0.0051530802440458556,0.3508960860924959,0.0051530802440458556,0.0,-0.0,False,False,41,1.0,50,0.032,0.1,0.082,0.9883441925048828,-0.47285765409469604,0,False
153,15.402099206112325,15.359999999999985,0.10000000000002274,178,-0.06177105432809907,-0.8682578204609966,2.5620892718600574,2.3077900300824026,0.388536661863327,0.005112063232459289,0.35600814932495517,0.005112063232459289,0.0,-0.0,False,False,41,1.0,50,0.052,0.1,0.082,0.9836347699165344,-0.481224924325943,0,False
154,15.501782482024282,15.460000000000008,0.09999999999999432,174,-0.07942564649740692,-0.8555183208695327,2.4670404513204804,2.2866453776529725,0.3849767744541168,0.004984213666334084,0.36099236299128923,0.004984213666334084,0.0,-0.0,False,False,41,1.0,50,0.072,0.1,0.082,0.9729927182197571,-0.48706933856010437,0,False
155,15.602139671798795,15.560000000000002,0.09999999999999432,178,-0.09556734072116141,-0.8413134987702982,2.3703199255241767,2.2663727098017534,0.3815636932849884,0.004778669618445039,0.36577103260973426,0.004778669618445039,0.0,-0.0,False,False,41,1.0,50,0.092,0.1,0.082,0.9553467035293579,-0.4872947037220001,0,False
156,15.701719960197806,15.659999999999997,0.09999999999999432,175,-0.10996484696288866,-0.8259278533210234,2.2734295991475815,2.2473103055642643,0.37835437059402466,0.0044933864971664185,0.37026441910690067,0.0044933864971664185,0.0,-0.0,False,False,41,1.0,50,0.112,0.1,0.082,0.9340762495994568,-0.486178994178772,0,False
157,15.80188518203795,15.759999999999991,0.09999999999999432,175,-0.12255842869769108,-0.8095383630126886,2.1765466991455678,2.2295999553682653,0.37537267804145813,0.004174680561766975,0.3744390996686676,0.004174680561766975,0.0,-0.0,False,False,41,1.0,50,0.132,0.1,0.082,0.9223722219467163,-0.4830678701400757,0,False
158,15.901927735190839,15.859999999999985,0.10000000000002274,174,-0.1333703712764268,-0.7922368115321412,2.0806213205054007,2.213277416600033,0.37262463569641113,0.0038475459017079093,0.3782866455703755,0.0038475459017079093,0.0,-0.0,False,False,41,1.0,50,0.152,0.1,0.082,0.9064797759056091,-0.47520315647125244,0,False
159,16.002199666108936,15.960000000000008,0.09999999999999432,171,-0.14232456304848598,-0.7743149969581925,1.9862809794710834,2.1985430722361277,0.37014397978782654,0.0034731770024667295,0.38175982257284224,0.0034731770024667295,0.0,-0.0,False,False,41,1.0,50,0.172,0.1,0.082,0.8870206475257874,-0.4695048928260803,0,False
160,16.10210529109463,16.060000000000002,0.09999999999999432,175,-0.1494132415992722,-0.7560141898999904,1.8930582311673652,2.1855121601897474,0.36795011162757874,0.0030716442430601195,0.38483146681590236,0.0030716442430601195,0.0,-0.0,False,False,41,1.0,50,0.192,0.1,0.082,0.8804464936256409,-0.45622631907463074,0,False
161,16.202026554849,16.159999999999997,0.09999999999999432,174,-0.15498644759136837,-0.736450287263581,1.811497042114832,2.173577512961245,0.36594080924987793,0.0003132328974291606,0.38514469971333154,0.0028132328974291606,0.0,-0.0025,True,True,42,1.0,50,0.012,0.1,0.084,0.9050359129905701,0.2230716049671173,0,False
162,16.302356265950948,16.25999999999999,0.09999999999999432,176,-0.1600824603883576,-0.7163885785604298,1.8422123377704236,2.162053721641396,0.36400067806243896,0.002716386016562208,0.38786108572989375,0.002716386016562208,0.0,-0.0,False,False,42,1.0,50,0.032,0.1,0.084,0.9034592509269714,0.22767646610736847,0,False
163,16.402430979069322,16.359999999999985,0.10000000000002274,176,-0.1657888606497428,-0.6974474223328477,1.8865477009000318,2.1504529280293183,0.36204758286476135,0.002734536983032271,0.390595622712926,0.002734536983032271,0.0,-0.0,False,False,42,1.0,50,0.052,0.1,0.084,0.9034836888313293,0.22961395978927612,0,False
164,16.502101885154843,16.460000000000008,0.09999999999999432,175,-0.1723541186599423,-0.678782673697912,1.932093776772086,2.1382454979678838,0.3599923551082611,0.0028775332177290135,0.393473155930655,0.0028775332177290135,0.0,-0.0,False,False,42,1.0,50,0.072,0.1,0.084,0.9043222069740295,0.229800283908844,0,False
165,16.602395605761558,16.560000000000002,0.09999999999999432,172,-0.1797708789498886,-0.6604194424176854,1.9780064020099908,2.125436387926477,0.3578358292579651,0.0030193611143542643,0.39649251704500926,0.0030193611143542643,0.0,-0.0,False,False,42,1.0,50,0.092,0.1,0.084,0.9052430391311646,0.22847862541675568,0,False
166,16.702621317934245,16.659999999999997,0.09999999999999432,178,-0.18802808164626947,-0.6423821090436526,2.023388436065189,2.1120335636594674,0.35557934641838074,0.0031593113247926356,0.3996518283698019,0.0031593113247926356,0.0,-0.0,False,False,42,1.0,50,0.112,0.1,0.084,0.907183825969696,0.22321738302707672,0,False
167,16.802704491186887,16.75999999999999,0.09999999999999432,178,-0.19710937601876685,-0.6246905651971945,2.0676248383010285,2.098048885290025,0.35322490334510803,0.003296465869131291,0.4029482942389332,0.003296465869131291,0.0,-0.0,False,False,42,1.0,50,0.132,0.1,0.084,0.9086992144584656,0.2180250883102417,0,False
168,16.90275700390339,16.859999999999985,0.10000000000002274,173,-0.20697046186677065,-0.6073858660253736,2.110831582223952,2.0835269610426144,0.35078001022338867,0.0034231053708251584,0.4063713996097584,0.0034231053708251584,0.0,-0.0,False,False,42,1.0,50,0.152,0.1,0.084,0.909354031085968,0.21281097829341888,0,False
169,17.002530169207603,16.960000000000008,0.09999999999999432,177,-0.21756773339003638,-0.5905096126890409,2.152994261085955,2.0685113370411172,0.34825199842453003,0.003539480188032266,0.4099108797977906,0.003539480188032266,0.0,-0.0,False,False,42,1.0,50,0.172,0.1,0.084,0.9098284244537354,0.2077251374721527,0,False
170,17.102729021105915,17.060000000000002,0.09999999999999432,175,-0.22886400616994954,-0.5740836058248896,2.1941761613567907,2.0530340533197706,0.3456462621688843,0.003648302534133685,0.4135591823319243,0.003648302534133685,0.0,-0.0,False,False,42,1.0,50,0.192,0.1,0.084,0.9102943539619446,0.2027747929096222,0,False
171,17.202920802868903,17.159999999999997,0.09999999999999432,174,-0.24081008973046686,-0.5581214669660266,2.227540575876741,2.0371363547845283,0.34296974539756775,0.0012474026384244534,0.4148065849703487,0.0037474026384244534,0.0,-0.0025,True,True,43,1.0,50,0.012,0.1,0.086,0.8675925135612488,-0.4757876992225647,0,False
172,17.30286414688453,17.25999999999999,0.09999999999999432,176,-0.2524256135230624,-0.5421106176784382,2.150494706319868,2.021615701956064,0.340356707572937,0.0036585254922604947,0.4184651104626092,0.0036585254922604947,0.0,-0.0,False,False,43,1.0,50,0.032,0.1,0.086,0.8721014857292175,-0.4778785705566406,0,False
173,17.40262962318957,17.359999999999985,0.10000000000002274,177,-0.2622832625109791,-0.5254237077566829,2.0568799203688704,2.0076892621018945,0.33801206946372986,0.003282737896789482,0.42174784835939866,0.003282737896789482,0.0,-0.0,False,False,43,1.0,50,0.052,0.1,0.086,0.8778611421585083,-0.47887304425239563,0,False
174,17.502940154168755,17.460000000000008,0.09999999999999432,177,-0.27058035478954046,-0.5077344159573912,1.9613866966614188,1.9951076186019012,0.335893839597702,0.002965742742137849,0.4247135911015365,0.002965742742137849,0.0,-0.0,False,False,43,1.0,50,0.072,0.1,0.086,0.8934884071350098,-0.47183629870414734,0,False
175,17.603128916118294,17.560000000000002,0.09999999999999432,175,-0.27728937283833255,-0.48901540963267826,1.8678571475488421,1.9839235224516807,0.33401089906692505,0.002636313132295174,0.4273499042338317,0.002636313132295174,0.0,-0.0,False,False,43,1.0,50,0.092,0.1,0.086,0.9065484404563904,-0.4469626247882843,0,False
176,17.7030253498815,17.659999999999997,0.09999999999999432,177,-0.2823379233956449,-0.46952814519826336,1.7800869335252798,1.9743060246606101,0.3323917090892792,0.0022670348489376335,0.4296169390827693,0.0022670348489376335,0.0,-0.0,False,False,43,1.0,50,0.112,0.1,0.086,0.9134726524353027,-0.4098210334777832,0,False
177,17.803150532767177,17.75999999999999,0.09999999999999432,177,-0.2857586810916767,-0.44954879429002137,1.699805127090797,1.9663199133642204,0.3310471773147583,0.0018824847179293852,0.4314994238006987,0.0018824847179293852,0.0,-0.0,False,False,43,1.0,50,0.132,0.1,0.086,0.9196893572807312,-0.37566372752189636,0,False
178,17.90270692994818,17.859999999999985,0.10000000000002274,172,-0.2876417133766076,-0.42924987195174497,1.6263314203196118,1.9599412912994059,0.3299732804298401,0.001503567645480833,0.43300299144617954,0.001503567645480833,0.0,-0.0,False,False,43,1.0,50,0.152,0.1,0.086,0.9224981665611267,-0.33976197242736816,0,False
179,18.00296367192641,17.960000000000008,0.09999999999999432,169,-0.288101953505121,-0.4088258751475034,1.5600028186180999,1.9551197086884988,0.32916152477264404,0.0011365425855472129,0.4341395340317268,0.0011365425855472129,0.0,-0.0,False,False,43,1.0,50,0.172,0.1,0.086,0.9247078895568848,-0.3100174069404602,0,False
180,18.103272343054414,18.060000000000002,0.09999999999999432,171,-0.2872631517127235,-0.38837312918433975,1.4993142614388086,1.9517673652166818,0.32859712839126587,0.0007902138000253967,0.4349297478317522,0.0007902138000253967,0.0,-0.0,False,False,43,1.0,50,0.192,0.1,0.086,0.9261736869812012,-0.28078532218933105,0,False
181,18.202976099215448,18.159999999999997,0.09999999999999432,173,-0.2852872665369051,-0.3684764091270181,1.441429385036723,1.9498460252629854,0.3282736539840698,-0.0020471020918008424,0.43288264573995133,0.00045289790819915755,0.0,-0.0025,True,True,44,1.0,50,0.012,0.1,0.088,0.7981600165367126,0.9893638491630554,0,False
182,18.30334254913032,18.25999999999999,0.09999999999999432,175,-0.2828126630292621,-0.34953475144864743,1.4684140693402499,1.9487897662337144,0.32809582352638245,0.00024898118833839035,0.4331316269282897,0.00024898118833839035,0.0,-0.0,False,False,44,1.0,50,0.032,0.1,0.088,0.7984163165092468,0.9902670979499817,0,False
183,18.40341244218871,18.359999999999985,0.10000000000002274,176,-0.2820439079422529,-0.3308901293208882,1.6179123431856008,1.9462897584793333,0.327674925327301,0.0005893013780630506,0.4337209283063528,0.0005893013780630506,0.0,-0.0,False,False,44,1.0,50,0.052,0.1,0.088,0.7996134757995605,0.9951537847518921,0,False
184,18.503046789206564,18.460000000000008,0.09999999999999432,176,-0.28455691746837536,-0.31387662052497184,1.8170471949664155,1.9409896995560214,0.32678261399269104,0.0012493289358201536,0.4349702572421729,0.0012493289358201536,0.0,-0.0,False,False,44,1.0,50,0.072,0.1,0.088,0.808635413646698,0.9958193898200989,0,False
185,18.603098211809993,18.560000000000002,0.09999999999999432,178,-0.2904374878355593,-0.29747058198666276,2.0161275236239344,1.932593440418033,0.3253690302371979,0.0019791646933575305,0.43694942193553044,0.0019791646933575305,0.0,-0.0,False,False,44,1.0,50,0.092,0.1,0.088,0.8192160129547119,0.9914790987968445,0,False
186,18.70345128281042,18.659999999999997,0.09999999999999432,176,-0.2995402226297801,-0.2823535387255533,2.213244241186082,1.9213201278188845,0.3234710693359375,0.0026573432175846967,0.43960676515311514,0.0026573432175846967,0.0,-0.0,False,False,44,1.0,50,0.112,0.1,0.088,0.8287924528121948,0.9803891181945801,0,False
187,18.803331207018346,18.75999999999999,0.09999999999999432,177,-0.3115753365399976,-0.269122605720529,2.407404293463385,1.907504854492347,0.3211451470851898,0.003256533742897048,0.44286329889601217,0.003256533742897048,0.0,-0.0,False,False,44,1.0,50,0.132,0.1,0.088,0.8393635153770447,0.9539120197296143,0,False
188,18.903573599178344,18.859999999999985,0.10000000000002274,175,-0.32610153121192453,-0.2582910413247451,2.595770202448816,1.8916156527617642,0.3184700608253479,0.0037453997731588216,0.44660869866917097,0.0037453997731588216,0.0,-0.0,False,False,44,1.0,50,0.152,0.1,0.088,0.8454316854476929,0.8856717348098755,0,False
189,19.003530562855303,18.960000000000008,0.09999999999999432,176,-0.3424444435782264,-0.25021511802002233,2.767092557936977,1.8743319129663925,0.3155601918697357,0.00407412003488658,0.4506828187040576,0.00407412003488658,0.0,-0.0,False,False,44,1.0,50,0.172,0.1,0.088,0.834760308265686,0.633208692073822,0,False
190,19.103695834986866,19.060000000000002,0.09999999999999432,177,-0.35913390629886044,-0.24512347013952723,2.9083182796930136,1.8571143774406618,0.31266146898269653,0.004058514376358206,0.45474133308041575,0.004058514376358206,0.0,-0.0,False,False,44,1.0,50,0.192,0.1,0.088,0.8353416323661804,0.4874000549316406,0,False
191,19.203649438917637,19.159999999999997,0.09999999999999432,177,-0.37701049988738805,-0.24164561391059303,2.9953856658257214,1.8389354638710276,0.3096008896827698,0.00178513023589667,0.4565264633163124,0.00428513023589667,0.0,-0.0025,True,True,45,1.0,50,0.012,0.1,0.09,0.8475708365440369,-0.8123317360877991,0,False
192,19.303861571010202,19.25999999999999,0.09999999999999432,175,-0.39521934992471935,-0.23886067097621033,2.966554539278942,1.8205184627541555,0.30650022625923157,0.004341252189695033,0.46086771550600747,0.004341252189695033,0.0,-0.0,False,False,45,1.0,50,0.032,0.1,0.09,0.8414109945297241,-0.8196935653686523,0,False
193,19.403944394085556,19.359999999999985,0.10000000000002274,176,-0.41330801025997865,-0.2345050362056948,2.8214947095270224,1.8020157855236305,0.3033851385116577,0.004361447747790521,0.465229163253798,0.004361447747790521,0.0,-0.0,False,False,45,1.0,50,0.052,0.1,0.09,0.8247525095939636,-0.8345223069190979,0,False
194,19.503822048194706,19.460000000000008,0.09999999999999432,177,-0.4302176429988246,-0.22736329915059172,2.6572674424916536,1.7843272083895723,0.3004071116447449,0.004169548219523699,0.4693987114733217,0.004169548219523699,0.0,-0.0,False,False,45,1.0,50,0.072,0.1,0.09,0.8078398704528809,-0.847393274307251,0,False
195,19.604028210043907,19.560000000000002,0.09999999999999432,174,-0.44537395700812404,-0.21771549737774115,2.488022232875166,1.7680816719135692,0.2976720333099365,0.0038293949352377937,0.4732281064085595,0.0038293949352377937,0.0,-0.0,False,False,45,1.0,50,0.092,0.1,0.09,0.7899684309959412,-0.8612667918205261,0,False
196,19.703956174198538,19.659999999999997,0.09999999999999432,174,-0.45841182760265514,-0.20586784917958936,2.315775442653154,1.75371339821709,0.2952530086040497,0.003386886890604253,0.47661499329916374,0.003386886890604253,0.0,-0.0,False,False,45,1.0,50,0.112,0.1,0.09,0.7691937685012817,-0.8706580996513367,0,False
197,19.804155906196684,19.75999999999999,0.09999999999999432,176,-0.4689792723327265,-0.19223677659851393,2.1412986849069435,1.741662273958043,0.2932240962982178,0.0028406888421126735,0.47945568214127643,0.0028406888421126735,0.0,-0.0,False,False,45,1.0,50,0.132,0.1,0.09,0.7786090970039368,-0.9202157855033875,0,False
198,19.904035260900855,19.859999999999985,0.10000000000002274,174,-0.47707952997806424,-0.17664496392989137,1.9561614229637192,1.7319521963995332,0.29158931970596313,0.0022888577350615026,0.4817445398763379,0.0022888577350615026,0.0,-0.0,False,False,45,1.0,50,0.152,0.1,0.09,0.8126856088638306,-0.9670224189758301,0,False
199,20.003982374910265,19.960000000000008,0.09999999999999432,172,-0.48231499689281476,-0.1590365241822379,1.7627874106951873,1.725031726020893,0.2904241979122162,0.0016312920325268676,0.4833758319088648,0.0016312920325268676,0.0,-0.0,False,False,45,1.0,50,0.172,0.1,0.09,0.8494231700897217,-0.9872095584869385,0,False
200,20.104135977104306,20.060000000000002,0.09999999999999432,174,-0.4841088157875398,-0.1398184332108117,1.566211496545109,1.721578305976977,0.28984278440475464,0.0008140395514149494,0.48418987146027975,0.0008140395514149494,0.0,-0.0,False,False,45,1.0,50,0.192,0.1,0.09,0.8977113962173462,-0.9941856861114502,0,False
201,20.203784523997456,20.159999999999997,0.09999999999999432,172,-0.48216642306549,-0.1204068289255781,1.384953849357584,1.7220482854847219,0.28992190957069397,-0.0026107834850072568,0.4815790879752725,-0.00011078348500725692,0.0,-0.0025,True,True,46,1.0,50,0.012,0.1,0.092,0.8965232372283936,0.3525756895542145,0,False
202,20.303984166122973,20.25999999999999,0.09999999999999432,177,-0.47830397398776875,-0.10235465350701344,1.3480012017187066,1.7247357539919101,0.29037436842918396,-0.0006334895929869501,0.48094559838228557,-0.0006334895929869501,0.0,-0.0,False,False,46,1.0,50,0.032,0.1,0.092,0.9038708806037903,0.35121166706085205,0,False
203,20.404292257037014,20.359999999999985,0.10000000000002274,175,-0.4746096113613009,-0.08357976011768896,1.414721831666871,1.727413486577092,0.2908251881599426,-0.0006311946432032888,0.4803144037390823,-0.0006311946432032888,0.0,-0.0,False,False,46,1.0,50,0.052,0.1,0.092,0.8952720165252686,0.35272789001464844,0,False
204,20.504015773069113,20.460000000000008,0.09999999999999432,176,-0.4721845896634757,-0.06419153460122189,1.4826900021618414,1.729007345517859,0.29109352827072144,-0.0003757041427515831,0.47993869959633073,-0.0003757041427515831,0.0,-0.0,False,False,46,1.0,50,0.072,0.1,0.092,0.8857839107513428,0.3542885184288025,0,False
205,20.604270823765546,20.560000000000002,0.09999999999999432,177,-0.47114087195073273,-0.044897771566034674,1.552355260109384,1.7294420986896184,0.2911667227745056,-0.00010247993942664888,0.4798362196569041,-0.00010247993942664888,0.0,-0.0,False,False,46,1.0,50,0.092,0.1,0.092,0.8750832676887512,0.35611510276794434,0,False
206,20.704331267159432,20.659999999999997,0.09999999999999432,176,-0.4714500865764655,-0.025807697936946684,1.623367599727368,1.7287425284392952,0.29104894399642944,0.0001649025735399887,0.4800011222304441,0.0001649025735399887,0.0,-0.0,False,False,46,1.0,50,0.112,0.1,0.092,0.8661762475967407,0.3563944697380066,0,False
207,20.804014223162085,20.75999999999999,0.09999999999999432,176,-0.47309152040539015,-0.006992125782457838,1.6944204443037134,1.726922619091225,0.29074254631996155,0.00042898870409028,0.4804301109345344,0.00042898870409028,0.0,-0.0,False,False,46,1.0,50,0.132,0.1,0.092,0.8572155833244324,0.3564009666442871,0,False
208,20.90456768218428,20.859999999999985,0.10000000000002274,177,-0.47603537046902594,0.01148756342886384,1.7653170363488457,1.7240029045900027,0.2902509868144989,0.0006882345769151165,0.48111834551144955,0.0006882345769151165,0.0,-0.0,False,False,46,1.0,50,0.152,0.1,0.092,0.8544308543205261,0.35551321506500244,0,False
209,21.00539633911103,20.960000000000008,0.10099999999999909,177,-0.4802665020498978,0.029637934313891712,1.8359440886466984,1.7199888724553039,0.2895751893520355,0.0009461869325893428,0.4820645324440389,0.0009461869325893428,0.0,-0.0,False,False,46,1.0,50,0.172,0.1,0.092,0.8518233895301819,0.3548755943775177,0,False
210,21.106413792818785,21.060000000000002,0.10099999999999909,172,-0.4857621216072486,0.0474070137404201,1.9065964080758828,1.7148932678941187,0.2887172996997833,0.001201134990364939,0.48326566743440386,0.001201134990364939,0.0,-0.0,False,False,46,1.0,50,0.192,0.1,0.092,0.8532876372337341,0.35904359817504883,0,False
211,21.206678545102477,21.159999999999997,0.09999999999999432,174,-0.49263861833488487,0.06509532966642217,1.9700698902779898,1.7086019150938307,0.28765809535980225,-0.0010170034498519574,0.4822486639845519,0.0014829965501480427,0.0,-0.0025,True,True,47,1.0,50,0.012,0.1,0.094,0.890153706073761,0.1666281521320343,0,False
212,21.306956375949085,21.25999999999999,0.09999999999999432,172,-0.500434647730261,0.08299379782678395,1.9994182116810613,1.7015904580986252,0.286477655172348,0.0016527393814133816,0.48390140336596527,0.0016527393814133816,0.0,-0.0,False,False,47,1.0,50,0.032,0.1,0.094,0.8891344666481018,0.16774456202983856,0,False
213,21.40661063278094,21.359999999999985,0.09999999999999432,169,-0.5088202670394876,0.10059329374951873,2.031316203074076,1.6941688532618207,0.2852281630039215,0.0017494193568415794,0.48565082272280685,0.0017494193568415794,0.0,-0.0,False,False,47,1.0,50,0.052,0.1,0.094,0.887887716293335,0.16894938051700592,0,False
214,21.50694826291874,21.460000000000008,0.09999999999999432,170,-0.5177755582030523,0.11787838425676979,2.0650950805545083,1.6863494917568793,0.28391170501708984,0.0018431784870906814,0.48749400120989755,0.0018431784870906814,0.0,-0.0,False,False,47,1.0,50,0.072,0.1,0.094,0.8866938948631287,0.17016567289829254,0,False
215,21.60699093621224,21.560000000000002,0.10000000000002274,169,-0.5272945091837301,0.13483468412473834,2.099286007366026,1.6781311344664551,0.2825280725955963,0.0019372297018576561,0.4894312309117552,0.0019372297018576561,0.0,-0.0,False,False,47,1.0,50,0.092,0.1,0.094,0.8856021165847778,0.1712995320558548,0,False
216,21.70700955018401,21.659999999999997,0.09999999999999432,170,-0.5373710064336441,0.15144261308167004,2.133484511598214,1.6695118342061468,0.28107693791389465,0.0020317399065813632,0.49146297081833656,0.0020317399065813632,0.0,-0.0,False,False,47,1.0,50,0.112,0.1,0.094,0.8845065832138062,0.1724351942539215,0,False
217,21.807024023029953,21.75999999999999,0.09999999999999432,169,-0.5479929655984774,0.16767580467164003,2.167757708063801,1.6604946002609382,0.27955880761146545,0.0021255407631901014,0.49358851158152667,0.0021255407631901014,0.0,-0.0,False,False,47,1.0,50,0.132,0.1,0.094,0.883377194404602,0.1736377775669098,0,False
218,21.90714322589338,21.859999999999985,0.09999999999999432,169,-0.5591460896002831,0.18350485641506903,2.2023184956003043,1.6510831499828675,0.27797430753707886,0.002218465366245221,0.49580697694777187,0.002218465366245221,0.0,-0.0,False,False,47,1.0,50,0.152,0.1,0.094,0.8821613788604736,0.17500944435596466,0,False
219,22.007021631114185,21.960000000000008,0.09999999999999432,169,-0.5708195629747111,0.1989074724260822,2.237221502119092,1.6412778374054626,0.27632349729537964,0.0023113065165808583,0.4981182834643527,0.0023113065165808583,0.0,-0.0,False,False,47,1.0,50,0.172,0.1,0.094,0.880988359451294,0.17678052186965942,0,False
220,22.107139132916927,22.060000000000002,0.10000000000002274,165,-0.5830098757355546,0.21387050882509098,2.272564040455715,1.6310724669419925,0.27460533380508423,0.0024056080895060172,0.5005238915538588,0.0024056080895060172,0.0,-0.0,False,False,47,1.0,50,0.192,0.1,0.094,0.8801875114440918,0.18067994713783264,0,False
221,22.20684081921354,22.159999999999997,0.09999999999999432,172,-0.5957887447449499,0.22847502719852686,2.302571444724728,1.6203995952054697,0.2728084623813629,1.5807405477475875e-05,0.5005396989593363,0.002515807405477476,0.0,-0.0025,True,True,48,1.0,50,0.012,0.1,0.096,0.8515465259552002,-0.2318148910999298,0,False
222,22.30687624309212,22.25999999999999,0.09999999999999432,171,-0.608179692301556,0.24294272133504022,2.2523707169420226,1.6102524632572717,0.27110010385513306,0.0023918801171643133,0.5029315790765005,0.0023918801171643133,0.0,-0.0,False,False,48,1.0,50,0.032,0.1,0.096,0.8567043542861938,-0.2157723307609558,0,False
223,22.406989784911275,22.359999999999985,0.09999999999999432,169,-0.6198457537011981,0.25786931993417,2.211151487606734,1.6010571504477347,0.26955199241638184,0.0021675174810497693,0.5050990965575504,0.0021675174810497693,0.0,-0.0,False,False,48,1.0,50,0.052,0.1,0.096,0.8615348935127258,-0.2032097578048706,0,False
224,22.507050917949528,22.460000000000008,0.09999999999999432,170,-0.6309442325782774,0.27336167251646243,2.172197757895236,1.5926904531092916,0.2681433856487274,0.0019721963912874307,0.5070712929488378,0.0019721963912874307,0.0,-0.0,False,False,48,1.0,50,0.072,0.1,0.096,0.8696221709251404,-0.20130689442157745,0,False
225,22.607064702082425,22.560000000000002,0.10000000000002274,168,-0.6415219235297848,0.28944908096414296,2.1323109451509823,1.5851291820458917,0.266870379447937,0.0017823414546459817,0.5088536344034837,0.0017823414546459817,0.0,-0.0,False,False,48,1.0,50,0.092,0.1,0.096,0.877077579498291,-0.20041827857494354,0,False
226,22.707296162843704,22.659999999999997,0.09999999999999432,169,-0.6515264443486515,0.30606866321098414,2.092308862114918,1.5784322838398623,0.2657428979873657,0.0015785916402239692,0.5104322260437077,0.0015785916402239692,0.0,-0.0,False,False,48,1.0,50,0.112,0.1,0.096,0.8829629421234131,-0.19931204617023468,0,False
227,22.80743116606027,22.75999999999999,0.09999999999999432,170,-0.6609205352402079,0.3231764586579667,2.052572580557161,1.5726438356653762,0.2647683620452881,0.0013644519622362874,0.5117966780059441,0.0013644519622362874,0.0,-0.0,False,False,48,1.0,50,0.132,0.1,0.096,0.8884873986244202,-0.19814155995845795,0,False
228,22.907498359214514,22.859999999999985,0.09999999999999432,171,-0.6696836943936572,0.3407446998824087,2.012811399519112,1.5677930452884512,0.26395168900489807,0.0011434274348979354,0.512940105440842,0.0011434274348979354,0.0,-0.0,False,False,48,1.0,50,0.152,0.1,0.096,0.8923617005348206,-0.20674525201320648,0,False
229,23.00734661379829,22.960000000000008,0.09999999999999432,169,-0.6777571583012456,0.3587330322397028,1.9713409366614665,1.5639413375261073,0.2633032202720642,0.0009079238607431172,0.5138480293015851,0.0009079238607431172,0.0,-0.0,False,False,48,1.0,50,0.172,0.1,0.096,0.8950200080871582,-0.21475951373577118,0,False
230,23.10751261608675,23.060000000000002,0.10000000000002274,170,-0.6850881174737151,0.3771084701892664,1.9283002386993504,1.561143410558342,0.2628321647644043,0.0006595268414405775,0.5145075561430257,0.0006595268414405775,0.0,-0.0,False,False,48,1.0,50,0.192,0.1,0.096,0.8979365229606628,-0.22230200469493866,0,False
231,23.207491649780422,23.159999999999997,0.09999999999999432,169,-0.6915207966957863,0.3954783865951214,1.8912302280753959,1.559459096051301,0.2625485956668854,-0.0021029736874410214,0.5124045824555846,0.0003970263125589787,0.0,-0.0025,True,True,49,1.0,50,0.012,0.1,0.098,0.9563533663749695,0.20476114749908447,0,False
232,23.307776140980422,23.25999999999999,0.09999999999999432,171,-0.6983721975892642,0.4147895425516284,1.9345174717780074,1.5578627588758418,0.26227983832359314,0.0003762883117873814,0.512780870767372,0.0003762883117873814,0.0,-0.0,False,False,49,1.0,50,0.032,0.1,0.098,0.9557020664215088,0.21554812788963318,0,False
233,23.407971763052046,23.359999999999985,0.09999999999999432,169,-0.7061960226851063,0.43421715448368225,1.9770524395483133,1.5556332327364641,0.2619044780731201,0.0005255435004393072,0.5133064142678113,0.0005255435004393072,0.0,-0.0,False,False,49,1.0,50,0.052,0.1,0.098,0.9551661610603333,0.22403930127620697,0,False
234,23.507667568977922,23.460000000000008,0.09999999999999432,164,-0.7148622774024374,0.4532596189215866,2.0210307182049396,1.552764676079964,0.2614215314388275,0.0006761756589614823,0.5139825899267728,0.0006761756589614823,0.0,-0.0,False,False,49,1.0,50,0.072,0.1,0.098,0.9545807242393494,0.23261414468288422,0,False
235,23.607978490181267,23.560000000000002,0.10000000000002274,161,-0.7243810131141424,0.4718687980743799,2.0673991781755325,1.549229297274434,0.26082631945610046,0.0008333588559566611,0.5148159487827295,0.0008333588559566611,0.0,-0.0,False,False,49,1.0,50,0.092,0.1,0.098,0.9539368748664856,0.24180762469768524,0,False
236,23.70777478488162,23.659999999999997,0.09999999999999432,167,-0.7347609660145226,0.4899940966014675,2.1159814890019697,1.544998242587383,0.26011398434638977,0.0009973434495832375,0.5158132922323128,0.0009973434495832375,0.0,-0.0,False,False,49,1.0,50,0.112,0.1,0.098,0.953159749507904,0.2513626515865326,0,False
237,23.807993037160486,23.75999999999999,0.09999999999999432,169,-0.746017935115004,0.5075685602764571,2.166379717604199,1.5400292050122757,0.2592774033546448,0.001171300643178492,0.5169845928754913,0.001171300643178492,0.0,-0.0,False,False,49,1.0,50,0.132,0.1,0.098,0.9522128105163574,0.25930255651474,0,False
238,23.90801646001637,23.859999999999985,0.09999999999999432,169,-0.7581455638914474,0.5245287475187342,2.2182371405478176,1.5342993493865895,0.25831273198127747,0.0013506405371751012,0.5183352334126664,0.0013506405371751012,0.0,-0.0,False,False,49,1.0,50,0.152,0.1,0.098,0.9515673518180847,0.26597070693969727,0,False
239,24.0081254132092,23.960000000000008,0.09999999999999432,170,-0.7711361724732585,0.5408152112218501,2.271378548268883,1.527786902648383,0.25721630454063416,0.001535112773415143,0.5198703461860815,0.001535112773415143,0.0,-0.0,False,False,49,1.0,50,0.172,0.1,0.098,0.9510937333106995,0.27279701828956604,0,False
240,24.107764009851962,24.060000000000002,0.10000000000002274,163,-0.7849728399192868,0.5563653421349899,2.325813266408231,1.520475048205101,0.255985289812088,0.0017235490138266544,0.5215938951999082,0.0017235490138266544,0.0,-0.0,False,False,49,1.0,50,0.192,0.1,0.098,0.9500476717948914,0.2722599506378174,0,False
241,24.207808462902904,24.159999999999997,0.09999999999999432,164,-0.7996459252200987,0.5711843290740521,2.3686552635071934,1.5123634320232155,0.25461962819099426,-0.0005879312930422999,0.5210059639068658,0.0019120687069577001,0.0,-0.0025,True,True,50,1.0,50,0.012,0.1,0.1,0.7138104438781738,-0.355572372674942,0,False
242,24.30841798102483,24.25999999999999,0.09999999999999432,158,-0.8122778397519347,0.5840340853275069,2.3203620479017304,1.5056123666874799,0.25348302721977234,0.0015913599062926246,0.5225973238131585,0.0015913599062926246,0.0,-0.0,False,False,50,1.0,50,0.032,0.1,0.1,0.7203950881958008,-0.36037278175354004,0,False
243,24.40853348420933,24.359999999999985,0.09999999999999432,169,-0.8227149608429276,0.5961323702358505,2.245099217719727,1.5007624613943737,0.25266650319099426,0.0011432188030993874,0.5237405426162579,0.0011432188030993874,0.0,-0.0,False,False,50,1.0,50,0.052,0.1,0.1,0.7057381272315979,-0.3730456233024597,0,False
244,24.508493868168443,24.460000000000008,0.09999999999999432,166,-0.8319569858340428,0.6085722675281873,2.1698205178391277,1.4972982433278692,0.25208327174186707,0.0008165848593567427,0.5245571274756147,0.0008165848593567427,0.0,-0.0,False,False,50,1.0,50,0.072,0.1,0.1,0.6659566164016724,-0.39251911640167236,0,False
245,24.608135344926268,24.560000000000002,0.10000000000002274,164,-0.8397378446506677,0.6209222228332543,2.0914374205889583,1.4952784820535303,0.25174322724342346,0.00047609776419311854,0.5250332252398078,0.00047609776419311854,0.0,-0.0,False,False,50,1.0,50,0.092,0.1,0.1,0.6208996772766113,-0.4090123772621155,0,False
246,24.708374335896224,24.659999999999997,0.09999999999999432,164,-0.8460337443871124,0.6329608505372218,2.0094072863766934,1.4946116599044998,0.251630961894989,0.0001571831969952836,0.5251904084368031,0.0001571831969952836,0.0,-0.0,False,False,50,1.0,50,0.112,0.1,0.1,0.5512701272964478,-0.44709277153015137,0,False
247,24.808212460950017,24.75999999999999,0.09999999999999432,167,-0.8505840320376891,0.6438003179848066,1.918433700058881,1.4951262476367089,0.25171759724617004,-0.00012129852765204439,0.525069109909151,-0.00012129852765204439,0.0,-0.0,False,False,50,1.0,50,0.132,0.1,0.1,0.44271475076675415,-0.5308247208595276,0,False
248,24.908237523864955,24.859999999999985,0.09999999999999432,161,-0.8534178428396714,0.6530069382993915,1.809102615601434,1.4965632697247968,0.25195953249931335,-0.00033873458805607236,0.5247303753210949,-0.00033873458805607236,0.0,-0.0,False,False,50,1.0,50,0.152,0.1,0.1,0.3721233904361725,-0.6261117458343506,0,False
249,25.00868582399562,24.960000000000008,0.09999999999999432,174,-0.854897862091813,0.6611668771068857,1.6813319303267853,1.4988133298087691,0.25233834981918335,-0.0005303837581647097,0.5241999915629302,-0.0005303837581647097,0.0,-0.0,False,False,50,1.0,50,0.172,0.1,0.1,0.34593215584754944,-0.7149385213851929,0,False
250,25.108345901127905,25.060000000000002,0.10000000000002274,175,-0.8552292318042037,0.6688996061192526,1.5361208205688486,1.501943694258849,0.25286537408828735,-0.0007378889449598531,0.5234621026179703,-0.0007378889449598531,0.0,-0.0,False,False,50,1.0,50,0.192,0.1,0.1,0.3109833300113678,-0.8050507307052612,0,False
251,25.20867376215756,25.159999999999997,0.09999999999999432,177,-0.8538324603720666,0.6799231062757565,1.3958767492797417,1.5081322003194007,0.2539072632789612,-0.003958753535161499,0.5195033490828088,-0.0014587535351614988,0.0,-0.0025,True,True,51,1.0,50,0.012,0.1,0.102,0.414242684841156,-0.9502446055412292,0,False
252,25.30878838384524,25.25999999999999,0.09999999999999432,174,-0.8507944492079224,0.693650068598381,1.2708711146759895,1.5170715468885614,0.2554122805595398,-0.002107181164921543,0.5173961679178872,-0.002107181164921543,0.0,-0.0,False,False,51,1.0,50,0.032,0.1,0.102,0.42079848051071167,-0.9763107299804688,0,False
253,25.408910997211933,25.359999999999985,0.09999999999999432,176,-0.8469889107652534,0.7030890382048681,1.0847511739104347,1.5247862914861288,0.25671112537384033,-0.0018185182085070938,0.5155776497093801,-0.0018185182085070938,0.0,-0.0,False,False,51,1.0,50,0.052,0.1,0.102,0.4470944404602051,-0.9948757290840149,0,False
254,25.50888254120946,25.460000000000008,0.09999999999999432,175,-0.8412618565142804,0.7117571520020565,0.8886729833241808,1.533873447053017,0.25824102759361267,-0.002142022675272199,0.5134356270341079,-0.002142022675272199,0.0,-0.0,False,False,51,1.0,50,0.072,0.1,0.102,0.4946655333042145,-0.998843252658844,0,False
255,25.60860922606662,25.560000000000002,0.10000000000002274,177,-0.8331360989150856,0.7199334647643132,0.6895445957474581,1.544869374383376,0.26009228825569153,-0.0025919580119325722,0.5108436690221754,-0.0025919580119325722,0.0,-0.0,False,False,51,1.0,50,0.092,0.1,0.102,0.5686161518096924,-0.9997133016586304,0,False
256,25.708644569851458,25.659999999999997,0.09999999999999432,173,-0.8221555598498002,0.7272829997100998,0.49027813067273973,1.558010213840042,0.2623046636581421,-0.0030975563124346285,0.5077461127097408,-0.0030975563124346285,0.0,-0.0,False,False,51,1.0,50,0.112,0.1,0.102,0.6420121788978577,-0.9999776482582092,0,False
257,25.809063139837235,25.75999999999999,0.09999999999999432,177,-0.810557957574793,0.73218169562502,0.3075773026385435,1.57055379873583,0.26441648602485657,-0.0029567715748020653,0.5047893411349387,-0.0029567715748020653,0.0,-0.0,False,False,51,1.0,50,0.132,0.1,0.102,0.6979166865348816,-0.6670680046081543,0,False
258,25.90908550284803,25.859999999999985,0.09999999999999432,178,-0.7958562396035723,0.7357295415266094,0.17072401539504325,1.5852185755115833,0.2668854296207428,-0.0034567785431041135,0.5013325625918346,-0.0034567785431041135,0.0,-0.0,False,False,51,1.0,50,0.152,0.1,0.102,0.6928437352180481,-0.6748255491256714,0,False
259,26.008978927973658,25.960000000000008,0.09999999999999432,178,-0.7804521567300085,0.73734272241627,0.03532753539937561,1.599621898527284,0.2693103551864624,-0.0033951487098251203,0.49793741388200946,-0.0033951487098251203,0.0,-0.0,False,False,51,1.0,50,0.172,0.1,0.102,0.6960048079490662,-0.708868682384491,0,False
260,26.10917297983542,26.060000000000002,0.10000000000002274,177,-0.764859768609278,0.7368223503675622,-0.10763163409196091,1.6132373199275527,0.2716026306152344,-0.003209424682794157,0.4947279891992153,-0.003209424682794157,0.0,-0.0,False,False,51,1.0,50,0.192,0.1,0.102,0.7014989852905273,-0.7728376984596252,0,False
261,26.20889624580741,26.159999999999997,0.09999999999999432,174,-0.7487299335353217,0.733826479672453,-0.2527606185011213,1.626249114163448,0.2737932801246643,-0.005567137796212278,0.489160851403003,-0.0030671377962122786,0.0,-0.0025,True,True,52,1.0,50,0.012,0.1,0.104,0.9998552203178406,-0.3859621584415436,0,False
262,26.309031328186393,26.25999999999999,0.09999999999999432,175,-0.7284805166077469,0.7276132490153737,-0.338140616420457,1.6415817751888142,0.2763746678829193,-0.0036142120982575817,0.48554663930474545,-0.0036142120982575817,0.0,-0.0,False,False,52,1.0,50,0.032,0.1,0.104,0.9998181462287903,-0.4033428132534027,0,False
263,26.409254840109497,26.359999999999985,0.09999999999999432,176,-0.7078923411510075,0.719462748723543,-0.41843030341477905,1.656505881523455,0.2788872718811035,-0.0035179076600666864,0.48202873164467874,-0.0035179076600666864,0.0,-0.0,False,False,52,1.0,50,0.052,0.1,0.104,0.9997730851173401,-0.41713452339172363,0,False
264,26.509328943211585,26.460000000000008,0.09999999999999432,173,-0.6880376089457644,0.7096468389190449,-0.5015796697388604,1.6702183081102562,0.28119587898254395,-0.003232290727910504,0.47879644091676826,-0.003232290727910504,0.0,-0.0,False,False,52,1.0,50,0.072,0.1,0.104,0.9997199177742004,-0.43299004435539246,0,False
265,26.609259966760874,26.560000000000002,0.10000000000002274,177,-0.6690842473833302,0.6981748067819843,-0.58851767059991,1.6826024009019092,0.2832808494567871,-0.0029191761247110678,0.4758772647920572,-0.0029191761247110678,0.0,-0.0,False,False,52,1.0,50,0.092,0.1,0.104,0.9996576905250549,-0.45766812562942505,0,False
266,26.709446388762444,26.659999999999997,0.09999999999999432,178,-0.6512263191442428,0.6850517676024368,-0.6805125772581853,1.6935158384203626,0.2851182222366333,-0.0025725135283117422,0.4733047512637455,-0.0025725135283117422,0.0,-0.0,False,False,52,1.0,50,0.112,0.1,0.104,0.999588131904602,-0.4828909933567047,0,False
267,26.809238033834845,26.75999999999999,0.09999999999999432,175,-0.6346803400549437,0.670301278707033,-0.7773601826403641,1.7028005446955912,0.2866813838481903,-0.0021885892926989804,0.4711161619710465,-0.0021885892926989804,0.0,-0.0,False,False,52,1.0,50,0.132,0.1,0.104,0.9995044469833374,-0.505644679069519,0,False
268,26.910645516123623,26.879999999999995,0.10099999999999909,177,-0.6168730601827838,0.6505390745206994,-0.8997284862715484,1.7115757967247593,0.2881587743759155,-0.002068500829478274,0.4690476611415682,-0.002068500829478274,0.0,-0.0,False,False,52,1.0,50,0.152,0.1,0.104,0.9993963241577148,-0.5274499654769897,0,False
269,27.010494681075215,26.97999999999999,0.09999999999999432,177,-0.6040073499979689,0.6324765610927193,-1.005509877064706,1.7158739407652701,0.28888240456581116,-0.0010131577399101076,0.4680345034016581,-0.0010131577399101076,0.0,-0.0,False,False,52,1.0,50,0.172,0.1,0.104,0.9992423057556152,-0.5391481518745422,0,False
270,27.11077498178929,27.079999999999984,0.09999999999999432,174,-0.5931409731135591,0.6131437188330513,-1.1136567392956402,1.7198665538715556,0.2895545959472656,-0.0009411380430654448,0.46709336535859264,-0.0009411380430654448,0.0,-0.0,False,False,52,1.0,50,0.192,0.1,0.104,0.9991285800933838,-0.5510808825492859,0,False
271,27.21066265599802,27.180000000000007,0.10000000000002274,174,-0.5843358106091339,0.5928346477603759,-1.1924915898341244,1.720870946989049,0.2897236943244934,-0.0027367553649458444,0.4643566099936468,-0.00023675536494584444,0.0,-0.0025,True,True,53,1.0,50,0.012,0.1,0.106,0.9999161958694458,-0.2946755290031433,0,False
272,27.31101537682116,27.28,0.09999999999999432,175,-0.5767454850116474,0.5720706724121665,-1.2534082992562776,1.7211100966368695,0.2897639572620392,-5.637231195659985e-05,0.4643002376816902,-5.637231195659985e-05,0.0,-0.0,False,False,53,1.0,50,0.032,0.1,0.106,0.9999151825904846,-0.2951279282569885,0,False
273,27.410750003065914,27.379999999999995,0.09999999999999432,171,-0.570402728419849,0.5508958768576555,-1.3105807614105918,1.72046221528156,0.2896548807621002,0.00015271847650718376,0.46445295615819737,0.00015271847650718376,0.0,-0.0,False,False,53,1.0,50,0.052,0.1,0.106,0.9999144077301025,-0.2956138849258423,0,False
274,27.510750215966254,27.47999999999999,0.09999999999999432,175,-0.5653225335587241,0.5293828844335419,-1.3684891388054314,1.7187260348627416,0.2893625795841217,0.0004092521359515246,0.46486220829414887,0.0004092521359515246,0.0,-0.0,False,False,53,1.0,50,0.072,0.1,0.106,0.9999139904975891,-0.29606905579566956,0,False
275,27.611085737124085,27.579999999999984,0.09999999999999432,178,-0.5615165822725057,0.5076065316335537,-1.4273834799972387,1.7153112044733223,0.2887876629829407,0.0008049432049999951,0.4656671514991489,0.0008049432049999951,0.0,-0.0,False,False,53,1.0,50,0.092,0.1,0.106,0.99991375207901,-0.2964797914028168,0,False
276,27.71086951205507,27.680000000000007,0.10000000000002274,178,-0.5589991284311054,0.4856430260750521,-1.4865391970332356,1.7122258022812338,0.28826820850372314,0.0007272904495956884,0.4663944419487446,0.0007272904495956884,0.0,-0.0,False,False,53,1.0,50,0.112,0.1,0.106,0.9999135732650757,-0.2968190908432007,0,False
277,27.81089066620916,27.78,0.09999999999999432,178,-0.5577805618471767,0.46356916633721756,-1.5456576708978145,1.7074659985208742,0.2874668538570404,0.0011219800860113693,0.46751642203475596,0.0011219800860113693,0.0,-0.0,False,False,53,1.0,50,0.132,0.1,0.106,0.9999133348464966,-0.2971159517765045,0,False
278,27.91106596775353,27.879999999999995,0.09999999999999432,174,-0.5578671011509501,0.4414622348828416,-1.6047683804649069,1.7017087052968072,0.286497563123703,0.0013571081229288848,0.46887353015768485,0.0013571081229288848,0.0,-0.0,False,False,53,1.0,50,0.152,0.1,0.106,0.9999114871025085,-0.29740551114082336,0,False
279,28.011320799123496,27.97999999999999,0.09999999999999432,176,-0.5592606532780715,0.4193995914345196,-1.6639235819882192,1.693493888341658,0.2851145267486572,0.0019363951746636213,0.47080992533234844,0.0019363951746636213,0.0,-0.0,False,False,53,1.0,50,0.172,0.1,0.106,0.9999068975448608,-0.29740241169929504,0,False
280,28.111150874756277,28.079999999999984,0.09999999999999432,173,-0.5619574505083287,0.39745813198808794,-1.7230639369962621,1.6872345755756082,0.2840607166290283,0.0014754440790420399,0.4722853694113905,0.0014754440790420399,0.0,-0.0,False,False,53,1.0,50,0.192,0.1,0.106,0.9998995661735535,-0.2973047196865082,0,False
281,28.211171737872064,28.180000000000007,0.10000000000002274,169,-0.5658436419791049,0.3757487989893631,-1.756770588173959,1.6785742074261107,0.2826026678085327,-0.00045857957796788425,0.4718267898334226,0.002041420422032116,0.0,-0.0025,True,True,54,5.0,10,0.012,0.5,0.108,0.9002022743225098,0.628643810749054,0,False
282,28.311268570832908,28.28,0.09999999999999432,175,-0.5689838252553221,0.3547378880313612,-1.664696267221154,1.6704038216786616,0.28122711181640625,0.0019259218583785747,0.47375271169180116,0.0019259218583785747,0.0,-0.0,False,False,54,5.0,10,0.032,0.5,0.108,0.9044526815414429,0.6114230155944824,0,False
283,28.411392732989043,28.379999999999995,0.09999999999999432,176,-0.5696898086605203,0.3349511691300327,-1.5646095685239865,1.6643627705823103,0.28021004796028137,-0.00107600452246978,0.4726767071693314,0.00142399547753022,0.0,-0.0025,True,True,55,5.0,10,0.012,0.5,0.11,0.9996185302734375,0.01995285227894783,0,False
284,28.5112767778337,28.47999999999999,0.09999999999999432,177,-0.5695108285001186,0.31346923386257886,-1.5604012485695573,1.66114637598505,0.27966853976249695,0.0007581679557747181,0.4734348751251061,0.0007581679557747181,0.0,-0.0,False,False,55,5.0,10,0.032,0.5,0.11,0.9995641112327576,0.024396242573857307,0,False
285,28.611237111967057,28.579999999999984,0.09999999999999432,176,-0.5692995493338547,0.2914519362067254,-1.57588816890899,1.657318388469048,0.27902406454086304,-0.0015976674714568906,0.4718372076536492,0.0009023325285431095,0.0,-0.0025,True,True,56,5.0,10,0.012,0.5,0.112,0.9998622536659241,-0.2159924954175949,0,False
286,28.711524632759392,28.680000000000007,0.10000000000002274,173,-0.5699677642770397,0.26938367287854026,-1.619852076400631,1.652141887246831,0.27815255522727966,0.0012202039367485186,0.47305741159039777,0.0012202039367485186,0.0,-0.0,False,False,56,5.0,10,0.032,0.5,0.112,0.9998487830162048,-0.2193737030029297,0,False
287,28.811368028167635,28.78,0.09999999999999432,174,-0.5715443591254565,0.24736768418960664,-1.658507928993584,1.6481745875377611,0.27748462557792664,-0.0015648288263718658,0.4714925827640259,0.0009351711736281344,0.0,-0.0025,True,True,57,5.0,10,0.012,0.5,0.114,0.9999197125434875,-0.15946240723133087,0,False
288,28.91237836284563,28.879999999999995,0.10099999999999909,173,-0.5738128199433086,0.22542291204806117,-1.6912354007530124,1.6417370188906193,0.2764008045196533,0.0015174625232613965,0.4730100452872873,0.0015174625232613965,0.0,-0.0,False,False,57,5.0,10,0.032,0.5,0.114,0.9999291300773621,-0.16265326738357544,0,False
289,29.013008091133088,28.97999999999999,0.09999999999999432,170,-0.5767039040013229,0.2035943678056202,-1.7015221162654937,1.6360137128851915,0.27543723583221436,-0.0011509033381337979,0.4718591419491535,0.0013490966618662022,0.0,-0.0025,True,True,58,5.0,10,0.016,0.5,0.116,0.9999781250953674,0.11600710451602936,0,False
290,29.11301525402814,29.079999999999984,0.09999999999999432,170,-0.5791996693494592,0.18178888506041083,-1.6761447887990752,1.6309632475987612,0.274586945772171,0.0011904947686411378,0.47304963671779465,0.0011904947686411378,0.0,-0.0,False,False,58,5.0,10,0.036,0.5,0.116,0.9999675154685974,0.1184215098619461,0,False
291,29.21328732604161,29.180000000000007,0.09999999999999432,170,-0.5811850526836676,0.15994058566379118,-1.6459153135257478,1.626696966575725,0.2738686800003052,-0.0014943530048362067,0.47155528371295846,0.0010056469951637934,0.0,-0.0025,True,True,59,5.0,10,0.016,0.5,0.118,0.999886155128479,0.15957333147525787,0,False
292,29.31290732184425,29.28,0.10000000000002274,168,-0.5824818623256555,0.13804297178335545,-1.613984113774093,1.6233979051497953,0.2733132541179657,0.0007776541657552892,0.4723329378787138,0.0007776541657552892,0.0,-0.0,False,False,59,5.0,10,0.036,0.5,0.118,0.9998235702514648,0.16213439404964447,0,False
293,29.413005845155567,29.379999999999995,0.09999999999999432,167,-0.5831747279874635,0.11607643700395619,-1.603487120387633,1.6209865827940506,0.2729072868824005,-0.0019316035281473016,0.47040133435056647,0.0005683964718526986,0.0,-0.0025,True,True,60,5.0,10,0.016,0.5,0.12,0.999597430229187,-0.024192260578274727,0,False
294,29.513484395109117,29.47999999999999,0.09999999999999432,169,-0.5839724314976465,0.09409080346259366,-1.6069826922413817,1.6187643143419863,0.2725331485271454,0.000523832719691601,0.47092516707025806,0.000523832719691601,0.0,-0.0,False,False,60,5.0,10,0.036,0.5,0.12,0.9995978474617004,-0.023440640419721603,0,False
295,29.613518598023802,29.579999999999984,0.09999999999999432,170,-0.5848833888969275,0.072098294824648,-1.6172353553397487,1.6167250812236353,0.27218982577323914,-0.002019312336239716,0.46890585473401836,0.00048068766376028435,0.0,-0.0025,True,True,61,5.0,10,0.016,0.5,0.122,0.9997643828392029,-0.06212012842297554,0,False
296,29.713597421068698,29.680000000000007,0.09999999999999432,172,-0.586059129501526,0.05011230740405008,-1.6300022715686118,1.614718596206577,0.2718520164489746,0.00047296828721557927,0.46937882302123396,0.00047296828721557927,0.0,-0.0,False,False,61,5.0,10,0.036,0.5,0.122,0.999763548374176,-0.06220440939068794,0,False
297,29.813354657031596,29.78,0.10000000000002274,170,-0.5875617495626554,0.028161117996300236,-1.658671426503518,1.6126841425408471,0.2715094983577728,-0.0020204389479516237,0.46735838407328234,0.0004795610520483765,0.0,-0.0025,True,True,62,5.0,10,0.016,0.5,0.124,0.9945826530456543,-0.2540968656539917,0,False
298,29.913529159035534,29.879999999999995,0.09999999999999432,165,-0.5901090080419357,0.0063334650857015395,-1.7102203654469423,1.6099033861991652,0.2710413336753845,0.0006554793845495213,0.46801386345783186,0.0006554793845495213,0.0,-0.0,False,False,62,5.0,10,0.036,0.5,0.124,0.9944785237312317,-0.25592517852783203,0,False
299,30.013661031145602,29.97999999999999,0.09999999999999432,170,-0.5936651260008572,-0.015330749094447798,-1.741798888801823,1.6064080131822414,0.2704528570175171,-0.0016760713013358026,0.46633779215649607,0.0008239286986641976,0.0,-0.0025,True,True,63,5.0,10,0.016,0.5,0.126,0.9976025223731995,0.029902704060077667,0,False
300,30.113785123918205,30.079999999999984,0.09999999999999432,171,-0.5972198670043461,-0.03697354653943853,-1.733820236862652,1.6032064879931358,0.26991385221481323,0.0007546629415597716,0.46709245509805586,0.0007546629415597716,0.0,-0.0,False,False,63,5.0,10,0.036,0.5,0.126,0.9976613521575928,0.03211184963583946,0,False
301,30.213839007075876,30.180000000000007,0.09999999999999432,168,-0.6007458951790449,-0.058634844113891554,-1.7454296345596882,1.6003285494481572,0.2694293260574341,-0.0018216128439743386,0.4652708422540815,0.0006783871560256616,0.0,-0.0025,True,True,64,5.0,10,0.016,0.5,0.128,0.996563196182251,-0.1620941162109375,0,False
302,30.31351988296956,30.28,0.10000000000002274,169,-0.6049497929186711,-0.08021092446740455,-1.7765960262523797,1.5970657764587954,0.2688800096511841,0.0007691002620164968,0.466039942516098,0.0007691002620164968,0.0,-0.0,False,False,64,5.0,10,0.036,0.5,0.128,0.9965607523918152,-0.16171367466449738,0,False
303,30.41334693785757,30.379999999999995,0.09999999999999432,169,-0.6097389589826564,-0.1016478919059392,-1.7880867041124504,1.593506323373396,0.2682807445526123,-0.001660966359123954,0.46437897615697404,0.0008390336408760461,0.0,-0.0025,True,True,65,5.0,10,0.016,0.5,0.13,0.9997358918190002,0.07723649591207504,0,False
304,30.51296720514074,30.47999999999999,0.09999999999999432,165,-0.6142448579732183,-0.12314447635959214,-1.7731177920169685,1.5905294324574835,0.26777955889701843,0.000701712191098741,0.46508068834807276,0.000701712191098741,0.0,-0.0,False,False,65,5.0,10,0.032,0.5,0.13,0.9996576309204102,0.07982699573040009,0,False
305,30.613929859828204,30.579999999999984,0.09999999999999432,170,-0.6185101959187704,-0.14469963482126105,-1.7757363451156918,1.588095628972743,0.26736980676651,-0.001926304280465219,0.46315438406760756,0.000573695719534781,0.0,-0.0025,True,True,66,5.0,10,0.016,0.5,0.132,0.9926704168319702,-0.1880200356245041,0,False
306,30.71399807278067,30.680000000000007,0.09999999999999432,170,-0.6234561727397769,-0.16604084738616254,-1.814335508754908,1.585263360752811,0.2668929696083069,0.0006676217552226375,0.4638220058228302,0.0006676217552226375,0.0,-0.0,False,False,66,5.0,10,0.036,0.5,0.132,0.9922275543212891,-0.18944646418094635,0,False
307,30.813786848913878,30.78,0.10000000000002274,170,-0.6291688292119141,-0.18710743817788542,-1.8559427061619675,1.5819354455943908,0.2663326859474182,-0.0017155444376133655,0.4621064613852168,0.0007844555623866344,0.0,-0.0025,True,True,67,5.0,10,0.016,0.5,0.134,0.9861673712730408,-0.20568141341209412,0,False
308,30.91404807008803,30.879999999999995,0.09999999999999432,170,-0.6357173229116581,-0.20786865295323317,-1.8973081429565,1.5780334650711432,0.26567575335502625,0.0009197741468983082,0.46302623553211514,0.0009197741468983082,0.0,-0.0,False,False,67,5.0,10,0.036,0.5,0.134,0.9857261776924133,-0.20621716976165771,0,False
309,31.01325964089483,30.97999999999999,0.09999999999999432,170,-0.6431503295120109,-0.22848850355567255,-1.9351564497017282,1.5735271493164675,0.2649170756340027,-0.001437772061081059,0.4615884634710341,0.001062227938918941,0.0,-0.0025,True,True,68,5.0,10,0.012,0.5,0.136,0.9979895353317261,-0.1791418045759201,0,False
310,31.114036608021706,31.079999999999984,0.09999999999999432,170,-0.6513516168900345,-0.2489265547114126,-1.970836822703536,1.5685267797741773,0.26407521963119507,0.0011786862088456354,0.46276714967987975,0.0011786862088456354,0.0,-0.0,False,False,68,5.0,10,0.036,0.5,0.136,0.9979398250579834,-0.17919808626174927,0,False
311,31.21445739781484,31.180000000000007,0.09999999999999432,169,-0.6601207601454561,-0.268897872396134,-1.9868049466958728,1.5631806964922919,0.2631751596927643,-0.0012398222106575496,0.4615273274692222,0.0012601777893424505,0.0,-0.0025,True,True,69,5.0,10,0.016,0.5,0.138,0.9774483442306519,0.022952234372496605,0,False
312,31.313361591193825,31.28,0.10000000000002274,169,-0.6687093333565481,-0.2886032033671313,-1.982137131710297,1.5582498945381538,0.26234501600265503,0.0011622877494829674,0.46268961521870516,0.0011622877494829674,0.0,-0.0,False,False,69,5.0,10,0.032,0.5,0.138,0.9774683117866516,0.022858019918203354,0,False
313,31.414407715201378,31.379999999999995,0.09999999999999432,171,-0.6773604248184659,-0.3084776679927312,-1.9951709176599721,1.5535732886567548,0.2615576684474945,-0.0013976313030483203,0.46129198391565684,0.0011023686969516798,0.0,-0.0025,True,True,70,5.0,10,0.016,0.5,0.14,0.9973602294921875,-0.20710061490535736,0,False
314,31.514170111157,31.47999999999999,0.09999999999999432,171,-0.6869004991931714,-0.32832183044037727,-2.037127084995063,1.5483104032538297,0.26067161560058594,0.0012405664002828132,0.46253255031593965,0.0012405664002828132,0.0,-0.0,False,False,70,5.0,10,0.036,0.5,0.14,0.9973700642585754,-0.21388623118400574,0,False
315,31.61349557992071,31.579999999999984,0.09999999999999432,168,-0.6972531683020772,-0.34777410720364593,-2.0793811308777572,1.5424638935808348,0.25968730449676514,-0.0011218617917815926,0.46141068852415806,0.0013781382082184075,0.0,-0.0025,True,True,71,5.0,10,0.012,0.5,0.142,0.9986563920974731,-0.19533026218414307,0,False
316,31.71458977414295,31.680000000000007,0.09999999999999432,171,-0.7083562584576354,-0.36681808938156607,-2.1188820729687725,1.5360847404657292,0.25861331820487976,0.001503692824559899,0.462914381348718,0.001503692824559899,0.0,-0.0,False,False,71,5.0,10,0.036,0.5,0.142,0.9986427426338196,-0.1950099915266037,0,False
317,31.81447028880939,31.78,0.10000000000002274,164,-0.7201759398838806,-0.3853832464388921,-2.1584369656030002,1.5291826798305184,0.25745129585266113,-0.0008730475088820615,0.4620413338398359,0.0016269524911179385,0.0,-0.0025,True,True,72,5.0,10,0.016,0.5,0.144,0.9956786632537842,-0.20349037647247314,0,False
318,31.914512812159956,31.879999999999995,0.09999999999999432,173,-0.7327212733842016,-0.403429973244256,-2.198642841362512,1.5217300970600585,0.2561965882778168,0.0017567214697892933,0.4637980553096252,0.0017567214697892933,0.0,-0.0,False,False,72,5.0,10,0.036,0.5,0.144,0.9953386187553406,-0.20240554213523865,0,False
319,32.01358648389578,31.97999999999999,0.09999999999999432,170,-0.7460110577758532,-0.4209908369891028,-2.2390658674465396,1.513709644511502,0.2548462748527527,-0.0006094203682885026,0.4631886349413367,0.0018905796317114974,0.0,-0.0025,True,True,73,5.0,10,0.012,0.5,0.146,0.9991468191146851,-0.20277024805545807,0,False
320,32.1136356969364,32.079999999999984,0.09999999999999432,171,-0.7600196623086819,-0.438026094942896,-2.279403195303237,1.5051280488218715,0.2534014880657196,0.002022852191964957,0.4652114871333017,0.002022852191964957,0.0,-0.0,False,False,73,5.0,10,0.032,0.5,0.146,0.999107301235199,-0.20159251987934113,0,False
321,32.21462771203369,32.18000000000001,0.09999999999999432,170,-0.7746935654462348,-0.4544064100815004,-2.3302491625440305,1.4959892043599694,0.25186288356781006,-0.0003457932276949957,0.46486569390560667,0.0021542067723050043,0.0,-0.0025,True,True,74,5.0,10,0.016,0.5,0.148,0.9955262541770935,-0.295204758644104,0,False
322,32.31376503314823,32.28,0.10000000000002274,169,-0.7903114406577992,-0.4699131489572874,-2.388384442245856,1.485947574402964,0.25017228722572327,0.0023670112067822303,0.4672327051123889,0.0023670112067822303,0.0,-0.0,False,False,74,5.0,10,0.032,0.5,0.148,0.9950204491615295,-0.29412928223609924,0,False
323,32.41378109715879,32.379999999999995,0.09999999999999432,171,-0.8067054538439795,-0.48443725287786926,-2.4400101187544645,1.475109900059394,0.248347669839859,5.465464635949968e-05,0.4672873597587484,0.0025546546463594997,0.0,-0.0025,True,True,75,5.0,10,0.012,0.5,0.15,0.9906108379364014,-0.22628912329673767,0,False
324,32.514499093871564,32.47999999999999,0.09999999999999432,172,-0.8237183755598628,-0.4981848051772673,-2.485601210310171,1.4636732009873081,0.2464222013950348,0.0026958566475891064,0.4699832164063375,0.0026958566475891064,0.0,-0.0,False,False,75,5.0,10,0.036,0.5,0.15,0.9894320964813232,-0.22317764163017273,0,False
325,32.61476186476648,32.579999999999984,0.09999999999999432,168,-0.8411674386589637,-0.5111307265813319,-2.508098809232398,1.4517852861844345,0.24442076683044434,0.00030221713846800445,0.4702854335448055,0.0028022171384680045,0.0,-0.0025,True,True,76,5.0,10,0.016,0.5,0.152,0.997877299785614,0.5403060913085938,0,False
326,32.714575150981545,32.68000000000001,0.09999999999999432,171,-0.858004498838556,-0.5246250205204832,-2.410523920386785,1.4408967195212874,0.24258758127689362,0.0025666509747736795,0.47285208451957916,0.0025666509747736795,0.0,-0.0,False,False,76,5.0,10,0.036,0.5,0.152,0.9981981515884399,0.575955867767334,0,False
327,32.814862532075495,32.78,0.10000000000002274,168,-0.8733383412830679,-0.5398417384265422,-2.3258889730264607,1.4322919346356062,0.24113889038562775,-0.00047168165491415356,0.472380402864665,0.0020283183450858465,0.0,-0.0025,True,True,77,5.0,10,0.016,0.5,0.154,0.9992794394493103,-0.3269583284854889,0,False
328,32.91399605292827,32.879999999999995,0.09999999999999432,172,-0.8885403062520397,-0.5555346030280999,-2.36870029149625,1.42427006595294,0.23978833854198456,0.001890913442589059,0.47427131630725405,0.001890913442589059,0.0,-0.0,False,False,77,5.0,10,0.032,0.5,0.154,0.9993368983268738,-0.3262118101119995,0,False
329,33.014024525880814,32.97999999999999,0.09999999999999432,172,-0.90487881802676,-0.5704109450297953,-2.4349975305950173,1.4151705192125894,0.23825635015964508,-0.00035505647954870486,0.47391625982770536,0.002144943520451295,0.0,-0.0025,True,True,78,5.0,10,0.012,0.5,0.156,0.9984200596809387,-0.3387333154678345,0,False
330,33.11475177388638,33.079999999999984,0.09999999999999432,172,-0.922169126110844,-0.5841601344603473,-2.5032876701944233,1.4050248033985016,0.23654823005199432,0.002391546306286647,0.476307806133992,0.002391546306286647,0.0,-0.0,False,False,78,5.0,10,0.036,0.5,0.156,0.9982536435127258,-0.3382875919342041,0,False
331,33.214112002868205,33.18000000000001,0.09999999999999432,170,-0.9403468285862309,-0.596732682902322,-2.5694283577109576,1.3938493810697046,0.23466674983501434,0.00013426854066980179,0.47644207467466176,0.002634268540669802,0.0,-0.0025,True,True,79,5.0,10,0.012,0.5,0.158,0.9995927810668945,-0.32583314180374146,0,False
332,33.31408308679238,33.28,0.10000000000002274,173,-0.9593034530561327,-0.6081093956008986,-2.6344535688403314,1.3817108990377487,0.2326231300830841,0.0028612808006253866,0.47930335547528713,0.0028612808006253866,0.0,-0.0,False,False,79,5.0,10,0.032,0.5,0.158,0.9994832277297974,-0.32842057943344116,0,False
333,33.41447592712939,33.379999999999995,0.09999999999999432,172,-0.9789784369978783,-0.6182136850000981,-2.7040267449083752,1.3686058169673592,0.23041677474975586,0.0005891275877749542,0.4798924830630621,0.0030891275877749542,0.0,-0.0025,True,True,80,5.0,10,0.012,0.5,0.16,0.9997674226760864,-0.36782482266426086,0,False
334,33.514952776022255,33.47999999999999,0.09999999999999432,168,-0.9993438264876965,-0.6268646352918207,-2.776943136124038,1.354449874878993,0.22803349792957306,0.0033368361221423957,0.4832293191852045,0.0033368361221423957,0.0,-0.0,False,False,80,5.0,10,0.036,0.5,0.16,0.9997009634971619,-0.3689350187778473,0,False
335,33.61530964681879,33.579999999999984,0.09999999999999432,171,-1.0202015952610493,-0.6340754456225652,-2.8238771243569216,1.3393938910553616,0.22549869120121002,0.0010489937980442642,0.48427831298324875,0.003548993798044264,0.0,-0.0025,True,True,81,5.0,10,0.016,0.5,0.162,0.999764084815979,0.6619529128074646,0,False
336,33.71441872790456,33.68000000000001,0.09999999999999432,167,-1.040700759276865,-0.6415719573120875,-2.7408294545752407,1.3249864966540947,0.2230730801820755,0.003396108416098221,0.48767442139934697,0.003396108416098221,0.0,-0.0,False,False,81,5.0,10,0.032,0.5,0.162,0.9997981786727905,0.6512124538421631,0,False
337,33.81519179511815,33.78,0.10000000000002274,172,-1.0601466459998776,-0.6513774076683603,-2.628302039973237,1.3128435892030452,0.22102871537208557,0.00036232395961791715,0.4880367453589649,0.002862323959617917,0.0,-0.0025,True,True,82,5.0,10,0.016,0.5,0.164,0.9999375343322754,-0.2981891632080078,0,False
338,33.91546959616244,33.879999999999995,0.09999999999999432,168,-1.0793184397554365,-0.6622110408857274,-2.6433771973218736,1.3017106508975471,0.21915438771247864,0.0026242542143414876,0.4906609995733064,0.0026242542143414876,0.0,-0.0,False,False,82,5.0,10,0.036,0.5,0.164,0.9999368786811829,-0.29764214158058167,0,False
339,34.01553672878072,33.97999999999999,0.09999999999999432,170,-1.0991448157645842,-0.6720551474945129,-2.7203647455942126,1.2897829958312126,0.21714626252651215,0.0003115847062209612,0.49097258427952734,0.0028115847062209613,0.0,-0.0025,True,True,83,5.0,10,0.016,0.5,0.166,0.9999999403953552,-0.4287784993648529,0,False
340,34.11530778510496,34.079999999999984,0.09999999999999432,170,-1.1197497391407591,-0.6802004996153654,-2.806662173380954,1.276563118389534,0.21492058038711548,0.003116187132041294,0.49408877141156865,0.003116187132041294,0.0,-0.0,False,False,83,5.0,10,0.036,0.5,0.166,0.9999999403953552,-0.42890608310699463,0,False
341,34.21572825498879,34.18000000000001,0.09999999999999432,171,-1.140917083724528,-0.6866335304082483,-2.8752947739979455,1.2621894456817606,0.2125006467103958,0.0008881595445751496,0.4949769309561438,0.0033881595445751497,0.0,-0.0025,True,True,84,5.0,10,0.016,0.5,0.168,0.9994234442710876,-0.24583424627780914,0,False
342,34.315373750869185,34.28,0.10000000000002274,171,-1.1623367545038459,-0.6919812011598692,-2.9244004298615183,1.2472301130111343,0.20998211205005646,0.0035262112056472943,0.4985031421617911,0.0035262112056472943,0.0,-0.0,False,False,84,5.0,10,0.036,0.5,0.168,0.9991476535797119,-0.24671882390975952,0,False
343,34.414681321009994,34.379999999999995,0.09999999999999432,169,-1.184031208903239,-0.6962111954569865,-2.9849387479273246,1.231625996778564,0.20735502243041992,0.001178199470859691,0.49968134163265077,0.003678199470859691,0.0,-0.0025,True,True,85,5.0,10,0.012,0.5,0.17,0.9999918937683105,-0.3622172772884369,0,False
344,34.51522614015266,34.47999999999999,0.09999999999999432,172,-1.2059968525777938,-0.6988732314934097,-3.0555831499581965,1.2150991806649691,0.20457258820533752,0.0038956981208033304,0.5035770397534541,0.0038956981208033304,0.0,-0.0,False,False,85,5.0,10,0.036,0.5,0.17,0.9999846816062927,-0.35475659370422363,0,False
345,34.6157162389718,34.579999999999984,0.09999999999999432,170,-1.2280895052537273,-0.6999923531397682,-3.1236692548725618,1.197747554940701,0.20165129005908966,0.0015901220938320227,0.5051671618472862,0.004090122093832023,0.0,-0.0025,True,True,86,5.0,10,0.016,0.5,0.172,0.9996951222419739,-0.3167291283607483,0,False
346,34.71577729191631,34.68000000000001,0.09999999999999432,170,-1.250197076080532,-0.699701289183232,3.0962627389376265,1.1797065374300248,0.19861392676830292,0.0042526254016892594,0.5094197872489754,0.0042526254016892594,0.0,-0.0,False,False,86,5.0,10,0.036,0.5,0.172,0.9994124174118042,-0.3041345477104187,0,False
347,34.8157703159377,34.78,0.10000000000002274,169,-1.2722410694368596,-0.6980537103481164,3.036251264377934,1.1610407392517081,0.1954713761806488,0.0018998985882553716,0.5113196858372308,0.004399898588255372,0.0,-0.0025,True,True,87,5.0,10,0.016,0.5,0.174,0.9995899200439453,-0.2891027331352234,0,False
348,34.9158549788408,34.879999999999995,0.09999999999999432,171,-1.2941382809456146,-0.6951175906325736,2.980105162813512,1.1418291983907631,0.19223694503307343,0.004528540955214871,0.5158482267924456,0.004528540955214871,0.0,-0.0,False,False,87,5.0,10,0.036,0.5,0.174,0.9990272521972656,-0.25786077976226807,0,False
349,35.01578331319615,34.97999999999999,0.09999999999999432,169,-1.315803640445205,-0.6910459959503202,2.9347689037797866,1.1222066246044007,0.18893331289291382,0.002125429562441512,0.5179736563548871,0.004625429562441512,0.0,-0.0025,True,True,88,5.0,10,0.016,0.5,0.176,0.9967767596244812,-0.19138029217720032,0,False
350,35.115326771046966,35.079999999999984,0.09999999999999432,169,-1.3372379475798177,-0.6861327468879249,2.8971262862356664,1.1023323329799917,0.1855873018503189,0.004684764445936949,0.522658420800824,0.004684764445936949,0.0,-0.0,False,False,88,5.0,10,0.036,0.5,0.176,0.9948287010192871,-0.17230749130249023,0,False
351,35.215813629794866,35.18000000000001,0.09999999999999432,166,-1.3584633881108201,-0.6804556309236914,2.862177766288039,1.0822216354676002,0.18220148980617523,0.002240489999318191,0.5248989108001422,0.004740489999318191,0.0,-0.0025,True,True,89,5.0,10,0.016,0.5,0.178,0.995101809501648,-0.16992390155792236,0,False
352,35.31587526295334,35.28,0.10000000000002274,171,-1.3794522807475875,-0.6740489895539931,2.8291591910561285,1.0619042708835356,0.17878088355064392,0.0047892055242695925,0.5296881163244118,0.0047892055242695925,0.0,-0.0,False,False,89,5.0,10,0.036,0.5,0.178,0.9927650094032288,-0.1555223912000656,0,False
353,35.4155506901443,35.379999999999995,0.09999999999999432,170,-1.4002751641261009,-0.666952762421744,2.796724534277612,1.0413384632715537,0.17531844973564148,0.0023477684701105543,0.5320358847945224,0.004847768470110554,0.0,-0.0025,True,True,90,5.0,10,0.016,0.5,0.18,0.9998838901519775,-0.1532643884420395,0,False
354,35.51514734700322,35.47999999999999,0.09999999999999432,168,-1.420912623254451,-0.6591788240841673,2.7669710182090634,1.0205360727548256,0.17181618511676788,0.004903535749851485,0.5369394205443738,0.004903535749851485,0.0,-0.0,False,False,90,5.0,10,0.032,0.5,0.18,0.9998233318328857,-0.13482865691184998,0,False
355,35.61622859118506,35.579999999999984,0.10099999999999909,169,-1.441316028923435,-0.6508349826088503,2.7403576621403487,0.9995936619779748,0.16829034686088562,0.0024365413003752646,0.5393759618447491,0.004936541300375265,0.0,-0.0025,True,True,91,5.0,10,0.016,0.5,0.182,0.9995840787887573,-0.12249215692281723,0,False
356,35.71714151697233,35.68000000000001,0.09999999999999432,172,-1.4614927944331961,-0.641980137128143,2.7163909474662544,0.9785353052208704,0.16474498808383942,0.0049638720659797375,0.5443398339107288,0.0049638720659797375,0.0,-0.0,False,False,91,5.0,10,0.036,0.5,0.182,0.9994138479232788,-0.11009395867586136,0,False
357,35.816763762850314,35.78,0.09999999999999432,171,-1.4812784823884784,-0.632775943844513,2.697915974398386,0.9575834240471591,0.1612175554037094,0.002438773660619315,0.5467786075713481,0.004938773660619315,0.0,-0.0025,True,True,92,5.0,10,0.016,0.5,0.184,0.9827795624732971,-0.07374599575996399,0,False
358,35.9170434451662,35.879999999999995,0.10000000000002274,171,-1.5007563152671821,-0.6233509022471106,2.6833418147229238,0.9367540384739599,0.1577107459306717,0.004909899019705942,0.5516885065910541,0.004909899019705942,0.0,-0.0,False,False,92,5.0,10,0.036,0.5,0.184,0.9803134799003601,-0.06661970168352127,0,False
359,36.01706819795072,35.97999999999999,0.09999999999999432,169,-1.5201804159344419,-0.6136003309590838,2.666769946941915,0.915783836065201,0.15418022871017456,0.0024430923388483994,0.5541315989299025,0.0049430923388483995,0.0,-0.0025,True,True,93,5.0,10,0.016,0.5,0.186,0.98945152759552,-0.08745979517698288,0,False
360,36.11759820720181,36.079999999999984,0.09999999999999432,169,-1.5394724849546244,-0.6034695841048054,2.650118011361206,0.894691049547548,0.15062907338142395,0.0049719878429416685,0.5591035867728441,0.0049719878429416685,0.0,-0.0,False,False,93,5.0,10,0.036,0.5,0.186,0.9878132343292236,-0.07530585676431656,0,False
361,36.217205284163356,36.18000000000001,0.09999999999999432,169,-1.5585434052052036,-0.5930724518410859,2.6352862202677687,0.8736140175218684,0.14708057045936584,0.0024682741969282262,0.5615718609697723,0.004968274196928226,0.0,-0.0025,True,True,94,5.0,10,0.016,0.5,0.188,0.9838100671768188,-0.06385712325572968,0,False
362,36.317198677919805,36.28,0.09999999999999432,172,-1.577418576284712,-0.582450125223553,2.6227891910544674,0.8525584045246022,0.14353567361831665,0.004963225307404328,0.5665350862771766,0.004963225307404328,0.0,-0.0,False,False,94,5.0,10,0.036,0.5,0.188,0.9820699095726013,-0.05451694130897522,0,False
363,36.41748357890174,36.379999999999995,0.10000000000002274,171,-1.5960635752103078,-0.571667623403906,2.6108559086922662,0.8315906803505356,0.14000557363033295,0.0024425081698126014,0.5689775944469893,0.0049425081698126015,0.0,-0.0025,True,True,95,5.0,10,0.016,0.5,0.19,0.9734419584274292,-0.05998091772198677,0,False
364,36.51755027193576,36.47999999999999,0.09999999999999432,168,-1.6144761992985128,-0.560713579856329,2.5991727657005614,0.8107020826698634,0.13648879528045654,0.004923856487026065,0.5739014509340153,0.004923856487026065,0.0,-0.0,False,False,95,5.0,10,0.036,0.5,0.19,0.9705550074577332,-0.0557156465947628,0,False
365,36.61786530306563,36.579999999999984,0.09999999999999432,171,-1.6328891118948212,-0.5494612550571724,2.585477726860779,0.7896343440242805,0.1329418569803238,0.0024660835630439175,0.5763675344970592,0.0049660835630439175,0.0,-0.0025,True,True,96,5.0,10,0.016,0.5,0.192,0.9845377802848816,-0.070333331823349,0,False
366,36.71790099609643,36.68000000000001,0.09999999999999432,172,-1.6512166570860587,-0.5378875512766202,2.571932046286514,0.7684310105376684,0.12937209010124207,0.004998045954575166,0.5813655804516344,0.004998045954575166,0.0,-0.0,False,False,96,5.0,10,0.036,0.5,0.192,0.9827331900596619,-0.06140740588307381,0,False
367,36.817371604032815,36.78,0.09999999999999432,166,-1.6695530701139496,-0.52575356184594,2.5201099575793133,0.746853906154407,0.12573939561843872,0.0025861511630847277,0.5839517316147191,0.005086151163084728,0.0,-0.0025,True,True,97,5.0,10,0.016,0.5,0.194,0.9796295166015625,-0.1367245465517044,0,False
368,36.917842984199524,36.879999999999995,0.10000000000002274,171,-1.6869553848677363,-0.5130041910591471,2.5024942611572762,0.7255260856286907,0.12214867025613785,0.005027390017035206,0.5889791216317544,0.005027390017035206,0.0,-0.0,False,False,97,5.0,10,0.036,0.5,0.194,0.9761548638343811,-0.12238077819347382,0,False
369,37.01771033881232,36.97999999999999,0.09999999999999432,170,-1.7038298348478802,-0.5000566363837133,2.4864367853228306,0.7044440971336263,0.11859933286905289,0.0024694425349998483,0.5914485641667542,0.004969442534999848,0.0,-0.0025,True,True,98,5.0,10,0.016,0.5,0.196,0.9540157914161682,-0.01967124082148075,0,False
370,37.11834264686331,37.079999999999984,0.10099999999999909,173,-1.7204291875013864,-0.4872271636934101,2.480333589461604,0.6836508229802312,0.11509860306978226,0.004901386842326865,0.5963499510090811,0.004901386842326865,0.0,-0.0,False,False,98,5.0,10,0.036,0.5,0.196,0.9502022862434387,-0.015137871727347374,0,False
371,37.21931085176766,37.18000000000001,0.10099999999999909,170,-1.7369271196785223,-0.47437008430693545,2.4756382311269935,0.6629203897779659,0.11160845309495926,0.002386573984632837,0.5987365249937139,0.004886573984632837,0.0,-0.0025,True,True,99,5.0,10,0.016,0.5,0.198,0.9473166465759277,-0.029744163155555725,0,False
372,37.31947226403281,37.28,0.09999999999999432,170,-1.7532762707131684,-0.46145536315216695,2.470493119652461,0.642264082345519,0.10813078284263611,0.0048691010715078845,0.6036056260652217,0.0048691010715078845,0.0,-0.0,False,False,99,5.0,10,0.036,0.5,0.198,0.9434064626693726,-0.02633710391819477,0,False
373,37.419672165997326,37.379999999999995,0.09999999999999432,171,-1.7684499240841727,-0.4493157104679108,2.460382985259612,0.6229928425810008,0.10488630086183548,0.00204261317002415,0.6056482392352459,0.00454261317002415,0.0,-0.0025,True,True,100,5.0,10,0.016,0.5,0.2,0.8186372518539429,-0.08171743154525757,0,False
374,37.519528741016984,37.47999999999999,0.10000000000002274,171,-1.7823323304815075,-0.437843318200119,2.444311991493199,0.6051058296547835,0.10187486559152603,0.004216323468749002,0.6098645627039949,0.004216323468749002,0.0,-0.0,False,False,100,5.0,10,0.036,0.5,0.2,0.8131778836250305,-0.0672130286693573,0,False
375,37.61973900301382,37.579999999999984,0.09999999999999432,165,-1.7960870539678384,-0.42615327805703934,2.4305514744554264,0.5871561085400093,0.09885287284851074,0.0017311050316732245,0.6115956677356681,0.004231105031673225,0.0,-0.0025,True,True,101,5.0,10,0.016,0.5,0.202,0.8212597370147705,-0.057403434067964554,0,False
376,37.71978777600452,37.68000000000001,0.09999999999999432,171,-1.8097162575394468,-0.4142817424923434,2.41944877882555,0.569166735670156,0.09582420438528061,0.0042404517362463635,0.6158361194719144,0.0042404517362463635,0.0,-0.0,False,False,101,5.0,10,0.036,0.5,0.202,0.8184863924980164,-0.04830704256892204,0,False
377,37.819907487835735,37.78,0.09999999999999432,171,-1.8232951639448214,-0.4021946432448783,2.407713470714762,0.5510599564317483,0.09277576953172684,0.0017681267443183071,0.6176042462162327,0.004268126744318307,0.0,-0.0025,True,True,102,5.0,10,0.016,0.5,0.204,0.8273130059242249,-0.059569451957941055,0,False
378,37.920067600905895,37.879999999999995,0.09999999999999432,172,-1.8367395848818886,-0.3899209876521943,2.396460392296859,0.5329132156589251,0.08972060680389404,0.004277546470020888,0.6218817926862535,0.004277546470020888,0.0,-0.0,False,False,102,5.0,10,0.036,0.5,0.204,0.8235039114952087,-0.049346283078193665,0,False
379,38.02011876413599,37.97999999999999,0.10000000000002274,170,-1.8502337390698875,-0.377307825598866,2.3803752312348956,0.5144877177373932,0.08661851286888123,0.0018432550549607172,0.6237250477412143,0.004343255054960717,0.0,-0.0025,True,True,103,5.0,10,0.016,0.5,0.206,0.8456987738609314,-0.06886593252420425,0,False
380,38.12014338700101,38.079999999999984,0.09999999999999432,162,-1.863632966765658,-0.3643802868312009,2.3681681537722343,0.49589896610549683,0.08348893374204636,0.0043817371901953344,0.6281067849314096,0.0043817371901953344,0.0,-0.0,False,False,103,5.0,10,0.036,0.5,0.206,0.8430966734886169,-0.05729839950799942,0,False
381,38.220203570090234,38.18000000000001,0.09999999999999432,172,-1.876879264713977,-0.35129300376413564,2.357731042137012,0.47729844285881134,0.0803573727607727,0.001884511993115481,0.629991296924525,0.004384511993115481,0.0,-0.0025,True,True,104,5.0,10,0.016,0.5,0.208,0.8463799953460693,-0.04070043936371803,0,False
382,38.32011560490355,38.28,0.09999999999999432,170,-1.890018702245126,-0.3380856923437075,2.3497226899602697,0.4586832714749259,0.07722334563732147,0.004387964849380777,0.6343792617739058,0.004387964849380777,0.0,-0.0,False,False,104,5.0,10,0.036,0.5,0.208,0.845614492893219,-0.03206248953938484,0,False
383,38.42020594701171,38.379999999999995,0.09999999999999432,168,-1.903387209541254,-0.32446019551814365,2.3437702329660266,0.43960613059185494,0.07401154190301895,0.0019968602166115464,0.6363761219905173,0.0044968602166115465,0.0,-0.0025,True,True,105,5.0,10,0.016,0.5,0.21,0.880910336971283,-0.025054916739463806,0,False
384,38.520191840827465,38.47999999999999,0.10000000000002274,171,-1.9168895818129343,-0.3105516449062821,2.3389683384227116,0.42023067220768145,0.07074951380491257,0.00456717956429836,0.6409433015548156,0.00456717956429836,0.0,-0.0,False,False,105,5.0,10,0.036,0.5,0.21,0.8798821568489075,-0.02099350094795227,0,False
385,38.61993243684992,38.579999999999984,0.09999999999999432,171,-1.9302591195950038,-0.2966626197539536,2.335906886529208,0.40095991923926355,0.0675051137804985,0.0020424984225349808,0.6429857999773506,0.004542498422534981,0.0,-0.0025,True,True,106,5.0,10,0.016,0.5,0.212,0.8727549314498901,-0.01028665341436863,0,False
386,38.72036351682618,38.68000000000001,0.09999999999999432,169,-1.943548715982569,-0.282796521365503,2.3338473959720276,0.3817605925350171,0.06427273899316788,0.0045256618363954506,0.6475114618137461,0.0045256618363954506,0.0,-0.0,False,False,106,5.0,10,0.036,0.5,0.212,0.8729445338249207,-0.008597043342888355,0,False
387,38.82033694116399,38.78,0.09999999999999432,172,-1.9567531625833554,-0.26896637394513623,2.3322110378932406,0.36264574708126834,0.06105458736419678,0.0020057479312279394,0.6495172097449741,0.004505747931227939,0.0,-0.0025,True,True,107,5.0,10,0.016,0.5,0.214,0.8657393455505371,-0.007440563756972551,0,False
388,38.92038943385705,38.879999999999995,0.09999999999999432,171,-1.96987962635031,-0.2551730410995662,2.330799446393359,0.34361122298406915,0.057849958539009094,0.004486814595513439,0.6540040243404875,0.004486814595513439,0.0,-0.0,False,False,107,5.0,10,0.036,0.5,0.214,0.8641216158866882,-0.006198684684932232,0,False
389,39.020177168771625,38.97999999999999,0.10000000000002274,169,-1.9829243755817265,-0.24142836943340737,2.3293953954778677,0.3246682608079175,0.05466074496507645,0.0019652316359578723,0.6559692559764454,0.004465231635957872,0.0,-0.0025,True,True,108,5.0,10,0.016,0.5,0.216,0.8582097291946411,-0.006820021662861109,0,False
390,39.12020637281239,39.079999999999984,0.09999999999999432,168,-1.9958991110935314,-0.22771885020459615,2.3280771920013015,0.30579902611386595,0.051483944058418274,0.004447852607142233,0.6604171085835876,0.004447852607142233,0.0,-0.0,False,False,108,5.0,10,0.036,0.5,0.216,0.8564811944961548,-0.005813026335090399,0,False
391,39.22022238606587,39.18000000000001,0.09999999999999432,168,-2.00910380193114,-0.21366094797693233,2.316433593019516,0.2865176521396233,0.04823775589466095,0.0020450020041170593,0.6624621105877047,0.004545002004117059,0.0,-0.0025,True,True,109,5.0,10,0.016,0.5,0.218,0.8904443979263306,-0.026030030101537704,0,False
392,39.320539096836,39.28,0.09999999999999432,170,-2.0223872182537717,-0.1992647850537924,2.3142488996722785,0.26693211911107456,0.04494035989046097,0.004616698321674017,0.6670788089093787,0.004616698321674017,0.0,-0.0,False,False,109,5.0,10,0.036,0.5,0.218,0.8888957500457764,-0.021004075184464455,0,False
393,39.42068105889484,39.379999999999995,0.09999999999999432,166,-2.0355181113937673,-0.18489545303039132,2.308856439439448,0.24746841787017385,0.04166347533464432,0.0020879801546095094,0.6691667890639882,0.004587980154609509,0.0,-0.0025,True,True,110,5.0,10,0.016,0.5,0.22,0.8800567984580994,-0.02887973003089428,0,False
394,39.5204487349838,39.47999999999999,0.10000000000002274,166,-2.04849804602915,-0.17052305179358762,2.3029958036216396,0.22810293880605653,0.03840312734246254,0.004564827240770192,0.6737316163047584,0.004564827240770192,0.0,-0.0,False,False,110,5.0,10,0.036,0.5,0.22,0.8785845637321472,-0.022403476759791374,0,False
395,39.62056884821504,39.579999999999984,0.09999999999999432,168,-2.061253588570891,-0.15628609355403086,2.3024234410921305,0.20898782782716213,0.03518493101000786,0.0020058105207674992,0.675737426825526,0.004505810520767499,0.0,-0.0025,True,True,111,5.0,10,0.016,0.5,0.222,0.860599935054779,0.01732056215405464,0,False
396,39.67803613003343,39.639999999999986,0.0,91,-2.0688533658806105,-0.14784859557287644,2.304740412581944,0.19763260072059038,0.033273179084062576,1.5026766520905366,2.1784140789160626,0.002676652090536519,1.5,-0.0,False,False,111,5.0,10,0.028,0.5,0.222,0.8595774173736572,0.018475933000445366,1,True
