ppo_step,t_wall_s,t_sim_s,ppo_step_sim_dt,inner_ticks,x,y,yaw,goal_distance_m,goal_distance_norm,ppo_reward,ppo_reward_cumulative,navigation_reward,terminal_reward,frame_cost_reward,fresh_observation,frame_consumed,episode_frame_count,current_fps,scan_divisor_k,obs_age_ratio,fps_ratio,frame_count_ratio,action_linear,action_angular,outcome,done
1,0.08062325185164809,0.0800000000000125,0.09999999999999432,84,1.9636164776320475,-0.8216346953169734,-1.2905846722725842,4.2439117686354155,0.7144997119903564,-0.0014968168830517441,-0.0014968168830517441,-0.0014968168830517441,0.0,-0.0,False,False,1,10.0,5,0.016,1.0,0.002,0.9999455809593201,-0.32403379678726196,0,False
2,0.2969639040529728,0.28000000000000114,0.19700000000000273,346,1.972778032900449,-0.8642008529752586,-1.4361168627388965,4.259822035360885,0.7171783447265625,-0.006254574164118664,-0.007751391047170408,-0.0037545741641186636,0.0,-0.0025,True,True,2,5.0,10,0.032,0.5,0.004,0.9999104738235474,-0.397985577583313,0,False
3,0.3974308562465012,0.37999999999999545,0.09999999999999432,154,1.9748992134724963,-0.886233914995399,-1.5104464509701143,4.267926216838693,0.718542754650116,-0.004412460106605194,-0.012163851153775603,-0.001912460106605194,0.0,-0.0025,True,True,3,5.0,10,0.016,0.5,0.006,0.999990701675415,-0.3588653802871704,0,False
4,0.49751153215765953,0.4800000000000182,0.10000000000002274,156,1.9754538471916439,-0.908362810398895,-1.5832859708466607,4.273118118519355,0.7194168567657471,-0.0012252076127457251,-0.013389058766521328,-0.0012252076127457251,0.0,-0.0,False,False,3,5.0,10,0.036,0.5,0.006,0.9999887943267822,-0.3680272102355957,0,False
5,0.5975287989713252,0.5800000000000125,0.09999999999999432,156,1.9744221828126742,-0.9304463063408767,-1.649686772315576,4.276859898871414,0.7200468182563782,-0.0033830016542183822,-0.01677206042073971,-0.0008830016542183821,0.0,-0.0025,True,True,4,5.0,10,0.016,0.5,0.008,0.9985777139663696,-0.3080938458442688,0,False
6,0.6971425781957805,0.6800000000000068,0.09999999999999432,156,1.9720351733235086,-0.9523967035055442,-1.7111836116193757,4.278963566091768,0.7204009890556335,-0.0004964325697194363,-0.017268492990459145,-0.0004964325697194363,0.0,-0.0,False,False,4,5.0,10,0.032,0.5,0.008,0.9983358979225159,-0.30761805176734924,0,False
7,0.7972197141498327,0.7800000000000011,0.09999999999999432,157,1.968369151263824,-0.9740419550639414,-1.7595882018126183,4.280474227153574,0.7206553220748901,-0.0028564923889249955,-0.02012498537938414,-0.0003564923889249956,0.0,-0.0025,True,True,5,5.0,10,0.012,0.5,0.01,0.9978508353233337,-0.15162312984466553,0,False
8,0.8972264411859214,0.8799999999999955,0.09999999999999432,156,1.9639855775703385,-0.9956056193687812,-1.7886574674861317,4.281267262255155,0.720788836479187,-0.00018714388356977826,-0.020312129262953917,-0.00018714388356977826,0.0,-0.0,False,False,5,5.0,10,0.032,0.5,0.01,0.9977383613586426,-0.15197503566741943,0,False
9,0.9979842412285507,0.9800000000000182,0.10000000000002274,156,1.9589593028245724,-1.0169228506483532,-1.8183931370206767,4.281480390438705,0.7208247184753418,-0.0025502949187093007,-0.02286242418166322,-5.029491870930062e-05,0.0,-0.0025,True,True,6,5.0,10,0.012,0.5,0.012,0.98954176902771,-0.1597113162279129,0,False
10,1.09865208202973,1.0800000000000125,0.10099999999999909,157,1.9532746527299407,-1.0379964989027233,-1.8500729506307154,4.281019438785911,0.7207471132278442,0.00010877738232479084,-0.022753646799338428,0.00010877738232479084,0.0,-0.0,False,False,6,5.0,10,0.036,0.5,0.012,0.9887701272964478,-0.16218480467796326,0,False
11,1.1998043800704181,1.1800000000000068,0.10099999999999909,155,1.9468236685269797,-1.0589542530285776,-1.8995322454509358,4.279898568637873,0.7205584049224854,-0.002235492171704471,-0.0249891389710429,0.00026450782829552926,0.0,-0.0025,True,True,7,5.0,10,0.016,0.5,0.014,0.992830216884613,-0.34103044867515564,0,False
12,1.300399900879711,1.2800000000000011,0.10099999999999909,158,1.9389782063795091,-1.0794682730961813,-1.9672184682294114,4.2774281226830375,0.7201424837112427,0.0005829866158704038,-0.024406152355172496,0.0005829866158704038,0.0,-0.0,False,False,7,5.0,10,0.036,0.5,0.014,0.9921702742576599,-0.3233751654624939,0,False
13,1.4006292158737779,1.3799999999999955,0.09999999999999432,152,1.929950012063421,-1.0991892857735814,-2.03014510323839,4.273722453750784,0.7195186018943787,-0.0016255200761942897,-0.026031672431366785,0.0008744799238057105,0.0,-0.0025,True,True,8,5.0,10,0.016,0.5,0.016,0.9719417691230774,-0.3019523024559021,0,False
14,1.5005365530960262,1.4800000000000182,0.09999999999999432,157,1.9198544411657368,-1.1181573527553639,-2.0912476580864334,4.26889626870402,0.7187060713768005,0.0011389042057245668,-0.02489276822564222,0.0011389042057245668,0.0,-0.0,False,False,8,5.0,10,0.036,0.5,0.016,0.970430850982666,-0.3054351210594177,0,False
15,1.6007986282929778,1.5800000000000125,0.09999999999999432,157,1.9085413677448777,-1.136709188028222,-2.135330992092034,4.262888673776016,0.7176946401596069,-0.0010823015355822514,-0.025975069761224472,0.0014176984644177486,0.0,-0.0025,True,True,9,5.0,10,0.016,0.5,0.018,0.9842194318771362,0.4311118721961975,0,False
16,1.7006134362891316,1.6800000000000068,0.10000000000002274,154,1.8975048506189527,-1.1553246441799327,-2.061774425989266,4.257266975392978,0.7167481780052185,0.0013266329139304267,-0.024648436847294047,0.0013266329139304267,0.0,-0.0,False,False,9,5.0,10,0.036,0.5,0.018,0.9858952760696411,0.44424107670783997,0,False
17,1.800769201014191,1.7800000000000011,0.09999999999999432,153,1.8880189649120553,-1.1748122087805768,-2.002674193340511,4.253478816648819,0.7161104083061218,-0.0016060537704479473,-0.026254490617741995,0.0008939462295520528,0.0,-0.0025,True,True,10,5.0,10,0.016,0.5,0.02,0.9705110788345337,-0.205398827791214,0,False
18,1.9006993882358074,1.8799999999999955,0.09999999999999432,151,1.8785908629738832,-1.1941612052562516,-2.046994072297563,4.249814569639282,0.7154935002326965,0.0008647049977442029,-0.02538978561999779,0.0008647049977442029,0.0,-0.0,False,False,10,5.0,10,0.036,0.5,0.02,0.9666280150413513,-0.21425579488277435,0,False
19,2.000875073019415,1.9800000000000182,0.09999999999999432,153,1.8684737028827072,-1.2129985811519057,-2.0729993572311556,4.245449690278839,0.7147586345672607,-0.001469956722976897,-0.02685974234297469,0.001030043277023103,0.0,-0.0025,True,True,11,5.0,10,0.016,0.5,0.022,0.969777524471283,-0.06307744234800339,0,False
20,2.1008640602231026,2.0800000000000125,0.09999999999999432,153,1.8581158533982784,-1.2316784910055958,-2.0853740579861504,4.240912042556981,0.7139946818351746,0.0010708139088007051,-0.025788928434173984,0.0010708139088007051,0.0,-0.0,False,False,11,5.0,10,0.036,0.5,0.022,0.9693561792373657,-0.06506890803575516,0,False
21,2.2009278759360313,2.180000000000007,0.10000000000002274,153,1.847501059229137,-1.2501943803518785,-2.102737033370381,4.236183570763804,0.7131986021995544,-0.0013841545942151474,-0.027173083028389132,0.0011158454057848526,0.0,-0.0025,True,True,12,5.0,10,0.016,0.5,0.024,0.9669075608253479,-0.11552608758211136,0,False
22,2.3008668329566717,2.280000000000001,0.09999999999999432,162,1.8364844664167137,-1.268432192741345,-2.125124843984151,4.231090444437311,0.7123411297798157,0.001201898173676202,-0.02597118485471293,0.001201898173676202,0.0,-0.0,False,False,12,5.0,10,0.036,0.5,0.024,0.9651128053665161,-0.11878089606761932,0,False
23,2.401143297087401,2.3799999999999955,0.09999999999999432,160,1.825066849236155,-1.2863063521183697,-2.159209912072402,4.22560611106294,0.7114177942276001,-0.0012057830801878498,-0.02717696793490078,0.0012942169198121502,0.0,-0.0025,True,True,13,5.0,10,0.016,0.5,0.026,0.9538489580154419,-0.2245856523513794,0,False
24,2.500938044860959,2.480000000000018,0.09999999999999432,151,1.8129690774048137,-1.3035365446955107,-2.204149004742908,4.219375475012617,0.710368812084198,0.001470332681671585,-0.025706635253229197,0.001470332681671585,0.0,-0.0,False,False,13,5.0,10,0.036,0.5,0.026,0.9513320922851562,-0.21831649541854858,0,False
25,2.601085611153394,2.5800000000000125,0.09999999999999432,152,1.8001388522419004,-1.320366385212155,-2.22361578416224,4.212419424264463,0.7091977000236511,-0.0008584807926878611,-0.026565116045917058,0.001641519207312139,0.0,-0.0025,True,True,14,5.0,10,0.016,0.5,0.028,0.9692025780677795,0.11353432387113571,0,False
26,2.70098976790905,2.680000000000007,0.10000000000002274,148,1.7875118973101152,-1.3374861543118934,-2.198654290517862,4.205843605524836,0.708090603351593,0.001551790398850326,-0.025013325647066733,0.001551790398850326,0.0,-0.0,False,False,14,5.0,10,0.036,0.5,0.028,0.9685587286949158,0.1123814806342125,0,False
27,2.802054866217077,2.780000000000001,0.10099999999999909,160,1.7752012374898005,-1.3548183190064358,-2.1941866428633365,4.199732986840333,0.7070618271827698,-0.0010579895399937015,-0.026071315187060434,0.0014420104600062985,0.0,-0.0025,True,True,15,5.0,10,0.016,0.5,0.03,0.9422721266746521,-0.23613350093364716,0,False
28,2.902818566188216,2.8799999999999955,0.10099999999999909,148,1.7625557464372943,-1.371338575745173,-2.245032228930246,4.193139466424331,0.7059517502784729,0.0015559677176801984,-0.024515347469380236,0.0015559677176801984,0.0,-0.0,False,False,15,5.0,10,0.036,0.5,0.03,0.9396277070045471,-0.23699280619621277,0,False
29,3.0037715351209044,2.980000000000018,0.10099999999999909,154,1.7492428046920383,-1.3872755314310603,-2.2747195036705903,4.185815574841114,0.7047187089920044,-0.0007716761074072942,-0.02528702357678753,0.0017283238925927058,0.0,-0.0025,True,True,16,5.0,10,0.016,0.5,0.032,0.9364092350006104,-0.01891491375863552,0,False
30,3.1046389150433242,3.0800000000000125,0.10099999999999909,155,1.7359315599141691,-1.403012384514883,-2.2781968281815077,4.1785164656048215,0.7034898400306702,0.0017224756462312616,-0.02356454793055627,0.0017224756462312616,0.0,-0.0,False,False,16,5.0,10,0.036,0.5,0.032,0.9366868734359741,-0.018071085214614868,0,False
31,3.205990670248866,3.180000000000007,0.10099999999999909,153,1.7223994143486199,-1.4189365139474677,-2.268524094099201,4.171162835205296,0.7022517919540405,-0.0007646582117734773,-0.024329206142329748,0.0017353417882265227,0.0,-0.0025,True,True,17,5.0,10,0.016,0.5,0.034,0.9599868059158325,0.07804671674966812,0,False
32,3.305978117045015,3.280000000000001,0.09999999999999432,154,1.7089859098706681,-1.4352120108449058,-2.2529092730826075,4.164133145483424,0.7010682821273804,0.001658896853643545,-0.022670309288686203,0.001658896853643545,0.0,-0.0,False,False,17,5.0,10,0.036,0.5,0.034,0.9601336717605591,0.07866716384887695,0,False
33,3.406079653184861,3.3799999999999955,0.09999999999999432,156,1.695749796623654,-1.4518826994136738,-2.2225169376948726,4.157502805580563,0.6999520063400269,-0.0009353434591542033,-0.023605652747840405,0.0015646565408457967,0.0,-0.0025,True,True,18,5.0,10,0.016,0.5,0.036,0.9818991422653198,0.21689167618751526,0,False
34,3.5067003341391683,3.480000000000018,0.10099999999999909,154,1.683081945084578,-1.4692824656354813,-2.1792296447252375,4.151760735798178,0.6989852786064148,0.001355038681972386,-0.02225061406586802,0.001355038681972386,0.0,-0.0,False,False,18,5.0,10,0.036,0.5,0.036,0.9830678105354309,0.22746872901916504,0,False
35,3.60805888986215,3.5800000000000125,0.10099999999999909,155,1.6711373846309359,-1.4871402926416948,-2.1585212544881314,4.146961811333031,0.6981773376464844,-0.0013675288652731687,-0.02361814293114119,0.0011324711347268314,0.0,-0.0025,True,True,19,5.0,10,0.016,0.5,0.038,0.9945408701896667,-0.14457924664020538,0,False
36,3.70872257091105,3.680000000000007,0.10099999999999909,155,1.6585946825152278,-1.5051361535796774,-2.1905566390529203,4.141761412847708,0.6973018050193787,0.001227212725784198,-0.02239093020535699,0.001227212725784198,0.0,-0.0,False,False,19,5.0,10,0.036,0.5,0.038,0.9941002726554871,-0.14454768598079681,0,False
37,3.8089878750033677,3.780000000000001,0.09999999999999432,154,1.6455435195581596,-1.522823711653414,-2.218239827391707,4.13608483926791,0.69634610414505,-0.0011604173976976393,-0.02355134760305463,0.0013395826023023607,0.0,-0.0025,True,True,20,5.0,10,0.016,0.5,0.04,0.9985572099685669,-0.11237713694572449,0,False
38,3.9097092859447002,3.8799999999999955,0.10099999999999909,157,1.6320817745277858,-1.5402385467652502,-2.241196090524196,4.130034406283079,0.6953274607658386,0.0014278075759855285,-0.0221235400270691,0.0014278075759855285,0.0,-0.0,False,False,20,5.0,10,0.036,0.5,0.04,0.9984867572784424,-0.11291724443435669,0,False
39,4.010013040155172,3.980000000000018,0.10000000000002274,156,1.6182467361079507,-1.5573313550637058,-2.261889649973315,4.123625691368428,0.6942484974861145,-0.0009876434909017674,-0.023111183517970868,0.0015123565090982326,0.0,-0.0025,True,True,21,5.0,10,0.016,0.5,0.042,0.9972415566444397,-0.10160311311483383,0,False
40,4.1110904882662,4.0800000000000125,0.10099999999999909,156,1.6040768897142468,-1.5741286964662164,-2.281917741811847,4.1169018866143094,0.6931164860725403,0.001586712784266484,-0.021524470733704386,0.001586712784266484,0.0,-0.0,False,False,21,5.0,10,0.036,0.5,0.042,0.9970938563346863,-0.10193479061126709,0,False
41,4.211723188869655,4.180000000000007,0.10099999999999909,153,1.5895864980027883,-1.5906364315276456,-2.2990979727110075,4.109877153361823,0.691933810710907,-0.0008422727956288276,-0.022366743529333214,0.0016577272043711724,0.0,-0.0025,True,True,22,5.0,10,0.016,0.5,0.044,0.996819019317627,-0.07453864812850952,0,False
42,4.3129749950021505,4.280000000000001,0.10099999999999909,164,1.5748563468796608,-1.6069194886317064,-2.314077103692547,4.102649204864556,0.6907169222831726,0.0017056828245359372,-0.020661060704797278,0.0017056828245359372,0.0,-0.0,False,False,22,5.0,10,0.036,0.5,0.044,0.9966702461242676,-0.07361270487308502,0,False
43,4.412769134156406,4.3799999999999955,0.09999999999999432,155,1.5599085857442752,-1.6229828100776997,-2.323447783789953,4.095239283134159,0.6894693970680237,-0.0007513743378950611,-0.02141243504269234,0.001748625662104939,0.0,-0.0025,True,True,23,5.0,10,0.016,0.5,0.046,0.998890221118927,0.012313492596149445,0,False
44,4.513980349991471,4.480000000000018,0.10099999999999909,156,1.5449487740785455,-1.6390707243105305,-2.3197243228377733,4.087932739193789,0.6882392764091492,0.0017242301201397159,-0.019688204922552625,0.0017242301201397159,0.0,-0.0,False,False,23,5.0,10,0.036,0.5,0.046,0.9989580512046814,0.01323842816054821,0,False
45,4.6150524080730975,4.5800000000000125,0.10099999999999909,155,1.5299505458668037,-1.6551784925947035,-2.331853710970763,4.080704082629468,0.6870222687721252,-0.0007941500827109266,-0.02048235500526355,0.0017058499172890734,0.0,-0.0025,True,True,24,5.0,10,0.016,0.5,0.048,0.999826967716217,-0.13560611009597778,0,False
46,4.714767867233604,4.680000000000007,0.09999999999999432,153,1.51450987820734,-1.6709142297992625,-2.3583730966143728,4.073025803485232,0.6857295632362366,0.001811953815563056,-0.018670401189700495,0.001811953815563056,0.0,-0.0,False,False,24,5.0,10,0.036,0.5,0.048,0.9997820854187012,-0.13450109958648682,0,False
47,4.815476768184453,4.780000000000001,0.09999999999999432,153,1.4986663791436512,-1.6862406942341455,-2.384480030471107,4.064915957470983,0.6843641996383667,-0.0005862031513692971,-0.01925660434106979,0.001913796848630703,0.0,-0.0025,True,True,25,5.0,10,0.016,0.5,0.05,0.99980229139328,-0.11819040775299072,0,False
48,4.915870220866054,4.8799999999999955,0.10000000000002274,154,1.4824696553973016,-1.7011886690140823,-2.408562822681217,4.05643012785054,0.6829355359077454,0.00200252310057307,-0.01725408124049672,0.00200252310057307,0.0,-0.0,False,False,25,5.0,10,0.036,0.5,0.05,0.9997727870941162,-0.11736690998077393,0,False
49,5.015648959204555,4.980000000000018,0.09999999999999432,153,1.4659286032293464,-1.715753349792021,-2.4310520515647225,4.047572208992702,0.6814442276954651,-0.000409669657626917,-0.017663750898123637,0.002090330342373083,0.0,-0.0025,True,True,26,5.0,10,0.016,0.5,0.052,0.9998911023139954,-0.11033973842859268,0,False
50,5.115801005158573,5.0800000000000125,0.09999999999999432,151,1.4490704908589849,-1.7299491107635896,-2.4529289678491497,4.038370877613198,0.6798951029777527,0.0021713703276688787,-0.015492380570454758,0.0021713703276688787,0.0,-0.0,False,False,26,5.0,10,0.036,0.5,0.052,0.9998803734779358,-0.10988140851259232,0,False
51,5.215640041977167,5.180000000000007,0.09999999999999432,152,1.4318956381530699,-1.743766583356603,-2.476811759871372,4.028819761108531,0.6782870888710022,-0.0002460858522564712,-0.01573846642271123,0.002253914147743529,0.0,-0.0025,True,True,27,5.0,10,0.016,0.5,0.054,0.9999448657035828,-0.12706060707569122,0,False
52,5.3157251579687,5.280000000000001,0.09999999999999432,153,1.4143737886043348,-1.7571457905916101,-2.5019551306085805,4.01886292218136,0.6766107678413391,0.002349658295319713,-0.013388808127391518,0.002349658295319713,0.0,-0.0,False,False,27,5.0,10,0.036,0.5,0.054,0.9999372959136963,-0.1254534274339676,0,False
53,5.416732447221875,5.3799999999999955,0.10099999999999909,154,1.3965819485254605,-1.7701135331864868,-2.5132893611403113,4.0085786022412595,0.6748793125152588,-7.306130633120923e-05,-0.013461869433722727,0.002426938693668791,0.0,-0.0025,True,True,28,5.0,10,0.016,0.5,0.056,0.9999924302101135,-0.01231838297098875,0,False
54,5.516892491839826,5.480000000000018,0.10000000000002274,154,1.3787672483386946,-1.7830320782307811,-2.5168356526529654,3.998347033296755,0.67315673828125,0.0024144902835563703,-0.011047379150166358,0.0024144902835563703,0.0,-0.0,False,False,28,5.0,10,0.036,0.5,0.056,0.999992311000824,-0.012138381600379944,0,False
55,5.6180860181339085,5.5800000000000125,0.10099999999999909,156,1.3608550041040133,-1.7958628751173178,-2.5358539276594847,3.9880836013347762,0.6714287996292114,-7.799054255019488e-05,-0.011125369692716554,0.002422009457449805,0.0,-0.0025,True,True,29,5.0,10,0.016,0.5,0.058,0.9999574422836304,-0.20564691722393036,0,False
56,5.718008685857058,5.680000000000007,0.09999999999999432,152,1.342424227858488,-1.8080130542189767,-2.5770323206031294,3.9771446734023432,0.6695871353149414,0.0025814159439905885,-0.008543953748725965,0.0025814159439905885,0.0,-0.0,False,False,29,5.0,10,0.036,0.5,0.058,0.9999504089355469,-0.2064329981803894,0,False
57,5.818926434963942,5.800000000000011,0.10099999999999909,153,1.3196905802902033,-1.8216062054171465,-2.6254362046722046,3.965534497901787,0.6676324605941772,0.00023981987401203034,-0.008304133874713935,0.0027398198740120304,0.0,-0.0025,True,True,30,5.0,10,0.016,0.5,0.06,0.9999831914901733,-0.19293831288814545,0,False
58,5.919933373108506,5.900000000000006,0.10099999999999909,154,1.3002835435556541,-1.8321193350552405,-2.6644447420955073,3.9507780264424133,0.6651480793952942,0.000982296522799785,-0.00732183735191415,0.003482296522799785,0.0,-0.0025,True,True,31,5.0,10,0.0,0.5,0.062,0.9999744296073914,-0.19035673141479492,0,False
59,6.021506857126951,6.0,0.10099999999999909,167,1.2804771818480507,-1.841859630783877,-2.7074807917188113,3.9377871201846397,0.662960946559906,0.0030656507427273085,-0.004256186609186842,0.0030656507427273085,0.0,-0.0,False,False,31,5.0,10,0.02,0.5,0.062,0.9995164275169373,-0.2191678136587143,0,False
60,6.12197694927454,6.099999999999994,0.10099999999999909,153,1.260264522667073,-1.850719621412562,-2.750596532079744,3.9241040783806205,0.6606572866439819,0.0007289839089678406,-0.0035272027002190014,0.0032289839089678406,0.0,-0.0025,True,True,32,5.0,10,0.0,0.5,0.064,0.9993618130683899,-0.20484186708927155,0,False
61,6.222758459858596,6.200000000000017,0.10099999999999909,154,1.2396973243828908,-1.8587017425937427,-2.791752976704031,3.909768552785434,0.6582437753677368,0.00338295988103002,-0.00014424281918898156,0.00338295988103002,0.0,-0.0,False,False,32,5.0,10,0.02,0.5,0.064,0.9991505146026611,-0.20367836952209473,0,False
62,6.324019526131451,6.300000000000011,0.10099999999999909,162,1.2188289971333484,-1.8658415995571225,-2.8325594295597334,3.89483718876348,0.6557299494743347,0.0010235684328370057,0.0008793256136480241,0.0035235684328370057,0.0,-0.0025,True,True,33,5.0,10,0.0,0.5,0.066,0.9975863695144653,-0.24530668556690216,0,False
63,6.424057802185416,6.400000000000006,0.09999999999999432,149,1.1976916486548819,-1.872082094192172,-2.880291805028801,3.87930396774479,0.6531147956848145,0.003665597273046278,0.004544922886694302,0.003665597273046278,0.0,-0.0,False,False,33,5.0,10,0.02,0.5,0.066,0.9972457885742188,-0.24613460898399353,0,False
64,6.524723452981561,6.5,0.10099999999999909,158,1.1762834882575381,-1.8772709157931224,-2.9286107176548994,3.8630863999174587,0.6503844261169434,0.0013270924190017875,0.0058720153056960895,0.0038270924190017875,0.0,-0.0025,True,True,34,5.0,10,0.0,0.5,0.068,0.9952508807182312,-0.2609771192073822,0,False
65,6.624901288188994,6.599999999999994,0.09999999999999432,155,1.1546754720634507,-1.8813800963740808,-2.9801896297728883,3.846223783003038,0.6475454568862915,0.003979313917155408,0.009851329222851497,0.003979313917155408,0.0,-0.0,False,False,34,5.0,10,0.02,0.5,0.068,0.9945862293243408,-0.26011794805526733,0,False
66,6.72494244389236,6.700000000000017,0.10000000000002274,153,1.1329046063139208,-1.8843577259449782,-3.0317986610574454,3.828714700867418,0.6445976495742798,0.001631869600815405,0.011483198823666902,0.004131869600815405,0.0,-0.0025,True,True,35,5.0,10,0.0,0.5,0.07,0.993283212184906,-0.183314710855484,0,False
67,6.825432416982949,6.800000000000011,0.09999999999999432,168,1.1110550233645924,-1.8863191187279633,-3.067582317980558,3.8106802329770004,0.6415613889694214,0.004255852423680412,0.015739051247347313,0.004255852423680412,0.0,-0.0,False,False,35,5.0,10,0.02,0.5,0.07,0.9912980794906616,-0.181526780128479,0,False
68,6.925414822995663,6.900000000000006,0.09999999999999432,154,1.0892153691836646,-1.8875034148793806,-3.105487568225915,3.7923090792019383,0.6384684443473816,0.0018353050278209948,0.017574356275168308,0.004335305027820995,0.0,-0.0025,True,True,36,5.0,10,0.0,0.5,0.072,0.9928147196769714,-0.19075514376163483,0,False
69,7.025487889070064,7.0,0.09999999999999432,154,1.067321612694048,-1.887894078135133,3.139739778368443,3.7735307868702614,0.6353069543838501,0.004431383360903556,0.022005739636071865,0.004431383360903556,0.0,-0.0,False,False,36,5.0,10,0.02,0.5,0.072,0.992172122001648,-0.18420782685279846,0,False
70,7.125904342159629,7.099999999999994,0.09999999999999432,158,1.045431692495098,-1.8874680924112468,3.1036056584205927,3.7543789891670807,0.6320825815200806,0.0020195247882099465,0.024025264424281812,0.0045195247882099466,0.0,-0.0025,True,True,37,5.0,10,0.0,0.5,0.074,0.9972219467163086,-0.24756644666194916,0,False
71,7.225571491289884,7.200000000000017,0.10000000000002274,153,1.0234380924477255,-1.8861949847955353,3.0589924706089477,3.734740395363599,0.6287762522697449,0.0046344010560262,0.028659665480308013,0.0046344010560262,0.0,-0.0,False,False,37,5.0,10,0.02,0.5,0.074,0.9971180558204651,-0.2427656054496765,0,False
72,7.325837515294552,7.300000000000011,0.09999999999999432,151,1.0015376517884151,-1.8838518649224196,3.0114594681067945,3.7146656322542477,0.6253964900970459,0.0022373301919896512,0.030896995672297665,0.004737330191989651,0.0,-0.0025,True,True,38,5.0,10,0.0,0.5,0.076,0.9902682304382324,-0.19455526769161224,0,False
73,7.4260970102623105,7.400000000000006,0.09999999999999432,152,0.9799022770372753,-1.8805389517796884,2.9714708759375488,3.6943476481115103,0.6219757795333862,0.004794726552709337,0.035691722225007,0.004794726552709337,0.0,-0.0,False,False,38,5.0,10,0.02,0.5,0.076,0.989669144153595,-0.18818892538547516,0,False
74,7.5256823799572885,7.5,0.09999999999999432,153,0.9584523490835137,-1.8764271455215416,2.9332042624232777,3.6737991881423753,0.6185162663459778,0.002349115243871942,0.038040837468878944,0.004849115243871942,0.0,-0.0025,True,True,39,5.0,10,0.0,0.5,0.078,0.9986180067062378,-0.2402254194021225,0,False
75,7.626103052869439,7.599999999999994,0.09999999999999432,154,0.9369502831543949,-1.8713987044819147,2.8856111146325647,3.65275118686595,0.6149726510047913,0.004966999181245486,0.04300783665012443,0.004966999181245486,0.0,-0.0,False,False,39,5.0,10,0.02,0.5,0.078,0.9985281825065613,-0.24131831526756287,0,False
76,7.725640883203596,7.700000000000017,0.10000000000002274,153,0.9157444752545191,-1.8653384062654437,2.8388198610551174,3.6314390765780162,0.6113845705986023,0.0025293247781843667,0.04553716142830879,0.005029324778184367,0.0,-0.0025,True,True,40,5.0,10,0.0,0.5,0.08,0.9885565638542175,-0.20592531561851501,0,False
77,7.82672266010195,7.800000000000011,0.10099999999999909,159,0.8950318087668376,-1.8583660161867737,2.7974114883940997,3.610089438736168,0.6077901721000671,0.005038180694103311,0.050575342122412104,0.005038180694103311,0.0,-0.0,False,False,40,5.0,10,0.02,0.5,0.08,0.9857990145683289,-0.19599980115890503,0,False
78,7.927019563969225,7.900000000000006,0.09999999999999432,153,0.8747109271055942,-1.8506222487031694,2.758056129846117,3.5886835095634493,0.6041862964630127,0.002551464567981622,0.05312680669039373,0.005051464567981622,0.0,-0.0025,True,True,41,5.0,10,0.0,0.5,0.082,0.9989985823631287,-0.16527964174747467,0,False
79,8.028006792999804,8.0,0.10099999999999909,164,0.8544817674514592,-1.8420532112737833,2.7248609458937434,3.5669341678690634,0.6005246043205261,0.005132504553277522,0.05825931124367125,0.005132504553277522,0.0,-0.0,False,False,41,5.0,10,0.02,0.5,0.082,0.9987111687660217,-0.15510773658752441,0,False
80,8.128129368182272,8.099999999999994,0.09999999999999432,152,0.8344789279521238,-1.832828750305006,2.694059451955103,3.545042150663098,0.5968388915061951,0.002666173743044844,0.06092548498671609,0.005166173743044844,0.0,-0.0025,True,True,42,5.0,10,0.0,0.5,0.084,0.9970360398292542,-0.13926354050636292,0,False
81,8.228337643202394,8.200000000000017,0.09999999999999432,161,0.8147894278681118,-1.8230400408217402,2.66677679557136,3.5231278293449013,0.5931494235992432,0.005171437164770102,0.0660969221514862,0.005171437164770102,0.0,-0.0,False,False,42,5.0,10,0.02,0.5,0.084,0.9963749051094055,-0.12321789562702179,0,False
82,8.327996022067964,8.300000000000011,0.10000000000002274,154,0.7953792892496075,-1.812764209340136,2.6427473961423265,3.5012014708867696,0.5894579291343689,0.0026742777415743606,0.06877119989306056,0.005174277741574361,0.0,-0.0025,True,True,43,5.0,10,0.0,0.5,0.086,0.9974535703659058,-0.16197744011878967,0,False
83,8.42851622402668,8.400000000000006,0.09999999999999432,153,0.776210998717654,-1.8019866547797354,2.6124118270026244,3.4792223614330418,0.5857575535774231,0.005186726151686781,0.07395792604474734,0.005186726151686781,0.0,-0.0,False,False,43,5.0,10,0.02,0.5,0.086,0.9968286156654358,-0.14519408345222473,0,False
84,8.528400621842593,8.5,0.09999999999999432,151,0.7573901734935512,-1.7906337222104096,2.585006288858034,3.4572425439122587,0.5820570588111877,0.0026868932444400226,0.07664481928918736,0.005186893244440023,0.0,-0.0025,True,True,44,5.0,10,0.0,0.5,0.088,0.9966403841972351,-0.18696457147598267,0,False
85,8.628497367259115,8.599999999999994,0.09999999999999432,153,0.7389102128130499,-1.7787251578389276,2.5502457278539374,3.4352666207602782,0.5783572196960449,0.005185974234297459,0.08183079352348482,0.005185974234297459,0.0,-0.0,False,False,44,5.0,10,0.02,0.5,0.088,0.9958311915397644,-0.15867359936237335,0,False
86,8.728430984076113,8.700000000000017,0.09999999999999432,152,0.7208638989563179,-1.7662092884851457,2.520453975395979,3.4133473429726964,0.5746669173240662,0.0026726068140424746,0.0845034003375273,0.005172606814042475,0.0,-0.0025,True,True,45,5.0,10,0.0,0.5,0.09,0.9984484910964966,-0.19131441414356232,0,False
87,8.828622559085488,8.800000000000011,0.10000000000002274,153,0.7031721608137491,-1.753106827248472,2.484912726518809,3.391429127285697,0.5709767937660217,0.005172356174912665,0.08967575651243997,0.005172356174912665,0.0,-0.0,False,False,45,5.0,10,0.02,0.5,0.09,0.9979490041732788,-0.15936267375946045,0,False
88,8.928624814841896,8.900000000000006,0.09999999999999432,154,0.6859448459372013,-1.7394084208370737,2.4550687763890204,3.3696022522487903,0.5673020482063293,0.002650801209751597,0.09232655772219157,0.005150801209751597,0.0,-0.0025,True,True,46,5.0,10,0.0,0.5,0.092,0.9929879903793335,-0.0076403324492275715,0,False
89,9.028593461960554,9.0,0.09999999999999432,154,0.6690526203226926,-1.7252557712586964,2.442629914044518,3.3478306064421726,0.5636366009712219,0.005137767975002885,0.09746432569719446,0.005137767975002885,0.0,-0.0,False,False,46,5.0,10,0.02,0.5,0.092,0.9921854734420776,0.007855741307139397,0,False
90,9.128865506034344,9.099999999999994,0.09999999999999432,154,0.6523130556002947,-1.7112487894059756,2.443636246014228,3.3262685484838297,0.5600064396858215,0.002588308520059475,0.10005263421725394,0.005088308520059475,0.0,-0.0025,True,True,47,5.0,10,0.0,0.5,0.094,0.9921013116836548,-0.004128343425691128,0,False
91,9.228665853850543,9.200000000000017,0.09999999999999432,154,0.635571072693002,-1.697245906244269,2.444108947704134,3.304709676827234,0.5563768148422241,0.0050875566026701525,0.1051401908199241,0.0050875566026701525,0.0,-0.0,False,False,47,5.0,10,0.02,0.5,0.094,0.9920481443405151,-0.0026258877478539944,0,False
92,9.328698260243982,9.300000000000011,0.10000000000002274,159,0.6188442063374674,-1.6832270068664617,2.4442263699186975,3.2831593019752985,0.5527486205101013,0.0025855514896318895,0.10772574230955599,0.0050855514896318895,0.0,-0.0025,True,True,48,5.0,10,0.0,0.5,0.096,0.9957329630851746,-0.046766497194767,0,False
93,9.42889980506152,9.400000000000006,0.09999999999999432,153,0.6020932391811981,-1.6691144946170213,2.436279412763131,3.2615441389878317,0.5491095185279846,0.0051008404765485686,0.11282658278610457,0.0051008404765485686,0.0,-0.0,False,False,48,5.0,10,0.02,0.5,0.096,0.995528519153595,-0.03432007133960724,0,False
94,9.528557414188981,9.5,0.09999999999999432,154,0.5854516153833609,-1.654858894259749,2.430531477385739,3.239953404313762,0.5454745292663574,0.002595075776563588,0.11542165856266816,0.005095075776563588,0.0,-0.0025,True,True,49,5.0,10,0.0,0.5,0.098,0.9848145246505737,-0.04734918847680092,0,False
95,9.62891365820542,9.599999999999994,0.09999999999999432,166,0.5690474902396369,-1.640613428110032,2.421850890002704,3.2185768599238247,0.5418756008148193,0.005044530218724373,0.12046618878139254,0.005044530218724373,0.0,-0.0,False,False,49,5.0,10,0.02,0.5,0.098,0.9840896725654602,-0.04314354062080383,0,False
96,9.729067773092538,9.700000000000017,0.09999999999999432,155,0.5528176174504923,-1.6262659063607212,2.413711398061381,3.1973029852568597,0.5382939577102661,0.0025203017695122868,0.12298649055090483,0.005020301769512287,0.0,-0.0025,True,True,50,5.0,10,0.0,0.5,0.1,0.992537260055542,-0.027792373672127724,0,False
97,9.829112469218671,9.800000000000011,0.10000000000002274,152,0.5365871044379693,-1.6117047727739031,2.408049224294825,3.17592537876634,0.5346948504447937,0.005044780857854182,0.128031271408759,0.005044780857854182,0.0,-0.0,False,False,50,5.0,10,0.02,0.5,0.1,0.9923273324966431,-0.024407463148236275,0,False
98,9.92911047488451,9.900000000000006,0.09999999999999432,150,0.5204035755515088,-1.597040768939379,2.403091228961549,3.1545421077393803,0.5310947895050049,0.002546117599879691,0.1305773890086387,0.005046117599879691,0.0,-0.0025,True,True,51,5.0,10,0.0,0.5,0.102,0.9953553080558777,-0.024046195670962334,0,False
99,10.02898868219927,10.0,0.09999999999999432,152,0.5042480199522117,-1.58226815458977,2.398532322026243,3.133134054365496,0.5274905562400818,0.0050519658462412406,0.13562935485487992,0.0050519658462412406,0.0,-0.0,False,False,51,5.0,10,0.02,0.5,0.102,0.9951857328414917,-0.01879732869565487,0,False
100,10.129226297140121,10.099999999999994,0.09999999999999432,152,0.4881465599734678,-1.5674230529090576,2.3950406501303623,3.1117433486344592,0.5238892436027527,0.002547872073788145,0.13817722692866807,0.005047872073788145,0.0,-0.0025,True,True,52,5.0,10,0.0,0.5,0.104,0.9957547187805176,-0.0068830582313239574,0,False
101,10.229241193272173,10.200000000000017,0.09999999999999432,153,0.4720819072286349,-1.5525297221474121,2.393632278592111,3.0903671582780494,0.5202903747558594,0.005044446672347805,0.14322167360101587,0.005044446672347805,0.0,-0.0,False,False,52,5.0,10,0.02,0.5,0.104,0.995696485042572,-0.0037774040829390287,0,False
102,10.328861613292247,10.300000000000011,0.10000000000002274,164,0.4560296181334363,-1.537622617714325,2.3928483181789635,3.069002651028047,0.5166934728622437,0.0025416896419202194,0.1457633632429361,0.0050416896419202195,0.0,-0.0025,True,True,53,5.0,10,0.0,0.5,0.106,0.9862438440322876,0.04115049168467522,0,False
103,10.429242676123977,10.400000000000006,0.09999999999999432,153,0.44008340246109856,-1.5228661987776322,2.399906330397743,3.0478126823070975,0.5131259560585022,0.0050005012782595665,0.15076386452119567,0.0050005012782595665,0.0,-0.0,False,False,53,5.0,10,0.02,0.5,0.106,0.9869298934936523,0.03781786561012268,0,False
104,10.529483309946954,10.5,0.09999999999999432,153,0.4240346049487509,-1.5082577818134153,2.4065554552930375,3.026615278882071,0.5095571875572205,0.002502255752168021,0.1532661202733637,0.005002255752168021,0.0,-0.0025,True,True,54,5.0,10,0.0,0.5,0.108,0.973591148853302,0.035735953599214554,0,False
105,10.629317378159612,10.599999999999994,0.09999999999999432,150,0.40805374704085606,-1.4939130359687163,2.41342134616411,3.0056147180983293,0.5060215592384338,0.004955803966782006,0.1582219242401457,0.004955803966782006,0.0,-0.0,False,False,54,5.0,10,0.02,0.5,0.108,0.9749637246131897,0.03052123822271824,0,False
106,10.729165185242891,10.700000000000017,0.09999999999999432,152,0.3920041459662258,-1.4796916047306792,2.419329069419653,2.9846226541192475,0.5024873614311218,0.002453798853743743,0.16067572309388944,0.004953798853743743,0.0,-0.0025,True,True,55,5.0,10,0.0,0.5,0.11,0.9801957011222839,0.06922339648008347,0,False
107,10.829409290105104,10.800000000000011,0.10000000000002274,154,0.37578516240357757,-1.465536287404157,2.43173041573824,2.963522609914281,0.4989349842071533,0.00497928049860477,0.16565500359249422,0.00497928049860477,0.0,-0.0,False,False,55,5.0,10,0.02,0.5,0.11,0.9819557666778564,0.056178417056798935,0,False
108,10.929504006169736,10.900000000000006,0.09999999999999432,154,0.3593416650234326,-1.451547270329816,2.4417646975950396,2.9423152935504846,0.49536454677581787,0.002504595050712662,0.16815959864320687,0.005004595050712662,0.0,-0.0025,True,True,56,5.0,10,0.0,0.5,0.112,0.9846289157867432,0.023539306595921516,0,False
109,11.029433032032102,11.0,0.09999999999999432,154,0.3427303110575053,-1.437661552014076,2.44671951907271,2.921018406704233,0.49177902936935425,0.0050257322839907855,0.17318533092719765,0.0050257322839907855,0.0,-0.0,False,False,56,5.0,10,0.02,0.5,0.112,0.9851810932159424,0.01992149092257023,0,False
110,11.129193871282041,11.099999999999994,0.09999999999999432,153,0.3260539231471029,-1.423825981146806,2.4510926638144803,2.899694613309892,0.4881889820098877,0.0025320818086119524,0.1757174127358096,0.0050320818086119525,0.0,-0.0025,True,True,57,5.0,10,0.0,0.5,0.114,0.9891929030418396,-0.1309071183204651,0,False
111,11.229526903945953,11.200000000000017,0.09999999999999432,157,0.3092879325779938,-1.4097915003939303,2.4283625453731994,2.878200529788827,0.4845702648162842,0.0050722676157535776,0.18078968035156318,0.0050722676157535776,0.0,-0.0,False,False,57,5.0,10,0.02,0.5,0.114,0.9867534637451172,-0.10293810814619064,0,False
112,11.32926754327491,11.300000000000011,0.10000000000002274,154,0.2929677336406857,-1.3954386263911207,2.411327679379555,2.8569454188988197,0.48099178075790405,0.002515873811552709,0.1833055541631159,0.005015873811552709,0.0,-0.0025,True,True,58,5.0,10,0.0,0.5,0.116,0.9648596048355103,-0.055134646594524384,0,False
113,11.429690096061677,11.400000000000006,0.09999999999999432,154,0.277193276361107,-1.3811041334370924,2.4001979609952326,2.83618312267908,0.47749626636505127,0.004899577255334484,0.18820513141845038,0.004899577255334484,0.0,-0.0,False,False,58,5.0,10,0.02,0.5,0.116,0.9619333148002625,-0.04604125767946243,0,False
114,11.529496554285288,11.5,0.09999999999999432,153,0.26166048126085695,-1.366727046173215,2.3904579123718213,2.815619793301791,0.47403424978256226,0.0023526241916887454,0.19055775561013913,0.004852624191688745,0.0,-0.0025,True,True,59,5.0,10,0.0,0.5,0.118,0.9570940136909485,-0.06799249351024628,0,False
115,11.629277542233467,11.599999999999994,0.09999999999999432,152,0.24633075036824945,-1.3522658707770803,2.377790624327845,2.7952025027545915,0.4705968201160431,0.0048181613113439745,0.1953759169214831,0.0048181613113439745,0.0,-0.0,False,False,59,5.0,10,0.02,0.5,0.118,0.9529144763946533,-0.06033072620630264,0,False
116,11.729557326063514,11.700000000000017,0.09999999999999432,164,0.23126317563624801,-1.3376819211743505,2.3666200063930747,2.7749655922896492,0.467189759016037,0.002275594432469477,0.19765151135395256,0.004775594432469477,0.0,-0.0025,True,True,60,5.0,10,0.0,0.5,0.12,0.8982544541358948,-0.11812557280063629,0,False
117,11.829750509932637,11.800000000000011,0.10000000000002274,154,0.2169056397010879,-1.3233018520481654,2.3382921840688193,2.7554601150925047,0.46390584111213684,0.0046029876184269505,0.20225449897237952,0.0046029876184269505,0.0,-0.0,False,False,60,5.0,10,0.02,0.5,0.12,0.8843070268630981,-0.12340895086526871,0,False
118,11.929536059033126,11.900000000000006,0.09999999999999432,153,0.20350849640779148,-1.3091621564857594,2.3160079684576886,2.736925043794214,0.46078529953956604,0.0018739870001838704,0.2041284859725634,0.0043739870001838705,0.0,-0.0025,True,True,61,5.0,10,0.0,0.5,0.122,0.9148986339569092,-0.07814837247133255,0,False
119,12.029870712198317,12.0,0.09999999999999432,157,0.18999798837287143,-1.2942222700033594,2.2988905342737893,2.717922294206107,0.45758602023124695,0.004484351763663979,0.20861283773622738,0.004484351763663979,0.0,-0.0,False,False,61,5.0,10,0.02,0.5,0.122,0.9149929285049438,-0.07825945317745209,0,False
120,12.129448272287846,12.099999999999994,0.09999999999999432,153,0.17670835327584833,-1.2790638654027071,2.282534682116634,2.699026993793594,0.4544048309326172,0.001958995438367856,0.21057183317459524,0.004458995438367856,0.0,-0.0025,True,True,62,5.0,10,0.0,0.5,0.124,0.9302737712860107,-0.11398458480834961,0,False
121,12.229971163906157,12.200000000000017,0.09999999999999432,159,0.16350513387956458,-1.2634613856174999,2.260635382721249,2.6800169865181735,0.4512043297290802,0.004486064464384202,0.21505789763897945,0.004486064464384202,0.0,-0.0,False,False,62,5.0,10,0.02,0.5,0.124,0.9301871657371521,-0.115694060921669,0,False
122,12.329649893101305,12.300000000000011,0.10000000000002274,152,0.15062464883554527,-1.2475040390792214,2.2381723811566,2.6611468224861126,0.4480273723602295,0.001953063645629634,0.2170109612846091,0.004453063645629634,0.0,-0.0025,True,True,63,5.0,10,0.0,0.5,0.126,0.9338773488998413,-0.09329197555780411,0,False
123,12.42996084690094,12.400000000000006,0.09999999999999432,154,0.1380628265702992,-1.2312190539128323,2.2190421755148897,2.6424303090049825,0.4448762834072113,0.004416804518188072,0.22142776580279716,0.004416804518188072,0.0,-0.0,False,False,63,5.0,10,0.02,0.5,0.126,0.9340805411338806,-0.09240057319402695,0,False
124,12.530147332232445,12.5,0.09999999999999432,154,0.1257895146831054,-1.2146915746967397,2.200189786602628,2.623884970734395,0.441754013299942,0.0018764098451049742,0.22330417564790214,0.004376409845104974,0.0,-0.0025,True,True,64,5.0,10,0.0,0.5,0.128,0.9525117874145508,-0.10780222713947296,0,False
125,12.630087377969176,12.599999999999994,0.09999999999999432,153,0.11364381209666363,-1.1976633936587027,2.179107906594703,2.605253425299863,0.4386172294616699,0.0043967533878055435,0.22770092903570768,0.0043967533878055435,0.0,-0.0,False,False,64,5.0,10,0.02,0.5,0.128,0.9530029296875,-0.10681373625993729,0,False
126,12.730804899241775,12.700000000000017,0.10099999999999909,155,0.10181566836200442,-1.1803026470828253,2.1581570871300517,2.586787567556197,0.4355083405971527,0.0018576536835598271,0.22955858271926752,0.004357653683559827,0.0,-0.0025,True,True,65,5.0,10,0.0,0.5,0.13,0.9367356300354004,-0.25086453557014465,0,False
127,12.830817885231227,12.800000000000011,0.09999999999999432,155,0.09058622755435014,-1.1628002301017455,2.1139355970360314,2.5688304559915363,0.43248510360717773,0.004237597540394674,0.2337961802596622,0.004237597540394674,0.0,-0.0,False,False,65,5.0,10,0.02,0.5,0.13,0.9383671879768372,-0.2657879590988159,0,False
128,12.9309066911228,12.900000000000006,0.10000000000002274,154,0.08030713137041603,-1.1447747117777123,2.062204697252871,2.5515307846874276,0.42957255244255066,0.0015824519190602271,0.23537863217872243,0.004082451919060227,0.0,-0.0025,True,True,66,5.0,10,0.0,0.5,0.132,0.9774525165557861,0.09469107538461685,0,False
129,13.031271484214813,13.0,0.09999999999999432,163,0.07066491288289697,-1.1260600070635158,2.056285481675323,2.5345472653233685,0.426713228225708,0.004007845004762167,0.2393864771834846,0.004007845004762167,0.0,-0.0,False,False,66,5.0,10,0.02,0.5,0.132,0.9778804779052734,0.09378284960985184,0,False
130,13.13097929302603,13.099999999999994,0.09999999999999432,152,0.060478196639939495,-1.1071487790960592,2.0714247571418367,2.5170498662941556,0.4237673878669739,0.0016291125703878193,0.2410155897538724,0.004129112570387819,0.0,-0.0025,True,True,67,5.0,10,0.0,0.5,0.134,0.9759177565574646,0.09376300126314163,0,False
131,13.230983628891408,13.200000000000017,0.09999999999999432,160,0.04996924797153236,-1.0884641339428631,2.0912578891104476,2.499423068010645,0.42079976201057434,0.004159648771032737,0.24517523852490514,0.004159648771032737,0.0,-0.0,False,False,67,5.0,10,0.02,0.5,0.134,0.9755049347877502,0.0958235040307045,0,False
132,13.33125524315983,13.300000000000011,0.09999999999999432,157,0.03912452151265568,-1.0699915346877014,2.111481706199503,2.4816447433773674,0.41780662536621094,0.0016954066202148903,0.24687064514512003,0.00419540662021489,0.0,-0.0025,True,True,68,5.0,10,0.0,0.5,0.136,0.9826422333717346,0.03522277995944023,0,False
133,13.43106442084536,13.400000000000006,0.10000000000002274,152,0.027896339377987345,-1.05156424089751,2.1209839593498883,2.463596822212905,0.4147680997848511,0.004259027185990943,0.25112967233111094,0.004259027185990943,0.0,-0.0,False,False,68,5.0,10,0.02,0.5,0.136,0.9826104044914246,0.037125926464796066,0,False
134,13.531526373233646,13.5,0.09999999999999432,160,0.016528513888583396,-1.0331942393421725,2.1292818501191895,2.4455037617736877,0.41172197461128235,0.0017696793490066779,0.2528993516801176,0.004269679349006678,0.0,-0.0025,True,True,69,5.0,10,0.0,0.5,0.138,0.9006364941596985,-0.029827119782567024,0,False
135,13.63140741083771,13.599999999999994,0.09999999999999432,152,0.0057664263990834155,-1.016002491105844,2.1270513431623788,2.428511214554678,0.4088611304759979,0.00400997543736523,0.2569093271174829,0.00400997543736523,0.0,-0.0,False,False,69,5.0,10,0.02,0.5,0.138,0.9008111953735352,-0.028893226757645607,0,False
136,13.731442327145487,13.700000000000017,0.09999999999999432,152,-0.004654942577947512,-0.9991328599387965,2.121988716016732,2.4120128981400457,0.40608349442481995,0.0013933446956406266,0.2583026718131235,0.0038933446956406267,0.0,-0.0025,True,True,70,5.0,10,0.0,0.5,0.14,0.9110358953475952,-0.07925917208194733,0,False
137,13.831416693050414,13.800000000000011,0.09999999999999432,156,-0.01503955193254635,-0.9820114857423694,2.107284268031718,2.3954954639149295,0.4033026397228241,0.003897856199976562,0.26220052801310006,0.003897856199976562,0.0,-0.0,False,False,70,5.0,10,0.02,0.5,0.14,0.9114775657653809,-0.0791911706328392,0,False
138,13.931256190873682,13.900000000000006,0.10000000000002274,160,-0.025177516358632687,-0.9646770805114949,2.092187810313838,2.379170977962296,0.40055426955223083,0.0013523234247331106,0.2635528514378332,0.0038523234247331106,0.0,-0.0025,True,True,71,5.0,10,0.0,0.5,0.142,0.8961489200592041,0.035688742995262146,0,False
139,14.031302386894822,14.0,0.09999999999999432,154,-0.03499694128288441,-0.947489523605658,2.095686764858028,2.3632550467003877,0.3978746831417084,0.0037559109061439627,0.26730876234397716,0.0037559109061439627,0.0,-0.0,False,False,71,5.0,10,0.02,0.5,0.142,0.8962740302085876,0.03654227405786514,0,False
140,14.131725969258696,14.099999999999994,0.09999999999999432,163,-0.04490932784903649,-0.930453665327706,2.1010778354321205,2.3473729256403546,0.39520078897476196,0.0012479322271793506,0.2685566945711565,0.0037479322271793507,0.0,-0.0025,True,True,72,5.0,10,0.0,0.5,0.144,0.8850146532058716,0.21196316182613373,0,False
141,14.231702816206962,14.200000000000017,0.09999999999999432,155,-0.05496962139994833,-0.9137270253112519,2.1351462146891738,2.3315343507042035,0.3925342261791229,0.0037376560228582247,0.27229435059401474,0.0037376560228582247,0.0,-0.0,False,False,72,5.0,10,0.02,0.5,0.144,0.8854088187217712,0.20212019979953766,0,False
142,14.331436683889478,14.300000000000011,0.09999999999999432,156,-0.06566136112958713,-0.8975288668393361,2.1728281890842,2.315374667358617,0.3898136019706726,0.0013134325864287625,0.2736077831804435,0.0038134325864287626,0.0,-0.0025,True,True,73,5.0,10,0.0,0.5,0.146,0.8511655330657959,0.07899973541498184,0,False
143,14.431493650190532,14.400000000000006,0.10000000000002274,157,-0.07660048326203502,-0.8821148487339759,2.193698418494592,2.299337302596779,0.3871135711669922,0.0037845673133156264,0.2773923504937591,0.0037845673133156264,0.0,-0.0,False,False,73,5.0,10,0.02,0.5,0.146,0.8517717719078064,0.07449937611818314,0,False
144,14.53150979615748,14.5,0.09999999999999432,152,-0.08764435486668071,-0.8670127845595825,2.2104848980618983,2.283365434037527,0.3844245672225952,0.0012691112336458109,0.2786614617274049,0.003769111233645811,0.0,-0.0025,True,True,74,5.0,10,0.0,0.5,0.148,0.8903692960739136,-0.06369677186012268,0,False
145,14.631704591214657,14.599999999999994,0.09999999999999432,152,-0.09918646026074424,-0.8515070692060034,2.202928880852607,2.26682197834814,0.3816393315792084,0.0039039968586562566,0.2825654585860612,0.0039039968586562566,0.0,-0.0,False,False,74,5.0,10,0.02,0.5,0.148,0.8898958563804626,-0.06255950033664703,0,False
146,14.731588577851653,14.700000000000017,0.09999999999999432,153,-0.11067922028026214,-0.8356357233565326,2.192182711370178,2.2502330293504706,0.3788464367389679,0.0014147325680484543,0.28398019115410966,0.003914732568048454,0.0,-0.0025,True,True,75,5.0,10,0.0,0.5,0.15,0.8903249502182007,0.04889320954680443,0,False
147,14.831638203933835,14.800000000000011,0.09999999999999432,154,-0.12205418468466261,-0.8197038423595754,2.198425547019962,2.2337800292273577,0.37607643008232117,0.003882650759436556,0.2878628419135462,0.003882650759436556,0.0,-0.0,False,False,75,5.0,10,0.02,0.5,0.15,0.8906958103179932,0.05055954307317734,0,False
148,14.931929738260806,14.900000000000006,0.10000000000002274,163,-0.13360447334542114,-0.8038915263383595,2.206467579188354,2.21725781554962,0.37329477071762085,0.0013989840760607031,0.2892618259896069,0.003898984076060703,0.0,-0.0025,True,True,76,5.0,10,0.0,0.5,0.152,0.8538112044334412,-0.43323126435279846,0,False
149,15.03171851625666,15.0,0.09999999999999432,153,-0.1451449576892188,-0.7880919401268499,2.171695344451293,2.200799504923595,0.3705238699913025,0.0038839039550853916,0.2931457299446923,0.0038839039550853916,0.0,-0.0,False,False,76,5.0,10,0.02,0.5,0.152,0.8489800691604614,-0.4482567012310028,0,False
150,15.13165242318064,15.099999999999994,0.09999999999999432,154,-0.15501643316041547,-0.772104825588908,2.079759410826111,2.1858874357288887,0.36801329255104065,0.0010190151553127339,0.294164745100005,0.003519015155312734,0.0,-0.0025,True,True,77,5.0,10,0.0,0.5,0.154,0.8688979744911194,-0.23923125863075256,0,False
151,15.231735858134925,15.200000000000017,0.09999999999999432,153,-0.16368786320521397,-0.7550608603012853,2.0208566478818932,2.1717928299491605,0.3656403422355652,0.0033261065717579744,0.297490851671763,0.0033261065717579744,0.0,-0.0,False,False,77,5.0,10,0.02,0.5,0.154,0.8733004927635193,-0.23853430151939392,0,False
152,15.331782164052129,15.300000000000011,0.09999999999999432,155,-0.1716470012388653,-0.7374555978597525,1.9694862838792442,2.158253171723775,0.36336082220077515,0.0006951476264474873,0.2981859992982105,0.0031951476264474874,0.0,-0.0025,True,True,78,5.0,10,0.0,0.5,0.156,0.9224647283554077,0.017779219895601273,0,False
153,15.432366146240383,15.400000000000006,0.10000000000002274,154,-0.17909534282972928,-0.7191492096536062,1.9578359412827162,2.1450480751818692,0.36113762855529785,0.0031161963005664184,0.3013021955987769,0.0031161963005664184,0.0,-0.0,False,False,78,5.0,10,0.02,0.5,0.156,0.9222796559333801,0.01813764125108719,0,False
154,15.531952245160937,15.5,0.09999999999999432,153,-0.1868019211138588,-0.7003859904026528,1.959925060266293,2.1315503699294918,0.3588651716709137,0.0006852473808210751,0.301987442979598,0.003185247380821075,0.0,-0.0025,True,True,79,5.0,10,0.0,0.5,0.158,0.8887869119644165,0.002461853204295039,0,False
155,15.63203434087336,15.599999999999994,0.09999999999999432,154,-0.1943284500952183,-0.6821810277018804,1.9618885656804552,2.1185111380952155,0.35666990280151367,0.0030770548231323657,0.30506449780273037,0.0030770548231323657,0.0,-0.0,False,False,79,5.0,10,0.02,0.5,0.158,0.8889288902282715,0.0028204545378684998,0,False
156,15.732319334987551,15.700000000000017,0.09999999999999432,153,-0.20180258013111518,-0.6641095567677912,1.9633552058535424,2.1056671557513513,0.3545075058937073,0.0005309789964408548,0.3055954767991712,0.003030978996440855,0.0,-0.0025,True,True,80,5.0,10,0.0,0.5,0.16,0.8449493646621704,-0.037436097860336304,0,False
157,15.831992594059557,15.800000000000011,0.09999999999999432,153,-0.2090251860493013,-0.6466038797027324,1.9583934906663025,2.0933411244582065,0.3524323105812073,0.0029087506474845116,0.30850422744665573,0.0029087506474845116,0.0,-0.0,False,False,80,5.0,10,0.02,0.5,0.16,0.8448287844657898,-0.03834475949406624,0,False
158,15.932436126284301,15.900000000000006,0.10000000000002274,158,-0.2159883085255343,-0.6293546395774615,1.9509867409078467,2.081439402347761,0.3504285514354706,0.00030862031513687787,0.30881284776179263,0.002808620315136878,0.0,-0.0025,True,True,81,5.0,10,0.0,0.5,0.162,0.8509885668754578,-0.04350952059030533,0,False
159,16.032504002097994,16.0,0.09999999999999432,154,-0.22285357348975898,-0.6119467906924878,1.9421723855568958,2.0696828339835864,0.3484492301940918,0.0027743663007335794,0.3115872140625262,0.0027743663007335794,0.0,-0.0,False,False,81,5.0,10,0.02,0.5,0.162,0.8515424132347107,-0.04534326493740082,0,False
160,16.13243414927274,16.099999999999994,0.09999999999999432,151,-0.22957909069775928,-0.5944380975997701,1.932990503519397,2.058133906283286,0.3465048670768738,0.00022536635086134633,0.31181258041338755,0.0027253663508613464,0.0,-0.0025,True,True,82,5.0,10,0.0,0.5,0.164,0.8300886154174805,-0.028678501024842262,0,False
161,16.23261529393494,16.200000000000017,0.09999999999999432,155,-0.23602844768233122,-0.5772182627788599,1.9267399541057857,2.0470381414981746,0.34463679790496826,0.002618426988821473,0.31443100740220903,0.002618426988821473,0.0,-0.0,False,False,82,5.0,10,0.02,0.5,0.164,0.8324446082115173,-0.028372984379529953,0,False
162,16.332155344076455,16.30000000000001,0.09999999999999432,153,-0.24236104545994835,-0.560010178681491,1.9207937268664377,2.0361634706509815,0.342805951833725,6.625227663881357e-05,0.31449725967884784,0.0025662522766388136,0.0,-0.0025,True,True,83,5.0,10,0.0,0.5,0.166,0.8506280779838562,0.03369905427098274,0,False
163,16.432688634842634,16.400000000000006,0.10000000000002274,167,-0.24876895080601646,-0.5424555414234891,1.9251962351626406,2.0252310923388075,0.3409653902053833,0.002579870336023502,0.31707713001487137,0.002579870336023502,0.0,-0.0,False,False,83,5.0,10,0.02,0.5,0.166,0.8511523008346558,0.034065887331962585,0,False
164,16.532613161951303,16.5,0.09999999999999432,155,-0.255310361973414,-0.5249208485666285,1.9311144960434705,2.0142888010878637,0.3391231596469879,8.220963456814258e-05,0.3171593396494395,0.0025822096345681426,0.0,-0.0025,True,True,84,5.0,10,0.0,0.5,0.168,0.8558772206306458,0.0035041500814259052,0,False
165,16.632564798928797,16.599999999999994,0.09999999999999432,161,-0.261976732376558,-0.5073354434949822,1.9327222589034692,2.00332810009349,0.3372778296470642,0.0025865540461510465,0.31974589369559053,0.0025865540461510465,0.0,-0.0,False,False,84,5.0,10,0.02,0.5,0.168,0.8564265370368958,0.004056520760059357,0,False
166,16.732827903237194,16.700000000000017,0.09999999999999432,155,-0.2686647973174014,-0.48972130582308343,1.934223031897173,1.992456438531281,0.3354474902153015,6.554213243767024e-05,0.3198114358280282,0.0025655421324376703,0.0,-0.0025,True,True,85,5.0,10,0.0,0.5,0.17,0.8614262938499451,-0.1502385139465332,0,False
167,16.832769240252674,16.80000000000001,0.09999999999999432,149,-0.27530268407755093,-0.4719406241401725,1.9115344067434932,1.9817132911395512,0.3336387872695923,0.0025352147977342255,0.3223466506257624,0.0025352147977342255,0.0,-0.0,False,False,85,5.0,10,0.02,0.5,0.17,0.8638408184051514,-0.14788228273391724,0,False
168,16.932900244835764,16.900000000000006,0.10000000000002274,154,-0.2814297016289614,-0.45388458204516835,1.88416673728016,1.971528100587148,0.3319240212440491,-9.645429177735287e-05,0.32225019633398505,0.002403545708222647,0.0,-0.0025,True,True,86,5.0,10,0.0,0.5,0.172,0.9229222536087036,0.11677088588476181,0,False
169,17.032483485061675,17.0,0.09999999999999432,160,-0.28740591099869933,-0.4351383361834884,1.8936469200686812,1.961469300004059,0.3302305340766907,0.002373719651778716,0.3246239159857638,0.002373719651778716,0.0,-0.0,False,False,86,5.0,10,0.02,0.5,0.172,0.9228339791297913,0.11696602404117584,0,False
170,17.132849988061935,17.099999999999994,0.09999999999999432,153,-0.29402268962280187,-0.4159887772825052,1.9134123071178177,1.9508449308608027,0.3284418284893036,7.184988387032298e-06,0.3246311009741508,0.0025071849883870324,0.0,-0.0025,True,True,87,5.0,10,0.0,0.5,0.174,0.9131382703781128,-0.0463080070912838,0,False
171,17.232599416282028,17.200000000000017,0.09999999999999432,152,-0.30091656553863094,-0.3970258116904868,1.911294174841859,1.9401410811906243,0.32663974165916443,0.002525941149932336,0.32715704212408314,0.002525941149932336,0.0,-0.0,False,False,87,5.0,10,0.02,0.5,0.174,0.9140697121620178,-0.04486553743481636,0,False
172,17.332855769898742,17.30000000000001,0.09999999999999432,162,-0.3075958386735919,-0.3780406629537973,1.9055881950530424,1.9297948053832126,0.3248978555202484,-5.8440690427284236e-05,0.3270986014336559,0.002441559309572716,0.0,-0.0025,True,True,88,5.0,10,0.0,0.5,0.176,0.915162205696106,0.032287053763866425,0,False
173,17.43305047508329,17.400000000000006,0.10000000000002274,165,-0.31417677127788257,-0.35902572210027633,1.9093347278796216,1.9196949369109346,0.32319745421409607,0.0023834110314636028,0.3294820124651195,0.0023834110314636028,0.0,-0.0,False,False,88,5.0,10,0.02,0.5,0.176,0.9154406189918518,0.031865742057561874,0,False
174,17.5327135338448,17.5,0.09999999999999432,154,-0.32089374327874304,-0.3400473410224478,1.9139445373415434,1.9096262233890762,0.32150229811668396,-0.00012394104967669616,0.32935807141544277,0.002376058950323304,0.0,-0.0025,True,True,89,5.0,10,0.0,0.5,0.178,0.9133408665657043,0.06769649684429169,0,False
175,17.6330320071429,17.599999999999994,0.09999999999999432,152,-0.3277469551418898,-0.32117343451088237,1.9261912826222416,1.899601055991099,0.3198144733905792,0.0023657827460023353,0.3317238541614451,0.0023657827460023353,0.0,-0.0,False,False,89,5.0,10,0.02,0.5,0.178,0.9133190512657166,0.0676327645778656,0,False
176,17.733225571922958,17.700000000000017,0.09999999999999432,155,-0.33485195806022117,-0.30240603589165593,1.9392873409540825,1.8895043738205688,0.31811460852622986,-0.00011734088592582452,0.3316065132755193,0.0023826591140741755,0.0,-0.0025,True,True,90,5.0,10,0.0,0.5,0.18,0.9130666851997375,0.03254113718867302,0,False
177,17.832828141283244,17.80000000000001,0.09999999999999432,153,-0.34217672576907116,-0.2837169375334841,1.9468014375916756,1.8793623753585194,0.31640711426734924,0.0023933530502782464,0.3339998663257976,0.0023933530502782464,0.0,-0.0,False,False,90,5.0,10,0.02,0.5,0.18,0.9128846526145935,0.032742906361818314,0,False
178,17.933365312870592,17.900000000000006,0.10000000000002274,157,-0.34961551568194177,-0.26507624980535105,1.9540021462851613,1.8692747210429401,0.31470876932144165,-0.0001194713185289401,0.3338803950072686,0.00238052868147106,0.0,-0.0025,True,True,91,5.0,10,0.0,0.5,0.182,0.8956953287124634,0.012147551402449608,0,False
179,18.0333817191422,18.0,0.09999999999999432,153,-0.35704571588231393,-0.24674965884230454,1.9570662977454745,1.859399309827092,0.3130461573600769,0.0023304426287031796,0.3362108376359718,0.0023304426287031796,0.0,-0.0,False,False,91,5.0,10,0.02,0.5,0.182,0.8958019614219666,0.012780417688190937,0,False
180,18.133234736975282,18.099999999999994,0.09999999999999432,155,-0.36449212236037537,-0.22850872208257828,1.959885036742713,1.8496771951286475,0.3114093542098999,-0.00020573295236181455,0.33600510468361,0.0022942670476381855,0.0,-0.0025,True,True,92,5.0,10,0.0,0.5,0.184,0.9033443927764893,0.02908138930797577,0,False
181,18.23306026402861,18.200000000000017,0.09999999999999432,154,-0.372051906167175,-0.21017336328215042,1.9653046599141715,1.8399910148332437,0.3097786009311676,0.0022857870904138505,0.3382908917740238,0.0022857870904138505,0.0,-0.0,False,False,92,5.0,10,0.02,0.5,0.184,0.9037830829620361,0.030568266287446022,0,False
182,18.33305127127096,18.30000000000001,0.09999999999999432,154,-0.3797403787842081,-0.19184700430531332,1.9711377836445827,1.8303416540246988,0.30815404653549194,-0.00022290173275185243,0.33806799004127197,0.0022770982672481476,0.0,-0.0025,True,True,93,5.0,10,0.0,0.5,0.186,0.8961273431777954,0.04096722602844238,0,False
183,18.433374173939228,18.400000000000006,0.10000000000002274,160,-0.3874980740630811,-0.17369855537505358,1.9790241263471036,1.8208059379784787,0.3065486252307892,0.002250279880361611,0.3403182699216336,0.002250279880361611,0.0,-0.0,False,False,93,5.0,10,0.02,0.5,0.186,0.8963302373886108,0.040882840752601624,0,False
184,18.5332246623002,18.5,0.09999999999999432,160,-0.3953919438236953,-0.15564272312208086,1.987053876205893,1.811307572469409,0.30494949221611023,-0.00025853426236904916,0.34005973565926456,0.002241465737630951,0.0,-0.0025,True,True,94,5.0,10,0.0,0.5,0.188,0.8705633878707886,-0.009081203490495682,0,False
185,18.63346367608756,18.599999999999994,0.09999999999999432,169,-0.40323103901918794,-0.13795820345599677,1.9855707534675844,1.8020575614798746,0.3033921718597412,0.0021828579544505037,0.34224259361371506,0.0021828579544505037,0.0,-0.0,False,False,94,5.0,10,0.02,0.5,0.188,0.8711932897567749,-0.008712994866073132,0,False
186,18.733206964097917,18.700000000000017,0.09999999999999432,154,-0.4109595934589894,-0.12041655925552956,1.9848909300519182,1.793088299077641,0.3018821179866791,-0.00038339432218823053,0.3418591992915268,0.0021166056778117695,0.0,-0.0025,True,True,95,5.0,10,0.0,0.5,0.19,0.8712466359138489,-0.0077606369741261005,0,False
187,18.83352628815919,18.80000000000001,0.09999999999999432,159,-0.418660024009384,-0.10285701811918932,1.9835385281820055,1.7843070284785052,0.3004037141799927,0.0020722425518405335,0.3439314418433673,0.0020722425518405335,0.0,-0.0,False,False,95,5.0,10,0.02,0.5,0.19,0.8717940449714661,-0.007585536688566208,0,False
188,18.933611093088984,18.900000000000006,0.10000000000002274,154,-0.42633907951197064,-0.08527609257450258,1.98190292991085,1.7757096782969013,0.2989562749862671,-0.00047115979079985493,0.34346028205256746,0.002028840209200145,0.0,-0.0025,True,True,96,5.0,10,0.0,0.5,0.192,0.8631769418716431,0.030880561098456383,0,False
189,19.033847637008876,19.0,0.09999999999999432,153,-0.43396040883789117,-0.06784907288026988,1.98685906829434,1.7673424499081671,0.2975475788116455,0.001974535064414213,0.34543481711698165,0.001974535064414213,0.0,-0.0,False,False,96,5.0,10,0.02,0.5,0.192,0.8631123900413513,0.030049409717321396,0,False
190,19.133885503280908,19.099999999999994,0.09999999999999432,153,-0.44167400103966903,-0.050508119360860027,1.9921560349905427,1.7590513387278435,0.29615169763565063,-0.0005434274065533795,0.34489138971042826,0.0019565725934466206,0.0,-0.0025,True,True,97,5.0,10,0.0,0.5,0.194,0.8730703592300415,0.035756371915340424,0,False
191,19.233739410992712,19.200000000000017,0.09999999999999432,154,-0.44956600121088264,-0.0330571384905606,1.9989999178977322,1.75074606620642,0.29475343227386475,0.001959914448510393,0.34685130415893867,0.001959914448510393,0.0,-0.0,False,False,97,5.0,10,0.02,0.5,0.194,0.8734224438667297,0.03454972431063652,0,False
192,19.334049674216658,19.30000000000001,0.09999999999999432,156,-0.45760058451539143,-0.015615219441349335,2.0058153450341174,1.7424694704007235,0.29335999488830566,-0.0005468528079937197,0.34630445135094495,0.0019531471920062804,0.0,-0.0025,True,True,98,5.0,10,0.0,0.5,0.196,0.8509195446968079,0.30194368958473206,0,False
193,19.433906062040478,19.400000000000006,0.10000000000002274,154,-0.4658136435441948,0.0016194080044040142,2.0420270855885696,1.7341870330418234,0.2919655740261078,0.0019545257072200732,0.34825897705816505,0.0019545257072200732,0.0,-0.0,False,False,98,5.0,10,0.02,0.5,0.196,0.8494082093238831,0.3062831163406372,0,False
194,19.534061666112393,19.5,0.09999999999999432,166,-0.4747632960415141,0.017870447146874573,2.1027727172045028,1.7253292912007496,0.2904742956161499,-0.0004097114308152538,0.3478492656273498,0.0020902885691847463,0.0,-0.0025,True,True,99,5.0,10,0.0,0.5,0.198,0.7903262376785278,0.11066337674856186,0,False
195,19.634268620982766,19.599999999999994,0.09999999999999432,158,-0.48420287947989166,0.03304546129200758,2.137695447921614,1.7161153916310192,0.288923054933548,0.0021743362240379894,0.3500236018513878,0.0021743362240379894,0.0,-0.0,False,False,99,5.0,10,0.02,0.5,0.198,0.7863935828208923,0.12661364674568176,0,False
196,19.73423031717539,19.700000000000017,0.09999999999999432,167,-0.4936587638257086,0.04744529970924497,2.16656445777311,1.7070007984657503,0.28738853335380554,-0.0003490985345965432,0.3496745033167913,0.002150901465403457,0.0,-0.0025,True,True,100,5.0,10,0.0,0.5,0.2,0.9099058508872986,-0.17229676246643066,0,False
197,19.83432244323194,19.80000000000001,0.09999999999999432,161,-0.5041118478559642,0.06275605351082464,2.1580236958434877,1.697048916007964,0.2857130467891693,0.0023484886460473924,0.3520229919628387,0.0023484886460473924,0.0,-0.0,False,False,100,5.0,10,0.02,0.5,0.2,0.9122157096862793,-0.1682186722755432,0,False
198,19.934112111106515,19.900000000000006,0.10000000000002274,159,-0.5149600884508136,0.07974315334109272,2.12503664739928,1.6869256813228717,0.2840087115764618,-0.00011107490768122539,0.35191191705515745,0.0023889250923187747,0.0,-0.0025,True,True,101,5.0,10,0.0,0.5,0.202,0.9128968715667725,-0.2354145497083664,0,False
199,20.03460094286129,20.0,0.09999999999999432,156,-0.5252128745881799,0.09714864906157641,2.077913459964878,1.6776023853931465,0.28243905305862427,0.002200152054405394,0.35411206910956283,0.002200152054405394,0.0,-0.0,False,False,101,5.0,10,0.02,0.5,0.202,0.9219759106636047,-0.23257030546665192,0,False
200,20.134526839945465,20.099999999999994,0.09999999999999432,158,-0.5347315101415736,0.11519401965971669,2.0326192194520463,1.669247902211402,0.2810325026512146,-0.0005284726051431295,0.35358359650441973,0.0019715273948568706,0.0,-0.0025,True,True,102,5.0,10,0.0,0.5,0.204,0.928276777267456,0.0588139072060585,0,False
201,20.23534952895716,20.200000000000017,0.10099999999999909,148,-0.5434986137430832,0.13345018477269857,2.0222884832017773,1.6618682503476052,0.27979007363319397,0.0017414824469062697,0.355325078951326,0.0017414824469062697,0.0,-0.0,False,False,102,5.0,10,0.02,0.5,0.204,0.9286642670631409,0.056748777627944946,0,False
202,20.33531721588224,20.30000000000001,0.09999999999999432,154,-0.5525265938918801,0.151756040333638,2.0318295158716357,1.6544480616449107,0.27854081988334656,-0.0007489514929737476,0.3545761274583522,0.0017510485070262524,0.0,-0.0025,True,True,103,5.0,10,0.0,0.5,0.206,0.9312844276428223,0.09012048691511154,0,False
203,20.435160733293742,20.400000000000006,0.09999999999999432,161,-0.5617899808101336,0.1699707021785198,2.050070468225887,1.6470039756791104,0.2772875428199768,0.0017566878874463287,0.3563328153457985,0.0017566878874463287,0.0,-0.0,False,False,103,5.0,10,0.02,0.5,0.206,0.9302567839622498,0.09009919315576553,0,False
204,20.535302338190377,20.5,0.10000000000002274,164,-0.5713739144070922,0.18800925293014661,2.068193359784132,1.6394421735654192,0.27601444721221924,-0.0007155329423362872,0.35561728240346224,0.0017844670576637129,0.0,-0.0025,True,True,104,5.0,10,0.0,0.5,0.208,0.9232059717178345,-0.12324746698141098,0,False
205,20.63567302096635,20.599999999999994,0.09999999999999432,170,-0.5811017870098297,0.2059347209711318,2.0528094052520767,1.631943743453149,0.27475202083587646,0.0017695122562534629,0.3573867946597157,0.0017695122562534629,0.0,-0.0,False,False,104,5.0,10,0.02,0.5,0.208,0.9257891774177551,-0.1259726732969284,0,False
206,20.73563766805455,20.700000000000017,0.09999999999999432,163,-0.5903759337708872,0.22412933919408826,2.0306199032355923,1.625153380395862,0.2736088037490845,-0.0008975804969338914,0.3564892141627818,0.0016024195030661086,0.0,-0.0025,True,True,105,5.0,10,0.0,0.5,0.21,0.9771832227706909,0.1960996687412262,0,False
207,20.835366836283356,20.80000000000001,0.09999999999999432,161,-0.599499017771119,0.24274368884867875,2.0438278334295754,1.6188044971473567,0.2725399136543274,0.0014982371714538736,0.35798745133423565,0.0014982371714538736,0.0,-0.0,False,False,105,5.0,10,0.02,0.5,0.21,0.977265477180481,0.19604824483394623,0,False
208,20.935676590073854,20.900000000000006,0.09999999999999432,167,-0.6096338127907908,0.2616209762922358,2.080880204966091,1.6117413512571372,0.27135077118873596,-0.0008332080137684111,0.35715424332046725,0.001666791986231589,0.0,-0.0025,True,True,106,5.0,10,0.0,0.5,0.212,0.9195528626441956,-0.3384782373905182,0,False
209,21.035974252969027,21.0,0.10000000000002274,168,-0.6202149491270976,0.28005324549772165,2.076065472459998,1.6044160435398105,0.27011749148368835,0.0017286580780991356,0.3588829013985664,0.0017286580780991356,0.0,-0.0,False,False,106,5.0,10,0.02,0.5,0.212,0.9215701222419739,-0.3409479558467865,0,False
210,21.135510962922126,21.099999999999994,0.09999999999999432,155,-0.6294288025019985,0.29830951729094535,2.005897193496191,1.5986502535110838,0.26914677023887634,-0.0011393637107958742,0.3577435376877705,0.0013606362892041258,0.0,-0.0025,True,True,107,5.0,10,0.0,0.5,0.214,0.9566214680671692,-0.09076758474111557,0,False
211,21.235623307991773,21.200000000000017,0.09999999999999432,154,-0.6376643621353838,0.31735623047185996,1.9705040889032024,1.594242005043523,0.26840460300445557,0.00104027770815584,0.35878381539592635,0.00104027770815584,0.0,-0.0,False,False,107,5.0,10,0.02,0.5,0.214,0.9589973092079163,-0.0932319164276123,0,False
212,21.335724984295666,21.30000000000001,0.09999999999999432,159,-0.6457078335261661,0.3369116896408855,1.9489054393899892,1.5903878190464869,0.2677557170391083,-0.0015904723712132796,0.35719334302471306,0.0009095276287867205,0.0,-0.0025,True,True,108,5.0,10,0.0,0.5,0.216,0.8524532318115234,0.20537368953227997,0,False
213,21.435980868060142,21.400000000000006,0.09999999999999432,157,-0.6531459022464433,0.3555503035512451,1.9667291051036366,1.587190542259711,0.2672174274921417,0.0007545073270172302,0.35794785035173027,0.0007545073270172302,0.0,-0.0,False,False,108,5.0,10,0.02,0.5,0.216,0.8519628643989563,0.2059360146522522,0,False
214,21.535779505968094,21.5,0.10000000000002274,159,-0.660712214871583,0.3725913950232642,2.0076211527263705,1.5837396004504876,0.2666364312171936,-0.0016856316941534343,0.35626221865757685,0.0008143683058465657,0.0,-0.0025,True,True,109,5.0,10,0.0,0.5,0.218,0.8925971984863281,0.1908096820116043,0,False
215,21.635938581079245,21.599999999999994,0.09999999999999432,154,-0.6693239113658856,0.39009517270287924,2.0455731755334825,1.5796023646482218,0.2659398913383484,0.0009763229568733573,0.3572385416144502,0.0009763229568733573,0.0,-0.0,False,False,109,5.0,10,0.02,0.5,0.218,0.8980383276939392,0.1890941709280014,0,False
216,21.735646748915315,21.700000000000017,0.09999999999999432,152,-0.678688003654447,0.4074691971688615,2.0842346123227897,1.5749353176720648,0.2651541531085968,-0.00139864989055422,0.35583989172389596,0.00110135010944578,0.0,-0.0025,True,True,110,5.0,10,0.0,0.5,0.22,0.8972970247268677,0.07542741298675537,0,False
217,21.835725843906403,21.80000000000001,0.09999999999999432,153,-0.6886211639198356,0.42460448241783294,2.101291650727669,1.569890162888547,0.2643047571182251,0.0011905776396477653,0.3570304693635437,0.0011905776396477653,0.0,-0.0,False,False,110,5.0,10,0.02,0.5,0.22,0.8973808288574219,0.07584960013628006,0,False
218,21.936044128146023,21.900000000000006,0.09999999999999432,155,-0.698749937607355,0.4415145118056314,2.1184389239670627,1.5648280144957099,0.2634525001049042,-0.0013054121342757606,0.35572505722926795,0.0011945878657242395,0.0,-0.0025,True,True,111,5.0,10,0.0,0.5,0.222,0.8851328492164612,0.033685050904750824,0,False
219,22.037101006135345,22.0,0.10099999999999909,165,-0.7089926699728396,0.4581232769066049,2.1266056020133224,1.5598012694556216,0.2626062035560608,0.0011862332280649136,0.3569112904573329,0.0011862332280649136,0.0,-0.0,False,False,111,5.0,10,0.02,0.5,0.222,0.8851563334465027,0.0328020378947258,0,False
220,22.13673464488238,22.099999999999994,0.10000000000002274,151,-0.7193147566530067,0.47462076696106265,2.1335660316435168,1.5548934796807705,0.26177993416786194,-0.0013418383544705637,0.35556945210286234,0.0011581616455294363,0.0,-0.0025,True,True,112,5.0,10,0.0,0.5,0.224,0.8917089104652405,0.017624326050281525,0,False
221,22.237759552896023,22.200000000000017,0.10099999999999909,153,-0.7297964681974243,0.49116122615726804,2.137414513439473,1.550076676522485,0.26096898317337036,0.0011366902267448307,0.3567061423296072,0.0011366902267448307,0.0,-0.0,False,False,112,5.0,10,0.02,0.5,0.224,0.89194256067276,0.01818273589015007,0,False
222,22.33825690485537,22.30000000000001,0.09999999999999432,154,-0.7403559121206215,0.5076925576433691,2.1411881261504297,1.5454167102168779,0.2601844370365143,-0.0014003208180861063,0.35530582151152107,0.0010996791819138938,0.0,-0.0025,True,True,113,5.0,10,0.0,0.5,0.226,0.8168928027153015,-0.09125631302595139,0,False
223,22.438031343277544,22.400000000000006,0.09999999999999432,167,-0.7503663796256075,0.5233433024492766,2.1310884185065575,1.541209198759405,0.25947606563568115,0.000992906912627209,0.3562987284241483,0.000992906912627209,0.0,-0.0,False,False,113,5.0,10,0.02,0.5,0.226,0.8170807361602783,-0.09161294996738434,0,False
224,22.538111158180982,22.5,0.09999999999999432,154,-0.7597943713961587,0.5386854915785639,2.113552056324106,1.5376522239086978,0.2588772177696228,-0.0016606095543636361,0.35463811886978464,0.0008393904456363639,0.0,-0.0025,True,True,114,5.0,10,0.0,0.5,0.228,0.9623456001281738,0.2275075912475586,0,False
225,22.63827597303316,22.599999999999994,0.09999999999999432,160,-0.7697388087403637,0.5552079918219944,2.129010260126694,1.5342434120892459,0.25830331444740295,0.000804426287031922,0.35544254515681656,0.000804426287031922,0.0,-0.0,False,False,114,5.0,10,0.02,0.5,0.228,0.9625047445297241,0.22806736826896667,0,False
226,22.738214849028736,22.700000000000017,0.10000000000002274,157,-0.7813393831092704,0.5728265910917126,2.174360034633385,1.5299438519146251,0.2575794458389282,-0.0014853710294584286,0.3539571741273581,0.0010146289705415714,0.0,-0.0025,True,True,115,5.0,10,0.0,0.5,0.23,0.9531102180480957,0.2414909452199936,0,False
227,22.838584923185408,22.80000000000001,0.09999999999999432,158,-0.7936546524269072,0.5897730131408745,2.2235433529445263,1.525004730172591,0.25674790143966675,0.001165555499857967,0.3551227296272161,0.001165555499857967,0.0,-0.0,False,False,115,5.0,10,0.02,0.5,0.23,0.9578250050544739,0.2478761225938797,0,False
228,22.93856639927253,22.900000000000006,0.09999999999999432,158,-0.8068151820411135,0.6061352350693063,2.273478515655744,1.5193301037771934,0.2557925283908844,-0.0011608769027687117,0.35396185272444736,0.0013391230972312883,0.0,-0.0025,True,True,116,5.0,10,0.0,0.5,0.232,0.9990629553794861,0.22293820977210999,0,False
229,23.038321047089994,23.0,0.09999999999999432,153,-0.821233127853648,0.6223939078910884,2.31766135171916,1.5127367603779553,0.2546824812889099,0.0015559259444917573,0.35551777866893913,0.0015559259444917573,0.0,-0.0,False,False,116,5.0,10,0.02,0.5,0.232,0.9990963339805603,0.22883203625679016,0,False
230,23.138446802273393,23.099999999999994,0.09999999999999432,153,-0.836473486119765,0.638106749344026,2.364210894399638,1.5054516354659988,0.2534559667110443,-0.0007808244356442265,0.35473695423329493,0.0017191755643557736,0.0,-0.0025,True,True,117,5.0,10,0.0,0.5,0.234,0.9841934442520142,0.1471678614616394,0,False
231,23.2386506870389,23.200000000000017,0.10000000000002274,163,-0.8521771610891478,0.6530255065783503,2.3943633565972955,1.4976878572248737,0.2521488666534424,0.0018321302655103845,0.3565690844988053,0.0018321302655103845,0.0,-0.0,False,False,117,5.0,10,0.02,0.5,0.234,0.9843393564224243,0.1488407552242279,0,False
232,23.33856202289462,23.30000000000001,0.09999999999999432,153,-0.8682553912155005,0.6674417393047559,2.4259019875384604,1.4896381969102992,0.2507936358451843,-0.0006004060353902243,0.35596867846341507,0.0018995939646097757,0.0,-0.0025,True,True,118,5.0,10,0.0,0.5,0.236,0.9165350198745728,-0.13370725512504578,0,False
233,23.438775948248804,23.400000000000006,0.09999999999999432,154,-0.8841162553663862,0.6811138172014334,2.416439046609359,1.4817105011459455,0.2494589388370514,0.0018708122378732598,0.35783949070128834,0.0018708122378732598,0.0,-0.0,False,False,118,5.0,10,0.02,0.5,0.236,0.9119090437889099,-0.13300853967666626,0,False
234,23.538561995141208,23.5,0.09999999999999432,153,-0.8989593029314319,0.6946164037094439,2.392363095148064,1.4748555269698913,0.2483048439025879,-0.0008823332832055485,0.3569571574180828,0.0016176667167944515,0.0,-0.0025,True,True,119,5.0,10,0.0,0.5,0.238,0.8053054809570312,-0.3839538097381592,0,False
235,23.63903199788183,23.599999999999994,0.09999999999999432,154,-0.9125163448129231,0.7078031672188491,2.333392934275822,1.4692172775194432,0.2473555952310562,0.0013305387070363217,0.3582876961251191,0.0013305387070363217,0.0,-0.0,False,False,119,5.0,10,0.02,0.5,0.238,0.7679635286331177,-0.41222435235977173,0,False
236,23.738858605269343,23.700000000000017,0.10000000000002274,156,-0.923655315035665,0.7204681976799481,2.2502005341713325,1.4656501242048208,0.24675503373146057,-0.0016582075960365956,0.35662948852908255,0.0008417924039634043,0.0,-0.0025,True,True,120,5.0,10,0.0,0.5,0.24,0.99970543384552,0.2832154631614685,0,False
237,23.838560494128615,23.80000000000001,0.09999999999999432,152,-0.9343615745540995,0.734606175859867,2.2161457834160787,1.4633820084109463,0.24637317657470703,0.0005352398616472164,0.35716472839072977,0.0005352398616472164,0.0,-0.0,False,False,120,5.0,10,0.02,0.5,0.24,0.9997490644454956,0.276364266872406,0,False
238,23.938827018253505,23.900000000000006,0.09999999999999432,154,-0.9474354744093572,0.7512225051249948,2.262166489618435,1.4605660257332789,0.24589908123016357,-0.00183547212057413,0.35532925627015566,0.0006645278794258701,0.0,-0.0025,True,True,121,5.0,10,0.0,0.5,0.242,0.9999840259552002,0.26249822974205017,0,False
239,24.038605575915426,24.0,0.09999999999999432,154,-0.9618743878271839,0.7676795468623631,2.315567775572999,1.4568070747551378,0.24526622891426086,0.0008870536534830356,0.3562163099236387,0.0008870536534830356,0.0,-0.0,False,False,121,5.0,10,0.02,0.5,0.242,0.999981701374054,0.2672887146472931,0,False
240,24.139172497205436,24.099999999999994,0.09999999999999432,153,-0.9771600086013688,0.7833566202848568,2.3701902694734156,1.4522345547308213,0.2444964051246643,-0.001420956773104769,0.3547953531505339,0.0010790432268952311,0.0,-0.0025,True,True,122,5.0,10,0.0,0.5,0.244,0.9999817609786987,0.13567112386226654,0,False
241,24.238828755915165,24.200000000000017,0.10000000000002274,152,-0.9931534204170527,0.7983009715775499,2.4015224176658823,1.4469841490097402,0.24361245334148407,0.00123901365147798,0.3560343668020119,0.00123901365147798,0.0,-0.0,False,False,122,5.0,10,0.02,0.5,0.244,0.9999827742576599,0.13998381793498993,0,False
242,24.340009482111782,24.30000000000001,0.10099999999999909,156,-1.009586427589879,0.8128491145608049,2.4317144762713454,1.4414604294054358,0.24268248677253723,-0.0011964885457917923,0.3548378782562201,0.0013035114542082078,0.0,-0.0025,True,True,123,5.0,10,0.0,0.5,0.246,0.9999900460243225,0.176503524184227,0,False
243,24.44010582799092,24.400000000000006,0.09999999999999432,154,-1.0264359728772583,0.8268892341664622,2.466242672049263,1.4356177255928615,0.24169881641864777,0.0013787867395191275,0.35621666499573923,0.0013787867395191275,0.0,-0.0,False,False,123,5.0,10,0.02,0.5,0.246,0.9999908208847046,0.17831937968730927,0,False
244,24.541040926240385,24.5,0.10099999999999909,162,-1.0437727549558857,0.840314465074598,2.50099891314949,1.4293319488206317,0.2406405508518219,-0.0010166549701739764,0.3552000100255652,0.0014833450298260237,0.0,-0.0025,True,True,124,5.0,10,0.0,0.5,0.248,0.9990333318710327,0.22422051429748535,0,False
245,24.640743545256555,24.599999999999994,0.09999999999999432,154,-1.0615824812675665,0.8530521324997312,2.5443265599012594,1.4225653945180683,0.23950134217739105,0.0015968010092402528,0.3567968110348055,0.0015968010092402528,0.0,-0.0,False,False,124,5.0,10,0.02,0.5,0.248,0.9989731311798096,0.22808055579662323,0,False
246,24.741180947050452,24.700000000000017,0.09999999999999432,172,-1.0799483815953903,0.864965047730665,2.5892788527441386,1.4151607832905835,0.23825471103191376,-0.0007526275335438971,0.3560441835012616,0.001747372466456103,0.0,-0.0025,True,True,125,5.0,10,0.0,0.5,0.25,0.9987037777900696,0.22668392956256866,0,False
247,24.840913164895028,24.80000000000001,0.10000000000002274,156,-1.0988370385731454,0.8760256626166099,2.6347599085709104,1.4071179381214132,0.23690062761306763,0.0018979856968603418,0.35794216919812194,0.0018979856968603418,0.0,-0.0,False,False,125,5.0,10,0.02,0.5,0.25,0.9986782670021057,0.23058347404003143,0,False
248,24.940687872935086,24.900000000000006,0.09999999999999432,157,-1.118206881681571,0.8862123780293039,2.681063035160357,1.3984450902900718,0.2354404777288437,-0.0004533435259912828,0.35748882567213064,0.0020466564740087173,0.0,-0.0025,True,True,126,5.0,10,0.0,0.5,0.252,0.9990967512130737,0.30486780405044556,0,False
249,25.04182182997465,25.0,0.10099999999999909,156,-1.1379841098533974,0.89544870132518,2.734042165877516,1.3891386109529025,0.233873650431633,0.002196183601517204,0.3596850092736478,0.002196183601517204,0.0,-0.0,False,False,126,5.0,10,0.02,0.5,0.252,0.999176025390625,0.3024575710296631,0,False
250,25.143092756159604,25.099999999999994,0.10099999999999909,161,-1.1583136156817533,0.9034940094379906,2.794113887638535,1.3789169549471676,0.23215274512767792,-8.784901498821822e-05,0.3595971602586596,0.002412150985011782,0.0,-0.0025,True,True,127,5.0,10,0.0,0.5,0.254,0.9997386336326599,-0.03769061341881752,0,False
251,25.24302850291133,25.200000000000017,0.09999999999999432,157,-1.1790988988313182,0.910537553611101,2.814175664260902,1.3679611219137973,0.23030823469161987,0.0025854052834728422,0.36218256554213246,0.0025854052834728422,0.0,-0.0,False,False,127,5.0,10,0.02,0.5,0.254,0.9997358322143555,-0.03677918389439583,0,False
252,25.343133678194135,25.30000000000001,0.09999999999999432,153,-1.1999015043044452,0.9177161294689277,2.8085890089927728,1.3573502945529672,0.22852180898189545,3.989339482385161e-06,0.36218655488161483,0.002503989339482385,0.0,-0.0025,True,True,128,5.0,10,0.0,0.5,0.256,0.9999892115592957,-0.44307389855384827,0,False
253,25.443445290904492,25.400000000000006,0.09999999999999432,154,-1.2206589173843538,0.9252862338074533,2.755443015467713,1.3473171614006216,0.22683264315128326,0.0023676625394756417,0.36455421742109045,0.0023676625394756417,0.0,-0.0,False,False,128,5.0,10,0.02,0.5,0.256,0.9999801516532898,-0.47103574872016907,0,False
254,25.5433468981646,25.5,0.10000000000002274,155,-1.2407565759512975,0.9346482511309855,2.6597806515900793,1.3392965318353014,0.2254822999238968,-0.0006072568382709052,0.36394696058281956,0.0018927431617290949,0.0,-0.0025,True,True,129,5.0,10,0.0,0.5,0.258,0.9382393956184387,0.047414373606443405,0,False
255,25.643649272155017,25.599999999999994,0.09999999999999432,156,-1.2597140608130524,0.9454621911080874,2.614976793904037,1.333430284793149,0.22449466586112976,0.0013843425735625833,0.3653313031563821,0.0013843425735625833,0.0,-0.0,False,False,129,5.0,10,0.02,0.5,0.258,0.9237489104270935,0.02720547653734684,0,False
256,25.743824536912143,25.700000000000017,0.09999999999999432,154,-1.277327397377981,0.9555756042799624,2.6193987429943317,1.3283258293937765,0.22363528609275818,-0.0012954283422728326,0.3640358748141093,0.0012045716577271674,0.0,-0.0025,True,True,130,5.0,10,0.0,0.5,0.26,0.1534309685230255,-0.9081201553344727,0,False
257,25.84353985497728,25.80000000000001,0.09999999999999432,152,-1.292701058086728,0.9643579818396548,2.614341829643039,1.3240761879465321,0.22291982173919678,0.0010028489314418529,0.3650387237455512,0.0010028489314418529,0.0,-0.0,False,False,130,5.0,10,0.02,0.5,0.26,0.15438823401927948,-0.915233850479126,0,False
258,25.94389463821426,25.900000000000006,0.09999999999999432,154,-1.3034897248100619,0.9710256429362193,2.545216212468662,1.3215980417624733,0.22250260412693024,-0.0019151962504385849,0.3631235274951126,0.0005848037495614151,0.0,-0.0025,True,True,131,5.0,10,0.0,0.5,0.262,0.7199780941009521,0.3564721643924713,0,False
259,26.043831904884428,26.0,0.10000000000002274,154,-1.3113563400632258,0.9768986462973102,2.477226071416801,1.3206129434722282,0.2223367542028427,0.0002324677928718094,0.3633559952879844,0.0002324677928718094,0.0,-0.0,False,False,131,5.0,10,0.02,0.5,0.262,0.715688169002533,0.35148298740386963,0,False
260,26.143970710225403,26.099999999999994,0.09999999999999432,161,-1.321259607775699,0.9844381788373043,2.507199342636193,1.3195844760748654,0.2221636027097702,-0.0022572977759954538,0.361098697511989,0.00024270222400454638,0.0,-0.0025,True,True,132,5.0,10,0.0,0.5,0.264,0.526111900806427,0.34320804476737976,0,False
261,26.24366416828707,26.200000000000017,0.09999999999999432,154,-1.3317587525931172,0.9916157652144173,2.5792028580088573,1.3180078762685639,0.2218981683254242,0.0003720529015656523,0.36147075041355464,0.0003720529015656523,0.0,-0.0,False,False,132,5.0,10,0.02,0.5,0.264,0.5501635670661926,0.3415718078613281,0,False
262,26.34370937384665,26.30000000000001,0.09999999999999432,149,-1.3421896146316492,0.9977183541518105,2.6478123479868665,1.3157813594141698,0.22152331471443176,-0.0019745768376025754,0.3594961735759521,0.0005254231623974247,0.0,-0.0025,True,True,133,5.0,10,0.0,0.5,0.266,0.13271622359752655,-0.9455575346946716,0,False
263,26.443780669011176,26.400000000000006,0.09999999999999432,161,-1.3527033597053353,1.003077200209505,2.671724282386208,1.3130405203527125,0.22106187045574188,0.0006467951609938662,0.36014296873694596,0.0006467951609938662,0.0,-0.0,False,False,133,5.0,10,0.02,0.5,0.266,0.13357090950012207,-0.9413280487060547,0,False
264,26.543998932931572,26.5,0.10000000000002274,152,-1.3619781653474907,1.008233380326224,2.5787398863070843,1.3110358940116735,0.22072437405586243,-0.0020269395291325916,0.3581160292078134,0.00047306047086740846,0.0,-0.0025,True,True,134,5.0,10,0.0,0.5,0.268,0.14158707857131958,-0.9763383269309998,0,False
265,26.643783531151712,26.599999999999994,0.09999999999999432,149,-1.366945656057358,1.0118055407862705,2.420739599006771,1.310622028818036,0.22065469622612,9.766571423798394e-05,0.35821369492205135,9.766571423798394e-05,0.0,-0.0,False,False,134,5.0,10,0.02,0.5,0.268,0.06333296746015549,-0.9951598644256592,0,False
266,26.74406789522618,26.700000000000017,0.09999999999999432,149,-1.3678900189068763,1.012703634935237,2.2219180120754034,1.3107156706860574,0.22067046165466309,-0.0025220980166090236,0.35569159690544233,-2.209801660902364e-05,0.0,-0.0025,True,True,135,5.0,10,0.0,0.5,0.27,0.5669683218002319,-0.9957441091537476,0,False
267,26.844922123942524,26.80000000000001,0.10099999999999909,162,-1.3705570867406205,1.017343596949003,2.023982843898414,1.3126170962538326,0.22099058330059052,-0.0004487067020903648,0.355242890203352,-0.0004487067020903648,0.0,-0.0,False,False,135,5.0,10,0.02,0.5,0.27,0.5748794674873352,-0.9995228052139282,0,False
268,26.945776322856545,26.900000000000006,0.10099999999999909,165,-1.3749430595478214,1.029190206412343,1.8252978231810846,1.3190721895605853,0.2220773547887802,-0.004023301084431956,0.35121958911892004,-0.0015233010844319557,0.0,-0.0025,True,True,136,5.0,10,0.0,0.5,0.272,0.8857780694961548,-0.9909713864326477,0,False
269,27.045794888865203,27.0,0.09999999999999432,163,-1.377390864360878,1.0456798990416958,1.626478706411486,1.3304631297992426,0.2239951193332672,-0.002688083780306432,0.3485315053386136,-0.002688083780306432,0.0,-0.0,False,False,136,5.0,10,0.02,0.5,0.272,0.8843935132026672,-0.9940228462219238,0,False
270,27.14675931725651,27.099999999999994,0.10099999999999909,157,-1.3765537014527909,1.0654525322387973,1.4285805562453946,1.3465707702162877,0.22670698165893555,-0.006301151269069478,0.3422303540695441,-0.003801151269069478,0.0,-0.0025,True,True,137,5.0,10,0.0,0.5,0.274,0.8280575275421143,-0.8573833107948303,0,False
271,27.246887581888586,27.200000000000017,0.09999999999999432,149,-1.372199981597965,1.0837303608002424,1.250852852340553,1.3637171450029928,0.22959372401237488,-0.004046276337995233,0.33818407773154885,-0.004046276337995233,0.0,-0.0,False,False,137,5.0,10,0.02,0.5,0.274,0.8287912011146545,-0.8669576644897461,0,False
272,27.347309974953532,27.30000000000001,0.10000000000002274,154,-1.3648888116573972,1.1007367359187277,1.076081626973938,1.381677265852637,0.23261746764183044,-0.006738307684595712,0.33144577004695314,-0.004238307684595713,0.0,-0.0025,True,True,138,5.0,10,0.0,0.5,0.276,0.7977147698402405,-0.2425900250673294,0,False
273,27.44709084322676,27.400000000000006,0.09999999999999432,153,-1.3549631034923248,1.1161724558266204,0.9400869791018966,1.3999744266204532,0.23569795489311218,-0.0043178438351128634,0.3271279262118403,-0.0043178438351128634,0.0,-0.0,False,False,138,5.0,10,0.02,0.5,0.276,0.7703778743743896,-0.27998223900794983,0,False
274,27.54741144599393,27.5,0.09999999999999432,151,-1.3438965726593646,1.130593660995844,0.8879479735332068,1.4181520125643592,0.23875831067562103,-0.006789626046418366,0.3203383001654219,-0.004289626046418366,0.0,-0.0025,True,True,139,5.0,10,0.0,0.5,0.278,0.9998379945755005,-0.4379774034023285,0,False
275,27.6470681251958,27.599999999999994,0.09999999999999432,169,-1.3296859590918202,1.146769545927412,0.8066727592949423,1.4396273323084667,0.24237386882305145,-0.005067839657794054,0.31527046050762786,-0.005067839657794054,0.0,-0.0,False,False,139,5.0,10,0.02,0.5,0.278,0.9997900128364563,-0.4421575367450714,0,False
276,27.747216820251197,27.700000000000017,0.09999999999999432,152,-1.3136693109305078,1.1620828607529026,0.7192535796331067,1.4615124458606457,0.2460584193468094,-0.007664544588701189,0.30760591591892666,-0.0051645445887011894,0.0,-0.0025,True,True,140,5.0,10,0.0,0.5,0.28,0.9992358088493347,-0.5152390003204346,0,False
277,27.847272915299982,27.80000000000001,0.10000000000002274,156,-1.2962968267571993,1.175863571024675,0.6170876931323556,1.4830153802198973,0.2496786266565323,-0.005074356275168304,0.3025315596437584,-0.005074356275168304,0.0,-0.0,False,False,140,5.0,10,0.02,0.5,0.28,0.9990361332893372,-0.5600380301475525,0,False
278,27.947475570254028,27.900000000000006,0.09999999999999432,166,-1.2775200527229287,1.1876879801164362,0.5043886255578248,1.5038524660223196,0.25318673253059387,-0.007417226427389867,0.29511433321636854,-0.004917226427389867,0.0,-0.0025,True,True,141,5.0,10,0.0,0.5,0.282,0.9983370304107666,-0.531480073928833,0,False
279,28.047244247980416,28.0,0.09999999999999432,158,-1.2575676877069095,1.1973482089641592,0.4012130253739568,1.52375233656909,0.2565370500087738,-0.004696058281952326,0.2904182749344162,-0.004696058281952326,0.0,-0.0,False,False,141,5.0,10,0.02,0.5,0.282,0.9979946613311768,-0.554134726524353,0,False
280,28.147768878843635,28.099999999999994,0.09999999999999432,154,-1.2366940866142577,1.204813530391219,0.28762802645230795,1.542573820991121,0.2597058117389679,-0.006941576018848062,0.28347669891556815,-0.004441576018848061,0.0,-0.0025,True,True,142,5.0,10,0.0,0.5,0.284,0.9998359680175781,-0.3189581632614136,0,False
281,28.2474569180049,28.200000000000017,0.09999999999999432,154,-1.2152011675452465,1.2101078507179774,0.2114184422096202,1.5601889361682248,0.26267147064208984,-0.004156891740605203,0.27931980717496296,-0.004156891740605203,0.0,-0.0,False,False,142,5.0,10,0.02,0.5,0.284,0.9998483657836914,-0.33230912685394287,0,False
282,28.34744719415903,28.30000000000001,0.10000000000002274,155,-1.1934172880333402,1.2140080925361445,0.14119843432081589,1.577030311070996,0.2655068635940552,-0.0064743011345598026,0.27284550604040314,-0.003974301134559802,0.0,-0.0025,True,True,143,5.0,10,0.0,0.5,0.286,0.9999434947967529,-0.3832709491252899,0,False
283,28.44763835798949,28.400000000000006,0.09999999999999432,157,-1.171410888850722,1.2163655633883534,0.06607876146229666,1.5929660682104438,0.26818978786468506,-0.003760589503233244,0.26908491653716987,-0.003760589503233244,0.0,-0.0,False,False,143,5.0,10,0.02,0.5,0.286,0.9999493956565857,-0.3840404152870178,0,False
284,28.547761923167855,28.5,0.09999999999999432,158,-1.149293867858378,1.2170189851435478,-0.009070102752923978,1.6078303428789387,0.2706923186779022,-0.006007736394472581,0.26307718014269726,-0.003507736394472581,0.0,-0.0025,True,True,144,5.0,10,0.0,0.5,0.288,0.9951549172401428,-0.3268052339553833,0,False
285,28.647689150180668,28.599999999999994,0.09999999999999432,155,-1.127287071126799,1.2160889113418152,-0.07143488708909165,1.6215995918469022,0.2730104923248291,-0.00324932745166841,0.25982785269102887,-0.00324932745166841,0.0,-0.0,False,False,144,5.0,10,0.02,0.5,0.288,0.995867133140564,-0.33803972601890564,0,False
286,28.74785713525489,28.700000000000017,0.09999999999999432,150,-1.105381763454191,1.2137200133883932,-0.14119949586455202,1.634412773273875,0.27516770362854004,-0.005523710461677281,0.2543041422293516,-0.0030237104616772812,0.0,-0.0025,True,True,145,5.0,10,0.0,0.5,0.29,0.9984758496284485,-0.2735895812511444,0,False
287,28.847653792239726,28.80000000000001,0.10000000000002274,170,-1.0836509054841046,1.209952106373908,-0.19761852099310445,1.6462743125789503,0.2771646976470947,-0.002799137801393516,0.2515050044279581,-0.002799137801393516,0.0,-0.0,False,False,145,5.0,10,0.02,0.5,0.29,0.9985551834106445,-0.28086912631988525,0,False
288,28.947914125863463,28.900000000000006,0.09999999999999432,168,-1.062141291839875,1.204993570161189,-0.2552122134779179,1.657326708256944,0.27902546525001526,-0.0051081925576887885,0.2463968118702693,-0.0026081925576887884,0.0,-0.0025,True,True,146,5.0,10,0.0,0.5,0.292,0.99741131067276,-0.3426762819290161,0,False
289,29.048140230122954,29.0,0.09999999999999432,157,-1.0409646622491657,1.1987620625924624,-0.32231245388188556,1.6674511820593825,0.2807300090789795,-0.0023892175046368153,0.2440075943656325,-0.0023892175046368153,0.0,-0.0,False,False,146,5.0,10,0.02,0.5,0.292,0.9975681900978088,-0.35135984420776367,0,False
290,29.147858139127493,29.099999999999994,0.09999999999999432,167,-1.0202676927573142,1.191068566621328,-0.3913984603254963,1.6764285872327485,0.28224143385887146,-0.004618527244473413,0.23938906712115907,-0.0021185272444734123,0.0,-0.0025,True,True,147,5.0,10,0.0,0.5,0.294,0.9976757168769836,-0.2935291528701782,0,False
291,29.248063392937183,29.200000000000017,0.09999999999999432,159,-1.0001284872878728,1.1820675976018225,-0.44497136473220705,1.6843323857339965,0.28357210755348206,-0.0018651728574531836,0.23752389426370588,-0.0018651728574531836,0.0,-0.0,False,False,147,5.0,10,0.02,0.5,0.294,0.9978180527687073,-0.2949114739894867,0,False
292,29.348938452079892,29.32000000000002,0.10100000000002751,160,-0.9766727978885656,1.1697686182940665,-0.5175951138707762,1.6913137498793653,0.28474748134613037,-0.004147492773238435,0.23337640149046743,-0.0016474927732384353,0.0,-0.0025,True,True,148,5.0,10,0.0,0.5,0.296,0.9998762011528015,-0.2136041522026062,0,False
293,29.45051560504362,29.420000000000016,0.10099999999999909,165,-0.9577389487895537,1.1584164647858335,-0.5598071160487281,1.6985703750923589,0.28596919775009155,-0.0017124500810399973,0.23166395140942744,-0.0017124500810399973,0.0,-0.0,False,False,148,5.0,10,0.024,0.5,0.296,0.9998862147331238,-0.21524770557880402,0,False
294,29.55003864504397,29.52000000000001,0.09999999999999432,155,-0.9393064940034439,1.1462747123455344,-0.603823407821184,1.7039054833348921,0.2868674099445343,-0.003759002122077952,0.2279049492873495,-0.0012590021220779516,0.0,-0.0025,True,True,149,5.0,10,0.004,0.5,0.298,0.9998682141304016,-0.2423923760652542,0,False
295,29.650561937130988,29.620000000000005,0.09999999999999432,159,-0.9214360132538407,1.1333054894239962,-0.6529642948751414,1.7085394281762285,0.2876475751399994,-0.0010935385232342515,0.22681141076411526,-0.0010935385232342515,0.0,-0.0,False,False,149,5.0,10,0.024,0.5,0.298,0.9998700618743896,-0.24422501027584076,0,False
296,29.75076515087858,29.72,0.09999999999999432,158,-0.9042162535909608,1.1194798378457995,-0.7013936277777916,1.7123932601397374,0.2882964015007019,-0.0034094440824101527,0.22340196668170512,-0.0009094440824101524,0.0,-0.0025,True,True,150,5.0,10,0.004,0.5,0.3,0.9994544982910156,-0.13795648515224457,0,False
297,29.850784006994218,29.82000000000002,0.09999999999999432,162,-0.8875683867505169,1.1050468826209916,-0.7256992358590016,1.7156939147165406,0.28885209560394287,-0.0007789028689825579,0.22262306381272257,-0.0007789028689825579,0.0,-0.0,False,False,150,5.0,10,0.024,0.5,0.3,0.9994540214538574,-0.13876087963581085,0,False
298,29.951009090989828,29.920000000000016,0.10000000000002274,160,-0.8713117390029506,1.0901612410039483,-0.7541251663553669,1.7186808955879864,0.28935497999191284,-0.0032048807793205792,0.219418183033402,-0.0007048807793205793,0.0,-0.0025,True,True,151,5.0,10,0.004,0.5,0.302,0.999841570854187,-0.1823015958070755,0,False
299,30.050831388216466,30.02000000000001,0.09999999999999432,160,-0.8555088567663983,1.074755521366588,-0.7918520155328571,1.721265694372202,0.28979015350341797,-0.0006099720955102336,0.21880821093789177,-0.0006099720955102336,0.0,-0.0,False,False,151,5.0,10,0.024,0.5,0.302,0.9998415112495422,-0.18365316092967987,0,False
300,30.15083531429991,30.120000000000005,0.09999999999999432,153,-0.840279918535314,1.0587796604282727,-0.8282175081519559,1.7233261695022026,0.29013705253601074,-0.002986239911775036,0.21582197102611672,-0.0004862399117750358,0.0,-0.0025,True,True,152,5.0,10,0.004,0.5,0.304,0.9999846816062927,-0.1829497367143631,0,False
301,30.251052727922797,30.22,0.09999999999999432,152,-0.8256462841398418,1.0422553285469451,-0.864390772466907,1.7248607278271146,0.2903954088687897,-0.0003621317693451767,0.21545983925677153,-0.0003621317693451767,0.0,-0.0,False,False,152,5.0,10,0.024,0.5,0.304,0.9999839663505554,-0.18501786887645721,0,False
302,30.351023314986378,30.32000000000002,0.09999999999999432,154,-0.8116304101229296,1.0252101905922857,-0.901272088056719,1.7258697233804654,0.29056528210639954,-0.0027381071732918857,0.21272173208347964,-0.00023810717329188574,0.0,-0.0025,True,True,153,5.0,10,0.004,0.5,0.306,0.9992940425872803,-0.05271042138338089,0,False
303,30.45129151828587,30.420000000000016,0.10000000000002274,155,-0.7980354337814447,1.0079263045962457,-0.9063776565063058,1.7266788670075472,0.2907015085220337,-0.0001909452437047799,0.21253078683977486,-0.0001909452437047799,0.0,-0.0,False,False,153,5.0,10,0.024,0.5,0.306,0.9993010759353638,-0.052094537764787674,0,False
304,30.551578612066805,30.52000000000001,0.09999999999999432,151,-0.7846021478786364,0.9904993437828751,-0.9177034103940921,1.7275531528036874,0.2908487021923065,-0.0027063177769979753,0.20982446906277688,-0.000206317776997975,0.0,-0.0025,True,True,154,5.0,10,0.004,0.5,0.308,0.9997649788856506,-0.07735917717218399,0,False
305,30.65100870328024,30.620000000000005,0.09999999999999432,159,-0.7713683551749957,0.9728936244560046,-0.9346269220134719,1.7284415999409275,0.29099828004837036,-0.00020965963206179963,0.2096148094307151,-0.00020965963206179963,0.0,-0.0,False,False,154,5.0,10,0.024,0.5,0.308,0.9997622966766357,-0.07782790064811707,0,False
306,30.750792330130935,30.72,0.09999999999999432,163,-0.7584091106571378,0.9550818531149832,-0.9501656721936,1.7292673831438015,0.29113730788230896,-0.002694871923404686,0.20691993750731041,-0.00019487192340468607,0.0,-0.0025,True,True,155,5.0,10,0.004,0.5,0.31,0.9999118447303772,-0.11257804930210114,0,False
307,30.851724538952112,30.82000000000002,0.09999999999999432,158,-0.745776596854056,0.9370170656656467,-0.972814286814242,1.7299614658744484,0.2912541627883911,-0.00016379267131181384,0.2067561448359986,-0.00016379267131181384,0.0,-0.0,False,False,155,5.0,10,0.024,0.5,0.31,0.9999170303344727,-0.11452358961105347,0,False
308,30.95170209510252,30.920000000000016,0.10000000000002274,169,-0.7335625397926401,0.9186698800869963,-0.9952765444032817,1.7304314453821934,0.29133328795433044,-0.0026109078149280634,0.20414523702107054,-0.00011090781492806353,0.0,-0.0025,True,True,156,5.0,10,0.004,0.5,0.312,0.9999882578849792,-0.07875829935073853,0,False
309,31.051144385244697,31.02000000000001,0.09999999999999432,164,-0.7217214399379567,0.9000970383952993,-1.0103727669792375,1.7307461811881335,0.29138627648353577,-7.427272879178785e-05,0.20407096429227875,-7.427272879178785e-05,0.0,-0.0,False,False,156,5.0,10,0.024,0.5,0.312,0.9999883770942688,-0.07898560911417007,0,False
310,31.151231951080263,31.120000000000005,0.09999999999999432,164,-0.7101702062069881,0.881341144266596,-1.0265205337815426,1.7309982530597074,0.29142871499061584,-0.0025594850201346745,0.20151147927214408,-5.948502013467428e-05,0.0,-0.0025,True,True,157,5.0,10,0.004,0.5,0.314,0.9999661445617676,-0.10841229557991028,0,False
311,31.251817842014134,31.22,0.09999999999999432,155,-0.6989580305962276,0.8623655552104306,-1.0487563797110127,1.7311271212637143,0.2914504110813141,-3.0410881080065388e-05,0.201481068391064,-3.0410881080065388e-05,0.0,-0.0,False,False,157,5.0,10,0.024,0.5,0.314,0.9999672174453735,-0.10976669937372208,0,False
312,31.351788848172873,31.32000000000002,0.09999999999999432,153,-0.6881643965582983,0.8431468303683471,-1.0704118840961694,1.7310527742229411,0.29143789410591125,-0.002482455260915353,0.19899861313014866,1.7544739084647064e-05,0.0,-0.0025,True,True,158,5.0,10,0.004,0.5,0.316,0.999978244304657,-0.15685389935970306,0,False
313,31.45207267208025,31.420000000000016,0.10000000000002274,155,-0.6778694904606754,0.8236365076630617,-1.102097211315522,1.7306813930526024,0.29137536883354187,8.7640149046772e-05,0.19908625327919544,8.7640149046772e-05,0.0,-0.0,False,False,158,5.0,10,0.024,0.5,0.316,0.999980092048645,-0.15909457206726074,0,False
314,31.551989978179336,31.52000000000001,0.09999999999999432,153,-0.6682000418689658,0.8038105127654992,-1.1333842133025018,1.729890836185714,0.2912422716617584,-0.002313440941066408,0.19677281233812902,0.00018655905893359193,0.0,-0.0025,True,True,159,5.0,10,0.004,0.5,0.318,0.999979555606842,-0.1697751134634018,0,False
315,31.651955414097756,31.620000000000005,0.09999999999999432,154,-0.6591850553061914,0.7836751292996479,-1.1671767159763018,1.728657737409461,0.29103466868400574,0.00029099202967568846,0.1970638043678047,0.00029099202967568846,0.0,-0.0,False,False,159,5.0,10,0.024,0.5,0.318,0.9999787211418152,-0.17197665572166443,0,False
316,31.752118858974427,31.72,0.09999999999999432,157,-0.6508633115084805,0.7632423887261198,-1.2014504228538125,1.726952003874007,0.2907474935054779,-0.00209747355757183,0.19496633081023287,0.00040252644242817,0.0,-0.0025,True,True,160,5.0,10,0.004,0.5,0.32,0.9999515414237976,-0.17368467152118683,0,False
317,31.85153831029311,31.82000000000002,0.09999999999999432,153,-0.6432514235465916,0.7425331726459143,-1.2361153323376242,1.7247670859590931,0.2903796434402466,0.0005156064631476855,0.19548193727338056,0.0005156064631476855,0.0,-0.0,False,False,160,5.0,10,0.024,0.5,0.32,0.9999499320983887,-0.17562255263328552,0,False
318,31.95179475285113,31.920000000000016,0.10000000000002274,154,-0.6363647257827303,0.7215701295279888,-1.271192896584539,1.7220971421115159,0.289930135011673,-0.0018699350009190063,0.19361200227246156,0.0006300649990809939,0.0,-0.0025,True,True,161,5.0,10,0.004,0.5,0.322,0.9999870657920837,-0.15698154270648956,0,False
319,32.05163568118587,32.02000000000001,0.09999999999999432,153,-0.6301835579132293,0.700394738750872,-1.3022470674864324,1.7189754514828595,0.28940457105636597,0.00073667017561449,0.19434867244807605,0.00073667017561449,0.0,-0.0,False,False,161,5.0,10,0.024,0.5,0.322,0.9999880194664001,-0.1570260375738144,0,False
320,32.15216689184308,32.120000000000005,0.09999999999999432,154,-0.6246660758790064,0.679037548940603,-1.3337479076395526,1.7154501626328627,0.288811057806015,-0.0016680869550687349,0.19268058549300732,0.0008319130449312652,0.0,-0.0025,True,True,162,5.0,10,0.004,0.5,0.324,0.9999377727508545,-0.053410496562719345,0,False
321,32.25138367526233,32.22,0.09999999999999432,156,-0.6195316781297157,0.6576409370582827,-1.3379849725969841,1.7118328250657182,0.28820204734802246,0.0008536351028455752,0.1935342205958529,0.0008536351028455752,0.0,-0.0,False,False,162,5.0,10,0.024,0.5,0.324,0.9999352693557739,-0.053100332617759705,0,False
322,32.351735977921635,32.32000000000002,0.09999999999999432,154,-0.6146125968485792,0.6361787435782739,-1.3489897537974913,1.7082671763935875,0.2876017391681671,-0.0016585626681370888,0.19187565792771583,0.0008414373318629113,0.0,-0.0025,True,True,163,5.0,10,0.004,0.5,0.326,0.9991304874420166,-0.08607489615678787,0,False
323,32.451762882992625,32.420000000000016,0.10000000000002274,167,-0.6099745914167499,0.6146578350818513,-1.3677524572889153,1.7046949781011982,0.2870003283023834,0.0008429829398298929,0.19271864086754573,0.0008429829398298929,0.0,-0.0,False,False,163,5.0,10,0.024,0.5,0.326,0.9991414546966553,-0.08668956905603409,0,False
324,32.551935248076916,32.52000000000001,0.09999999999999432,167,-0.6057099774840604,0.593060613391238,-1.3850264151596283,1.7010236504211111,0.2863822281360626,-0.0016336240747238588,0.19108501679282186,0.0008663759252761414,0.0,-0.0025,True,True,164,5.0,10,0.004,0.5,0.328,0.9991336464881897,-0.07609729468822479,0,False
325,32.65248006908223,32.620000000000005,0.09999999999999432,166,-0.6018028718595848,0.571400632276755,-1.399786653625568,1.6972721341470474,0.2857506275177002,0.0008852991795745814,0.19197031597239644,0.0008852991795745814,0.0,-0.0,False,False,164,5.0,10,0.024,0.5,0.328,0.9991343021392822,-0.07634861022233963,0,False
326,32.75239799590781,32.72,0.09999999999999432,152,-0.5982251376827614,0.5496838717060339,-1.4150333113133646,1.6934683979276786,0.2851102352142334,-0.0016023777298778503,0.1903679382425186,0.0008976222701221498,0.0,-0.0025,True,True,165,5.0,10,0.004,0.5,0.33,0.999999463558197,-0.07615768164396286,0,False
327,32.8524884711951,32.82000000000002,0.09999999999999432,163,-0.5949744233176266,0.5278969805859371,-1.4302822040474552,1.689610140545076,0.2844606637954712,0.0009104884121175681,0.19127842665463618,0.0009104884121175681,0.0,-0.0,False,False,165,5.0,10,0.024,0.5,0.33,0.999999463558197,-0.07611743360757828,0,False
328,32.95249386690557,32.920000000000016,0.10000000000002274,156,-0.5920547016872657,0.5060628797340815,-1.4454770255569593,1.6857009023345149,0.28380250930786133,-0.0015774809096529567,0.18970094574498322,0.0009225190903470434,0.0,-0.0025,True,True,166,5.0,10,0.004,0.5,0.332,0.9999887943267822,-0.10614858567714691,0,False
329,33.05245123291388,33.02000000000001,0.09999999999999432,157,-0.589524653356131,0.48416849603025824,-1.466998074727385,1.681680674613085,0.2831256687641144,0.0009487108794091619,0.19064965662439237,0.0009487108794091619,0.0,-0.0,False,False,166,5.0,10,0.024,0.5,0.332,0.9999892115592957,-0.10651376098394394,0,False
330,33.152783195953816,33.120000000000005,0.09999999999999432,155,-0.5874616165912345,0.46222613426600456,-1.487909654530863,1.677478119624997,0.2824181318283081,-0.0015082627366451112,0.18914139388774726,0.0009917372633548888,0.0,-0.0025,True,True,167,5.0,10,0.004,0.5,0.334,0.9999759197235107,-0.07303358614444733,0,False
331,33.252637112978846,33.22,0.09999999999999432,157,-0.5858002421601868,0.4402629534505749,-1.501890154359179,1.6731624509248755,0.2816915512084961,0.0010184303306765732,0.19015982421842384,0.0010184303306765732,0.0,-0.0,False,False,167,5.0,10,0.024,0.5,0.334,0.9999757409095764,-0.07330077141523361,0,False
332,33.35267172893509,33.32000000000002,0.09999999999999432,159,-0.5844552021106164,0.4182767298615126,-1.516864402601159,1.6688140341234612,0.28095945715904236,-0.0014738416294885716,0.18868598258893526,0.0010261583705114285,0.0,-0.0025,True,True,168,5.0,10,0.004,0.5,0.336,0.9999172687530518,0.23015694320201874,0,False
333,33.45268408488482,33.420000000000016,0.10000000000002274,156,-0.5829823614803756,0.39640989400475934,-1.4743528427058792,1.664898423309405,0.28030022978782654,0.0009240229251257409,0.18961000551406101,0.0009240229251257409,0.0,-0.0,False,False,168,5.0,10,0.024,0.5,0.336,0.9998716115951538,0.25378647446632385,0,False
334,33.55294617917389,33.52000000000001,0.09999999999999432,162,-0.5804232763683616,0.37465391787954233,-1.4271210013039681,1.662346018592955,0.27987051010131836,-0.001897672397948106,0.1877123331161129,0.000602327602051894,0.0,-0.0025,True,True,169,5.0,10,0.004,0.5,0.338,0.9995467066764832,-0.11702146381139755,0,False
335,33.65287913521752,33.620000000000005,0.09999999999999432,164,-0.5772343352079216,0.35286162847884706,-1.4444219118395991,1.6606864864328386,0.2795911133289337,0.00039162364028273093,0.18810395675639563,0.00039162364028273093,0.0,-0.0,False,False,169,5.0,10,0.024,0.5,0.338,0.9995447993278503,-0.11803688108921051,0,False
336,33.7529111308977,33.72,0.09999999999999432,164,-0.5745959364415655,0.3309956262973074,-1.4627167282385312,1.6587635533282683,0.2792673707008362,-0.002046217855531577,0.18605773890086405,0.000453782144468423,0.0,-0.0025,True,True,170,5.0,10,0.004,0.5,0.34,0.9993020296096802,-0.07778047770261765,0,False
337,33.85287624690682,33.82000000000002,0.09999999999999432,163,-0.5724009906274341,0.309094251339634,-1.4765873291645768,1.6566887398404044,0.27891805768013,0.0004896235400270397,0.1865473624408911,0.0004896235400270397,0.0,-0.0,False,False,170,5.0,10,0.024,0.5,0.34,0.9992974996566772,-0.07808541506528854,0,False
338,33.95227296790108,33.920000000000016,0.10000000000002274,154,-0.5705357471645862,0.28715799536354386,-1.4931398339033293,1.6545735665304064,0.27856194972991943,-0.002000852173041262,0.18454651026784982,0.0004991478269587382,0.0,-0.0025,True,True,171,5.0,10,0.004,0.5,0.342,0.9857704043388367,0.00872201006859541,0,False
339,34.053137126844376,34.02000000000001,0.09999999999999432,171,-0.5689059229096006,0.2655307805797957,-1.4930045581593014,1.6525660194127658,0.2782239615917206,0.00047374972847427876,0.1850202599963241,0.00047374972847427876,0.0,-0.0,False,False,171,5.0,10,0.024,0.5,0.342,0.9859184622764587,0.008979273028671741,0,False
340,34.15300557296723,34.120000000000005,0.09999999999999432,155,-0.567225995552133,0.24390635419970386,-1.4925107538079503,1.6508910867942035,0.2779419720172882,-0.0021047420923354563,0.18291551790398863,0.00039525790766454394,0.0,-0.0025,True,True,172,5.0,10,0.004,0.5,0.344,0.9824867248535156,-0.0112724294885993,0,False
341,34.25298329023644,34.22,0.09999999999999432,161,-0.5655506553742012,0.2223508644239554,-1.4951746963412522,1.649504337467019,0.277708500623703,0.00032725115711735523,0.18324276906110598,0.00032725115711735523,0.0,-0.0,False,False,172,5.0,10,0.024,0.5,0.344,0.982637882232666,-0.011087305843830109,0,False
342,34.35293986601755,34.32000000000002,0.09999999999999432,157,-0.563926967085468,0.20078950300572138,-1.4969951911109207,1.648348063966232,0.2775138318538666,-0.0022271375340451975,0.1810156315270608,0.00027286246595480265,0.0,-0.0025,True,True,173,5.0,10,0.004,0.5,0.346,0.9901070594787598,-0.02900865115225315,0,False
343,34.45244618598372,34.420000000000016,0.10000000000002274,153,-0.5623748782518837,0.17905156503198918,-1.5027861919587389,1.6473843847044,0.27735158801078796,0.00022741323708791938,0.1812430447641487,0.00022741323708791938,0.0,-0.0,False,False,173,5.0,10,0.024,0.5,0.346,0.9901474118232727,-0.02857331745326519,0,False
344,34.552297443151474,34.52000000000001,0.09999999999999432,162,-0.5609491003530586,0.15730448635070907,-1.5082728834608474,1.6465821447311042,0.27721652388572693,-0.0023106839106387697,0.17893236085350994,0.00018931608936123022,0.0,-0.0025,True,True,174,5.0,10,0.004,0.5,0.348,0.9996424317359924,-0.15607117116451263,0,False
345,34.65271630510688,34.620000000000005,0.09999999999999432,160,-0.5598895257619918,0.1353210247657784,-1.5411260721198359,1.645683430621567,0.2770652174949646,0.00021208247698295592,0.1791444433304929,0.00021208247698295592,0.0,-0.0,False,False,174,5.0,10,0.024,0.5,0.348,0.9996424317359924,-0.1567588895559311,0,False
346,34.753071308135986,34.72,0.09999999999999432,176,-0.559528178207394,0.11327626394519552,-1.5710797758118535,1.644378109005706,0.27684545516967773,-0.0021919645094992304,0.17695247882099366,0.0003080354905007697,0.0,-0.0025,True,True,175,5.0,10,0.004,0.5,0.35,0.99482262134552,-0.17084001004695892,0,False
347,34.85341957118362,34.82000000000002,0.09999999999999432,170,-0.559887805452157,0.09133048263816025,-1.60458954083521,1.6426530806430035,0.27655503153800964,0.00040707971995254655,0.1773595585409462,0.00040707971995254655,0.0,-0.0,False,False,175,5.0,10,0.024,0.5,0.35,0.9948633909225464,-0.17248177528381348,0,False
348,34.953340518288314,34.920000000000016,0.10000000000002274,165,-0.5609992157759808,0.06940790170222341,-1.6388519163409287,1.6404697558789634,0.2761874496936798,-0.001984769495546976,0.17537478904539922,0.0005152305044530242,0.0,-0.0025,True,True,176,5.0,10,0.004,0.5,0.352,0.9725134968757629,-0.07018524408340454,0,False
349,35.05332250427455,35.02000000000001,0.09999999999999432,163,-0.5626168802164113,0.04805777875443261,-1.6513254781051623,1.638088172339528,0.27578648924827576,0.0005620164753454688,0.17593680552074467,0.0005620164753454688,0.0,-0.0,False,False,176,5.0,10,0.024,0.5,0.352,0.9724235534667969,-0.07010044157505035,0,False
350,35.15344327921048,35.120000000000005,0.09999999999999432,162,-0.5645234514264472,0.026723384271424424,-1.6664041284715216,1.6356949056936854,0.2753835618495941,-0.0019352264942269454,0.17400157902651772,0.0005647735057730547,0.0,-0.0025,True,True,177,5.0,10,0.004,0.5,0.354,0.9914364218711853,-0.18557561933994293,0,False
351,35.25345905404538,35.22,0.09999999999999432,166,-0.5669786013196058,0.005015682027605832,-1.7048241804007627,1.6330290332316744,0.2749347388744354,0.0006291042157501463,0.17463068324226788,0.0006291042157501463,0.0,-0.0,False,False,177,5.0,10,0.024,0.5,0.354,0.9924101829528809,-0.1853691190481186,0,False
352,35.35325133195147,35.32000000000002,0.09999999999999432,160,-0.5702570413804247,-0.016642045501659618,-1.7404643707620362,1.629827862076096,0.27439579367637634,-0.0017445736628402062,0.17288610957942768,0.0007554263371597938,0.0,-0.0025,True,True,178,5.0,10,0.004,0.5,0.356,0.9918413758277893,-0.11488556861877441,0,False
353,35.45356046501547,35.420000000000016,0.10000000000002274,166,-0.5741751085122676,-0.03810659363444758,-1.761189445804085,1.6262714182756801,0.27379703521728516,0.0008392651260714593,0.17372537470549915,0.0008392651260714593,0.0,-0.0,False,False,178,5.0,10,0.024,0.5,0.356,0.9917238354682922,-0.11539628356695175,0,False
354,35.55371057987213,35.52000000000001,0.09999999999999432,164,-0.5785852042340207,-0.059518777418911976,-1.7848251521202083,1.6225068027610992,0.27316322922706604,-0.0016116096044914555,0.1721137651010077,0.0008883903955085445,0.0,-0.0025,True,True,179,5.0,10,0.004,0.5,0.358,0.9990302324295044,-0.05991910770535469,0,False
355,35.65337837906554,35.620000000000005,0.09999999999999432,168,-0.5833849868959682,-0.08094760834566556,-1.7960350354480747,1.6186404026073644,0.272512286901474,0.000912409978779211,0.1730261750797869,0.000912409978779211,0.0,-0.0,False,False,179,5.0,10,0.024,0.5,0.358,0.9990037083625793,-0.059970274567604065,0,False
356,35.75353117287159,35.72,0.09999999999999432,161,-0.5884450989851024,-0.10235871299071994,-1.8085669699332891,1.6148023251358288,0.271866112947464,-0.0015942737313482287,0.17143190134843866,0.0009057262686517713,0.0,-0.0025,True,True,180,5.0,10,0.004,0.5,0.36,0.9995667338371277,-0.059815648943185806,0,False
357,35.85461297025904,35.82000000000002,0.10099999999999909,173,-0.5937616598524218,-0.12371969110978916,-1.8208019572110876,1.610995933665004,0.2712252736091614,0.0008982488679465678,0.17233015021638523,0.0008982488679465678,0.0,-0.0,False,False,180,5.0,10,0.024,0.5,0.36,0.9995574951171875,-0.05991080775856972,0,False
358,35.95509372185916,35.920000000000016,0.10099999999999909,170,-0.5993330282413164,-0.1450155896381272,-1.8327448354441427,1.6072224673122357,0.2705899775028229,-0.001609520945076624,0.1707206292713086,0.000890479054923376,0.0,-0.0025,True,True,181,5.0,10,0.004,0.5,0.362,0.9988624453544617,-0.024716155603528023,0,False
359,36.054861680138856,36.02000000000001,0.09999999999999432,170,-0.6050843066742176,-0.16623432919664693,-1.837168711445743,1.6035553880344786,0.2699725925922394,0.0008653733687570097,0.1715860026400656,0.0008653733687570097,0.0,-0.0,False,False,181,5.0,10,0.024,0.5,0.362,0.9988808035850525,-0.02401084080338478,0,False
360,36.156050155870616,36.120000000000005,0.10099999999999909,169,-0.6109347323054192,-0.1874269390306677,-1.8422666163498647,1.6000803719453858,0.26938754320144653,-0.001679950540545074,0.16990605209952053,0.0008200494594549261,0.0,-0.0025,True,True,182,5.0,10,0.004,0.5,0.364,0.9966229796409607,-0.19911052286624908,0,False
361,36.25683668628335,36.22,0.10099999999999909,170,-0.6171863576753435,-0.20848819378196637,-1.8830836513890328,1.5964856925240007,0.2687823474407196,0.000848288134743592,0.1707543402342641,0.000848288134743592,0.0,-0.0,False,False,182,5.0,10,0.024,0.5,0.364,0.9965847730636597,-0.20057405531406403,0,False
362,36.35786546301097,36.32000000000002,0.10100000000002751,170,-0.6243015784732628,-0.22930146311911778,-1.9210935612564617,1.592295351692611,0.2680768668651581,-0.0015111450866375493,0.16924319514762656,0.0009888549133624507,0.0,-0.0025,True,True,183,5.0,10,0.004,0.5,0.366,0.998000979423523,-0.19693055748939514,0,False
363,36.45877064205706,36.420000000000016,0.10099999999999909,172,-0.6322507635572082,-0.24984364662119768,-1.959389237568892,1.5875325386472678,0.26727500557899475,0.001123949404314317,0.17036714455194088,0.001123949404314317,0.0,-0.0,False,False,183,5.0,10,0.024,0.5,0.366,0.9979285001754761,-0.1968563348054886,0,False
364,36.559016766026616,36.52000000000001,0.09999999999999432,170,-0.6409964944079717,-0.2700597173616208,-1.9986502401981967,1.5822213276678403,0.26638081669807434,-0.001246637258342125,0.16912050729359876,0.0012533627416578751,0.0,-0.0025,True,True,184,5.0,10,0.004,0.5,0.368,0.9947702288627625,-0.19160586595535278,0,False
365,36.65961227705702,36.620000000000005,0.09999999999999432,163,-0.6504854161988901,-0.2898593015291378,-2.036946948846858,1.5763926966879838,0.2653995156288147,0.0013754657710495235,0.17049597306464828,0.0013754657710495235,0.0,-0.0,False,False,184,5.0,10,0.024,0.5,0.368,0.9946557283401489,-0.19160383939743042,0,False
366,36.75950723327696,36.72,0.09999999999999432,167,-0.6607175713435632,-0.3092812106733306,-2.075203549647072,1.5700462916741709,0.26433104276657104,-0.0010023476531822605,0.169493625411466,0.0014976523468177396,0.0,-0.0025,True,True,185,5.0,10,0.004,0.5,0.37,0.99772709608078,-0.20664291083812714,0,False
367,36.859460909850895,36.82000000000002,0.09999999999999432,166,-0.6717466054630119,-0.32834681898613743,-2.116505178537187,1.5631282995302231,0.2631663382053375,0.0016325379718281333,0.17112616338329414,0.0016325379718281333,0.0,-0.0,False,False,185,5.0,10,0.024,0.5,0.37,0.9975945353507996,-0.20454323291778564,0,False
368,36.959926791954786,36.920000000000016,0.10000000000002274,160,-0.68354526359479,-0.3469411714389957,-2.157022421731309,1.5556358879879202,0.26190492510795593,-0.0007319080321486141,0.17039425535114552,0.001768091967851386,0.0,-0.0025,True,True,186,5.0,10,0.004,0.5,0.372,0.9954841732978821,0.28130394220352173,0,False
369,37.05976658919826,37.02000000000001,0.09999999999999432,151,-0.6955128085993548,-0.36511917599958904,-2.123583651182052,1.5481581688370083,0.2606459856033325,0.001764624793222709,0.17215888014436823,0.001764624793222709,0.0,-0.0,False,False,186,5.0,10,0.024,0.5,0.372,0.9954378008842468,0.2871100902557373,0,False
370,37.15980080422014,37.120000000000005,0.09999999999999432,150,-0.7064547277928772,-0.38396503242717067,-2.0697053532293674,1.5421110991706897,0.25962790846824646,-0.0010729861145922352,0.171085894029776,0.0014270138854077649,0.0,-0.0025,True,True,187,5.0,10,0.004,0.5,0.374,0.9979103207588196,-0.19876410067081451,0,False
371,37.2601006180048,37.22,0.09999999999999432,151,-0.716776924508525,-0.4033170393700717,-2.080022045422496,1.5370801057282715,0.25878089666366577,0.0011872357845840453,0.17227312981436005,0.0011872357845840453,0.0,-0.0,False,False,187,5.0,10,0.024,0.5,0.374,0.9979280233383179,-0.19899339973926544,0,False
372,37.35980318626389,37.32000000000002,0.09999999999999432,159,-0.7278790074998421,-0.4223371170067271,-2.116491015620489,1.5315054938043902,0.25784236192703247,-0.0011844787541564327,0.17108865106020363,0.0013155212458435673,0.0,-0.0025,True,True,188,5.0,10,0.004,0.5,0.376,0.9989164471626282,-0.3008963465690613,0,False
373,37.46085509285331,37.420000000000016,0.10099999999999909,162,-0.7399235754399888,-0.4408461035261054,-2.1789430561283996,1.525178206601062,0.2567771077156067,0.0014931408424816472,0.17258179190268527,0.0014931408424816472,0.0,-0.0,False,False,188,5.0,10,0.024,0.5,0.376,0.9988582134246826,-0.2989870607852936,0,False
374,37.561223306227475,37.52000000000001,0.10000000000002274,168,-0.7530583866658727,-0.4586024295400057,-2.2383138103233877,1.5178789203480056,0.2555482089519501,-0.0007774825805804543,0.17180430932210483,0.0017225174194195458,0.0,-0.0025,True,True,189,5.0,10,0.004,0.5,0.378,0.9970125555992126,-0.20868924260139465,0,False
375,37.661154362838715,37.620000000000005,0.09999999999999432,154,-0.7670459056088507,-0.4755901600621545,-2.2788645825631706,1.5098156297426228,0.25419068336486816,0.0019028105001085908,0.17370711982221343,0.0019028105001085908,0.0,-0.0,False,False,189,5.0,10,0.024,0.5,0.378,0.9967952370643616,-0.2082635760307312,0,False
376,37.761179448105395,37.72,0.09999999999999432,161,-0.78171919229296,-0.4919910563659118,-2.3211610617584957,1.5011913730129296,0.25273871421813965,-0.00046481026617874004,0.1732423095560347,0.00203518973382126,0.0,-0.0025,True,True,190,5.0,10,0.004,0.5,0.38,0.9936503171920776,-0.3039869964122772,0,False
377,37.861303883139044,37.82000000000002,0.09999999999999432,154,-0.7971698724498385,-0.5076065695997684,-2.383997044398053,1.4918434717530438,0.25116491317749023,0.002205958527578659,0.17544826808361336,0.002205958527578659,0.0,-0.0,False,False,190,5.0,10,0.024,0.5,0.38,0.9932525157928467,-0.3043786883354187,0,False
378,37.961260959040374,37.920000000000016,0.09999999999999432,153,-0.8135414193312565,-0.5222421049341992,-2.443844504255652,1.4815546378854674,0.24943269789218903,-7.199609002957272e-05,0.17537627199358377,0.0024280039099704273,0.0,-0.0025,True,True,191,5.0,10,0.004,0.5,0.382,0.9970037341117859,-0.19811442494392395,0,False
379,38.061028087046,38.02000000000001,0.10000000000002274,159,-0.8306872382261554,-0.5360375429193871,-2.4819042988473625,1.470494364961487,0.24757060408592224,0.002610051464567979,0.17798632345815174,0.002610051464567979,0.0,-0.0,False,False,191,5.0,10,0.024,0.5,0.382,0.9968137741088867,-0.19809980690479279,0,False
380,38.16105775209144,38.120000000000005,0.09999999999999432,153,-0.8483557090129757,-0.5491540850728163,-2.522390764937631,1.4589422509594392,0.24562570452690125,0.00022611826825066862,0.1782124417264024,0.0027261182682506687,0.0,-0.0025,True,True,192,5.0,10,0.004,0.5,0.384,0.9943857789039612,-0.19189012050628662,0,False
381,38.26143587520346,38.22,0.09999999999999432,168,-0.8664702629298662,-0.5615448851309933,-2.561204151715269,1.4469396292936583,0.24360495805740356,0.0028324310324661242,0.18104487275886855,0.0028324310324661242,0.0,-0.0,False,False,192,5.0,10,0.024,0.5,0.384,0.9938103556632996,-0.1919778436422348,0,False
382,38.36138437129557,38.32000000000002,0.09999999999999432,152,-0.8850328940227749,-0.5732261196681032,-2.5995294293801807,1.4344778261427207,0.2415069043636322,0.0004407906829081267,0.18148566344177666,0.0029407906829081267,0.0,-0.0025,True,True,193,5.0,10,0.004,0.5,0.386,0.9970143437385559,-0.17774295806884766,0,False
383,38.46159511525184,38.420000000000016,0.09999999999999432,150,-0.9040726172297622,-0.5842449041319349,-2.6345557684759293,1.421537900712906,0.23932835459709167,0.0030536200644977808,0.18453928350627444,0.0030536200644977808,0.0,-0.0,False,False,193,5.0,10,0.024,0.5,0.386,0.996793806552887,-0.17233256995677948,0,False
384,38.56131267407909,38.52000000000001,0.10000000000002274,148,-0.9234776817888418,-0.5945941396757043,-2.6687729015501214,1.4082086269112326,0.2370842546224594,0.000645500192156668,0.1851847836984311,0.003145500192156668,0.0,-0.0025,True,True,194,5.0,10,0.004,0.5,0.388,0.9989678263664246,0.0519368052482605,0,False
385,38.66161704715341,38.620000000000005,0.09999999999999432,153,-0.9430459736909226,-0.6045388814086909,-2.6619528109924606,1.3947762408446773,0.23482279479503632,0.0031698330743395436,0.18835461677277066,0.0031698330743395436,0.0,-0.0,False,False,194,5.0,10,0.024,0.5,0.388,0.9990147352218628,0.051270633935928345,0,False
386,38.76157796289772,38.72,0.09999999999999432,158,-0.9625110007025558,-0.6147119818227985,-2.654794529861109,1.3817560383125038,0.23263072967529297,0.0005725642053904414,0.1889271809781611,0.0030725642053904415,0.0,-0.0025,True,True,195,5.0,10,0.004,0.5,0.39,0.9998541474342346,-0.35116881132125854,0,False
387,38.861759847030044,38.82000000000002,0.09999999999999432,160,-0.9821749919614845,-0.6247067572203288,-2.710766298541544,1.3687060969640212,0.2304336577653885,0.0030795821010242584,0.19200676307918538,0.0030795821010242584,0.0,-0.0,False,False,195,5.0,10,0.024,0.5,0.39,0.9998081922531128,-0.35237759351730347,0,False
388,38.961417845916,38.920000000000016,0.09999999999999432,163,-1.0025545194539882,-0.6333074156602997,-2.7767099691748256,1.3546047645472705,0.2280595749616623,0.0008276939529132925,0.19283445703209867,0.0033276939529132926,0.0,-0.0025,True,True,196,5.0,10,0.004,0.5,0.392,0.9987630844116211,-0.029794007539749146,0,False
389,39.0616132998839,39.02000000000001,0.10000000000002274,174,-1.0232084391927205,-0.6408348220022462,-2.788466941916012,1.3399655666938786,0.22559493780136108,0.0034546217855531375,0.1962890788176518,0.0034546217855531375,0.0,-0.0,False,False,196,5.0,10,0.024,0.5,0.392,0.9987565875053406,-0.030600139871239662,0,False
390,39.161911744158715,39.120000000000005,0.09999999999999432,171,-1.0439031138799701,-0.6482697697908492,-2.799451713842563,1.3254485104074711,0.22315086424350739,0.0009257982856283376,0.19721487710328015,0.0034257982856283377,0.0,-0.0025,True,True,197,5.0,10,0.004,0.5,0.394,0.9996676445007324,0.16043968498706818,0,False
391,39.26173516130075,39.22,0.09999999999999432,167,-1.0644726941808018,-0.655869839530709,-2.7683251067157566,1.3113304499065466,0.22077396512031555,0.0033316415192073145,0.20054651862248746,0.0033316415192073145,0.0,-0.0,False,False,197,5.0,10,0.024,0.5,0.394,0.9997159242630005,0.16780419647693634,0,False
392,39.362007464282215,39.32000000000002,0.09999999999999432,170,-1.0847761862668865,-0.6641598685792973,-2.7356020233642986,1.298011000535261,0.2185315191745758,0.0006431817802061957,0.20118970040269366,0.0031431817802061958,0.0,-0.0025,True,True,198,5.0,10,0.004,0.5,0.396,0.9998849630355835,-0.2720901668071747,0,False
393,39.4615980531089,39.420000000000016,0.09999999999999432,165,-1.105119154640334,-0.6726873607859524,-2.7782419045061966,1.2850184126182318,0.21634410321712494,0.003066047588016138,0.20425574799070978,0.003066047588016138,0.0,-0.0,False,False,198,5.0,10,0.024,0.5,0.396,0.999871015548706,-0.2726193964481354,0,False
394,39.56206093495712,39.52000000000001,0.10000000000002274,169,-1.125934177867157,-0.6800790821250235,-2.8273637320113605,1.2712689895278078,0.21402926743030548,0.0007446488545791814,0.20500039684528895,0.0032446488545791814,0.0,-0.0025,True,True,199,5.0,10,0.004,0.5,0.398,0.9994468688964844,-0.2649039924144745,0,False
395,39.6616890639998,39.620000000000005,0.09999999999999432,170,-1.147111152623478,-0.6863413094915484,-2.879274663635086,1.2568369897963803,0.21159951388835907,0.0034057262686516933,0.20840612311394063,0.0034057262686516933,0.0,-0.0,False,False,199,5.0,10,0.024,0.5,0.398,0.999350368976593,-0.26368874311447144,0,False
396,39.762084587011486,39.72,0.09999999999999432,165,-1.168585258623461,-0.6914891971318038,-2.9325034020188534,1.2417623307041736,0.20906156301498413,0.0010573838287633477,0.209463506942704,0.0035573838287633478,0.0,-0.0025,True,True,200,5.0,10,0.004,0.5,0.4,0.9999930262565613,-0.35641032457351685,0,False
397,39.862040783278644,39.82000000000002,0.09999999999999432,163,-1.190377636254129,-0.6953309891863939,-3.005325699156102,1.2258965836947873,0.20639042556285858,0.0037440682072618445,0.21320757514996583,0.0037440682072618445,0.0,-0.0,False,False,200,5.0,10,0.024,0.5,0.4,0.9999863505363464,-0.3518664836883545,0,False
398,39.96217118809,39.920000000000016,0.09999999999999432,169,-1.2123830764508572,-0.6976210105907852,-3.0742780836315458,1.2091577014982249,0.20357228815555573,0.0014501144585359464,0.21465768960850176,0.003950114458535946,0.0,-0.0025,True,True,201,5.0,10,0.004,0.5,0.402,0.9999364614486694,-0.33304324746131897,0,False
399,40.062782139051706,40.02000000000001,0.10000000000002274,161,-1.234488189627394,-0.698397167266027,-3.1395232399575295,1.1916256071833178,0.2006206065416336,0.004137300115294009,0.21879498972379577,0.004137300115294009,0.0,-0.0,False,False,201,5.0,10,0.024,0.5,0.402,0.9998852014541626,-0.32409945130348206,0,False
400,40.16205922001973,40.120000000000005,0.09999999999999432,152,-1.2565939315998873,-0.6977354442360005,3.079423038582061,1.1733924379755956,0.19755089282989502,0.0018027428275435935,0.22059773255133935,0.004302742827543594,0.0,-0.0025,True,True,202,5.0,10,0.004,0.5,0.404,0.9999275803565979,-0.3038470447063446,0,False
401,40.26212445506826,40.22,0.09999999999999432,166,-1.2786093412814805,-0.6957028546904188,3.0194883889392106,1.1545402411450547,0.19437696039676666,0.004448823667017519,0.22504655621835687,0.004448823667017519,0.0,-0.0,False,False,202,5.0,10,0.024,0.5,0.404,0.9997609257698059,-0.28472644090652466,0,False
402,40.36195391183719,40.32000000000002,0.09999999999999432,167,-1.3004580938860064,-0.6923994959589911,2.963473818297154,1.1351619504926613,0.19111445546150208,0.002072973582635715,0.2271195298009926,0.004572973582635715,0.0,-0.0025,True,True,203,5.0,10,0.004,0.5,0.406,0.999822199344635,-0.25078532099723816,0,False
403,40.462441684212536,40.420000000000016,0.09999999999999432,157,-1.322091854137463,-0.6879509617408109,2.914603306871802,1.1153471365008707,0.18777845799922943,0.004675986264975734,0.23179551606596832,0.004675986264975734,0.0,-0.0,False,False,203,5.0,10,0.024,0.5,0.406,0.9995324611663818,-0.22445571422576904,0,False
404,40.56211623316631,40.52000000000001,0.10000000000002274,160,-1.3434799751149487,-0.6825091218834879,2.8707147377057014,1.0951919192723973,0.18438515067100525,0.002256316106070439,0.23405183217203876,0.004756316106070439,0.0,-0.0025,True,True,204,5.0,10,0.004,0.5,0.408,0.9978834390640259,-0.17910243570804596,0,False
405,40.662138347979635,40.620000000000005,0.09999999999999432,165,-1.3645833626159345,-0.6762414148625371,2.836041906838042,1.0748132183796948,0.1809542179107666,0.004809054756295221,0.238860886928334,0.004809054756295221,0.0,-0.0,False,False,204,5.0,10,0.024,0.5,0.408,0.9968019127845764,-0.16097021102905273,0,False
406,40.762594209983945,40.72,0.09999999999999432,152,-1.385437946845853,-0.6692890529237472,2.80438784069989,1.0542576777400101,0.17749351263046265,0.002350786171403776,0.24121167309973776,0.004850786171403776,0.0,-0.0025,True,True,205,5.0,10,0.004,0.5,0.41,0.9970799684524536,-0.15788091719150543,0,False
407,40.86231684824452,40.82000000000002,0.09999999999999432,162,-1.406072565744992,-0.6616918203565273,2.7731886233499283,1.033516712040302,0.17400158941745758,0.0048945435861446574,0.24610621668588242,0.0048945435861446574,0.0,-0.0,False,False,205,5.0,10,0.024,0.5,0.41,0.9957596659660339,-0.143572136759758,0,False
408,40.96218450507149,40.920000000000016,0.09999999999999432,152,-1.426439707170314,-0.6535005746062356,2.7452235784115717,1.0126492678628973,0.1704883724451065,0.0024243905291827564,0.24853060721506517,0.0049243905291827565,0.0,-0.0025,True,True,206,5.0,10,0.004,0.5,0.412,0.9998032450675964,-0.10932224243879318,0,False
409,41.06220506085083,41.02000000000001,0.10000000000002274,155,-1.4466718375210719,-0.6447706093304151,2.7242700301008553,0.9915808211502595,0.1669413149356842,0.004971823984493788,0.25350243119955895,0.004971823984493788,0.0,-0.0,False,False,206,5.0,10,0.024,0.5,0.412,0.9997418522834778,-0.09880668669939041,0,False
410,41.16225803596899,41.120000000000005,0.09999999999999432,160,-1.4667196681072987,-0.6356364817115191,2.704750715507118,0.9704297076089523,0.16338033974170685,0.0024913320634284137,0.25599376326298734,0.004991332063428414,0.0,-0.0025,True,True,207,5.0,10,0.004,0.5,0.414,0.9966745376586914,-0.07360941171646118,0,False
411,41.262470790185034,41.22,0.09999999999999432,154,-1.4865391989304921,-0.6261984682935481,2.690439953825677,0.9492896576153793,0.15982122719287872,0.004988721239159848,0.26098248450214717,0.004988721239159848,0.0,-0.0,False,False,207,5.0,10,0.024,0.5,0.414,0.9962141513824463,-0.06705080717802048,0,False
412,41.36284512327984,41.32000000000002,0.09999999999999432,163,-1.5062169975811905,-0.6164966264501771,2.6771360205149337,0.9281179216210957,0.1562567800283432,0.0024961986398649998,0.26347868314201217,0.004996198639865,0.0,-0.0025,True,True,208,5.0,10,0.004,0.5,0.416,0.9983383417129517,-0.12114482372999191,0,False
413,41.46281292894855,41.420000000000016,0.09999999999999432,152,-1.5257769553470086,-0.6064139410315093,2.6525310893908105,0.9068156357635497,0.15267035365104675,0.0050270063662338944,0.26850568950824605,0.0050270063662338944,0.0,-0.0,False,False,208,5.0,10,0.024,0.5,0.416,0.9975916147232056,-0.10886474698781967,0,False
414,41.56274943519384,41.52000000000001,0.10000000000002274,163,-1.5450819125039845,-0.5958989540183698,2.6318504629674,0.8854451984519616,0.14907245337963104,0.0025430890437281805,0.27104877855197423,0.0050430890437281805,0.0,-0.0025,True,True,209,5.0,10,0.004,0.5,0.418,0.9963206052780151,-0.09717775136232376,0,False
415,41.662859780248255,41.620000000000005,0.09999999999999432,157,-1.5641432909128263,-0.5850112189763429,2.6132402208204772,0.8640323656254564,0.14546741545200348,0.005053093722325251,0.2761018722742995,0.005053093722325251,0.0,-0.0,False,False,209,5.0,10,0.024,0.5,0.418,0.9957155585289001,-0.08734846115112305,0,False
416,41.76278248615563,41.72,0.09999999999999432,154,-1.582990881204346,-0.5737896047493759,2.5961632190679187,0.8425762522002153,0.14185509085655212,0.0025633072668638447,0.2786651795411633,0.005063307266863845,0.0,-0.0025,True,True,210,5.0,10,0.004,0.5,0.42,0.9949793815612793,-0.09551337361335754,0,False
417,41.862910240888596,41.82000000000002,0.09999999999999432,167,-1.6016253934858202,-0.5622444512884035,2.5772086478953953,0.8210791593941671,0.13823586702346802,0.005072977759954538,0.28373815730111784,0.005072977759954538,0.0,-0.0,False,False,210,5.0,10,0.024,0.5,0.42,0.9940917491912842,-0.08469662070274353,0,False
418,41.96292801713571,41.920000000000016,0.09999999999999432,156,-1.620032770471801,-0.5503857084707184,2.560913439913653,0.7995539209226833,0.13461190462112427,0.0025796196968937454,0.2863177769980116,0.0050796196968937455,0.0,-0.0025,True,True,211,5.0,10,0.004,0.5,0.422,0.9909660816192627,-0.05561438202857971,0,False
419,42.06297076214105,42.02000000000001,0.10000000000002274,153,-1.638207671667759,-0.5383178435871608,2.550527585567528,0.7780724055918447,0.13099530339241028,0.005069301719384441,0.29138707871739605,0.005069301719384441,0.0,-0.0,False,False,211,5.0,10,0.024,0.5,0.422,0.9899560213088989,-0.047958433628082275,0,False
420,42.16300156712532,42.120000000000005,0.09999999999999432,154,-1.6562419199045288,-0.5260837679087311,2.541059260232906,0.7565956697136272,0.12737950682640076,0.0025681738433004048,0.29395525256069643,0.005068173843300405,0.0,-0.0025,True,True,212,5.0,10,0.004,0.5,0.424,0.9924373626708984,-0.1192093938589096,0,False
421,42.26303875306621,42.22,0.09999999999999432,152,-1.6740426259508812,-0.5130949443437735,2.4898655826454994,0.7347772472271895,0.12370618432760239,0.005148806540010365,0.2991040591007068,0.005148806540010365,0.0,-0.0,False,False,212,5.0,10,0.024,0.5,0.424,0.9885826706886292,-0.0699060931801796,0,False
422,42.363000099081546,42.32000000000002,0.09999999999999432,157,-1.6913763331050389,-0.49991075608006613,2.4780745947280183,0.7131681470638811,0.12006810307502747,0.002599409744849381,0.3017034688455562,0.005099409744849381,0.0,-0.0025,True,True,213,5.0,10,0.004,0.5,0.426,0.986000120639801,-0.01906086504459381,0,False
423,42.46310846414417,42.420000000000016,0.09999999999999432,157,-1.7084895734857644,-0.48657101188893126,2.4786620891674573,0.6916168428739358,0.11643975228071213,0.005085770798870446,0.30678923964442667,0.005085770798870446,0.0,-0.0,False,False,213,5.0,10,0.024,0.5,0.426,0.9855682253837585,-0.01955327019095421,0,False
424,42.56277201185003,42.52000000000001,0.10000000000002274,153,-1.7255377866397559,-0.4731732311720807,2.475179689190527,0.6700800540586176,0.11281384527683258,0.0025823453974301055,0.3093715850418568,0.005082345397430106,0.0,-0.0025,True,True,214,5.0,10,0.004,0.5,0.428,0.9815552830696106,-0.04113149270415306,0,False
425,42.663240724243224,42.620000000000005,0.09999999999999432,156,-1.7424517632804983,-0.4597403948229262,2.466191478222506,0.648622878532794,0.1092013418674469,0.005063557905993628,0.3144351429478504,0.005063557905993628,0.0,-0.0,False,False,214,5.0,10,0.024,0.5,0.428,0.9794425964355469,-0.03365858644247055,0,False
426,42.763005352113396,42.72,0.09999999999999432,167,-1.7592319192537966,-0.4462149909724825,2.459696758650799,0.6272035845944121,0.10559521615505219,0.00255461844369809,0.3169897613915485,0.00505461844369809,0.0,-0.0025,True,True,215,5.0,10,0.004,0.5,0.43,0.9600449800491333,-0.07605240494012833,0,False
427,42.86326593486592,42.82000000000002,0.09999999999999432,154,-1.775551174519453,-0.43271802737966003,2.442176743986611,0.6061366867784569,0.10204841941595078,0.0049714584690962104,0.3219612198606447,0.0049714584690962104,0.0,-0.0,False,False,215,5.0,10,0.024,0.5,0.43,0.953088641166687,-0.06335582584142685,0,False
428,42.962980423122644,42.920000000000016,0.09999999999999432,150,-1.7915286051422967,-0.41913510456027775,2.430112449997818,0.5852547272264252,0.09853275865316391,0.002427815930623071,0.32438903579126777,0.004927815930623071,0.0,-0.0025,True,True,216,5.0,10,0.004,0.5,0.432,0.9428579211235046,-0.055064309388399124,0,False
429,43.063502345234156,43.02000000000001,0.10000000000002274,150,-1.80716928407599,-0.4055170034658207,2.4199519233139353,0.5645883740926358,0.09505339711904526,0.004876936187277557,0.32926597197854535,0.004876936187277557,0.0,-0.0,False,False,216,5.0,10,0.024,0.5,0.432,0.9366797804832458,-0.047343671321868896,0,False
430,43.163479721173644,43.120000000000005,0.09999999999999432,157,-1.822566569670935,-0.3918385319113423,2.4109074481104593,0.5440527920930636,0.09159605205059052,0.0023460762444232944,0.33161204822296864,0.0048460762444232945,0.0,-0.0025,True,True,217,5.0,10,0.004,0.5,0.434,0.9068931341171265,-0.019589480012655258,0,False
431,43.26348567614332,43.22,0.09999999999999432,153,-1.8373805024076266,-0.37850281457788115,2.4073733663126977,0.5241729686947876,0.08824910968542099,0.004691327468377677,0.33630337569134633,0.004691327468377677,0.0,-0.0,False,False,217,5.0,10,0.024,0.5,0.434,0.9017095565795898,-0.0166707094758749,0,False
432,43.36323893396184,43.32000000000002,0.09999999999999432,153,-1.8520656414668797,-0.36519503654255153,2.4039188658497324,0.5044063032627359,0.0849212184548378,0.002164623957758961,0.3384679996491053,0.004664623957758961,0.0,-0.0025,True,True,218,5.0,10,0.004,0.5,0.436,0.906501054763794,-0.06923290342092514,0,False
433,43.463591527193785,43.420000000000016,0.09999999999999432,153,-1.866901290935283,-0.3514613385410722,2.3861368386710606,0.484231171648341,0.081524558365345,0.0047610155897538755,0.3432290152388592,0.0047610155897538755,0.0,-0.0,False,False,218,5.0,10,0.024,0.5,0.436,0.8931877017021179,-0.05520082265138626,0,False
434,43.56349878292531,43.52000000000001,0.10000000000002274,154,-1.8811493429880788,-0.3379398046990114,2.3757846331785157,0.46461709466663825,0.07822235673666,0.0021286154694470896,0.3453576307083063,0.00462861546944709,0.0,-0.0025,True,True,219,5.0,10,0.004,0.5,0.438,0.8783999085426331,-0.054445747286081314,0,False
435,43.66401565494016,43.620000000000005,0.09999999999999432,153,-1.8950310873054566,-0.3244723900596683,2.3659018634933426,0.44529580341217095,0.07496944814920425,0.0045595226160041495,0.34991715332431045,0.0045595226160041495,0.0,-0.0,False,False,219,5.0,10,0.024,0.5,0.438,0.8766226768493652,-0.045496534556150436,0,False
436,43.7640952100046,43.72,0.09999999999999432,156,-1.9087479726512773,-0.3109019319271616,2.3574060468435185,0.42601380987925525,0.07172315567731857,0.0020502489682022464,0.3519674022925127,0.0045502489682022465,0.0,-0.0025,True,True,220,5.0,10,0.004,0.5,0.44,0.8810151815414429,0.009654445573687553,0,False
437,43.86484500998631,43.82000000000002,0.10099999999999909,155,-1.9224665463430528,-0.2972272064424557,2.3599791360389335,0.4066556548837379,0.06846404075622559,0.004568221882466962,0.3565356241749797,0.004568221882466962,0.0,-0.0,False,False,220,5.0,10,0.024,0.5,0.44,0.8795347213745117,0.009457291103899479,0,False
438,43.96544185094535,43.920000000000016,0.09999999999999432,150,-1.9361948838238003,-0.28360532972896696,2.3613549149447386,0.3873307790398048,0.06521052867174149,0.00206036852306715,0.3585959926980468,0.00456036852306715,0.0,-0.0025,True,True,221,5.0,10,0.004,0.5,0.442,0.8822370171546936,-0.042403098195791245,0,False
439,44.06517775822431,44.02000000000001,0.09999999999999432,150,-1.9499467027573976,-0.2698904834061954,2.3521826148551437,0.36792325849429786,0.06194310262799263,0.004579871380353234,0.3631758640784001,0.004579871380353234,0.0,-0.0,False,False,221,5.0,10,0.024,0.5,0.442,0.8810385465621948,-0.03437825292348862,0,False
440,44.16516216425225,44.120000000000005,0.10000000000002274,152,-1.9635715542903185,-0.25608969274889903,2.346111842679006,0.34854029902476064,0.05867981165647507,0.002074075350477054,0.3652499394288771,0.004574075350477054,0.0,-0.0025,True,True,222,5.0,10,0.004,0.5,0.444,0.8932379484176636,-0.02996167540550232,0,False
441,44.26554219704121,44.22,0.09999999999999432,160,-1.9772926430992919,-0.24201341567846343,2.340688190737267,0.328890641673545,0.05537161976099014,0.004637011880294752,0.3698869513091719,0.004637011880294752,0.0,-0.0,False,False,222,5.0,10,0.024,0.5,0.444,0.8922874927520752,-0.02389691211283207,0,False
442,44.36553978314623,44.32000000000002,0.09999999999999432,150,-1.9909251974341096,-0.22788295851962284,2.336175168401294,0.3092618944275468,0.052066948264837265,0.0021320774224271853,0.37201902873159903,0.004632077422427185,0.0,-0.0025,True,True,223,5.0,10,0.004,0.5,0.446,0.8921062350273132,-0.016342347487807274,0,False
443,44.46529518999159,44.420000000000016,0.09999999999999432,153,-2.004499155008882,-0.21370604807011334,2.3330895301115655,0.2896391878786114,0.04876329377293587,0.004630651912376566,0.3766496806439756,0.004630651912376566,0.0,-0.0,False,False,223,5.0,10,0.024,0.5,0.446,0.8910467028617859,-0.011355403810739517,0,False
444,44.56530353613198,44.52000000000001,0.09999999999999432,151,-2.01801968204237,-0.19951284112103762,2.330959246831742,0.2700411309140277,0.045463789254426956,0.0021248349959062172,0.3787745156398818,0.004624834995906217,0.0,-0.0025,True,True,224,5.0,10,0.004,0.5,0.448,0.8746945261955261,-0.029859574511647224,0,False
445,44.6653602309525,44.620000000000005,0.10000000000002274,150,-2.0312456008197706,-0.1855255745256464,2.3249650429865008,0.2507943194629064,0.04222341999411583,0.004541946547028263,0.38331646218691007,0.004541946547028263,0.0,-0.0,False,False,224,5.0,10,0.024,0.5,0.448,0.8736096620559692,-0.021863000467419624,0,False
446,44.76565215410665,44.72,0.09999999999999432,150,-2.0443810454297564,-0.17149334310379794,2.321099109203322,0.23157552091464795,0.038987766951322556,0.0020353359399802808,0.38535179812689035,0.004535335939980281,0.0,-0.0025,True,True,225,5.0,10,0.004,0.5,0.45,0.8795429468154907,-0.016537602990865707,0,False
447,44.86543852183968,44.82000000000002,0.09999999999999432,157,-2.0575530798891024,-0.1573192212353352,2.3181609485856773,0.21222738949337772,0.03573033958673477,0.004565856475679651,0.38991765460257,0.004565856475679651,0.0,-0.0,False,False,225,5.0,10,0.024,0.5,0.45,0.8780447244644165,-0.010176724754273891,0,False
448,44.939043920021504,44.900000000000006,0.0,108,-2.0680468202352427,-0.1459757071174755,2.316630481384696,0.1967753749150561,0.03312885761260986,1.501146433822915,1.891064088425485,0.0036464338229150995,1.5,-0.0025,True,True,226,5.0,10,0.0,0.5,0.452,0.8769233226776123,-0.006770492531359196,1,True
