ppo_step,t_wall_s,t_sim_s,ppo_step_sim_dt,inner_ticks,x,y,yaw,goal_distance_m,goal_distance_norm,ppo_reward,ppo_reward_cumulative,navigation_reward,terminal_reward,frame_cost_reward,fresh_observation,frame_consumed,episode_frame_count,current_fps,scan_divisor_k,obs_age_ratio,fps_ratio,frame_count_ratio,action_linear,action_angular,outcome,done
1,0.1996381743811071,0.14,0.169,282,0.008403856527790734,-6.649442378764007e-08,1.2444492451924424e-06,2.000017709594681,0.3367204964160919,-0.0025088508381522047,-0.0025088508381522047,-8.8508381522047e-06,0.0,-0.0025,True,True,2,5.0,10,0.008,0.5,0.004,0.9993264675140381,0.2202216535806656,0,False
2,0.2996807601302862,0.24000000000000005,0.09999999999999998,169,0.02588314595870588,7.566215749071425e-06,0.003195394453295706,2.0001598540559686,0.33674442768096924,-7.107223036245687e-05,-0.0025799230685146614,-7.107223036245687e-05,0.0,-0.0,False,False,2,5.0,10,0.028,0.5,0.004,0.9993273615837097,0.21995414793491364,0,False
3,0.3996904753148556,0.34,0.10000000000000003,167,0.047611438980213375,0.0005647640309573332,0.04967028815094982,2.0000019551027077,0.3367178440093994,-0.0024210505236821208,-0.005000973592196782,7.894947631787908e-05,0.0,-0.0025,True,True,3,5.0,10,0.008,0.5,0.006,0.9996244311332703,0.2197728008031845,0,False
4,0.49988001910969615,0.44000000000000006,0.10000000000000003,169,0.06946646746366755,0.0020942336072291992,0.0928214078716214,1.9991129769151763,0.3365681767463684,0.00044448909200590935,-0.004556484500190873,0.00044448909200590935,0.0,-0.0,False,False,3,5.0,10,0.028,0.5,0.006,0.9996238946914673,0.2212427705526352,0,False
5,0.5996888671070337,0.54,0.09999999999999998,168,0.09123700970161411,0.004591955313656994,0.13589732429886908,1.9974927424766116,0.33629539608955383,-0.001689882783925009,-0.006246367284115882,0.000810117216074991,0.0,-0.0025,True,True,4,5.0,10,0.008,0.5,0.008,0.9999943971633911,0.17363402247428894,0,False
6,0.6994245643727481,0.64,0.09999999999999998,162,0.11292592088855714,0.007915834087441264,0.1691443922122423,1.9952823341477182,0.3359232544898987,0.0011052041600710322,-0.00514116312404485,0.0011052041600710322,0.0,-0.0,False,False,4,5.0,10,0.028,0.5,0.008,0.9999942183494568,0.17447713017463684,0,False
7,0.7999649359844625,0.7400000000000001,0.10000000000000009,153,0.1344614304839301,0.011986552592936706,0.20455187635378078,1.9925555679189786,0.3354641795158386,-0.0011366168910280554,-0.006277780015072905,0.0013633831089719447,0.0,-0.0025,True,True,5,5.0,10,0.008,0.5,0.01,0.9945810437202454,0.22155682742595673,0,False
8,0.8995480951853096,0.8400000000000001,0.09999999999999998,162,0.15570347497309062,0.016911707415198048,0.2504575581996573,1.9891915413407544,0.33489781618118286,0.001682013282452757,-0.004595766732620148,0.001682013282452757,0.0,-0.0,False,False,5,5.0,10,0.028,0.5,0.01,0.9948834776878357,0.22075067460536957,0,False
9,1.1000289521180093,1.0399999999999998,0.19999999999999996,331,0.197707417063056,0.02932356670119274,0.31471043293822276,1.9805690547786987,0.3334461450576782,0.0018112432639589599,-0.002784523468661188,0.00431124326395896,0.0,-0.0025,True,True,6,5.0,10,0.028,0.5,0.012,0.9986973404884338,0.12078074365854263,0,False
10,1.3000490530394018,1.24,0.19999999999999996,330,0.23893101101351968,0.0438998068243488,0.3670510748398385,1.9706384143325617,0.3317742347717285,0.00246532020341004,-0.000319203265251148,0.00496532020341004,0.0,-0.0025,True,True,7,5.0,10,0.028,0.5,0.014,0.9934690594673157,0.1376333236694336,0,False
11,1.400205607060343,1.3399999999999999,0.10000000000000009,166,0.2591672201768712,0.051992985226451384,0.3949017357964077,1.9651714286010378,0.33085381984710693,0.0002334928549396491,-8.571041031149888e-05,0.002733492854939649,0.0,-0.0025,True,True,8,5.0,10,0.008,0.5,0.016,0.9933409690856934,0.14340384304523468,0,False
12,1.499977685045451,1.44,0.10000000000000009,165,0.27915582258399796,0.060653667887044065,0.423734507198589,1.959334654850049,0.32987114787101746,0.0029183868639400534,0.0028326764536285545,0.0029183868639400534,0.0,-0.0,False,False,8,5.0,10,0.028,0.5,0.016,0.9932239651679993,0.14486433565616608,0,False
13,1.7001544050872326,1.64,0.19999999999999973,332,0.3190036955277557,0.07912218754175532,0.4011693318445876,1.9471863483877054,0.3278258740901947,0.0035741532071232713,0.006406829660751826,0.006074153207123271,0.0,-0.0025,True,True,9,5.0,10,0.028,0.5,0.018,0.9996761083602905,-0.23709078133106232,0,False
14,1.8001335603184998,1.74,0.10000000000000009,165,0.33947951520567826,0.08735137312144756,0.35757560990455806,1.9425424906075992,0.3270440399646759,-0.00017807111913975679,0.006228758541612069,0.0023219288808602433,0.0,-0.0025,True,True,10,5.0,10,0.008,0.5,0.02,0.9974665641784668,0.09361930191516876,0,False
15,1.9000672572292387,1.8399999999999999,0.10000000000000009,165,0.3599357493070967,0.09519453335171914,0.3811093751523194,1.9385142971318008,0.3263658583164215,0.0020140967299250895,0.008242855271537158,0.0020140967299250895,0.0,-0.0,False,False,10,5.0,10,0.028,0.5,0.02,0.9973719716072083,0.09484530240297318,0,False
16,2.0003208303824067,1.94,0.10000000000000009,164,0.38023617160598244,0.10345067905194395,0.39758804909264306,1.9342903231152997,0.3256547152996063,-0.0003880130001111316,0.007854842271426027,0.0021119869998888685,0.0,-0.0025,True,True,11,5.0,10,0.008,0.5,0.022,0.9978780746459961,0.08271105587482452,0,False
17,2.2001410922966897,2.1399999999999997,0.19999999999999973,328,0.42042570888955405,0.12103840214405263,0.428519730706873,1.9254231993857474,0.3241618573665619,0.001933561847223019,0.009788404118649046,0.004433561847223019,0.0,-0.0025,True,True,12,5.0,10,0.008,0.5,0.024,0.9999315142631531,0.08177299797534943,0,False
18,2.300446046050638,2.2399999999999998,0.10000000000000009,165,0.44033953995318864,0.1303419335563825,0.44512704518507074,1.9208124437404617,0.3233855962753296,0.0023053778135154962,0.012093781932164541,0.0023053778135154962,0.0,-0.0,False,False,12,5.0,10,0.028,0.5,0.024,0.9999318718910217,0.08207538723945618,0,False
19,2.4009201182052493,2.34,0.10000000000000009,165,0.4600924148408357,0.13996443821623555,0.46079707305622597,1.9160942389195823,0.32259124517440796,-0.00014089759890036383,0.011952884333264177,0.0023591024010996362,0.0,-0.0025,True,True,13,5.0,10,0.008,0.5,0.026,0.9999677538871765,-0.020102012902498245,0,False
20,2.500986553262919,2.44,0.10000000000000009,164,0.4798478694951296,0.14968207246331575,0.454105470926221,1.9115256132640681,0.32182207703590393,0.0022843128187131512,0.014237197151977328,0.0022843128187131512,0.0,-0.0,False,False,13,5.0,10,0.028,0.5,0.026,0.9999659061431885,-0.0234046820551157,0,False
21,2.6008502393960953,2.54,0.10000000000000009,165,0.49961995623724653,0.15929873175779866,0.45065549876838185,1.907302170297858,0.3211110234260559,-0.0003882785252556178,0.013848918626721711,0.0021117214747443823,0.0,-0.0025,True,True,14,5.0,10,0.008,0.5,0.028,0.9995434880256653,0.07091384381055832,0,False
22,2.801300747320056,2.74,0.19999999999999973,331,0.5387780619505543,0.17912250079677294,0.48347870588889225,1.898914584981293,0.31969889998435974,0.0016937926416787014,0.015542711268400412,0.0041937926416787015,0.0,-0.0025,True,True,15,5.0,10,0.008,0.5,0.03,0.9981648325920105,0.051235511898994446,0,False
23,2.900915144942701,2.84,0.10000000000000009,164,0.5581610452779606,0.18939761627704313,0.4927640548056307,1.8946833532774783,0.31898653507232666,0.0021156158435312903,0.0176583271119317,0.0021156158435312903,0.0,-0.0,False,False,15,5.0,10,0.028,0.5,0.03,0.9981861710548401,0.051106903702020645,0,False
24,3.0014116470701993,2.94,0.10000000000000009,163,0.5774338854735833,0.19986927832976628,0.5021075137868216,1.890476195853533,0.3182782232761383,-0.0003964212963557482,0.017261905815575955,0.002103578703644252,0.0,-0.0025,True,True,16,5.0,10,0.008,0.5,0.032,0.9962048530578613,-0.000593930424656719,0,False
25,3.20096323126927,3.1399999999999997,0.19999999999999973,331,0.6159020506916013,0.2209279723802846,0.5001411435530948,1.882666393253834,0.3169633746147156,0.0014049012843894478,0.018666807099965405,0.003904901284389448,0.0,-0.0025,True,True,17,5.0,10,0.008,0.5,0.034,0.9973546862602234,-0.004237485118210316,0,False
26,3.3013754631392658,3.2399999999999998,0.10000000000000009,163,0.6351688039587997,0.23145235195891473,0.4994415363374557,1.8791487161246783,0.3163711428642273,0.0017588385576143024,0.020425645657579705,0.0017588385576143024,0.0,-0.0,False,False,17,5.0,10,0.028,0.5,0.034,0.9974279999732971,-0.0037719279062002897,0,False
27,3.401063251309097,3.34,0.10000000000000009,164,0.6544350333598777,0.24195636920632865,0.49891024156448055,1.8759004585099437,0.3158242702484131,-0.0008758711990628882,0.019549774458516817,0.0016241288009371118,0.0,-0.0025,True,True,18,5.0,10,0.008,0.5,0.036,0.9970012903213501,-0.095210500061512,0,False
28,3.5016422821208835,3.44,0.10000000000000009,164,0.6738070591094089,0.2523094003392962,0.478977283994581,1.873082528647875,0.31534984707832336,0.0014089649254560653,0.020958739383972882,0.0014089649254560653,0.0,-0.0,False,False,18,5.0,10,0.028,0.5,0.036,0.9971320629119873,-0.09466546028852463,0,False
29,3.6012120111845434,3.54,0.10000000000000009,163,0.693370441631368,0.26228226280734607,0.4625473968509628,1.8709423959741889,0.31498953700065613,-0.0014299336673935226,0.019528805716579358,0.0010700663326064775,0.0,-0.0025,True,True,19,5.0,10,0.008,0.5,0.038,0.9887274503707886,0.14927637577056885,0,False
30,3.801917997188866,3.74,0.19999999999999973,326,0.7315808883579891,0.28291104305671166,0.5264477480829461,1.866441744755953,0.314231812953949,-0.00024967439979140795,0.01927913131678795,0.002250325600208592,0.0,-0.0025,True,True,20,5.0,10,0.008,0.5,0.04,0.9999982714653015,0.01825716905295849,0,False
31,3.9018164230510592,3.84,0.10000000000000009,168,0.7506338599642617,0.29392328206595153,0.5251592703835821,1.8639068646991137,0.3138050436973572,0.0012674400234016193,0.02054657134018957,0.0012674400234016193,0.0,-0.0,False,False,20,5.0,10,0.028,0.5,0.04,0.9999983310699463,0.01866873912513256,0,False
32,4.001449621282518,3.9399999999999995,0.09999999999999964,167,0.7696189744707425,0.3049933007486111,0.5298105007744703,1.8615481163222016,0.31340792775154114,-0.0013206258162132838,0.019225945523976287,0.0011793741837867163,0.0,-0.0025,True,True,21,5.0,10,0.008,0.5,0.042,0.9999285936355591,0.1801196187734604,0,False
33,4.101490085944533,4.04,0.10000000000000053,162,0.7882912398205076,0.31648154607255585,0.5708189115689377,1.8589344638054957,0.3129678964614868,0.0013068262531790635,0.020532771777155352,0.0013068262531790635,0.0,-0.0,False,False,21,5.0,10,0.028,0.5,0.042,0.9999248385429382,0.18437525629997253,0,False
34,4.202654872089624,4.14,0.10099999999999998,170,0.8064297945821717,0.3285751353589757,0.6084242487980831,1.855798965869267,0.31244000792503357,-0.0009322510380926675,0.019600520739062686,0.0015677489619073325,0.0,-0.0025,True,True,22,5.0,10,0.008,0.5,0.044,0.9761996269226074,0.2328861802816391,0,False
35,4.302806597203016,4.24,0.09999999999999964,168,0.8236963048923764,0.3411699908932595,0.6552219344035378,1.8520778964785676,0.3118135333061218,0.001860534687983605,0.02146105542704629,0.001860534687983605,0.0,-0.0,False,False,22,5.0,10,0.028,0.5,0.044,0.9736788272857666,0.2398146092891693,0,False
36,4.402713613118976,4.34,0.10000000000000053,166,0.8403257497108884,0.3545599469924855,0.7009605570888089,1.847598487271981,0.3110593855381012,-0.00026029540557407586,0.021200760021472215,0.002239704594425924,0.0,-0.0025,True,True,23,5.0,10,0.008,0.5,0.046,0.9998709559440613,0.10005617141723633,0,False
37,4.5026411190629005,4.44,0.09999999999999964,168,0.8570352738442968,0.3688231134227309,0.7162981482001388,1.842619713774868,0.3102211654186249,0.0024893867387006134,0.02369014676017283,0.0024893867387006134,0.0,-0.0,False,False,23,5.0,10,0.028,0.5,0.046,0.9998705387115479,0.10036856681108475,0,False
38,4.603092330973595,4.54,0.09999999999999964,165,0.8733641119954187,0.3833378041319017,0.736262037851794,1.8374878207771148,0.3093571662902832,6.594648871767255e-05,0.0237560932488905,0.0025659464887176726,0.0,-0.0025,True,True,24,5.0,10,0.008,0.5,0.048,0.994135320186615,0.1659950315952301,0,False
39,4.702846697997302,4.64,0.10000000000000053,168,0.8892534062249294,0.39826973059426163,0.7717072386900413,1.8320238443305747,0.3084372580051422,0.002731988212453672,0.026488081461344175,0.002731988212453672,0.0,-0.0,False,False,24,5.0,10,0.028,0.5,0.048,0.9939017295837402,0.16798833012580872,0,False
40,4.803327690344304,4.74,0.09999999999999964,168,0.9046281827786569,0.4137169601470713,0.8052911256917141,1.826101394465933,0.3074401617050171,0.00046122492059692865,0.026949306381941103,0.0029612249205969287,0.0,-0.0025,True,True,25,5.0,10,0.008,0.5,0.05,0.9925152063369751,0.14094804227352142,0,False
41,4.903040367178619,4.84,0.10000000000000053,168,0.9195216405710934,0.42960906238750807,0.8324299809372475,1.819793402089853,0.30637815594673157,0.003153996175552866,0.03010330255749397,0.003153996175552866,0.0,-0.0,False,False,25,5.0,10,0.028,0.5,0.05,0.9923251271247864,0.1455134004354477,0,False
42,5.003123442176729,4.9399999999999995,0.09999999999999964,168,0.933957934770193,0.4459324940836584,0.8612605531562949,1.8131196930798743,0.30525457859039307,0.0008368544917782099,0.03094015704927218,0.00333685449177821,0.0,-0.0025,True,True,26,5.0,10,0.008,0.5,0.052,0.9960752725601196,0.13086958229541779,0,False
43,5.103508294094354,5.04,0.09999999999999964,169,0.9479944501636395,0.4626985698121935,0.8871173303046296,1.8060977920956076,0.30407238006591797,0.003510950478232956,0.03445110752750514,0.003510950478232956,0.0,-0.0,False,False,26,5.0,10,0.028,0.5,0.052,0.9959861040115356,0.13458223640918732,0,False
44,5.203128963243216,5.14,0.10000000000000053,167,0.9615775452741032,0.4798289138312482,0.913654091529157,1.7987638105568573,0.30283764004707336,0.0011669907548569774,0.035618098282362114,0.0036669907548569775,0.0,-0.0025,True,True,27,5.0,10,0.008,0.5,0.054,0.995457649230957,0.0874267965555191,0,False
45,5.303398676216602,5.24,0.09999999999999964,166,0.97481005376071,0.49724284869170665,0.929777792204436,1.7912381198629703,0.3015706241130829,0.0037628453320458074,0.03938094361440792,0.0037628453320458074,0.0,-0.0,False,False,27,5.0,10,0.028,0.5,0.054,0.9954308867454529,0.08851101249456406,0,False
46,5.403651049360633,5.34,0.10000000000000053,168,0.9877230871721647,0.5148741346561386,0.9475092279662802,1.7835906416356262,0.3002831041812897,0.0013237390985332952,0.04070468271294122,0.0038237390985332953,0.0,-0.0025,True,True,28,5.0,10,0.008,0.5,0.056,0.9929757714271545,0.09826842695474625,0,False
47,5.5035714651457965,5.44,0.09999999999999964,168,1.0002713967089751,0.5327063277324958,0.967672450106304,1.7758079226007804,0.29897281527519226,0.0038913595020164324,0.04459604221495765,0.0038913595020164324,0.0,-0.0,False,False,28,5.0,10,0.028,0.5,0.056,0.9928189516067505,0.10004822164773941,0,False
48,5.603361122310162,5.54,0.09999999999999964,164,1.0124101483110493,0.5507111081651165,0.989717579002292,1.767883590154938,0.2976386845111847,0.0014621662072344028,0.046058208422192055,0.003962166207234403,0.0,-0.0025,True,True,29,5.0,10,0.008,0.5,0.058,0.9848681688308716,0.2519725263118744,0,False
49,5.703439757227898,5.64,0.10000000000000053,169,1.0237114315098936,0.56906383949237,1.045853596433184,1.759421303764072,0.2962139844894409,0.004231143178681196,0.05028935160087325,0.004231143178681196,0.0,-0.0,False,False,29,5.0,10,0.028,0.5,0.058,0.9834606051445007,0.28280192613601685,0,False
50,5.804012638051063,5.74,0.09999999999999964,169,1.0339639627506045,0.5879437082237254,1.1025668485125795,1.7501383676564808,0.2946511209011078,0.0021414680354193334,0.052430819636292585,0.004641468035419333,0.0,-0.0025,True,True,30,5.0,10,0.008,0.5,0.06,0.9639145731925964,0.16506987810134888,0,False
51,5.904197072144598,5.84,0.10000000000000053,169,1.043298400626129,0.6069289792972677,1.130870532846176,1.7404362558523399,0.2930176854133606,0.0048510558828643935,0.05728187551915698,0.0048510558828643935,0.0,-0.0,False,False,30,5.0,10,0.028,0.5,0.06,0.9642428159713745,0.18734562397003174,0,False
52,6.004069248214364,5.9399999999999995,0.09999999999999964,167,1.051965897971281,0.6262595113511963,1.1662646899078541,1.7302586770207775,0.29130420088768005,0.0025887893956338726,0.05987066491479085,0.005088789395633873,0.0,-0.0025,True,True,31,5.0,10,0.008,0.5,0.062,0.980320155620575,-0.8364167809486389,0,False
53,6.10430942196399,6.04,0.09999999999999964,169,1.0608856091698717,0.6458660469457884,1.0957064247828812,1.7202200563487557,0.28961411118507385,0.005019310316138666,0.06488997523092951,0.005019310316138666,0.0,-0.0,False,False,31,5.0,10,0.028,0.5,0.062,0.98366779088974,-0.8619908690452576,0,False
54,6.203993600327522,6.14,0.10000000000000053,168,1.0723698571098086,0.6644010985826263,0.9247484813791559,1.7128343859149917,0.28837066888809204,0.0011928352022615172,0.06608281043319103,0.003692835202261517,0.0,-0.0025,True,True,32,5.0,10,0.008,0.5,0.064,0.9980365633964539,-0.7097702622413635,0,False
55,6.304023205302656,6.24,0.09999999999999964,169,1.086814517552966,0.6812445441286555,0.7901335626501557,1.7088831947314227,0.2877054512500763,0.0019755955839628214,0.06805840601715385,0.0019755955839628214,0.0,-0.0,False,False,32,5.0,10,0.028,0.5,0.064,0.9984542727470398,-0.7436321377754211,0,False
56,6.404181449208409,6.34,0.10000000000000053,167,1.1035585110102246,0.695842538661846,0.6432238149602327,1.708410914005749,0.2876259386539459,-0.002263859638098104,0.06579454637905574,0.00023614036190189606,0.0,-0.0025,True,True,33,5.0,10,0.008,0.5,0.066,0.6132803559303284,0.9257109761238098,0,False
57,6.504368152003735,6.44,0.09999999999999964,169,1.121593273867222,0.708486340258411,0.6038270392243678,1.7105492765117978,0.2879859507083893,-0.0010691812487913014,0.06472536513026445,-0.0010691812487913014,0.0,-0.0,False,False,33,5.0,10,0.028,0.5,0.066,0.6153737306594849,0.8959853053092957,0,False
58,6.604478057008237,6.54,0.09999999999999964,166,1.1387112424792405,0.7209897867219173,0.6772831596480483,1.7124631817614169,0.28830817341804504,-0.0034569526210208265,0.06126841250924362,-0.0009569526210208263,0.0,-0.0025,True,True,34,5.0,10,0.008,0.5,0.068,0.7979342341423035,0.15936166048049927,0,False
59,6.70451416214928,6.64,0.10000000000000053,167,1.152596476246563,0.7326075174379375,0.708726430058512,1.713114780468765,0.28841787576675415,-0.0003257993523841604,0.06094261315685946,-0.0003257993523841604,0.0,-0.0,False,False,34,5.0,10,0.028,0.5,0.068,0.7915562987327576,0.16277669370174408,0,False
60,6.804746696259826,6.74,0.09999999999999964,164,1.165552665187354,0.7441641357427997,0.7419715265978537,1.7133700386420863,0.2884608507156372,-0.002627629086155338,0.05831498407070412,-0.000127629086155338,0.0,-0.0025,True,True,35,5.0,10,0.008,0.5,0.07,0.9223613739013672,-0.31874075531959534,0,False
61,6.904704951215535,6.84,0.10000000000000053,167,1.1798464311885448,0.7568205848181975,0.6930718676490848,1.7139232160287918,0.28855398297309875,-0.00027658869225772914,0.05803839537844639,-0.00027658869225772914,0.0,-0.0,False,False,35,5.0,10,0.028,0.5,0.07,0.9307783842086792,-0.3196205794811249,0,False
62,7.004507678095251,6.9399999999999995,0.09999999999999964,162,1.196013456913638,0.7694547378127983,0.6322081260571469,1.7160098896398268,0.2889052927494049,-0.003543336801386762,0.05449505857705963,-0.0010433368013867616,0.0,-0.0025,True,True,36,5.0,10,0.008,0.5,0.072,0.4937744140625,0.7796733975410461,0,False
63,7.104599872138351,7.04,0.09999999999999964,167,1.2116353383619807,0.7810339778820702,0.6667016591165114,1.7187024916331635,0.28935861587524414,-0.001346300991338114,0.05314875758572152,-0.001346300991338114,0.0,-0.0,False,False,36,5.0,10,0.028,0.5,0.072,0.49300312995910645,0.7975567579269409,0,False
64,7.204637437127531,7.14,0.10000000000000053,167,1.2233340579062728,0.791034023036091,0.7661007094039969,1.7199258544874103,0.2895645797252655,-0.0031116814247016825,0.050037076161019836,-0.0006116814247016823,0.0,-0.0025,True,True,37,5.0,10,0.008,0.5,0.074,0.948435366153717,-0.30951058864593506,0,False
65,7.304946550168097,7.24,0.09999999999999964,158,1.2338961085056208,0.8016720604378786,0.7881784457573779,1.7200260459756904,0.28958144783973694,-5.00957439417184e-05,0.049986980417078115,-5.00957439417184e-05,0.0,-0.0,False,False,37,5.0,10,0.028,0.5,0.074,0.9480972290039062,-0.31373536586761475,0,False
66,7.404633228201419,7.34,0.10000000000000053,167,1.2477295764711682,0.8152123853923475,0.7470089177564094,1.7206250707042061,0.2896822988986969,-0.0027995123630720326,0.04718746805400608,-0.00029951236307203255,0.0,-0.0025,True,True,38,5.0,10,0.008,0.5,0.076,0.9696519374847412,-0.3978039622306824,0,False
67,7.504587574396282,7.44,0.09999999999999964,168,1.264079754852178,0.8291205011387375,0.6671993787061217,1.7230369241102421,0.29008835554122925,-0.0012059266982435523,0.04598154135576253,-0.0012059266982435523,0.0,-0.0,False,False,38,5.0,10,0.028,0.5,0.076,0.9687079787254333,-0.36285001039505005,0,False
68,7.6047402382828295,7.54,0.09999999999999964,166,1.2813534108582083,0.8417433860723423,0.5951436159908073,1.7272593049758695,0.29079923033714294,-0.004611190424455187,0.041370350931307344,-0.0021111904244551878,0.0,-0.0025,True,True,39,5.0,10,0.008,0.5,0.078,0.9943690896034241,-0.2223917543888092,0,False
69,7.704767173156142,7.64,0.10000000000000053,166,1.2997793095236196,0.8536859629713659,0.5543890990702938,1.7330498773515206,0.29177412390708923,-0.0028952861763626484,0.03847506475494469,-0.0028952861763626484,0.0,-0.0,False,False,39,5.0,10,0.028,0.5,0.078,0.9947226047515869,-0.2125365287065506,0,False
70,7.804902106989175,7.74,0.09999999999999964,168,1.3187227237924004,0.8648446144243873,0.5117208416926534,1.7400020337308715,0.2929445803165436,-0.00597607817591311,0.03249898657903158,-0.0034760781759131097,0.0,-0.0025,True,True,40,5.0,10,0.008,0.5,0.08,0.9984294772148132,-0.23909437656402588,0,False
71,7.904886411968619,7.84,0.10000000000000053,167,1.3382234566188465,0.8751672620406186,0.46256482867648996,1.748167817042463,0.29431936144828796,-0.0040828916396309905,0.028416094939400588,-0.0040828916396309905,0.0,-0.0,False,False,40,5.0,10,0.028,0.5,0.08,0.9987553358078003,-0.23949193954467773,0,False
72,8.105393907986581,8.040000000000001,0.20000000000000018,336,1.3787533269278367,0.8926302408593824,0.3356992363294161,1.7683971157865643,0.2977251410484314,-0.012614649332005198,0.015801445607395388,-0.010114649332005198,0.0,-0.0025,True,True,41,5.0,10,0.028,0.5,0.082,0.9986951947212219,-0.3594138026237488,0,False
73,8.205631982069463,8.14,0.09999999999999964,166,1.3998281133964767,0.8991841166477613,0.26606303343132615,1.7808183820986039,0.299816370010376,-0.008710633131430926,0.0070908124759644624,-0.006210633131430925,0.0,-0.0025,True,True,42,5.0,10,0.008,0.5,0.084,0.9693599939346313,0.07210046052932739,0,False
74,8.305741476360708,8.24,0.09999999999999964,168,1.4205928103151757,0.9048602167273742,0.2793083320390582,1.793715469471592,0.3019877076148987,-0.006448543660963284,0.0006422688150011782,-0.006448543660963284,0.0,-0.0,False,False,42,5.0,10,0.028,0.5,0.084,0.9696003794670105,0.07459532469511032,0,False
75,8.405913920141757,8.340000000000002,0.09999999999999964,168,1.4410505662302429,0.9108029256720575,0.2924990683965016,1.806371282995595,0.30411842465400696,-0.008827906736948304,-0.008185637921947125,-0.006327906736948304,0.0,-0.0025,True,True,43,5.0,10,0.008,0.5,0.086,0.997387170791626,0.2518833577632904,0,False
76,8.505796576384455,8.440000000000001,0.09999999999999964,168,1.4617879335029729,0.9176661043006165,0.34649006450664793,1.8188651261807702,0.3062218725681305,-0.006246921567855142,-0.014432559489802268,-0.006246921567855142,0.0,-0.0,False,False,43,5.0,10,0.028,0.5,0.086,0.9975497126579285,0.2637978196144104,0,False
77,8.605800921097398,8.540000000000001,0.10000000000000142,168,1.4821455663493492,0.9255983032660622,0.3980311527302012,1.8305995674494764,0.3081974685192108,-0.008367220611123851,-0.02279978010092612,-0.0058672206111238506,0.0,-0.0025,True,True,44,5.0,10,0.008,0.5,0.088,0.9963430762290955,-0.14755955338478088,0,False
78,8.706083724275231,8.64,0.09999999999999964,168,1.502479278191586,0.9339232702775172,0.3686179779253763,1.8422713447838164,0.3101625144481659,-0.00583588864406482,-0.02863566874499094,-0.00583588864406482,0.0,-0.0,False,False,44,5.0,10,0.028,0.5,0.088,0.9963463544845581,-0.13536439836025238,0,False
79,8.805781172122806,8.74,0.09999999999999964,166,1.5230400007901337,0.9416452091097026,0.3463261911035244,1.854660571061618,0.3122483491897583,-0.008694613114375372,-0.037330281859366314,-0.006194613114375373,0.0,-0.0025,True,True,45,5.0,10,0.008,0.5,0.09,0.9933859705924988,0.05779916048049927,0,False
80,8.906201994046569,8.840000000000002,0.09999999999999964,167,1.5435009028678186,0.949247620930186,0.3640250045976904,1.8672107055776646,0.3143612742424011,-0.00627506723317934,-0.04360534909254565,-0.00627506723317934,0.0,-0.0,False,False,45,5.0,10,0.028,0.5,0.09,0.9934028387069702,0.05969671532511711,0,False
81,9.006332498043776,8.940000000000001,0.09999999999999964,169,1.563876086212904,0.9570982514534765,0.37474659125106774,1.879721365355396,0.3164675533771515,-0.00875532986409987,-0.05236067895664552,-0.00625532986409987,0.0,-0.0025,True,True,46,5.0,10,0.008,0.5,0.092,0.9922887086868286,-0.0517047643661499,0,False
82,9.10602934518829,9.040000000000001,0.10000000000000142,167,1.584285257731911,0.9649124110845625,0.3603354326580304,1.8924497557525344,0.3186104893684387,-0.00636419517337241,-0.05872487413001793,-0.00636419517337241,0.0,-0.0,False,False,46,5.0,10,0.028,0.5,0.092,0.9922441244125366,-0.048629339784383774,0,False
83,9.206357058137655,9.14,0.09999999999999964,168,1.604742550426228,0.9725170852771206,0.35046873722042093,1.9054973073747064,0.32080715894699097,-0.009023775785257357,-0.0677486499152753,-0.006523775785257357,0.0,-0.0025,True,True,47,5.0,10,0.008,0.5,0.094,0.9878113269805908,-0.009274089708924294,0,False
84,9.306007795967162,9.24,0.09999999999999964,168,1.6251480285800757,0.9799921083090396,0.35029152090417043,1.9187293104647016,0.3230348825454712,-0.006616001518803876,-0.07436465143407917,-0.006616001518803876,0.0,-0.0,False,False,47,5.0,10,0.028,0.5,0.094,0.9878179430961609,-0.007087335456162691,0,False
85,9.406300949398428,9.340000000000002,0.09999999999999964,165,1.6455884206506166,0.9874405326170275,0.34897978952438735,1.932158864263037,0.3252958655357361,-0.009214776872582832,-0.083579428306662,-0.006714776872582832,0.0,-0.0025,True,True,48,5.0,10,0.008,0.5,0.096,0.9924332499504089,-0.03849336504936218,0,False
86,9.506202365271747,9.440000000000001,0.09999999999999964,164,1.6661590831360502,0.9948095181661661,0.34020541083385253,1.9458916477776689,0.3276078999042511,-0.006866391730130862,-0.09044582003679286,-0.006866391730130862,0.0,-0.0,False,False,48,5.0,10,0.028,0.5,0.096,0.9924076199531555,-0.037581052631139755,0,False
87,9.606292329262942,9.540000000000001,0.10000000000000142,166,1.686778555212783,1.00202419218806,0.33379663178765623,1.9598922576558482,0.3299650251865387,-0.009500304911374373,-0.09994612494816724,-0.007000304911374372,0.0,-0.0025,True,True,49,5.0,10,0.008,0.5,0.098,0.997636079788208,0.26245516538619995,0,False
88,9.706466623116285,9.64,0.09999999999999964,164,1.7072024854783685,1.0096878511562433,0.3903007512080012,1.9736409726792172,0.3322797417640686,-0.006874357484467891,-0.10682048243263513,-0.006874357484467891,0.0,-0.0,False,False,49,5.0,10,0.028,0.5,0.098,0.9976043105125427,0.26912838220596313,0,False
89,9.806741746142507,9.74,0.09999999999999964,166,1.7272126792040778,1.0184596990262111,0.44102340809579127,1.9866265684340783,0.33446598052978516,-0.00899279785172453,-0.11581328028435967,-0.00649279785172453,0.0,-0.0025,True,True,50,5.0,10,0.008,0.5,0.1,0.9892409443855286,-0.15600597858428955,0,False
90,9.906874740030617,9.840000000000002,0.09999999999999964,167,1.7470892085631677,1.0276360272000742,0.41095026105878446,1.999453026118332,0.33662542700767517,-0.006413228816735961,-0.12222650910109563,-0.006413228816735961,0.0,-0.0,False,False,50,5.0,10,0.028,0.5,0.1,0.9899836182594299,-0.15243734419345856,0,False
91,10.006738036405295,9.940000000000001,0.09999999999999964,168,1.7671885938439518,1.036141200178456,0.38516659986234,2.0129528555718745,0.338898241519928,-0.009249914700047275,-0.1314764238011429,-0.0067499147000472754,0.0,-0.0025,True,True,51,5.0,10,0.008,0.5,0.102,0.9617226719856262,0.2684658467769623,0,False
92,10.107020249124616,10.040000000000001,0.10000000000000142,169,1.7867837288054986,1.0444978192495002,0.43692357479291866,2.0262232712996027,0.34113243222236633,-0.006635207837594263,-0.1381116316387372,-0.006635207837594263,0.0,-0.0,False,False,51,5.0,10,0.028,0.5,0.102,0.9618843793869019,0.27328231930732727,0,False
93,10.207079872954637,10.14,0.09999999999999964,169,1.8057125418478264,1.053854430349026,0.4867555261373338,2.0385753240570175,0.3432120084762573,-0.008676026354255566,-0.14678765799299276,-0.006176026354255565,0.0,-0.0025,True,True,52,5.0,10,0.008,0.5,0.104,0.9885453581809998,0.145660400390625,0,False
94,10.307059459388256,10.24,0.09999999999999964,169,1.8247759328408,1.0642227109751277,0.5113004858589482,2.0507282329552186,0.34525805711746216,-0.006076454425042929,-0.15286411241803569,-0.006076454425042929,0.0,-0.0,False,False,52,5.0,10,0.028,0.5,0.104,0.9884344935417175,0.14869150519371033,0,False
95,10.406812716275454,10.340000000000002,0.09999999999999964,168,1.8435522721119504,1.0751583399116833,0.5411799128243125,2.0625269313091645,0.3472444713115692,-0.008399349153616563,-0.16126346157165225,-0.005899349153616563,0.0,-0.0025,True,True,53,5.0,10,0.008,0.5,0.106,0.9979221820831299,0.14331495761871338,0,False
96,10.506866300012916,10.440000000000001,0.09999999999999964,166,1.8621518451636927,1.0867151254202696,0.5706711397776709,2.0740537319139967,0.34918510913848877,-0.005763400279597881,-0.16702686185125012,-0.005763400279597881,0.0,-0.0,False,False,53,5.0,10,0.028,0.5,0.106,0.9978464245796204,0.15266652405261993,0,False
97,10.607338572386652,10.540000000000001,0.10000000000000142,168,1.8803078419988297,1.0987575534691492,0.6005352463773505,2.0851367514921186,0.3510510325431824,-0.008041509767121298,-0.1750683716183714,-0.005541509767121297,0.0,-0.0025,True,True,54,5.0,10,0.008,0.5,0.108,0.9195614457130432,-0.4890827238559723,0,False
98,10.70751376496628,10.64,0.09999999999999964,169,1.8980578693960262,1.1104186070665327,0.5371318950318292,2.0961818894827986,0.352910578250885,-0.005522568973475286,-0.1805909405918467,-0.005522568973475286,0.0,-0.0,False,False,54,5.0,10,0.028,0.5,0.108,0.9189388155937195,-0.5235573053359985,0,False
99,10.80749818123877,10.74,0.09999999999999964,168,1.9161038414567653,1.119926581338878,0.4331765791424927,2.1085500507657144,0.3549928665161133,-0.008684080616974201,-0.1892750212088209,-0.006184080616974201,0.0,-0.0025,True,True,55,5.0,10,0.008,0.5,0.11,0.9991351366043091,0.05066068470478058,0,False
100,10.907655374146998,10.840000000000002,0.09999999999999964,164,1.9352531263399828,1.1284515331885887,0.4238066597366543,2.1224517082729597,0.35733333230018616,-0.006950828726103233,-0.19622584993492412,-0.006950828726103233,0.0,-0.0,False,False,55,5.0,10,0.028,0.5,0.11,0.9991437196731567,0.04437635466456413,0,False
101,11.00779200810939,10.940000000000001,0.09999999999999964,168,1.955199280292779,1.1375051967121752,0.43128479429084565,2.136984253526195,0.3597800135612488,-0.009766272597849434,-0.20599212253277355,-0.007266272597849434,0.0,-0.0025,True,True,56,5.0,10,0.008,0.5,0.112,0.9927257299423218,0.4851391017436981,0,False
102,11.108132211025804,11.040000000000001,0.10000000000000142,169,1.9744609234493895,1.1472645839460434,0.5226986663706626,2.1507333225830916,0.36209478974342346,-0.006874534501230882,-0.21286665703400443,-0.006874534501230882,0.0,-0.0,False,False,56,5.0,10,0.028,0.5,0.112,0.9907536506652832,0.49384868144989014,0,False
103,11.208710551261902,11.14,0.10099999999999909,169,1.992697960762052,1.1589059628926728,0.6176950064415794,2.162934203024268,0.36414891481399536,-0.008600440196435622,-0.22146709723044006,-0.006100440196435622,0.0,-0.0025,True,True,57,5.0,10,0.008,0.5,0.114,0.996971607208252,0.45068755745887756,0,False
104,11.308732646051794,11.24,0.09999999999999964,168,2.0098777694055374,1.1722718941131995,0.7057116671846961,2.1736472575661607,0.3659525513648987,-0.005356527249739064,-0.22682362448017912,-0.005356527249739064,0.0,-0.0,False,False,57,5.0,10,0.028,0.5,0.114,0.9974216818809509,0.4534849226474762,0,False
105,11.40878356108442,11.340000000000002,0.10000000000000142,168,2.025773325517396,1.18711353271936,0.7956752492429067,2.182783092743079,0.36749064922332764,-0.007067917570374118,-0.23389154205055324,-0.004567917570374117,0.0,-0.0025,True,True,58,5.0,10,0.008,0.5,0.116,0.9938908219337463,0.22857928276062012,0,False
106,11.50901593407616,11.440000000000001,0.09999999999999964,167,2.040652204240414,1.2030110707222157,0.8385242210151714,2.1907653096706667,0.368834525346756,-0.0039911084479923925,-0.23788265049854562,-0.0039911084479923925,0.0,-0.0,False,False,58,5.0,10,0.028,0.5,0.116,0.9938340187072754,0.23408134281635284,0,False
107,11.60887808026746,11.540000000000001,0.09999999999999964,166,2.05477856878768,1.2195599281203344,0.887011492059166,2.1979994537546643,0.3700524568557739,-0.00611707202767825,-0.24399972252622387,-0.0036170720276782497,0.0,-0.0025,True,True,59,5.0,10,0.008,0.5,0.118,0.992005467414856,0.24229001998901367,0,False
108,11.708954454399645,11.64,0.09999999999999964,166,2.0680854309642642,1.2367398989822365,0.9366902312444125,2.20443719941857,0.37113630771636963,-0.0032188728192088685,-0.24721859534543275,-0.0032188728192088685,0.0,-0.0,False,False,59,5.0,10,0.028,0.5,0.118,0.9925703406333923,0.24377714097499847,0,False
109,11.809457485098392,11.74,0.09999999999999964,166,2.0805594241182965,1.2545673544509852,0.9852984937567091,2.2100672175895038,0.3720841705799103,-0.005315009074321783,-0.25253360441975453,-0.002815009074321783,0.0,-0.0025,True,True,60,5.0,10,0.008,0.5,0.12,0.9951789975166321,0.21909812092781067,0,False
110,11.909334260970354,11.840000000000002,0.10000000000000142,167,2.09224215534799,1.2729905900927105,1.028206122049986,2.214953765352705,0.3729068636894226,-0.0024432738719274093,-0.2549768782916819,-0.0024432738719274093,0.0,-0.0,False,False,60,5.0,10,0.028,0.5,0.12,0.9951585531234741,0.2228485494852066,0,False
111,12.009066469036043,11.940000000000001,0.09999999999999964,166,2.1030933609411404,1.291909055109147,1.0729524868832467,2.2190977277919934,0.37360453605651855,-0.004571981211440846,-0.2595488595031228,-0.002071981211440846,0.0,-0.0025,True,True,61,5.0,10,0.008,0.5,0.122,0.9954137206077576,0.2512599229812622,0,False
112,12.109459290280938,12.040000000000001,0.09999999999999964,166,2.1130134245497456,1.3113207420316595,1.1240835325905252,2.2224097114416765,0.37416213750839233,-0.0016559918182852264,-0.261204851321408,-0.0016559918182852264,0.0,-0.0,False,False,61,5.0,10,0.028,0.5,0.122,0.9953641891479492,0.25241169333457947,0,False
113,12.209160138387233,12.14,0.09999999999999964,167,2.121945237515229,1.3312116947584163,1.1748168153995704,2.2248436919431804,0.37457191944122314,-0.0037169902459336973,-0.2649218415673417,-0.0012169902459336973,0.0,-0.0025,True,True,62,5.0,10,0.008,0.5,0.124,0.9962526559829712,0.2635531723499298,0,False
114,12.309240532107651,12.24,0.09999999999999964,169,2.1298365246138236,1.3515507122262094,1.2277337899846588,2.226362495776119,0.37482762336730957,-0.0007594019134628047,-0.2656812434808045,-0.0007594019134628047,0.0,-0.0,False,False,62,5.0,10,0.028,0.5,0.124,0.9959606528282166,0.2669805884361267,0,False
115,12.409293737262487,12.340000000000002,0.10000000000000142,166,2.136606459620249,1.3721847164660066,1.2814034225472515,2.226934967990073,0.3749240040779114,-0.0027862361058436143,-0.26846747958664813,-0.00028623610584361446,0.0,-0.0025,True,True,63,5.0,10,0.008,0.5,0.126,0.9735126495361328,0.29385578632354736,0,False
116,12.509744788054377,12.440000000000001,0.09999999999999964,166,2.1420799767555816,1.3927646614570626,1.3408032627499702,2.226486407510741,0.37484848499298096,0.00022428023877795952,-0.26824319934787016,0.00022428023877795952,0.0,-0.0,False,False,63,5.0,10,0.028,0.5,0.126,0.9710026979446411,0.2945360839366913,0,False
117,12.609389186371118,12.540000000000001,0.09999999999999964,167,2.146331841778275,1.4136174355315099,1.3996270516145954,2.224990969890617,0.3745967149734497,-0.0017522811928983631,-0.26999548054076855,0.0007477188071016369,0.0,-0.0025,True,True,64,5.0,10,0.008,0.5,0.128,0.9784505367279053,0.2868061661720276,0,False
118,12.709474239964038,12.64,0.09999999999999964,168,2.1493893981618517,1.4348077252895597,1.4566207686532644,2.222457505967888,0.374170184135437,0.001266731956349434,-0.26872874858441914,0.001266731956349434,0.0,-0.0,False,False,64,5.0,10,0.028,0.5,0.128,0.976757287979126,0.2887946367263794,0,False
119,12.80968381324783,12.74,0.09999999999999964,167,2.1512188827654044,1.4561081383822054,1.514010254571138,2.218909913005659,0.3735729157924652,-0.0007262035259083118,-0.26945495211032744,0.0017737964740916882,0.0,-0.0025,True,True,65,5.0,10,0.008,0.5,0.13,0.9770068526268005,0.2633514106273651,0,False
120,12.90954938903451,12.840000000000002,0.10000000000000142,166,2.151889573421014,1.4774923652452694,1.5658742668851438,2.2144170505250282,0.3728165030479431,0.002246431231421462,-0.26720852087890595,0.002246431231421462,0.0,-0.0,False,False,65,5.0,10,0.028,0.5,0.13,0.9763765931129456,0.2633700966835022,0,False
121,13.010118720121682,12.940000000000001,0.09999999999999964,161,2.151431669447411,1.4989603401129563,1.618628599990209,2.2090040549064467,0.3719051778316498,0.000206497798575336,-0.2670020230803306,0.002706497798575336,0.0,-0.0025,True,True,66,5.0,10,0.008,0.5,0.132,0.9972833395004272,0.27861860394477844,0,False
122,13.110006546135992,13.040000000000001,0.09999999999999964,159,2.1497735471314794,1.5207312583018224,1.674615460354594,2.202549669666749,0.37081852555274963,0.0032271926070718787,-0.2637748304732587,0.0032271926070718787,0.0,-0.0,False,False,66,5.0,10,0.028,0.5,0.132,0.9970934391021729,0.27047356963157654,0,False
123,13.209842652082443,13.14,0.09999999999999964,158,2.146938424508096,1.542358903231103,1.727237049930147,2.1951719649873533,0.36957642436027527,0.0011888523250931141,-0.2625859781481656,0.003688852325093114,0.0,-0.0025,True,True,67,5.0,10,0.008,0.5,0.134,0.9960839748382568,0.16891176998615265,0,False
124,13.31035447306931,13.24,0.09999999999999964,158,2.143243444880866,1.5639007297592753,1.7576116355471385,2.1871614253775666,0.3682277798652649,0.004005269789035875,-0.2585807083591297,0.004005269789035875,0.0,-0.0,False,False,67,5.0,10,0.028,0.5,0.134,0.9958179593086243,0.1676662117242813,0,False
125,13.410150329116732,13.340000000000002,0.10000000000000142,165,2.138830654060648,1.5852812235230056,1.7888286718267723,2.1786665679021717,0.3667975962162018,0.001747428720881235,-0.2568332796382485,0.004247428720881235,0.0,-0.0025,True,True,68,5.0,10,0.008,0.5,0.136,0.9969322085380554,-0.2811810076236725,0,False
126,13.510219204239547,13.440000000000001,0.09999999999999964,167,2.134494336393663,1.60683479914022,1.7346617427331508,2.17040200923641,0.36540618538856506,0.004132279316520523,-0.25270100032172793,0.004132279316520523,0.0,-0.0,False,False,68,5.0,10,0.028,0.5,0.136,0.9971193671226501,-0.2799837589263916,0,False
127,13.61100239213556,13.540000000000001,0.10099999999999909,166,2.131396412341104,1.628643034531042,1.6839481866419677,2.163505613137639,0.36424511671066284,0.000948198035733509,-0.25175280228599445,0.003448198035733509,0.0,-0.0025,True,True,69,5.0,10,0.008,0.5,0.138,0.9917300343513489,-0.06046846881508827,0,False
128,13.711063457187265,13.64,0.10000000000000142,167,2.1290067191367945,1.6503357441157096,1.6786962321007983,2.1575297042103463,0.36323902010917664,0.0029879544518166446,-0.2487648478341778,0.0029879544518166446,0.0,-0.0,False,False,69,5.0,10,0.028,0.5,0.138,0.991698682308197,-0.04347992315888405,0,False
129,13.811169931199402,13.74,0.09999999999999964,161,2.1268102981041075,1.6720576140063093,1.6689199348926214,2.151945179347695,0.3622988164424896,0.00029226242027069254,-0.2484725854139071,0.0027922624202706926,0.0,-0.0025,True,True,70,5.0,10,0.008,0.5,0.14,0.9946397542953491,-0.4965476095676422,0,False
130,13.911315005272627,13.840000000000002,0.09999999999999964,169,2.125573003671377,1.6940520567891006,1.5736678523802266,2.1474786923648623,0.3615468442440033,0.002233243482574539,-0.24623934193133257,0.002233243482574539,0.0,-0.0,False,False,70,5.0,10,0.028,0.5,0.14,0.9957795143127441,-0.38086363673210144,0,False
131,14.011306330095977,13.940000000000001,0.09999999999999964,168,2.1262067869281935,1.7159447418722744,1.5020557568237962,2.1450972858421906,0.36114591360092163,-0.0013092967433783198,-0.24754863867471089,0.0011907032566216803,0.0,-0.0025,True,True,71,5.0,10,0.008,0.5,0.142,0.9687728881835938,-0.4350886344909668,0,False
132,14.1111976550892,14.040000000000001,0.09999999999999964,168,2.1286930780198032,1.7373209689578832,1.414236738872291,2.1448390183838857,0.361102432012558,0.0001291337286412039,-0.24741950494606968,0.0001291337286412039,0.0,-0.0,False,False,71,5.0,10,0.028,0.5,0.142,0.9775752425193787,-0.38162726163864136,0,False
133,14.211457818280905,14.14,0.10000000000000142,167,2.132868491628012,1.7585167171705771,1.3387389903585296,2.1464953642422544,0.36138129234313965,-0.003328172925905493,-0.25074767787197516,-0.000828172925905493,0.0,-0.0025,True,True,72,5.0,10,0.008,0.5,0.144,0.8857365846633911,0.5314094424247742,0,False
134,14.311480653006583,14.24,0.09999999999999964,168,2.13794283775616,1.7791524222250683,1.3451368117225586,2.1493193126742907,0.36185672879219055,-0.001411974210427908,-0.2521596520824031,-0.001411974210427908,0.0,-0.0,False,False,72,5.0,10,0.028,0.5,0.144,0.887122631072998,0.5308665037155151,0,False
135,14.411538697313517,14.340000000000002,0.09999999999999964,167,2.1413922808261594,1.7982911879815233,1.450132899989193,2.1508712186420498,0.3621180057525635,-0.003275952980807441,-0.25543560506321056,-0.0007759529808074408,0.0,-0.0025,True,True,73,5.0,10,0.008,0.5,0.146,0.801723301410675,0.5668199062347412,0,False
136,14.511308224406093,14.440000000000001,0.09999999999999964,166,2.1425376369436058,1.8155554219745775,1.5629598195814118,2.150462132901033,0.3620491325855255,0.00020454286969860078,-0.25523106219351194,0.00020454286969860078,0.0,-0.0,False,False,73,5.0,10,0.028,0.5,0.146,0.7734670639038086,0.5853184461593628,0,False
137,14.611724805086851,14.540000000000001,0.09999999999999964,164,2.141702290424563,1.8324758756290505,1.6788461731687847,2.148244112851299,0.3616757094860077,-0.0013909899795237774,-0.25662205217303574,0.0011090100204762226,0.0,-0.0025,True,True,74,5.0,10,0.008,0.5,0.148,0.9175820350646973,0.08851899206638336,0,False
138,14.711801650002599,14.64,0.10000000000000142,166,2.139262766521266,1.851406056124125,1.705110468017451,2.1444171874358795,0.3610314130783081,0.0019134627001340645,-0.2547085894729017,0.0019134627001340645,0.0,-0.0,False,False,74,5.0,10,0.028,0.5,0.148,0.9122393727302551,0.09248165041208267,0,False
139,14.812199021223933,14.74,0.09999999999999964,167,2.1363484723102513,1.8712078876900862,1.724856263618713,2.140227200638017,0.36032599210739136,-0.0004050066093632446,-0.25511359608226497,0.0020949933906367554,0.0,-0.0025,True,True,75,5.0,10,0.008,0.5,0.15,0.9813195466995239,-0.3165825307369232,0,False
140,14.912039997056127,14.840000000000002,0.09999999999999964,166,2.1336148877124645,1.8921953130617692,1.6646417115014722,2.136336726204413,0.3596709966659546,0.0019452372091005726,-0.2531683588731644,0.0019452372091005726,0.0,-0.0,False,False,75,5.0,10,0.028,0.5,0.15,0.9859055280685425,-0.3249864876270294,0,False
141,15.01200273213908,14.940000000000001,0.09999999999999964,166,2.132212146808656,1.9138550889145638,1.6015233005520135,2.1339516023297027,0.3592694401741028,-0.0013074380673663611,-0.2544757969405308,0.001192561932633639,0.0,-0.0025,True,True,76,5.0,10,0.008,0.5,0.152,0.9748140573501587,-0.4227030575275421,0,False
142,15.112301324959844,15.040000000000001,0.09999999999999964,168,2.1324975870820704,1.9355004010360048,1.5150734804006194,2.1334727719837705,0.35918882489204407,0.00023941517201822514,-0.2542363817685126,0.00023941517201822514,0.0,-0.0,False,False,76,5.0,10,0.028,0.5,0.152,0.9827887415885925,-0.4157659113407135,0,False
143,15.212042422033846,15.14,0.10000000000000142,164,2.1345936748429897,1.9570878785255665,1.4340242258754232,2.135025031985057,0.35945016145706177,-0.0032761299975704317,-0.25751251176608303,-0.0007761299975704316,0.0,-0.0025,True,True,77,5.0,10,0.008,0.5,0.154,0.9665544629096985,-0.23531219363212585,0,False
144,15.31235021399334,15.24,0.09999999999999964,168,2.1379298607180584,1.9781866010248204,1.3918037401036154,2.138041220622521,0.3599579632282257,-0.0015080943127612242,-0.25902060607884425,-0.0015080943127612242,0.0,-0.0,False,False,77,5.0,10,0.028,0.5,0.154,0.9701425433158875,-0.22424088418483734,0,False
145,15.412309078965336,15.340000000000002,0.09999999999999964,166,2.1422309675055824,1.999159344925527,1.3460841467354276,2.142231207420383,0.36066338419914246,-0.004594993390636534,-0.26361559946948077,-0.0020949933906365334,0.0,-0.0025,True,True,78,5.0,10,0.008,0.5,0.156,0.990683913230896,-0.37205827236175537,0,False
146,15.512579882051796,15.440000000000001,0.09999999999999964,168,2.1479851894751287,2.0203281353315616,1.2670222870980368,2.1480814344454164,0.3616483211517334,-0.0029251135009358132,-0.2665407129704166,-0.0029251135009358132,0.0,-0.0,False,False,78,5.0,10,0.028,0.5,0.156,0.991940975189209,-0.3612757623195648,0,False
147,15.61248975712806,15.540000000000001,0.09999999999999964,166,2.155266004906927,2.0410349430036563,1.1930647959641054,2.1556566898331524,0.36292368173599243,-0.00628762767887218,-0.2728283406492888,-0.0037876276788721803,0.0,-0.0025,True,True,79,5.0,10,0.008,0.5,0.158,0.9948762059211731,-0.5373101234436035,0,False
148,15.712632411159575,15.64,0.10000000000000142,167,2.1645236873049933,2.0610810535758324,1.08250015165442,2.165385354151855,0.3645615875720978,-0.0048643321400927,-0.2776926727893815,-0.0048643321400927,0.0,-0.0,False,False,79,5.0,10,0.028,0.5,0.158,0.9951750040054321,-0.5178461074829102,0,False
149,15.812614636030048,15.74,0.09999999999999964,166,2.1756015606836736,2.0796958251803748,0.980237042470393,2.177060848838234,0.366527259349823,-0.00833774732007689,-0.2860304201094584,-0.005837747320076889,0.0,-0.0025,True,True,80,5.0,10,0.008,0.5,0.16,0.6673147082328796,-0.6316506266593933,0,False
150,15.9126006513834,15.840000000000002,0.09999999999999964,167,2.1849114996843917,2.0922211295613824,0.8651002759526277,2.186856956543924,0.36817651987075806,-0.004898053833452995,-0.2909284739429114,-0.004898053833452995,0.0,-0.0,False,False,80,5.0,10,0.028,0.5,0.16,0.5949822068214417,-0.6802220940589905,0,False
151,16.012437747325748,15.94,0.10000000000000142,166,2.1946346422801093,2.1021475772917326,0.7285857789834126,2.197010461095617,0.36988595128059387,-0.007576752255746723,-0.2985052261986581,-0.005076752255746724,0.0,-0.0025,True,True,81,5.0,10,0.008,0.5,0.162,0.789138913154602,-0.5774856209754944,0,False
152,16.21280178334564,16.14,0.1999999999999993,334,2.222500716216202,2.1214682622915575,0.46833774977289055,2.22581763817731,0.37473589181900024,-0.016903588483820432,-0.31540881468247856,-0.014403588483820432,0.0,-0.0025,True,True,82,5.0,10,0.008,0.5,0.164,0.8138458728790283,-0.8817077875137329,0,False
153,16.413084471132606,16.34,0.1999999999999993,332,2.257483267492526,2.132137261227641,0.10801160051179315,2.2613472038790117,0.38071760535240173,-0.020264782780517427,-0.33567359746299597,-0.017764782780517428,0.0,-0.0025,True,True,83,5.0,10,0.008,0.5,0.166,0.8177461624145508,-0.6316594481468201,0,False
154,16.513079025316983,16.439999999999998,0.10000000000000142,166,2.276481498012336,2.1329551402478075,-0.01605038199200815,2.280360751489707,0.3839187026023865,-0.009506773767708816,-0.3451803712307048,-0.009506773767708816,0.0,-0.0,False,False,83,5.0,10,0.028,0.5,0.166,0.9798818230628967,-0.6543185710906982,0,False
155,16.61405686335638,16.54,0.10099999999999909,168,2.298176180012089,2.131118537292341,-0.14691925382579413,2.301913427559571,0.3875472843647003,-0.013276337992266992,-0.3584567092229718,-0.010776337992266991,0.0,-0.0025,True,True,84,5.0,10,0.008,0.5,0.168,0.9995902180671692,-0.4139344096183777,0,False
156,16.81406260235235,16.74,0.1999999999999993,334,2.3410228294251416,2.121018714009659,-0.31287283561999746,2.3441487423054896,0.3946579694747925,-0.02361765728935119,-0.38207436651232296,-0.02111765728935119,0.0,-0.0025,True,True,85,5.0,10,0.008,0.5,0.17,0.9904320240020752,-0.42417648434638977,0,False
157,16.914864629972726,16.84,0.10099999999999909,167,2.361597419117086,2.1133789757396957,-0.39847345875470214,2.3643175013163895,0.3980535566806793,-0.010084379465524334,-0.3921587459778473,-0.010084379465524334,0.0,-0.0,False,False,85,5.0,10,0.028,0.5,0.17,0.988892674446106,-0.4254460334777832,0,False
158,17.015675079077482,16.939999999999998,0.10100000000000264,162,2.381407427645893,2.104047582769639,-0.48318398254066147,2.3836794179181364,0.40131330490112305,-0.012180958262545057,-0.40433970424039234,-0.009680958262545057,0.0,-0.0025,True,True,86,5.0,10,0.008,0.5,0.172,0.984584391117096,-0.4022761881351471,0,False
159,17.21593041624874,17.14,0.1999999999999993,334,2.4183579266819333,2.0807531397525625,-0.642837464456075,2.419705869675673,0.4073786735534668,-0.020513225807451067,-0.4248529300478434,-0.01801322580745107,0.0,-0.0025,True,True,87,5.0,10,0.008,0.5,0.174,0.9994797706604004,-0.32125818729400635,0,False
160,17.316681805066764,17.24,0.10099999999999909,169,2.4356347003941132,2.066968532552157,-0.7049231164303402,2.4365552103328123,0.4102154076099396,-0.00842467029521519,-0.4332776003430586,-0.00842467029521519,0.0,-0.0,False,False,87,5.0,10,0.028,0.5,0.174,0.99940025806427,-0.31955578923225403,0,False
161,17.416883818339556,17.34,0.10000000000000142,158,2.4519969282656437,2.052108062330185,-0.7692022638399797,2.4525506221216427,0.4129083752632141,-0.010497705862751032,-0.4437753062058096,-0.007997705862751031,0.0,-0.0025,True,True,88,5.0,10,0.008,0.5,0.176,0.9999547600746155,-0.36088377237319946,0,False
162,17.61726125422865,17.54,0.1999999999999993,328,2.4814457824681835,2.019114703610298,-0.9133841834106895,2.481519415508635,0.41778552532196045,-0.01698439663615027,-0.4607597028419599,-0.01448439663615027,0.0,-0.0025,True,True,89,5.0,10,0.008,0.5,0.178,0.9991960525512695,-0.3677680492401123,0,False
163,17.817266384139657,17.74,0.1999999999999993,328,2.5058360609805135,1.9822473503786826,-1.058731531862501,2.5058988722787556,0.4218900203704834,-0.01468972833679927,-0.47544943117875915,-0.01218972833679927,0.0,-0.0025,True,True,90,5.0,10,0.008,0.5,0.18,0.9989140629768372,-0.3270401954650879,0,False
164,17.917735495138913,17.84,0.10000000000000142,164,2.5160553007424533,1.9626473763714285,-1.1229404390500417,2.5163325943674577,0.42364662885665894,-0.0052168610236966876,-0.4806662922024558,-0.0052168610236966876,0.0,-0.0,False,False,90,5.0,10,0.028,0.5,0.18,0.9990068674087524,-0.325006902217865,0,False
165,18.117536856327206,18.04,0.1999999999999993,324,2.5326991018759157,1.9217285272909148,-1.2423582142943175,2.5339082348062463,0.4266056418418884,-0.011287820184601956,-0.4919541123870578,-0.008787820184601955,0.0,-0.0025,True,True,91,5.0,10,0.028,0.5,0.182,0.9993586540222168,-0.28229084610939026,0,False
166,18.31765507394448,18.24,0.1999999999999993,327,2.5445322182231496,1.8791823562706467,-1.358764458089568,2.5473988593880743,0.4288769066333771,-0.009245312264208294,-0.5011994246512661,-0.006745312264208294,0.0,-0.0025,True,True,92,5.0,10,0.028,0.5,0.184,0.9995115399360657,-0.29739201068878174,0,False
167,18.418088875245303,18.34,0.10000000000000142,164,2.5485516742081744,1.8574392185035933,-1.418032487574919,2.552535885871976,0.429741770029068,-0.005068513231781705,-0.5062679378830478,-0.002568513231781705,0.0,-0.0025,True,True,93,5.0,10,0.008,0.5,0.186,0.9999066591262817,-0.23479735851287842,0,False
168,18.51873251516372,18.439999999999998,0.10099999999999909,165,2.551413638295534,1.8355396052989033,-1.4638992123485701,2.5567085250269908,0.43044427037239075,-0.0020863195692473195,-0.5083542574522951,-0.0020863195692473195,0.0,-0.0,False,False,93,5.0,10,0.028,0.5,0.186,0.9999085664749146,-0.24219372868537903,0,False
169,18.71903312113136,18.64,0.1999999999999993,328,2.5538733855676203,1.7914194171727813,-1.5701355265838413,2.562376778818894,0.43139857053756714,-0.005334126884730785,-0.5136883843370259,-0.002834126884730785,0.0,-0.0025,True,True,94,5.0,10,0.028,0.5,0.188,0.999959409236908,-0.28194060921669006,0,False
170,18.81927462434396,18.74,0.10000000000000142,163,2.553281052487989,1.7693230295388453,-1.6262042202902176,2.5636801532503535,0.43161800503730774,-0.003151687213149705,-0.5168400715501756,-0.0006516872131497052,0.0,-0.0025,True,True,95,5.0,10,0.008,0.5,0.19,0.9999895691871643,-0.2392992228269577,0,False
171,19.018815807066858,18.939999999999998,0.1999999999999993,325,2.548800408991727,1.7253934643145354,-1.7206265664016904,2.5635507539960556,0.43159621953964233,-0.0024353003731072105,-0.5192753719232829,6.469962689278955e-05,0.0,-0.0025,True,True,96,5.0,10,0.008,0.5,0.192,0.9998120069503784,-0.23382392525672913,0,False
172,19.21905243396759,19.14,0.1999999999999993,328,2.5401729500187247,1.6820981864114313,-1.8156412728275526,2.559988291625672,0.43099644780158997,-0.0007187688218604777,-0.5199941407451434,0.0017812311781395223,0.0,-0.0025,True,True,97,5.0,10,0.008,0.5,0.194,0.9976298809051514,-0.24740536510944366,0,False
173,19.319304697215557,19.24,0.10000000000000142,165,2.5343046252116275,1.6608489468755816,-1.8652832741643433,2.5568972248971438,0.43047603964805603,0.0015455333581452144,-0.5184486073869982,0.0015455333581452144,0.0,-0.0,False,False,97,5.0,10,0.028,0.5,0.194,0.9977736473083496,-0.252014696598053,0,False
174,19.51947493525222,19.439999999999998,0.1999999999999993,328,2.51939977163271,1.6193299480548213,-1.9660407905146609,2.547996290965716,0.42897748947143555,0.0019504669480938587,-0.5164981404389043,0.004450466948093859,0.0,-0.0025,True,True,98,5.0,10,0.028,0.5,0.196,0.9993772506713867,-0.2507632076740265,0,False
175,19.719408723991364,19.64,0.1999999999999993,320,2.5006214962840363,1.5796491392564547,-2.0558788709479217,2.535705486008557,0.4269082248210907,0.0036454024542488307,-0.5128527379846555,0.006145402454248831,0.0,-0.0025,True,True,99,5.0,10,0.028,0.5,0.198,0.9911020398139954,-0.21227781474590302,0,False
176,19.81948123825714,19.74,0.10000000000000142,160,2.4901539200792366,1.5607640539870178,-2.0987848721284004,2.528595430675945,0.42571118474006653,0.0010550276522312105,-0.5117977103324243,0.0035550276522312105,0.0,-0.0025,True,True,100,5.0,10,0.008,0.5,0.2,0.9044429659843445,-0.1857486516237259,0,False
177,20.01969598606229,19.939999999999998,0.1999999999999993,327,2.4686703654517954,1.5270048703106793,-2.1732529578499,2.513574673188299,0.42318230867385864,0.005010378714088137,-0.5067873316183361,0.0075103787140881366,0.0,-0.0025,True,True,101,5.0,10,0.008,0.5,0.202,0.9231224656105042,-0.11217345297336578,0,False
178,20.219899943098426,20.14,0.1999999999999993,328,2.444974254498528,1.4940391832155617,-2.216465567816308,2.496777021426173,0.42035427689552307,0.005898825847810761,-0.5008885057705253,0.008398825847810761,0.0,-0.0025,True,True,102,5.0,10,0.008,0.5,0.204,0.9035938382148743,-0.13915115594863892,0,False
179,20.31969310902059,20.24,0.10000000000000142,157,2.432749708723201,1.4783025448178218,-2.2452052906767626,2.4880592998452222,0.41888657212257385,0.0043588607732180295,-0.49652964499730734,0.0043588607732180295,0.0,-0.0,False,False,102,5.0,10,0.028,0.5,0.204,0.9026384353637695,-0.1377420574426651,0,False
180,20.51962604932487,20.439999999999998,0.1999999999999993,325,2.4060890340219054,1.447836507277376,-2.379711424973867,2.4686329491414716,0.415615975856781,0.007213175313419374,-0.489316469683888,0.009713175313419375,0.0,-0.0025,True,True,103,5.0,10,0.028,0.5,0.206,0.8694988489151001,-0.14640797674655914,0,False
181,20.72006285516545,20.64,0.1999999999999993,326,2.377065178345813,1.4224104768373533,-2.5204507009306107,2.4462314776894463,0.41184449195861816,0.008700735681667227,-0.48061573400222074,0.011200735681667228,0.0,-0.0025,True,True,104,5.0,10,0.028,0.5,0.208,0.8098962903022766,-0.5982946157455444,0,False
182,20.821389469318092,20.759999999999998,0.10099999999999909,165,2.358388729237075,1.4108964132754596,-2.653743683848849,2.430851730204924,0.40925517678260803,0.005189873711815656,-0.47542586029040507,0.007689873711815656,0.0,-0.0025,True,True,105,5.0,10,0.012,0.5,0.21,0.9315186142921448,0.11256329715251923,0,False
183,20.92092678695917,20.86,0.10000000000000142,163,2.3413365495050518,1.4020060327414743,-2.6529834734026063,2.419514691570827,0.4073464870452881,0.005668519294605945,-0.46975734099579913,0.005668519294605945,0.0,-0.0,False,False,105,5.0,10,0.028,0.5,0.21,0.9289237856864929,0.11240125447511673,0,False
184,21.12143653212115,21.06,0.1999999999999993,329,2.3059996232627284,1.383349862037719,-2.697128950375851,2.3870257428199864,0.40187668800354004,0.013744474311106062,-0.4560128666846931,0.016244474311106063,0.0,-0.0025,True,True,106,5.0,10,0.032,0.5,0.212,0.8880329132080078,-0.1573609709739685,0,False
185,21.221065999008715,21.16,0.10000000000000142,162,2.2883134515611423,1.3751925812881611,-2.739685467252632,2.3750845459712253,0.3998662829399109,0.0034705984007420104,-0.4525422682839511,0.0059705984007420105,0.0,-0.0025,True,True,107,5.0,10,0.008,0.5,0.214,0.7146846652030945,-0.8727540969848633,0,False
186,21.421212937217206,21.36,0.1999999999999993,330,2.2537326912555136,1.3645140276267094,-2.8773515424583,2.3446842180158205,0.39474812150001526,0.01270016391752263,-0.43984210436642845,0.01520016391752263,0.0,-0.0025,True,True,108,5.0,10,0.008,0.5,0.216,0.8701440095901489,-0.5749813914299011,0,False
187,21.62130597513169,21.56,0.1999999999999993,330,2.216243082527074,1.3574852188986837,-2.9779031056531102,2.311142904604511,0.38910114765167236,0.014270656639257097,-0.42557144772717137,0.016770656639257097,0.0,-0.0025,True,True,109,5.0,10,0.008,0.5,0.218,0.9312908053398132,0.1903805285692215,0,False
188,21.72136492934078,21.66,0.10000000000000142,165,2.1961819901564352,1.3537597788572064,-2.9445063349005496,2.2929066376034233,0.386030912399292,0.009118133464443824,-0.4164533142627275,0.009118133464443824,0.0,-0.0,False,False,109,5.0,10,0.028,0.5,0.218,0.9289771318435669,0.1152324303984642,0,False
189,21.92157196626067,21.86,0.1999999999999993,329,2.1587416458544175,1.3459526597320095,-2.953142323247486,2.258836752135569,0.38029494881629944,0.014534942666483188,-0.40191837159624433,0.01703494266648319,0.0,-0.0025,True,True,110,5.0,10,0.028,0.5,0.22,0.8167447447776794,-0.09161321073770523,0,False
190,22.121892903000116,22.06,0.1999999999999993,330,2.1239569310411466,1.3400730458088725,-2.9961045112065605,2.2241170381280044,0.37444958090782166,0.014859856935051952,-0.3870585146611924,0.017359856935051952,0.0,-0.0025,True,True,111,5.0,10,0.032,0.5,0.222,0.7907086610794067,-0.08683246374130249,0,False
191,22.222194185014814,22.16,0.10000000000000142,165,2.10659119943061,1.3377001190904196,-3.0126052995399824,2.20824996349289,0.3717782199382782,0.005433537286147214,-0.3816249773750452,0.007933537286147214,0.0,-0.0025,True,True,112,5.0,10,0.012,0.5,0.224,0.8978222012519836,0.18500415980815887,0,False
192,22.42213170416653,22.36,0.1999999999999993,330,2.068298585185538,1.3315599005909853,-2.9498352021431136,2.1736307950071323,0.3659497797489166,0.014809584174347466,-0.3668153932006977,0.017309584174347466,0.0,-0.0025,True,True,113,5.0,10,0.012,0.5,0.226,0.8761951327323914,0.2800346314907074,0,False
193,22.622312031220645,22.56,0.1999999999999993,330,2.031010938288677,1.3222408075025507,-2.847763951914777,2.1411126384902737,0.3604750633239746,0.013759078194057134,-0.3530563150066406,0.016259078194057135,0.0,-0.0025,True,True,114,5.0,10,0.012,0.5,0.228,0.8952852487564087,0.2977241575717926,0,False
194,22.722766382154077,22.66,0.10000000000000142,162,2.012354099862746,1.3159262808103438,-2.7918574906949507,2.1254471859490653,0.35783764719963074,0.0078327262395932,-0.3452235887670474,0.0078327262395932,0.0,-0.0,False,False,114,5.0,10,0.032,0.5,0.228,0.9063395261764526,0.24781905114650726,0,False
195,22.92244159337133,22.86,0.1999999999999993,328,1.9745067663727953,1.3004227382324876,-2.7349751536328784,2.0947756683116023,0.35267382860183716,0.012835758758014884,-0.3323878300090325,0.015335758758014885,0.0,-0.0025,True,True,115,5.0,10,0.032,0.5,0.23,0.9520256519317627,0.044794388115406036,0,False
196,23.12252069124952,23.06,0.1999999999999993,327,1.93537708217604,1.2838704571161361,-2.7636378654268277,2.0636196557917668,0.34742844104766846,0.013078006198242073,-0.3193098238107904,0.015578006198242074,0.0,-0.0025,True,True,116,5.0,10,0.032,0.5,0.232,0.9725311994552612,-0.12264032661914825,0,False
197,23.222214698325843,23.16,0.10000000000000142,164,1.9151958934214053,1.2761504453214192,-2.7921865610977985,2.050724692619944,0.3452574610710144,0.003947481560384896,-0.31536234225040555,0.006447481560384895,0.0,-0.0025,True,True,117,5.0,10,0.008,0.5,0.234,0.9903442859649658,-0.16958822309970856,0,False
198,23.421961619053036,23.34,0.1999999999999993,326,1.8779918529224973,1.263819795753681,-2.850048426933567,2.0171302741795105,0.3396015465259552,0.014297209153713934,-0.30106513309669164,0.016797209153713934,0.0,-0.0025,True,True,118,5.0,10,0.008,0.5,0.236,0.9566959142684937,-0.2138935625553131,0,False
199,23.62236376432702,23.56,0.1999999999999993,323,1.8330158458660695,1.2523339135242175,-2.9218137519673952,1.9830660532480961,0.33386653661727905,0.014532110398274447,-0.2865330226984172,0.017032110398274448,0.0,-0.0025,True,True,119,5.0,10,0.008,0.5,0.238,0.930509090423584,0.021026119589805603,0,False
200,23.722657087258995,23.66,0.10000000000000142,160,1.8130482025050698,1.2478013379636324,-2.9139212585123895,1.9662276876303089,0.3310316503047943,0.008419182775560809,-0.2781138399228564,0.008419182775560809,0.0,-0.0,False,False,119,5.0,10,0.032,0.5,0.238,0.932364284992218,0.01274676900357008,0,False
201,23.92256938619539,23.86,0.1999999999999993,327,1.7731671410346506,1.2380436984630006,-2.8801573420673865,1.933187154643636,0.3254689872264862,0.01402026642793011,-0.2640935734949263,0.01652026642793011,0.0,-0.0025,True,True,120,5.0,10,0.028,0.5,0.24,0.9376049637794495,0.09539913386106491,0,False
202,24.123090020380914,24.06,0.1999999999999993,329,1.7322301933868998,1.2271096233275638,-2.9133816865946405,1.8968344609905166,0.31934869289398193,0.015676346754596834,-0.24841722674032946,0.018176346754596832,0.0,-0.0025,True,True,121,5.0,10,0.032,0.5,0.242,0.9946292638778687,-0.20001180469989777,0,False
203,24.22323373425752,24.16,0.10000000000000142,164,1.711156921962525,1.2225872216776537,-2.9480585679782934,1.8794756660873166,0.31642618775367737,0.006179397417236892,-0.24223782932309257,0.008679397417236893,0.0,-0.0025,True,True,122,5.0,10,0.012,0.5,0.244,0.9232453107833862,-0.036377184092998505,0,False
204,24.42328577209264,24.36,0.1999999999999993,327,1.671830922437156,1.21500340706758,-2.960630240318344,1.8469537922184192,0.3109508454799652,0.013760936870069204,-0.22847689245302336,0.016260936870069204,0.0,-0.0025,True,True,123,5.0,10,0.012,0.5,0.246,0.8345580101013184,-0.11752250045537949,0,False
205,24.623455139342695,24.56,0.1999999999999993,328,1.6354867015802164,1.2091979793680345,-2.995080621035838,1.8166410875610686,0.3058474361896515,0.012656352268668972,-0.21582054018435437,0.015156352268668972,0.0,-0.0025,True,True,124,5.0,10,0.012,0.5,0.248,0.9142824411392212,0.392179399728775,0,False
206,24.72455312497914,24.66,0.10099999999999909,166,1.616319549154256,1.205676059219369,-2.9209262270363006,1.800955101075266,0.30320656299591064,0.007842993211849662,-0.2079775469725047,0.007842993211849662,0.0,-0.0,False,False,124,5.0,10,0.032,0.5,0.248,0.9269018769264221,0.2662975490093231,0,False
207,24.824008953291923,24.759999999999998,0.10000000000000142,164,1.5967005842152047,1.2008149374561936,-2.8749549440500726,1.7855390651541756,0.30061113834381104,0.005208017930027986,-0.20276952904247672,0.007708017930027986,0.0,-0.0025,True,True,125,5.0,10,0.012,0.5,0.25,0.9967635869979858,-0.23844169080257416,0,False
208,24.92402838729322,24.86,0.10000000000000142,166,1.5762865540358622,1.195456822511974,-2.9117919579808826,1.7697369556713558,0.29795071482658386,0.00790105471012841,-0.1948684743323483,0.00790105471012841,0.0,-0.0,False,False,125,5.0,10,0.032,0.5,0.25,0.9965923428535461,-0.22905771434307098,0,False
209,25.124743880238384,25.06,0.1999999999999993,332,1.5330543520518656,1.1873151000951903,-3.0015160751553522,1.735140445331358,0.2921260893344879,0.014798255101512501,-0.1800702192308358,0.017298255101512502,0.0,-0.0025,True,True,126,5.0,10,0.032,0.5,0.252,0.99577796459198,-0.22430089116096497,0,False
210,25.324959916993976,25.259999999999998,0.1999999999999993,332,1.4921793275143072,1.183068901060859,-3.0645440337553906,1.7011688041673827,0.28640666604042053,0.014485820514738143,-0.16558439871609765,0.016985820514738143,0.0,-0.0025,True,True,127,5.0,10,0.032,0.5,0.254,0.8959006667137146,-0.10702963918447495,0,False
211,25.425969273317605,25.36,0.10099999999999909,166,1.4718222858626577,1.1817346207130848,-3.0903952466274123,1.6839889732123297,0.2835142910480499,0.006089915443517729,-0.15949448327257992,0.00858991544351773,0.0,-0.0025,True,True,128,5.0,10,0.012,0.5,0.256,0.9969977736473083,-0.24826207756996155,0,False
212,25.525955328252167,25.459999999999997,0.10000000000000142,165,1.4498046716407393,1.1812366368317926,3.1401727751959925,1.6650246362619558,0.28032147884368896,0.009482168437645546,-0.15001231483493438,0.009482168437645546,0.0,-0.0,False,False,128,5.0,10,0.032,0.5,0.256,0.9963701367378235,-0.23850472271442413,0,False
213,25.725625089369714,25.66,0.1999999999999993,330,1.4058736821355187,1.182790739131888,3.086095414753471,1.6261340532670134,0.2737739086151123,0.01694529142048432,-0.13306702341445006,0.019445291420484317,0.0,-0.0025,True,True,129,5.0,10,0.032,0.5,0.258,0.9977316856384277,-0.06761082261800766,0,False
214,25.826188429258764,25.759999999999998,0.10000000000000142,165,1.384804749028401,1.184089088040884,3.0718441955441103,1.6072943361183165,0.2706020772457123,0.0069198585370537965,-0.12614716487739627,0.009419858537053797,0.0,-0.0025,True,True,130,5.0,10,0.012,0.5,0.26,0.896286129951477,-0.06794135272502899,0,False
215,26.025770210195333,25.959999999999997,0.1999999999999993,330,1.345479994128744,1.1873902208690181,3.047924093592203,1.5718304436359645,0.2646314203739166,0.01523194617097253,-0.11091521870642375,0.01773194617097253,0.0,-0.0025,True,True,131,5.0,10,0.012,0.5,0.262,0.8879790902137756,0.04002387076616287,0,False
216,26.226398124359548,26.16,0.1999999999999993,332,1.3063987184333596,1.190724375977892,3.0549013264130047,1.5367513855979957,0.2587255537509918,0.015039528949542686,-0.09587568975688106,0.017539528949542686,0.0,-0.0025,True,True,132,5.0,10,0.012,0.5,0.264,0.9826231598854065,-0.5642949342727661,0,False
217,26.32644925825298,26.259999999999998,0.10000000000000142,165,1.2858436272706049,1.1934764058209464,2.9532752475759962,1.5178518367831526,0.25554364919662476,0.009449774370008459,-0.0864259153868726,0.009449774370008459,0.0,-0.0,False,False,132,5.0,10,0.032,0.5,0.264,0.9742913246154785,-0.46159327030181885,0,False
218,26.526274946983904,26.459999999999997,0.1999999999999993,330,1.248914647912234,1.2036873726950215,2.8102193117682974,1.481182460139692,0.2493700385093689,0.015834688249140513,-0.07059122713773208,0.018334688249140512,0.0,-0.0025,True,True,133,5.0,10,0.032,0.5,0.266,0.7572848200798035,-0.19598227739334106,0,False
219,26.62685714708641,26.56,0.10099999999999909,166,1.2338415273945809,1.2092407937560716,2.764297434349484,1.4654914286761227,0.24672831594944,0.0053455157007230025,-0.06524571143700908,0.007845515700723003,0.0,-0.0025,True,True,134,5.0,10,0.012,0.5,0.268,0.43812575936317444,-0.577925443649292,0,False
220,26.727065518964082,26.66,0.10000000000000142,165,1.2235843594865556,1.2137750911099732,2.6683406461167456,1.4544099137404929,0.2448626458644867,0.0055407574458781975,-0.059704953991130884,0.0055407574458781975,0.0,-0.0,False,False,134,5.0,10,0.032,0.5,0.268,0.3939095735549927,-0.5042688250541687,0,False
221,26.927198647055775,26.86,0.1999999999999993,325,1.210215810499015,1.2222544978430545,2.494097789431882,1.4385793045587099,0.2421974241733551,0.005415304559553611,-0.05428964943157727,0.007915304559553612,0.0,-0.0025,True,True,135,5.0,10,0.032,0.5,0.27,0.31461313366889954,-0.20837411284446716,0,False
222,27.127022676169872,27.06,0.1999999999999993,330,1.193308271770299,1.2375180687816434,2.3134123621821043,1.416108531043678,0.23841427266597748,0.00873538671303328,-0.045554262718543986,0.01123538671303328,0.0,-0.0025,True,True,136,5.0,10,0.032,0.5,0.272,0.8088577389717102,-0.8542267084121704,0,False
223,27.22728604916483,27.16,0.10000000000000142,165,1.1821053090515026,1.252132573697146,2.142334683586564,1.398813285158663,0.2355024665594101,0.006147622908270273,-0.039406639810273716,0.008647622908270274,0.0,-0.0025,True,True,137,5.0,10,0.012,0.5,0.274,0.9819468855857849,-0.6278591752052307,0,False
224,27.42731056595221,27.36,0.1999999999999993,331,1.1637690807552137,1.2905095095352233,1.875094611122836,1.3629875704112147,0.229470893740654,0.01541285730280442,-0.023993782507469294,0.01791285730280442,0.0,-0.0025,True,True,138,5.0,10,0.012,0.5,0.276,0.7151845693588257,-0.9987784028053284,0,False
225,27.627390414010733,27.56,0.1999999999999993,331,1.1596131109792025,1.3249104370931597,1.4915045911149296,1.3418079571709443,0.22590512037277222,0.008089806578208533,-0.01590397592926076,0.010589806578208533,0.0,-0.0025,True,True,139,5.0,10,0.012,0.5,0.278,0.8760274052619934,-0.9999683499336243,0,False
226,27.72761567728594,27.66,0.10000000000000142,165,1.1631228807668879,1.3443601472729316,1.2922940903171625,1.335184786447015,0.2247900515794754,0.003311585348853557,-0.012592390580407203,0.003311585348853557,0.0,-0.0,False,False,139,5.0,10,0.032,0.5,0.278,0.9026951193809509,-0.9999849200248718,0,False
227,27.92763209529221,27.86,0.1999999999999993,330,1.180066672411126,1.3787921532905036,0.9479104045921035,1.3335878297128827,0.2245211899280548,-0.0017015216360951515,-0.014293912216502355,0.0007984783639048485,0.0,-0.0025,True,True,140,5.0,10,0.032,0.5,0.28,0.9092755913734436,-0.8906448483467102,0,False
228,28.127880681306124,28.06,0.1999999999999993,327,1.2090389124005794,1.4084021089062537,0.6620124518387192,1.3460175043212004,0.2266138345003128,-0.008714837279553345,-0.0230087494960557,-0.006214837279553345,0.0,-0.0025,True,True,141,5.0,10,0.032,0.5,0.282,0.998018741607666,-0.5556286573410034,0,False
229,28.227999944239855,28.16,0.10000000000000142,164,1.2265765890283222,1.4205351895312404,0.5501766014374042,1.3565654022225186,0.2283896654844284,-0.007773948929778764,-0.030782698425834462,-0.005273948929778763,0.0,-0.0025,True,True,142,5.0,10,0.012,0.5,0.284,0.9998345971107483,-0.09300791472196579,0,False
230,28.428803596179932,28.36,0.1999999999999993,331,1.2642912529633867,1.4424756459936154,0.5166285570865102,1.3817618798657074,0.23263171315193176,-0.01509823877171603,-0.04588093719755049,-0.012598238771716029,0.0,-0.0025,True,True,143,5.0,10,0.012,0.5,0.286,0.9998785257339478,0.2117139846086502,0,False
231,28.628895643167198,28.56,0.1999999999999993,331,1.3013143053443816,1.4658748452376207,0.6078520823673346,1.4066657487984247,0.23682449758052826,-0.0149519344170595,-0.06083287161460999,-0.0124519344170595,0.0,-0.0025,True,True,144,5.0,10,0.012,0.5,0.288,0.9990007281303406,0.20895147323608398,0,False
232,28.728899237234145,28.66,0.10000000000000142,164,1.319042325564398,1.4787210214110897,0.648949837541348,1.4183104425679116,0.23878498375415802,-0.005822346861691916,-0.0666552184763019,-0.005822346861691916,0.0,-0.0,False,False,144,5.0,10,0.032,0.5,0.288,0.9989479184150696,0.21143002808094025,0,False
233,28.829827674198896,28.759999999999998,0.10099999999999909,166,1.3362434847235822,1.492308822623734,0.6842341333317375,1.4294393979962254,0.24065864086151123,-0.008064477692126292,-0.07471969616842819,-0.005564477692126293,0.0,-0.0025,True,True,145,5.0,10,0.012,0.5,0.29,0.9997615814208984,0.05597402900457382,0,False
234,28.93025769526139,28.86,0.10000000000000142,165,1.3532562539327042,1.5062222748749536,0.6923402858167967,1.4405272855353501,0.2425253838300705,-0.005543943747613031,-0.08026363991604123,-0.005543943747613031,0.0,-0.0,False,False,145,5.0,10,0.032,0.5,0.29,0.9997624754905701,0.056808944791555405,0,False
235,29.13008786411956,29.06,0.1999999999999993,329,1.3866250585380755,1.5347813945178759,0.7286379094782929,1.462585875516,0.24623914062976837,-0.013529294946658232,-0.09379293486269946,-0.011029294946658231,0.0,-0.0025,True,True,146,5.0,10,0.032,0.5,0.292,0.9998434782028198,0.11024443060159683,0,False
236,29.33001131331548,29.259999999999998,0.1999999999999993,330,1.4192456400377744,1.564288502868865,0.7272030016149819,1.4846220728760358,0.2499491274356842,-0.013518098636395567,-0.10731103349909503,-0.011018098636395567,0.0,-0.0025,True,True,147,5.0,10,0.032,0.5,0.294,0.999674916267395,-0.05368189513683319,0,False
237,29.43039418430999,29.36,0.10000000000000142,164,1.435778485804759,1.5788052124420902,0.7121155852679433,1.4962837602548424,0.2519124746322632,-0.008330843666318139,-0.11564187716541317,-0.005830843666318138,0.0,-0.0025,True,True,148,5.0,10,0.012,0.5,0.296,0.997487485408783,-0.12217836081981659,0,False
238,29.63006311422214,29.56,0.1999999999999993,330,1.4697641333112224,1.6067133265740923,0.6714956803406494,1.5214732457358633,0.2561533451080322,-0.015094742690645906,-0.13073661985605908,-0.012594742690645906,0.0,-0.0025,True,True,149,5.0,10,0.012,0.5,0.298,0.999178409576416,0.060910213738679886,0,False
239,29.830597778316587,29.759999999999998,0.1999999999999993,331,1.5036832947019907,1.6345983569922775,0.6991818357613254,1.5474435521617667,0.2605256736278534,-0.015485153161541473,-0.14622177301760056,-0.012985153161541472,0.0,-0.0025,True,True,150,5.0,10,0.012,0.5,0.3,0.9987232089042664,0.027750659734010696,0,False
240,29.930572422221303,29.86,0.10000000000000142,165,1.5204730473603094,1.6487522666072836,0.7040731277274318,1.5605169482314456,0.26272669434547424,-0.006536698008959683,-0.15275847102656023,-0.006536698008959683,0.0,-0.0,False,False,150,5.0,10,0.032,0.5,0.3,0.9987844228744507,0.027788113802671432,0,False
241,30.130635370034724,30.06,0.1999999999999993,325,1.5534700672963107,1.6776168439561663,0.7429405816576855,1.5865686823686722,0.26711273193359375,-0.015525867017041903,-0.16828433804360213,-0.013025867017041903,0.0,-0.0025,True,True,151,5.0,10,0.032,0.5,0.302,0.9979500770568848,0.1362272948026657,0,False
242,30.330896166153252,30.259999999999998,0.1999999999999993,331,1.5850093484194185,1.7080658778855669,0.7898563948977596,1.6116700135013478,0.2713387608528137,-0.015050665516647764,-0.1833350035602499,-0.012550665516647764,0.0,-0.0025,True,True,152,5.0,10,0.032,0.5,0.304,0.998518705368042,0.10607580095529556,0,False
243,30.430602562148124,30.36,0.10000000000000142,164,1.600274968703786,1.7237893875040646,0.8137077932528942,1.6239372752289285,0.273404061794281,-0.00863363083950639,-0.19196863439975628,-0.006133630839506389,0.0,-0.0025,True,True,153,5.0,10,0.012,0.5,0.306,0.9980615377426147,0.1688501387834549,0,False
244,30.63096682727337,30.56,0.1999999999999993,332,1.6292070048230973,1.7566446249958996,0.8778014842652582,1.6472817149814274,0.2773343026638031,-0.014172219830037339,-0.2061408542297936,-0.011672219830037339,0.0,-0.0025,True,True,154,5.0,10,0.012,0.5,0.308,0.998085081577301,0.08914687484502792,0,False
245,30.830772805958986,30.759999999999998,0.1999999999999993,330,1.6567169943253492,1.7908097788680917,0.9086670478542831,1.669871709286842,0.28113752603530884,-0.013794997107988696,-0.21993585133778232,-0.011294997107988695,0.0,-0.0025,True,True,155,5.0,10,0.012,0.5,0.31,0.9990243315696716,0.032565005123615265,0,False
246,30.931017228402197,30.86,0.10000000000000142,165,1.6701965177720284,1.8081565673854745,0.9137937567519414,1.6811783010375747,0.2830410897731781,-0.005653295852984073,-0.2255891471907664,-0.005653295852984073,0.0,-0.0,False,False,155,5.0,10,0.032,0.5,0.31,0.9990517497062683,0.030480490997433662,0,False
247,31.13086772710085,31.06,0.1999999999999993,328,1.696882368715117,1.8430380798218138,0.9201491524320281,1.7041264002560468,0.28690460324287415,-0.013974049563808516,-0.2395631967545749,-0.011474049563808516,0.0,-0.0025,True,True,156,5.0,10,0.032,0.5,0.312,0.9982590079307556,0.008658409118652344,0,False
248,31.330974944401532,31.259999999999998,0.1999999999999993,332,1.7231827254404868,1.8780525684519602,0.9374836222715253,1.7274924360537227,0.29083847999572754,-0.01418301785258311,-0.253746214607158,-0.011683017852583109,0.0,-0.0025,True,True,157,5.0,10,0.032,0.5,0.314,0.9950588941574097,0.06004089489579201,0,False
249,31.431280395947397,31.36,0.10000000000000142,166,1.7360054070686655,1.895729937494609,0.9457037157426127,1.7391339435214623,0.2927984297275543,-0.008320753710824554,-0.2620669683179826,-0.005820753710824554,0.0,-0.0025,True,True,158,5.0,10,0.012,0.5,0.316,0.9898486733436584,-0.007365182973444462,0,False
250,31.631131965201348,31.56,0.1999999999999993,331,1.7616231180056674,1.930941454942242,0.9376151800722845,1.7629761544136142,0.2968124747276306,-0.014421105398878458,-0.27648807371686107,-0.011921105398878458,0.0,-0.0025,True,True,159,5.0,10,0.012,0.5,0.318,0.9864892363548279,-0.054099660366773605,0,False
251,31.832548682112247,31.759999999999998,0.1980000000000004,331,1.7877028810514428,1.9655811963085743,0.9115078551290938,1.788034116439172,0.3010312020778656,-0.015028980963174728,-0.2915170546800358,-0.012528980963174728,0.0,-0.0025,True,True,160,5.0,10,0.012,0.5,0.32,0.9748797416687012,-0.10649292916059494,0,False
252,32.03268493805081,31.959999999999997,0.1999999999999993,324,1.8148418599184992,1.9989947972177078,0.8635255439451381,1.8148420661911204,0.30554455518722534,-0.01590397482290583,-0.30742102950294165,-0.013403974822905833,0.0,-0.0025,True,True,161,5.0,10,0.012,0.5,0.322,0.9796501398086548,-0.16879761219024658,0,False
253,32.13272711215541,32.06,0.10000000000000142,157,1.8291797727046335,2.0151762874731167,0.828330864232964,1.8292427339553652,0.30796903371810913,-0.007200333853615153,-0.31462136335655677,-0.007200333853615153,0.0,-0.0,False,False,161,5.0,10,0.032,0.5,0.322,0.9803874492645264,-0.18576166033744812,0,False
254,32.33271139021963,32.260000000000005,0.19999999999999574,309,1.8584187772329979,2.0448042165619897,0.744209500309258,1.8589587151021287,0.31297197937965393,-0.017357990514556713,-0.3319793538711135,-0.014857990514556713,0.0,-0.0025,True,True,162,5.0,10,0.032,0.5,0.324,0.9274025559425354,-0.2717733383178711,0,False
255,32.43282581306994,32.36,0.10000000000000142,155,1.8742123621945952,2.058641556052392,0.6910677339908535,1.875129550503831,0.3156944811344147,-0.010585417668839732,-0.34256477153995324,-0.008085417668839731,0.0,-0.0025,True,True,163,5.0,10,0.012,0.5,0.326,0.9877222180366516,-0.3087209463119507,0,False
256,32.53270116727799,32.46,0.10000000000000142,156,1.891447153418445,2.0719609907809544,0.6113639167203195,1.892815472386433,0.3186720609664917,-0.008842960906290356,-0.35140773244624357,-0.008842960906290356,0.0,-0.0,False,False,163,5.0,10,0.032,0.5,0.326,0.9742158055305481,-0.699341356754303,0,False
257,32.632743331138045,32.56,0.10000000000000142,156,1.9100188078687597,2.0830716124363033,0.4650665389792915,1.9118244175612709,0.32187238335609436,-0.01200447254978927,-0.36341220499603283,-0.00950447254978927,0.0,-0.0025,True,True,164,5.0,10,0.012,0.5,0.328,0.9756565690040588,-0.7892038226127625,0,False
258,32.83279490796849,32.760000000000005,0.19999999999999574,313,1.9512818211424245,2.0960702648643084,0.14546498158445986,1.9536453360632606,0.32891330122947693,-0.023410459168207172,-0.38682266416424,-0.020910459168207173,0.0,-0.0025,True,True,165,5.0,10,0.012,0.5,0.33,0.9445570707321167,-0.3601479232311249,0,False
259,32.932825782336295,32.86,0.10000000000000142,157,1.9720281575227563,2.098626383990899,0.08181947762416303,1.9744929543631256,0.3324231803417206,-0.010423809108663003,-0.397246473272903,-0.010423809108663003,0.0,-0.0,False,False,165,5.0,10,0.032,0.5,0.33,0.9395011067390442,-0.4583902657032013,0,False
260,33.033043034374714,32.96,0.10000000000000142,156,1.9933243934568485,2.0994632316861965,0.0025484156067368,1.9958043565840045,0.33601114153862,-0.0131557010682519,-0.41040217434115495,-0.010655701068251899,0.0,-0.0025,True,True,166,5.0,10,0.012,0.5,0.332,0.98818039894104,-0.38182178139686584,0,False
261,33.13257139129564,33.06,0.10000000000000142,156,2.0151908278215798,2.0987359762968834,-0.07432584108294074,2.017608219441624,0.339682012796402,-0.01090193138564738,-0.4213041057268023,-0.01090193138564738,0.0,-0.0,False,False,166,5.0,10,0.032,0.5,0.332,0.9883902668952942,-0.39009299874305725,0,False
262,33.333140704315156,33.260000000000005,0.19999999999999574,314,2.0580728788079243,2.092310627061502,-0.22215742442707914,2.0601419844512177,0.3468429446220398,-0.023766882420597955,-0.44507098814740026,-0.021266882420597957,0.0,-0.0025,True,True,167,5.0,10,0.032,0.5,0.334,0.9971069693565369,-0.3440686762332916,0,False
263,33.4332694071345,33.36,0.10000000000000142,153,2.078742702934018,2.086850852449731,-0.2971270305572179,2.080556265713433,0.35027986764907837,-0.012707140590696091,-0.45777812873809637,-0.010207140590696091,0.0,-0.0025,True,True,168,5.0,10,0.012,0.5,0.336,0.9344487190246582,-0.42621004581451416,0,False
264,33.533336881082505,33.46,0.10000000000000142,156,2.0978081442300325,2.0800213618806245,-0.38926755942603763,2.0993338499780556,0.3534412384033203,-0.009388792095139585,-0.46716692083323597,-0.009388792095139585,0.0,-0.0,False,False,168,5.0,10,0.032,0.5,0.336,0.9273384213447571,-0.4260869324207306,0,False
265,33.63263469003141,33.56,0.10000000000000142,154,2.1163429697226985,2.071413906274885,-0.4713329658120591,2.117547458833384,0.35650765895843506,-0.011606804391608862,-0.47877372522484485,-0.009106804391608861,0.0,-0.0025,True,True,169,5.0,10,0.012,0.5,0.338,0.9988071322441101,-0.17875385284423828,0,False
266,33.83334825234488,33.760000000000005,0.19999999999999574,313,2.1550014323416877,2.050223442598595,-0.5353344458574008,2.155586591194709,0.3629118800163269,-0.021519566105361317,-0.5002932913302062,-0.01901956610536132,0.0,-0.0025,True,True,170,5.0,10,0.012,0.5,0.34,0.9998949766159058,-0.1944137066602707,0,False
267,33.93278856994584,33.86,0.10000000000000142,155,2.173736895546419,2.0385606627327673,-0.5751219469864051,2.174078824436173,0.3660252094268799,-0.009246116584125033,-0.5095394079143312,-0.009246116584125033,0.0,-0.0,False,False,170,5.0,10,0.032,0.5,0.34,0.9998905658721924,-0.18650037050247192,0,False
268,34.033785476349294,33.96,0.10099999999999909,158,2.192016560640207,2.026199319659617,-0.616137622983668,2.1921731239927364,0.3690715432167053,-0.011547149742462752,-0.5210865576567939,-0.009047149742462752,0.0,-0.0025,True,True,171,5.0,10,0.012,0.5,0.342,0.9987906217575073,-0.2482476532459259,0,False
269,34.133731570094824,34.06,0.10000000000000142,156,2.209687116394136,2.012979230217636,-0.6669317577041305,2.209725221201947,0.37202659249305725,-0.008776048569859626,-0.5298626062266535,-0.008776048569859626,0.0,-0.0,False,False,171,5.0,10,0.032,0.5,0.342,0.9987183809280396,-0.25187861919403076,0,False
270,34.234283010009676,34.160000000000004,0.10000000000000142,160,2.2266873136262677,1.9989137435194815,-0.7102799099247161,2.2266874985543565,0.3748823404312134,-0.010981138642626575,-0.5408437448692801,-0.008481138642626574,0.0,-0.0025,True,True,172,5.0,10,0.012,0.5,0.344,0.9999250173568726,-0.17239059507846832,0,False
271,34.3353683850728,34.260000000000005,0.10099999999999909,170,2.2432092949820874,1.98429274242041,-0.7442250080639901,2.2432642333953274,0.3776731789112091,-0.008288367387670527,-0.5491321122569507,-0.008288367387670527,0.0,-0.0,False,False,172,5.0,10,0.032,0.5,0.344,0.9999253749847412,-0.17230387032032013,0,False
272,34.43589171394706,34.36,0.10099999999999909,168,2.2592072060862964,1.9691012095754463,-0.7778840844049028,2.259418429221238,0.3803928792476654,-0.010577097880976721,-0.5597092101379274,-0.00807709788097672,0.0,-0.0025,True,True,173,5.0,10,0.012,0.5,0.346,0.9999082088470459,-0.18789590895175934,0,False
273,34.53620470594615,34.46,0.10000000000000142,168,2.2746335902815686,1.9533220696043008,-0.815279133663133,2.2751125584781726,0.3830351233482361,-0.007847064597399672,-0.5675562747353271,-0.007847064597399672,0.0,-0.0,False,False,173,5.0,10,0.032,0.5,0.346,0.999908983707428,-0.18992885947227478,0,False
274,34.636485387105495,34.56,0.10000000000000142,169,2.2894565440204517,1.93697008823543,-0.8536159832827889,2.2903239630203727,0.3855960965156555,-0.010105702240987884,-0.5776619769763149,-0.007605702240987883,0.0,-0.0025,True,True,174,5.0,10,0.012,0.5,0.348,0.9999873042106628,-0.19104981422424316,0,False
275,34.83615373726934,34.760000000000005,0.19999999999999574,337,2.3171843901618563,1.902629097707227,-0.9299900070850162,2.319229384405945,0.39046257734298706,-0.01695271063556559,-0.5946146876118805,-0.01445271063556559,0.0,-0.0025,True,True,175,5.0,10,0.012,0.5,0.35,0.9999967813491821,-0.19579783082008362,0,False
276,34.93636304931715,34.86,0.10000000000000142,168,2.3300363093148415,1.884682449100805,-0.96930064152645,2.332888174913331,0.392762154340744,-0.00682939522665446,-0.601444082838535,-0.00682939522665446,0.0,-0.0,False,False,175,5.0,10,0.032,0.5,0.35,0.9999967813491821,-0.19901961088180542,0,False
277,35.03624244406819,34.96,0.10000000000000142,168,2.342170204890671,1.8662464217323036,-1.007723648014585,2.3459861763131706,0.39496731758117676,-0.009049000673991319,-0.6104930835125263,-0.006549000673991319,0.0,-0.0025,True,True,176,5.0,10,0.012,0.5,0.352,0.9999753832817078,-0.17551186680793762,0,False
278,35.237567061092705,35.160000000000004,0.19699999999999562,339,2.3644261198810153,1.8281464393157822,-1.0780963796331176,2.370663375279911,0.3991219401359558,-0.014838599434519833,-0.6253316829470461,-0.012338599434519832,0.0,-0.0025,True,True,177,5.0,10,0.012,0.5,0.354,0.9999859929084778,-0.17528511583805084,0,False
279,35.33739748597145,35.260000000000005,0.10000000000000142,168,2.3745335264157172,1.8085305111497523,-1.1131285777736248,2.382240625662411,0.40107107162475586,-0.005788625168331954,-0.6311203081153781,-0.005788625168331954,0.0,-0.0,False,False,177,5.0,10,0.032,0.5,0.354,0.9999866485595703,-0.18292994797229767,0,False
280,35.438144193962216,35.36,0.10000000000000142,169,2.3839293233456043,1.7885618430341326,-1.1494442165646643,2.3932875338207285,0.4029309153556824,-0.008023454057290462,-0.6391437621726686,-0.005523454057290462,0.0,-0.0025,True,True,178,5.0,10,0.012,0.5,0.356,0.9999966025352478,-0.18186677992343903,0,False
281,35.53821682697162,35.46,0.10000000000000142,168,2.392597191884242,1.7682664400426853,-1.1858914571416148,2.4037931247155115,0.4046996235847473,-0.005252795426594923,-0.6443965575992635,-0.005252795426594923,0.0,-0.0,False,False,178,5.0,10,0.032,0.5,0.356,0.9999966025352478,-0.1883971244096756,0,False
282,35.63751283613965,35.56,0.10000000000000142,167,2.400506487585561,1.7476668178239614,-1.2221234842304944,2.413732261966308,0.40637296438217163,-0.0074695686057230405,-0.6518661262049865,-0.00496956860572304,0.0,-0.0025,True,True,179,5.0,10,0.012,0.5,0.358,0.9998827576637268,-0.16383859515190125,0,False
283,35.83815183816478,35.760000000000005,0.19999999999999574,332,2.414239624175175,1.7057526747789191,-1.289052943098529,2.432105008892244,0.4094661772251129,-0.011686373426597542,-0.663552499631584,-0.009186373426597541,0.0,-0.0025,True,True,180,5.0,10,0.012,0.5,0.36,0.9987468123435974,-0.19404111802577972,0,False
284,35.938306311145425,35.86,0.10000000000000142,169,2.4199485502860703,1.6844582603849216,-1.3283034961221813,2.4404338246432453,0.41086840629577637,-0.004164407859013235,-0.6677169074905973,-0.004164407859013235,0.0,-0.0,False,False,180,5.0,10,0.032,0.5,0.36,0.9988318681716919,-0.19737449288368225,0,False
285,36.03818901628256,35.96,0.10000000000000142,167,2.4248200177936736,1.6629542573646874,-1.368290734935856,2.4481322836985484,0.41216450929641724,-0.006349229512411854,-0.6740661370030092,-0.003849229512411854,0.0,-0.0025,True,True,181,5.0,10,0.012,0.5,0.362,0.998945415019989,-0.20465733110904694,0,False
286,36.13828321918845,36.06,0.10000000000000142,167,2.4288182110516563,1.6412640574532822,-1.4094321311927913,2.4551678149736236,0.4133490025997162,-0.003517765623610211,-0.6775839026266194,-0.003517765623610211,0.0,-0.0,False,False,181,5.0,10,0.032,0.5,0.362,0.9992493987083435,-0.20941519737243652,0,False
287,36.33858142327517,36.260000000000005,0.19999999999999574,331,2.4336971792444912,1.5980637860464155,-1.5170720760809633,2.4666646997453827,0.4152846038341522,-0.008248442363120606,-0.68583234498974,-0.005748442363120607,0.0,-0.0025,True,True,182,5.0,10,0.032,0.5,0.364,0.9779118299484253,-0.3049647808074951,0,False
288,36.43856828706339,36.36,0.10000000000000142,165,2.434202198597528,1.576284465612406,-1.5804440501354962,2.4708045907991045,0.41598159074783325,-0.004569945518665674,-0.6904022905084056,-0.0020699455186656743,0.0,-0.0025,True,True,183,5.0,10,0.012,0.5,0.366,0.9953296184539795,-0.34029635787010193,0,False
289,36.5386620699428,36.46,0.10000000000000142,166,2.43323985004791,1.5542814443478383,-1.6489020551063545,2.4737262524847283,0.41647347807884216,-0.0014608308370282468,-0.6918631213454338,-0.0014608308370282468,0.0,-0.0,False,False,183,5.0,10,0.032,0.5,0.366,0.9953942894935608,-0.3428313732147217,0,False
290,36.63841785630211,36.56,0.10000000000000142,164,2.4308849394953103,1.533061388640256,-1.7109722125387785,2.4753248908781162,0.41674262285232544,-0.0032993191935293325,-0.6951624405389631,-0.0007993191935293323,0.0,-0.0025,True,True,184,5.0,10,0.012,0.5,0.368,0.9173634052276611,-0.25246885418891907,0,False
291,36.83860127115622,36.760000000000005,0.19999999999999574,332,2.423274673683551,1.4930949958311104,-1.8154055931960194,2.475724771747418,0.41680994629859924,-0.002699940433859286,-0.6978623809728224,-0.0001999404338592856,0.0,-0.0025,True,True,185,5.0,10,0.012,0.5,0.37,0.8572916388511658,-0.9792299270629883,0,False
292,36.93878643400967,36.86,0.10000000000000142,169,2.416977926518883,1.4737737016807575,-1.978986363059576,2.473599862515414,0.41645219922065735,0.0010624546117956526,-0.6967999263610267,0.0010624546117956526,0.0,-0.0,False,False,185,5.0,10,0.032,0.5,0.37,0.8876411318778992,-0.9573231935501099,0,False
293,37.03828120138496,36.96,0.10000000000000142,166,2.4078983297131855,1.4571989657367699,-2.170709397499336,2.468320691570224,0.4155634045600891,0.0001395854621443842,-0.6966603408988823,0.0026395854621443842,0.0,-0.0025,True,True,186,5.0,10,0.012,0.5,0.372,0.7877581715583801,-0.9918140769004822,0,False
294,37.138912060298026,37.06,0.10000000000000142,160,2.395653439432399,1.4427330089456691,-2.3648487806250627,2.459614122045389,0.4140975773334503,0.004353284745182154,-0.6923070561537001,0.004353284745182154,0.0,-0.0,False,False,186,5.0,10,0.032,0.5,0.372,0.9426260590553284,-0.8502041101455688,0,False
295,37.33884658711031,37.260000000000005,0.19999999999999574,319,2.362986959134951,1.4192651528281213,-2.655184840405367,2.4333023502822204,0.4096677601337433,0.010655885829498172,-0.681651170324202,0.013155885829498172,0.0,-0.0025,True,True,187,5.0,10,0.032,0.5,0.374,0.8886780738830566,-0.53701251745224,0,False
296,37.43906961940229,37.36,0.10000000000000142,160,2.344535857408048,1.4107631435835513,-2.769890895242818,2.4174466047199856,0.40699830651283264,0.005427872749729732,-0.6762232975744722,0.007927872749729732,0.0,-0.0025,True,True,188,5.0,10,0.012,0.5,0.376,0.989023745059967,-0.674831211566925,0,False
297,37.538674196228385,37.46,0.10000000000000142,158,2.3235163061049247,1.4042998352094351,-2.907713123653971,2.398663532935687,0.4038360118865967,0.00939153585496672,-0.6668317617195054,0.00939153585496672,0.0,-0.0,False,False,188,5.0,10,0.032,0.5,0.376,0.9878907203674316,-0.6730211973190308,0,False
298,37.638444781303406,37.56,0.10000000000000142,159,2.3025204325792434,1.4007205026830942,-3.0427171653786376,2.379230101561387,0.4005642235279083,0.007216715648680079,-0.6596150460708253,0.00971671564868008,0.0,-0.0025,True,True,189,5.0,10,0.012,0.5,0.378,0.8932477831840515,-0.427704781293869,0,False
299,37.8391317431815,37.760000000000005,0.19999999999999574,321,2.2635523842076894,1.4002767602517923,3.0719380784963612,2.3416526289199107,0.3942377269268036,0.016288736246350702,-0.6433263098244746,0.0187887362463507,0.0,-0.0025,True,True,190,5.0,10,0.012,0.5,0.38,0.947528064250946,0.3601897358894348,0,False
300,37.938609241042286,37.86,0.10000000000000142,159,2.243645682509254,1.4015208614904884,3.1079406621915218,2.3220945777439335,0.3909449577331543,0.009779025549271939,-0.6335472842752027,0.009779025549271939,0.0,-0.0,False,False,190,5.0,10,0.032,0.5,0.38,0.9455817937850952,0.3436044156551361,0,False
301,38.03885188233107,37.96,0.10000000000000142,160,2.2229980729703636,1.4014624194585348,-3.0977036520178687,2.3021658534646727,0.38758978247642517,0.007464362100179931,-0.6260829221750227,0.009964362100179931,0.0,-0.0025,True,True,191,5.0,10,0.012,0.5,0.382,0.9331300258636475,0.6294022798538208,0,False
302,38.13937221234664,38.06,0.10000000000000142,158,2.202918522799955,1.3991741608321018,-2.965799515255327,2.283383843780957,0.38442766666412354,0.009391004804677526,-0.6166919173703452,0.009391004804677526,0.0,-0.0,False,False,191,5.0,10,0.032,0.5,0.382,0.9261614084243774,0.5921033620834351,0,False
303,38.3393684993498,38.260000000000005,0.19999999999999574,315,2.1632048356349096,1.3884120189833664,-2.857362877910888,2.2479980156914166,0.37847015261650085,0.01519291397472118,-0.601499003395624,0.01769291397472118,0.0,-0.0025,True,True,192,5.0,10,0.032,0.5,0.384,0.9113144874572754,-0.37652090191841125,0,False
304,38.439558770973235,38.36,0.10000000000000142,156,2.1431285559974906,1.3834101586304717,-2.9307353155390885,2.2300633852557517,0.3754507005214691,0.006467315182329474,-0.5950316882132946,0.008967315182329474,0.0,-0.0025,True,True,193,5.0,10,0.012,0.5,0.386,0.9698013067245483,-0.23587064445018768,0,False
305,38.53965287422761,38.46,0.10099999999999909,161,2.1220923154645916,1.379314481545538,-2.975030651088455,2.2110011580350264,0.37224140763282776,0.00953111357262749,-0.5855005746406671,0.00953111357262749,0.0,-0.0,False,False,193,5.0,10,0.032,0.5,0.386,0.9713868498802185,-0.23018865287303925,0,False
306,38.6400804342702,38.56,0.10000000000000142,165,2.1008425299078444,1.3761831737139425,-3.0113704384645916,2.1915032925587226,0.3689587712287903,0.007248932699554398,-0.5782516419411127,0.009748932699554399,0.0,-0.0025,True,True,194,5.0,10,0.012,0.5,0.388,0.9986779689788818,0.01899244263768196,0,False
307,38.74006635835394,38.660000000000004,0.10000000000000142,165,2.0790843584773864,1.3731728206972578,-3.0025413214265066,2.1715211092168105,0.3655945956707001,0.009991091631399758,-0.5682605503097129,0.009991091631399758,0.0,-0.0,False,False,194,5.0,10,0.032,0.5,0.388,0.998818039894104,0.010360388085246086,0,False
308,38.840078071225435,38.760000000000005,0.10000000000000142,165,2.0573649815714354,1.3701399186164258,-3.0069194944549125,2.151621415686804,0.36224430799484253,0.007449846725610243,-0.5608107035841027,0.009949846725610244,0.0,-0.0025,True,True,195,5.0,10,0.012,0.5,0.39,0.9997216463088989,-0.1412642002105713,0,False
309,39.04032503627241,38.96,0.19999999999999574,332,2.013585859597739,1.3656208556268288,-3.0588825515926814,2.1111525512263047,0.3554310202598572,0.017734432150138462,-0.5430762714339642,0.02023443215013846,0.0,-0.0025,True,True,196,5.0,10,0.012,0.5,0.392,0.9996207356452942,0.056709565222263336,0,False
310,39.14003632217646,39.06,0.10000000000000142,165,1.991720274774868,1.3635570557362018,-3.0445157983455022,2.0909349355886104,0.35202720761299133,0.010108807778824835,-0.5329674636551394,0.010108807778824835,0.0,-0.0,False,False,196,5.0,10,0.032,0.5,0.392,0.9996312856674194,0.04361865669488907,0,False
311,39.24019908439368,39.160000000000004,0.10000000000000142,166,1.9698704635479285,1.361311186632679,-3.0347297970339384,2.070824238076219,0.34864139556884766,0.007555348716384958,-0.5254121149387544,0.010055348716384959,0.0,-0.0025,True,True,197,5.0,10,0.012,0.5,0.394,0.9994198083877563,0.026341252028942108,0,False
312,39.340640764217824,39.260000000000005,0.10000000000000142,166,1.9480266873010954,1.3589312425350375,-3.0299350665582607,2.0507992166774804,0.3452700078487396,0.010012510659728305,-0.5153996042790261,0.010012510659728305,0.0,-0.0,False,False,197,5.0,10,0.032,0.5,0.394,0.999454140663147,0.022006534039974213,0,False
313,39.54027955420315,39.46,0.19999999999999574,330,1.904226076862697,1.3544712220635384,-3.0666785863915096,2.010667569151917,0.33851349353790283,0.017565823683338096,-0.497833780595688,0.020065823683338094,0.0,-0.0025,True,True,198,5.0,10,0.032,0.5,0.396,0.9990576505661011,-0.15262247622013092,0,False
314,39.64056703494862,39.56,0.10000000000000142,167,1.8822012794093685,1.353170692354622,-3.1048829537095433,1.990243728984459,0.3350749611854553,0.007711920043298397,-0.4901218605523896,0.010211920043298397,0.0,-0.0025,True,True,199,5.0,10,0.012,0.5,0.398,0.9999244809150696,-0.2685038447380066,0,False
315,39.740560598205775,39.660000000000004,0.10000000000000142,162,1.8600972426371976,1.3530036698770265,3.1237998116960064,1.9694074397574737,0.3315669894218445,0.010418144572245634,-0.47970371598014394,0.010418144572245634,0.0,-0.0,False,False,199,5.0,10,0.032,0.5,0.398,0.9999233484268188,-0.25293833017349243,0,False
316,39.840556072071195,39.760000000000005,0.10000000000000142,163,1.8380382365596006,1.3539437704898418,3.0789034630308643,1.9482744704344506,0.32800906896591187,0.008066484619677223,-0.4716372313604667,0.010566484619677224,0.0,-0.0025,True,True,200,5.0,10,0.012,0.5,0.4,0.9999791383743286,0.17160707712173462,0,False
317,40.04073360702023,39.96,0.19999999999999574,321,1.794187205212321,1.3552086072500942,-3.1399664882055554,1.9065317933420367,0.32098132371902466,0.018371338463574104,-0.4532658928968926,0.020871338463574102,0.0,-0.0025,True,True,201,5.0,10,0.012,0.5,0.402,0.999970018863678,0.09866465628147125,0,False
318,40.140619992278516,40.06,0.10000000000000142,160,1.7722284569457392,1.3550087769831756,-3.122551155191811,1.8859500542213177,0.3175162076950073,0.010290869519616387,-0.44297502337727623,0.010290869519616387,0.0,-0.0,False,False,201,5.0,10,0.032,0.5,0.402,0.999971330165863,0.08865255117416382,0,False
319,40.2406675349921,40.160000000000004,0.10000000000000142,159,1.7502611040290215,1.3544065950102653,-3.108625677853974,1.8655306394729536,0.3140784204006195,0.007709707333760234,-0.435265316043516,0.010209707333760235,0.0,-0.0025,True,True,202,5.0,10,0.012,0.5,0.404,0.9993254542350769,-0.09014802426099777,0,False
320,40.3407794572413,40.260000000000005,0.10000000000000142,155,1.7282405595992885,1.3539463361119284,-3.130381952918631,1.845047675706405,0.3106299340724945,0.010241481842726743,-0.42502383420078926,0.010241481842726743,0.0,-0.0,False,False,202,5.0,10,0.032,0.5,0.404,0.9993427395820618,-0.08203820139169693,0,False
321,40.54098032321781,40.46,0.19999999999999574,312,1.6842329102831213,1.3540151475444793,3.1286319655715165,1.8038672038556474,0.3036968410015106,0.01809023584385889,-0.4069335983569304,0.020590235843858887,0.0,-0.0025,True,True,203,5.0,10,0.032,0.5,0.406,0.9989079833030701,-0.050566665828228,0,False
322,40.64075759798288,40.56,0.10000000000000142,156,1.662233819805548,1.3544093731410625,3.117855053605776,1.7832017358056766,0.3002176284790039,0.00783273398407648,-0.3991008643728539,0.01033273398407648,0.0,-0.0025,True,True,204,5.0,10,0.012,0.5,0.408,0.9998553991317749,-0.07227541506290436,0,False
323,40.740721041336656,40.660000000000004,0.10000000000000142,156,1.6402245734135923,1.3551092093628727,3.1031090493948823,1.7624474053403056,0.29672345519065857,0.010377165191600717,-0.3887236991812532,0.010377165191600717,0.0,-0.0,False,False,204,5.0,10,0.032,0.5,0.408,0.9998605251312256,-0.06902510672807693,0,False
324,40.840822773985565,40.760000000000005,0.10000000000000142,156,1.6182282374101928,1.3561123637711217,3.089198777892623,1.74162386132031,0.29321762919425964,0.007911771968775965,-0.38081192721247725,0.010411771968775966,0.0,-0.0025,True,True,205,5.0,10,0.012,0.5,0.41,0.9995395541191101,-0.06490796059370041,0,False
325,40.94150678208098,40.86,0.10099999999999909,156,1.5962492003167252,1.3574035789323045,3.076303505273047,1.7207387154665308,0.2897014319896698,0.010442572885545913,-0.37036935432693135,0.010442572885545913,0.0,-0.0,False,False,205,5.0,10,0.032,0.5,0.41,0.9995589256286621,-0.06347240507602692,0,False
326,41.04159591533244,40.96,0.10000000000000142,156,1.574285000327017,1.3589762425217238,3.063740861515437,1.6997896665610395,0.286174476146698,0.007974524411275411,-0.36239482991565597,0.010474524411275412,0.0,-0.0025,True,True,206,5.0,10,0.012,0.5,0.412,0.999987781047821,-0.0623263344168663,0,False
327,41.241629891097546,41.160000000000004,0.19999999999999574,312,1.530422843913425,1.3629386774114913,3.039909266043683,1.657721632656861,0.2790919542312622,0.01853401686881239,-0.34386081304684357,0.02103401686881239,0.0,-0.0025,True,True,207,5.0,10,0.012,0.5,0.414,0.9999863505363464,-0.046467047184705734,0,False
328,41.341812283266336,41.260000000000005,0.10000000000000142,156,1.5085311106550254,1.3652650817044503,3.03083887868442,1.6366290231559717,0.275540828704834,0.010546304708690165,-0.3333145083381534,0.010546304708690165,0.0,-0.0,False,False,207,5.0,10,0.032,0.5,0.414,0.9999861121177673,-0.04671277478337288,0,False
329,41.44184539606795,41.36,0.10000000000000142,156,1.486662663671609,1.3677995228536226,3.020553040508738,1.6155010103023333,0.2719837427139282,0.008064006384994686,-0.32525050195315874,0.010564006384994686,0.0,-0.0025,True,True,208,5.0,10,0.012,0.5,0.416,0.999409019947052,-0.06778232008218765,0,False
330,41.54235445614904,41.46,0.10000000000000142,155,1.4648288910289522,1.3706168619821142,3.0066843043002724,1.5943170601513514,0.26841723918914795,0.01059197503355567,-0.31465852691960305,0.01059197503355567,0.0,-0.0,False,False,208,5.0,10,0.032,0.5,0.416,0.999413013458252,-0.06737278401851654,0,False
331,41.742009055335075,41.660000000000004,0.19999999999999574,308,1.4213003788018883,1.3771801259244392,2.9760601004773157,1.5517730281694604,0.26125457882881165,0.018772015906726357,-0.2958865110128767,0.021272015906726355,0.0,-0.0025,True,True,209,5.0,10,0.032,0.5,0.418,0.9990941286087036,-0.07897242903709412,0,False
332,41.84196513937786,41.760000000000005,0.10000000000000142,153,1.3996197323158421,1.3809728421051406,2.9615035912824674,1.5304019712991992,0.2576565742492676,0.008185528392824954,-0.2877009826200518,0.010685528392824955,0.0,-0.0025,True,True,210,5.0,10,0.012,0.5,0.42,0.9996393918991089,-0.0532122440636158,0,False
333,41.942118050996214,41.86,0.10000000000000142,154,1.377982920491975,1.3850129455550646,2.951298078686084,1.508988430405639,0.25405141711235046,0.0107067704043904,-0.2769942122156614,0.0107067704043904,0.0,-0.0,False,False,210,5.0,10,0.032,0.5,0.42,0.9996471405029297,-0.053180623799562454,0,False
334,42.04248280124739,41.96,0.10000000000000142,155,1.3563853555970913,1.3892877365652547,2.9404371219297656,1.4875316974217248,0.25043898820877075,0.008228366449481828,-0.26876584576617957,0.010728366449481828,0.0,-0.0025,True,True,211,5.0,10,0.012,0.5,0.422,0.9999784827232361,-0.06216838210821152,0,False
335,42.24222666025162,42.160000000000004,0.19999999999999574,312,1.3133398647513312,1.3986300345187144,2.9152512091049094,1.4444747593668803,0.2431899756193161,0.01902846894218772,-0.24973737682399186,0.02152846894218772,0.0,-0.0025,True,True,212,5.0,10,0.012,0.5,0.424,0.9999949932098389,-0.06744685024023056,0,False
336,42.34259332017973,42.260000000000005,0.10000000000000142,155,1.2919110439938786,1.4037188648743897,2.9016781760484176,1.4228792452401895,0.23955418169498444,0.01079775702059543,-0.23893961980339642,0.01079775702059543,0.0,-0.0,False,False,212,5.0,10,0.032,0.5,0.424,0.999995231628418,-0.06637829542160034,0,False
337,42.443776244297624,42.36,0.10099999999999909,156,1.2705541500662476,1.4090896775830775,2.8892583900273805,1.4012432827829828,0.23591157793998718,0.00831798118577329,-0.23062163861762314,0.01081798118577329,0.0,-0.0025,True,True,213,5.0,10,0.012,0.5,0.426,0.9999904632568359,-0.04858994483947754,0,False
338,42.54495551902801,42.46,0.10099999999999909,157,1.2492578626123494,1.4146787102760505,2.879855095775652,1.3795819184201785,0.2322646975517273,0.010830682138521822,-0.21979095647910132,0.010830682138521822,0.0,-0.0,False,False,213,5.0,10,0.032,0.5,0.426,0.9999908208847046,-0.0478244386613369,0,False
339,42.64489823207259,42.56,0.10000000000000142,154,1.2280146614720318,1.420477335484655,2.8694054195381917,1.3578904612075375,0.2286127507686615,0.00834572856338059,-0.21144522791572073,0.010845728563380591,0.0,-0.0025,True,True,214,5.0,10,0.012,0.5,0.428,0.9999725818634033,-0.06777455657720566,0,False
340,42.74483902612701,42.660000000000004,0.10000000000000142,155,1.2068435736583287,1.4265536763732278,2.8555999276672233,1.3361557233961605,0.2249535173177719,0.010867368862662935,-0.2005778590530578,0.010867368862662935,0.0,-0.0,False,False,214,5.0,10,0.032,0.5,0.428,0.9999721050262451,-0.065755695104599,0,False
341,42.845583353191614,42.760000000000005,0.10099999999999909,155,1.1857566163939317,1.432905070918311,2.843095178914161,1.3143878834499632,0.22128871083259583,0.00838391993000757,-0.19219393912305024,0.01088391993000757,0.0,-0.0025,True,True,215,5.0,10,0.012,0.5,0.43,0.9999784827232361,-0.048931047320365906,0,False
342,42.94683734700084,42.86,0.10099999999999909,157,1.1647413155896507,1.4394715690430162,2.8335848393466163,1.2925998635926987,0.21762050688266754,0.010894009885501155,-0.1812999292375491,0.010894009885501155,0.0,-0.0,False,False,215,5.0,10,0.032,0.5,0.43,0.999977171421051,-0.048224736005067825,0,False
343,43.04763801395893,42.96,0.10099999999999909,156,1.1437987708281316,1.4462395235978611,2.8245810482439713,1.270797505377571,0.21394988894462585,0.008401179064404391,-0.1728987501731447,0.010901179064404392,0.0,-0.0025,True,True,216,5.0,10,0.012,0.5,0.432,0.9991543292999268,-0.03991818055510521,0,False
344,43.14800861431286,43.06,0.10000000000000142,156,1.1229248255526294,1.4531748603506696,2.8168101555298817,1.2489907217433496,0.21027852594852448,0.010903391773942554,-0.16199535839920215,0.010903391773942554,0.0,-0.0,False,False,216,5.0,10,0.032,0.5,0.432,0.9991148114204407,-0.038010336458683014,0,False
345,43.248895530123264,43.160000000000004,0.10099999999999909,158,1.1020972218333305,1.4602816274142523,2.8067827737702054,1.227156943052657,0.20660261809825897,0.008416889302124654,-0.1535784690970775,0.010916889302124654,0.0,-0.0025,True,True,217,5.0,10,0.012,0.5,0.434,0.9997721910476685,-0.0846182256937027,0,False
346,43.349961505271494,43.260000000000005,0.10099999999999909,171,1.0813644817121646,1.467721952293941,2.789260005874368,1.2052672270646207,0.20291729271411896,0.010944857950685751,-0.14263361114639175,0.010944857950685751,0.0,-0.0,False,False,217,5.0,10,0.032,0.5,0.434,0.9997422695159912,-0.0796649158000946,0,False
347,43.44991014897823,43.36,0.10000000000000142,157,1.0607541415650938,1.4754965443545016,2.7715782183586715,1.1833440549082364,0.19922633469104767,0.008461586034793599,-0.13417202511159815,0.0109615860347936,0.0,-0.0025,True,True,218,5.0,10,0.012,0.5,0.436,0.9997754693031311,-0.10471216589212418,0,False
348,43.549521655309945,43.46,0.10000000000000142,157,1.0402993383313095,1.4836893182053215,2.7502545937506193,1.1613782217117894,0.19552819430828094,0.010982916554740431,-0.12318910855685772,0.010982916554740431,0.0,-0.0,False,False,218,5.0,10,0.032,0.5,0.436,0.9997905492782593,-0.10307888686656952,0,False
349,43.65077042905614,43.56,0.10099999999999909,162,1.0200233366895592,1.4922976579372567,2.7301720822867384,1.1393899073863467,0.19182626903057098,0.008494157119193787,-0.11469495143766394,0.010994157119193788,0.0,-0.0025,True,True,219,5.0,10,0.012,0.5,0.438,0.9992361664772034,-0.08805425465106964,0,False
350,43.7510633203201,43.660000000000004,0.10000000000000142,158,0.9999186219607724,1.501269411206698,2.712961570563452,1.1173940698484448,0.18812307715415955,0.010997918725408508,-0.10369703271225543,0.010997918725408508,0.0,-0.0,False,False,219,5.0,10,0.032,0.5,0.438,0.9992214441299438,-0.082162044942379,0,False
351,43.851565189193934,43.760000000000005,0.10099999999999909,158,0.9800663038500456,1.5105389503205846,2.694794758968545,1.0954916971618007,0.1844356209039688,0.008451186299964613,-0.09524584641229082,0.010951186299964614,0.0,-0.0025,True,True,220,5.0,10,0.012,0.5,0.44,0.9856246113777161,-0.12585480511188507,0,False
352,43.95290858205408,43.86,0.10099999999999909,159,0.9606071709560512,1.5201926277100533,2.669028154845684,1.0737696160490315,0.18077851831912994,0.01086104051338407,-0.08438480589890675,0.01086104051338407,0.0,-0.0,False,False,220,5.0,10,0.032,0.5,0.44,0.9837619066238403,-0.11823202669620514,0,False
353,44.052556158043444,43.96,0.10000000000000142,157,0.94163986543205,1.5301633326028568,2.6476586984885664,1.052345985199938,0.17717166244983673,0.008211815382137081,-0.07617299051676966,0.010711815382137082,0.0,-0.0025,True,True,221,5.0,10,0.012,0.5,0.442,0.954196035861969,-0.06732238084077835,0,False
354,44.15387505013496,44.06,0.10099999999999909,159,0.9231837227880016,1.540222606713581,2.6351112186224266,1.0313406449635754,0.17363522946834564,0.010502670076599609,-0.06567032044017006,0.010502670076599609,0.0,-0.0,False,False,221,5.0,10,0.032,0.5,0.442,0.9555465579032898,-0.06525204330682755,0,False
355,44.25453574815765,44.160000000000004,0.10099999999999909,158,0.9045148539574673,1.550730384645022,2.6217040552493147,1.0099456908302085,0.17003320157527924,0.008197477024330496,-0.05747284341583956,0.010697477024330496,0.0,-0.0025,True,True,222,5.0,10,0.012,0.5,0.444,0.9980161190032959,-0.0777391642332077,0,False
356,44.35593861108646,44.260000000000005,0.10099999999999909,160,0.8855247280553018,1.5618082975716283,2.606152714960921,0.9880111010925626,0.16634032130241394,0.010967294825401718,-0.046505548590437845,0.010967294825401718,0.0,-0.0,False,False,222,5.0,10,0.032,0.5,0.444,0.998149573802948,-0.07391256093978882,0,False
357,44.4557989849709,44.36,0.10000000000000142,157,0.866696990780917,1.5731626281339413,2.5937137438420064,0.9661023558024237,0.16265179216861725,0.008454372601699447,-0.038051175988738396,0.010954372601699448,0.0,-0.0025,True,True,223,5.0,10,0.012,0.5,0.446,0.998694896697998,-0.023913010954856873,0,False
358,44.55608148640022,44.46,0.10000000000000142,159,0.8479452129627167,1.5846306567493318,2.5897120581913335,0.9442154720826073,0.15896694362163544,0.010943441816581436,-0.02710773417215696,0.010943441816581436,0.0,-0.0,False,False,223,5.0,10,0.032,0.5,0.446,0.9986951947212219,-0.022660912945866585,0,False
359,44.6565945353359,44.56,0.10000000000000142,159,0.829249725643339,1.5961891236193695,2.585682707720131,0.9223439003128548,0.15528467297554016,0.008435785841579752,-0.01867194833057721,0.010935785841579752,0.0,-0.0025,True,True,224,5.0,10,0.012,0.5,0.448,0.9986478686332703,-0.02265333943068981,0,False
360,44.856353333219886,44.760000000000005,0.19999999999999574,317,0.7920421245656446,1.6195419362979402,2.5767903163493835,0.8786803258086539,0.14793352782726288,0.01933178716566511,0.000659838835087901,0.02183178716566511,0.0,-0.0025,True,True,225,5.0,10,0.012,0.5,0.45,0.9955845475196838,-0.019518809393048286,0,False
361,44.9562703371048,44.86,0.10000000000000142,158,0.7735579808932597,1.6313044101574756,2.5729331223306966,0.8569296564885398,0.1442716121673584,0.010875334616999906,0.011535173452087807,0.010875334616999906,0.0,-0.0,False,False,225,5.0,10,0.032,0.5,0.45,0.9955275654792786,-0.018419446423649788,0,False
362,45.05680672638118,44.96,0.10000000000000142,159,0.7551494699340191,1.6431194429831353,2.568440346601486,0.8352331542981319,0.14061881601810455,0.008348251052254042,0.01988342450434185,0.010848251052254043,0.0,-0.0025,True,True,226,5.0,10,0.012,0.5,0.452,0.9912782907485962,-0.03381375968456268,0,False
363,45.15685152914375,45.06,0.10000000000000142,159,0.7368609766435831,1.655023579789736,2.5615145306490525,0.8136171062268466,0.13697956502437592,0.01080802399285206,0.030691448497193907,0.01080802399285206,0.0,-0.0,False,False,226,5.0,10,0.032,0.5,0.452,0.9911938309669495,-0.03129582107067108,0,False
364,45.356892105191946,45.260000000000005,0.19999999999999574,318,0.7003763589519127,1.679016872875589,2.5651265917086805,0.7704266090237561,0.12970806658267975,0.01909524851604632,0.049786697013240226,0.021595248516046318,0.0,-0.0025,True,True,227,5.0,10,0.032,0.5,0.454,0.9931076765060425,0.03237675502896309,0,False
365,45.457027457188815,45.36,0.10000000000000142,159,0.6820049092256252,1.6908915952398333,2.570142389043954,0.7487848050133458,0.1260644793510437,0.008320901962363582,0.05810759897560381,0.010820901962363582,0.0,-0.0025,True,True,228,5.0,10,0.012,0.5,0.456,0.9973612427711487,0.0003072097897529602,0,False
366,45.55672478303313,45.46,0.10000000000000142,156,0.6635645627813506,1.7027826559944301,2.5696363905834048,0.7270873734849282,0.12241152673959732,0.010848715721257033,0.06895631469686084,0.010848715721257033,0.0,-0.0,False,False,228,5.0,10,0.032,0.5,0.456,0.9974878430366516,0.0043457322753965855,0,False
367,45.656863724347204,45.56,0.10000000000000142,160,0.6451711735734418,1.7146237936577091,2.5690107074688098,0.7054682276202774,0.1187717542052269,0.008309572889528672,0.07726588758638951,0.010809572889528673,0.0,-0.0025,True,True,229,5.0,10,0.012,0.5,0.458,0.9894760847091675,-0.015688182786107063,0,False
368,45.856922700069845,45.760000000000005,0.19999999999999574,321,0.6086902114091218,1.7383111749650926,2.5636813958191613,0.6625592755799244,0.11154765635728836,0.018954475935234916,0.09622036352162443,0.021454475935234914,0.0,-0.0025,True,True,230,5.0,10,0.012,0.5,0.46,0.9838737845420837,-0.0026634347159415483,0,False
369,45.95703829219565,45.86,0.10000000000000142,160,0.590562392786355,1.7501365524542614,2.5633657443119153,0.6412453951243531,0.10795927792787552,0.010656940185593223,0.10687730370721765,0.010656940185593223,0.0,-0.0,False,False,230,5.0,10,0.032,0.5,0.46,0.9834592342376709,0.0004436149902176112,0,False
370,46.05671156803146,45.96,0.10000000000000142,159,0.5727108510468039,1.7617700100767222,2.568692680662455,0.6202832027241536,0.10443010926246643,0.00798109615860347,0.11485839986582112,0.010481096158603471,0.0,-0.0025,True,True,231,5.0,10,0.012,0.5,0.462,0.9427598714828491,0.07111162692308426,0,False
371,46.15688063995913,46.06,0.10000000000000142,159,0.5551818511879572,1.7728532969881952,2.583365489402745,0.5998520606151914,0.10099034756422043,0.01021557101403611,0.12507397087985722,0.01021557101403611,0.0,-0.0,False,False,231,5.0,10,0.032,0.5,0.462,0.9493229389190674,0.06527049839496613,0,False
372,46.357164384331554,46.260000000000005,0.19999999999999574,316,0.5189251956297155,1.7948969574349931,2.6049215919467232,0.5579879942770388,0.09394216537475586,0.018432033086203146,0.14350600396606036,0.020932033086203145,0.0,-0.0025,True,True,232,5.0,10,0.032,0.5,0.464,0.9757097363471985,0.041957587003707886,0,False
373,46.4569859681651,46.36,0.10000000000000142,153,0.5006656882423386,1.8056645378379341,2.613597620597652,0.5370590367742326,0.09041859209537506,0.00796447870997263,0.151470482676033,0.01046447870997263,0.0,-0.0025,True,True,233,5.0,10,0.012,0.5,0.466,0.9474095702171326,0.05128485709428787,0,False
374,46.55705743096769,46.46,0.10000000000000142,152,0.4826187130381499,1.8160602227143148,2.6238059768437383,0.5164829621899535,0.08695442974567413,0.010288037251407646,0.16175851992744064,0.010288037251407646,0.0,-0.0,False,False,233,5.0,10,0.032,0.5,0.466,0.9478580355644226,0.04678119346499443,0,False
375,46.65729861194268,46.56,0.10000000000000142,156,0.4644816102488449,1.8262793180620198,2.6331363980158153,0.49590529445480075,0.08348999917507172,0.007788833826841299,0.16954735375428193,0.0102888338268413,0.0,-0.0025,True,True,234,5.0,10,0.012,0.5,0.468,0.9459729790687561,0.04277829825878143,0,False
376,46.85717561934143,46.760000000000005,0.19999999999999574,314,0.428088806439818,1.8461635775335923,2.6516982848591715,0.45489082007424586,0.07658485323190689,0.018007237109086152,0.18755459086336806,0.02050723710908615,0.0,-0.0025,True,True,235,5.0,10,0.012,0.5,0.47,0.932774007320404,0.07446300983428955,0,False
377,46.957224692218006,46.86,0.10000000000000142,154,0.40992122468222203,1.8556590860149185,2.6668927586133897,0.4345914226917014,0.07316727191209793,0.010149698651088007,0.19770428951445607,0.010149698651088007,0.0,-0.0,False,False,235,5.0,10,0.032,0.5,0.47,0.9339380264282227,0.06846033036708832,0,False
378,47.05747922323644,46.96,0.10000000000000142,158,0.39131902536511004,1.865034790774537,2.687572868456257,0.4139398504576848,0.06969039887189865,0.007825786076126953,0.205530075590583,0.010325786076126954,0.0,-0.0025,True,True,236,5.0,10,0.012,0.5,0.472,0.9725640416145325,0.17335833609104156,0,False
379,47.1575360163115,47.06,0.10000000000000142,158,0.3719158065039022,1.8740218149355905,2.7226819544478422,0.39267274668193325,0.06610989570617676,0.010633551845775902,0.21616362743635892,0.010633551845775902,0.0,-0.0,False,False,236,5.0,10,0.032,0.5,0.472,0.9814435839653015,0.14671653509140015,0,False
380,47.35730340424925,47.260000000000005,0.19999999999999574,309,0.3316247669728751,1.8906323083921313,2.774017760491754,0.3491937564081281,0.058789826929569244,0.01923949505083258,0.2354031224871915,0.02173949505083258,0.0,-0.0025,True,True,237,5.0,10,0.032,0.5,0.474,0.9981189966201782,0.08768071234226227,0,False
381,47.45740840630606,47.36,0.10000000000000142,154,0.3110891272411624,1.898341365955884,2.7915943289193597,0.32727804108291664,0.05510012432932854,0.008457857619221897,0.2438609801064134,0.010957857619221897,0.0,-0.0025,True,True,238,5.0,10,0.012,0.5,0.476,0.9992415308952332,0.08904119580984116,0,False
382,47.557879355270416,47.46,0.10000000000000142,154,0.29039967631211894,1.9056768675652866,2.808942114533206,0.3053339588213149,0.0514056459069252,0.010972041087360867,0.25483302119377427,0.010972041087360867,0.0,-0.0,False,False,238,5.0,10,0.032,0.5,0.476,0.9993888735771179,0.07079697400331497,0,False
383,47.65741047216579,47.56,0.10000000000000142,152,0.26959204055893854,1.9127044719963382,2.8221385165480686,0.28337321485682565,0.047708362340927124,0.00848037193877166,0.2633133931325459,0.01098037193877166,0.0,-0.0025,True,True,239,5.0,10,0.012,0.5,0.478,0.9995317459106445,0.044577933847904205,0,False
384,47.857602566014975,47.760000000000005,0.19999999999999574,306,0.2277539367939394,1.9261943120215084,2.8344204186933615,0.239414155119742,0.04030746966600418,0.019479529781521496,0.28279292291406743,0.021979529781521494,0.0,-0.0025,True,True,240,5.0,10,0.012,0.5,0.48,0.9997992515563965,-0.014906955882906914,0,False
385,47.95753349037841,47.86,0.10000000000000142,153,0.20679921841633706,1.9329031085478803,2.8309074628393187,0.21741183434286793,0.036603186279535294,0.011001160344881763,0.2937940832589492,0.011001160344881763,0.0,-0.0,False,False,240,5.0,10,0.032,0.5,0.48,0.9998099207878113,-0.011948601342737675,0,False
386,48.023094814270735,47.940000000000005,0.0,97,0.19004646729203578,1.9383028325563219,2.828242223770245,0.19981041583785894,0.03363983333110809,1.5063007092176612,1.8000947924766104,0.008800709217661138,1.5,-0.0025,True,True,241,5.0,10,0.008,0.5,0.482,0.9997715950012207,-0.03674276918172836,1,True
