ppo_step,t_wall_s,t_sim_s,ppo_step_sim_dt,inner_ticks,x,y,yaw,goal_distance_m,goal_distance_norm,ppo_reward,ppo_reward_cumulative,navigation_reward,terminal_reward,frame_cost_reward,fresh_observation,frame_consumed,episode_frame_count,current_fps,scan_divisor_k,obs_age_ratio,fps_ratio,frame_count_ratio,action_linear,action_angular,outcome,done
1,0.15233918302692473,0.14,0.17300000000000001,227,0.008403856527423379,-6.649441836840775e-08,1.244448612679163e-06,2.000017709594681,0.3367204964160919,-8.8508381522047e-06,-8.8508381522047e-06,-8.8508381522047e-06,0.0,-0.0,True,True,2,10.0,5,0.008,1.0,0.004,0.9994165897369385,0.22029933333396912,0,False
2,0.25218932796269655,0.24000000000000005,0.09999999999999998,145,0.02588975543355617,7.538240923883604e-06,0.0031720293412582866,2.0001600310727325,0.3367444574832916,-7.11607387440633e-05,-8.0011576896268e-05,-7.11607387440633e-05,0.0,-0.0,True,True,3,10.0,5,0.008,1.0,0.006,0.9994190335273743,0.216022789478302,0,False
3,0.45231247297488153,0.44000000000000006,0.19400000000000006,321,0.06947857262885657,0.002079310488264472,0.09279266948673477,1.9991283773736224,0.33657076954841614,0.0005158268475128524,0.00043581527061658436,0.0005158268475128524,0.0,-0.0,True,True,5,10.0,5,0.008,1.0,0.01,0.9999696016311646,0.22354689240455627,0,False
4,0.5524066148791462,0.54,0.09999999999999998,162,0.0912538600867425,0.00458164672929622,0.13630337637359685,1.9975038945327275,0.33629727363586426,0.0008122414172316578,0.0012480566878482421,0.0008122414172316578,0.0,-0.0,True,True,6,10.0,5,0.008,1.0,0.012,0.9999940991401672,0.17247232794761658,0,False
5,0.6522476498503238,0.64,0.09999999999999998,156,0.11294233686900788,0.007909607495914467,0.16941594779040578,1.995289414818268,0.3359244465827942,0.0011072398528459814,0.0023552965406942235,0.0011072398528459814,0.0,-0.0,True,True,7,10.0,5,0.008,1.0,0.014,0.9999786019325256,0.19252480566501617,0,False
6,0.7521369438618422,0.7400000000000001,0.10000000000000009,158,0.13444711174643378,0.012030491313915705,0.20866700069819663,1.9925106056609871,0.33545660972595215,0.0013894045731395863,0.00374470111383381,0.0013894045731395863,0.0,-0.0,True,True,8,10.0,5,0.008,1.0,0.016,0.9913572669029236,0.21284042298793793,0,False
7,0.852588752983138,0.8400000000000001,0.09999999999999998,152,0.1556179455086079,0.016994885554749307,0.25192488387755535,1.9891017938415352,0.3348827064037323,0.001704405902977977,0.005449107016811787,0.001704405902977977,0.0,-0.0,True,True,9,10.0,5,0.008,1.0,0.018,0.9930016398429871,0.19275417923927307,0,False
8,1.0526809489820153,1.0399999999999998,0.19999999999999996,328,0.1976550684591851,0.02932200166063417,0.3117256796623465,1.9805653374266599,0.3334455192089081,0.004268228190539094,0.00971733520735088,0.004268228190539094,0.0,-0.0,True,True,11,10.0,5,0.008,1.0,0.022,0.9993744492530823,0.12423715740442276,0,False
9,1.1527689108625054,1.14,0.10000000000000009,163,0.2184362951371547,0.036315159090077036,0.3372678543829749,1.975796682828113,0.33264267444610596,0.002384327289833486,0.012101662497184366,0.002384327289833486,0.0,-0.0,True,True,12,10.0,5,0.008,1.0,0.024,0.9936915040016174,0.15729457139968872,0,False
10,1.3533475717995316,1.3399999999999999,0.19999999999999996,319,0.2590653451921256,0.05199498879298608,0.3978100935230036,1.965156028142592,0.3308512270450592,0.005320327321696565,0.01742198981888093,0.005320327321696565,0.0,-0.0,True,True,14,10.0,5,0.008,1.0,0.028,0.9938802719116211,0.1440759152173996,0,False
11,1.55330522893928,1.54,0.19999999999999996,315,0.2990838623121337,0.06994568683873795,0.43750702858542373,1.95309003447539,0.32881981134414673,0.006032996809715365,0.023454986628596297,0.006032996809715365,0.0,-0.0,True,True,16,10.0,5,0.008,1.0,0.032,0.9999880194664001,-0.10445895045995712,0,False
12,1.653463640017435,1.64,0.10000000000000009,154,0.3191602221236627,0.07903047265196672,0.4132612917273515,1.9473024713847227,0.32784542441368103,0.0028937815338767824,0.026348768162473078,0.0028937815338767824,0.0,-0.0,True,True,17,10.0,5,0.008,1.0,0.034,0.9999715685844421,0.058406900614500046,0,False
13,1.7533917939290404,1.74,0.10000000000000009,150,0.3391881977947529,0.08805671085943804,0.42762522654368884,1.941797073015466,0.3269185423851013,0.0027526991737300355,0.029101467336203113,0.0027526991737300355,0.0,-0.0,True,True,18,10.0,5,0.008,1.0,0.036,0.9999955892562866,-0.10235843807458878,0,False
14,1.9531467529013753,1.94,0.19999999999999973,315,0.37950170283257745,0.10565405336506808,0.4128692551306198,1.93198556485133,0.32526668906211853,0.004905754062645316,0.03400722139884843,0.004905754062645316,0.0,-0.0,True,True,20,10.0,5,0.008,1.0,0.04,0.9999092817306519,0.027765385806560516,0,False
15,2.0535648518707603,2.04,0.10000000000000009,157,0.399623408917359,0.11453214090117064,0.41835326818774804,1.9273525050938123,0.3244866728782654,0.002316529869587358,0.03632375126843579,0.002316529869587358,0.0,-0.0,True,True,21,10.0,5,0.008,1.0,0.042,0.9999042749404907,-0.018939606845378876,0,False
16,2.1535981849301606,2.1399999999999997,0.10000000000000009,158,0.41976928772513017,0.12341114716874922,0.4141971429360271,1.9229644365373189,0.3237479031085968,0.002194034269560197,0.03851778553799599,0.002194034269560197,0.0,-0.0,True,True,22,10.0,5,0.008,1.0,0.044,0.9999762177467346,0.06650573760271072,0,False
17,2.253559888806194,2.2399999999999998,0.10000000000000009,157,0.4398030077995493,0.1324599957613427,0.4301655179277287,1.9186277028423115,0.32301777601242065,0.002168366838918759,0.040686152376914746,0.002168366838918759,0.0,-0.0,True,True,23,10.0,5,0.008,1.0,0.046,0.9999513030052185,0.04638483747839928,0,False
18,2.4537350139580667,2.44,0.19999999999999973,313,0.4796646865041841,0.1510772152527467,0.4400048212294865,1.9101293050316417,0.3215869963169098,0.004249198888511698,0.04493535126542644,0.004249198888511698,0.0,-0.0,True,True,25,10.0,5,0.008,1.0,0.05,0.9999626874923706,-0.012337572872638702,0,False
19,2.5537132669705898,2.54,0.10000000000000009,157,0.4995815761809292,0.16041582376255226,0.436929050185073,1.906214048251113,0.32092782855033875,0.0019576283825138148,0.04689297964794026,0.0019576283825138148,0.0,-0.0,True,True,26,10.0,5,0.008,1.0,0.052,0.999917209148407,0.01657186634838581,0,False
20,2.6533946529962122,2.6399999999999997,0.10000000000000009,158,0.5194512883832805,0.16976737826185406,0.44290353840654023,1.9025197083917391,0.32030585408210754,0.0018471699223736916,0.04874014957031395,0.0018471699223736916,0.0,-0.0,True,True,27,10.0,5,0.008,1.0,0.054,0.9964174032211304,0.08765489608049393,0,False
21,2.753498924896121,2.74,0.10000000000000009,158,0.5390802233692162,0.17940921957045608,0.464299782213666,1.8987253540608489,0.3196670413017273,0.0018971771579339145,0.05063732672824787,0.0018971771579339145,0.0,-0.0,True,True,28,10.0,5,0.008,1.0,0.056,0.9956220388412476,0.06724777072668076,0,False
22,2.854799216846004,2.84,0.10099999999999998,157,0.5585795564360346,0.18933799323623,0.47810113716038105,1.8948635563429714,0.31901687383651733,0.0019308988512939877,0.052568225579541855,0.0019308988512939877,0.0,-0.0,True,True,29,10.0,5,0.008,1.0,0.058,0.9972601532936096,0.035131413489580154,0,False
23,3.054787002969533,3.04,0.19999999999999973,318,0.5975099056738262,0.20968239461032603,0.48227855051862606,1.8873938029464281,0.31775927543640137,0.003734876683484712,0.056303102263026567,0.003734876683484712,0.0,-0.0,True,True,31,10.0,5,0.008,1.0,0.062,0.9989743828773499,-0.01584833860397339,0,False
24,3.155518800020218,3.1399999999999997,0.10099999999999998,160,0.6170058640242412,0.21985083560921007,0.4788096649179196,1.8840455308601771,0.3171955645084381,0.0016741360364973348,0.0579772382995239,0.0016741360364973348,0.0,-0.0,True,True,32,10.0,5,0.008,1.0,0.064,0.9978364706039429,-6.807595491409302e-05,0,False
25,3.2554428540170193,3.2399999999999998,0.10000000000000009,159,0.6364804612098742,0.2299785528731828,0.4792868784630074,1.880979423495337,0.31667935848236084,0.0015330536763504769,0.059510291975874374,0.0015330536763504769,0.0,-0.0,True,True,33,10.0,5,0.008,1.0,0.066,0.9956760406494141,-0.013644645921885967,0,False
26,3.356595056829974,3.34,0.10099999999999998,161,0.655941904564364,0.24005274961773299,0.4761970406770432,1.878210350260062,0.3162131607532501,0.0013845366121558959,0.06089482858803027,0.0013845366121558959,0.0,-0.0,True,True,34,10.0,5,0.008,1.0,0.068,0.9964684844017029,-0.028030792251229286,0,False
27,3.4577739289961755,3.44,0.10099999999999998,161,0.6754525618435451,0.25004383250914936,0.4728255164936962,1.8757885839152564,0.31580543518066406,0.0012108831676087381,0.062105711755639004,0.0012108831676087381,0.0,-0.0,True,True,35,10.0,5,0.008,1.0,0.07,0.9893590807914734,0.18135297298431396,0,False
28,3.558865831932053,3.54,0.10099999999999998,153,0.6945704694614627,0.2604211873736077,0.5156829412039181,1.8731158077994592,0.31535544991493225,0.0013363880526076313,0.06344209980824664,0.0013363880526076313,0.0,-0.0,True,True,36,10.0,5,0.008,1.0,0.072,0.9996243119239807,0.13768164813518524,0,False
29,3.6588787348009646,3.6399999999999997,0.10000000000000009,157,0.7135090122443187,0.27149180253591315,0.5437009146516567,1.8699827880979232,0.31482797861099243,0.0015665098445659528,0.06500860965281259,0.0015665098445659528,0.0,-0.0,True,True,37,10.0,5,0.008,1.0,0.074,0.9999036192893982,0.13110551238059998,0,False
30,3.7584817418828607,3.74,0.10000000000000009,157,0.7321679925938455,0.2830864420176091,0.570679153410341,1.86651060427705,0.3142434060573578,0.0017360919035631008,0.06674470155637569,0.0017360919035631008,0.0,-0.0,True,True,38,10.0,5,0.008,1.0,0.076,0.9977139234542847,0.21891726553440094,0,False
31,3.859670544974506,3.84,0.10099999999999998,159,0.7502676558518265,0.2953526848912436,0.6175583071207484,1.8624510788340687,0.31355994939804077,0.0020297627134545494,0.06877446426983023,0.0020297627134545494,0.0,-0.0,True,True,39,10.0,5,0.008,1.0,0.078,0.997439444065094,0.22279323637485504,0,False
32,3.959733417024836,3.9399999999999995,0.10000000000000009,158,0.7678105900425521,0.3084019250733753,0.6628054039565165,1.8576967625933853,0.31275951862335205,0.002377158110930138,0.07115162238076038,0.002377158110930138,0.0,-0.0,True,True,40,10.0,5,0.008,1.0,0.08,0.997551441192627,0.20564839243888855,0,False
33,4.060808480950072,4.04,0.10099999999999998,160,0.7847987112640566,0.3221918474897517,0.7029359171752351,1.8522821738239301,0.3118479251861572,0.0027072943740090167,0.0738589167547694,0.0027072943740090167,0.0,-0.0,True,True,41,10.0,5,0.008,1.0,0.082,0.9999049305915833,0.18738001585006714,0,False
34,4.161439097952098,4.14,0.10099999999999998,157,0.8012717597842164,0.3366570548987748,0.7397334355482655,1.8462790043150203,0.3108372390270233,0.003001584742571155,0.07686050149734056,0.003001584742571155,0.0,-0.0,True,True,42,10.0,5,0.008,1.0,0.084,0.9998783469200134,0.19750069081783295,0,False
35,4.26244217180647,4.24,0.09999999999999964,152,0.8171614219596278,0.35174603964512974,0.7796768811785476,1.8396994682233543,0.30972951650619507,0.0032897680328083344,0.0801502695301489,0.0032897680328083344,0.0,-0.0,True,True,43,10.0,5,0.008,1.0,0.086,0.9992278814315796,0.22378051280975342,0,False
36,4.3622927570249885,4.34,0.10000000000000053,157,0.8323827444567684,0.3674912608586409,0.8248026902261586,1.832469926575214,0.3085123598575592,0.0036147708097587035,0.0837650403399076,0.0036147708097587035,0.0,-0.0,True,True,44,10.0,5,0.008,1.0,0.088,0.9950803518295288,0.13167375326156616,0,False
37,4.462555367965251,4.44,0.09999999999999964,157,0.8470499317456552,0.3837250630725396,0.848249716899071,1.8247843897436644,0.30721843242645264,0.003842768400560691,0.0876078087404683,0.003842768400560691,0.0,-0.0,True,True,45,10.0,5,0.008,1.0,0.09,0.9963350892066956,0.03435301035642624,0,False
38,4.562901278026402,4.54,0.09999999999999964,158,0.8615070633958017,0.40019967244966015,0.8519416568793753,1.8170183102846107,0.30591094493865967,0.003883039714153311,0.0914908484546216,0.003883039714153311,0.0,-0.0,True,True,46,10.0,5,0.008,1.0,0.092,0.9964859485626221,-0.029684120789170265,0,False
39,4.663611155003309,4.64,0.10100000000000087,157,0.8760093332832617,0.4166609883379703,0.8440636689611009,1.8095177559711757,0.30464816093444824,0.0037502771418695745,0.09524112559649117,0.0037502771418695745,0.0,-0.0,True,True,47,10.0,5,0.008,1.0,0.094,0.9961105585098267,-0.07369914650917053,0,False
40,4.764455650933087,4.74,0.10099999999999909,156,0.8907288032924515,0.432969360542811,0.8288799901303084,1.8024935537689803,0.3034655749797821,0.0035121010871927293,0.0987532266836839,0.0035121010871927293,0.0,-0.0,True,True,48,10.0,5,0.008,1.0,0.096,0.9972743391990662,-0.17655445635318756,0,False
41,4.866066948976368,4.86,0.10100000000000087,160,0.9089369137291023,0.4521562255196128,0.7966829161124781,1.7949892821035065,0.30220216512680054,0.003752135817881644,0.10250536250156554,0.003752135817881644,0.0,-0.0,True,True,49,10.0,5,0.012,1.0,0.098,0.9978228807449341,0.08835218101739883,0,False
42,4.966752175940201,4.96,0.10099999999999998,160,0.9239841354472378,0.46807617750176506,0.8209818549750802,1.7890045223380262,0.30119457840919495,0.0029923798708928577,0.1054977423724584,0.0029923798708928577,0.0,-0.0,True,True,50,10.0,5,0.012,1.0,0.1,0.9980474710464478,0.09622853249311447,0,False
43,5.066785568837076,5.06,0.09999999999999964,158,0.9387523354412027,0.48428520528776403,0.8422227472698292,1.7828762019771482,0.30016282200813293,0.0030641601683075,0.1085619025407659,0.0030641601683075,0.0,-0.0,True,True,51,10.0,5,0.012,1.0,0.102,0.9990732669830322,0.08714162558317184,0,False
44,5.167174578877166,5.16,0.09999999999999964,159,0.9532527864656914,0.5007724982806978,0.8574835552400076,1.7766186593787359,0.2991093099117279,0.0031287712868189052,0.11169067382758481,0.0031287712868189052,0.0,-0.0,True,True,52,10.0,5,0.012,1.0,0.104,0.999142050743103,0.052771225571632385,0,False
45,5.2668171159457415,5.26,0.10000000000000053,159,0.9676050411144563,0.5174590458318735,0.8607682309583604,1.7703635950150158,0.2980562150478363,0.0031275321694776365,0.11481820599706245,0.0031275321694776365,0.0,-0.0,True,True,53,10.0,5,0.012,1.0,0.106,0.9999714493751526,-0.21259751915931702,0,False
46,5.367339103948325,5.36,0.09999999999999964,159,0.9824198088958711,0.53382212428553,0.8191515701169677,1.7648870503782497,0.2971341907978058,0.002738272307541844,0.11755647830460429,0.002738272307541844,0.0,-0.0,True,True,54,10.0,5,0.012,1.0,0.108,0.9997628331184387,0.20730939507484436,0,False
47,5.46811811090447,5.46,0.10099999999999998,155,0.9969784163761237,0.550167618481082,0.8657859754129251,1.759539727979018,0.2962339222431183,0.002673661189030439,0.12023013949363473,0.002673661189030439,0.0,-0.0,True,True,55,10.0,5,0.012,1.0,0.11,0.9983246326446533,0.21969389915466309,0,False
48,5.568278301972896,5.56,0.10000000000000053,156,1.0108190280800315,0.5671313742209042,0.9079884422464275,1.7535300088498496,0.29522213339805603,0.0030048595526874842,0.12323499904632221,0.0030048595526874842,0.0,-0.0,True,True,56,10.0,5,0.012,1.0,0.112,0.9999394416809082,0.18111543357372284,0,False
49,5.668703571893275,5.66,0.10099999999999998,159,1.0240662627137356,0.5846330226683192,0.9346212570394572,1.7469903015300263,0.294121116399765,0.003269853646965763,0.12650485269328798,0.003269853646965763,0.0,-0.0,True,True,57,10.0,5,0.012,1.0,0.114,0.9999882578849792,0.011626285500824451,0,False
50,5.768515826901421,5.76,0.09999999999999964,157,1.0371792578954504,0.6022335485758007,0.9321194124016219,1.7405435280111696,0.29303574562072754,0.0032233867466664665,0.12972823943995446,0.0032233867466664665,0.0,-0.0,True,True,58,10.0,5,0.012,1.0,0.116,0.9930307269096375,-0.004354896489530802,0,False
51,5.869657719973475,5.86,0.10099999999999998,158,1.0502275760279591,0.619742161826055,0.9279135844593654,1.7343845837501637,0.29199883341789246,0.0030794721183108674,0.13280771155826532,0.0030794721183108674,0.0,-0.0,True,True,59,10.0,5,0.012,1.0,0.118,0.990635871887207,-0.036270227283239365,0,False
52,5.969865260878578,5.96,0.09999999999999964,165,1.063353368690476,0.6371724015571849,0.9301531866335888,1.7285888778883638,0.2910230755805969,0.002897852919426903,0.13570556447769222,0.002897852919426903,0.0,-0.0,True,True,60,10.0,5,0.012,1.0,0.12,0.9884132742881775,0.1631447672843933,0,False
53,6.070560027845204,6.06,0.10000000000000053,165,1.0759274848758709,0.6548105716849703,0.9626107875199051,1.7225430473393915,0.2900052070617676,0.0030229152625179862,0.13872847974021021,0.0030229152625179862,0.0,-0.0,True,True,61,10.0,5,0.012,1.0,0.122,0.9805780053138733,0.10688111931085587,0,False
54,6.170616820920259,6.16,0.09999999999999964,164,1.0881306502400137,0.6726933323517833,0.9761665504432134,1.7163249794792943,0.288958340883255,0.0031090339177394354,0.14183751365794964,0.0031090339177394354,0.0,-0.0,True,True,62,10.0,5,0.012,1.0,0.124,0.9739810228347778,-0.33009961247444153,0,False
55,6.270628234837204,6.26,0.10000000000000053,165,1.10095021804583,0.6901724693431972,0.8990850705158243,1.7110638642440066,0.2880725860595703,0.0026305576072290777,0.14446807126517872,0.0026305576072290777,0.0,-0.0,True,True,63,10.0,5,0.012,1.0,0.126,0.9775883555412292,-0.3969753682613373,0,False
56,6.370757777011022,6.36,0.09999999999999964,164,1.1151380973775993,0.7066250005968467,0.8121639460682916,1.7077329398006027,0.28751179575920105,0.001665462215108121,0.14613353348028685,0.001665462215108121,0.0,-0.0,True,True,64,10.0,5,0.012,1.0,0.128,0.9853965044021606,-0.5027324557304382,0,False
57,6.4707576599903405,6.46,0.09999999999999964,166,1.130943090151506,0.7216876006399765,0.7177158256353857,1.7067850150307442,0.28735220432281494,0.0004739623830527599,0.1466074958633396,0.0004739623830527599,0.0,-0.0,True,True,65,10.0,5,0.012,1.0,0.13,0.4644888937473297,0.9948715567588806,0,False
58,6.570848882896826,6.56,0.10000000000000053,160,1.147218469577314,0.7358470430738798,0.7228170505379591,1.7071008129372667,0.2874053716659546,-0.00015789895263609123,0.1464495969107035,-0.00015789895263609123,0.0,-0.0,True,True,66,10.0,5,0.012,1.0,0.132,0.907615602016449,-0.2038426697254181,0,False
59,6.67132655181922,6.66,0.09999999999999964,160,1.1627145635445875,0.7487754232987451,0.6707204912659805,1.7080597127464774,0.28756681084632874,-0.0004794499027071401,0.14597014700799635,-0.0004794499027071401,0.0,-0.0,True,True,67,10.0,5,0.012,1.0,0.134,0.9152001738548279,-0.26223093271255493,0,False
60,6.771230545826256,6.76,0.10000000000000053,157,1.1789319142189683,0.7609996198690908,0.6279815753892617,1.7102639254886396,0.2879379093647003,-0.0011021063667176938,0.14486804064127864,-0.0011021063667176938,0.0,-0.0,True,True,68,10.0,5,0.012,1.0,0.136,0.6932322382926941,0.6068243384361267,0,False
61,6.871024481020868,6.86,0.09999999999999964,159,1.1936113150043484,0.7723985087525317,0.7014656236596921,1.7122247401806514,0.2882680296897888,-0.000980407342124324,0.14388763329915433,-0.000980407342124324,0.0,-0.0,True,True,69,10.0,5,0.012,1.0,0.138,0.4732328951358795,0.8283075094223022,0,False
62,6.971317751798779,6.96,0.09999999999999964,161,1.2038561604309455,0.7819991039456163,0.8160925907695673,1.7125407151039376,0.28832122683525085,-0.00015798746101758663,0.14372964583813674,-0.00015798746101758663,0.0,-0.0,True,True,70,10.0,5,0.012,1.0,0.14,0.9686253070831299,-0.43323850631713867,0,False
63,7.071502403821796,7.06,0.10000000000000053,166,1.2131777817898486,0.7921158951221234,0.8327931428767268,1.711953373481829,0.2882223427295685,0.0002936708098915597,0.1440233166480283,0.0002936708098915597,0.0,-0.0,True,True,71,10.0,5,0.012,1.0,0.142,0.39066627621650696,0.9991019368171692,0,False
64,7.171150640817359,7.16,0.09999999999999964,169,1.2217443116540911,0.8026871911101024,0.9655866628121925,1.71061884409995,0.28799766302108765,0.000667264688297781,0.1446905813363261,0.000667264688297781,0.0,-0.0,True,True,72,10.0,5,0.012,1.0,0.144,0.5750704407691956,0.9939468502998352,0,False
65,7.271583759924397,7.26,0.10000000000000053,170,1.2273814032472439,0.8127505475953664,1.1676825337613619,1.7076377047817075,0.28749576210975647,0.0014905696532198055,0.1461811509895459,0.0014905696532198055,0.0,-0.0,True,True,73,10.0,5,0.012,1.0,0.146,0.4702666997909546,0.9977874159812927,0,False
66,7.37118864688091,7.36,0.09999999999999964,168,1.2305974529056873,0.8230423240107797,1.366180303531093,1.7028210786401856,0.2866848409175873,0.0024083130612260677,0.14858946405077197,0.0024083130612260677,0.0,-0.0,True,True,74,10.0,5,0.012,1.0,0.148,0.5821419954299927,0.9561527371406555,0,False
67,7.471254859818146,7.46,0.09999999999999964,169,1.232023106524641,0.8353973397030812,1.5471254122553455,1.6953407042378175,0.28542545437812805,0.003740187186376101,0.1523296512371481,0.003740187186376101,0.0,-0.0,True,True,75,10.0,5,0.012,1.0,0.15,0.9421098232269287,-0.9809908866882324,0,False
68,7.571373241953552,7.56,0.10000000000000053,163,1.231765585826005,0.8486324993328553,1.6231388254139916,1.6860882150135905,0.2838677167892456,0.0046262445937974616,0.15695589583094555,0.0046262445937974616,0.0,-0.0,True,True,76,10.0,5,0.012,1.0,0.152,0.8111621141433716,0.6422148942947388,0,False
69,7.671353215817362,7.66,0.09999999999999964,167,1.2298450457518608,0.8654541733304014,1.7429594505455486,1.6732343197309563,0.2817036509513855,0.006426947615871857,0.16338284344681742,0.006426947615871857,0.0,-0.0,True,True,77,10.0,5,0.012,1.0,0.154,0.9747239351272583,-0.6485558152198792,0,False
70,7.7716801159549505,7.76,0.10000000000000053,168,1.226614831782131,0.8829056416205706,1.760555722432676,1.659061118508125,0.2793174684047699,0.007086600583358701,0.1704694440301761,0.007086600583358701,0.0,-0.0,True,True,78,10.0,5,0.012,1.0,0.156,0.8060069680213928,0.8545851111412048,0,False
71,7.8715944909490645,7.86,0.09999999999999964,169,1.2223804943888683,0.8999464841786963,1.8759545217128646,1.644485204147772,0.2768634855747223,0.007287957151322358,0.17775740118149846,0.007287957151322358,0.0,-0.0,True,True,79,10.0,5,0.012,1.0,0.158,0.7518488764762878,-0.48650193214416504,0,False
72,7.971457114908844,7.96,0.09999999999999964,170,1.2169021287368882,0.9168689801971944,1.8762994744817838,1.6291174938031843,0.2742761969566345,0.007683855141872303,0.18544125632337077,0.007683855141872303,0.0,-0.0,True,True,80,10.0,5,0.012,1.0,0.16,0.8057246208190918,-0.9711928367614746,0,False
73,8.072402939898893,8.06,0.10100000000000087,170,1.21231912912741,0.9343214702633539,1.7557338503427289,1.6141215186624627,0.2717514932155609,0.007497987540675116,0.1929392438640459,0.007497987540675116,0.0,-0.0,True,True,81,10.0,5,0.012,1.0,0.162,0.9050922989845276,-0.9758097529411316,0,False
74,8.172801239881665,8.16,0.09999999999999964,166,1.2105289588618473,0.9542430788417969,1.567454976323263,1.5996836773778313,0.2693207561969757,0.00721892061373485,0.20015816447778076,0.00721892061373485,0.0,-0.0,True,True,82,10.0,5,0.012,1.0,0.164,0.9554575681686401,-0.6985573768615723,0,False
75,8.27260793489404,8.260000000000002,0.09999999999999964,159,1.2118844196155667,0.9753392427200315,1.4280051234633486,1.5870076839427616,0.26718664169311523,0.006337996692441777,0.20649616117022254,0.006337996692441777,0.0,-0.0,True,True,83,10.0,5,0.012,1.0,0.166,0.9409493207931519,-0.9919254183769226,0,False
76,8.372735257958993,8.360000000000001,0.09999999999999964,159,1.2166721512876504,0.994812736232391,1.2266136849506235,1.5781927801585143,0.26570257544517517,0.004407451874673882,0.2109036130448964,0.004407451874673882,0.0,-0.0,True,True,84,10.0,5,0.012,1.0,0.168,0.8347122073173523,-0.9887754917144775,0,False
77,8.472744850907475,8.46,0.10000000000000142,159,1.2247185425626486,1.0118499283796283,1.034886014573043,1.5736505300007984,0.2649378478527069,0.0022711250698662284,0.21317473811476265,0.0022711250698662284,0.0,-0.0,True,True,85,10.0,5,0.012,1.0,0.17,0.8694295287132263,-0.8860517144203186,0,False
78,8.573154760990292,8.56,0.09999999999999964,160,1.2363380495108154,1.0281287585830055,0.8583171816952865,1.5725983423570935,0.26476070284843445,0.0005260938197695386,0.21370083193453218,0.0005260938197695386,0.0,-0.0,True,True,86,10.0,5,0.012,1.0,0.172,0.9802538752555847,-0.9915526509284973,0,False
79,8.673171603819355,8.66,0.09999999999999964,156,1.2519361993868066,1.0430178538164627,0.663450428731139,1.575804292965293,0.265300452709198,-0.0016029752977532714,0.2120978566367789,-0.0016029752977532714,0.0,-0.0,True,True,87,10.0,5,0.012,1.0,0.174,0.9577982425689697,-0.9541021585464478,0,False
80,8.773186537902802,8.760000000000002,0.09999999999999964,158,1.2694752490001204,1.054322830685595,0.47593521664996824,1.5829948909254092,0.26651105284690857,-0.003595298965823831,0.20850255767095507,-0.003595298965823831,0.0,-0.0,True,True,88,10.0,5,0.012,1.0,0.176,0.9158936142921448,-0.9440468549728394,0,False
81,8.873200910864398,8.860000000000001,0.09999999999999964,159,1.288400723384989,1.062011806234954,0.29667485586277315,1.5936744892989543,0.2683090567588806,-0.0053397991656314375,0.20316275850532364,-0.0053397991656314375,0.0,-0.0,True,True,89,10.0,5,0.012,1.0,0.178,0.9777140617370605,-0.16220887005329132,0,False
82,8.973281533923,8.96,0.10000000000000142,157,1.3080229432869763,1.0672142433399279,0.23772582883598292,1.606553166928513,0.270477294921875,-0.006439338789284987,0.19672341971603866,-0.006439338789284987,0.0,-0.0,True,True,90,10.0,5,0.012,1.0,0.18,0.948137640953064,-0.07095541059970856,0,False
83,9.073252057889476,9.06,0.09999999999999964,149,1.328355635969889,1.0720707355314132,0.22674354251454532,1.620364545886248,0.27280256152153015,-0.006905689451526811,0.18981773026451185,-0.006905689451526811,0.0,-0.0,True,True,91,10.0,5,0.012,1.0,0.182,0.9498500227928162,-0.06251683831214905,0,False
84,9.17307247291319,9.16,0.09999999999999964,158,1.348734327185094,1.076658039065645,0.20532268382936347,1.6345166821141937,0.2751851975917816,-0.00707606808595764,0.1827416621785542,-0.00707606808595764,0.0,-0.0,True,True,92,10.0,5,0.012,1.0,0.184,0.9729406833648682,-0.4946552515029907,0,False
85,9.273420972982422,9.260000000000002,0.09999999999999964,157,1.3687065839284416,1.07972439633218,0.0975333924916563,1.6493225412506523,0.27767789363861084,-0.007402929538919967,0.17533873263963423,-0.007402929538919967,0.0,-0.0,True,True,93,10.0,5,0.012,1.0,0.186,0.7974599599838257,-0.5295462608337402,0,False
86,9.37343432684429,9.360000000000001,0.09999999999999964,154,1.3865353637407531,1.0806181901406,-0.0037706478294242036,1.6636536414267449,0.28009065985679626,-0.007165550059676802,0.16817318257995742,-0.007165550059676802,0.0,-0.0,True,True,94,10.0,5,0.012,1.0,0.188,0.791020393371582,-0.04107242077589035,0,False
87,9.47355005890131,9.46,0.10000000000000142,155,1.405179989781942,1.0804147034752611,-0.013397714102585128,1.6793355565269812,0.2827308475971222,-0.007840957519074604,0.16033222506088282,-0.007840957519074604,0.0,-0.0,True,True,95,10.0,5,0.012,1.0,0.19,0.9403631091117859,-0.1263665407896042,0,False
88,9.573505862848833,9.56,0.09999999999999964,155,1.4259326082871533,1.0797392399805703,-0.05212251744421999,1.69710449927178,0.28572240471839905,-0.008884471337224467,0.15144775372365835,-0.008884471337224467,0.0,-0.0,True,True,96,10.0,5,0.012,1.0,0.192,0.750656008720398,-0.949941873550415,0,False
89,9.6733469478786,9.66,0.09999999999999964,154,1.4451573472132064,1.0775608056524617,-0.1918317741511483,1.7144602848899964,0.288644403219223,-0.008677892774751027,0.1427698609489073,-0.008677892774751027,0.0,-0.0,True,True,97,10.0,5,0.012,1.0,0.194,0.41972842812538147,-0.9889877438545227,0,False
90,9.773456630995497,9.760000000000002,0.09999999999999964,156,1.4587082704150203,1.073877184831091,-0.34738468674802236,1.7278696587772648,0.2909019887447357,-0.006704686917089359,0.13606517403181795,-0.006704686917089359,0.0,-0.0,True,True,98,10.0,5,0.012,1.0,0.196,0.9429972171783447,-0.9890109896659851,0,False
91,9.873414414934814,9.860000000000001,0.09999999999999964,161,1.4765452438495341,1.065622398348124,-0.5190030697433375,1.7473544250130513,0.2941824197769165,-0.00974238307932163,0.12632279095249632,-0.00974238307932163,0.0,-0.0,True,True,99,10.0,5,0.012,1.0,0.198,0.9768711924552917,-0.03414694219827652,0,False
92,9.973550656810403,9.96,0.10000000000000142,162,1.4935525001409922,1.0548884607191966,-0.5973615917687404,1.767465653575734,0.29756832122802734,-0.010055614241529667,0.11626717671096666,-0.010055614241529667,0.0,-0.0,True,True,100,10.0,5,0.012,1.0,0.2,0.934052586555481,-0.6165643930435181,0,False
93,10.073741898871958,10.06,0.09999999999999964,162,1.5098635297049736,1.042013787198909,-0.7236239794366085,1.7881346619609797,0.3010481297969818,-0.010334504151706943,0.10593267255925971,-0.010334504151706943,0.0,-0.0,True,True,101,10.0,5,0.012,1.0,0.202,0.9991675615310669,-0.317597359418869,0,False
94,10.173674842808396,10.16,0.09999999999999964,161,1.5259225997808787,1.0270366401979973,-0.7917578130577428,1.8097230954171206,0.30468273162841797,-0.010794216685334503,0.0951384558739252,-0.010794216685334503,0.0,-0.0,True,True,102,10.0,5,0.012,1.0,0.204,0.9809360504150391,-0.8405135869979858,0,False
95,10.274774126010016,10.260000000000002,0.10099999999999909,164,1.5399494986709275,1.010374070175834,-0.9568146865099427,1.8305200869225544,0.30818408727645874,-0.010398495711547658,0.08473996016237755,-0.010398495711547658,0.0,-0.0,True,True,103,10.0,5,0.012,1.0,0.206,0.9577434062957764,-0.7891310453414917,0,False
96,10.374792619841173,10.360000000000001,0.10000000000000142,157,1.550850809844761,0.9922881624913258,-1.1039698077289632,1.8494922126105333,0.31137821078300476,-0.009486062806432676,0.07525389735594487,-0.009486062806432676,0.0,-0.0,True,True,104,10.0,5,0.012,1.0,0.208,0.9061781764030457,-0.607911229133606,0,False
97,10.474576104898006,10.46,0.09999999999999964,162,1.5589162945153028,0.97387630435394,-1.226412412006253,1.866319780205732,0.31421127915382385,-0.008413783764287924,0.06684011359165695,-0.008413783764287924,0.0,-0.0,True,True,105,10.0,5,0.012,1.0,0.21,0.8945217132568359,-0.73537677526474,0,False
98,10.575042394921184,10.56,0.09999999999999964,164,1.5643589094380839,0.954132300770076,-1.3693907864110129,1.8817699803622254,0.3168124556541443,-0.007725100047661817,0.059115013543995135,-0.007725100047661817,0.0,-0.0,True,True,106,10.0,5,0.012,1.0,0.212,0.9740718603134155,-0.647606611251831,0,False
99,10.6751366679091,10.66,0.09999999999999964,164,1.5673464641843438,0.9329444978414093,-1.491234689940589,1.8960966551192244,0.31922447681427,-0.007163337350138751,0.051951676193856385,-0.007163337350138751,0.0,-0.0,True,True,107,10.0,5,0.012,1.0,0.214,0.9999350905418396,-0.3543257415294647,0,False
100,10.775291159981862,10.760000000000002,0.09999999999999964,165,1.5684525932895426,0.910888648211077,-1.561947605317687,1.909504435855619,0.3214817941188812,-0.006703890341655567,0.045247785852200816,-0.006703890341655567,0.0,-0.0,True,True,108,10.0,5,0.012,1.0,0.216,0.9999486207962036,-0.5073745250701904,0,False
101,10.87528624292463,10.860000000000001,0.10000000000000142,161,1.5674618083850187,0.8887806637614147,-1.6559119815022745,1.921391465574674,0.32348307967185974,-0.0059435148359962015,0.039304271016204616,-0.0059435148359962015,0.0,-0.0,True,True,109,10.0,5,0.012,1.0,0.218,0.9999846816062927,-0.28121837973594666,0,False
102,10.975311166839674,10.96,0.09999999999999964,167,1.565070888068995,0.8668092125777744,-1.70711800497249,1.9322443633599262,0.32531026005744934,-0.00542644887114197,0.033877822145062644,-0.00542644887114197,0.0,-0.0,True,True,110,10.0,5,0.012,1.0,0.22,0.9999900460243225,-0.24008560180664062,0,False
103,11.075444438960403,11.06,0.09999999999999964,169,1.5616001043577263,0.844988051638069,-1.7530319156498202,1.9423304245246318,0.32700833678245544,-0.005043030562386651,0.028834791582675993,-0.005043030562386651,0.0,-0.0,True,True,111,10.0,5,0.012,1.0,0.222,0.9999617338180542,-0.24480901658535004,0,False
104,11.1754842819646,11.16,0.09999999999999964,168,1.5570762683488077,0.8233648257120338,-1.7997202494723732,1.9516549595717032,0.3285782039165497,-0.004662267505077081,0.02417252407759891,-0.004662267505077081,0.0,-0.0,True,True,112,10.0,5,0.012,1.0,0.224,0.9999756217002869,-0.2199437916278839,0,False
105,11.275434735929593,11.260000000000002,0.09999999999999964,168,1.551605834026069,0.8019675980416582,-1.8451540816524221,1.9602965639442436,0.3300330936908722,-0.0043208021691634605,0.01985172190843545,-0.0043208021691634605,0.0,-0.0,True,True,113,10.0,5,0.012,1.0,0.226,0.99998539686203,-0.2530490756034851,0,False
106,11.37631944194436,11.360000000000001,0.10100000000000087,171,1.5450620185851807,0.7808584118009155,-1.900393575562102,1.9681267234717732,0.3313513696193695,-0.003915079748264417,0.015936642160171034,-0.003915079748264417,0.0,-0.0,True,True,114,10.0,5,0.012,1.0,0.228,0.9999978542327881,-0.32222193479537964,0,False
107,11.476533193839714,11.46,0.09999999999999964,169,1.5372025175503121,0.7601956032174686,-1.9631037785961098,1.9748687609525577,0.33248645067214966,-0.0033710187270458714,0.012565623433125162,-0.0033710187270458714,0.0,-0.0,True,True,115,10.0,5,0.012,1.0,0.23,0.9997957348823547,-0.2702643871307373,0,False
108,11.577630726853386,11.56,0.10100000000000087,171,1.5282304220816127,0.7400102861553484,-2.014937320179348,1.9806722555519625,0.33346351981163025,-0.002901747288213922,0.009663876144911241,-0.002901747288213922,0.0,-0.0,True,True,116,10.0,5,0.012,1.0,0.232,0.9996630549430847,-0.23155994713306427,0,False
109,11.677437302889302,11.66,0.09999999999999964,169,1.5182932241013403,0.7202766154566277,-2.068483461067119,1.9856752803457087,0.3343058228492737,-0.0025015123869692583,0.007162363757941983,-0.0025015123869692583,0.0,-0.0,True,True,117,10.0,5,0.012,1.0,0.234,0.9994083642959595,-0.30177122354507446,0,False
110,11.778800883796066,11.760000000000002,0.10099999999999909,171,1.507127510384992,0.7011993157676937,-2.1266101576281606,1.989551770454977,0.3349584639072418,-0.0019382450469603266,0.005224118710981657,-0.0019382450469603266,0.0,-0.0,True,True,118,10.0,5,0.012,1.0,0.236,0.9999527335166931,-0.2756746709346771,0,False
111,11.878904146840796,11.860000000000001,0.10000000000000142,169,1.4949309431791802,0.6827644996033395,-2.1824494649159516,1.9924677676041607,0.3354493975639343,-0.0014579985688193946,0.0037661201421622624,-0.0014579985688193946,0.0,-0.0,True,True,119,10.0,5,0.012,1.0,0.238,0.9998750686645508,-0.2699781656265259,0,False
112,11.978751541813836,11.96,0.09999999999999964,169,1.481931401922376,0.6652406483703714,-2.2372184601263356,1.9944179612903477,0.33577772974967957,-0.0009750968392329347,0.0027910233029293276,-0.0009750968392329347,0.0,-0.0,True,True,120,10.0,5,0.012,1.0,0.24,0.9715494513511658,-0.251446396112442,0,False
113,12.07885498390533,12.06,0.09999999999999964,170,1.4683104671833394,0.6487348674247019,-2.2813262754849437,1.9954581117941177,0.33595284819602966,-0.000520075249825964,0.002270948053103364,-0.000520075249825964,0.0,-0.0,True,True,121,10.0,5,0.012,1.0,0.242,0.9649084806442261,-0.11489061266183853,0,False
114,12.179348203819245,12.16,0.09999999999999964,171,1.454351700048642,0.6327521402453515,-2.296926214924052,1.9961226327252193,0.33606472611427307,-0.00033226046423532316,0.0019386875888680406,-0.00033226046423532316,0.0,-0.0,True,True,122,10.0,5,0.012,1.0,0.244,0.9585070610046387,0.010804173536598682,0,False
115,12.279203968821093,12.260000000000002,0.09999999999999964,171,1.4403756056387913,0.6168654529096392,-2.291345234008458,1.996933369503175,0.3362012207508087,-0.0004053683873729514,0.0015333192014950893,-0.0004053683873729514,0.0,-0.0,True,True,123,10.0,5,0.012,1.0,0.246,0.9673830270767212,0.004764774348586798,0,False
116,12.379048503935337,12.360000000000001,0.10000000000000142,170,1.42635294232024,0.6009028935272513,-2.2910685029983124,1.9979878583648083,0.3363787531852722,-0.000527244428729201,0.0010060747727658882,-0.000527244428729201,0.0,-0.0,True,True,124,10.0,5,0.012,1.0,0.248,0.9629213809967041,-0.019124679267406464,0,False
117,12.479052816983312,12.46,0.09999999999999964,171,1.4124335635119505,0.5851618568997011,-2.2983541578356883,1.9991837836206747,0.3365800976753235,-0.0005979626255657872,0.00040811214720010104,-0.0005979626255657872,0.0,-0.0,True,True,125,10.0,5,0.012,1.0,0.25,0.9436704516410828,-0.09524501860141754,0,False
118,12.579326077830046,12.56,0.09999999999999964,170,1.3986843672235747,0.5700907171283704,-2.321641920423631,2.000239688616418,0.3367578685283661,-0.0005279524957814972,-0.00011984034858139613,-0.0005279524957814972,0.0,-0.0,True,True,126,10.0,5,0.012,1.0,0.252,0.9000152945518494,-0.16398636996746063,0,False
119,12.679513909853995,12.66,0.09999999999999964,171,1.3852042683689916,0.5561363254686378,-2.3524878027033855,2.000883144552634,0.33686619997024536,-0.0003217279668340397,-0.00044156831541543583,-0.0003217279668340397,0.0,-0.0,True,True,127,10.0,5,0.012,1.0,0.254,0.8514809608459473,-0.11848853528499603,0,False
120,12.779076437931508,12.760000000000002,0.09999999999999964,166,1.3722176674415492,0.543301027419183,-2.37513310508199,2.0012378861471802,0.3369259238243103,-0.00017737079657096378,-0.0006189391119863996,-0.00017737079657096378,0.0,-0.0,True,True,128,10.0,5,0.012,1.0,0.256,0.7968825101852417,-0.12873578071594238,0,False
121,12.879645096836612,12.860000000000001,0.10000000000000142,168,1.3600847420152267,0.5318721562897911,-2.399081453751775,2.001307099701805,0.3369375765323639,-3.46067771754712e-05,-0.0006535458891618708,-3.46067771754712e-05,0.0,-0.0,True,True,129,10.0,5,0.012,1.0,0.258,0.689673125743866,-0.1457279473543167,0,False
122,12.979456881992519,12.96,0.09999999999999964,170,1.3494237199888934,0.5223464662056719,-2.4295889858053132,2.0011006981552777,0.33690282702445984,0.00010320077285516864,-0.0005503451163067022,0.00010320077285516864,0.0,-0.0,True,True,130,10.0,5,0.012,1.0,0.26,0.5679392218589783,-0.2126777023077011,0,False
123,13.079294136958197,13.06,0.09999999999999964,169,1.3397764487959878,0.5143620433214093,-2.465611553472295,2.000530173125725,0.3368067741394043,0.00028526251364705403,-0.00026508260265964813,0.00028526251364705403,0.0,-0.0,True,True,131,10.0,5,0.012,1.0,0.262,0.5935894846916199,0.08548610657453537,0,False
124,13.179346469929442,13.16,0.09999999999999964,170,1.330652906619168,0.5068226277056206,-2.441205666136887,2.000053998031249,0.3367266058921814,0.000238087546295239,-2.6995056364409134e-05,0.000238087546295239,0.0,-0.0,True,True,132,10.0,5,0.012,1.0,0.264,0.15991395711898804,0.022568553686141968,0,False
125,13.279304614989087,13.260000000000002,0.09999999999999964,170,1.3261813771494835,0.5029857312723679,-2.42585281274188,1.999952213392095,0.33670946955680847,5.089231937551009e-05,2.3897263011100954e-05,5.089231937551009e-05,0.0,-0.0,True,True,133,10.0,5,0.012,1.0,0.266,0.42981141805648804,0.010266941972076893,0,False
126,13.379754533991218,13.360000000000001,0.10000000000000142,171,1.319724977538665,0.4973694428398167,-2.424327537633387,1.9998930897930038,0.336699515581131,2.9561799428567978e-05,5.345906243966893e-05,2.9561799428567978e-05,0.0,-0.0,True,True,134,10.0,5,0.012,1.0,0.268,0.32555344700813293,-0.00627000629901886,0,False
127,13.479781197849661,13.46,0.09999999999999964,171,1.3150009110453835,0.493258517899326,-2.4262252704482328,1.999874326016047,0.3366963565349579,9.38188844128813e-06,6.284095088095706e-05,9.38188844128813e-06,0.0,-0.0,True,True,135,10.0,5,0.012,1.0,0.27,0.16271156072616577,-0.10133372992277145,0,False
128,13.580001289024949,13.56,0.09999999999999964,170,1.3131063875063622,0.49162941529257737,-2.449362199823595,1.999857509423491,0.33669352531433105,8.408296244727691e-06,7.124924712568475e-05,8.408296244727691e-06,0.0,-0.0,True,True,136,10.0,5,0.012,1.0,0.272,-0.0031039018649607897,-0.14435352385044098,0,False
129,13.679804204963148,13.66,0.09999999999999964,169,1.313895918745899,0.49225002114010774,-2.478083502060286,1.9999081362179223,0.33670204877853394,-2.531339711545643e-05,4.593585001022832e-05,-2.531339711545643e-05,0.0,-0.0,True,True,137,10.0,5,0.012,1.0,0.274,-0.2723999619483948,-0.3888772130012512,0,False
130,13.779675979865715,13.760000000000002,0.09999999999999964,171,1.317061606701481,0.4945870577493378,-2.550157257764169,2.0002297756776484,0.3367561995983124,-0.00016081972922632766,-0.00011488387921609934,-0.00016081972922632766,0.0,-0.0,True,True,138,10.0,5,0.012,1.0,0.276,0.7099782824516296,-0.18611963093280792,0,False
131,13.88003952987492,13.860000000000001,0.10000000000000142,172,1.313384474871674,0.4923690692929192,-2.6254395659836876,1.9994824109011138,0.33663037419319153,0.0003736823867878277,0.0002587985075717283,0.0003736823867878277,0.0,-0.0,True,True,139,10.0,5,0.012,1.0,0.278,0.6637061834335327,-0.1839493066072464,0,False
132,13.979721596930176,13.96,0.09999999999999964,170,1.3036275890285642,0.4872818049505177,-2.6921717075892695,1.9969379719390323,0.3362019956111908,0.0012722194760038143,0.0015310179835755426,0.0012722194760038143,0.0,-0.0,True,True,140,10.0,5,0.012,1.0,0.28,0.15466031432151794,-0.10297069698572159,0,False
133,14.080099527025595,14.06,0.09999999999999964,166,1.2975220885536938,0.4845440721478112,-2.737694778610542,1.9950364578628754,0.3358818590641022,0.0009507570343142608,0.0024817750178898037,0.0009507570343142608,0.0,-0.0,True,True,141,10.0,5,0.012,1.0,0.282,0.7467431426048279,0.08039915561676025,0,False
134,14.180042661959305,14.16,0.09999999999999964,171,1.2867661236818269,0.48014415296992635,-2.7657874992371156,1.9914138097928185,0.335271954536438,0.0018113240278571738,0.004293099045746977,0.0018113240278571738,0.0,-0.0,True,True,142,10.0,5,0.012,1.0,0.284,-0.5132128596305847,0.24441587924957275,0,False
135,14.280276502948254,14.260000000000002,0.09999999999999964,171,1.2834503902741474,0.4788499220507471,-2.7868926314390214,1.990261961711125,0.33507803082466125,0.0005759240385665488,0.004869023084313526,0.0005759240385665488,0.0,-0.0,True,True,143,10.0,5,0.012,1.0,0.286,-0.8256864547729492,0.15983113646507263,0,False
136,14.380394575884566,14.360000000000001,0.10000000000000142,170,1.2872449209178864,0.4802119306493143,-2.807103517964311,1.9916715462008323,0.3353153467178345,-0.0007047922420632666,0.00416423084225026,-0.0007047922420632666,0.0,-0.0,True,True,144,10.0,5,0.012,1.0,0.288,0.20640653371810913,-0.5478538870811462,0,False
137,14.480286890873685,14.46,0.09999999999999964,170,1.2886417636297491,0.48064968649269196,-2.8485609128033,1.992240655096275,0.3354111611843109,-0.00028455444659475777,0.0038796763956555017,-0.00028455444659475777,0.0,-0.0,True,True,145,10.0,5,0.012,1.0,0.29,-0.9559443593025208,-0.28450807929039,0,False
138,14.580050286836922,14.56,0.09999999999999964,170,1.2982715441827524,0.483236497009639,-2.898416877198419,1.9965170260748448,0.33613112568855286,-0.002138185480819501,0.0017414909148360008,-0.002138185480819501,0.0,-0.0,True,True,146,10.0,5,0.012,1.0,0.292,-0.991130530834198,-0.6401458978652954,0,False
139,14.68047165684402,14.66,0.09999999999999964,171,1.3157637939946658,0.486924510200644,-2.973403460386611,2.0051513727600714,0.33758479356765747,-0.004317173325520928,-0.0025756824106849267,-0.004317173325520928,0.0,-0.0,True,True,147,10.0,5,0.012,1.0,0.294,-0.9660773873329163,-0.536241352558136,0,False
140,14.780311361886561,14.760000000000002,0.09999999999999964,170,1.3354951146037732,0.48918796942410264,-3.0824677581794635,2.0164572564437493,0.3394882380962372,-0.0056529418194580915,-0.008228624230143018,-0.0056529418194580915,0.0,-0.0,True,True,148,10.0,5,0.012,1.0,0.296,-0.3840235471725464,-0.92254638671875,0,False
141,14.880161196924746,14.860000000000001,0.10000000000000142,170,1.3488761850487085,0.48920635494583864,3.0703607666115853,2.0253307527767963,0.3409821689128876,-0.004436748148957742,-0.012665372379100759,-0.004436748148957742,0.0,-0.0,True,True,149,10.0,5,0.012,1.0,0.298,-0.6836714148521423,-0.9994753003120422,0,False
142,14.980394908925518,14.96,0.09999999999999964,171,1.3638727664328778,0.48649112325596944,2.8674033439125064,2.0373654144768154,0.3430083096027374,-0.006017330826186015,-0.018682703205286776,-0.006017330826186015,0.0,-0.0,True,True,150,10.0,5,0.012,1.0,0.3,-0.7404922246932983,-0.9927307963371277,0,False
143,15.080573010956869,15.06,0.09999999999999964,171,1.3778854296311538,0.4810862749419654,2.6688258505554923,2.0507723101293913,0.3452654778957367,-0.006703447799747979,-0.025386151005034753,-0.006703447799747979,0.0,-0.0,True,True,151,10.0,5,0.012,1.0,0.302,-0.4621712565422058,-0.9920387864112854,0,False
144,15.180399755947292,15.16,0.09999999999999964,169,1.3854582776939277,0.4763085577187792,2.471125908102358,2.0594004612278867,0.34671810269355774,-0.004314075532167589,-0.02970022653720234,-0.004314075532167589,0.0,-0.0,True,True,152,10.0,5,0.012,1.0,0.304,-0.32158878445625305,-0.9999985098838806,0,False
145,15.280535838799551,15.260000000000002,0.09999999999999964,170,1.3909272600449711,0.4710277193877044,2.2686421767940623,2.0669868686717385,0.3479953408241272,-0.003793203706908056,-0.033493430244110396,-0.003793203706908056,0.0,-0.0,True,True,153,10.0,5,0.012,1.0,0.306,-0.6006446480751038,-0.9999894499778748,0,False
146,15.380789150018245,15.360000000000001,0.10000000000000142,171,1.3970428520756228,0.46218222891029737,2.0594439409794223,2.0776457560839257,0.3497898578643799,-0.005329443684993477,-0.03882287392910387,-0.005329443684993477,0.0,-0.0,True,True,154,10.0,5,0.012,1.0,0.308,-0.03222821280360222,-0.9999971389770508,0,False
147,15.480461306869984,15.46,0.09999999999999964,169,1.3980252816437886,0.46039262694149286,1.850986735850437,2.079631176106098,0.3501241207122803,-0.0009927100071559598,-0.03981558393625983,-0.0009927100071559598,0.0,-0.0,True,True,155,10.0,5,0.012,1.0,0.31,0.4579576551914215,-0.8737010359764099,0,False
148,15.581420481903479,15.56,0.10099999999999909,171,1.396812011093229,0.46812283219226714,1.6428932969377976,2.073097133322715,0.34902405738830566,0.003267021378757022,-0.03654856255750281,0.003267021378757022,0.0,-0.0,True,True,156,10.0,5,0.012,1.0,0.312,0.6273367404937744,-0.6875571608543396,0,False
149,15.681725862901658,15.66,0.09999999999999964,171,1.3970510505994365,0.4821589851051232,1.4839063419392378,2.062908933485328,0.34730878472328186,0.005094099898525151,-0.03145446265897765,0.005094099898525151,0.0,-0.0,True,True,157,10.0,5,0.012,1.0,0.314,0.8322269320487976,-0.7486294507980347,0,False
150,15.782584258820862,15.760000000000002,0.10100000000000087,171,1.4000546994577807,0.5006164870940234,1.3394376092127607,2.051415057998552,0.3453736901283264,0.005746937720634852,-0.0257075249383428,0.005746937720634852,0.0,-0.0,True,True,158,10.0,5,0.012,1.0,0.316,0.8999484777450562,-0.5188265442848206,0,False
151,15.882871239911765,15.860000000000001,0.09999999999999964,168,1.4055246137550264,0.5198248083836993,1.2330267810190407,2.041180479769064,0.34365060925483704,0.005117289094484052,-0.02059023584385875,0.005117289094484052,0.0,-0.0,True,True,159,10.0,5,0.012,1.0,0.318,0.854007363319397,-0.9265641570091248,0,False
152,15.98308923188597,15.959999999999999,0.10000000000000142,169,1.413651614614782,0.5374998446356527,1.0502506425364202,2.034039800536324,0.3424484133720398,0.003570339602234467,-0.017019896241624283,0.003570339602234467,0.0,-0.0,True,True,160,10.0,5,0.012,1.0,0.32,0.9997938275337219,-0.5893988013267517,0,False
153,16.183227309025824,16.16,0.1999999999999993,333,1.439241648080127,0.573099080348304,0.8640839431759317,2.0266875862709077,0.34121060371398926,0.0036761071181537794,-0.013343789123470503,0.0036761071181537794,0.0,-0.0,True,True,162,10.0,5,0.012,1.0,0.324,0.999550461769104,0.020148664712905884,0,False
154,16.38310817698948,16.36,0.1999999999999993,330,1.4674772358480632,0.6067997381626149,0.8770801583091716,2.023486238098566,0.3406716287136078,0.001600674079833614,-0.01174311504363689,0.001600674079833614,0.0,-0.0,True,True,164,10.0,5,0.012,1.0,0.328,0.999122142791748,-0.14726141095161438,0,False
155,16.483087110798806,16.459999999999997,0.10000000000000142,167,1.4818773202751214,0.623398347284686,0.8420731653597876,2.0226202720903212,0.3405258357524872,0.00043298300240806546,-0.011310132041228825,0.00043298300240806546,0.0,-0.0,True,True,165,10.0,5,0.012,1.0,0.33,0.9910368919372559,-0.15270018577575684,0,False
156,16.68304331996478,16.66,0.1999999999999993,334,1.5116794272292309,0.6556367626269309,0.8130785701505637,2.0229897060762587,0.3405880331993103,-0.00018471699223741357,-0.011494849033466238,-0.00018471699223741357,0.0,-0.0,True,True,167,10.0,5,0.012,1.0,0.334,0.9930293560028076,-0.17753033339977264,0,False
157,16.883364523993805,16.86,0.1999999999999993,329,1.5424748699824777,0.6868249878014713,0.7849284106451161,2.0257485123392365,0.34105250239372253,-0.0013794031260276082,-0.012874252159493846,-0.0013794031260276082,0.0,-0.0,True,True,169,10.0,5,0.012,1.0,0.338,0.9999971389770508,-0.2834090292453766,0,False
158,16.9831423999276,16.959999999999997,0.10000000000000142,162,1.5585791506670073,0.701924630857165,0.7311677700172317,2.0283412768778204,0.3414890170097351,-0.0012963822641593864,-0.014170634423653232,-0.0012963822641593864,0.0,-0.0,True,True,170,10.0,5,0.012,1.0,0.34,1.0,0.24896004796028137,0,False
159,17.18335020588711,17.16,0.1999999999999993,325,1.5900550294012283,0.7326554177669198,0.8165940818402837,2.033331556464577,0.3423291742801666,-0.0024951397834997017,-0.016665774207152935,-0.0024951397834997017,0.0,-0.0,True,True,172,10.0,5,0.012,1.0,0.344,0.9999989867210388,0.2129032164812088,0,False
160,17.38359158183448,17.36,0.1999999999999993,316,1.6188025956682681,0.7657554761603835,0.8925569615374203,2.0356526002708115,0.3427199423313141,-0.0011605218985225336,-0.017826296105675467,-0.0011605218985225336,0.0,-0.0,True,True,174,10.0,5,0.012,1.0,0.348,0.9999977350234985,0.1783546358346939,0,False
161,17.48347965697758,17.459999999999997,0.10000000000000142,158,1.632262520888865,0.7830693883575208,0.9294048166267789,2.0359767179652297,0.34277451038360596,-0.00016205884656748533,-0.017988354952242953,-0.00016205884656748533,0.0,-0.0,True,True,175,10.0,5,0.012,1.0,0.35,0.9999942779541016,0.20335054397583008,0,False
162,17.683635042980313,17.66,0.1999999999999993,317,1.6582040728229626,0.8186793989249792,0.8956081568040791,2.0359664509929325,0.34277278184890747,5.133486128287607e-06,-0.017983221466114665,5.133486128287607e-06,0.0,-0.0,True,True,177,10.0,5,0.012,1.0,0.354,0.9999546408653259,0.1478784680366516,0,False
163,17.88386912900023,17.86,0.1999999999999993,319,1.6855034440319392,0.8531915175900185,0.8921272821906858,2.038649494081027,0.34322449564933777,-0.00134152153873603,-0.019324743004850695,-0.00134152153873603,0.0,-0.0,True,True,179,10.0,5,0.012,1.0,0.358,0.9994299411773682,0.015331028029322624,0,False
164,17.983593094861135,17.959999999999997,0.10000000000000142,158,1.6991933983777543,0.8703685200906228,0.9036327114778334,2.040422848020232,0.3435230553150177,-0.0008866769660920501,-0.020211419970942744,-0.0008866769660920501,0.0,-0.0,True,True,180,10.0,5,0.012,1.0,0.36,0.998564600944519,0.2896732985973358,0,False
165,18.18357044295408,18.16,0.1999999999999993,318,1.724093540928712,0.9060499511348818,1.001756155142611,2.041868012879452,0.34376636147499084,-0.0007225824267491713,-0.020934002397691914,-0.0007225824267491713,0.0,-0.0,True,True,182,10.0,5,0.012,1.0,0.364,0.9964593648910522,0.12652195990085602,0,False
166,18.38379686884582,18.36,0.1999999999999993,323,1.7464400559315505,0.9429515447911627,1.0636288315105302,2.041422107651577,0.34369128942489624,0.0002229526130549734,-0.02071104978463694,0.0002229526130549734,0.0,-0.0,True,True,184,10.0,5,0.012,1.0,0.368,0.97765052318573,0.21580015122890472,0,False
167,18.484019070863724,18.459999999999997,0.10000000000000142,159,1.7565438370807682,0.9620771558438148,1.09995075783315,2.0402769862069055,0.34349849820137024,0.0005725607200688353,-0.020138489064568107,0.0005725607200688353,0.0,-0.0,True,True,185,10.0,5,0.012,1.0,0.37,0.9989665150642395,0.13638783991336823,0,False
168,18.6842382568866,18.66,0.1999999999999993,317,1.7751400509351032,1.0016846583630388,1.1739597330486762,2.0366038883591813,0.34288010001182556,0.0018365489165909127,-0.018301940147977196,0.0018365489165909127,0.0,-0.0,True,True,187,10.0,5,0.012,1.0,0.374,0.9994072318077087,0.20739509165287018,0,False
169,18.8841537758708,18.86,0.1999999999999993,317,1.7904636140921288,1.042733633790253,1.2510980655460118,2.030300144385431,0.34181880950927734,0.0031518719743963103,-0.015150068173580885,0.0031518719743963103,0.0,-0.0,True,True,189,10.0,5,0.012,1.0,0.378,0.9997243285179138,0.13389775156974792,0,False
170,18.98404834093526,18.959999999999997,0.10000000000000142,158,1.7971307476915679,1.06364332062177,1.276502976414871,2.026436045449625,0.34116825461387634,0.001932049460253872,-0.013218018713327014,0.001932049460253872,0.0,-0.0,True,True,190,10.0,5,0.012,1.0,0.38,0.9997669458389282,0.13370512425899506,0,False
171,19.1844841549173,19.16,0.1999999999999993,324,1.808872824760812,1.1059389528170065,1.3217975461293516,2.0177625780596102,0.33970800042152405,0.004336733677837518,-0.008881285035489496,0.004336733677837518,0.0,-0.0,True,True,192,10.0,5,0.012,1.0,0.384,0.9994630813598633,0.10298487544059753,0,False
172,19.384125645970926,19.36,0.1999999999999993,333,1.8189245386370794,1.1484459425379194,1.3519563214869512,2.008390071469564,0.33813005685806274,0.004686253276469552,-0.004195031759019944,0.004686253276469552,0.0,-0.0,True,True,194,10.0,5,0.012,1.0,0.388,0.9932234883308411,0.04385834559798241,0,False
173,19.48446845682338,19.459999999999997,0.10000000000000142,166,1.8235680522249582,1.1697856547761953,1.3694988133802228,2.0036607145925687,0.3373338282108307,0.0023646784291355117,-0.0018303533298844325,0.0023646784291355117,0.0,-0.0,True,True,195,10.0,5,0.012,1.0,0.39,0.9933794140815735,0.14448070526123047,0,False
174,19.68458353402093,19.66,0.1999999999999993,334,1.8309608089941694,1.2127779904271634,1.4259662487658122,1.993021830074685,0.3355426788330078,0.005319442237881389,0.0034890889079969563,0.005319442237881389,0.0,-0.0,True,True,197,10.0,5,0.012,1.0,0.394,0.9973676204681396,0.07642816007137299,0,False
175,19.884369253879413,19.86,0.1999999999999993,332,1.8372663416356192,1.2561431006438473,1.4138081441673886,1.9821379543557773,0.33371028304100037,0.005441937837908328,0.008931026745905284,0.005441937837908328,0.0,-0.0,True,True,199,10.0,5,0.012,1.0,0.398,0.9931612610816956,-0.08838841319084167,0,False
176,19.98464589496143,19.959999999999997,0.10000000000000142,167,1.8408587319636123,1.2776719294212084,1.40499543686689,1.977503124430622,0.33292996883392334,0.0023174149534026453,0.011248441699307929,0.0023174149534026453,0.0,-0.0,True,True,200,10.0,5,0.012,1.0,0.4,0.9815555810928345,0.155088871717453,0,False
177,20.184401785954833,20.16,0.1999999999999993,333,1.8469969445898786,1.3207737896046763,1.431832342024204,1.9679293497801966,0.3313181400299072,0.004786887306260687,0.016035329005568616,0.004786887306260687,0.0,-0.0,True,True,202,10.0,5,0.012,1.0,0.404,0.9973869323730469,-0.042920105159282684,0,False
178,20.38442255393602,20.36,0.1999999999999993,335,1.8535505792070368,1.3642107178514582,1.4205901322527215,1.9595605282405886,0.32990917563438416,0.004184410753237302,0.020219739758805918,0.004184410753237302,0.0,-0.0,True,True,204,10.0,5,0.012,1.0,0.408,0.9972267150878906,0.1528661549091339,0,False
179,20.48575644590892,20.459999999999997,0.10099999999999909,165,1.8563753424240472,1.385904104047277,1.4544354074497727,1.9553115948603994,0.3291938304901123,0.002124466681683495,0.022344206440489414,0.002124466681683495,0.0,-0.0,True,True,205,10.0,5,0.012,1.0,0.41,0.9975715279579163,0.14886613190174103,0,False
180,20.586005297023803,20.56,0.10000000000000142,163,1.858590888475642,1.4076865303313086,1.4765461231808292,1.9506909262763439,0.3284159004688263,0.002310334282880793,0.024654540723370207,0.002310334282880793,0.0,-0.0,True,True,206,10.0,5,0.012,1.0,0.412,0.9984500408172607,-0.19504530727863312,0,False
181,20.685873672831804,20.66,0.10000000000000142,166,1.8612342077069246,1.4295641811617137,1.4378683388417892,1.9466868070804149,0.3277417719364166,0.002002059590038051,0.026656600313408257,0.002002059590038051,0.0,-0.0,True,True,207,10.0,5,0.012,1.0,0.414,0.9980536103248596,0.15534770488739014,0,False
182,20.885893231024966,20.86,0.1999999999999993,334,1.8660973857769332,1.4731771062534633,1.4589287590426105,1.939036319568087,0.3264537453651428,0.0038252437410191613,0.03048184405442742,0.0038252437410191613,0.0,-0.0,True,True,209,10.0,5,0.012,1.0,0.418,0.9989625811576843,-0.25900107622146606,0,False
183,21.086041867965832,21.06,0.1999999999999993,323,1.8738251582169325,1.5166405144127633,1.3336048593730367,1.9351633697940938,0.32580170035362244,0.0019364748793298634,0.03241831893375728,0.0019364748793298634,0.0,-0.0,True,True,211,10.0,5,0.012,1.0,0.422,0.9986563324928284,-0.19522544741630554,0,False
184,21.186274068895727,21.16,0.10000000000000142,164,1.8792935612090287,1.5379616964788476,1.3029679721634742,1.9352580737626977,0.32581764459609985,-4.7351984114472775e-05,0.03237096694964281,-4.7351984114472775e-05,0.0,-0.0,True,True,212,10.0,5,0.012,1.0,0.424,0.997902512550354,-0.0641651526093483,0,False
185,21.386302516795695,21.36,0.1999999999999993,339,1.8909806159105498,1.580215425057907,1.3061075017769734,1.9370149651428743,0.32611343264579773,-0.0008784456866104242,0.03149252126303238,-0.0008784456866104242,0.0,-0.0,True,True,214,10.0,5,0.012,1.0,0.428,0.995032787322998,0.18788455426692963,0,False
186,21.586471683811396,21.56,0.1999999999999993,337,1.9015134358528907,1.6227500272204434,1.3230169839636599,1.9385744828314744,0.3263759911060333,-0.0007797588412128534,0.03071276242181953,-0.0007797588412128534,0.0,-0.0,True,True,216,10.0,5,0.012,1.0,0.432,0.9983157515525818,-0.05095626786351204,0,False
187,21.686245929915458,21.66,0.10000000000000142,166,1.9070307982299959,1.6440165958903898,1.3070678023316833,1.9399718531644834,0.3266112506389618,-0.0006986851637383074,0.03001407725808122,-0.0006986851637383074,0.0,-0.0,True,True,217,10.0,5,0.012,1.0,0.434,0.9977180361747742,-0.11469708383083344,0,False
188,21.886677074013278,21.86,0.1999999999999993,335,1.9188409390294703,1.6862347143029062,1.304594226849736,1.9443248724017552,0.3273441195487976,-0.002176509610018778,0.02783756764806244,-0.002176509610018778,0.0,-0.0,True,True,219,10.0,5,0.012,1.0,0.438,0.9956862926483154,0.028461165726184845,0,False
189,22.086547223851085,22.06,0.1999999999999993,334,1.9295314409503392,1.728682418413122,1.3504835855162536,1.9485134430655073,0.32804930210113525,-0.002094285323584459,0.025743282324477982,-0.002094285323584459,0.0,-0.0,True,True,221,10.0,5,0.012,1.0,0.442,0.9970689415931702,-0.057043034583330154,0,False
190,22.187382459873334,22.16,0.10099999999999909,169,1.9345536467050735,1.750054257451903,1.336039718688892,1.9506333958281266,0.3284062147140503,-0.001059976377113004,0.024683305947364977,-0.001059976377113004,0.0,-0.0,True,True,222,10.0,5,0.012,1.0,0.444,0.9968104958534241,-0.035729702562093735,0,False
191,22.287458923878148,22.259999999999998,0.10000000000000142,168,1.93971374246213,1.7713695598288752,1.3339955759940378,1.9531413693368764,0.32882845401763916,-0.0012539867494102104,0.023429319197954768,-0.0012539867494102104,0.0,-0.0,True,True,223,10.0,5,0.012,1.0,0.446,0.9982417821884155,0.11726856976747513,0,False
192,22.388505067909136,22.36,0.10099999999999909,169,1.9445068083390682,1.7927552719871773,1.3602106720842608,1.9555195895578006,0.32922884821891785,-0.001189110105754208,0.02224020909220056,-0.001189110105754208,0.0,-0.0,True,True,224,10.0,5,0.012,1.0,0.448,0.9983994960784912,0.10092100501060486,0,False
193,22.488806059816852,22.459999999999997,0.10000000000000142,168,1.948895568106819,1.8142494420781947,1.3722373243424948,1.9577275196520014,0.32960057258605957,-0.0011039650427296524,0.02113624404947091,-0.0011039650427296524,0.0,-0.0,True,True,225,10.0,5,0.012,1.0,0.45,0.9981833696365356,-0.14984333515167236,0,False
194,22.689167154952884,22.66,0.1999999999999993,338,1.9591218602460883,1.8570723825302702,1.3043940305138315,1.9643286517888443,0.3307119309902191,-0.003300566055353993,0.017835677994116915,-0.003300566055353993,0.0,-0.0,True,True,227,10.0,5,0.012,1.0,0.454,0.9978522062301636,-0.19206929206848145,0,False
195,22.88926132186316,22.86,0.1999999999999993,337,1.9722446404924459,1.8989659059538138,1.2327344962754723,1.9748308793651161,0.3324800729751587,-0.005251113767345955,0.012584564226770959,-0.005251113767345955,0.0,-0.0,True,True,229,10.0,5,0.012,1.0,0.458,0.9965208768844604,-0.1779395341873169,0,False
196,22.98928647581488,22.959999999999997,0.10000000000000142,167,1.9799205386352179,1.9195885456725341,1.1946242371464448,1.9815527369348338,0.33361175656318665,-0.003360928771552398,0.009223635455218562,-0.003360928771552398,0.0,-0.0,True,True,230,10.0,5,0.012,1.0,0.46,0.9979496598243713,-0.22405102849006653,0,False
197,23.189248665003106,23.16,0.1999999999999993,336,1.9981883247006997,1.9594354464833625,1.0819313001220154,1.9985999823338412,0.33648180961608887,-0.008523622665757357,0.0007000127894612046,-0.008523622665757357,0.0,-0.0,True,True,232,10.0,5,0.012,1.0,0.464,0.9968444108963013,-0.26284199953079224,0,False
198,23.389501550933346,23.36,0.1999999999999993,333,2.020972696975721,1.9969474223072008,0.9610021005638397,2.0209750782880684,0.34024885296821594,-0.011187547932820415,-0.010487535143359211,-0.011187547932820415,0.0,-0.0,True,True,234,10.0,5,0.012,1.0,0.468,0.9885578155517578,-0.30091455578804016,0,False
199,23.489265247015283,23.459999999999997,0.10000000000000142,167,2.034035120260735,2.014560579565649,0.9004312385622368,2.034087241029008,0.3424564003944397,-0.0065560813445131715,-0.017043616487872382,-0.0065560813445131715,0.0,-0.0,True,True,235,10.0,5,0.012,1.0,0.47,0.9963189363479614,-0.31955626606941223,0,False
200,23.68921116599813,23.66,0.1999999999999993,333,2.0631959963574382,2.047148706593634,0.7733218339970794,2.063734716688202,0.34744781255722046,-0.014823737770907557,-0.03186735425877994,-0.014823737770907557,0.0,-0.0,True,True,237,10.0,5,0.012,1.0,0.474,0.9499918222427368,-0.5310655832290649,0,False
201,23.889553600922227,23.86,0.1999999999999993,331,2.095325019916628,2.0713480585164503,0.48220475830900766,2.096539463345565,0.35297077894210815,-0.016402373263742043,-0.04826972752252198,-0.016402373263742043,0.0,-0.0,True,True,239,10.0,5,0.012,1.0,0.478,0.9252211451530457,-0.5348749756813049,0,False
202,23.989284227835014,23.959999999999997,0.10000000000000142,167,2.1139024116202494,2.080037758868154,0.38751598570393964,2.1154170620817037,0.35614898800849915,-0.009438799330699698,-0.057708526853221684,-0.009438799330699698,0.0,-0.0,True,True,240,10.0,5,0.012,1.0,0.48,0.9495543837547302,-0.46134287118911743,0,False
203,24.190802162978798,24.16,0.2010000000000005,336,2.152737562262623,2.092182799558407,0.21000001697849685,2.1547103582141673,0.3627643585205078,-0.019646647988447754,-0.07735517484166944,-0.019646647988447754,0.0,-0.0,True,True,242,10.0,5,0.012,1.0,0.484,0.9309821724891663,-0.4598409831523895,0,False
204,24.39076453098096,24.36,0.1999999999999993,333,2.1917127958676335,2.0968971874174684,0.03078219101799482,2.1938537211477387,0.3693544864654541,-0.01957168138929839,-0.09692685623096783,-0.01957168138929839,0.0,-0.0,True,True,244,10.0,5,0.012,1.0,0.488,0.9762606620788574,-0.5229235887527466,0,False
205,24.59104794682935,24.56,0.1999999999999993,332,2.233311761106874,2.0937747197922083,-0.18030442109504705,2.2352797152498116,0.3763289153575897,-0.020712996969030534,-0.11763985319999837,-0.020712996969030534,0.0,-0.0,True,True,246,10.0,5,0.012,1.0,0.492,0.9939880967140198,-0.44539374113082886,0,False
206,24.690972371958196,24.66,0.10000000000000142,166,2.2545274850222548,2.0888902462635444,-0.2735178732676022,2.2562792139329706,0.379864364862442,-0.010499749300009372,-0.12813960250000775,-0.010499749300009372,0.0,-0.0,True,True,247,10.0,5,0.012,1.0,0.494,0.9759271740913391,-0.5152367353439331,0,False
207,24.89118135883473,24.86,0.1999999999999993,330,2.2952173601241186,2.0728220431732964,-0.47516794378264565,2.296372271804038,0.3866143822669983,-0.020046528856166323,-0.14818613135617406,-0.020046528856166323,0.0,-0.0,True,True,249,10.0,5,0.012,1.0,0.498,0.9893499612808228,-0.4831838309764862,0,False
208,25.091192866908386,25.06,0.1999999999999993,331,2.332238207216228,2.049528065342736,-0.6383620640649781,2.332764086161945,0.39274126291275024,-0.018195907106913312,-0.16638203846308738,-0.018195907106913312,0.0,-0.0,True,True,251,10.0,5,0.012,1.0,0.502,0.9968922138214111,-0.32007744908332825,0,False
209,25.19133461988531,25.16,0.10000000000000142,167,2.349554469536622,2.0358518561004533,-0.7010798553194136,2.3498279711367447,0.3956141173839569,-0.008531942453620479,-0.17491398091670787,-0.008531942453620479,0.0,-0.0,True,True,252,10.0,5,0.012,1.0,0.504,0.9981771111488342,-0.3214432895183563,0,False
210,25.39117253990844,25.36,0.1999999999999993,330,2.3814640313946875,2.005617967007563,-0.8065678876969906,2.381470602740117,0.4009414315223694,-0.015821315739047208,-0.1907352966557551,-0.015821315739047208,0.0,-0.0,True,True,254,10.0,5,0.012,1.0,0.508,0.996092677116394,-0.24128185212612152,0,False
211,25.591306617949158,25.56,0.1999999999999993,330,2.4102232088126705,1.9724514588660096,-0.9098975576642336,2.410380626561546,0.405808687210083,-0.014455011853484915,-0.20519030850924,-0.014455011853484915,0.0,-0.0,True,True,256,10.0,5,0.012,1.0,0.512,0.9995099902153015,-0.2816694676876068,0,False
212,25.691612188937142,25.66,0.10000000000000142,166,2.4232589087197276,1.9546479905936571,-0.9656623112534906,2.423683259340276,0.4080483019351959,-0.006651316363031312,-0.21184162487227132,-0.006651316363031312,0.0,-0.0,True,True,257,10.0,5,0.012,1.0,0.514,0.9996448159217834,-0.25730952620506287,0,False
213,25.891575377900153,25.86,0.1999999999999993,334,2.4464833340954004,1.9170873323478153,-1.071857143277372,2.4478878235478154,0.41212335228919983,-0.012102282055854946,-0.22394390692812627,-0.012102282055854946,0.0,-0.0,True,True,259,10.0,5,0.012,1.0,0.518,0.9992805123329163,-0.2954513132572174,0,False
214,26.09164598584175,26.06,0.1999999999999993,336,2.4653156810192978,1.877121355582841,-1.1882717820358166,2.4683760978172766,0.41557273268699646,-0.010244137094172493,-0.23418804402229876,-0.010244137094172493,0.0,-0.0,True,True,261,10.0,5,0.012,1.0,0.522,0.999860405921936,-0.27806997299194336,0,False
215,26.191717349924147,26.16,0.10000000000000142,167,2.4730170209658295,1.8564049611402726,-1.243028591230343,2.4771823277801004,0.4170553386211395,-0.004403114963979275,-0.23859115898627803,-0.004403114963979275,0.0,-0.0,True,True,262,10.0,5,0.012,1.0,0.524,0.9998088479042053,-0.27274227142333984,0,False
216,26.292335747973993,26.259999999999998,0.10099999999999909,167,2.4795804179054635,1.8353077956942714,-1.2964116571458002,2.485043819274813,0.41837888956069946,-0.003930745731793877,-0.24252190471807192,-0.003930745731793877,0.0,-0.0,True,True,263,10.0,5,0.012,1.0,0.526,0.9996598362922668,-0.26022908091545105,0,False
217,26.492825981928036,26.459999999999997,0.1999999999999993,335,2.4893159911489846,1.7923692539716414,-1.3998183139948588,2.497960024458286,0.42055344581604004,-0.006458102566167897,-0.2489800072842398,-0.006458102566167897,0.0,-0.0,True,True,265,10.0,5,0.012,1.0,0.53,0.9999565482139587,-0.24173586070537567,0,False
218,26.592946865828708,26.56,0.10000000000000142,167,2.492569387757095,1.7705208377648065,-1.4473197622355463,2.503110681232996,0.4214206039905548,-0.0025753283771589607,-0.25155533566139876,-0.0025753283771589607,0.0,-0.0,True,True,266,10.0,5,0.012,1.0,0.532,0.9999722242355347,-0.23656930029392242,0,False
219,26.79342681984417,26.759999999999998,0.1999999999999993,333,2.495893182340918,1.7264801641901162,-1.5464145713779918,2.510835692802861,0.42272117733955383,-0.0038625057696401606,-0.2554178414310389,-0.0038625057696401606,0.0,-0.0,True,True,268,10.0,5,0.012,1.0,0.536,0.9999993443489075,-0.2547677755355835,0,False
220,26.99327897001058,26.959999999999997,0.1999999999999993,332,2.4948188441828867,1.6823223175323256,-1.6428870670309865,2.514963192683121,0.4234160780906677,-0.0020637499319592196,-0.25748159136299814,-0.0020637499319592196,0.0,-0.0,True,True,270,10.0,5,0.012,1.0,0.54,0.9999942183494568,-0.24314501881599426,0,False
221,27.093714469810948,27.06,0.10000000000000142,159,2.4927117045794462,1.6603322624808512,-1.6915570469851535,2.515747553963278,0.4235481321811676,-0.00039218063852591774,-0.25787377200152406,-0.00039218063852591774,0.0,-0.0,True,True,271,10.0,5,0.012,1.0,0.542,0.9999834895133972,-0.2514844238758087,0,False
222,27.293321492848918,27.259999999999998,0.1999999999999993,328,2.4851843866264414,1.616839701752202,-1.795296342950466,2.5145482653889006,0.42334622144699097,0.000599644284814644,-0.25727412771670943,0.000599644284814644,0.0,-0.0,True,True,273,10.0,5,0.012,1.0,0.546,0.9999995231628418,-0.287786066532135,0,False
223,27.494668058818206,27.459999999999997,0.2010000000000005,331,2.472684079132086,1.5744222710456515,-1.925971260502828,2.5090402117681876,0.42241889238357544,0.0027540267994529107,-0.2545201009172565,0.0027540267994529107,0.0,-0.0,True,True,275,10.0,5,0.012,1.0,0.55,0.9999763369560242,-0.3802582025527954,0,False
224,27.694822165882215,27.66,0.1999999999999993,330,2.454166745261953,1.5342887070509386,-2.0713696439667806,2.4979633877767973,0.4205540120601654,0.005538411973767737,-0.2489816889434888,0.005538411973767737,0.0,-0.0,True,True,277,10.0,5,0.012,1.0,0.554,0.9996784925460815,-0.32169079780578613,0,False
225,27.895545138977468,27.86,0.2010000000000005,331,2.4310979394289896,1.4966535781647377,-2.170048051337394,2.4826588724168666,0.41797736287117004,0.007652257649668897,-0.2413294312938199,0.007652257649668897,0.0,-0.0,True,True,279,10.0,5,0.012,1.0,0.558,0.9996681213378906,-0.24879708886146545,0,False
226,27.99654661398381,27.959999999999997,0.10099999999999909,167,2.418223418676618,1.4787113950495498,-2.2171026077818183,2.473771745793011,0.4164811372756958,0.0044435632943349975,-0.2368858679994849,0.0044435632943349975,0.0,-0.0,True,True,280,10.0,5,0.012,1.0,0.56,0.9997765421867371,-0.2389712929725647,0,False
227,28.0967155569233,28.06,0.10000000000000142,164,2.404509658614069,1.4614215964729693,-2.26894883311967,2.4640887517993546,0.4148509204387665,0.004841496977660003,-0.2320443710218249,0.004841496977660003,0.0,-0.0,True,True,281,10.0,5,0.012,1.0,0.562,0.9893758296966553,-0.789624810218811,0,False
228,28.298065912909806,28.279999999999998,0.20099999999999696,331,2.3678884659807458,1.4296729515335815,-2.5900380647304924,2.435604453294734,0.41005533933639526,0.014242149195923525,-0.21780222182590137,0.014242149195923525,0.0,-0.0,True,True,283,10.0,5,0.016,1.0,0.566,0.9981234073638916,-0.5649688839912415,0,False
229,28.398506213910878,28.38,0.10100000000000264,164,2.349013391181893,1.419315437499717,-2.681552614648756,2.419722863284992,0.407381534576416,0.007940794973432058,-0.2098614268524693,0.007940794973432058,0.0,-0.0,True,True,284,10.0,5,0.016,1.0,0.568,0.9197319746017456,-0.1666138917207718,0,False
230,28.500107982894406,28.48,0.10099999999999909,165,2.3307632417096227,1.4105832218733128,-2.719290945138688,2.4041358291701234,0.4047573208808899,0.007793517026578635,-0.20206790982589068,0.007793517026578635,0.0,-0.0,True,True,285,10.0,5,0.016,1.0,0.57,0.9093745946884155,-0.22391432523727417,0,False
231,28.600756411906332,28.58,0.10099999999999909,164,2.311410528688262,1.4024684267006078,-2.7712673664983107,2.387396592940034,0.40193912386894226,0.008369618081908173,-0.1936982917439825,0.008369618081908173,0.0,-0.0,True,True,286,10.0,5,0.016,1.0,0.572,0.9861021041870117,-0.31348663568496704,0,False
232,28.701473079854622,28.68,0.10099999999999909,165,2.2920047220539344,1.3957791728102191,-2.836808873043925,2.3703096957859473,0.3990623950958252,0.008543448543218434,-0.18515484320076409,0.008543448543218434,0.0,-0.0,True,True,287,10.0,5,0.016,1.0,0.574,0.936870813369751,-0.26419374346733093,0,False
233,28.802423474844545,28.779999999999998,0.10100000000000264,163,2.27243128209673,1.390183567432316,-2.8890139438580307,2.3528322996510376,0.3961199223995209,0.00873869803285702,-0.17641614516790707,0.00873869803285702,0.0,-0.0,True,True,288,10.0,5,0.016,1.0,0.576,0.9394371509552002,-0.19927643239498138,0,False
234,29.003370285965502,28.98,0.1999999999999993,329,2.232683904524133,1.381698286772704,-2.970203604085214,2.316716277411046,0.39003947377204895,0.01805801104850129,-0.15835813411940577,0.01805801104850129,0.0,-0.0,True,True,290,10.0,5,0.016,1.0,0.58,0.895500898361206,-0.11816810816526413,0,False
235,29.203489302890375,29.18,0.1999999999999993,322,2.193487158690633,1.3756099575483138,-2.9978677796759796,2.2806246834844517,0.38396313786506653,0.018045796891851148,-0.14031233722755462,0.018045796891851148,0.0,-0.0,True,True,292,10.0,5,0.016,1.0,0.584,0.9098396301269531,0.0016769750509411097,0,False
236,29.30402426281944,29.279999999999998,0.10000000000000142,159,2.1730238155804655,1.3725938473822812,-2.9911074861902422,2.2617849663357545,0.3807913064956665,0.009419858537053908,-0.13089247869050072,0.009419858537053908,0.0,-0.0,True,True,293,10.0,5,0.016,1.0,0.586,0.9668886065483093,0.08314678072929382,0,False
237,29.503887363011017,29.48,0.1999999999999993,317,2.133007575877342,1.3662951965850123,-2.9868258146875184,2.2251524091791532,0.3746238946914673,0.018316278505783695,-0.11257620018471702,0.018316278505783695,0.0,-0.0,True,True,295,10.0,5,0.016,1.0,0.59,0.9064432978630066,-0.005128705408424139,0,False
238,29.70424675894901,29.68,0.1999999999999993,318,2.0932923974945856,1.3599286352283606,-2.989975739157734,2.1889641640995534,0.3685312867164612,0.018094122468162513,-0.09448207771655451,0.018094122468162513,0.0,-0.0,True,True,297,10.0,5,0.016,1.0,0.594,0.9227259159088135,-0.12899333238601685,0,False
239,29.803973975824192,29.779999999999998,0.10000000000000142,158,2.073051557529727,1.3570732950738653,-2.9954567845173807,2.170460247751682,0.3654159903526306,0.009251958137305729,-0.08523011957924878,0.009251958137305729,0.0,-0.0,True,True,298,10.0,5,0.016,1.0,0.596,0.955919623374939,0.16161538660526276,0,False
240,30.004181682830676,29.98,0.1999999999999993,319,2.0323240849592343,1.3501431298305775,-2.9738793648426944,2.133695105039035,0.359226256608963,0.018382571283544067,-0.06684754829570472,0.018382571283544067,0.0,-0.0,True,True,300,10.0,5,0.016,1.0,0.6,0.8947725296020508,-0.1309320479631424,0,False
241,30.204290410969406,30.18,0.1999999999999993,314,1.993183812445674,1.34296064839916,-2.8973959558387423,2.0986857916059822,0.35333213210105896,0.017504656647222838,-0.04934289164848188,0.017504656647222838,0.0,-0.0,True,True,302,10.0,5,0.016,1.0,0.604,0.8933263421058655,-0.1985716074705124,0,False
242,30.30436428496614,30.279999999999998,0.10000000000000142,158,1.9730841377155572,1.3382345064497132,-2.9231024042022447,2.0811041325972264,0.3503721058368683,0.008790829469573687,-0.040552062178908194,0.008790829469573687,0.0,-0.0,True,True,303,10.0,5,0.016,1.0,0.606,0.9566471576690674,-0.046157144010066986,0,False
243,30.504733149893582,30.48,0.1999999999999993,312,1.9339130783874123,1.3303013844427722,-2.950484236009536,2.0465863947170955,0.34456074237823486,0.017258868871734945,-0.02329319330717325,0.017258868871734945,0.0,-0.0,True,True,305,10.0,5,0.016,1.0,0.61,0.8769469857215881,-0.024596646428108215,0,False
244,30.605819654883817,30.58,0.10099999999999909,160,1.9148896410188465,1.3266677471734634,-2.9574871868678656,2.029822376140081,0.34173837304115295,0.008382009255321527,-0.014911184051851722,0.008382009255321527,0.0,-0.0,True,True,306,10.0,5,0.016,1.0,0.612,0.8820124864578247,-0.01761951483786106,0,False
245,30.70645411289297,30.68,0.10099999999999909,159,1.8962290105067476,1.3231007850621097,-2.935952848717479,2.0134242512137295,0.3389776051044464,0.008199062430714466,-0.006712121621137256,0.008199062430714466,0.0,-0.0,True,True,307,10.0,5,0.016,1.0,0.614,0.8748019933700562,-0.039886388927698135,0,False
246,30.806840204866603,30.779999999999998,0.10000000000000142,157,1.877760140496643,1.3190613036545094,-2.916805405190738,1.9974134389664535,0.33628204464912415,0.008005406091943352,0.001293284470806096,0.008005406091943352,0.0,-0.0,True,True,308,10.0,5,0.016,1.0,0.616,0.8810116648674011,0.2146662324666977,0,False
247,30.90684770885855,30.88,0.10000000000000142,154,1.8591889808958466,1.314209058724192,-2.8822701172236673,1.981638944098778,0.33362627029418945,0.007887247402610908,0.009180531873417004,0.007887247402610908,0.0,-0.0,True,True,309,10.0,5,0.016,1.0,0.618,0.909045934677124,-0.2095973938703537,0,False
248,31.007509517017752,30.98,0.10099999999999909,161,1.8400078421167556,1.309500944006593,-2.9019473551622266,1.9653034831067921,0.33087605237960815,0.008167730463655657,0.01734826233707266,0.008167730463655657,0.0,-0.0,True,True,310,10.0,5,0.016,1.0,0.62,0.7747318744659424,0.29515334963798523,0,False
249,31.20864222594537,31.18,0.2010000000000005,321,1.806968640714002,1.2990276673653012,-2.7946404962313705,1.9381687604089692,0.3263076841831207,0.013567361295196194,0.030915623632268855,0.013567361295196194,0.0,-0.0,True,True,312,10.0,5,0.016,1.0,0.624,0.979340136051178,-0.31803905963897705,0,False
250,31.409714384935796,31.38,0.2010000000000005,322,1.7671404164236286,1.2867852460925366,-2.8742112577438923,1.9056390978024669,0.3208310306072235,0.016264831238856223,0.04718045487112508,0.016264831238856223,0.0,-0.0,True,True,314,10.0,5,0.016,1.0,0.628,0.5773054957389832,0.9798625111579895,0,False
251,31.510658520972356,31.48,0.10099999999999909,162,1.748358405711757,1.280903097260821,-2.7868515253749804,1.8904648667806532,0.3182763159275055,0.007587115480868298,0.054767570351993373,0.007587115480868298,0.0,-0.0,True,True,315,10.0,5,0.016,1.0,0.63,0.5571237802505493,0.9447354078292847,0,False
252,31.710613320814446,31.68,0.1999999999999993,323,1.717142770354679,1.2658559769010291,-2.6593724103416583,1.8674974727349327,0.3144095540046692,0.011483696977394512,0.06625126732938788,0.011483696977394512,0.0,-0.0,True,True,317,10.0,5,0.016,1.0,0.634,0.9954760074615479,-0.10084638744592667,0,False
253,31.811799143906683,31.779999999999998,0.10099999999999909,162,1.6977185546062097,1.2557812652149543,-2.6555556642336926,1.853674764704318,0.3120823800563812,0.0069113539879442935,0.07316262131733217,0.0069113539879442935,0.0,-0.0,True,True,318,10.0,5,0.016,1.0,0.636,0.9801090359687805,0.919468104839325,0,False
254,31.911801588954404,31.88,0.10000000000000142,162,1.6791016847711622,1.2446202030286835,-2.562791930436218,1.8411901263908574,0.30998048186302185,0.006242319132015938,0.07940494044934811,0.006242319132015938,0.0,-0.0,True,True,319,10.0,5,0.016,1.0,0.638,0.9998771548271179,-0.7114968299865723,0,False
255,32.0127499748487,31.98,0.10099999999999909,163,1.6607280298924694,1.2327376200306117,-2.5573015572628943,1.8294013409756813,0.3079957365989685,0.005894392684251266,0.08529933313359937,0.005894392684251266,0.0,-0.0,True,True,320,10.0,5,0.016,1.0,0.64,0.9618903398513794,0.6616929173469543,0,False
256,32.11382809979841,32.080000000000005,0.10099999999999909,163,1.643262050774886,1.2198318373606243,-2.465919337649114,1.8190580744532532,0.3062543570995331,0.005171633240738771,0.09047096637433814,0.005171633240738771,0.0,-0.0,True,True,321,10.0,5,0.016,1.0,0.642,0.9193254113197327,-0.5530598759651184,0,False
257,32.21479998482391,32.18,0.10099999999999909,164,1.6259467873753166,1.2063044976647352,-2.5056845751485874,1.809324630681929,0.30461564660072327,0.0048667218663939645,0.0953376882407321,0.0048667218663939645,0.0,-0.0,True,True,322,10.0,5,0.016,1.0,0.644,0.8402937650680542,-0.7573363780975342,0,False
258,32.314898878801614,32.28,0.10000000000000142,163,1.6082014930705346,1.1947711868177238,-2.6126605664841542,1.7985287322946029,0.3027980625629425,0.005397949172291791,0.1007356374130239,0.005397949172291791,0.0,-0.0,True,True,323,10.0,5,0.016,1.0,0.646,0.9100454449653625,0.2968030571937561,0,False
259,32.41569045581855,32.38,0.10099999999999909,163,1.5902504950743643,1.1843156410826141,-2.6317968857111413,1.7872430285219922,0.300898015499115,0.005642851863964396,0.10637848927698829,0.005642851863964396,0.0,-0.0,True,True,324,10.0,5,0.016,1.0,0.648,0.8553628325462341,-0.8435574173927307,0,False
260,32.51675109099597,32.480000000000004,0.10099999999999909,164,1.5713480172308552,1.1753268816359501,-2.780942105070806,1.774604208607309,0.29877015948295593,0.0063194099323220804,0.11269789920931036,0.0063194099323220804,0.0,-0.0,True,True,325,10.0,5,0.016,1.0,0.65,0.917438805103302,-0.9148017168045044,0,False
261,32.617670866893604,32.580000000000005,0.1010000000000062,164,1.5515554482134544,1.1699234872892623,-2.9607758362896814,1.7596452299702103,0.29625168442726135,0.007479489288936915,0.12017738849824727,0.007479489288936915,0.0,-0.0,True,True,326,10.0,5,0.016,1.0,0.652,0.8865815997123718,-0.7669541835784912,0,False
262,32.71851036394946,32.68,0.10099999999999909,164,1.5315223842178625,1.1677820214210046,-3.10035396282701,1.7430283123238688,0.2934540808200836,0.008308458790276311,0.12848584728852358,0.008308458790276311,0.0,-0.0,True,True,327,10.0,5,0.016,1.0,0.654,0.15444447100162506,0.9825117588043213,0,False
263,32.819650918012485,32.800000000000004,0.10099999999999909,163,1.5093897398469496,1.1674446454184513,3.1141867062108592,1.7266324886154458,0.2906937003135681,0.008197911821754693,0.13668375911027827,0.008197911821754693,0.0,-0.0,True,True,328,10.0,5,0.016,1.0,0.656,0.35664501786231995,-0.9510807991027832,0,False
264,32.92111891997047,32.900000000000006,0.10099999999999909,163,1.4940745327959433,1.1688215901413788,2.9690049352515935,1.709712341252808,0.28784504532814026,0.00846007364782423,0.1451438327581025,0.00846007364782423,0.0,-0.0,True,True,330,10.0,5,0.0,1.0,0.66,0.7061290144920349,-0.8693193793296814,0,False
265,33.021295822924,33.0,0.10000000000000142,163,1.480665767442288,1.1723729451827136,2.7944119924517152,1.6962716353983565,0.28558218479156494,0.006720352900618819,0.1518641856587213,0.006720352900618819,0.0,-0.0,True,True,331,10.0,5,0.0,1.0,0.662,0.6001794934272766,-0.8655341267585754,0,False
266,33.12214448885061,33.1,0.10099999999999909,163,1.4707187739509995,1.176926875834709,2.606948956231911,1.685367402751618,0.2837463617324829,0.005452116301783519,0.15731630196050483,0.005452116301783519,0.0,-0.0,True,True,332,10.0,5,0.0,1.0,0.664,0.9352985620498657,-0.7953747510910034,0,False
267,33.22216086392291,33.2,0.10000000000000142,162,1.459839290912375,1.1851130675968065,2.407146931355469,1.6718766011530264,0.2814750671386719,0.006745400772589678,0.1640617027330945,0.006745400772589678,0.0,-0.0,True,True,333,10.0,5,0.0,1.0,0.666,0.9845942258834839,-0.8973174095153809,0,False
268,33.32293237186968,33.300000000000004,0.10099999999999909,163,1.4455609983438342,1.2007645752132803,2.222653793319716,1.6517940493060705,0.27809399366378784,0.010041275883722972,0.17410297861681748,0.010041275883722972,0.0,-0.0,True,True,334,10.0,5,0.0,1.0,0.668,0.9838746190071106,-0.9231893420219421,0,False
269,33.42254133988172,33.400000000000006,0.10000000000000142,162,1.4338639599127445,1.2193177937230182,2.038758125566443,1.6326146369877454,0.27486497163772583,0.009589706121195432,0.18369268473801292,0.009589706121195432,0.0,-0.0,True,True,335,10.0,5,0.0,1.0,0.67,0.960680365562439,-0.7955609560012817,0,False
270,33.523606394883245,33.5,0.10099999999999909,163,1.425698254508729,1.2393635691098042,1.8850716317797263,1.615915583563026,0.2720535397529602,0.008349526679302723,0.19204221141731564,0.008349526679302723,0.0,-0.0,True,True,336,10.0,5,0.0,1.0,0.672,0.8228587508201599,-0.9399316906929016,0,False
271,33.62468911893666,33.6,0.10099999999999909,163,1.4210566473675657,1.2586970994969284,1.7099457532636093,1.6027887284306956,0.26984351873397827,0.00656342754017951,0.19860563895749517,0.00656342754017951,0.0,-0.0,True,True,337,10.0,5,0.0,1.0,0.674,0.9298909902572632,-0.05120958760380745,0,False
272,33.724454905837774,33.7,0.10000000000000142,158,1.4200646433849742,1.2768064154941758,1.5589582660869554,1.593609878180187,0.2682981789112091,0.00458942510708405,0.2031950640645792,0.00458942510708405,0.0,-0.0,True,True,338,10.0,5,0.0,1.0,0.676,0.303181916475296,0.8315361738204956,0,False
273,33.92591544194147,33.900000000000006,0.19999999999999574,324,1.4206630117788288,1.3100394039996033,1.6108777201408264,1.5793444512234442,0.2658964693546295,0.0071327134501319054,0.21032777751471113,0.0071327134501319054,0.0,-0.0,True,True,340,10.0,5,0.0,1.0,0.68,0.33371618390083313,-0.4970976412296295,0,False
274,34.025538679910824,34.0,0.10000000000000142,160,1.4196191586755624,1.3221760873820103,1.6792374832185244,1.573138243486518,0.2648515999317169,0.003103103856177467,0.2134308813708886,0.003103103856177467,0.0,-0.0,True,True,341,10.0,5,0.0,1.0,0.682,0.7411803007125854,-0.9944607615470886,0,False
275,34.126803412800655,34.1,0.10099999999999909,166,1.4185580318655135,1.3345403066229875,1.616061497214399,1.5668897287430565,0.26379960775375366,0.0031242573593613073,0.2165551387302499,0.0031242573593613073,0.0,-0.0,True,True,342,10.0,5,0.0,1.0,0.684,0.643338143825531,-0.9619208574295044,0,False
276,34.227489311946556,34.2,0.10099999999999909,169,1.4190992223858077,1.348033962061547,1.436673305206634,1.5616985351294486,0.2629256248474121,0.002595596796527625,0.21915073552677752,0.002595596796527625,0.0,-0.0,True,True,343,10.0,5,0.0,1.0,0.686,0.9974300265312195,-0.5858770608901978,0,False
277,34.32773172389716,34.300000000000004,0.10000000000000142,168,1.4229181696578574,1.3643780458665389,1.260858587261064,1.5584323988215758,0.26237574219703674,0.001633068147470812,0.22078380367424832,0.001633068147470812,0.0,-0.0,True,True,344,10.0,5,0.0,1.0,0.688,0.9996309876441956,-0.5854737162590027,0,False
278,34.42877824883908,34.400000000000006,0.10000000000000142,169,1.430621609182591,1.3842305221631543,1.1444060855507632,1.5575140358512627,0.2622211277484894,0.0004591814833385869,0.22124298515758692,0.0004591814833385869,0.0,-0.0,True,True,345,10.0,5,0.0,1.0,0.69,0.9996776580810547,-0.5841443538665771,0,False
279,34.52975244494155,34.5,0.10099999999999909,163,1.440923469371196,1.4038771603645457,1.0302962887571427,1.5593661622503345,0.26253294944763184,-0.0009260631958694942,0.22031692196171743,-0.0009260631958694942,0.0,-0.0,True,True,346,10.0,5,0.0,1.0,0.692,0.9996286034584045,-0.24501091241836548,0,False
280,34.63076597987674,34.6,0.10099999999999909,161,1.453157424177657,1.422277328529739,0.9564771199073859,1.5637869789081211,0.26327723264694214,-0.0022104083201419534,0.21810651364157546,-0.0022104083201419534,0.0,-0.0,True,True,347,10.0,5,0.0,1.0,0.694,0.9999316334724426,-0.13077543675899506,0,False
281,34.730851193889976,34.7,0.10000000000000142,160,1.466154274839562,1.4400850248565746,0.9266122721140085,1.569430804386627,0.26422742009162903,-0.0028219127280805336,0.21528460091349494,-0.0028219127280805336,0.0,-0.0,True,True,348,10.0,5,0.0,1.0,0.696,0.9999076128005981,-0.10586529970169067,0,False
282,34.831581841921434,34.800000000000004,0.10099999999999909,164,1.479570916888034,1.4575639217387382,0.9049253053199067,1.57587032021817,0.2653115689754486,-0.0032197579030240446,0.2120648430104709,-0.0032197579030240446,0.0,-0.0,True,True,349,10.0,5,0.0,1.0,0.698,0.9999159574508667,-0.007962080650031567,0,False
283,34.931454167934135,34.900000000000006,0.10000000000000142,162,1.4932640316971315,1.4747938760956416,0.8994917713223325,1.582933643125153,0.2665007412433624,-0.0035316614395090973,0.20853318157096182,-0.0035316614395090973,0.0,-0.0,True,True,350,10.0,5,0.0,1.0,0.7,0.9996774196624756,0.07999922335147858,0,False
284,35.03267592191696,35.0,0.10099999999999909,164,1.5068907489391867,1.4920342465691605,0.9101962008039665,1.5902040756457188,0.26772478222846985,-0.003635216245890469,0.20489796532507135,-0.003635216245890469,0.0,-0.0,True,True,351,10.0,5,0.0,1.0,0.702,0.9962480664253235,0.1951405555009842,0,False
285,35.13310295296833,35.1,0.10000000000000142,162,1.52008843613695,1.5094789980532344,0.9428363930457905,1.5972725320388506,0.2689148187637329,-0.0035342281825733518,0.201363737142498,-0.0035342281825733518,0.0,-0.0,True,True,352,10.0,5,0.0,1.0,0.704,0.9967426061630249,0.15937252342700958,0,False
286,35.23335098498501,35.2,0.10000000000000142,163,1.5326259280731303,1.5273983130431283,0.9743148130950002,1.6038373757391255,0.270020067691803,-0.0032824218371418847,0.1980813153053561,-0.0032824218371418847,0.0,-0.0,True,True,353,10.0,5,0.0,1.0,0.706,0.996477484703064,0.10797220468521118,0,False
287,35.433628731872886,35.400000000000006,0.19999999999999574,326,1.5562951853454023,1.5641719875699114,1.0197290943448833,1.6161685405184185,0.2720961272716522,-0.006165582365236,0.1919157329401201,-0.006165582365236,0.0,-0.0,True,True,355,10.0,5,0.0,1.0,0.71,0.9925752878189087,-0.0414852537214756,0,False
288,35.53452788782306,35.5,0.10099999999999909,164,1.5676670894774747,1.5828579390813815,1.019480322440304,1.6222168493020837,0.273114413022995,-0.003024154379859477,0.18889157856026062,-0.003024154379859477,0.0,-0.0,True,True,356,10.0,5,0.0,1.0,0.712,0.9751402735710144,0.10342966020107269,0,False
289,35.6347925409209,35.6,0.10000000000000142,162,1.5789281107617303,1.6012845782357708,1.0366922299654018,1.6284926246271618,0.27417099475860596,-0.003137887650115707,0.1857536909101449,-0.003137887650115707,0.0,-0.0,True,True,357,10.0,5,0.0,1.0,0.714,0.9808157682418823,0.23402759432792664,0,False
290,35.73513191193342,35.7,0.10000000000000142,161,1.5896476700917932,1.619968837961751,1.0752712388538834,1.6344428661237116,0.27517277002334595,-0.0029751207364959254,0.18277857017364899,-0.0029751207364959254,0.0,-0.0,True,True,358,10.0,5,0.0,1.0,0.716,0.9793418645858765,0.12017887830734253,0,False
291,35.83514362690039,35.800000000000004,0.10000000000000142,161,1.5996078218627778,1.6390827021720482,1.0978236254496254,1.639819042255434,0.27607789635658264,-0.0026880880552186304,0.18009048211843035,-0.0026880880552186304,0.0,-0.0,True,True,359,10.0,5,0.0,1.0,0.718,0.9804596304893494,0.049573179334402084,0,False
292,36.035261124838144,36.0,0.19999999999999574,325,1.6186136226478274,1.677724054550479,1.1291772496811185,1.6503853499001817,0.27785682678222656,-0.005283153801457061,0.1748073283169733,-0.005283153801457061,0.0,-0.0,True,True,361,10.0,5,0.0,1.0,0.722,0.969586968421936,0.07302147150039673,0,False
293,36.13543547783047,36.1,0.10000000000000142,162,1.6276008447905652,1.6970715673834178,1.1435695366465959,1.6555512301165742,0.2787265479564667,-0.0025829400979700077,0.1722243882190033,-0.0025829400979700077,0.0,-0.0,True,True,362,10.0,5,0.0,1.0,0.724,0.966234028339386,0.08669678121805191,0,False
294,36.23529007495381,36.2,0.10000000000000142,162,1.636249451612394,1.716467477883122,1.1602548518541222,1.6606333814037149,0.2795821726322174,-0.002541075633509804,0.1696833125854935,-0.002541075633509804,0.0,-0.0,True,True,363,10.0,5,0.0,1.0,0.726,0.9728737473487854,0.042170461267232895,0,False
295,36.43575717997737,36.400000000000006,0.1980000000000004,325,1.6529774264330688,1.7561914223873936,1.1908612358526325,1.6708612329961807,0.28130412101745605,-0.005113925775986117,0.16456938680950736,-0.005113925775986117,0.0,-0.0,True,True,365,10.0,5,0.0,1.0,0.73,0.997172474861145,-0.14173929393291473,0,False
296,36.53609210182913,36.5,0.10000000000000142,163,1.6611205498331647,1.7766519238013874,1.1754729789847789,1.6760685351352897,0.2821808159351349,-0.00260365105924626,0.1619657357502611,-0.00260365105924626,0.0,-0.0,True,True,366,10.0,5,0.0,1.0,0.732,0.9991977214813232,-0.0614745207130909,0,False
297,36.735965811880305,36.7,0.19999999999999574,328,1.6786473625601488,1.817057950269276,1.1507332196503142,1.6885866296170982,0.28428834676742554,-0.0062590472161236765,0.15570668853413744,-0.0062590472161236765,0.0,-0.0,True,True,368,10.0,5,0.0,1.0,0.736,0.9911590814590454,0.0506562702357769,0,False
298,36.836421792861074,36.800000000000004,0.10000000000000142,165,1.687576818296804,1.8370094579128389,1.1569017602292158,1.6954295666532178,0.2854404151439667,-0.003421468504513682,0.15228522002962375,-0.003421468504513682,0.0,-0.0,True,True,369,10.0,5,0.0,1.0,0.738,0.9889404773712158,-0.0023515254724770784,0,False
299,36.93607095093466,36.900000000000006,0.10000000000000142,163,1.6963066362709558,1.85694212490067,1.1559807356343004,1.7023282639699173,0.28660187125205994,-0.0034493486446932824,0.14883587138493046,-0.0034493486446932824,0.0,-0.0,True,True,370,10.0,5,0.0,1.0,0.74,0.9944524168968201,-0.06510791927576065,0,False
300,37.03614221489988,37.0,0.10000000000000142,161,1.7051430227878113,1.8769751967793604,1.1487193487476774,1.7095753302776686,0.2878219783306122,-0.0036235331395295237,0.14521233824540095,-0.0036235331395295237,0.0,-0.0,True,True,371,10.0,5,0.0,1.0,0.742,0.9945860505104065,-0.08769834041595459,0,False
301,37.23617202392779,37.2,0.19999999999999574,323,1.723573911438654,1.9166489177003685,1.139352423018805,1.7255880897093459,0.2905178666114807,-0.008006379684140134,0.1372059585612608,-0.008006379684140134,0.0,-0.0,True,True,373,10.0,5,0.0,1.0,0.746,0.9958162903785706,0.014864593744277954,0,False
302,37.3365804948844,37.300000000000004,0.10000000000000142,161,1.7327094464218544,1.9365431217131914,1.140613764790142,1.7338710581185373,0.29191237688064575,-0.004141484188198932,0.13306447437306188,-0.004141484188198932,0.0,-0.0,True,True,374,10.0,5,0.0,1.0,0.748,0.9959307909011841,-0.025192881003022194,0,False
303,37.43654216080904,37.400000000000006,0.10000000000000142,165,1.7418490606288526,1.9564734855819539,1.1369181286899879,1.7423928221420215,0.2933470904827118,-0.004260881994872644,0.12880359237818922,-0.004260881994872644,0.0,-0.0,True,True,375,10.0,5,0.0,1.0,0.75,0.9938341379165649,-0.01585809513926506,0,False
304,37.536331716924906,37.5,0.10000000000000142,167,1.7510754976072023,1.9763211798378268,1.1343502145986186,1.751235517558177,0.2948358356952667,-0.00442134769057299,0.12438224468761623,-0.00442134769057299,0.0,-0.0,True,True,376,10.0,5,0.0,1.0,0.752,0.9958192706108093,-0.08399937301874161,0,False
305,37.736517424928024,37.7,0.19999999999999574,335,1.770076359624961,2.015830486743375,1.105904653943551,1.7701471035129548,0.29801976680755615,-0.009455792939951921,0.1149264517476643,-0.009455792939951921,0.0,-0.0,True,True,378,10.0,5,0.0,1.0,0.756,0.995461642742157,-0.1035098135471344,0,False
306,37.83676124783233,37.800000000000004,0.10000000000000142,168,1.7801253101820986,2.0353291700431284,1.083985411106721,1.7804758546607558,0.2997587025165558,-0.005164375553453927,0.10976207619421038,-0.005164375553453927,0.0,-0.0,True,True,379,10.0,5,0.0,1.0,0.758,0.9785612225532532,-0.18503496050834656,0,False
307,37.93672390282154,37.900000000000006,0.10000000000000142,166,1.7905369782543537,2.054336328329137,1.0502569245227265,1.7913613235305372,0.3015913665294647,-0.0054427344133421195,0.10431934178086827,-0.0054427344133421195,0.0,-0.0,True,True,380,10.0,5,0.0,1.0,0.76,0.9778023958206177,-0.21284155547618866,0,False
308,38.03680467698723,38.0,0.10000000000000142,167,1.8016535236813371,2.0728608188249993,1.0083986524401614,1.8031262116826077,0.3035720884799957,-0.005882444052745723,0.09843689772812254,-0.005882444052745723,0.0,-0.0,True,True,381,10.0,5,0.0,1.0,0.762,0.9864988327026367,-0.25837182998657227,0,False
309,38.23691826593131,38.2,0.19999999999999574,336,1.8267458340012632,2.108569322082505,0.9089630406801967,1.8299693877705414,0.3080913722515106,-0.013421587990828746,0.08501530973729379,-0.013421587990828746,0.0,-0.0,True,True,383,10.0,5,0.0,1.0,0.766,0.9730098843574524,-0.2888631522655487,0,False
310,38.33706341893412,38.300000000000004,0.10000000000000142,168,1.8403813049451725,2.125224703236466,0.8567369769678369,1.8446366427809873,0.3105607330799103,-0.007333627476187973,0.07768168226110582,-0.007333627476187973,0.0,-0.0,True,True,384,10.0,5,0.0,1.0,0.768,0.9724753499031067,-0.26566430926322937,0,False
311,38.43695847480558,38.400000000000006,0.10000000000000142,166,1.8549363352778705,2.141061963841485,0.8010129842931357,1.8602921823834255,0.31319648027420044,-0.007827769770227791,0.06985391249087802,-0.007827769770227791,0.0,-0.0,True,True,385,10.0,5,0.0,1.0,0.77,0.9747388958930969,-0.3141431212425232,0,False
312,38.537186277797446,38.5,0.10000000000000142,167,1.8704127584155197,2.156065783047463,0.7365833286833009,1.876912463348278,0.31599465012550354,-0.008310140449525168,0.061543772041352855,-0.008310140449525168,0.0,-0.0,True,True,386,10.0,5,0.0,1.0,0.772,0.9665006399154663,-0.28945308923721313,0,False
313,38.73746971483342,38.7,0.19999999999999574,330,1.9039019763027958,2.1829381653578714,0.6170210861276587,1.9126707347087395,0.32201486825942993,-0.017879135609444458,0.0436646364319084,-0.017879135609444458,0.0,-0.0,True,True,388,10.0,5,0.0,1.0,0.776,0.9929299354553223,-0.4376227557659149,0,False
314,38.83731602085754,38.800000000000004,0.10000000000000142,166,1.9221644809785219,2.1949238559979736,0.531916611067412,1.9320227383717166,0.32527294754981995,-0.00967600179317976,0.033988634638728636,-0.00967600179317976,0.0,-0.0,True,True,389,10.0,5,0.0,1.0,0.778,0.988467812538147,-0.33705785870552063,0,False
315,38.93761304393411,38.900000000000006,0.10000000000000142,168,1.941493211256139,2.2052734552163487,0.4572522376574488,1.9523148780669475,0.328689306974411,-0.010146069807445613,0.023842564831283025,-0.010146069807445613,0.0,-0.0,True,True,390,10.0,5,0.0,1.0,0.78,0.9891378283500671,-0.372219443321228,0,False
316,39.037515208823606,39.0,0.10000000000000142,167,1.961545731208002,2.2141007753988515,0.37744448740924397,1.973195598501633,0.33220475912094116,-0.010440360176007751,0.013402204655275274,-0.010440360176007751,0.0,-0.0,True,True,391,10.0,5,0.0,1.0,0.782,0.9562259316444397,-0.3235643208026886,0,False
317,39.23733271099627,39.2,0.19999999999999574,336,2.00185054044567,2.227058908832084,0.24287499087057426,2.014686380739237,0.3391900956630707,-0.020745391036667733,-0.007343186381392459,-0.020745391036667733,0.0,-0.0,True,True,393,10.0,5,0.0,1.0,0.786,0.9232958555221558,-0.29674839973449707,0,False
318,39.33751450385898,39.300000000000004,0.10000000000000142,169,2.0219912182183064,2.231435420069545,0.1863003108781324,2.0351930647521272,0.34264257550239563,-0.01025334196585068,-0.017596528347243137,-0.01025334196585068,0.0,-0.0,True,True,394,10.0,5,0.0,1.0,0.788,0.9674324989318848,-0.3161928355693817,0,False
319,39.437723777024075,39.400000000000006,0.10000000000000142,167,2.042969103027303,2.234687941891247,0.12213544178121032,2.056404983551781,0.34621378779411316,-0.010605959357836274,-0.02820248770507941,-0.010605959357836274,0.0,-0.0,True,True,395,10.0,5,0.0,1.0,0.79,0.9576209783554077,-0.2658684253692627,0,False
320,39.53879278199747,39.5,0.10099999999999909,170,2.064345063869441,2.2366250056136847,0.05244597955599019,2.0778624246027504,0.3498263359069824,-0.010728720483008032,-0.03893120818808744,-0.010728720483008032,0.0,-0.0,True,True,396,10.0,5,0.0,1.0,0.792,0.9820044636726379,-0.397538959980011,0,False
321,39.63851630897261,39.6,0.10000000000000142,166,2.085876595062609,2.2367879548533116,-0.032849746891454625,2.099273664278382,0.3534311056137085,-0.010705619795430516,-0.049636827983517956,-0.010705619795430516,0.0,-0.0,True,True,397,10.0,5,0.0,1.0,0.794,0.9955443739891052,-0.4172520339488983,0,False
322,39.73899925989099,39.7,0.10000000000000142,167,2.1078103870810794,2.2351685011091256,-0.11661122355028009,2.1208886502490847,0.3570701777935028,-0.01080749294256292,-0.060444320926080874,-0.01080749294256292,0.0,-0.0,True,True,398,10.0,5,0.0,1.0,0.796,0.9890702962875366,-0.45971670746803284,0,False
323,39.83994679595344,39.800000000000004,0.10099999999999909,167,2.1294768174377543,2.231681335452577,-0.2071527728007106,2.1420428615837577,0.36063167452812195,-0.010577105625460112,-0.07102142655154099,-0.010577105625460112,0.0,-0.0,True,True,399,10.0,5,0.0,1.0,0.798,0.9959433674812317,-0.5185092687606812,0,False
324,40.03983023692854,40.0,0.19999999999999574,335,2.1715414199422827,2.2185575439340117,-0.38801178452199886,2.1825122570945483,0.36744505167007446,-0.020234697675283058,-0.09125612422682405,-0.020234697675283058,0.0,-0.0,True,True,401,10.0,5,0.0,1.0,0.802,0.9999752640724182,-0.30645740032196045,0,False
325,40.14020442892797,40.1,0.10000000000000142,168,2.1916744984925933,2.209443573345591,-0.4530821795479543,2.201659275345108,0.3706686198711395,-0.009573509087376777,-0.10082963331420083,-0.009573509087376777,0.0,-0.0,True,True,402,10.0,5,0.0,1.0,0.804,0.9999972581863403,-0.26426973938941956,0,False
326,40.24024227284826,40.2,0.10000000000000142,165,2.211238422803226,2.199153247735041,-0.510374711061329,2.220188505090195,0.37378817796707153,-0.009264614835863456,-0.11009424815006429,-0.009264614835863456,0.0,-0.0,True,True,403,10.0,5,0.0,1.0,0.806,0.9972596168518066,-0.2850174009799957,0,False
327,40.34019522881135,40.300000000000004,0.10000000000000142,158,2.23018283532431,2.1878548887562523,-0.5678237194803067,2.238080651502561,0.3768004775047302,-0.00894607317076414,-0.11904032132082842,-0.00894607317076414,0.0,-0.0,True,True,404,10.0,5,0.0,1.0,0.808,0.9999934434890747,-0.2815993130207062,0,False
328,40.54019984789193,40.5,0.19999999999999574,322,2.2660797256315544,2.1621046715987706,-0.6775302161566366,2.2718704964501693,0.38248929381370544,-0.01689492240691461,-0.13593524372774304,-0.01689492240691461,0.0,-0.0,True,True,406,10.0,5,0.0,1.0,0.812,0.999783992767334,-0.19745664298534393,0,False
329,40.64049411099404,40.6,0.10000000000000142,162,2.2829532729329713,2.147875275061911,-0.7187355441117715,2.28773739406852,0.3851606249809265,-0.007933448777765608,-0.14386869250550866,-0.007933448777765608,0.0,-0.0,True,True,407,10.0,5,0.0,1.0,0.814,0.999247670173645,-0.18321116268634796,0,False
330,40.74033246701583,40.7,0.10000000000000142,161,2.299264363088156,2.133026550670631,-0.756915847987648,2.3031093528154374,0.3877486288547516,-0.007685979343028748,-0.1515546718485374,-0.007685979343028748,0.0,-0.0,True,True,408,10.0,5,0.0,1.0,0.816,0.999485194683075,-0.1838170737028122,0,False
331,40.84031451190822,40.800000000000004,0.10000000000000142,161,2.315024944836863,2.1175947593340543,-0.7938396250399197,2.3180097389037364,0.39025723934173584,-0.007450193014653056,-0.15900486486319046,-0.007450193014653056,0.0,-0.0,True,True,409,10.0,5,0.0,1.0,0.818,0.9998528361320496,-0.18417125940322876,0,False
332,41.040680918842554,41.0,0.19999999999999574,330,2.34480051941947,2.085031402302219,-0.8677224187105688,2.3463418029915357,0.39502719044685364,-0.014166031987814166,-0.17317089685100462,-0.014166031987814166,0.0,-0.0,True,True,411,10.0,5,0.0,1.0,0.822,0.9999616146087646,-0.21733933687210083,0,False
333,41.14079419290647,41.1,0.10000000000000142,167,2.358735185510543,2.0679059840879894,-0.9102062045450118,2.359712410207544,0.3972782492637634,-0.006685303581535982,-0.1798562004325406,-0.006685303581535982,0.0,-0.0,True,True,412,10.0,5,0.0,1.0,0.824,0.9999338388442993,-0.21059879660606384,0,False
334,41.24174856883474,41.2,0.10099999999999909,169,2.3719167327480695,2.0501935487387497,-0.9520637798752579,2.372447704258468,0.3994223475456238,-0.006367647000251619,-0.18622384743279222,-0.006367647000251619,0.0,-0.0,True,True,413,10.0,5,0.0,1.0,0.826,0.9997113347053528,-0.2078203409910202,0,False
335,41.34281912399456,41.300000000000004,0.10099999999999909,169,2.3843401401814757,2.0319474897547023,-0.9939015580654246,2.384554234764568,0.40146058797836304,-0.006053265229084029,-0.19227711266187625,-0.006053265229084029,0.0,-0.0,True,True,414,10.0,5,0.0,1.0,0.828,0.9999260902404785,-0.21178492903709412,0,False
336,41.44251812179573,41.400000000000006,0.10000000000000142,167,2.3959903395651105,2.0131943594795305,-1.0364267383172,2.3960266912229304,0.40339207649230957,-0.005736228206470688,-0.19801334086834693,-0.005736228206470688,0.0,-0.0,True,True,415,10.0,5,0.0,1.0,0.83,0.9999180436134338,-0.22404290735721588,0,False
337,41.54365668701939,41.5,0.10099999999999909,170,2.4068235171480965,1.9939532779660338,-1.080989159447569,2.4068310864149165,0.40521109104156494,-0.005402197574604902,-0.20341553844295182,-0.005402197574604902,0.0,-0.0,True,True,416,10.0,5,0.0,1.0,0.832,0.9998994469642639,-0.24190428853034973,0,False
338,41.64374914090149,41.6,0.10000000000000142,167,2.4167631519755886,1.9742289977376304,-1.1289925162960135,2.4169005080038297,0.4069063663482666,-0.005034710774523418,-0.20845024921747524,-0.005034710774523418,0.0,-0.0,True,True,417,10.0,5,0.0,1.0,0.834,0.9994531869888306,-0.29066064953804016,0,False
339,41.74381484487094,41.7,0.10000000000000142,168,2.4256776702817797,1.9540116000640932,-1.1858498584907462,2.426113522489741,0.4084574580192566,-0.004606507224717881,-0.21305675644219313,-0.004606507224717881,0.0,-0.0,True,True,418,10.0,5,0.0,1.0,0.836,0.9994016885757446,-0.23414871096611023,0,False
340,41.84384695999324,41.800000000000004,0.10000000000000142,167,2.4334427275781385,1.9333424396893262,-1.2337903639225531,2.4343554230097437,0.4098450541496277,-0.004120950243685782,-0.2171777066858789,-0.004120950243685782,0.0,-0.0,True,True,419,10.0,5,0.0,1.0,0.838,0.9991713762283325,-0.23115980625152588,0,False
341,42.044446773827076,42.0,0.19999999999999574,333,2.4460942331440108,1.8910759078248138,-1.3217120798275412,2.4485181802435143,0.4122294783592224,-0.00708137858884903,-0.22425908527472793,-0.00708137858884903,0.0,-0.0,True,True,421,10.0,5,0.0,1.0,0.842,0.9952874183654785,-0.37501609325408936,0,False
342,42.14426092081703,42.1,0.10000000000000142,163,2.4509479019562113,1.8695644397483246,-1.3892655156846876,2.454416201794759,0.41322246193885803,-0.0029490107639466774,-0.22720809603867462,-0.0029490107639466774,0.0,-0.0,True,True,422,10.0,5,0.0,1.0,0.844,0.9999197721481323,-0.28942641615867615,0,False
343,42.244081327924505,42.2,0.10000000000000142,167,2.4542615090352418,1.8477238103889067,-1.4469941818027545,2.4589809330814707,0.41399097442626953,-0.002282365634319697,-0.2294904616729943,-0.002282365634319697,0.0,-0.0,True,True,423,10.0,5,0.0,1.0,0.846,0.9999114871025085,-0.3215913474559784,0,False
344,42.34441247000359,42.300000000000004,0.10000000000000142,168,2.456287260178902,1.8256996448254823,-1.5121107919959116,2.4624637379081684,0.41457733511924744,-0.0017414024064543792,-0.23123186407944868,-0.0017414024064543792,0.0,-0.0,True,True,424,10.0,5,0.0,1.0,0.848,0.9992675185203552,-0.7275156378746033,0,False
345,42.54428041097708,42.5,0.19999999999999574,335,2.454079074759458,1.7814286963586872,-1.7527291427330756,2.463793310820663,0.4148011803627014,-0.0006647864536152436,-0.23189665053306394,-0.0006647864536152436,0.0,-0.0,True,True,426,10.0,5,0.0,1.0,0.852,0.9914259910583496,-0.9338758587837219,0,False
346,42.64424885599874,42.6,0.10000000000000142,166,2.448297142965063,1.7599489749664026,-1.9270174139625282,2.460037192110742,0.4141688048839569,0.0018780593475250238,-0.2300185911855389,0.0018780593475250238,0.0,-0.0,True,True,427,10.0,5,0.0,1.0,0.854,0.9991390109062195,-0.6573675870895386,0,False
347,42.74452191893943,42.7,0.10000000000000142,167,2.4388612158237852,1.7398133093424335,-2.072989618947958,2.452700732337299,0.4129336476325989,0.0036682298721983572,-0.22635036131334055,0.0036682298721983572,0.0,-0.0,True,True,428,10.0,5,0.0,1.0,0.856,0.9853386282920837,-0.4841744899749756,0,False
348,42.84466976299882,42.800000000000004,0.10000000000000142,168,2.427111260533267,1.7211720283345506,-2.1818441898275864,2.4430747377415685,0.4113130271434784,0.0048129972788098245,-0.22153736403453073,0.0048129972788098245,0.0,-0.0,True,True,429,10.0,5,0.0,1.0,0.858,0.9991512894630432,-0.41054919362068176,0,False
349,43.04441297496669,43.0,0.19999999999999574,335,2.3986596123311914,1.6873654067778758,-2.3713039188896317,2.4189477068765495,0.4072510302066803,0.012063515384748192,-0.20947384864978252,0.012063515384748192,0.0,-0.0,True,True,431,10.0,5,0.0,1.0,0.862,0.9445170164108276,-0.4933629631996155,0,False
350,43.145492980023846,43.1,0.10099999999999909,169,2.382794522389383,1.6733674741935234,-2.4678144600718888,2.4050777353700146,0.4049158990383148,0.0069349857258107815,-0.20253886292397175,0.0069349857258107815,0.0,-0.0,True,True,432,10.0,5,0.0,1.0,0.864,0.9528470039367676,-0.37035515904426575,0,False
351,43.246418236987665,43.2,0.1010000000000062,169,2.365950178504552,1.6610101421521626,-2.545934976388746,2.3901118530791297,0.4023962616920471,0.007482941115816346,-0.1950559218081554,0.007482941115816346,0.0,-0.0,True,True,433,10.0,5,0.0,1.0,0.866,0.98130202293396,-0.4025464653968811,0,False
352,43.347714989911765,43.300000000000004,0.10099999999999909,169,2.3476298533023034,1.6496220305056049,-2.6275562647449964,2.373632300441455,0.39962178468704224,0.008239776286214785,-0.18681614552194062,0.008239776286214785,0.0,-0.0,True,True,434,10.0,5,0.0,1.0,0.868,0.9874176383018494,-0.3936507999897003,0,False
353,43.547757679829374,43.5,0.19999999999999574,326,2.308345435939581,1.631361730261988,-2.804519908834367,2.337595581711622,0.3935546875,0.018018359293579134,-0.16879778622836147,0.018018359293579134,0.0,-0.0,True,True,436,10.0,5,0.0,1.0,0.872,0.9723133444786072,-0.0856594368815422,0,False
354,43.648169790860265,43.6,0.10000000000000142,166,2.2879994429605577,1.6250933407562278,-2.8674711198375125,2.3185117584457196,0.39034175872802734,0.00954191159517326,-0.15925587463318822,0.00954191159517326,0.0,-0.0,True,True,437,10.0,5,0.0,1.0,0.874,0.9905667901039124,-0.09631355851888657,0,False
355,43.748305334942415,43.7,0.10000000000000142,166,2.267005751874613,1.6192530758911685,-2.8825227990292426,2.298756864628457,0.38701584935188293,0.009877446869525023,-0.1493784277636632,0.009877446869525023,0.0,-0.0,True,True,438,10.0,5,0.0,1.0,0.876,0.9966061115264893,-0.010697975754737854,0,False
356,43.84800356300548,43.800000000000004,0.10000000000000142,167,2.245897575694478,1.613704985504612,-2.881904443858539,2.278876819959226,0.3836688697338104,0.009940022295261256,-0.13943840546840194,0.009940022295261256,0.0,-0.0,True,True,439,10.0,5,0.0,1.0,0.878,0.9969044923782349,-0.022769257426261902,0,False
357,44.04894819390029,44.0,0.19599999999999795,321,2.203409875418739,1.6026995664534456,-2.8899896090290373,2.238942369108475,0.3769455552101135,0.01996722534632224,-0.1194711801220797,0.01996722534632224,0.0,-0.0,True,True,441,10.0,5,0.0,1.0,0.882,0.9980050325393677,-0.0021018206607550383,0,False
358,44.14925158699043,44.1,0.10000000000000142,159,2.1821395944234605,1.5972406401360606,-2.8910057708141834,2.218997182270186,0.37358760833740234,0.009972593379661557,-0.10949858674241815,0.009972593379661557,0.0,-0.0,True,True,442,10.0,5,0.0,1.0,0.884,0.998577892780304,0.001818029093556106,0,False
359,44.24909980292432,44.2,0.10000000000000142,159,2.1608559106503367,1.5917926750881366,-2.89094361680349,2.1990751846279473,0.37023356556892395,0.009960998781682218,-0.09953758796073593,0.009960998781682218,0.0,-0.0,True,True,443,10.0,5,0.0,1.0,0.886,0.9991123676300049,-0.011784875765442848,0,False
360,44.45039444183931,44.400000000000006,0.2009999999999934,314,2.118221982528938,1.581009455859532,-2.900707017342848,2.159263229377708,0.36353087425231934,0.01990597754630877,-0.07963161041442716,0.01990597754630877,0.0,-0.0,True,True,445,10.0,5,0.0,1.0,0.89,0.9990149140357971,-0.037402160465717316,0,False
361,44.5503368168138,44.5,0.10000000000000142,158,2.0968468385832706,1.5758423858672066,-2.9079525933710326,2.139316803422073,0.36017271876335144,0.009973212938332136,-0.06965839747609504,0.009973212938332136,0.0,-0.0,True,True,446,10.0,5,0.0,1.0,0.892,0.9989202618598938,0.09753858298063278,0,False
362,44.650654328987,44.6,0.10000000000000142,160,2.0756122875864103,1.5706810140516196,-2.8883144973929182,2.1195473942301835,0.35684436559677124,0.009884704556809645,-0.05977369291928539,0.009884704556809645,0.0,-0.0,True,True,447,10.0,5,0.0,1.0,0.894,0.9961546063423157,-0.024911029264330864,0,False
363,44.75046667596325,44.7,0.10000000000000142,159,2.0543809242750535,1.565188143583316,-2.8928553407536555,2.099891098750327,0.3535350561141968,0.009828147701017096,-0.04994554521826829,0.009828147701017096,0.0,-0.0,True,True,448,10.0,5,0.0,1.0,0.896,0.9958502054214478,0.12115003168582916,0,False
364,44.850487450836226,44.800000000000004,0.10000000000000142,159,2.0332095681669395,1.559676105899948,-2.8721142342622987,2.0803427834963557,0.3502439260482788,0.009774157588288248,-0.04017138762998004,0.009774157588288248,0.0,-0.0,True,True,449,10.0,5,0.0,1.0,0.898,0.9773460030555725,-0.2176893651485443,0,False
365,45.050736798904836,45.0,0.19999999999999574,322,1.9911894821027474,1.5488289414289056,-2.89464159300284,2.04166373553409,0.34373196959495544,0.019339523904564785,-0.020831863725415258,0.019339523904564785,0.0,-0.0,True,True,451,10.0,5,0.0,1.0,0.902,0.9989598393440247,-0.025955693796277046,0,False
366,45.150518195936456,45.1,0.10000000000000142,159,1.9699764867250447,1.5433652501341284,-2.896961650616951,2.0222072919805028,0.3404563069343567,0.009728221738278035,-0.011103641987137224,0.009728221738278035,0.0,-0.0,True,True,452,10.0,5,0.0,1.0,0.904,0.9980056881904602,-0.05430344492197037,0,False
367,45.250465931836516,45.2,0.10000000000000142,162,1.9486480755339814,1.5380617722374108,-2.9040080141776166,2.002652250089509,0.337164044380188,0.009777520906786184,-0.0013261210803510396,0.009777520906786184,0.0,-0.0,True,True,453,10.0,5,0.0,1.0,0.906,0.9963754415512085,-0.10429642349481583,0,False
368,45.351772274822,45.300000000000004,0.10099999999999909,167,1.9272619670199669,1.5330572111045764,-2.922171884070882,1.9830214450236323,0.33385902643203735,0.009815402494077651,0.008489281413726612,0.009815402494077651,0.0,-0.0,True,True,454,10.0,5,0.0,1.0,0.908,0.9988001585006714,-0.27256572246551514,0,False
369,45.45182316983119,45.400000000000006,0.10000000000000142,166,1.9057651212776179,1.5285813462626057,-2.960905290167376,1.9632056574396413,0.3305228650569916,0.009907893752768656,0.018397175166495267,0.009907893752768656,0.0,-0.0,True,True,455,10.0,5,0.0,1.0,0.91,0.9990217685699463,-0.20981933176517487,0,False
370,45.551336189964786,45.5,0.10000000000000142,165,1.8839737919599917,1.5251589952787556,-3.002576066291157,1.9428924527495246,0.3271029591560364,0.010156602304846786,0.02855377747134205,0.010156602304846786,0.0,-0.0,True,True,456,10.0,5,0.0,1.0,0.912,0.9997999668121338,-0.3751739263534546,0,False
371,45.752794766798615,45.7,0.2010000000000005,331,1.8401179539968662,1.5217609705595192,-3.101471922986377,1.9012487280280446,0.3200918734073639,0.020821862278303075,0.04937563974964512,0.020821862278303075,0.0,-0.0,True,True,458,10.0,5,0.0,1.0,0.916,0.9999992251396179,-3.039836883544922e-06,0,False
372,45.95264879800379,45.900000000000006,0.19999999999999574,329,1.7961561100037198,1.5199152273867937,-3.1019173735710015,1.8592090168060653,0.31301411986351013,0.021019855527768794,0.07039549527741391,0.021019855527768794,0.0,-0.0,True,True,460,10.0,5,0.0,1.0,0.92,0.9999998807907104,-0.050800975412130356,0,False
373,46.05345820588991,46.0,0.10099999999999909,165,1.7741560264083878,1.5191070002151534,-3.110452210274524,1.8381751768707397,0.3094728887081146,0.0105169199260247,0.08091241520343861,0.0105169199260247,0.0,-0.0,True,True,461,10.0,5,0.0,1.0,0.922,0.9999999403953552,-0.03277841582894325,0,False
374,46.15373181900941,46.1,0.10000000000000142,164,1.7521516766017966,1.5185070878632545,-3.116935938183092,1.8171050484988462,0.30592554807662964,0.010535064144236808,0.09144747934767543,0.010535064144236808,0.0,-0.0,True,True,462,10.0,5,0.0,1.0,0.924,1.0,-0.11748640984296799,0,False
375,46.25395693187602,46.2,0.10000000000000142,163,1.730145139729652,1.5181221175356399,-3.1366428526553904,1.7959979236233299,0.3023719787597656,0.010553562395975009,0.10200104174365043,0.010553562395975009,0.0,-0.0,True,True,463,10.0,5,0.0,1.0,0.926,1.0,-0.04824404790997505,0,False
376,46.353955106809735,46.300000000000004,0.10000000000000142,163,1.7081519048612475,1.5181581255818424,3.1378338752926114,1.7748111412041279,0.29880499839782715,0.010593391167660152,0.11259443291131059,0.010593391167660152,0.0,-0.0,True,True,464,10.0,5,0.0,1.0,0.928,1.0,-0.00987605657428503,0,False
377,46.55406769597903,46.5,0.19999999999999574,326,1.6642062345581283,1.5184235961818888,-3.1313387941418265,1.7324832466907705,0.2916787266731262,0.021163947172887384,0.13375838008419796,0.021163947172887384,0.0,-0.0,True,True,466,10.0,5,0.0,1.0,0.932,1.0,0.12316624075174332,0,False
378,46.654277549823746,46.6,0.10000000000000142,164,1.642255848110526,1.51796531446177,-3.109408608197416,1.711537738120554,0.2881523668766022,0.010472754243644949,0.1442311343278429,0.010472754243644949,0.0,-0.0,True,True,467,10.0,5,0.0,1.0,0.934,1.0,0.17683559656143188,0,False
379,46.754082046914846,46.7,0.10000000000000142,162,1.6203444413727257,1.5169291124001476,-3.0762621558025343,1.690820404158806,0.28466442227363586,0.010358666939862515,0.1545898012677054,0.010358666939862515,0.0,-0.0,True,True,468,10.0,5,0.0,1.0,0.936,1.0,-0.09129749983549118,0,False
380,46.85454033780843,46.800000000000004,0.10000000000000142,157,1.598412017677234,1.515394917826172,-3.0852124943913277,1.6702583138988627,0.28120261430740356,0.0102810450892674,0.1648708463569728,0.0102810450892674,0.0,-0.0,True,True,469,10.0,5,0.0,1.0,0.938,1.0,0.15030398964881897,0,False
381,47.054469108814374,47.0,0.19999999999999574,328,1.5546214410492543,1.51217483631193,-3.0379701804673553,1.629362130970681,0.2743173837661743,0.020448091383133752,0.18531893774010655,0.020448091383133752,0.0,-0.0,True,True,471,10.0,5,0.0,1.0,0.942,1.0,0.12784041464328766,0,False
382,47.154211775865406,47.1,0.10000000000000142,162,1.5328221575518746,1.5096006893265106,-3.012547056439054,1.6093587056171195,0.2709496319293976,0.010001712637182426,0.19532065037728896,0.010001712637182426,0.0,-0.0,True,True,472,10.0,5,0.0,1.0,0.944,1.0,-0.11191452294588089,0,False
383,47.25463845790364,47.2,0.10000000000000142,167,1.5110065191969153,1.5066682093171762,-3.0198217659190747,1.5895020271607032,0.26760658621788025,0.009928339188900312,0.20524898956618928,0.009928339188900312,0.0,-0.0,True,True,473,10.0,5,0.0,1.0,0.946,0.9999998807907104,-0.1572044938802719,0,False
384,47.354493143968284,47.300000000000004,0.10000000000000142,164,1.4890845475811252,1.5042775158846051,-3.04723358129083,1.5694309814033907,0.2642274498939514,0.010035522838924105,0.2152845124051134,0.010035522838924105,0.0,-0.0,True,True,474,10.0,5,0.0,1.0,0.948,0.999993622303009,-0.13120464980602264,0,False
385,47.55454888381064,47.5,0.19999999999999574,326,1.445117040924814,1.50125272990108,-3.0859545064150407,1.5287615569495672,0.2573803961277008,0.020334712146403502,0.2356192245515169,0.020334712146403502,0.0,-0.0,True,True,476,10.0,5,0.0,1.0,0.952,0.9999992847442627,-0.14797447621822357,0,False
386,47.65442267083563,47.6,0.10000000000000142,164,1.423087740493015,1.5002677607292607,-3.1135346132797324,1.5082808944009471,0.25393229722976685,0.01024033123376697,0.24585955578528387,0.01024033123376697,0.0,-0.0,True,True,477,10.0,5,0.0,1.0,0.954,0.9999999403953552,-0.11675886064767838,0,False
387,47.75463050394319,47.7,0.10000000000000142,165,1.4010479188572473,1.4999142501591913,-3.136728476749811,1.48762268403829,0.250454306602478,0.010329105140434058,0.2561886609257179,0.010329105140434058,0.0,-0.0,True,True,478,10.0,5,0.0,1.0,0.956,0.9999998211860657,-0.1634179800748825,0,False
388,47.85470640892163,47.800000000000004,0.10000000000000142,164,1.3789913982937803,1.5001303188299195,3.114608485860242,1.4667948031075826,0.2469477504491806,0.010413940424123325,0.2666026013498412,0.010413940424123325,0.0,-0.0,True,True,479,10.0,5,0.0,1.0,0.958,0.9999997019767761,-0.17373456060886383,0,False
389,47.9556333150249,47.900000000000006,0.10099999999999909,166,1.356950153912784,1.50108119144372,3.0809134443840316,1.4457640609656226,0.24340704083442688,0.01051537102934803,0.2771179723791892,0.01051537102934803,0.0,-0.0,True,True,480,10.0,5,0.0,1.0,0.96,0.9999991655349731,-0.16199956834316254,0,False
390,48.055732489796355,48.0,0.10000000000000142,164,1.334954966766707,1.5027748647126444,3.048604363264727,1.4245482477971665,0.23983517289161682,0.010607906542229728,0.28772587892141893,0.010607906542229728,0.0,-0.0,True,True,481,10.0,5,0.0,1.0,0.962,0.999963641166687,-0.07763300836086273,0,False
391,48.25573964999057,48.2,0.19999999999999574,329,1.2911733669526482,1.5076066482988422,3.0231517577070437,1.3818755246280323,0.23265084624290466,0.021336361500093163,0.3090622404215121,0.021336361500093163,0.0,-0.0,True,True,483,10.0,5,0.0,1.0,0.966,0.9999985098838806,-0.11803044378757477,0,False
392,48.3558190849144,48.300000000000004,0.10000000000000142,166,1.2693097083343263,1.5103932723690416,3.0000494339264816,1.3604638424104913,0.22904600203037262,0.010705841066384421,0.31976808148789654,0.010705841066384421,0.0,-0.0,True,True,484,10.0,5,0.0,1.0,0.968,0.9999996423721313,-0.09979397803544998,0,False
393,48.45598018891178,48.400000000000006,0.10000000000000142,166,1.2475211780705504,1.5136828650007728,2.9817054594551093,1.338959845950657,0.2254256159067154,0.010751998187348318,0.3305200796752449,0.010751998187348318,0.0,-0.0,True,True,485,10.0,5,0.0,1.0,0.97,0.999998927116394,-0.10453122854232788,0,False
394,48.55644253990613,48.5,0.10000000000000142,163,1.2258001138179124,1.5174075369658444,2.961379637412379,1.3173767229974285,0.22179190814495087,0.010791561433888864,0.34131164110913376,0.010791561433888864,0.0,-0.0,True,True,486,10.0,5,0.0,1.0,0.972,0.9999992847442627,-0.10312453657388687,0,False
395,48.75627670180984,48.7,0.19999999999999574,325,1.182605837910152,1.526182710356156,2.91973888853853,1.2739934545386187,0.2144879549741745,0.021691634143524395,0.36300327525265813,0.021691634143524395,0.0,-0.0,True,True,488,10.0,5,0.0,1.0,0.976,0.9999966621398926,-0.05729549005627632,0,False
396,48.856622783932835,48.800000000000004,0.10000000000000142,162,1.1611581571861245,1.5311882371560324,2.9075450390031983,1.2522271192349133,0.2108234018087387,0.010883167608764581,0.3738864428614227,0.010883167608764581,0.0,-0.0,True,True,489,10.0,5,0.0,1.0,0.978,0.9999836087226868,-0.14262989163398743,0,False
397,48.95624555298127,48.900000000000006,0.10000000000000142,160,1.1397712906922532,1.5365735555937838,2.8761829564667765,1.2303831620803052,0.2071457803249359,0.01092197853406225,0.38480842139548493,0.01092197853406225,0.0,-0.0,True,True,490,10.0,5,0.0,1.0,0.98,0.9999419450759888,-0.10838837921619415,0,False
398,49.0564522058703,49.0,0.10000000000000142,166,1.1185543505550504,1.5425312929161477,2.8569398910680475,1.2084872505055377,0.20345941185951233,0.010947955744039088,0.395756377139524,0.010947955744039088,0.0,-0.0,True,True,491,10.0,5,0.0,1.0,0.982,0.9999551177024841,-0.0800812616944313,0,False
399,49.256718904012814,49.2,0.19999999999999574,330,1.0764770460273412,1.5555921064024623,2.824064391990404,1.164603467147237,0.19607119262218475,0.02194189159227908,0.4176982687318031,0.02194189159227908,0.0,-0.0,True,True,493,10.0,5,0.0,1.0,0.986,0.999992847442627,-0.08574879914522171,0,False
400,49.35665208986029,49.300000000000004,0.10000000000000142,159,1.055602145933623,1.5626340538617947,2.8075302372657944,1.1426219679671985,0.19237041473388672,0.01099074954650516,0.42868901827830824,0.01099074954650516,0.0,-0.0,True,True,494,10.0,5,0.0,1.0,0.988,0.9999832510948181,-0.09167834371328354,0,False
401,49.45664801588282,49.400000000000006,0.10000000000000142,161,1.034848120739853,1.5700309766926217,2.789955045395764,1.1206177221330187,0.18866580724716187,0.011002122873530817,0.43969114115183905,0.011002122873530817,0.0,-0.0,True,True,495,10.0,5,0.0,1.0,0.99,0.9998620748519897,-0.031878307461738586,0,False
402,49.557707821018994,49.52,0.10099999999999909,165,1.010105101995668,1.5792760343936074,2.781421619049702,1.0986204684610068,0.18496237695217133,0.010998626792460693,0.45068976794429977,0.010998626792460693,0.0,-0.0,True,True,496,10.0,5,0.0,1.0,0.992,0.9998299479484558,-0.08863435685634613,0,False
403,49.657741995994,49.620000000000005,0.10000000000000142,159,0.9895587015459942,1.5872265165193027,2.7625056805174597,1.0766027693527824,0.181255504488945,0.011008849510526466,0.4616986174548262,0.011008849510526466,0.0,-0.0,True,True,497,10.0,5,0.0,1.0,0.994,0.995815634727478,-0.09561328589916229,0,False
404,49.75824663694948,49.720000000000006,0.10000000000000142,164,0.9692462922280309,1.595514678876626,2.744655737881477,1.0502602851811036,0.1768205165863037,0.013171242033692453,0.4748698594885187,0.013171242033692453,0.0,-0.0,True,True,498,10.0,5,0.004,1.0,0.996,0.9968005418777466,-0.1190594807267189,0,False
405,49.957961609819904,49.92,0.19999999999999574,326,0.9290949902988133,1.6134103276754967,2.6982458812166565,1.0107080135232795,0.17016154527664185,0.01977613575061527,0.49464599523913394,0.01977613575061527,0.0,-0.0,True,True,500,10.0,5,0.0,1.0,1.0,0.9937130212783813,-0.09354665130376816,0,False
406,50.0584761609789,50.02,0.10000000000000142,161,0.9094144766081382,1.6229718166511666,2.6807887136755935,0.9844719164266118,0.16574446856975555,0.013118048496397508,0.5077640437355314,0.013118048496397508,0.0,-0.0,True,True,501,10.0,5,0.004,1.0,1.0,0.9957165122032166,-0.03889219090342522,0,False
407,50.158167698886245,50.120000000000005,0.10000000000000142,151,0.8898246125478063,1.632809419379741,2.6737432953895772,0.9669809785092757,0.16279971599578857,0.008745468924043416,0.5165095126595748,0.008745468924043416,0.0,-0.0,True,True,502,10.0,5,0.0,1.0,1.0,0.9960499405860901,-0.03915262594819069,0,False
408,50.2582002338022,50.220000000000006,0.10000000000000142,163,0.8702994714013274,1.6427920712307935,2.665375862695109,0.9451234795722411,0.15911981463432312,0.010928749425248702,0.5274382620848235,0.010928749425248702,0.0,-0.0,True,True,503,10.0,5,0.0,1.0,1.0,0.9983025789260864,0.009414245374500751,0,False
409,50.458701490890235,50.42,0.19999999999999574,330,0.8312418956146852,1.6628646982028186,2.669187689827015,0.8970079334598343,0.1510191410779953,0.02405777296095497,0.5514960350457785,0.02405777296095497,0.0,-0.0,True,True,505,10.0,5,0.004,1.0,1.0,0.9982764720916748,-0.05532927066087723,0,False
410,50.5587610648945,50.52,0.10000000000000142,166,0.811760720190869,1.6731190396104745,2.648980382561289,0.8751037906055528,0.1473313868045807,0.010952071383779845,0.5624481064295583,0.010952071383779845,0.0,-0.0,True,True,506,10.0,5,0.004,1.0,1.0,0.9940001964569092,-0.015006830915808678,0,False
411,50.658759370911866,50.620000000000005,0.10000000000000142,166,0.7924798250234703,1.6834559154008855,2.646481781997838,0.853360644497898,0.14367073774337769,0.010871573010785188,0.5733196794403436,0.010871573010785188,0.0,-0.0,True,True,507,10.0,5,0.004,1.0,1.0,0.9950681924819946,-0.025269201025366783,0,False
412,50.75892061484046,50.720000000000006,0.10000000000000142,168,0.7732217298893969,1.6938857145274375,2.6425534505066857,0.8316115683286576,0.1400090903043747,0.010874538041566226,0.5841942174819098,0.010874538041566226,0.0,-0.0,True,True,508,10.0,5,0.004,1.0,1.0,0.9952587485313416,-0.023288128897547722,0,False
413,50.96086987690069,50.92,0.19999999999999574,327,0.7348108741625299,1.7150103098143858,2.6363493990095312,0.7881409420969394,0.1326904296875,-1.4782646869701943,-0.8940704694882845,0.021735313029805643,-1.5,-0.0,True,True,510,10.0,5,0.004,1.0,1.0,0.9902626872062683,-0.022018419578671455,4,True
