ppo_step,t_wall_s,t_sim_s,ppo_step_sim_dt,inner_ticks,x,y,yaw,goal_distance_m,goal_distance_norm,ppo_reward,ppo_reward_cumulative,navigation_reward,terminal_reward,frame_cost_reward,fresh_observation,frame_consumed,episode_frame_count,current_fps,scan_divisor_k,obs_age_ratio,fps_ratio,frame_count_ratio,action_linear,action_angular,outcome,done
1,0.08645875565707684,0.0799999999999983,0.10000000000000853,76,1.9457338945590819,-0.8286642484178033,-1.1560112979815347,4.227740933233714,0.7117772102355957,-0.0017276170000198952,-0.0017276170000198952,-0.0017276170000198952,0.0,-0.0,False,False,1,10.0,5,0.016,1.0,0.002,0.9999716877937317,-0.1765987128019333,0,False
2,0.18700878089293838,0.1799999999999926,0.09999999999999432,158,1.9540960832736185,-0.8481597000482584,-1.18471585612539,4.239798253079492,0.7138071656227112,-0.005356880416104342,-0.007084497416124237,-0.0028568804161043415,0.0,-0.0025,True,True,2,5.0,10,0.016,0.5,0.004,0.9999387264251709,-0.1886579692363739,0,False
3,0.2866675518453121,0.28000000000000114,0.10000000000000853,157,1.962038903811286,-0.8687425118491695,-1.2208954495319726,4.251738741861199,0.7158174514770508,-0.0028291982791778425,-0.00991369569530208,-0.0028291982791778425,0.0,-0.0,False,False,2,5.0,10,0.036,0.5,0.004,0.9999268054962158,-0.18760532140731812,0,False
4,0.38668874092400074,0.37999999999999545,0.09999999999999432,157,1.9692216461523064,-0.889367431349224,-1.2339691987606884,4.263025330717627,0.7177176475524902,-0.005174262197651131,-0.01508795789295321,-0.0026742621976511313,0.0,-0.0025,True,True,3,5.0,10,0.016,0.5,0.006,0.9982951283454895,0.1655159741640091,0,False
5,0.48704435769468546,0.480000000000004,0.09999999999999432,158,1.9769221536099317,-0.909863382782666,-1.196825120169651,4.274872000614549,0.7197121381759644,-0.0028069686843729806,-0.017894926577326192,-0.0028069686843729806,0.0,-0.0,False,False,3,5.0,10,0.036,0.5,0.006,0.9983120560646057,0.19071468710899353,0,False
6,0.5868612979538739,0.5799999999999983,0.10000000000000853,156,1.9852981744597789,-0.9301361915733619,-1.1726092849930132,4.28740868185655,0.7218227982521057,-0.00547046106276745,-0.023365387640093643,-0.00297046106276745,0.0,-0.0025,True,True,4,5.0,10,0.016,0.5,0.008,0.9997577667236328,0.05513975769281387,0,False
7,0.6870811060070992,0.6799999999999926,0.09999999999999432,158,1.993906380649368,-0.9503540253416909,-1.1599816363267033,4.3002353165575675,0.7239822745323181,-0.0030391630935039968,-0.02640455073359764,-0.0030391630935039968,0.0,-0.0,False,False,4,5.0,10,0.036,0.5,0.008,0.9997667670249939,0.06735050678253174,0,False
8,0.7869271556846797,0.7800000000000011,0.10000000000000853,158,2.002808782216801,-0.9703763171409937,-1.1298665835036397,4.313378103198635,0.7261949777603149,-0.005614072633732995,-0.032018623367330634,-0.003114072633732995,0.0,-0.0025,True,True,5,5.0,10,0.016,0.5,0.01,0.9978941082954407,0.31117093563079834,0,False
9,0.886864434927702,0.8800000000000097,0.09999999999999432,159,2.0127746410471152,-0.9897903896015684,-1.064935620302362,4.3274884634703366,0.7285705804824829,-0.003343331058644668,-0.035361954425975305,-0.003343331058644668,0.0,-0.0,False,False,5,5.0,10,0.036,0.5,0.01,0.9978887438774109,0.36556708812713623,0,False
10,0.9869923237711191,0.980000000000004,0.09999999999999432,160,2.024049489183025,-1.00843882111699,-0.9901375829733722,4.342757575477518,0.7311412692070007,-0.006117887525799951,-0.04147984195177526,-0.003617887525799951,0.0,-0.0025,True,True,6,5.0,10,0.016,0.5,0.012,0.9970282316207886,0.36786505579948425,0,False
11,1.0872522597201169,1.0799999999999983,0.09999999999999432,161,2.0366605681544057,-1.0262141766359578,-0.9168325653102429,4.359175172247882,0.7339053153991699,-0.0038900113203164345,-0.04536985327209169,-0.0038900113203164345,0.0,-0.0,False,False,6,5.0,10,0.036,0.5,0.012,0.9973344802856445,0.34981292486190796,0,False
12,1.1872676187194884,1.1799999999999926,0.10000000000002274,156,2.050464975882213,-1.043182874257614,-0.8768998238798805,4.3766063670074535,0.736840009689331,-0.006630174829471593,-0.05200002810156328,-0.0041301748294715925,0.0,-0.0025,True,True,7,5.0,10,0.016,0.5,0.014,0.9999828934669495,-0.10633864253759384,0,False
13,1.2870546896010637,1.279999999999987,0.09999999999999432,158,2.0642541329939506,-1.0603896751651427,-0.9029577842430826,4.394120051578931,0.7397885918617249,-0.004149720095847382,-0.056149748197410664,-0.004149720095847382,0.0,-0.0,False,False,7,5.0,10,0.036,0.5,0.014,0.9999828934669495,-0.11066029965877533,0,False
14,1.3872221480123699,1.3800000000000097,0.09999999999999432,159,2.077672443867778,-1.0778825424838798,-0.9297593970736536,4.411384496547055,0.7426952123641968,-0.006590664870403594,-0.06274041306781426,-0.004090664870403595,0.0,-0.0025,True,True,8,5.0,10,0.016,0.5,0.016,0.9999166131019592,-0.13111376762390137,0,False
15,1.4872333565726876,1.480000000000004,0.09999999999999432,158,2.0906342849585733,-1.095712964958862,-0.9561067132214205,4.428332435541601,0.7455485463142395,-0.004015671444911102,-0.06675608451272537,-0.004015671444911102,0.0,-0.0,False,False,8,5.0,10,0.036,0.5,0.016,0.9999179244041443,-0.13589519262313843,0,False
16,1.587410494685173,1.5799999999999983,0.09999999999999432,158,2.103125750286971,-1.1138690968274807,-0.9786002744053417,4.444951831422634,0.7483465671539307,-0.0064378259204623395,-0.07319391043318771,-0.00393782592046234,0.0,-0.0025,True,True,9,5.0,10,0.016,0.5,0.018,0.9999265670776367,-0.09817446768283844,0,False
17,1.6873145438730717,1.6799999999999926,0.10000000000002274,159,2.1152559356822267,-1.132265768991322,-0.9982421053318464,4.4613294224043925,0.7511038780212402,-0.0038805322855506633,-0.07707444271873837,-0.0038805322855506633,0.0,-0.0,False,False,9,5.0,10,0.036,0.5,0.018,0.9999250173568726,-0.0977504774928093,0,False
18,1.7873810529708862,1.779999999999987,0.09999999999999432,159,2.1270279755143187,-1.1508890983358877,-1.0157373094686657,4.477467686721565,0.7538208961486816,-0.006323825847482182,-0.08339826856622055,-0.003823825847482182,0.0,-0.0025,True,True,10,5.0,10,0.016,0.5,0.02,0.9998379349708557,-0.08196688443422318,0,False
19,1.8874753308482468,1.8800000000000097,0.09999999999999432,160,2.1384911429529003,-1.169699314154178,-1.0320715775816516,4.49340663016276,0.7565043568611145,-0.0037765984441801037,-0.08717486701040066,-0.0037765984441801037,0.0,-0.0,False,False,10,5.0,10,0.036,0.5,0.02,0.9998355507850647,-0.08167453855276108,0,False
20,1.9875046298839152,1.980000000000004,0.09999999999999432,157,2.149638015915617,-1.18868855197017,-1.0491737866254032,4.5091388180239,0.7591530084609985,-0.006227609450345914,-0.09340247646074656,-0.003727609450345914,0.0,-0.0025,True,True,11,5.0,10,0.016,0.5,0.022,0.9992151260375977,-0.09110619127750397,0,False
21,2.08751623891294,2.0799999999999983,0.09999999999999432,159,2.160438677890293,-1.207872201421314,-1.067356663858427,4.5246415921592265,0.7617630362510681,-0.003673251799653581,-0.09707572826040015,-0.003673251799653581,0.0,-0.0,False,False,11,5.0,10,0.036,0.5,0.022,0.9992185831069946,-0.09340812265872955,0,False
22,2.187288088724017,2.1799999999999926,0.10000000000002274,157,2.170886910730338,-1.2272528282111492,-1.0858379846554047,4.539912120300517,0.764333963394165,-0.006118223066853506,-0.10319395132725365,-0.0036182230668535065,0.0,-0.0025,True,True,12,5.0,10,0.016,0.5,0.024,0.9992289543151855,-0.09268604218959808,0,False
23,2.288647817913443,2.279999999999987,0.10099999999999909,161,2.1809768400088543,-1.246823196411713,-1.104414183914694,4.554945091944862,0.7668648958206177,-0.0035619360551027057,-0.10675588738235635,-0.0035619360551027057,0.0,-0.0,False,False,12,5.0,10,0.036,0.5,0.024,0.9992316365242004,-0.09419786185026169,0,False
24,2.3886605468578637,2.3800000000000097,0.09999999999999432,159,2.1907079379043495,-1.266575200734038,-1.1207526779045327,4.56974050709226,0.769355833530426,-0.006005649043351484,-0.11276153642570783,-0.003505649043351484,0.0,-0.0025,True,True,13,5.0,10,0.016,0.5,0.026,0.9995205402374268,-0.07469238340854645,0,False
25,2.4883768977597356,2.480000000000004,0.09999999999999432,158,2.2001442929984076,-1.2864688820647578,-1.1358694465688974,4.584350762704779,0.7718155980110168,-0.003461777050585587,-0.11622331347629342,-0.003461777050585587,0.0,-0.0,False,False,13,5.0,10,0.036,0.5,0.026,0.999523937702179,-0.07739121466875076,0,False
26,2.5885097556747496,2.5799999999999983,0.09999999999999432,153,2.2092138059282953,-1.3065629005005608,-1.170968593029937,4.59872523198799,0.7742356657981873,-0.0059059094651518354,-0.12212922294144525,-0.0034059094651518354,0.0,-0.0025,True,True,14,5.0,10,0.016,0.5,0.028,0.9991542100906372,-0.297457754611969,0,False
27,2.6883695856668055,2.6799999999999926,0.09999999999999432,157,2.2171554598837657,-1.3271776325653712,-1.2312208529611446,4.6122298408941536,0.7765092849731445,-0.0031998033729426167,-0.12532902631438786,-0.0031998033729426167,0.0,-0.0,False,False,14,5.0,10,0.036,0.5,0.028,0.9991832375526428,-0.3165392279624939,0,False
28,2.7888742708601058,2.779999999999987,0.10000000000002274,160,2.2238952862986707,-1.3481708219991282,-1.2712946152719133,4.624760857599715,0.7786189913749695,-0.005469118898552809,-0.13079814521294067,-0.0029691188985528087,0.0,-0.0025,True,True,15,5.0,10,0.016,0.5,0.03,0.978939950466156,0.311606228351593,0,False
29,2.888431543018669,2.8800000000000097,0.09999999999999432,158,2.230892417286693,-1.3685343710809734,-1.2061708712448065,4.637423220743977,0.7807508111000061,-0.0030002403312798256,-0.1337983855442205,-0.0030002403312798256,0.0,-0.0,False,False,15,5.0,10,0.036,0.5,0.03,0.9797003865242004,0.3238874077796936,0,False
30,2.988943367730826,2.980000000000004,0.09999999999999432,159,2.2391031513122774,-1.388448500322063,-1.1659037162345283,4.651174591018802,0.7830659747123718,-0.005758271401542368,-0.13955665694576286,-0.003258271401542367,0.0,-0.0025,True,True,16,5.0,10,0.016,0.5,0.032,0.9809345006942749,-0.16848768293857574,0,False
31,3.0890425257384777,3.0799999999999983,0.09999999999999432,158,2.2471436562222458,-1.4085519974064438,-1.206847873513756,4.664879936935053,0.7853733897209167,-0.0032473663172984607,-0.14280402326306132,-0.0032473663172984607,0.0,-0.0,False,False,16,5.0,10,0.036,0.5,0.032,0.9811860918998718,-0.17397984862327576,0,False
32,3.1889992356300354,3.1799999999999926,0.09999999999999432,157,2.254447901953323,-1.4290025989473651,-1.2620464019657858,4.678050338191265,0.787590742111206,-0.005620615684279424,-0.14842463894734076,-0.0031206156842794232,0.0,-0.0025,True,True,17,5.0,10,0.016,0.5,0.034,0.985866129398346,-0.3775597810745239,0,False
33,3.2890301938168705,3.279999999999987,0.10000000000002274,156,2.260273809797135,-1.4500334825626613,-1.3358732836257945,4.690057385276139,0.7896122336387634,-0.0028449687086995598,-0.1512696076560403,-0.0028449687086995598,0.0,-0.0,False,False,17,5.0,10,0.036,0.5,0.034,0.9859262108802795,-0.3603105843067169,0,False
34,3.3891683015972376,3.3800000000000097,0.09999999999999432,159,2.2646339836321605,-1.4713617436410502,-1.3885035802834147,4.700836290054146,0.791426956653595,-0.005053970729915027,-0.15632357838595534,-0.0025539707299150278,0.0,-0.0025,True,True,18,5.0,10,0.016,0.5,0.036,0.9618833065032959,0.13080231845378876,0,False
35,3.488697954919189,3.480000000000004,0.09999999999999432,158,2.2688448188951593,-1.4921020573138715,-1.3572032783834176,4.711363122960578,0.7931992411613464,-0.00249424442236392,-0.15881782280831927,-0.00249424442236392,0.0,-0.0,False,False,18,5.0,10,0.036,0.5,0.036,0.9586984515190125,0.12117401510477066,0,False
36,3.5892251296900213,3.5799999999999983,0.09999999999999432,158,2.2735299404717493,-1.512948388055569,-1.3546856085215417,4.72244472640459,0.7950649261474609,-0.005125692630134412,-0.16394351543845367,-0.002625692630134412,0.0,-0.0025,True,True,19,5.0,10,0.016,0.5,0.038,0.9791896343231201,-0.1855516880750656,0,False
37,3.689240488689393,3.6799999999999926,0.09999999999999432,159,2.2776289248702613,-1.5341799498121385,-1.3943259270848805,4.733166985818198,0.7968701124191284,-0.0025405490877688274,-0.1664840645262225,-0.0025405490877688274,0.0,-0.0,False,False,19,5.0,10,0.036,0.5,0.038,0.980168879032135,-0.16646996140480042,0,False
38,3.7892347276210785,3.779999999999987,0.10000000000002274,159,2.280958290633523,-1.555027477670036,-1.428598050909789,4.7431103714713245,0.79854416847229,-0.004856001508256939,-0.17134006603447943,-0.002356001508256939,0.0,-0.0025,True,True,20,5.0,10,0.016,0.5,0.04,0.9385347366333008,-0.11872898042201996,0,False
39,3.888945448677987,3.8800000000000097,0.09999999999999432,158,2.283686020363836,-1.5755224291670942,-1.451344160344726,4.752442695256001,0.8001153469085693,-0.002211215543603741,-0.17355128157808317,-0.002211215543603741,0.0,-0.0,False,False,20,5.0,10,0.036,0.5,0.04,0.9339612722396851,-0.10572496056556702,0,False
40,3.9893031446263194,3.980000000000004,0.09999999999999432,158,2.2858457540602175,-1.596005052963403,-1.498701288853756,4.761306986717333,0.8016077280044556,-0.004600319225369915,-0.17815160080345308,-0.002100319225369915,0.0,-0.0025,True,True,21,5.0,10,0.016,0.5,0.042,0.9212536215782166,-0.39404910802841187,0,False
41,4.089407162740827,4.079999999999998,0.09999999999999432,158,2.286444808387259,-1.616383476763234,-1.5773470218632761,4.768740274660545,0.8028591871261597,-0.0017612549906489959,-0.17991285579410207,-0.0017612549906489959,0.0,-0.0,False,False,21,5.0,10,0.036,0.5,0.042,0.9159505367279053,-0.3920186758041382,0,False
42,4.189450171776116,4.179999999999993,0.09999999999999432,158,2.285409909627752,-1.636699027933367,-1.6739846447854498,4.774692286324732,0.8038612604141235,-0.003910279048522874,-0.18382313484262494,-0.0014102790485228743,0.0,-0.0025,True,True,22,5.0,10,0.016,0.5,0.044,0.8974499106407166,-0.554926335811615,0,False
43,4.289136462844908,4.279999999999987,0.10000000000002274,158,2.282257029849978,-1.6563410401946688,-1.7855920278398105,4.778503457248179,0.8045029044151306,-0.0009030248606562423,-0.18472615970328118,-0.0009030248606562423,0.0,-0.0,False,False,22,5.0,10,0.036,0.5,0.044,0.8778113722801208,-0.5761959552764893,0,False
44,4.389224780723453,4.38000000000001,0.09999999999999432,158,2.2770376049219436,-1.6751102290082824,-1.897387725544665,4.7801525454192335,0.8047805428504944,-0.00289073755698418,-0.18761689726026537,-0.0003907375569841802,0.0,-0.0025,True,True,23,5.0,10,0.016,0.5,0.046,0.8752912878990173,-0.5619374513626099,0,False
45,4.4896109770052135,4.480000000000004,0.09999999999999432,160,2.2697411362018607,-1.6932966544159604,-2.0103131619009376,4.779732307622101,0.804709792137146,9.957180767287094e-05,-0.1875173254525925,9.957180767287094e-05,0.0,-0.0,False,False,23,5.0,10,0.036,0.5,0.046,0.8995667695999146,-0.5809605121612549,0,False
46,4.58960580592975,4.579999999999998,0.09999999999999432,153,2.2596271435238564,-1.7120167242139717,-2.116935178911635,4.776952436364238,0.8042417764663696,-0.0018413329116700374,-0.18935865836426255,0.0006586670883299626,0.0,-0.0025,True,True,24,5.0,10,0.016,0.5,0.048,0.9999513626098633,-0.5189099311828613,0,False
47,4.689207027666271,4.679999999999993,0.09999999999999432,159,2.247159914864602,-1.7303690576363637,-2.221072067514291,4.771939675648485,0.8033978343009949,0.0011877314446846175,-0.18817092691957793,0.0011877314446846175,0.0,-0.0,False,False,24,5.0,10,0.036,0.5,0.048,0.9999548196792603,-0.5254400372505188,0,False
48,4.7892988957464695,4.779999999999987,0.10000000000002274,159,2.232793486519595,-1.7472820336502928,-2.344262945589878,4.764730136894649,0.8021840453147888,-0.0007917604958291172,-0.18896268741540706,0.0017082395041708828,0.0,-0.0025,True,True,25,5.0,10,0.016,0.5,0.05,0.9998473525047302,-0.8378313779830933,0,False
49,4.889498702716082,4.88000000000001,0.09999999999999432,160,2.215867179103276,-1.761761418787526,-2.5112828711797515,4.754333588326333,0.8004336953163147,0.002463374645427385,-0.18649931276997966,0.002463374645427385,0.0,-0.0,False,False,25,5.0,10,0.036,0.5,0.05,0.9998617768287659,-0.6211439967155457,0,False
50,4.989326923619956,4.980000000000004,0.09999999999999432,158,2.199164989907677,-1.7724768231375057,-2.644373470661947,4.742818293811144,0.7984949946403503,0.00022845207781710787,-0.18627086069216256,0.002728452077817108,0.0,-0.0025,True,True,26,5.0,10,0.016,0.5,0.052,0.574284553527832,-0.8558921217918396,0,False
51,5.090688911732286,5.079999999999998,0.10099999999999909,161,2.18659477245117,-1.7781292942951659,-2.805406214230273,4.733282046714633,0.7968894839286804,0.0022595334553303995,-0.18401132723683217,0.0022595334553303995,0.0,-0.0,False,False,26,5.0,10,0.036,0.5,0.052,0.6173219084739685,-0.7563115954399109,0,False
52,5.1902686837129295,5.179999999999993,0.09999999999999432,158,2.1736835395667367,-1.7816431344495924,-2.9415952759506787,4.722643339213513,0.7950983643531799,2.0752165602976394e-05,-0.18399057507122918,0.0025207521656029764,0.0,-0.0025,True,True,27,5.0,10,0.016,0.5,0.054,0.8449379205703735,-0.12040480971336365,0,False
53,5.290857467800379,5.279999999999987,0.10000000000002274,160,2.157918463557063,-1.7843317114422912,-2.9950432524899826,4.709065091333631,0.7928123474121094,0.0032172515077327404,-0.18077332356349643,0.0032172515077327404,0.0,-0.0,False,False,27,5.0,10,0.036,0.5,0.054,0.8509607911109924,-0.09410927444696426,0,False
54,5.390981195960194,5.38000000000001,0.09999999999999432,163,2.138431994188976,-1.787030407851713,-3.016622873375822,4.6920644013434885,0.7899501323699951,0.0015281703491599216,-0.1792451532143365,0.004028170349159922,0.0,-0.0025,True,True,28,5.0,10,0.016,0.5,0.056,0.9255361557006836,-0.14019133150577545,0,False
55,5.490977394860238,5.480000000000004,0.09999999999999432,163,2.1181515207956796,-1.789247409589894,-3.0430773622131038,4.674167298461738,0.7869369983673096,0.0042405678361250865,-0.17500458537821142,0.0042405678361250865,0.0,-0.0,False,False,28,5.0,10,0.036,0.5,0.056,0.9242753386497498,-0.10623351484537125,0,False
56,5.590936173684895,5.579999999999998,0.09999999999999432,163,2.0979691521441697,-1.790918336080532,-3.0875043074821296,4.656170712158762,0.7839071154594421,0.001764139595144589,-0.17324044578306683,0.004264139595144589,0.0,-0.0025,True,True,29,5.0,10,0.016,0.5,0.058,0.9140498638153076,-0.29950886964797974,0,False
57,5.690924112685025,5.679999999999993,0.09999999999999432,163,2.077758188401312,-1.7913400654485445,3.138788994812004,4.637684143453738,0.7807947397232056,0.004380236799709992,-0.16886020898335682,0.004380236799709992,0.0,-0.0,False,False,29,5.0,10,0.036,0.5,0.058,0.9132553935050964,-0.2256525754928589,0,False
58,5.7921027429401875,5.779999999999987,0.10099999999999909,162,2.0575873873629393,-1.7906571160633582,3.0558279390268064,4.618820529041935,0.7776188850402832,0.001969574605246487,-0.16689063437811033,0.004469574605246487,0.0,-0.0025,True,True,30,5.0,10,0.016,0.5,0.06,0.8472692966461182,-0.7446987628936768,0,False
59,5.892730476800352,5.88000000000001,0.10099999999999909,160,2.038797388133702,-1.7875002906513635,2.9063324094924803,4.600278377073095,0.7744971513748169,0.004393406786066131,-0.1624972275920442,0.004393406786066131,0.0,-0.0,False,False,30,5.0,10,0.036,0.5,0.06,0.8685027360916138,-0.6418498754501343,0,False
60,5.993126941844821,5.980000000000004,0.10000000000002274,159,2.020098540036175,-1.781584555562359,2.746536975882488,4.5807505957637185,0.7712094783782959,0.002126943359411788,-0.16037028423263242,0.004626943359411788,0.0,-0.0025,True,True,31,5.0,10,0.016,0.5,0.062,0.8502859473228455,-0.8785548806190491,0,False
61,6.0931058609858155,6.079999999999998,0.09999999999999432,159,2.003566144119236,-1.7729448082132606,2.5764329907381294,4.562159587168084,0.7680795192718506,0.004404982952417358,-0.15596530128021505,0.004404982952417358,0.0,-0.0,False,False,31,5.0,10,0.036,0.5,0.062,0.7896884679794312,-0.7656320333480835,0,False
62,6.193144589662552,6.179999999999993,0.09999999999999432,159,1.9877474444838024,-1.7609539880668441,2.4146543005733836,4.542927069820635,0.7648415565490723,0.002056983049724305,-0.15390831823049075,0.004556983049724305,0.0,-0.0025,True,True,32,5.0,10,0.016,0.5,0.064,0.8762834668159485,-0.6722851991653442,0,False
63,6.292855690699071,6.279999999999987,0.09999999999999432,157,1.9740650567460527,-1.7471361189148997,2.2849874332828524,4.524964470736299,0.7618173956871033,0.0042560866098567424,-0.149652231620634,0.0042560866098567424,0.0,-0.0,False,False,32,5.0,10,0.036,0.5,0.064,0.8593807816505432,-0.6570309996604919,0,False
64,6.393281625583768,6.38000000000001,0.09999999999999432,160,1.9621300588347212,-1.7314569261950712,2.171235902150573,4.507911737817615,0.758946418762207,0.001540501482881752,-0.14811173013775225,0.004040501482881752,0.0,-0.0025,True,True,33,5.0,10,0.016,0.5,0.066,0.9109979867935181,-0.45226478576660156,0,False
65,6.493306734599173,6.480000000000004,0.10000000000002274,159,1.9514345376955944,-1.7143274833307292,2.0816996835654686,4.491472899035601,0.7561787962913513,0.0038950444361212336,-0.14421668570163101,0.0038950444361212336,0.0,-0.0,False,False,33,5.0,10,0.036,0.5,0.066,0.9074282646179199,-0.433454692363739,0,False
66,6.592993765603751,6.579999999999998,0.09999999999999432,159,1.9422594648828764,-1.6963903478236784,2.0157565530770314,4.476165197373923,0.753601610660553,0.0011270310195121672,-0.14308965468211884,0.0036270310195121672,0.0,-0.0025,True,True,34,5.0,10,0.016,0.5,0.068,0.8941420912742615,-0.018154824152588844,0,False
67,6.693219832610339,6.679999999999993,0.09999999999999432,160,1.9336997159206395,-1.678675897451648,2.018687994051626,4.4615496312584915,0.7511409521102905,0.0034630353295369448,-0.1396266193525819,0.0034630353295369448,0.0,-0.0,False,False,34,5.0,10,0.036,0.5,0.068,0.8939246535301208,-0.01754070445895195,0,False
68,6.793260811828077,6.779999999999987,0.09999999999999432,159,1.9252063659258865,-1.6610239214785385,2.0291751371149673,4.447058330911209,0.7487012147903442,0.0009335916020785451,-0.13869302775050335,0.003433591602078545,0.0,-0.0025,True,True,35,5.0,10,0.016,0.5,0.07,0.8889538645744324,0.0849192664027214,0,False
69,6.893088991753757,6.88000000000001,0.09999999999999432,158,1.9164428595974616,-1.643583995608975,2.0445077623718984,4.43243391395759,0.7462390661239624,0.00346513246112219,-0.13522789528938117,0.00346513246112219,0.0,-0.0,False,False,35,5.0,10,0.036,0.5,0.07,0.888290286064148,0.08523232489824295,0,False
70,6.993107829708606,6.980000000000004,0.10000000000002274,159,1.9073459897013045,-1.626079751239233,2.0433478489832027,4.4175135249749875,0.7437270879745483,0.0010352605413368717,-0.1341926347480443,0.0035352605413368717,0.0,-0.0025,True,True,36,5.0,10,0.016,0.5,0.072,0.9097265005111694,-0.12461015582084656,0,False
71,7.093169428873807,7.079999999999998,0.09999999999999432,159,1.8984911775555047,-1.6080764858382124,2.01802443092167,4.402674209670181,0.7412287592887878,0.003516050816014847,-0.13067658393202944,0.003516050816014847,0.0,-0.0,False,False,36,5.0,10,0.036,0.5,0.072,0.9104553461074829,-0.12529489398002625,0,False
72,7.193414394743741,7.179999999999993,0.09999999999999432,160,1.8901544435662887,-1.5901854559339397,2.0100644695418115,4.388399931875251,0.7388255596160889,0.0008821699356053449,-0.1297944139964241,0.003382169935605345,0.0,-0.0025,True,True,37,5.0,10,0.016,0.5,0.074,0.8729084134101868,0.08667352050542831,0,False
73,7.293488023802638,7.279999999999987,0.09999999999999432,159,1.881795997279344,-1.5729251761336098,2.0272923479021085,4.374374539650147,0.736464262008667,0.003323198595425262,-0.12647121540099884,0.003323198595425262,0.0,-0.0,False,False,37,5.0,10,0.036,0.5,0.074,0.8730687499046326,0.08298356831073761,0,False
74,7.393407292664051,7.38000000000001,0.09999999999999432,159,1.8731964300674266,-1.5558303766157806,2.042019206124716,4.360222049388674,0.7340815663337708,0.0008533134049909818,-0.12561790199600786,0.003353313404990982,0.0,-0.0025,True,True,38,5.0,10,0.016,0.5,0.076,0.869218647480011,0.04981614649295807,0,False
75,7.493757948745042,7.480000000000004,0.10000000000002274,158,1.8644432892053566,-1.5388502730719729,2.0526306274842674,4.346005125025198,0.7316880226135254,0.0033685805229321563,-0.12224932147307571,0.0033685805229321563,0.0,-0.0,False,False,38,5.0,10,0.036,0.5,0.076,0.8690524101257324,0.048067498952150345,0,False
76,7.5935654286295176,7.579999999999998,0.09999999999999432,159,1.8555025970542338,-1.5218619920939953,2.0539683167005736,4.3316469412842515,0.7292706966400146,0.0009020507430349003,-0.12134727073004081,0.0034020507430349003,0.0,-0.0025,True,True,39,5.0,10,0.016,0.5,0.078,0.8718451261520386,-0.03942903131246567,0,False
77,7.69368224684149,7.679999999999993,0.09999999999999432,159,1.8466784821792617,-1.5048154098551831,2.0457840868601562,4.317415501546148,0.7268747091293335,0.003372019818732253,-0.11797525091130856,0.003372019818732253,0.0,-0.0,False,False,39,5.0,10,0.036,0.5,0.078,0.8725082874298096,-0.034743424504995346,0,False
78,7.79387820372358,7.779999999999987,0.09999999999999432,159,1.83801817321816,-1.4878112982106473,2.0392178630318676,4.3033908173881,0.7245135307312012,0.0008230308248982736,-0.11715222008641028,0.0033230308248982736,0.0,-0.0025,True,True,40,5.0,10,0.016,0.5,0.08,0.8636175990104675,-0.023744499310851097,0,False
79,7.89388983277604,7.88000000000001,0.09999999999999432,158,1.829471389271959,-1.4708275685132943,2.0343453947305634,4.289519075713927,0.7221781015396118,0.003286792391103385,-0.1138654276953069,0.003286792391103385,0.0,-0.0,False,False,40,5.0,10,0.036,0.5,0.08,0.8642812967300415,-0.021865906193852425,0,False
80,7.993912841659039,7.980000000000004,0.10000000000002274,153,1.8209989676409293,-1.4537708311202098,2.0268883852225072,4.275731948052825,0.7198569178581238,0.0007667438131472625,-0.11309868388215964,0.0032667438131472625,0.0,-0.0025,True,True,41,5.0,10,0.016,0.5,0.082,0.8655803203582764,-0.04755467176437378,0,False
81,8.093916249927133,8.079999999999998,0.09999999999999432,160,1.8126833234439934,-1.4366138350920166,2.0178223087632365,4.262098824976182,0.717561662197113,0.003230253723561892,-0.10986843015859775,0.003230253723561892,0.0,-0.0,False,False,41,5.0,10,0.036,0.5,0.082,0.8662164807319641,-0.044197164475917816,0,False
82,8.19380065985024,8.179999999999993,0.09999999999999432,159,1.804603698304268,-1.419676213995744,2.0219854312445418,4.248803449884766,0.715323269367218,0.0006502271822646003,-0.10921820297633315,0.0031502271822646003,0.0,-0.0025,True,True,42,5.0,10,0.016,0.5,0.084,0.8367672562599182,0.05128877982497215,0,False
83,8.29374876897782,8.279999999999987,0.09999999999999432,159,1.7965048058941937,-1.4031720581297915,2.0306303884861685,4.235674824584798,0.7131129503250122,0.003110717223196603,-0.10610748575313655,0.003110717223196603,0.0,-0.0,False,False,42,5.0,10,0.036,0.5,0.084,0.8357061743736267,0.05050379037857056,0,False
84,8.393792947754264,8.38000000000001,0.09999999999999432,160,1.7880647090297923,-1.3863469477684043,2.035079397693959,4.222157824505173,0.7108372449874878,0.0007027393571619597,-0.1054047463959746,0.0032027393571619597,0.0,-0.0025,True,True,43,5.0,10,0.016,0.5,0.086,0.8621532320976257,-0.020945874974131584,0,False
85,8.493686746805906,8.480000000000004,0.10000000000002274,158,1.779616489748182,-1.36935286249315,2.031088768552837,4.208619228380369,0.7085579037666321,0.0032078563582304633,-0.10219689003774413,0.0032078563582304633,0.0,-0.0,False,False,43,5.0,10,0.036,0.5,0.086,0.8626372814178467,-0.01853729784488678,0,False
86,8.593977303709835,8.579999999999998,0.09999999999999432,159,1.771263353601888,-1.3523829142987218,2.0252101156811784,4.195220121465399,0.7063020467758179,0.0006748055644449787,-0.10152208447329915,0.0031748055644449788,0.0,-0.0025,True,True,44,5.0,10,0.016,0.5,0.088,0.857380747795105,-0.03228190541267395,0,False
87,8.693816682789475,8.679999999999993,0.09999999999999432,158,1.7630338924840492,-1.33538760700468,2.018693243038115,4.181972894933721,0.7040717601776123,0.0031388187864403614,-0.09838326568685879,0.0031388187864403614,0.0,-0.0,False,False,44,5.0,10,0.036,0.5,0.088,0.8583924174308777,-0.03155069053173065,0,False
88,8.793867081869394,8.779999999999987,0.09999999999999432,159,1.7548568608997994,-1.3181176687660923,1.9993302962698953,4.168732041005539,0.7018425464630127,0.0006373088516987324,-0.09774595683516006,0.0031373088516987325,0.0,-0.0025,True,True,45,5.0,10,0.016,0.5,0.09,0.8749076724052429,-0.1474229395389557,0,False
89,8.894149327650666,8.88000000000001,0.09999999999999432,160,1.7471112525926216,-1.300431028838378,1.9708723099226395,4.155816189855593,0.6996680498123169,0.003060302179884489,-0.09468565465527558,0.003060302179884489,0.0,-0.0,False,False,45,5.0,10,0.036,0.5,0.09,0.8767654895782471,-0.13515238463878632,0,False
90,8.993980417959392,8.980000000000004,0.10000000000002274,157,1.73975432372504,-1.282418112965184,1.9545424956256403,4.143218614846863,0.6975471377372742,0.0004848893280747367,-0.09420076532720084,0.0029848893280747368,0.0,-0.0025,True,True,46,5.0,10,0.016,0.5,0.092,0.8901808857917786,-0.028351619839668274,0,False
91,9.094290313776582,9.079999999999998,0.09999999999999432,159,1.7324543371922325,-1.264228961870084,1.9481626724317718,4.130674498900784,0.6954352259635925,0.0029722226532993504,-0.09122854267390149,0.0029722226532993504,0.0,-0.0,False,False,46,5.0,10,0.036,0.5,0.092,0.8912277817726135,-0.02327488176524639,0,False
92,9.19403164461255,9.179999999999993,0.09999999999999432,159,1.7250638322217156,-1.2456720263842167,1.9594752472892214,4.1179880614766535,0.6932993531227112,0.0005059445291917346,-0.09072259814470975,0.0030059445291917347,0.0,-0.0025,True,True,47,5.0,10,0.016,0.5,0.094,0.9390770792961121,0.1510200947523117,0,False
93,9.294428780674934,9.279999999999987,0.09999999999999432,158,1.7169252232905239,-1.226766575281026,1.990465231725713,4.10454116003547,0.6910354495048523,0.0031861300750061446,-0.0875364680697036,0.0031861300750061446,0.0,-0.0,False,False,47,5.0,10,0.036,0.5,0.094,0.936038076877594,0.1496330350637436,0,False
94,9.394442758988589,9.38000000000001,0.09999999999999432,158,1.7083377554448882,-1.2081404468485153,1.998993889977106,4.09080749143702,0.6887232661247253,0.0007540771383716663,-0.08678239093133193,0.0032540771383716663,0.0,-0.0025,True,True,48,5.0,10,0.016,0.5,0.096,0.8845173120498657,-0.26680901646614075,0,False
95,9.494077610783279,9.480000000000004,0.10000000000002274,158,1.7008056429429128,-1.1900602693561846,1.9414881508327806,4.078299486910745,0.6866174340248108,0.002963666356430961,-0.08381872457490097,0.002963666356430961,0.0,-0.0,False,False,48,5.0,10,0.036,0.5,0.096,0.8886634111404419,-0.24792760610580444,0,False
96,9.594505846034735,9.579999999999998,0.09999999999999432,159,1.6941365387811393,-1.1716906178602742,1.9086700974660227,4.066590536056018,0.6846461296081543,0.00027433731690475584,-0.08354438725799622,0.002774337316904756,0.0,-0.0025,True,True,49,5.0,10,0.016,0.5,0.098,0.9006896018981934,0.22063730657100677,0,False
97,9.694183357991278,9.679999999999993,0.09999999999999432,158,1.6870974925527766,-1.153329733521786,1.9587001005239661,4.054589507541111,0.6826256513595581,0.0028435426592214245,-0.0807008445987748,0.0028435426592214245,0.0,-0.0,False,False,49,5.0,10,0.036,0.5,0.098,0.9008597731590271,0.2120351642370224,0,False
98,9.79418910574168,9.779999999999987,0.09999999999999432,157,1.6791217112045735,-1.1347535419923538,1.984869204810836,4.041689233866376,0.6804537773132324,0.0005566112282941204,-0.08014423337048068,0.0030566112282941205,0.0,-0.0025,True,True,50,5.0,10,0.016,0.5,0.1,0.9761599898338318,-0.018311940133571625,0,False
99,9.894187984988093,9.88000000000001,0.09999999999999432,159,1.6706172784878788,-1.1150242108485968,1.9789920768570752,4.028021415504038,0.6781526803970337,0.0032384744793767265,-0.07690575889110396,0.0032384744793767265,0.0,-0.0,False,False,50,5.0,10,0.036,0.5,0.1,0.9759939908981323,-0.015298919752240181,0,False
100,9.994289642665535,9.980000000000004,0.10000000000002274,159,1.6623438950747815,-1.0958193251545956,1.9843967439880834,4.0147876422464055,0.6759246587753296,0.0006356311464305363,-0.07627012774467343,0.0031356311464305364,0.0,-0.0025,True,True,51,5.0,10,0.016,0.5,0.102,0.9280087351799011,0.09327281266450882,0,False
101,10.094286270905286,10.079999999999998,0.09999999999999432,159,1.6539411806124464,-1.0772391861999744,2.002474310937241,4.001662911315241,0.6737149953842163,0.0031097944852988,-0.07316033325937463,0.0031097944852988,0.0,-0.0,False,False,51,5.0,10,0.036,0.5,0.102,0.9293811917304993,0.08530372381210327,0,False
102,10.194283640012145,10.179999999999993,0.09999999999999432,159,1.6450750298679075,-1.0583679260667591,2.007487451799548,3.9880754585636438,0.6714274287223816,0.0007194325245815847,-0.07244090073479305,0.0032194325245815847,0.0,-0.0025,True,True,52,5.0,10,0.016,0.5,0.104,0.9702918529510498,-0.05518294870853424,0,False
103,10.294860703870654,10.279999999999987,0.09999999999999432,160,1.6361852299086492,-1.0389397834901355,1.9970269503139364,3.9743821497873273,0.669122040271759,0.003244514218342401,-0.06919638651645064,0.003244514218342401,0.0,-0.0,False,False,52,5.0,10,0.036,0.5,0.104,0.9704877138137817,-0.04835415631532669,0,False
104,10.395533826667815,10.38000000000001,0.10099999999999909,161,1.6274400374033138,-1.019328069007001,1.984129748619028,3.9608492181989643,0.6668436527252197,0.0007065141940157168,-0.06848987232243493,0.003206514194015717,0.0,-0.0025,True,True,53,5.0,10,0.016,0.5,0.106,0.9780703186988831,-0.060534507036209106,0,False
105,10.495547155849636,10.480000000000004,0.09999999999999432,159,1.6189098680786915,-0.9995481847947069,1.972074103605561,3.947552426973438,0.6646050214767456,0.0031505627233183657,-0.06533930959911657,0.0031505627233183657,0.0,-0.0,False,False,53,5.0,10,0.036,0.5,0.106,0.9780912399291992,-0.05299496650695801,0,False
106,10.595836381893605,10.579999999999998,0.10000000000002274,159,1.6107819606724227,-0.9799709397334282,1.9476176964745553,3.9347682762957197,0.6624526977539062,0.0005290968618941881,-0.06481021273722239,0.003029096861894188,0.0,-0.0025,True,True,54,5.0,10,0.016,0.5,0.108,0.9462521076202393,-0.17903056740760803,0,False
107,10.695753421634436,10.679999999999993,0.09999999999999432,159,1.6034648183794222,-0.9604211196194485,1.9127055516283946,3.922850091626245,0.6604461669921875,0.002823913507582667,-0.06198629922963972,0.002823913507582667,0.0,-0.0,False,False,54,5.0,10,0.036,0.5,0.108,0.9442317485809326,-0.17009346187114716,0,False
108,10.796616862993687,10.779999999999987,0.10099999999999909,160,1.5967780633110868,-0.9407440046221706,1.899653155906591,3.9115882851167405,0.6585501432418823,0.0001683902292122343,-0.06181790900042748,0.0026683902292122343,0.0,-0.0025,True,True,55,5.0,10,0.016,0.5,0.11,0.8442883491516113,0.2378365695476532,0,False
109,10.89682587981224,10.88000000000001,0.09999999999999432,159,1.5903109973411418,-0.9233492350374867,1.9495178006184175,3.9011577493297858,0.6567940711975098,0.0024714276307152318,-0.05934648136971225,0.0024714276307152318,0.0,-0.0,False,False,55,5.0,10,0.036,0.5,0.11,0.8392522931098938,0.2319597452878952,0,False
110,10.996845898684114,10.980000000000004,0.09999999999999432,159,1.5830118169641494,-0.906000826200003,1.9723209645239923,3.889989053638011,0.6549137234687805,0.0001463284049343606,-0.059200152964777895,0.0026463284049343607,0.0,-0.0025,True,True,56,5.0,10,0.016,0.5,0.112,0.9782645106315613,-0.3291274905204773,0,False
111,11.09674553759396,11.079999999999998,0.09999999999999432,158,1.575404694313506,-0.886201977372346,1.9070371895741087,3.8780195341070507,0.6528985500335693,0.002836076870777615,-0.05636407609400028,0.002836076870777615,0.0,-0.0,False,False,56,5.0,10,0.036,0.5,0.112,0.9797280430793762,-0.2826392650604248,0,False
112,11.197073553688824,11.179999999999993,0.10000000000002274,159,1.5688775909856065,-0.8659581247736589,1.870562553793751,3.8670816682752003,0.6510570645332336,9.163521318815687e-05,-0.056272440880812125,0.002591635213188157,0.0,-0.0025,True,True,57,5.0,10,0.016,0.5,0.114,0.842414140701294,0.21697156131267548,0,False
113,11.29658475657925,11.279999999999987,0.09999999999999432,155,1.5629055177791684,-0.8481379859696855,1.9161229343317343,3.857304324346467,0.6494109630584717,0.002316659319715719,-0.05395578156109641,0.002316659319715719,0.0,-0.0,False,False,57,5.0,10,0.036,0.5,0.114,0.8397331237792969,0.2126961648464203,0,False
114,11.396772803738713,11.38000000000001,0.09999999999999432,156,1.5563261725101996,-0.8309145005913683,1.953326813626021,3.8471294007663612,0.647697925567627,-8.913752946997436e-05,-0.054044919090566385,0.0024108624705300257,0.0,-0.0025,True,True,58,5.0,10,0.016,0.5,0.116,0.8410905003547668,0.15681523084640503,0,False
115,11.497062569949776,11.480000000000004,0.09999999999999432,160,1.5492007206999001,-0.8139092217303051,1.9842745991782729,3.8365289288862106,0.6459132432937622,0.002511692557154149,-0.05153322653341223,0.002511692557154149,0.0,-0.0,False,False,58,5.0,10,0.036,0.5,0.116,0.8397942185401917,0.15042783319950104,0,False
116,11.597019558772445,11.579999999999998,0.09999999999999432,159,1.541392786680139,-0.7968753111731027,2.0239862269444133,3.8253145628693894,0.6440252065658569,0.00015714960391477288,-0.05137607692949746,0.002657149603914773,0.0,-0.0025,True,True,59,5.0,10,0.016,0.5,0.118,0.8558471202850342,0.20706599950790405,0,False
117,11.697140296921134,11.679999999999993,0.10000000000002274,159,1.5328602053811213,-0.7801966100070167,2.0632250075651655,3.813522414135702,0.6420398950576782,0.0027940503538071127,-0.04858202657569034,0.0027940503538071127,0.0,-0.0,False,False,59,5.0,10,0.036,0.5,0.118,0.8531989455223083,0.19988283514976501,0,False
118,11.797107334714383,11.779999999999987,0.09999999999999432,158,1.523737260421072,-0.764061582405087,2.112254372910769,3.801316754241905,0.6399849653244019,0.0003920283414750713,-0.04818999823421527,0.0028920283414750714,0.0,-0.0025,True,True,60,5.0,10,0.016,0.5,0.12,0.8399926424026489,0.27118638157844543,0,False
119,11.897137433756143,11.88000000000001,0.09999999999999432,160,1.5138451030898041,-0.7485755341862528,2.1660730080117125,3.7885368519665166,0.6378333568572998,0.0030280902387332075,-0.04516190799548206,0.0030280902387332075,0.0,-0.0,False,False,60,5.0,10,0.036,0.5,0.12,0.8393944501876831,0.2757156193256378,0,False
120,11.997188341803849,11.980000000000004,0.09999999999999432,159,1.5027234998283083,-0.7330284431804834,2.2077680942934568,3.774585098715131,0.6354844570159912,0.0008057504606350328,-0.04435615753484703,0.003305750460635033,0.0,-0.0025,True,True,61,5.0,10,0.016,0.5,0.122,0.9095417261123657,0.10351697355508804,0,False
121,12.097157971002162,12.079999999999998,0.09999999999999432,160,1.4907288962980567,-0.7170629988547552,2.227600936120493,3.7597418890415217,0.6329854726791382,0.0035169735539124394,-0.04083918398093459,0.0035169735539124394,0.0,-0.0,False,False,61,5.0,10,0.036,0.5,0.122,0.9091824293136597,0.09526616334915161,0,False
122,12.197048809845,12.179999999999993,0.10000000000002274,158,1.4784577667548264,-0.7013010356641316,2.2254194829313203,3.74471281176598,0.6304551959037781,0.001061013317204903,-0.03977817066372969,0.003561013317204903,0.0,-0.0025,True,True,62,5.0,10,0.016,0.5,0.124,0.9446020722389221,-0.27813947200775146,0,False
123,12.297094627749175,12.279999999999987,0.09999999999999432,159,1.4663152227990996,-0.6843042667481588,2.1658885249490654,3.729629921394259,0.6279158592224121,0.0035737638772439934,-0.0362044067864857,0.0035737638772439934,0.0,-0.0,False,False,62,5.0,10,0.036,0.5,0.124,0.9442774653434753,-0.24315324425697327,0,False
124,12.397290105000138,12.38000000000001,0.09999999999999432,156,1.4550134255905784,-0.666801176782725,2.1322543819109696,3.715339358057064,0.6255099177360535,0.0008860286577225956,-0.0353183781287631,0.0033860286577225957,0.0,-0.0025,True,True,63,5.0,10,0.016,0.5,0.126,0.9420081973075867,0.07170441001653671,0,False
125,12.497295663692057,12.480000000000004,0.09999999999999432,158,1.4437358485678817,-0.6494550026247433,2.1515370740483584,3.7011624394821943,0.6231231093406677,0.00335910148816649,-0.03195927664059661,0.00335910148816649,0.0,-0.0,False,False,63,5.0,10,0.036,0.5,0.126,0.9423844814300537,0.06879857182502747,0,False
126,12.597462290897965,12.579999999999998,0.09999999999999432,159,1.4322443286768243,-0.6321448075414268,2.148960321061115,3.68684213732869,0.620712161064148,0.0008930750198493562,-0.031066201620747257,0.0033930750198493563,0.0,-0.0025,True,True,64,5.0,10,0.016,0.5,0.128,0.9469918012619019,-0.14629429578781128,0,False
127,12.697188681922853,12.679999999999993,0.10000000000002274,157,1.421156527948336,-0.61443642018086,2.119357034294274,3.672915166424229,0.6183674335479736,0.003299878492195925,-0.027766323128551332,0.003299878492195925,0.0,-0.0,False,False,64,5.0,10,0.036,0.5,0.128,0.9477840662002563,-0.1375642865896225,0,False
128,12.797577306628227,12.779999999999987,0.09999999999999432,160,1.4113660266262302,-0.5978446321906097,2.090135575283208,3.6605169122914765,0.6162800788879395,0.0004376619247725526,-0.02732866120377878,0.0029376619247725526,0.0,-0.0025,True,True,65,5.0,10,0.016,0.5,0.13,0.8086449503898621,-0.10551182180643082,0,False
129,12.89750103559345,12.88000000000001,0.09999999999999432,159,1.402651546071478,-0.5822759702491974,2.069442107411398,3.649403091796463,0.6144089698791504,0.002633326189105104,-0.024695335014673674,0.002633326189105104,0.0,-0.0,False,False,65,5.0,10,0.036,0.5,0.13,0.8113018274307251,-0.10471444576978683,0,False
130,12.997557883616537,12.980000000000004,0.09999999999999432,158,1.3943105963643847,-0.5664763932598468,2.0269979187704856,3.6386762299469977,0.6126030087471008,4.1639596193091856e-05,-0.024653695418480583,0.002541639596193092,0.0,-0.0025,True,True,66,5.0,10,0.016,0.5,0.132,0.612579882144928,-0.7338541150093079,0,False
131,13.097702521830797,13.079999999999998,0.09999999999999432,159,1.3885148159601806,-0.5525848602364115,1.8936884637022173,3.6308110211002464,0.6112788319587708,0.0018635950120144324,-0.02279010040646615,0.0018635950120144324,0.0,-0.0,False,False,66,5.0,10,0.036,0.5,0.132,0.6068342328071594,-0.7291855216026306,0,False
132,13.197415312752128,13.179999999999993,0.10000000000002274,158,1.3850453809189238,-0.5391431426129228,1.7693020926995675,3.6253585507433495,0.610360860824585,-0.0012080830581546564,-0.023998183464620806,0.0012919169418453436,0.0,-0.0025,True,True,67,5.0,10,0.016,0.5,0.134,0.9187712669372559,-0.048226021230220795,0,False
133,13.297516339924186,13.279999999999987,0.09999999999999432,160,1.3819830485788227,-0.5217926730719027,1.726451722252669,3.6197885412553257,0.6094231009483337,0.0013197668492988307,-0.022678416615321977,0.0013197668492988307,0.0,-0.0,False,False,67,5.0,10,0.036,0.5,0.134,0.9221835136413574,-0.06031809374690056,0,False
134,13.397467048838735,13.38000000000001,0.09999999999999432,160,1.3788013754348927,-0.5017982880611745,1.7416142420624698,3.613809623043049,0.6084164977073669,-0.0010833456714574754,-0.023761762286779453,0.0014166543285425246,0.0,-0.0025,True,True,68,5.0,10,0.016,0.5,0.136,0.9840338826179504,0.5851946473121643,0,False
135,13.497900453861803,13.480000000000004,0.09999999999999432,161,1.3740691001355172,-0.48138830940135574,1.8614576302985002,3.6063423478811982,0.6071593165397644,0.001769307975936632,-0.021992454310842822,0.001769307975936632,0.0,-0.0,False,False,68,5.0,10,0.036,0.5,0.136,0.979272723197937,0.6566057205200195,0,False
136,13.597688743844628,13.579999999999998,0.09999999999999432,159,1.3676059036761283,-0.4635393748828146,1.9851576192879488,3.5975938253833553,0.6056864261627197,-0.0004271112557665234,-0.022419565566609345,0.0020728887442334767,0.0,-0.0025,True,True,69,5.0,10,0.016,0.5,0.138,0.4791358411312103,0.9220350980758667,0,False
137,13.697737411595881,13.679999999999993,0.10000000000002274,159,1.3619420096259827,-0.4525581443710988,2.13961862168658,3.5905765268349463,0.6045050024986267,0.0016626898061368953,-0.02075687576047245,0.0016626898061368953,0.0,-0.0,False,False,69,5.0,10,0.036,0.5,0.138,0.49241670966148376,0.9249966144561768,0,False
138,13.89959016488865,13.88000000000001,0.19700000000000273,323,1.3484193579737018,-0.43664960062538466,2.3329792254859916,3.575184211160198,0.601913571357727,0.0011470795974681848,-0.019609796163004265,0.003647079597468185,0.0,-0.0025,True,True,70,5.0,10,0.036,0.5,0.14,0.4959798753261566,-0.5426406860351562,0,False
139,14.000373866874725,13.980000000000004,0.10099999999999909,161,1.342474902905804,-0.43006693516565303,2.2607799888984212,3.5684851887530034,0.6007857322692871,-0.0009127230456725413,-0.020522519208676808,0.0015872769543274587,0.0,-0.0025,True,True,71,5.0,10,0.016,0.5,0.142,-0.09485499560832977,-0.9959805011749268,0,False
140,14.100693232845515,14.079999999999998,0.09999999999999432,157,1.3401312915240902,-0.4269795552607592,2.1327880121420755,3.565787453273518,0.6003315448760986,0.0006392057072177719,-0.019883313501459037,0.0006392057072177719,0.0,-0.0,False,False,71,5.0,10,0.036,0.5,0.142,-0.06734441220760345,-0.9980312585830688,0,False
141,14.201288516633213,14.179999999999993,0.10099999999999909,161,1.339929186865003,-0.42667406115559886,1.973680058131465,3.565550250810099,0.6002916097640991,-0.0024437968735123777,-0.022327110374971416,5.620312648762245e-05,0.0,-0.0025,True,True,72,5.0,10,0.016,0.5,0.144,0.9976227879524231,0.8033078908920288,0,False
142,14.302489425987005,14.279999999999987,0.10099999999999909,162,1.3387446124279945,-0.42355068244331,1.9028936757131105,3.564001708160851,0.6000308990478516,0.00036691414217461635,-0.0219601962327968,0.00036691414217461635,0.0,-0.0,False,False,72,5.0,10,0.036,0.5,0.144,0.9977853894233704,0.7678594589233398,0,False
143,14.402583232615143,14.38000000000001,0.09999999999999432,159,1.3364878627868846,-0.4166497472413632,1.8567653775629749,3.560947106885654,0.5995166301727295,-0.0017762379472604703,-0.023736434180057272,0.0007237620527395297,0.0,-0.0025,True,True,73,5.0,10,0.016,0.5,0.146,0.23734645545482635,-0.9991772174835205,0,False
144,14.503456284757704,14.480000000000004,0.10099999999999909,160,1.3349936490617342,-0.40973999168897396,1.6842600406678634,3.558660758365114,0.59913170337677,0.0005417310311302514,-0.02319470314892702,0.0005417310311302514,0.0,-0.0,False,False,73,5.0,10,0.036,0.5,0.146,0.2500913143157959,-0.999462902545929,0,False
145,14.604685503989458,14.579999999999998,0.10099999999999909,160,1.3350018156115515,-0.40153206446821815,1.4831866886877816,3.5577331905230865,0.5989755392074585,-0.0022802206098543093,-0.02547492375878133,0.0002197793901456909,0.0,-0.0025,True,True,74,5.0,10,0.016,0.5,0.148,0.735554575920105,-0.9993577003479004,0,False
146,14.704646792728454,14.679999999999993,0.09999999999999432,153,1.3380144615112683,-0.38585352401343714,1.2832483445403264,3.558992841813901,0.5991876125335693,-0.0002984637672284465,-0.025773387526009776,-0.0002984637672284465,0.0,-0.0,False,False,74,5.0,10,0.036,0.5,0.148,0.7723522782325745,-0.9996451735496521,0,False
147,14.804364322684705,14.779999999999987,0.10000000000002274,159,1.3451453072358102,-0.368523922821858,1.0840603869220393,3.5642481154959853,0.6000723838806152,-0.0037451928501234925,-0.02951858037613327,-0.0012451928501234924,0.0,-0.0025,True,True,75,5.0,10,0.016,0.5,0.15,0.9870926141738892,-0.9999974966049194,0,False
148,14.904325351584703,14.88000000000001,0.09999999999999432,158,1.3573215941685346,-0.35013841759660524,0.885453726638537,3.574511547457964,0.6018003225326538,-0.0024318337863836353,-0.031950414162516906,-0.0024318337863836353,0.0,-0.0,False,False,75,5.0,10,0.036,0.5,0.15,0.9867362976074219,-0.9999977946281433,0,False
149,15.0053048026748,14.980000000000004,0.10099999999999909,160,1.3726828944538478,-0.3347077711662307,0.6879277642209368,3.5883273518347925,0.6041263341903687,-0.005773538519483751,-0.037723952682000655,-0.0032735385194837515,0.0,-0.0025,True,True,76,5.0,10,0.016,0.5,0.152,0.9663740992546082,-0.9895082712173462,0,False
150,15.105517278891057,15.079999999999998,0.09999999999999432,160,1.3906238041231687,-0.3226868094602761,0.49099297316387736,3.6050943796967907,0.6069492101669312,-0.003972806075306397,-0.04169675875730705,-0.003972806075306397,0.0,-0.0,False,False,76,5.0,10,0.036,0.5,0.152,0.9652414321899414,-0.9928693175315857,0,False
151,15.205644986592233,15.179999999999993,0.09999999999999432,159,1.4105940386428015,-0.3143225283108451,0.31474587474393345,3.6242500717687736,0.6101742386817932,-0.007038779947563261,-0.04873553870487031,-0.004538779947563261,0.0,-0.0025,True,True,77,5.0,10,0.016,0.5,0.154,0.9985256195068359,-0.4162755310535431,0,False
152,15.305941972881556,15.279999999999987,0.09999999999999432,159,1.4317775464305587,-0.3083368784685369,0.23506368426614915,3.644842785928845,0.6136412024497986,-0.004879270231762421,-0.05361480893663273,-0.004879270231762421,0.0,-0.0,False,False,77,5.0,10,0.036,0.5,0.154,0.9983558058738708,-0.45214176177978516,0,False
153,15.406176808755845,15.38000000000001,0.10000000000002274,159,1.4535415279797619,-0.30418522102416745,0.14338548322922953,3.666182510831923,0.61723393201828,-0.007556268137566794,-0.061171077074199526,-0.005056268137566795,0.0,-0.0025,True,True,78,5.0,10,0.016,0.5,0.156,0.9998019337654114,-0.48776963353157043,0,False
154,15.5059459595941,15.480000000000004,0.09999999999999432,159,1.4756277789100745,-0.30210098358772275,0.04397048432426178,3.688021777042292,0.6209107637405396,-0.0051746302442445356,-0.06634570731844407,-0.0051746302442445356,0.0,-0.0,False,False,78,5.0,10,0.036,0.5,0.156,0.9998000264167786,-0.5276489853858948,0,False
155,15.606003237888217,15.579999999999998,0.09999999999999432,159,1.4977276604854104,-0.30213590726135503,-0.02565815248408341,3.7100508052233963,0.6246195435523987,-0.007719592745434697,-0.07406530006387876,-0.005219592745434697,0.0,-0.0025,True,True,79,5.0,10,0.016,0.5,0.158,0.9993493556976318,-0.006470977328717709,0,False
156,15.706254023592919,15.679999999999993,0.09999999999999432,158,1.5197256967264992,-0.30254468912561405,-0.02272929463064548,3.732009026699002,0.6283164024353027,-0.005202815692751683,-0.07926811575663045,-0.005202815692751683,0.0,-0.0,False,False,79,5.0,10,0.036,0.5,0.158,0.9993441104888916,-0.006566012743860483,0,False
157,15.806255782023072,15.779999999999987,0.09999999999999432,159,1.5416557089404404,-0.30294599396247224,-0.002135148618033083,3.753899627770857,0.6320018768310547,-0.007686793607439695,-0.08695490936407015,-0.005186793607439694,0.0,-0.0025,True,True,80,5.0,10,0.016,0.5,0.16,0.9831507205963135,0.704675018787384,0,False
158,15.906294520944357,15.88000000000001,0.10000000000002274,159,1.5631203460281267,-0.301731007286456,0.13128418623816313,3.7751975767176913,0.6355875730514526,-0.005046369676483869,-0.09200127904055401,-0.005046369676483869,0.0,-0.0,False,False,80,5.0,10,0.036,0.5,0.16,0.975919783115387,0.7019585371017456,0,False
159,16.006307128816843,15.980000000000004,0.09999999999999432,158,1.58412731917287,-0.2976116197626996,0.24641100125459778,3.7958125949899943,0.6390582919120789,-0.007384555003357491,-0.0993858340439115,-0.004884555003357491,0.0,-0.0025,True,True,81,5.0,10,0.016,0.5,0.162,0.998660147190094,0.06597954034805298,0,False
160,16.106478445697576,16.08,0.09999999999999432,160,1.605276802986217,-0.2921423729434654,0.2569597340219237,3.816474699721454,0.6425369381904602,-0.004895711743391668,-0.10428154578730317,-0.004895711743391668,0.0,-0.0,False,False,81,5.0,10,0.036,0.5,0.162,0.9986360669136047,0.06482933461666107,0,False
161,16.206383694894612,16.179999999999993,0.09999999999999432,159,1.6264020663057273,-0.28641853957628965,0.2662610532184489,3.837106711603077,0.6460105180740356,-0.0073885814960014135,-0.11167012728330458,-0.004888581496001414,0.0,-0.0025,True,True,82,5.0,10,0.016,0.5,0.164,0.9948161244392395,0.02266504615545273,0,False
162,16.30609623575583,16.279999999999987,0.09999999999999432,159,1.647481298530545,-0.28060821444732675,0.2720305856214183,3.85770048786373,0.6494776606559753,-0.0048795218875525865,-0.11654964917085717,-0.0048795218875525865,0.0,-0.0,False,False,82,5.0,10,0.036,0.5,0.164,0.9948778748512268,0.022704953327775,0,False
163,16.406227592844516,16.38000000000001,0.10000000000002274,160,1.6685098801212128,-0.27475584460683294,0.2625495294345541,3.8782546123693047,0.6529381275177002,-0.007370126738050204,-0.12391977590890738,-0.004870126738050204,0.0,-0.0025,True,True,83,5.0,10,0.016,0.5,0.166,0.9943044185638428,0.0805225670337677,0,False
164,16.50626110099256,16.480000000000004,0.09999999999999432,160,1.6896788088060086,-0.26941045752676207,0.2300922541623241,3.89899779077856,0.6564304232597351,-0.004914921468713588,-0.12883469737762096,-0.004914921468713588,0.0,-0.0,False,False,83,5.0,10,0.036,0.5,0.166,0.9954208135604858,0.09931685030460358,0,False
165,16.606415727641433,16.58,0.09999999999999432,160,1.7110314918879321,-0.26463195154503383,0.22307765172543478,3.919974277282432,0.659961998462677,-0.007470201857303618,-0.1363048992349246,-0.004970201857303618,0.0,-0.0025,True,True,84,5.0,10,0.016,0.5,0.168,0.999800980091095,0.07368182390928268,0,False
166,16.706537215970457,16.679999999999993,0.09999999999999432,159,1.732412917237348,-0.25957474649763695,0.23789149736444082,3.940970589663843,0.6634969115257263,-0.004974899432054757,-0.14127979866697934,-0.004974899432054757,0.0,-0.0,False,False,84,5.0,10,0.036,0.5,0.168,0.9997998476028442,0.07410383969545364,0,False
167,16.80628088582307,16.779999999999987,0.09999999999999432,158,1.7537208871608874,-0.254211884214229,0.2530054989459696,3.9618851203004044,0.6670180559158325,-0.007455521936206166,-0.1487353206031855,-0.004955521936206166,0.0,-0.0025,True,True,85,5.0,10,0.016,0.5,0.17,0.9996768236160278,0.06991022825241089,0,False
168,16.90653220191598,16.88000000000001,0.10000000000002274,160,1.7749579708326988,-0.24855929746401778,0.2672083911435478,3.982721763560917,0.6705260872840881,-0.00493706717825485,-0.15367238778144035,-0.00493706717825485,0.0,-0.0,False,False,85,5.0,10,0.036,0.5,0.17,0.9996612071990967,0.07020168751478195,0,False
169,17.00741238379851,16.980000000000004,0.10099999999999909,160,1.7961600661032486,-0.2426618318897754,0.26703952411879334,4.003520879267516,0.6740278005599976,-0.0074281753403330104,-0.16110056312177337,-0.004928175340333011,0.0,-0.0025,True,True,86,5.0,10,0.016,0.5,0.172,0.9996702075004578,-0.06950609385967255,0,False
170,17.10901710903272,17.10000000000001,0.10099999999999909,162,1.8217266659809104,-0.23592025212277115,0.24830638152465814,4.028640266110093,0.6782568693161011,-0.008451827209779017,-0.1695523903315524,-0.005951827209779017,0.0,-0.0025,True,True,87,5.0,10,0.0,0.5,0.174,0.999699592590332,-0.09262968599796295,0,False
171,17.208775418810546,17.200000000000003,0.09999999999999432,155,1.8430434715995274,-0.23054875291699986,0.25689831280461894,4.045431014218433,0.6810837388038635,-0.003978426387955127,-0.1735308167195075,-0.003978426387955127,0.0,-0.0,False,False,87,5.0,10,0.02,0.5,0.174,0.9999101161956787,0.05838888883590698,0,False
172,17.310181326698512,17.299999999999997,0.10099999999999909,160,1.8642770570948344,-0.2249091328970679,0.2656343789347661,4.070495171830722,0.6853035092353821,-0.008438741108686372,-0.18196955782819388,-0.0059387411086863715,0.0,-0.0025,True,True,88,5.0,10,0.0,0.5,0.176,0.9999127388000488,0.060559019446372986,0,False
173,17.410238835029304,17.39999999999999,0.09999999999999432,158,1.8854779658271477,-0.2190853183915634,0.26527660433781747,4.0913481006335,0.6888142824172974,-0.004940925900371996,-0.18691048372856586,-0.004940925900371996,0.0,-0.0,False,False,88,5.0,10,0.02,0.5,0.176,0.9998841285705566,-0.014893469400703907,0,False
174,17.51015822403133,17.499999999999986,0.09999999999999432,159,1.9067028818615819,-0.21332604483124534,0.26374639903376096,4.112239973124301,0.6923316121101379,-0.007450153279347496,-0.19436063700791337,-0.004950153279347495,0.0,-0.0025,True,True,89,5.0,10,0.0,0.5,0.178,0.9998868703842163,-0.015549791976809502,0,False
175,17.610470898915082,17.60000000000001,0.09999999999999432,160,1.9280031514381042,-0.20774374912040122,0.24134408333306898,4.133227080633998,0.6958649754524231,-0.004972718415206123,-0.1993333554231195,-0.004972718415206123,0.0,-0.0,False,False,89,5.0,10,0.02,0.5,0.178,0.9991077184677124,-0.1432439088821411,0,False
176,17.709846462588757,17.700000000000003,0.10000000000002274,159,1.9494616875235982,-0.2027608917890103,0.2141910300782688,4.154412800952617,0.6994317770004272,-0.007519778047981424,-0.20685313347110093,-0.0050197780479814234,0.0,-0.0025,True,True,90,5.0,10,0.0,0.5,0.18,0.9991229176521301,-0.15044206380844116,0,False
177,17.810601274948567,17.799999999999997,0.09999999999999432,160,1.9708462137240268,-0.1984333776971581,0.18682009291587365,4.1755638259855425,0.7029927372932434,-0.00501155729216701,-0.21186469076326794,-0.00501155729216701,0.0,-0.0,False,False,90,5.0,10,0.02,0.5,0.18,0.9866458177566528,-0.14606893062591553,0,False
178,17.91013348661363,17.89999999999999,0.09999999999999432,159,1.9922897660377639,-0.19471331584814364,0.1563757867118579,4.196809023936781,0.7065695524215698,-0.007533870772235156,-0.2193985615355031,-0.005033870772235155,0.0,-0.0025,True,True,91,5.0,10,0.0,0.5,0.182,0.9861531853675842,-0.16357947885990143,0,False
179,18.010630660690367,17.999999999999986,0.09999999999999432,160,2.013697484116833,-0.191773448925537,0.10806725510615567,4.218059178357404,0.7101472020149231,-0.0050350451659230185,-0.22443360670142612,-0.0050350451659230185,0.0,-0.0,False,False,91,5.0,10,0.02,0.5,0.182,0.9719298481941223,-0.28189927339553833,0,False
180,18.109973984770477,18.10000000000001,0.09999999999999432,154,2.035106038825339,-0.190030610455383,0.052494311654599446,4.239367394276535,0.7137346267700195,-0.007548802349122774,-0.2319824090505489,-0.005048802349122775,0.0,-0.0025,True,True,92,5.0,10,0.0,0.5,0.184,0.9703124165534973,-0.29815930128097534,0,False
181,18.210680066607893,18.200000000000003,0.10000000000002274,160,2.054305975243448,-0.18959384796894804,-0.018314915696352147,4.25852839685143,0.7169605493545532,-0.0045400382265145135,-0.23652244727706342,-0.0045400382265145135,0.0,-0.0,False,False,92,5.0,10,0.02,0.5,0.184,0.7905623912811279,-0.47607260942459106,0,False
182,18.31059211678803,18.299999999999997,0.09999999999999432,158,2.0729986762711694,-0.19090878455373517,-0.1152515289063857,4.277261372891589,0.7201144099235535,-0.00693862094304667,-0.2434610682201101,-0.004438620943046669,0.0,-0.0025,True,True,93,5.0,10,0.0,0.5,0.186,0.9998530149459839,-0.23393034934997559,0,False
183,18.41073181387037,18.39999999999999,0.09999999999999432,159,2.0948149675302963,-0.1943454561682246,-0.18120879890404454,4.299210035461952,0.7238096594810486,-0.00520055079063945,-0.24866161901074954,-0.00520055079063945,0.0,-0.0,False,False,93,5.0,10,0.02,0.5,0.186,0.9999057054519653,-0.2453681081533432,0,False
184,18.510081206914037,18.499999999999986,0.09999999999999432,158,2.116432279590817,-0.1988456544229386,-0.23254345532139079,4.32101000395077,0.727479875087738,-0.007665318980005647,-0.2563269379907552,-0.005165318980005647,0.0,-0.0025,True,True,94,5.0,10,0.0,0.5,0.188,0.9999061226844788,-0.2429986149072647,0,False
185,18.60982128791511,18.60000000000001,0.09999999999999432,159,2.13780428214879,-0.20441485698548295,-0.2817227213914931,4.342618086267686,0.7311177849769592,-0.005119853167234838,-0.26144679115799,-0.005119853167234838,0.0,-0.0,False,False,94,5.0,10,0.02,0.5,0.188,0.9999889135360718,-0.2551531493663788,0,False
186,18.71015767287463,18.700000000000003,0.10000000000002274,159,2.158869206953211,-0.2110717385084598,-0.3316217368396241,4.3639765749477215,0.7347136735916138,-0.0075607140565277665,-0.2690075052145178,-0.005060714056527767,0.0,-0.0025,True,True,95,5.0,10,0.0,0.5,0.19,0.9999886155128479,-0.25701990723609924,0,False
187,18.810388129670173,18.799999999999997,0.09999999999999432,160,2.1795718308287615,-0.218794358487335,-0.38209225497237276,4.385033781095862,0.7382588386535645,-0.004989327697362149,-0.27399683291187993,-0.004989327697362149,0.0,-0.0,False,False,95,5.0,10,0.02,0.5,0.19,0.999998152256012,-0.25021126866340637,0,False
188,18.91059156600386,18.89999999999999,0.09999999999999432,158,2.1998648051637226,-0.2275433384178556,-0.4319183173499592,4.405744742454115,0.7417457103729248,-0.007407287909742896,-0.2814041208216228,-0.004907287909742895,0.0,-0.0025,True,True,96,5.0,10,0.0,0.5,0.192,0.9999979138374329,-0.2463763803243637,0,False
189,19.01047335471958,18.999999999999986,0.09999999999999432,159,2.219694868647872,-0.23733063621453268,-0.4884671175976509,4.426062372563325,0.7451663613319397,-0.004814091382089254,-0.2862182122037121,-0.004814091382089254,0.0,-0.0,False,False,96,5.0,10,0.02,0.5,0.192,0.9999999403953552,-0.290774941444397,0,False
190,19.110937159974128,19.10000000000001,0.09999999999999432,159,2.2389290732880647,-0.24825207072193708,-0.5456168706221299,4.44586559195709,0.748500406742096,-0.007192206094348237,-0.2934104182980603,-0.0046922060943482375,0.0,-0.0025,True,True,97,5.0,10,0.0,0.5,0.194,0.9999999403953552,-0.291802316904068,0,False
191,19.310851886868477,19.299999999999997,0.19900000000001228,320,2.2753423191907998,-0.27329497041169437,-0.6597718020013388,4.483679204961404,0.7548666596412659,-0.011459617214766146,-0.30487003551282643,-0.008959617214766145,0.0,-0.0025,True,True,98,5.0,10,0.0,0.5,0.196,0.9999966025352478,-0.28780999779701233,0,False
192,19.41049205791205,19.39999999999999,0.09999999999999432,158,2.292415138852804,-0.2873175523163463,-0.7153627609385858,4.498065357351021,0.7572886943817139,-0.003408677678844401,-0.30827871319167083,-0.003408677678844401,0.0,-0.0,False,False,98,5.0,10,0.02,0.5,0.196,0.9999276995658875,-0.2797066867351532,0,False
193,19.51092974282801,19.499999999999986,0.09999999999999432,160,2.3086857635422615,-0.30226881737402284,-0.7715430870206964,4.518806765592639,0.7607806921005249,-0.0074145020423964335,-0.31569321523406724,-0.004914502042396434,0.0,-0.0025,True,True,99,5.0,10,0.0,0.5,0.198,0.9999170303344727,-0.2839694619178772,0,False
194,19.61073619266972,19.60000000000001,0.10000000000002274,159,2.324078358198463,-0.31809352606994074,-0.8272585083296796,4.53524737454229,0.7635486125946045,-0.0038954638624382823,-0.3195886790965055,-0.0038954638624382823,0.0,-0.0,False,False,99,5.0,10,0.02,0.5,0.198,0.9983813762664795,-0.2809305191040039,0,False
195,19.710492892656475,19.700000000000003,0.09999999999999432,158,2.338559305610861,-0.33474619322648247,-0.883515763736834,4.547825831740536,0.7656663060188293,-0.002980359523850481,-0.322569038620356,-0.002980359523850481,0.0,-0.0,False,False,99,5.0,10,0.036,0.5,0.198,0.9980192184448242,-0.28421109914779663,0,False
196,19.81068836990744,19.799999999999997,0.09999999999999432,158,2.351125116071733,-0.3509298085878598,-0.9404334746808453,4.562002750315405,0.7680531144142151,-0.005859101488166385,-0.3284281401085224,-0.003359101488166385,0.0,-0.0025,True,True,100,5.0,10,0.02,0.5,0.2,0.9091180562973022,-0.30360427498817444,0,False
197,19.910257750656456,19.88000000000001,0.09999999999999432,159,2.3603100270823134,-0.36418516089289993,-0.9895810380535246,4.574828676949368,0.7702124714851379,-0.0030389953229772193,-0.33146713543149964,-0.0030389953229772193,0.0,-0.0,False,False,100,5.0,10,0.036,0.5,0.2,0.9152116775512695,-0.31326690316200256,0,False
198,20.01056623691693,19.999999999999986,0.09999999999999432,158,2.3736511501616975,-0.38620879441119743,-1.0624244009244384,4.587434394729231,0.7723347544670105,-0.0054868186891334145,-0.33695395412063306,-0.002986818689133415,0.0,-0.0025,True,True,101,5.0,10,0.016,0.5,0.202,0.9994168281555176,-0.32421234250068665,0,False
199,20.111102420836687,20.10000000000001,0.10000000000002274,159,2.3837659259201542,-0.4058617921492199,-1.1280248589368975,4.601699113618919,0.7747363448143005,-0.005879905033493322,-0.3428338591541264,-0.003379905033493322,0.0,-0.0025,True,True,102,5.0,10,0.0,0.5,0.204,0.9995877146720886,-0.3296419382095337,0,False
200,20.211072959005833,20.200000000000003,0.09999999999999432,159,2.3925182459196876,-0.4260586794725576,-1.1979320665019069,4.612239045765868,0.7765108346939087,-0.0024973481771102513,-0.3453312073312366,-0.0024973481771102513,0.0,-0.0,False,False,102,5.0,10,0.02,0.5,0.204,0.9948216080665588,-0.3564061224460602,0,False
201,20.31122298585251,20.299999999999997,0.09999999999999432,158,2.399824106546974,-0.44684409082245197,-1.269150300748618,4.621477196632232,0.7780661582946777,-0.004688902063535595,-0.35002010939477224,-0.0021889020635355956,0.0,-0.0025,True,True,103,5.0,10,0.0,0.5,0.206,0.996479868888855,-0.363784521818161,0,False
202,20.411221174988896,20.39999999999999,0.09999999999999432,157,2.405639518620099,-0.468180593052509,-1.340850542946867,4.629374622529984,0.7793957591056824,-0.0018712285709850196,-0.3518913379657573,-0.0018712285709850196,0.0,-0.0,False,False,103,5.0,10,0.02,0.5,0.206,0.9998289346694946,-0.36430823802948,0,False
203,20.51102097472176,20.499999999999986,0.09999999999999432,158,2.409904769087105,-0.4899010876774507,-1.4137873459432855,4.634681231073555,0.7802891731262207,-0.003757356213318546,-0.3556486941790758,-0.0012573562133185458,0.0,-0.0025,True,True,104,5.0,10,0.0,0.5,0.208,0.9998457431793213,-0.3665890097618103,0,False
204,20.610989262815565,20.60000000000001,0.10000000000002274,157,2.4125415417100453,-0.5118743845037996,-1.495725406215358,4.639994566254147,0.7811837196350098,-0.0012589500333234584,-0.35690764421239923,-0.0012589500333234584,0.0,-0.0,False,False,104,5.0,10,0.02,0.5,0.208,0.9999827146530151,-0.4312485456466675,0,False
205,20.71118268975988,20.700000000000003,0.09999999999999432,159,2.4132751482804515,-0.5340110515740335,-1.5770958333126048,4.644079759127872,0.781871497631073,-0.0034679520545389266,-0.36037559626693816,-0.0009679520545389267,0.0,-0.0025,True,True,105,5.0,10,0.0,0.5,0.21,0.9999898076057434,-0.3825712502002716,0,False
206,20.811021888628602,20.799999999999997,0.09999999999999432,158,2.412435981891052,-0.5525931391877493,-1.6662257402558054,4.645309671602377,0.7820785641670227,-0.00029141740510158073,-0.36066701367203974,-0.00029141740510158073,0.0,-0.0,False,False,105,5.0,10,0.02,0.5,0.21,0.7351695895195007,-0.4561053514480591,0,False
207,20.911191585939378,20.89999999999999,0.09999999999999432,153,2.410136036944361,-0.5689634326573572,-1.7543502648155904,4.645112828961092,0.7820454239845276,-0.0024533597935415376,-0.3631203734655813,4.664020645846246e-05,0.0,-0.0025,True,True,106,5.0,10,0.0,0.5,0.212,0.7547131180763245,-0.4335532486438751,0,False
208,21.011459871660918,20.999999999999986,0.09999999999999432,158,2.4063381958434085,-0.5847123913042963,-1.8880424630316859,4.643300531333863,0.7817403078079224,0.00042940866341829,-0.362690964802163,0.00042940866341829,0.0,-0.0,False,False,106,5.0,10,0.02,0.5,0.212,0.6609048247337341,-0.8817369937896729,0,False
209,21.111358370631933,21.10000000000001,0.10000000000002274,159,2.4004920168780552,-0.598333649355714,-2.0579482211829423,4.639237996605898,0.7810563445091248,-0.0015374166023196377,-0.36422838140448266,0.0009625833976803623,0.0,-0.0025,True,True,107,5.0,10,0.0,0.5,0.214,0.6572455763816833,-0.7983826398849487,0,False
210,21.21127176983282,21.200000000000003,0.09999999999999432,159,2.3928485706568177,-0.6103819734848218,-2.2103583608175947,4.63457749925,0.7802717089653015,0.0011042656075872293,-0.3631241157968954,0.0011042656075872293,0.0,-0.0,False,False,107,5.0,10,0.02,0.5,0.214,0.6378987431526184,-0.6930078268051147,0,False
211,21.31149619584903,21.299999999999997,0.09999999999999432,160,2.383405155003115,-0.6214618615286788,-2.3446693923450743,4.625345012920076,0.7787173390388489,-0.0003124401006790456,-0.36343655589757445,0.0021875598993209545,0.0,-0.0025,True,True,108,5.0,10,0.0,0.5,0.216,0.6735817193984985,-0.6301540732383728,0,False
212,21.411533233709633,21.39999999999999,0.09999999999999432,160,2.373443529200049,-0.6303474041659755,-2.510381394158013,4.6166789802341395,0.7772583365440369,0.0020533434778576866,-0.36138321241971677,0.0020533434778576866,0.0,-0.0,False,False,108,5.0,10,0.02,0.5,0.216,0.5590894222259521,-0.8652507066726685,0,False
213,21.511857319623232,21.499999999999986,0.09999999999999432,155,2.3625906976441646,-0.6370113123230737,-2.673309632650123,4.60684463690748,0.7756026387214661,-0.00016983515287458638,-0.3615530475725914,0.0023301648471254137,0.0,-0.0025,True,True,109,5.0,10,0.0,0.5,0.218,0.5849441885948181,-0.7945784330368042,0,False
214,21.611460300628096,21.60000000000001,0.10000000000002274,158,2.3470109013648526,-0.6431769250539691,-2.8474780736670557,4.592274387083567,0.7731496095657349,0.003452298015820026,-0.35810074955677135,0.003452298015820026,0.0,-0.0,False,False,109,5.0,10,0.02,0.5,0.218,0.9172075986862183,-0.8628485798835754,0,False
215,21.710932322777808,21.679999999999993,0.09999999999999432,159,2.33110736331446,-0.6468504178026834,-2.98126720879564,4.577045988932047,0.7705857753753662,0.003608240720507192,-0.35449250883626415,0.003608240720507192,0.0,-0.0,False,False,109,5.0,10,0.036,0.5,0.218,0.9153470993041992,-0.8035493493080139,0,False
216,21.811548565980047,21.799999999999997,0.09999999999999432,160,2.3054674892603595,-0.648448425133464,3.110061592656067,4.5518922608373025,0.7663509249687195,0.0034599640803303577,-0.3510325447559338,0.005959964080330358,0.0,-0.0025,True,True,110,5.0,10,0.02,0.5,0.22,0.9826104044914246,-0.7702189683914185,0,False
217,21.91143581457436,21.89999999999999,0.09999999999999432,159,2.28373312372836,-0.6461243565170944,2.956707495871029,4.534417519953849,0.763408899307251,0.0016404927168716722,-0.34939205203906215,0.004140492716871672,0.0,-0.0025,True,True,111,5.0,10,0.0,0.5,0.222,0.9790188074111938,-0.7745983004570007,0,False
218,22.011419953778386,21.999999999999986,0.09999999999999432,159,2.262849292240336,-0.640787222246479,2.845232485677221,4.512678799265288,0.7597489953041077,0.005150806829434866,-0.3442412452096273,0.005150806829434866,0.0,-0.0,False,False,111,5.0,10,0.02,0.5,0.222,0.8938624262809753,-0.32685592770576477,0,False
219,22.11146101076156,22.10000000000001,0.10000000000002274,158,2.244180658890446,-0.6345028705344956,2.7815545688996695,4.49309331049093,0.7564516067504883,0.00214061665734847,-0.3421006285522788,0.00464061665734847,0.0,-0.0025,True,True,112,5.0,10,0.0,0.5,0.224,0.8870559930801392,-0.3224586546421051,0,False
220,22.21107662282884,22.179999999999993,0.09999999999999432,158,2.228965135745564,-0.6283994980870383,2.742747569310763,4.473323016215222,0.7531231045722961,0.0046844047648506625,-0.33741622378742814,0.0046844047648506625,0.0,-0.0,False,False,112,5.0,10,0.016,0.5,0.224,0.9445052146911621,-0.21276086568832397,0,False
221,22.31161496695131,22.299999999999997,0.09999999999999432,159,2.2061526309982993,-0.6181146678878755,2.6926716622218905,4.4492972389390655,0.7490781545639038,0.003192705631091895,-0.3342235181563362,0.005692705631091895,0.0,-0.0025,True,True,113,5.0,10,0.0,0.5,0.226,0.9436144828796387,-0.20384438335895538,0,False
222,22.41156391473487,22.39999999999999,0.09999999999999432,158,2.187538729205082,-0.6088495328674997,2.6821162625579946,4.433569299480255,0.7464302182197571,0.003726602827185038,-0.33049691532915115,0.003726602827185038,0.0,-0.0,False,False,113,5.0,10,0.02,0.5,0.226,0.9585229158401489,0.035669781267642975,0,False
223,22.511577132623643,22.499999999999986,0.09999999999999432,159,2.168598073454346,-0.5995747003855111,2.6874330919844254,4.4135586164393805,0.7430612444877625,0.0022413628587089943,-0.32825555247044214,0.004741362858708994,0.0,-0.0025,True,True,114,5.0,10,0.0,0.5,0.228,0.9601329565048218,0.034109313040971756,0,False
224,22.611629541032016,22.60000000000001,0.10000000000002274,159,2.150355094381066,-0.5907277388548103,2.687170311748728,4.39409491519848,0.7397843599319458,0.004611760126733897,-0.3236437923437082,0.004611760126733897,0.0,-0.0,False,False,114,5.0,10,0.02,0.5,0.228,0.9125686883926392,-0.016359828412532806,0,False
225,22.711922497022897,22.700000000000003,0.09999999999999432,160,2.132320167281238,-0.581893473470773,2.6855078800013428,4.371223995289,0.7359338402748108,0.0029190719018342037,-0.320724720441874,0.005419071901834204,0.0,-0.0025,True,True,115,5.0,10,0.0,0.5,0.23,0.9126898646354675,-0.015166684053838253,0,False
226,22.811653226614,22.799999999999997,0.09999999999999432,161,2.114688342843105,-0.5732458918109782,2.689980378931738,4.356309624876365,0.7334228754043579,0.0035338344918587365,-0.31719088595001527,0.0035338344918587365,0.0,-0.0,False,False,115,5.0,10,0.02,0.5,0.23,0.8883358836174011,0.02495327591896057,0,False
227,22.911671324633062,22.89999999999999,0.09999999999999432,161,2.0970970451938085,-0.5647390211289334,2.693870114590655,4.337758976102865,0.730299711227417,0.0018954200323880927,-0.3152954659176272,0.004395420032388093,0.0,-0.0025,True,True,116,5.0,10,0.0,0.5,0.232,0.8883184790611267,0.02476850152015686,0,False
228,23.01304690167308,22.999999999999986,0.10099999999999909,162,2.0793831409628774,-0.5563258221278842,2.7051017372470283,4.315393262037117,0.7265342473983765,0.0052993676309417165,-0.30999609828668545,0.0052993676309417165,0.0,-0.0,False,False,116,5.0,10,0.02,0.5,0.232,0.8929888010025024,0.06142676621675491,0,False
229,23.113816193770617,23.10000000000001,0.10099999999999909,162,2.061555886283516,-0.5481331048640288,2.716719937679841,4.296662410198123,0.7233807444572449,0.001938117631466126,-0.30805798065521933,0.004438117631466126,0.0,-0.0025,True,True,117,5.0,10,0.0,0.5,0.234,0.8847835063934326,0.0492011196911335,0,False
230,23.214268477633595,23.200000000000003,0.09999999999999432,162,2.043772087987982,-0.5402068557827235,2.726798441570559,4.278016526405728,0.7202415466308594,0.00441798516824651,-0.30363999548697285,0.00441798516824651,0.0,-0.0,False,False,117,5.0,10,0.02,0.5,0.234,0.8842263221740723,0.04824401065707207,0,False
231,23.31419656658545,23.299999999999997,0.10000000000002274,160,2.02594866732691,-0.532466525695607,2.7366329080843665,4.259361791775145,0.7171008586883545,0.0019200822998319653,-0.30171991318714086,0.004420082299831965,0.0,-0.0025,True,True,118,5.0,10,0.0,0.5,0.236,0.9174595475196838,-0.006479306612163782,0,False
232,23.414129635784775,23.39999999999999,0.09999999999999432,162,2.007539341828453,-0.5246103557415697,2.7360127573226167,4.240118299388344,0.7138610482215881,0.004559583492890093,-0.29716032969425077,0.004559583492890093,0.0,-0.0,False,False,118,5.0,10,0.02,0.5,0.236,0.9158511161804199,-0.005972630809992552,0,False
233,23.51419251272455,23.499999999999986,0.09999999999999432,160,1.9890169040737085,-0.5166682006307911,2.735869260180713,4.220759392071582,0.710601806640625,0.002086930088763037,-0.29507339960548773,0.004586930088763037,0.0,-0.0025,True,True,119,5.0,10,0.0,0.5,0.238,0.9876821637153625,-0.06954286247491837,0,False
234,23.613946032710373,23.60000000000001,0.09999999999999432,160,1.9693811661525789,-0.5081515371270815,2.7248199476396966,4.200232882181151,0.7071459889411926,0.004863583687503986,-0.2902098159179837,0.004863583687503986,0.0,-0.0,False,False,119,5.0,10,0.02,0.5,0.238,0.9879541397094727,-0.0630989521741867,0,False
235,23.714266368653625,23.700000000000003,0.09999999999999432,161,1.9495364799196815,-0.4992386488413172,2.7132264341955126,4.179460673022642,0.7036488056182861,0.0024218000603134656,-0.2877880158576703,0.004921800060313466,0.0,-0.0025,True,True,120,5.0,10,0.0,0.5,0.24,0.9412850737571716,-0.016994887962937355,0,False
236,23.814334815833718,23.799999999999997,0.10000000000002274,161,1.9305538349869749,-0.4904828347499776,2.7092045222475707,4.159573193649334,0.7003005743026733,0.004712170787040866,-0.2830758450706294,0.004712170787040866,0.0,-0.0,False,False,120,5.0,10,0.02,0.5,0.24,0.942907452583313,-0.012208321131765842,0,False
237,23.91403443692252,23.89999999999999,0.09999999999999432,161,1.9117311245406816,-0.4817512047064795,2.7058822596586625,4.139857066503331,0.6969811916351318,0.0021715703195484995,-0.2809042747510809,0.0046715703195484995,0.0,-0.0025,True,True,121,5.0,10,0.0,0.5,0.242,0.975456714630127,0.007753648795187473,0,False
238,24.013997874688357,23.999999999999986,0.09999999999999432,161,1.8923973617693726,-0.4727500687211249,2.706591862023564,4.1196127213343114,0.6935728788375854,0.004796727132562624,-0.27610754761851825,0.004796727132562624,0.0,-0.0,False,False,121,5.0,10,0.02,0.5,0.242,0.9760816693305969,0.007087246049195528,0,False
239,24.114559697918594,24.10000000000001,0.09999999999999432,159,1.8729190145870556,-0.4637146824273955,2.7078745128595156,4.09923171922368,0.6901415586471558,0.0023291068442405772,-0.27377844077427765,0.004829106844240577,0.0,-0.0025,True,True,122,5.0,10,0.0,0.5,0.244,0.9947668313980103,-0.19938969612121582,0,False
240,24.213850321713835,24.200000000000003,0.09999999999999432,160,1.8534995649114185,-0.45451765587981124,2.6750169037732237,4.078902406008063,0.6867189407348633,0.00481685959578203,-0.2689615811784956,0.00481685959578203,0.0,-0.0,False,False,122,5.0,10,0.02,0.5,0.244,0.9923457503318787,-0.2147403210401535,0,False
241,24.314434445928782,24.299999999999997,0.10000000000002274,161,1.834139870210659,-0.4442714089833761,2.6357561355619574,4.058529546668564,0.6832889914512634,0.00232717748318211,-0.2666344036953135,0.00482717748318211,0.0,-0.0025,True,True,123,5.0,10,0.0,0.5,0.246,0.8741478323936462,0.16906626522541046,0,False
242,24.41417008591816,24.39999999999999,0.09999999999999432,160,1.81591051965454,-0.43389065838173535,2.634317206502826,4.039281805879433,0.6800484657287598,0.004560590116050969,-0.2620738135792625,0.004560590116050969,0.0,-0.0,False,False,123,5.0,10,0.02,0.5,0.246,0.8801670074462891,0.18349048495292664,0,False
243,24.514545880723745,24.499999999999986,0.09999999999999432,162,1.798856858478797,-0.4248534534045843,2.6702991608331375,4.021362398885451,0.6770315766334534,0.0017458526077201567,-0.26032796097154237,0.004245852607720157,0.0,-0.0025,True,True,124,5.0,10,0.0,0.5,0.248,0.9173433184623718,0.07108737528324127,0,False
244,24.614261050708592,24.60000000000001,0.09999999999999432,161,1.7809368254009423,-0.41603904359153604,2.689524348627768,4.002617385705357,0.6738756895065308,0.004441473042002729,-0.25588648792953966,0.004441473042002729,0.0,-0.0,False,False,124,5.0,10,0.02,0.5,0.248,0.9169227480888367,0.07012684643268585,0,False
245,24.714481006842107,24.700000000000003,0.09999999999999432,161,1.7627458843549906,-0.40738875531063273,2.7055341436885225,3.9836316297265704,0.6706792712211609,0.001998515021124344,-0.2538879729084153,0.004498515021124344,0.0,-0.0025,True,True,125,5.0,10,0.0,0.5,0.25,0.9417581558227539,0.04807127267122269,0,False
246,24.814814022742212,24.799999999999997,0.10000000000002274,159,1.7440413091155136,-0.39878579141762693,2.7157127065481603,3.96415093487635,0.667399525642395,0.004615786619377715,-0.24927218628903758,0.004615786619377715,0.0,-0.0,False,False,125,5.0,10,0.02,0.5,0.25,0.9417805075645447,0.0474528968334198,0,False
247,24.91468639159575,24.89999999999999,0.09999999999999432,157,1.7251506476351746,-0.39031497258789927,2.725062470993003,3.944509154771121,0.6640926599502563,0.002153954414231387,-0.2471182318748062,0.004653954414231387,0.0,-0.0025,True,True,126,5.0,10,0.0,0.5,0.252,0.9880264401435852,0.01610679179430008,0,False
248,25.01442057173699,24.999999999999986,0.09999999999999432,160,1.7055348125685876,-0.38172047351900573,2.7297857399015806,3.924144792236282,0.6606641411781311,0.004825164236860043,-0.24229306763794614,0.004825164236860043,0.0,-0.0,False,False,126,5.0,10,0.02,0.5,0.252,0.9883140921592712,0.006499638315290213,0,False
249,25.114736606832594,25.10000000000001,0.09999999999999432,159,1.68560882843965,-0.3730233563888331,2.7313246734701444,3.9034731285995803,0.6571838855743408,0.0023979766455037963,-0.23989509099244236,0.004897976645503796,0.0,-0.0025,True,True,127,5.0,10,0.0,0.5,0.254,0.9851561188697815,0.04953494668006897,0,False
250,25.214797204826027,25.200000000000003,0.09999999999999432,161,1.6656955056937546,-0.3644332678351462,2.7416813173599732,3.882835806215045,0.6537094116210938,0.004889839774952666,-0.2350052512174897,0.004889839774952666,0.0,-0.0,False,False,127,5.0,10,0.02,0.5,0.254,0.9865342974662781,0.057448215782642365,0,False
251,25.31467746384442,25.299999999999997,0.10000000000002274,160,1.645681424205058,-0.35608755928814023,2.7518376639881756,3.8621319255273416,0.6502237319946289,0.002405610204474489,-0.2325996410130152,0.004905610204474489,0.0,-0.0025,True,True,128,5.0,10,0.0,0.5,0.256,0.9724317193031311,0.1478351503610611,0,False
252,25.414501812774688,25.39999999999999,0.09999999999999432,161,1.62578815812117,-0.34812456962159616,2.776142590174309,3.8415940865640317,0.6467660069465637,0.004866268015933164,-0.22773337299708205,0.004866268015933164,0.0,-0.0,False,False,128,5.0,10,0.02,0.5,0.256,0.9741888046264648,0.14640496671199799,0,False
253,25.514739078935236,25.499999999999986,0.09999999999999432,160,1.6057079192240808,-0.3407688301476178,2.8041895715641596,3.820934106033737,0.643287718296051,0.0023952084318111257,-0.22533816456527092,0.004895208431811126,0.0,-0.0025,True,True,129,5.0,10,0.0,0.5,0.258,0.988747239112854,0.0557967834174633,0,False
254,25.61459481762722,25.60000000000001,0.09999999999999432,159,1.5851916557704775,-0.333773381297171,2.814320489874065,3.7998790240867617,0.639742910861969,0.004988824385781711,-0.2203493401794892,0.004988824385781711,0.0,-0.0,False,False,129,5.0,10,0.02,0.5,0.258,0.9892691373825073,0.04665756970643997,0,False
255,25.714604435954243,25.700000000000003,0.09999999999999432,160,1.5645542924274125,-0.32692405056399326,2.82570325603747,3.778723042584452,0.636181116104126,0.0025127316858546632,-0.21783660849363454,0.005012731685854663,0.0,-0.0025,True,True,130,5.0,10,0.0,0.5,0.26,0.9224669933319092,-0.07380151003599167,0,False
256,25.81511930981651,25.799999999999997,0.10000000000002274,161,1.5449015322708064,-0.32045835906952025,2.813419311566827,3.7585877397418996,0.6327911615371704,0.004770890471430993,-0.21306571802220353,0.004770890471430993,0.0,-0.0,False,False,130,5.0,10,0.02,0.5,0.26,0.917708694934845,-0.08249685913324356,0,False
257,25.915730382781476,25.89999999999999,0.10099999999999909,159,1.5258112571508713,-0.31380704087597616,2.7989779452561434,3.739002959034597,0.6294938921928406,0.0021404488868215876,-0.21092526913538195,0.004640448886821588,0.0,-0.0025,True,True,131,5.0,10,0.0,0.5,0.262,0.8636515736579895,-0.0688227191567421,0,False
258,26.015479262918234,25.999999999999986,0.09999999999999432,159,1.5077247103681348,-0.3071886345299577,2.784258280155368,3.720428235981227,0.6263666749000549,0.004401124230300317,-0.20652414490508164,0.004401124230300317,0.0,-0.0,False,False,131,5.0,10,0.02,0.5,0.262,0.863191545009613,-0.06782352924346924,0,False
259,26.11569538898766,26.10000000000001,0.09999999999999432,161,1.489956956741922,-0.3004134341363665,2.7703903536895518,3.7021657704991053,0.6232920289039612,0.0018271374279687004,-0.20469700747711295,0.0043271374279687,0.0,-0.0025,True,True,132,5.0,10,0.0,0.5,0.264,0.9827620983123779,0.2104780673980713,0,False
260,26.21585771581158,26.200000000000003,0.09999999999999432,161,1.4712117514908951,-0.29314196071753523,2.7869947794986647,3.6828967876983247,0.620047926902771,0.0045656232318559775,-0.20013138424525698,0.0045656232318559775,0.0,-0.0,False,False,132,5.0,10,0.02,0.5,0.264,0.9825131893157959,0.20423658192157745,0,False
261,26.31568261468783,26.299999999999997,0.09999999999999432,160,1.4508460344116245,-0.28610764208248024,2.827410271116854,3.6620396104932174,0.6165364384651184,0.002441932523532977,-0.197689451721724,0.004941932523532977,0.0,-0.0025,True,True,133,5.0,10,0.0,0.5,0.266,0.9557026624679565,0.0460963137447834,0,False
262,26.415639034006745,26.39999999999999,0.10000000000002274,160,1.4306387279014043,-0.27986631758665054,2.844298709510049,3.6414093687792324,0.6130631566047668,0.00488816206968426,-0.19280128965203974,0.00488816206968426,0.0,-0.0,False,False,133,5.0,10,0.02,0.5,0.266,0.9511542916297913,0.044824592769145966,0,False
263,26.515772530809045,26.499999999999986,0.09999999999999432,160,1.410622292332741,-0.2738610461436073,2.855787073019303,3.620993317349379,0.6096259355545044,0.0023374114853186956,-0.19046387816672106,0.004837411485318696,0.0,-0.0025,True,True,134,5.0,10,0.0,0.5,0.268,0.9723819494247437,0.09343014657497406,0,False
264,26.616685090586543,26.60000000000001,0.10099999999999909,162,1.3901676698013123,-0.26797054134249515,2.871945034620215,3.6001545498877014,0.6061175465583801,0.004937570489835393,-0.18552630767688566,0.004937570489835393,0.0,-0.0,False,False,134,5.0,10,0.02,0.5,0.268,0.971457302570343,0.08325643092393875,0,False
265,26.71678098803386,26.700000000000003,0.09999999999999432,158,1.3695632629343681,-0.26242920617766996,2.8869657758002663,3.5791968271607866,0.6025891304016113,0.0024657559383426454,-0.18306055173854302,0.004965755938342645,0.0,-0.0025,True,True,135,5.0,10,0.0,0.5,0.27,0.9953135848045349,-0.02761324867606163,0,False
266,26.816995654720813,26.799999999999997,0.09999999999999432,154,1.3484658578030717,-0.2570035098144826,2.8850810023850335,3.557760805138231,0.598980188369751,0.0050790849292154825,-0.17798146680932753,0.0050790849292154825,0.0,-0.0,False,False,135,5.0,10,0.02,0.5,0.27,0.9953649640083313,-0.02733568660914898,0,False
267,26.91698695300147,26.89999999999999,0.10000000000002274,160,1.3272858202768685,-0.2514160141845569,2.8814676807756814,3.5362345045661643,0.5953560471534729,0.002600475671386246,-0.17538099113794128,0.005100475671386246,0.0,-0.0025,True,True,136,5.0,10,0.0,0.5,0.272,0.9948495030403137,-0.07187484204769135,0,False
268,27.01677032187581,26.999999999999986,0.09999999999999432,160,1.30613738323922,-0.24566441139489736,2.868460477490248,3.51473334037455,0.5917361378669739,0.00509451981768375,-0.17028647132025754,0.00509451981768375,0.0,-0.0,False,False,136,5.0,10,0.02,0.5,0.272,0.9951808452606201,-0.07175831496715546,0,False
269,27.117017817683518,27.10000000000001,0.09999999999999432,160,1.2850681898087022,-0.23960619246678658,2.8546597399337807,3.493295194150829,0.5881268382072449,0.0025795882407960258,-0.16770688307946152,0.005079588240796026,0.0,-0.0025,True,True,137,5.0,10,0.0,0.5,0.274,0.999994158744812,-0.044014282524585724,0,False
270,27.216971505898982,27.200000000000003,0.09999999999999432,161,1.2640065834149776,-0.2332581908905518,2.8451404073875337,3.4718513833906686,0.5845165848731995,0.0050809304050105615,-0.16262595267445096,0.0050809304050105615,0.0,-0.0,False,False,137,5.0,10,0.02,0.5,0.274,0.9999945759773254,-0.04268193617463112,0,False
271,27.31690055457875,27.299999999999997,0.09999999999999432,160,1.2429814441676552,-0.22672986539244813,2.836125787244064,3.4504387275809267,0.5809115767478943,0.0025735485018302463,-0.1600524041726207,0.005073548501830246,0.0,-0.0025,True,True,138,5.0,10,0.0,0.5,0.276,0.9999966621398926,-0.07133100181818008,0,False
272,27.416949152946472,27.39999999999999,0.10000000000002274,161,1.2220135922043607,-0.2199929440588734,2.8227542561868666,3.4290777606661993,0.5773152709007263,0.0050613012533715935,-0.1549911029192491,0.0050613012533715935,0.0,-0.0,False,False,138,5.0,10,0.02,0.5,0.276,0.9999970197677612,-0.06997118890285492,0,False
273,27.517091418616474,27.499999999999986,0.09999999999999432,159,1.20114236280603,-0.21295785321068936,2.8094592360989363,3.4078028238986517,0.5737334489822388,0.0025409171343620213,-0.1524501857848871,0.005040917134362021,0.0,-0.0025,True,True,139,5.0,10,0.0,0.5,0.278,0.9999788403511047,-0.0459245890378952,0,False
274,27.616991797927767,27.60000000000001,0.09999999999999432,159,1.180367103669076,-0.20566319026394017,2.799995929450898,3.3866178116470875,0.5701667666435242,0.005019610277454646,-0.14743057550743244,0.005019610277454646,0.0,-0.0,False,False,139,5.0,10,0.02,0.5,0.278,0.9999802112579346,-0.04107241705060005,0,False
275,27.717330522835255,27.700000000000003,0.09999999999999432,160,1.1596548531731283,-0.19819880613169732,2.7915456778913765,3.365496171396944,0.5666107535362244,0.002504594815303533,-0.1449259806921289,0.005004594815303533,0.0,-0.0025,True,True,140,5.0,10,0.0,0.5,0.28,0.9996464848518372,0.152784526348114,0,False
276,27.81748212967068,27.799999999999997,0.09999999999999432,160,1.1390168667327376,-0.19078435822743525,2.814604071464946,3.3444630395286734,0.5630696415901184,0.004983623499449924,-0.13994235719267897,0.004983623499449924,0.0,-0.0,False,False,140,5.0,10,0.02,0.5,0.28,0.9996237754821777,0.1436789333820343,0,False
277,27.917393617797643,27.89999999999999,0.10000000000002274,159,1.118153143557485,-0.18399838461305357,2.839952401429872,3.323250766695492,0.5594983696937561,0.002526069442737685,-0.1374162877499413,0.005026069442737685,0.0,-0.0025,True,True,141,5.0,10,0.0,0.5,0.282,0.9998764395713806,0.2130410075187683,0,False
278,28.017257306724787,27.999999999999986,0.09999999999999432,159,1.0971324974799597,-0.17785888194041188,2.8788756138055933,3.301926265234096,0.555908203125,0.00505266107123992,-0.13236362667870138,0.00505266107123992,0.0,-0.0,False,False,141,5.0,10,0.02,0.5,0.282,0.9998713731765747,0.2022494524717331,0,False
279,28.117297814693302,28.10000000000001,0.09999999999999432,159,1.07585521442254,-0.17258313618567814,2.917990205037431,3.280398194494392,0.552283763885498,0.0026008950977032953,-0.1297627315809981,0.005100895097703295,0.0,-0.0025,True,True,142,5.0,10,0.0,0.5,0.284,0.9999886155128479,-0.004155612085014582,0,False
280,28.217537720687687,28.200000000000003,0.09999999999999432,155,1.0543889441819938,-0.16794847367415291,2.9260698149863074,3.2587196595055046,0.5486339926719666,0.005136546334654358,-0.12462618524634375,0.005136546334654358,0.0,-0.0,False,False,142,5.0,10,0.02,0.5,0.284,0.9999884366989136,-0.005455879494547844,0,False
281,28.31732681998983,28.299999999999997,0.09999999999999432,156,1.0328971713385064,-0.1632608222509186,2.927911682574509,3.23701669620322,0.5449801087379456,0.0026423344178299712,-0.12198385082851378,0.005142334417829971,0.0,-0.0025,True,True,143,5.0,10,0.0,0.5,0.286,0.9999080300331116,0.14190924167633057,0,False
282,28.417417706921697,28.39999999999999,0.10000000000002274,158,1.0114175123543079,-0.15870654730038158,2.950176788344586,3.2153367450802226,0.541330099105835,0.005136881875708018,-0.11684696895280576,0.005136881875708018,0.0,-0.0,False,False,143,5.0,10,0.02,0.5,0.286,0.9999041557312012,0.13437525928020477,0,False
283,28.51766098290682,28.499999999999986,0.09999999999999432,159,0.989820807221463,-0.15477020305817216,2.9738546355621676,3.193573242044737,0.5376660227775574,0.002656678797873869,-0.11419029015493189,0.005156678797873869,0.0,-0.0025,True,True,144,5.0,10,0.0,0.5,0.288,0.999944269657135,0.0992387980222702,0,False
284,28.617600061930716,28.60000000000001,0.09999999999999432,158,0.9681274024054849,-0.15135717705023471,2.993874447143815,3.171741056504918,0.5339903831481934,0.005172952538976234,-0.10901733761595565,0.005172952538976234,0.0,-0.0,False,False,144,5.0,10,0.02,0.5,0.288,0.999943196773529,0.09033603966236115,0,False
285,28.717450520955026,28.700000000000003,0.09999999999999432,156,0.9463725224129744,-0.14833591549115396,3.0124570257014565,3.149867095008855,0.5303077101707458,0.0026828510000591597,-0.10633448661589649,0.00518285100005916,0.0,-0.0025,True,True,145,5.0,10,0.0,0.5,0.29,0.9999251961708069,0.07435710728168488,0,False
286,28.818605788983405,28.799999999999997,0.10099999999999909,163,0.924564116292894,-0.1456711588559734,3.02732634067419,3.1279580841935704,0.5266191363334656,0.005191155641137172,-0.10114333097475932,0.005191155641137172,0.0,-0.0,False,False,145,5.0,10,0.02,0.5,0.29,0.9999248385429382,0.06649444997310638,0,False
287,28.91952236974612,28.89999999999999,0.10099999999999909,163,0.9027176843358147,-0.14330596488241548,3.040261657670123,3.106025353131944,0.5229265689849854,0.0026967759537859033,-0.09844655502097341,0.005196775953785903,0.0,-0.0025,True,True,146,5.0,10,0.0,0.5,0.292,0.9976236820220947,0.011320543475449085,0,False
288,29.0197687856853,28.999999999999986,0.09999999999999432,160,0.880871522404394,-0.14115810314060528,3.0436695041931845,3.0841035971096695,0.5192358493804932,0.005194175510620115,-0.0932523795103533,0.005194175510620115,0.0,-0.0,False,False,146,5.0,10,0.02,0.5,0.292,0.9976530075073242,0.011050296016037464,0,False
289,29.119857892859727,29.10000000000001,0.10000000000002274,160,0.8590301438858192,-0.1390513407562594,3.046648849255545,3.062188921757945,0.5155463218688965,0.0026924978053518137,-0.09055988170500148,0.005192497805351814,0.0,-0.0025,True,True,147,5.0,10,0.0,0.5,0.294,0.9989991784095764,6.839632987976074e-06,0,False
290,29.219558152835816,29.200000000000003,0.09999999999999432,160,0.8371567589023148,-0.1369779859835819,3.047004219469739,3.040244153556384,0.5118517279624939,0.005199628052741963,-0.08536025365225952,0.005199628052741963,0.0,-0.0,False,False,147,5.0,10,0.02,0.5,0.294,0.9990067481994629,0.00037876886199228466,0,False
291,29.319972917903215,29.299999999999997,0.09999999999999432,162,0.8152768886729422,-0.13490439191525622,3.04715763438006,3.0182933667848553,0.5081561207771301,0.002701054102220098,-0.08265919955003942,0.005201054102220098,0.0,-0.0025,True,True,148,5.0,10,0.0,0.5,0.296,0.9916896224021912,0.017867660149931908,0,False
292,29.42004704475403,29.39999999999999,0.09999999999999432,161,0.7935282207361127,-0.13286550687938387,3.0502131412785447,2.996475342586136,0.5044828653335571,0.005169597128439631,-0.07748960242159979,0.005169597128439631,0.0,-0.0,False,False,148,5.0,10,0.02,0.5,0.296,0.9916620254516602,0.01771213300526142,0,False
293,29.519712646026164,29.499999999999986,0.09999999999999432,160,0.7718055506596393,-0.13090949546040703,3.0534216438991715,2.9746874112372534,0.50081467628479,0.0026624668810494817,-0.0748271355405503,0.005162466881049482,0.0,-0.0025,True,True,149,5.0,10,0.0,0.5,0.298,0.9964323043823242,-0.0010703313164412975,0,False
294,29.61991446185857,29.60000000000001,0.10000000000002274,158,0.7499891920041695,-0.12900117829758723,3.0536976766800943,2.9528084932718057,0.4971311688423157,0.005184025393746918,-0.06964311014680338,0.005184025393746918,0.0,-0.0,False,False,149,5.0,10,0.02,0.5,0.298,0.9964625835418701,-0.0006815044907853007,0,False
295,29.719938579015434,29.700000000000003,0.09999999999999432,159,0.728151645699257,-0.1270832463506682,3.0539391878202897,2.9309081562779444,0.4934440553188324,0.0026891004521835695,-0.06695400969461981,0.0051891004521835695,0.0,-0.0025,True,True,150,5.0,10,0.0,0.5,0.3,0.990175724029541,0.0055238413624465466,0,False
296,29.819797277916223,29.799999999999997,0.09999999999999432,160,0.7064244510742111,-0.12517834383363363,3.0549333685183653,2.909118808794952,0.4897756278514862,0.005162802422103038,-0.061791207272516774,0.005162802422103038,0.0,-0.0,False,False,150,5.0,10,0.02,0.5,0.3,0.9902893304824829,0.005595506634563208,0,False
297,29.92004940379411,29.89999999999999,0.09999999999999432,160,0.6847202589303663,-0.12330125986534901,3.055901021173176,2.887354243658884,0.4861113727092743,0.0026569304536641406,-0.05913427681885263,0.005156930453664141,0.0,-0.0025,True,True,151,5.0,10,0.0,0.5,0.302,0.9981809854507446,0.0034812064841389656,0,False
298,30.019729643594474,29.999999999999986,0.09999999999999432,160,0.66287561311286,-0.12143420843873183,3.0566268170214324,2.865449835279457,0.4824235737323761,0.005190065132712697,-0.053944211686139935,0.005190065132712697,0.0,-0.0,False,False,151,5.0,10,0.02,0.5,0.302,0.9981963634490967,0.003525451058521867,0,False
299,30.119958869647235,30.10000000000001,0.10000000000002274,161,0.6409952436216849,-0.1195790416111909,3.0573865903239135,2.8435107316143355,0.4787299335002899,0.0026982858885274273,-0.05124592579761251,0.005198285888527427,0.0,-0.0025,True,True,152,5.0,10,0.0,0.5,0.304,0.9961587190628052,-0.030607614666223526,0,False
300,30.22039919393137,30.200000000000003,0.09999999999999432,159,0.6191416464133477,-0.11770350630197575,3.052291006962997,2.821597649413485,0.4750406742095947,0.005192120321666407,-0.046053805475946105,0.005192120321666407,0.0,-0.0,False,False,152,5.0,10,0.02,0.5,0.304,0.9960968494415283,-0.02794274315237999,0,False
301,30.320001845713705,30.299999999999997,0.09999999999999432,159,0.5973104116605547,-0.11569668881487252,3.0474005862032496,2.799701914855481,0.47135433554649353,0.0026880099437591996,-0.043365795532186904,0.0051880099437592,0.0,-0.0025,True,True,153,5.0,10,0.0,0.5,0.306,0.9798334240913391,-0.05035386607050896,0,False
302,30.42036213958636,30.39999999999999,0.09999999999999432,160,0.57577036719274,-0.11357709948683326,3.0383518378530816,2.7780929474547453,0.4677162766456604,0.005120062880393467,-0.038245732651793436,0.005120062880393467,0.0,-0.0,False,False,153,5.0,10,0.02,0.5,0.306,0.979626476764679,-0.041011273860931396,0,False
303,30.5204411377199,30.499999999999986,0.09999999999999432,160,0.5543286837684415,-0.11127250049393465,3.030851613212374,2.7565754977208665,0.4640936255455017,0.0025983785398007906,-0.035647354111992643,0.005098378539800791,0.0,-0.0025,True,True,154,5.0,10,0.0,0.5,0.308,0.9881711602210999,-0.03440207988023758,0,False
304,30.620343305636197,30.60000000000001,0.10000000000002274,157,0.5327534690427531,-0.10879814428459122,3.0241305794703024,2.734918381760392,0.4604474604129791,0.005131471276217812,-0.030515882835774832,0.005131471276217812,0.0,-0.0,False,False,154,5.0,10,0.02,0.5,0.308,0.9886871576309204,-0.031695153564214706,0,False
305,30.72028167359531,30.700000000000003,0.09999999999999432,160,0.511146843888002,-0.10617898486716949,3.017860653769754,2.7132251543801136,0.45679521560668945,0.002640027573086096,-0.027875855262688737,0.005140027573086096,0.0,-0.0025,True,True,155,5.0,10,0.0,0.5,0.31,0.938075840473175,-0.1054726392030716,0,False
306,30.820373030845076,30.799999999999997,0.09999999999999432,160,0.49026615786782923,-0.10354106396735065,3.009548414308193,2.6922578727479562,0.4532651901245117,0.0049680208404548785,-0.022907834422233857,0.0049680208404548785,0.0,-0.0,False,False,155,5.0,10,0.02,0.5,0.31,0.9415823817253113,-0.10070689767599106,0,False
307,30.92018497083336,30.89999999999999,0.09999999999999432,160,0.4696916771604709,-0.10054587068012769,2.98903721416634,2.671584438943617,0.44978463649749756,0.0023983960718208454,-0.020509438350413012,0.0048983960718208455,0.0,-0.0025,True,True,156,5.0,10,0.0,0.5,0.312,0.9477105140686035,-0.041203003376722336,0,False
308,31.02047481574118,30.999999999999986,0.09999999999999432,161,0.4490857767574492,-0.09722116091885058,2.978689770428437,2.650869229183034,0.4462970495223999,0.004908294532903771,-0.015601143817509242,0.004908294532903771,0.0,-0.0,False,False,156,5.0,10,0.02,0.5,0.312,0.9485481381416321,-0.03452366963028908,0,False
309,31.12040593381971,31.10000000000001,0.10000000000002274,160,0.4284904088749496,-0.0937558101080109,2.9710047347884947,2.6301619851768194,0.4428108036518097,0.002406407114476945,-0.013194736703032298,0.004906407114476945,0.0,-0.0025,True,True,157,5.0,10,0.0,0.5,0.314,0.8798381686210632,-0.0305156446993351,0,False
310,31.22028458258137,31.200000000000003,0.09999999999999432,159,0.40907648737541996,-0.09033748806195124,2.9625659551063928,2.6106398684038825,0.4395240843296051,0.0046256011951972525,-0.008569135507835045,0.0046256011951972525,0.0,-0.0,False,False,157,5.0,10,0.02,0.5,0.314,0.8809400200843811,-0.02356906235218048,0,False
311,31.32040093978867,31.299999999999997,0.09999999999999432,160,0.3899983952599371,-0.08686386747041766,2.958754281088556,2.591454614532354,0.4362940788269043,0.00204578436705838,-0.006523351140776665,0.00454578436705838,0.0,-0.0025,True,True,158,5.0,10,0.0,0.5,0.316,0.9329209327697754,-0.04994671791791916,0,False
312,31.42041279701516,31.39999999999999,0.09999999999999432,161,0.3700111464929755,-0.08306809612500515,2.9470326161671343,2.571353298908441,0.43290984630584717,0.004762837486143252,-0.0017605136546334126,0.004762837486143252,0.0,-0.0,False,False,158,5.0,10,0.02,0.5,0.316,0.9336276650428772,-0.039823807775974274,0,False
313,31.52043595490977,31.499999999999986,0.09999999999999432,160,0.3498564470734188,-0.07904356193010428,2.9404426088693216,2.551081339124277,0.4294968843460083,0.0023032701831089465,0.0005427565284755339,0.0048032701831089465,0.0,-0.0025,True,True,159,5.0,10,0.0,0.5,0.318,0.8899850845336914,0.0360766164958477,0,False
314,31.62054981198162,31.60000000000001,0.10000000000002274,156,0.3304754558861502,-0.07505657146182863,2.9422661098995584,2.5315882531005944,0.4262150526046753,0.004618722603597269,0.005161479132072802,0.004618722603597269,0.0,-0.0,False,False,159,5.0,10,0.02,0.5,0.318,0.8895394206047058,0.037731919437646866,0,False
315,31.720712937880307,31.700000000000003,0.09999999999999432,160,0.31128207613255193,-0.07126396396542159,2.9490412928392686,2.51229307181878,0.42296653985977173,0.0020718307413485353,0.007233309873421337,0.004571830741348535,0.0,-0.0025,True,True,160,5.0,10,0.0,0.5,0.32,0.9539863467216492,-0.012544427998363972,0,False
316,31.82039000792429,31.799999999999997,0.09999999999999432,161,0.2909582957949213,-0.06734044655704806,2.9486256761148764,2.4918683465675033,0.4195278584957123,0.004839466674272299,0.012072776547693637,0.004839466674272299,0.0,-0.0,False,False,160,5.0,10,0.02,0.5,0.32,0.9531328082084656,-0.007028672378510237,0,False
317,31.920526184607297,31.89999999999999,0.09999999999999432,161,0.27038502625468275,-0.0633111488109395,2.9483767594105523,2.4711961518805103,0.41604751348495483,0.0023981024733989325,0.01447087902109257,0.0048981024733989326,0.0,-0.0025,True,True,161,5.0,10,0.0,0.5,0.322,0.9776554703712463,-0.051326654851436615,0,False
318,32.020653881598264,31.999999999999986,0.09999999999999432,160,0.24940347536164037,-0.05913742835917019,2.939848062902425,2.450117349687193,0.41249871253967285,0.004994444698430442,0.01946532371952301,0.004994444698430442,0.0,-0.0,False,False,161,5.0,10,0.02,0.5,0.322,0.9748567342758179,-0.02894098311662674,0,False
319,32.120633780024946,32.10000000000001,0.10000000000002274,162,0.2284010963431008,-0.054787494912366036,2.9354241695026273,2.4290190756498644,0.4089466333389282,0.0024990583879180863,0.021964382107441095,0.004999058387918086,0.0,-0.0025,True,True,162,5.0,10,0.0,0.5,0.324,0.9477944374084473,0.008874883875250816,0,False
320,32.22061790758744,32.2,0.09999999999999432,161,0.20789501753792133,-0.050487122390180945,2.9368662838378925,2.408424237288628,0.4054793119430542,0.004879773543342963,0.02684415565078406,0.004879773543342963,0.0,-0.0,False,False,162,5.0,10,0.02,0.5,0.324,0.94746333360672,0.012208943255245686,0,False
321,32.320867822971195,32.3,0.09999999999999432,161,0.18748812820513217,-0.04626703348133461,2.9388518906001293,2.3879363170526946,0.40202999114990234,0.0023544401937916648,0.029198595844575726,0.004854440193791665,0.0,-0.0025,True,True,163,5.0,10,0.0,0.5,0.326,0.981691300868988,0.059879153966903687,0,False
322,32.42102490970865,32.39999999999999,0.09999999999999432,161,0.16636617374777316,-0.04197032523457564,2.9457875429010656,2.3667383825773767,0.39846113324165344,0.005022672089569336,0.03422126793414506,0.005022672089569336,0.0,-0.0,False,False,163,5.0,10,0.02,0.5,0.326,0.9824944138526917,0.055710569024086,0,False
323,32.52086949860677,32.499999999999986,0.09999999999999432,160,0.1451498611850661,-0.037905099779198544,2.9563131243072474,2.3454561881225158,0.394878089427948,0.002542636782261964,0.036763904716407024,0.005042636782261964,0.0,-0.0025,True,True,164,5.0,10,0.0,0.5,0.328,0.9869055151939392,0.044712215662002563,0,False
324,32.620769946835935,32.60000000000001,0.10000000000002274,156,0.12381597953127854,-0.03401316380633889,2.965344347330228,2.3240649513411875,0.39127668738365173,0.005068473443393595,0.04183237815980062,0.005068473443393595,0.0,-0.0,False,False,164,5.0,10,0.02,0.5,0.328,0.9877471327781677,0.0355042964220047,0,False
325,32.72075696475804,32.7,0.09999999999999432,161,0.10241864735796577,-0.030276183874446624,2.9722523737164264,2.3026177772625154,0.38766586780548096,0.0025817273150131235,0.044414105474813746,0.0050817273150131235,0.0,-0.0025,True,True,165,5.0,10,0.0,0.5,0.33,0.936777651309967,-0.19207702577114105,0,False
326,32.820841741748154,32.8,0.09999999999999432,161,0.08155587488081158,-0.026616775016241174,2.948692797659685,2.281711212380323,0.3841460645198822,0.004953634517779234,0.04936773999259298,0.004953634517779234,0.0,-0.0,False,False,165,5.0,10,0.02,0.5,0.33,0.9255352020263672,-0.17872488498687744,0,False
327,32.92112171696499,32.89999999999999,0.09999999999999432,162,0.06167304618727292,-0.022366035381738262,2.9158098443563456,2.2617835502016446,0.3807910680770874,0.00222169176443849,0.05158943175703147,0.00472169176443849,0.0,-0.0025,True,True,166,5.0,10,0.0,0.5,0.332,0.9877687692642212,0.050239548087120056,0,False
328,33.02111056493595,32.999999999999986,0.09999999999999432,162,0.04120085179659172,-0.017424575067157923,2.910483004250091,2.241268546400858,0.37733718752861023,0.004860857416442852,0.05645028917347432,0.004860857416442852,0.0,-0.0,False,False,166,5.0,10,0.02,0.5,0.332,0.9871689677238464,0.05742961913347244,0,False
329,33.12076416471973,33.10000000000001,0.10000000000002274,161,0.020048770152109815,-0.012578896622789435,2.9197151059699022,2.220084419233112,0.37377065420150757,0.002519400564296227,0.058969689737770545,0.005019400564296227,0.0,-0.0025,True,True,167,5.0,10,0.0,0.5,0.334,0.9815750122070312,-0.05993511527776718,0,False
330,33.22122142883018,33.2,0.09999999999999432,163,-0.0010705202414672595,-0.007854474630408026,2.912403677474616,2.1989434841557203,0.3702113926410675,0.0050091665621596415,0.06397885629993019,0.0050091665621596415,0.0,-0.0,False,False,167,5.0,10,0.02,0.5,0.334,0.98012775182724,-0.05419012904167175,0,False
331,33.320860779844224,33.3,0.09999999999999432,159,-0.022064667985886837,-0.0028799127506726717,2.9044421898748745,2.1779372588355392,0.3666748106479645,0.0024772482194303784,0.06645610451936057,0.0049772482194303785,0.0,-0.0025,True,True,168,5.0,10,0.0,0.5,0.336,0.9539240002632141,-0.06021580472588539,0,False
332,33.42104718601331,33.39999999999999,0.09999999999999432,160,-0.04253279880422277,0.0021963147109230643,2.893145778625952,2.1574682793933264,0.3632286787033081,0.0048499523321990515,0.07130605685155962,0.0048499523321990515,0.0,-0.0,False,False,168,5.0,10,0.02,0.5,0.336,0.9484235644340515,-0.052853669971227646,0,False
333,33.52137363096699,33.499999999999986,0.09999999999999432,160,-0.06272091526569695,0.007436702173070551,2.882675389529013,2.137292085678349,0.359831839799881,0.002280579219355394,0.07358663607091502,0.004780579219355394,0.0,-0.0025,True,True,169,5.0,10,0.0,0.5,0.338,0.9022025465965271,-0.031714022159576416,0,False
334,33.6214081379585,33.60000000000001,0.10000000000002274,161,-0.082186169180109,0.012672875498288777,2.876189909519163,2.1178517506502628,0.3565588891506195,0.00460622369934845,0.07819285977026347,0.00460622369934845,0.0,-0.0,False,False,169,5.0,10,0.02,0.5,0.338,0.8944366574287415,-0.019561290740966797,0,False
335,33.721280166879296,33.7,0.09999999999999432,161,-0.10114531865444315,0.017865018289870412,2.8724765221316737,2.0989307828070065,0.35337337851524353,0.0019831640179195707,0.08017602378818303,0.004483164017919571,0.0,-0.0025,True,True,170,5.0,10,0.0,0.5,0.34,0.8637568950653076,-0.10196181386709213,0,False
336,33.82125304499641,33.8,0.09999999999999432,161,-0.1197784381577209,0.02312783177467631,2.8534351658058554,2.0803500411836695,0.3502451479434967,0.004402550279778347,0.08457857406796138,0.004402550279778347,0.0,-0.0,False,False,170,5.0,10,0.02,0.5,0.34,0.8585939407348633,-0.08080407977104187,0,False
337,33.921221762895584,33.89999999999999,0.09999999999999432,160,-0.13786828958505074,0.028612306884333878,2.839888314501492,2.062330265684643,0.3472113609313965,0.001769634079898184,0.08634820814785955,0.004269634079898184,0.0,-0.0025,True,True,171,5.0,10,0.0,0.5,0.342,0.7032003402709961,0.11482173204421997,0,False
338,34.021413748618215,33.999999999999986,0.09999999999999432,162,-0.15408786074163014,0.03373776128694621,2.8409828692418793,2.0461902311998323,0.3444940447807312,0.0038242452737994414,0.090172453421659,0.0038242452737994414,0.0,-0.0,False,False,171,5.0,10,0.02,0.5,0.342,0.7018833756446838,0.11749297380447388,0,False
339,34.12148642586544,34.10000000000001,0.10000000000002274,160,-0.16891918759335067,0.03810489965566372,2.8651404902026587,2.0314381851595527,0.34201040863990784,0.0009953730985831511,0.09116782652024215,0.003495373098583151,0.0,-0.0025,True,True,172,5.0,10,0.0,0.5,0.344,0.5980610847473145,0.37001124024391174,0,False
340,34.2213124348782,34.2,0.09999999999999432,160,-0.18325804485658553,0.04185040595623826,2.9295046285683064,2.0171761215213206,0.3396092653274536,0.0033792758940177484,0.0945471024142599,0.0033792758940177484,0.0,-0.0,False,False,172,5.0,10,0.02,0.5,0.344,0.6437888741493225,0.29151079058647156,0,False
341,34.321679580025375,34.3,0.09999999999999432,162,-0.19728391812888224,0.04443549395964729,2.982065491299363,2.0032089678114895,0.3372577726840973,0.0008093994695934433,0.09535650188385335,0.0033093994695934433,0.0,-0.0025,True,True,173,5.0,10,0.0,0.5,0.346,0.3211762309074402,0.962096095085144,0,False
342,34.42135493969545,34.39999999999999,0.09999999999999432,158,-0.21077752032241917,0.046138218220722435,3.073170031080112,1.9897574639344495,0.3349930942058563,0.0031872205834304087,0.09854372246728375,0.0031872205834304087,0.0,-0.0,False,False,173,5.0,10,0.02,0.5,0.346,0.32616525888442993,0.8307046294212341,0,False
343,34.52152148587629,34.499999999999986,0.09999999999999432,161,-0.21880541556809321,0.046209182888017196,-3.068542479643404,1.9817334710506183,0.3336421847343445,-0.0005987824473441855,0.09794494001993957,0.0019012175526558145,0.0,-0.0025,True,True,174,5.0,10,0.0,0.5,0.348,0.21631474792957306,0.9874351024627686,0,False
344,34.62159705301747,34.60000000000001,0.10000000000002274,160,-0.2247746824191752,0.045432715868195125,-2.925020086657864,1.9757478262013193,0.33263444900512695,0.0014182481485473847,0.09936318816848695,0.0014182481485473847,0.0,-0.0,False,False,174,5.0,10,0.02,0.5,0.348,0.281619668006897,0.9497562050819397,0,False
345,34.721685679629445,34.7,0.09999999999999432,159,-0.2312772518609005,0.04325186590934358,-2.7374233164483552,1.9691978519091988,0.33153170347213745,-0.0009480387415700484,0.0984151494269169,0.0015519612584299516,0.0,-0.0025,True,True,175,5.0,10,0.0,0.5,0.35,0.7200965285301208,0.9693202376365662,0,False
346,34.82149650901556,34.8,0.09999999999999432,161,-0.24148701403502945,0.03795863015256166,-2.597665380654506,1.958880783867805,0.3297947347164154,0.002444542403790926,0.10085969183070782,0.002444542403790926,0.0,-0.0,False,False,175,5.0,10,0.02,0.5,0.35,0.7488332390785217,0.9313772320747375,0,False
347,34.92170434491709,34.89999999999999,0.09999999999999432,156,-0.25428113521088913,0.02845196715584994,-2.4128801534517157,1.9459268741136544,0.32761383056640625,0.0005693198457014637,0.10142901167640929,0.0030693198457014638,0.0,-0.0025,True,True,176,5.0,10,0.0,0.5,0.352,0.7833712100982666,0.6382212042808533,0,False
348,35.02152062393725,34.999999999999986,0.09999999999999432,148,-0.26605044130572825,0.016561557552804113,-2.2938515386929916,1.9340205495673513,0.3256092965602875,0.0028211033512581963,0.10425011502766748,0.0028211033512581963,0.0,-0.0,False,False,176,5.0,10,0.02,0.5,0.352,0.7795366644859314,0.5659546852111816,0,False
349,35.12154789082706,35.10000000000001,0.10000000000002274,152,-0.276532968140635,0.0032071189056256198,-2.1815448137926245,1.9234696423810491,0.3238329589366913,-5.137972380279271e-08,0.10425006364794367,0.0024999486202761973,0.0,-0.0025,True,True,177,5.0,10,0.0,0.5,0.354,0.9999101161956787,-0.026353931054472923,0,False
350,35.22179759666324,35.2,0.09999999999999432,152,-0.28577741849865956,-0.011436309646063514,-2.102565753807042,1.9142568049119013,0.3222818970680237,0.002182904267201405,0.10643296791514507,0.002182904267201405,0.0,-0.0,False,False,177,5.0,10,0.02,0.5,0.354,0.9999041557312012,-0.02577533945441246,0,False
351,35.321613545995206,35.3,0.09999999999999432,151,-0.29636637696902224,-0.02960272752574147,-2.098232739093679,1.9038637966788605,0.3205321431159973,-3.7464207206660324e-05,0.10639550370793842,0.0024625357927933397,0.0,-0.0025,True,True,178,5.0,10,0.0,0.5,0.356,0.9957715272903442,0.8096058964729309,0,False
352,35.42165715293959,35.39999999999999,0.09999999999999432,152,-0.3072942966747692,-0.04861567203761012,-2.0606541598692454,1.893329883101878,0.31875866651535034,0.002495922127632274,0.1088914258355707,0.002495922127632274,0.0,-0.0,False,False,178,5.0,10,0.02,0.5,0.356,0.9966933727264404,0.7842584252357483,0,False
353,35.52167008072138,35.499999999999986,0.09999999999999432,151,-0.31612839760890143,-0.06840530450999881,-1.912603789930128,1.8851131189623278,0.3173753023147583,-0.0005531069214150621,0.10833831891415563,0.001946893078584938,0.0,-0.0025,True,True,179,5.0,10,0.0,0.5,0.358,0.9972818493843079,-0.48217082023620605,0,False
354,35.62165849795565,35.60000000000001,0.10000000000002274,152,-0.3222324335340426,-0.08933988400607136,-1.8157984340335296,1.8798916554821192,0.31649622321128845,0.0012371818074673928,0.10957550072162302,0.0012371818074673928,0.0,-0.0,False,False,179,5.0,10,0.02,0.5,0.358,0.9987979531288147,-0.5434003472328186,0,False
355,35.72178385499865,35.7,0.09999999999999432,152,-0.32768435980544375,-0.11071877142928076,-1.8448467220412563,1.8755864307710588,0.3157714009284973,-0.0014799132542491213,0.1080955874673739,0.0010200867457508787,0.0,-0.0025,True,True,180,5.0,10,0.0,0.5,0.36,0.9996721148490906,-0.3961476981639862,0,False
356,35.822035159915686,35.8,0.09999999999999432,152,-0.33471491902692524,-0.1317362389647775,-1.9313478336768457,1.8699312762196731,0.3148193061351776,0.0013399412551500364,0.10943552872252393,0.0013399412551500364,0.0,-0.0,False,False,180,5.0,10,0.02,0.5,0.36,0.999550998210907,-0.37074556946754456,0,False
357,35.92179658962414,35.89999999999999,0.09999999999999432,152,-0.34326812457243605,-0.1521463295437723,-2.0066959402870888,1.8629550455604529,0.31364479660987854,-0.0008470408844190949,0.10858848783810483,0.0016529591155809052,0.0,-0.0025,True,True,181,5.0,10,0.0,0.5,0.362,0.9959645867347717,-0.7813147902488708,0,False
358,36.02191414590925,35.999999999999986,0.09999999999999432,152,-0.35352718341206846,-0.17181166946054105,-2.1268592165671953,1.8544490360289418,0.312212735414505,0.002015427338794549,0.11060391517689938,0.002015427338794549,0.0,-0.0,False,False,181,5.0,10,0.02,0.5,0.362,0.9948011040687561,-0.7157801389694214,0,False
359,36.12205773266032,36.10000000000001,0.10000000000002274,161,-0.36649806131069224,-0.1897182292538701,-2.2625331344167883,1.8432911383597557,0.3103342056274414,0.00014376990440016172,0.11074768508129955,0.0026437699044001618,0.0,-0.0025,True,True,182,5.0,10,0.0,0.5,0.364,0.4471663534641266,-0.9444947242736816,0,False
360,36.22180062159896,36.2,0.09999999999999432,161,-0.37901898408633355,-0.20296645978975028,-2.414681604033139,1.8322573294419553,0.3084765672683716,0.002614368119573404,0.11336205320087295,0.002614368119573404,0.0,-0.0,False,False,182,5.0,10,0.02,0.5,0.364,0.42965590953826904,-0.9087923765182495,0,False
361,36.322156636975706,36.3,0.09999999999999432,162,-0.38736268785265077,-0.20934899285452704,-2.58369998058408,1.8246864994733132,0.30720195174217224,-0.0007061555845146316,0.11265589761635832,0.0017938444154853685,0.0,-0.0025,True,True,183,5.0,10,0.0,0.5,0.366,0.5690408945083618,-0.6486496329307556,0,False
362,36.42219177400693,36.39999999999999,0.09999999999999432,161,-0.3972476653024767,-0.21442593390599543,-2.7282347535227602,1.8154598546965932,0.3056485652923584,0.0021861757924745667,0.11484207340883289,0.0021861757924745667,0.0,-0.0,False,False,183,5.0,10,0.02,0.5,0.366,0.5794348120689392,-0.4410300850868225,0,False
363,36.52219732198864,36.499999999999986,0.09999999999999432,162,-0.4092437640035953,-0.21909868933660392,-2.8083320837549115,1.804109716821979,0.30373767018318176,0.00018931960243420178,0.1150313930112671,0.002689319602434202,0.0,-0.0025,True,True,184,5.0,10,0.0,0.5,0.368,0.27468374371528625,-0.6902635097503662,0,False
364,36.62209393968806,36.60000000000001,0.10000000000002274,160,-0.4186080494710156,-0.22200109866155104,-2.9083812431320357,1.7951717863869283,0.30223289132118225,0.0021177673601601435,0.11714916037142724,0.0021177673601601435,0.0,-0.0,False,False,184,5.0,10,0.02,0.5,0.368,0.22907975316047668,-0.5911616683006287,0,False
365,36.72244729474187,36.7,0.09999999999999432,162,-0.42377332147997704,-0.22294060364904128,-3.018534254970328,1.7901630970567424,0.3013896346092224,-0.0013132332358447216,0.11583592713558252,0.0011867667641552785,0.0,-0.0025,True,True,185,5.0,10,0.0,0.5,0.37,0.5955288410186768,-0.7309574484825134,0,False
366,36.82216040464118,36.8,0.09999999999999432,160,-0.4331288851527334,-0.22350868037395022,-3.1360151528939064,1.7809518527384682,0.2998388409614563,0.0021825267835160504,0.11801845391909857,0.0021825267835160504,0.0,-0.0,False,False,185,5.0,10,0.02,0.5,0.37,0.5833212733268738,-0.4998815357685089,0,False
367,36.92244425974786,36.89999999999999,0.09999999999999432,162,-0.4461422557770865,-0.22294318286572842,3.0567578050639193,1.7679708594194645,0.2976533770561218,0.0005757370683526506,0.11859419098745122,0.0030757370683526506,0.0,-0.0025,True,True,186,5.0,10,0.0,0.5,0.372,0.7549163103103638,-0.96764075756073,0,False
368,37.022170178592205,36.999999999999986,0.09999999999999432,161,-0.46019355877599627,-0.2208769809381303,2.909143125793388,1.7537711056820713,0.29526272416114807,0.003364512087656749,0.12195870307510796,0.003364512087656749,0.0,-0.0,False,False,186,5.0,10,0.02,0.5,0.372,0.7317392826080322,-0.9707628488540649,0,False
369,37.12229038588703,37.10000000000001,0.10000000000002274,160,-0.47570035149071543,-0.2156180702725513,2.719130172699786,1.7377286074340847,0.2925618290901184,0.001301134883728735,0.1232598379588367,0.003801134883728735,0.0,-0.0025,True,True,187,5.0,10,0.0,0.5,0.374,0.6470301747322083,-0.865014910697937,0,False
370,37.22258408088237,37.2,0.09999999999999432,159,-0.4888162754138278,-0.20822931798731797,2.5428600125221403,1.7238065929990085,0.29021793603897095,0.003298704098508167,0.12655854205734487,0.003298704098508167,0.0,-0.0,False,False,187,5.0,10,0.02,0.5,0.374,0.6476947069168091,-0.8403550982475281,0,False
371,37.32227435102686,37.3,0.09999999999999432,161,-0.5001950592561453,-0.1989619776744425,2.37432644688428,1.711409577983602,0.2881307899951935,0.0004373683263505868,0.12699591038369545,0.002937368326350587,0.0,-0.0025,True,True,188,5.0,10,0.0,0.5,0.376,0.8667514324188232,-0.3675491511821747,0,False
372,37.42242780700326,37.39999999999999,0.09999999999999432,162,-0.5105156247160635,-0.187385212894933,2.2404190880463184,1.699844364741037,0.2861836850643158,0.002740279899958396,0.12973619028365385,0.002740279899958396,0.0,-0.0,False,False,188,5.0,10,0.02,0.5,0.376,0.8721755146980286,-0.37532344460487366,0,False
373,37.52267751283944,37.499999999999986,0.09999999999999432,158,-0.5217233825349346,-0.17202378632963933,2.163992037064207,1.6870697729685609,0.2840329706668854,0.0005268319597820604,0.13026302224343592,0.0030268319597820605,0.0,-0.0025,True,True,189,5.0,10,0.0,0.5,0.378,0.9066457152366638,-0.3677632212638855,0,False
374,37.62264453060925,37.60000000000001,0.10000000000002274,160,-0.5322780268804558,-0.15505858176148976,2.0905676543206537,1.6749149168859585,0.2819865942001343,0.0028799908061751534,0.13314301304961107,0.0028799908061751534,0.0,-0.0,False,False,189,5.0,10,0.02,0.5,0.378,0.9123579859733582,-0.361707478761673,0,False
375,37.72340664174408,37.7,0.10099999999999909,162,-0.5416981869017494,-0.13715434939459223,2.0188355679793757,1.6639639518135911,0.2801429033279419,9.473896793443575e-05,0.1332377520175455,0.002594738967934436,0.0,-0.0025,True,True,190,5.0,10,0.0,0.5,0.38,0.9463679790496826,-0.2145991176366806,0,False
376,37.82365478668362,37.8,0.09999999999999432,161,-0.5499712803297155,-0.11851624331327694,1.967166028750948,1.6542795416858247,0.27851244807243347,0.002294639438069382,0.13553239145561488,0.002294639438069382,0.0,-0.0,False,False,190,5.0,10,0.02,0.5,0.38,0.9543521404266357,-0.20844443142414093,0,False
377,37.92338238703087,37.89999999999999,0.09999999999999432,160,-0.5577247123656326,-0.09887999057346407,1.92486950641241,1.6452493855168624,0.27699214220046997,-0.0003603805287204021,0.1351720109268945,0.002139619471279598,0.0,-0.0025,True,True,191,5.0,10,0.0,0.5,0.382,0.9811148643493652,-0.21463222801685333,0,False
378,38.0237852409482,37.999999999999986,0.09999999999999432,161,-0.5648128596254282,-0.07848356941016651,1.8829696586140776,1.637069617880935,0.27561500668525696,0.001938127068558129,0.1371101379954526,0.001938127068558129,0.0,-0.0,False,False,191,5.0,10,0.02,0.5,0.382,0.9834360480308533,-0.21653994917869568,0,False
379,38.12375001888722,38.10000000000001,0.09999999999999432,159,-0.5710574698334334,-0.057663413675693866,1.8404426028127785,1.6299627488500703,0.27441850304603577,-0.0008160872222191713,0.13629405077323342,0.0016839127777808288,0.0,-0.0025,True,True,192,5.0,10,0.0,0.5,0.384,0.9967296123504639,-0.2759818732738495,0,False
380,38.22371146688238,38.2,0.10000000000002274,150,-0.576357763906957,-0.03649290909129999,1.787722978214482,1.6240523361253634,0.273423433303833,0.001400422530071801,0.13769447330330523,0.001400422530071801,0.0,-0.0,False,False,192,5.0,10,0.02,0.5,0.384,0.9969388246536255,-0.277964323759079,0,False
381,38.324025311972946,38.3,0.09999999999999432,148,-0.5805161720711858,-0.014862029973967638,1.7331584597095147,1.619552038940655,0.27266576886177063,-0.0014336924741077605,0.13626078082919746,0.0010663075258922395,0.0,-0.0025,True,True,193,5.0,10,0.0,0.5,0.386,0.9717192053794861,0.18446440994739532,0,False
382,38.423653471749276,38.39999999999999,0.09999999999999432,146,-0.5836030776639265,0.006279701406617555,1.7228747169710343,1.6164091063003492,0.2721366286277771,0.000744691425961392,0.13700547225515886,0.000744691425961392,0.0,-0.0,False,False,193,5.0,10,0.02,0.5,0.386,0.9716123342514038,0.18389959633350372,0,False
383,38.523634099867195,38.499999999999986,0.09999999999999432,151,-0.5872965578482114,0.02725657280885687,1.7604731924995418,1.6129337361777287,0.2715515196323395,-0.0016765403116924637,0.1353289319434664,0.0008234596883075364,0.0,-0.0025,True,True,194,5.0,10,0.0,0.5,0.388,0.9956328868865967,-0.25908714532852173,0,False
384,38.62366237677634,38.60000000000001,0.09999999999999432,149,-0.5915701636068923,0.04831131316964468,1.7576557453867743,1.609155136338812,0.27091535925865173,0.0008953074164219508,0.13622423935988837,0.0008953074164219508,0.0,-0.0,False,False,194,5.0,10,0.02,0.5,0.388,0.9955741763114929,-0.25873181223869324,0,False
385,38.724060620646924,38.7,0.10000000000002274,151,-0.5949952291303026,0.07004060275016734,1.705201682843624,1.6065322789503909,0.27047377824783325,-0.001878536025994318,0.13434570333389406,0.0006214639740056821,0.0,-0.0025,True,True,195,5.0,10,0.0,0.5,0.39,0.9712575078010559,0.12671561539173126,0,False
386,38.82398940902203,38.8,0.09999999999999432,151,-0.597517363119141,0.0917295381729883,1.6920408236546707,1.6051058778681278,0.2702336311340332,0.00033797372629660184,0.13468367706019066,0.00033797372629660184,0.0,-0.0,False,False,195,5.0,10,0.02,0.5,0.39,0.9729784727096558,0.12580502033233643,0,False
387,38.923865366727114,38.89999999999999,0.09999999999999432,150,-0.6004392537062335,0.11288833345434317,1.7165229052093798,1.6035392795089778,0.2699698805809021,-0.0021288077093912414,0.1325548693507994,0.0003711922906087585,0.0,-0.0025,True,True,196,5.0,10,0.0,0.5,0.392,0.963473916053772,0.2256377637386322,0,False
388,39.02405422274023,38.999999999999986,0.09999999999999432,152,-0.603945959049138,0.13374593904048157,1.761806259857699,1.601648032405118,0.26965147256851196,0.0004481150771597714,0.1330029844279592,0.0004481150771597714,0.0,-0.0,False,False,196,5.0,10,0.02,0.5,0.392,0.9606361985206604,0.22876976430416107,0,False
389,39.123941311612725,39.10000000000001,0.09999999999999432,150,-0.6083797911721015,0.15431891880631743,1.8064490007759517,1.5990839445822609,0.2692197859287262,-0.0018924609797211665,0.131110523448238,0.0006075390202788334,0.0,-0.0025,True,True,197,5.0,10,0.0,0.5,0.394,0.994819164276123,-0.23845534026622772,0,False
390,39.224088768009096,39.2,0.10000000000002274,152,-0.6136106633785823,0.17494199011307765,1.8097318042945685,1.5960061541110133,0.26870161294937134,0.0007292565374931772,0.13183977998573118,0.0007292565374931772,0.0,-0.0,False,False,197,5.0,10,0.02,0.5,0.394,0.9948447346687317,-0.23980224132537842,0,False
391,39.324130474589765,39.3,0.09999999999999432,151,-0.6182028723898397,0.19642870075203958,1.7598400786057886,1.5939467410815953,0.2683548927307129,-0.002012039422718413,0.12982774056301277,0.000487960577281587,0.0,-0.0025,True,True,198,5.0,10,0.0,0.5,0.396,0.9451758861541748,0.19445432722568512,0,False
392,39.423976523801684,39.39999999999999,0.09999999999999432,150,-0.6219232350087043,0.21766362409278212,1.7537279952981104,1.5930172260551663,0.2681984007358551,0.00022024075909453955,0.13004798132210732,0.00022024075909453955,0.0,-0.0,False,False,198,5.0,10,0.02,0.5,0.396,0.9457956552505493,0.1929386705160141,0,False
393,39.524299488868564,39.499999999999986,0.09999999999999432,151,-0.6261663956803877,0.23795223824773548,1.792316593116096,1.5917202242272013,0.26798003911972046,-0.002192686337481356,0.12785529498462597,0.0003073136625186442,0.0,-0.0025,True,True,199,5.0,10,0.0,0.5,0.398,0.9330568909645081,0.24796593189239502,0,False
394,39.624175156932324,39.60000000000001,0.09999999999999432,152,-0.6311682414484526,0.25781818821988506,1.8432087953492995,1.589875178498679,0.2676694095134735,0.00043716805028422333,0.1282924630349102,0.00043716805028422333,0.0,-0.0,False,False,199,5.0,10,0.02,0.5,0.398,0.9321747422218323,0.24957996606826782,0,False
395,39.72406063461676,39.7,0.10000000000002274,151,-0.6371288353136071,0.27734416476825835,1.8927466691790167,1.5872889635803538,0.2672339975833893,-0.0018872181507577906,0.12640524488415242,0.0006127818492422095,0.0,-0.0025,True,True,200,5.0,10,0.0,0.5,0.4,0.9959405064582825,-0.2014128863811493,0,False
396,39.82421872066334,39.8,0.09999999999999432,152,-0.6439708902988365,0.29689307927373426,1.9005669450815126,1.5840998295647102,0.26669707894325256,0.0007556384528369927,0.1271608833369894,0.0007556384528369927,0.0,-0.0,False,False,200,5.0,10,0.02,0.5,0.4,0.9959762692451477,-0.20117317140102386,0,False
397,39.92439758684486,39.89999999999999,0.09999999999999432,152,-0.6505914071033654,0.31785988955080663,1.8592357866636633,1.581677001119322,0.2662891745567322,-0.0019259311998234897,0.12523495213716593,0.0005740688001765104,0.0,-0.0025,True,True,201,5.0,10,0.0,0.5,0.402,0.9410185217857361,0.23447228968143463,0,False
398,40.02420035563409,39.999999999999986,0.09999999999999432,151,-0.6564558692776661,0.33843905973645694,1.8631213379245497,1.5802118333657984,0.2660425007343292,0.0003471591626405124,0.12558211129980645,0.0003471591626405124,0.0,-0.0,False,False,201,5.0,10,0.02,0.5,0.402,0.941149115562439,0.23370997607707977,0,False
399,40.12430954258889,40.10000000000001,0.09999999999999432,151,-0.6629199384751173,0.35801027760587906,1.9095475506973043,1.5782225189748236,0.2657075822353363,-0.002028648704874439,0.12355346259493201,0.00047135129512556126,0.0,-0.0025,True,True,202,5.0,10,0.0,0.5,0.404,0.9638987183570862,0.2697988748550415,0,False
400,40.22418908076361,40.2,0.10000000000002274,152,-0.6704488813516963,0.3776079555175767,1.9650653761043049,1.575472740566797,0.26524463295936584,0.000651536840939708,0.12420499943587172,0.000651536840939708,0.0,-0.0,False,False,202,5.0,10,0.02,0.5,0.404,0.962630033493042,0.2701936960220337,0,False
401,40.324271127581596,40.3,0.09999999999999432,151,-0.6790484157940205,0.3968451377833285,2.018958541337332,1.5718715115251534,0.26463833451271057,-0.0016467191005486567,0.12255828033532307,0.0008532808994513434,0.0,-0.0025,True,True,203,5.0,10,0.0,0.5,0.406,0.9788584113121033,0.20104622840881348,0,False
402,40.42433036491275,40.39999999999999,0.09999999999999432,151,-0.6887557543737329,0.41590605840005895,2.061081869427664,1.5674299839060086,0.2638905644416809,0.0010523825721654434,0.12361066290748851,0.0010523825721654434,0.0,-0.0,False,False,203,5.0,10,0.02,0.5,0.406,0.9784784317016602,0.20045486092567444,0,False
403,40.524746387731284,40.499999999999986,0.09999999999999432,152,-0.6992346776629007,0.4346170138361453,2.1019075309806974,1.5624303224307736,0.26304882764816284,-0.0013153723100617664,0.12229529059742675,0.0011846276899382337,0.0,-0.0025,True,True,204,5.0,10,0.0,0.5,0.408,0.9873219728469849,-0.1676327884197235,0,False
404,40.62467099679634,40.60000000000001,0.09999999999999432,151,-0.7103613340523596,0.4531395907450698,2.100996294159619,1.5570352055053305,0.26214051246643066,0.001278327529172155,0.12357361812659891,0.001278327529172155,0.0,-0.0,False,False,204,5.0,10,0.02,0.5,0.408,0.9874470829963684,-0.16622015833854675,0,False
405,40.725877763703465,40.7,0.10099999999999909,163,-0.7210119378608383,0.47214405705907164,2.0687245942152046,1.5525223401303963,0.26138073205947876,-0.001430714547256565,0.12214290357934235,0.001069285452743435,0.0,-0.0025,True,True,205,5.0,10,0.0,0.5,0.41,0.986799418926239,-0.24552704393863678,0,False
406,40.8258189316839,40.8,0.10000000000002274,161,-0.7309740468778245,0.49150890765577193,2.0204626856042096,1.5490701592038265,0.2607995271682739,0.0008179652035538888,0.12296086878289623,0.0008179652035538888,0.0,-0.0,False,False,205,5.0,10,0.02,0.5,0.41,0.986700177192688,-0.22935126721858978,0,False
407,40.925643290858716,40.89999999999999,0.09999999999999432,161,-0.7400214055466591,0.5113305856911509,1.9761718240869288,1.5469312656474865,0.2604394257068634,-0.0019932071810818486,0.12096766160181438,0.0005067928189181515,0.0,-0.0025,True,True,206,5.0,10,0.0,0.5,0.412,0.9877692461013794,0.2640177309513092,0,False
408,41.02579841669649,40.999999999999986,0.09999999999999432,160,-0.7482938620785647,0.5312984249494614,1.9713462100809251,1.545874829601452,0.26026156544685364,0.0002503136260285654,0.12121797522784294,0.0002503136260285654,0.0,-0.0,False,False,206,5.0,10,0.02,0.5,0.412,0.9878612160682678,0.2639334499835968,0,False
409,41.1255903756246,41.10000000000001,0.09999999999999432,160,-0.7573541659818266,0.5509309439868038,2.027102694085341,1.5442641540681292,0.259990394115448,-0.002118363994096131,0.11909961123374681,0.00038163600590386884,0.0,-0.0025,True,True,207,5.0,10,0.0,0.5,0.414,0.9502041935920715,0.3007952868938446,0,False
410,41.225940379779786,41.2,0.09999999999999432,160,-0.7671105641749734,0.5694293476212897,2.0873511703667567,1.5418891201489524,0.2595905363559723,0.0005627442896155551,0.11966235552336237,0.0005627442896155551,0.0,-0.0,False,False,207,5.0,10,0.02,0.5,0.414,0.948185920715332,0.3007359206676483,0,False
411,41.32605035696179,41.3,0.10000000000002274,160,-0.7778705228521654,0.587157854905418,2.1468419611147316,1.5385728880969394,0.2590322196483612,-0.0017142467375972346,0.11794810878576513,0.0007857532624027656,0.0,-0.0025,True,True,208,5.0,10,0.0,0.5,0.416,0.9476377367973328,-0.07878833264112473,0,False
412,41.42565896688029,41.39999999999999,0.09999999999999432,160,-0.789501180994983,0.604348628082717,2.1621404768772687,1.534517611056288,0.2583494782447815,0.0009608637497803139,0.11890897253554544,0.0009608637497803139,0.0,-0.0,False,False,208,5.0,10,0.02,0.5,0.416,0.9477044939994812,-0.0791543573141098,0,False
413,41.52560494467616,41.499999999999986,0.09999999999999432,160,-0.8009678363008014,0.6218030001619289,2.1477792624198413,1.5309898439715988,0.2577555477619171,-0.0016641252927071387,0.1172448472428383,0.0008358747072928613,0.0,-0.0025,True,True,209,5.0,10,0.0,0.5,0.418,0.933315098285675,-0.024930942803621292,0,False
414,41.62596797896549,41.60000000000001,0.09999999999999432,162,-0.8120685353123205,0.6391596141655661,2.138900221165303,1.5280310087655886,0.2572574019432068,0.000701071088985872,0.11794591833182418,0.000701071088985872,0.0,-0.0,False,False,209,5.0,10,0.02,0.5,0.418,0.9344649314880371,-0.029726803302764893,0,False
415,41.72565990872681,41.7,0.09999999999999432,160,-0.8230659568842642,0.6565522325678705,2.131128645968891,1.5254534676686866,0.25682345032691956,-0.001889273339711394,0.11605664499211278,0.000610726660288606,0.0,-0.0025,True,True,210,5.0,10,0.0,0.5,0.42,0.9318304657936096,0.04002061113715172,0,False
416,41.826288010925055,41.8,0.10000000000002274,159,-0.8339606165136356,0.6738891477239431,2.136979535326202,1.5232170378755228,0.2564469277858734,0.0005299032089888056,0.11658654820110159,0.0005299032089888056,0.0,-0.0,False,False,210,5.0,10,0.02,0.5,0.42,0.9321302771568298,0.041081853210926056,0,False
417,41.925732222851366,41.89999999999999,0.09999999999999432,158,-0.8450129151377977,0.6911485147596421,2.144243968080867,1.521077259235364,0.25608667731285095,-0.001992997467923324,0.11459355073317827,0.000507002532076676,0.0,-0.0025,True,True,211,5.0,10,0.0,0.5,0.422,0.9616327285766602,-0.11384258419275284,0,False
418,42.02620523702353,41.999999999999986,0.09999999999999432,162,-0.8563097767627826,0.7087455543270585,2.1273523042955733,1.5191522019296289,0.25576257705688477,0.000456126119815871,0.11504967685299414,0.000456126119815871,0.0,-0.0,False,False,211,5.0,10,0.02,0.5,0.422,0.9626612067222595,-0.11408940702676773,0,False
419,42.12611351488158,42.10000000000001,0.09999999999999432,160,-0.8673500396813811,0.726867137179323,2.107224105592144,1.517989378808583,0.25556680560112,-0.0022244788523153773,0.11282519800067876,0.00027552114768462254,0.0,-0.0025,True,True,212,5.0,10,0.0,0.5,0.424,0.9233360886573792,0.36099132895469666,0,False
420,42.22622370067984,42.2,0.09999999999999432,162,-0.8780561627008603,0.7449672611114876,2.1268069149752415,1.5174029222702934,0.25546807050704956,0.0001389559388459431,0.1129641539395247,0.0001389559388459431,0.0,-0.0,False,False,212,5.0,10,0.02,0.5,0.424,0.9232742190361023,0.3608010411262512,0,False
421,42.32639891700819,42.3,0.10000000000002274,162,-0.8893712748065056,0.7616595168999463,2.1999957053888957,1.515873674448294,0.25521060824394226,-0.0021376576046814918,0.11082649633484322,0.00036234239531850827,0.0,-0.0025,True,True,213,5.0,10,0.0,0.5,0.426,0.9288569688796997,-0.13086624443531036,0,False
422,42.42608101665974,42.39999999999999,0.09999999999999432,161,-0.901887708234507,0.7779224302325408,2.227858102546715,1.5133600364031041,0.254787415266037,0.0005955853702423045,0.11142208170508552,0.0005955853702423045,0.0,-0.0,False,False,213,5.0,10,0.02,0.5,0.426,0.9278112053871155,-0.1387338489294052,0,False
423,42.526292331982404,42.499999999999986,0.09999999999999432,159,-0.9140886469020203,0.7943762138904156,2.1995177247574094,1.5114898542941302,0.254472553730011,-0.0020568760960133856,0.10936520560907213,0.00044312390398661426,0.0,-0.0025,True,True,214,5.0,10,0.0,0.5,0.428,0.8843026161193848,-0.38401785492897034,0,False
424,42.62644507782534,42.60000000000001,0.09999999999999432,159,-0.9255528473437743,0.8109396645877657,2.136713859379243,1.5105755627093833,0.25431862473487854,0.0002166336927677179,0.10958183930183985,0.0002166336927677179,0.0,-0.0,False,False,214,5.0,10,0.02,0.5,0.428,0.898436963558197,-0.34872710704803467,0,False
425,42.7263210369274,42.7,0.09999999999999432,160,-0.9356851901486154,0.8281271135446936,2.07112735398908,1.5113855914202838,0.25445500016212463,-0.002691929482692151,0.1068899098191477,-0.0001919294826921512,0.0,-0.0025,True,True,215,5.0,10,0.0,0.5,0.43,0.9503597021102905,-0.2662416696548462,0,False
426,42.8262463635765,42.8,0.10000000000002274,159,-0.9451142557643281,0.8467167903016203,2.0146815478253073,1.5138254134749918,0.25486576557159424,-0.0005780952928204337,0.10631181452632726,-0.0005780952928204337,0.0,-0.0,False,False,215,5.0,10,0.02,0.5,0.43,0.9540382623672485,-0.2640361189842224,0,False
427,42.92607942270115,42.89999999999999,0.09999999999999432,158,-0.9536771091386734,0.8660221521603456,1.9607190445539069,1.5176677393488571,0.25551265478134155,-0.0034104067638365577,0.10290140776249071,-0.0009104067638365579,0.0,-0.0025,True,True,216,5.0,10,0.0,0.5,0.432,0.9374648332595825,-0.4115044176578522,0,False
428,43.0262064486742,42.999999999999986,0.09999999999999432,159,-0.9609846222356798,0.8856581261839803,1.8809176923681468,1.5230067419601927,0.25641152262687683,-0.0012650317149209324,0.10163637604756978,-0.0012650317149209324,0.0,-0.0,False,False,216,5.0,10,0.02,0.5,0.432,0.9505979418754578,-0.4612205922603607,0,False
429,43.12623322568834,43.10000000000001,0.09999999999999432,159,-0.9665551656401868,0.9060454945458764,1.78815732753179,1.5304589706971252,0.2576661705970764,-0.004265742852241557,0.09737063319532822,-0.0017657428522415573,0.0,-0.0025,True,True,217,5.0,10,0.0,0.5,0.434,0.9441859126091003,-0.6798383593559265,0,False
430,43.22627221280709,43.2,0.09999999999999432,159,-0.969937217381343,0.9268314302199236,1.6662172324026667,1.5401529397301341,0.2592982351779938,-0.0022969043401816153,0.0950737288551466,-0.0022969043401816153,0.0,-0.0,False,False,217,5.0,10,0.02,0.5,0.434,0.9521797299385071,-0.6551443934440613,0,False
431,43.32629262981936,43.3,0.10000000000002274,159,-0.9705770972422402,0.9480353416439828,1.5369781386615549,1.5524984428672906,0.2613767087459564,-0.005425163020523786,0.08964856583462281,-0.0029251630205237864,0.0,-0.0025,True,True,218,5.0,10,0.0,0.5,0.436,0.8083590865135193,-0.3902226388454437,0,False
432,43.42673852387816,43.39999999999999,0.09999999999999432,161,-0.9687877382989314,0.967600679616142,1.4327399783055133,1.5659294127997359,0.2636379301548004,-0.003182355238152335,0.08646621059647049,-0.003182355238152335,0.0,-0.0,False,False,218,5.0,10,0.02,0.5,0.436,0.8196786046028137,-0.39420491456985474,0,False
433,43.526775700971484,43.499999999999986,0.09999999999999432,159,-0.96562365198142,0.9855477724182728,1.354118147124983,1.579553508021428,0.2659316658973694,-0.005728114649344952,0.08073809594712553,-0.003228114649344952,0.0,-0.0025,True,True,219,5.0,10,0.0,0.5,0.438,0.9931929111480713,-0.24200478196144104,0,False
434,43.62779291998595,43.60000000000001,0.10099999999999909,160,-0.9605111485863802,1.0054338228624997,1.2916265290926023,1.596004383943376,0.26870131492614746,-0.0038978965350772404,0.07684019941204828,-0.0038978965350772404,0.0,-0.0,False,False,219,5.0,10,0.02,0.5,0.438,0.9934473037719727,-0.24600033462047577,0,False
435,43.72864003991708,43.7,0.10099999999999909,160,-0.9539973990302868,1.026388592995795,1.2433695921334331,1.6143096874823244,0.27178317308425903,-0.006837287544841898,0.07000291186720639,-0.004337287544841898,0.0,-0.0025,True,True,220,5.0,10,0.0,0.5,0.44,0.9991082549095154,-0.28332433104515076,0,False
436,43.829842207953334,43.8,0.10099999999999909,161,-0.9463727716459421,1.0470867424260935,1.1886247695593233,1.6333928026811717,0.27499598264694214,-0.0045215834685633565,0.06548132839864304,-0.0045215834685633565,0.0,-0.0,False,False,220,5.0,10,0.02,0.5,0.44,0.9991397261619568,-0.28947800397872925,0,False
437,43.929392038844526,43.89999999999999,0.09999999999999432,158,-0.9375602464658198,1.0673431444498624,1.1315578462917806,1.6531714167447762,0.2783258855342865,-0.007186376068540983,0.058294952330102054,-0.004686376068540983,0.0,-0.0025,True,True,221,5.0,10,0.0,0.5,0.442,0.9849517345428467,-0.7337424159049988,0,False
438,44.030420577619225,43.999999999999986,0.10099999999999909,161,-0.9274897962877936,1.0868629016592755,1.0369239135004409,1.6734853295019478,0.28174591064453125,-0.004813210586823566,0.05348174174327849,-0.004813210586823566,0.0,-0.0,False,False,221,5.0,10,0.02,0.5,0.442,0.9821158051490784,-0.759001612663269,0,False
439,44.131471786648035,44.10000000000001,0.10099999999999909,173,-0.9148928579699793,1.1047217773515352,0.8819516720066023,1.694671226837331,0.2853127419948578,-0.007519819990613224,0.045961921752665266,-0.005019819990613223,0.0,-0.0025,True,True,222,5.0,10,0.0,0.5,0.444,0.9976822733879089,-0.08454084396362305,0,False
440,44.23228448769078,44.2,0.10099999999999909,178,-0.8999019456136047,1.1206591005872004,0.7743132574504747,1.7164299504201954,0.2889760136604309,-0.005155546346817752,0.040806375405847514,-0.005155546346817752,0.0,-0.0,False,False,222,5.0,10,0.02,0.5,0.444,0.9949188828468323,-0.20625188946723938,0,False
441,44.33235173393041,44.3,0.10000000000002274,167,-0.8839784594255741,1.1357812664639844,0.7357730976007626,1.738364628666223,0.2926689088344574,-0.007697237322734699,0.03310913808311282,-0.0051972373227347,0.0,-0.0025,True,True,223,5.0,10,0.0,0.5,0.446,0.9607497453689575,-0.12423661351203918,0,False
442,44.432787728030235,44.39999999999999,0.09999999999999432,160,-0.8679360872918993,1.1498713869182446,0.7103296255012821,1.7597155056254175,0.29626351594924927,-0.005058910523364382,0.028050227559748436,-0.005058910523364382,0.0,-0.0,False,False,223,5.0,10,0.02,0.5,0.446,0.4459240436553955,-0.991416871547699,0,False
443,44.53296080371365,44.499999999999986,0.09999999999999432,159,-0.8521328388162708,1.1628787948877908,0.652496053217512,1.780177758430608,0.2997085154056549,-0.007348358512194191,0.020701869047554243,-0.004848358512194191,0.0,-0.0025,True,True,224,5.0,10,0.0,0.5,0.448,0.4890853464603424,-0.9980345368385315,0,False
444,44.6330447900109,44.60000000000001,0.09999999999999432,159,-0.8385572112548793,1.1721222317034,0.524023907678997,1.7964956947629829,0.3024557828903198,-0.0038663976186651323,0.01683547142888911,-0.0038663976186651323,0.0,-0.0,False,False,224,5.0,10,0.02,0.5,0.448,0.48573824763298035,-0.9978744983673096,0,False
445,44.73294765781611,44.7,0.09999999999999432,148,-0.8277663055720409,1.1772082390951182,0.3353980954235287,1.8079947037359072,0.3043917417526245,-0.005224593355699962,0.011610878073189147,-0.002724593355699962,0.0,-0.0025,True,True,225,5.0,10,0.0,0.5,0.45,0.869848906993866,-0.9959322810173035,0,False
446,44.83285203576088,44.8,0.10000000000002274,149,-0.8132739084747763,1.1805659518117833,0.13731617498293436,1.821193427674318,0.30661386251449585,-0.003127326505352471,0.008483551567836676,-0.003127326505352471,0.0,-0.0,False,False,225,5.0,10,0.02,0.5,0.45,0.7980198860168457,-0.9988428950309753,0,False
447,44.9332758798264,44.89999999999999,0.09999999999999432,164,-0.7954527871724263,1.181271564254564,-0.06152449344003907,1.835253515185116,0.3089810013771057,-0.005831419351239781,0.0026521322165968947,-0.0033314193512397807,0.0,-0.0025,True,True,226,5.0,10,0.0,0.5,0.452,0.9998548626899719,-0.42148542404174805,0,False
448,45.03293760959059,44.999999999999986,0.09999999999999432,149,-0.7770500855968019,1.178461218106079,-0.21816627866011318,1.8475814936626616,0.311056524515152,-0.00292101069998478,-0.00026887848338788545,-0.00292101069998478,0.0,-0.0,False,False,226,5.0,10,0.02,0.5,0.452,0.9997935891151428,-0.43665793538093567,0,False
449,45.133240174967796,45.10000000000001,0.09999999999999432,162,-0.7559926853710036,1.1727874148928923,-0.3076795470667177,1.8602654528520999,0.3131919801235199,-0.005505357332347961,-0.005774235815735846,-0.0030053573323479605,0.0,-0.0025,True,True,227,5.0,10,0.0,0.5,0.454,0.9999998807907104,-0.4107793867588043,0,False
450,45.233309810981154,45.2,0.09999999999999432,146,-0.7351778543336938,1.1652073552441795,-0.3912205285184751,1.8717403875451546,0.31512388586997986,-0.0027188891577877377,-0.008493124973523584,-0.0027188891577877377,0.0,-0.0,False,False,227,5.0,10,0.02,0.5,0.454,0.9999999403953552,-0.4484584927558899,0,False
451,45.33300032094121,45.3,0.10000000000002274,148,-0.715080549632407,1.1558517481648722,-0.48242769915556877,1.8817489153673397,0.31680890917778015,-0.004871436396725312,-0.013364561370248896,-0.0023714363967253117,0.0,-0.0025,True,True,228,5.0,10,0.0,0.5,0.456,0.9999997019767761,-0.35091808438301086,0,False
452,45.43305648677051,45.39999999999999,0.09999999999999432,150,-0.6959609053000665,1.1448246694192223,-0.5556609944846501,1.890173851221055,0.3182273209095001,-0.00199621761347263,-0.015360778983721526,-0.00199621761347263,0.0,-0.0,False,False,228,5.0,10,0.02,0.5,0.456,0.9999997615814209,-0.3589273691177368,0,False
453,45.533477960620075,45.499999999999986,0.09999999999999432,150,-0.6776003811383172,1.13244879763304,-0.62999572704365,1.897403746902723,0.31944453716278076,-0.004213062906817315,-0.019573841890538842,-0.001713062906817315,0.0,-0.0025,True,True,229,5.0,10,0.0,0.5,0.458,0.9999702572822571,-0.29786217212677,0,False
454,45.633088442031294,45.60000000000001,0.09999999999999432,153,-0.6602051764824336,1.1188997061957076,-0.6896963033267748,1.9033929320872969,0.32045286893844604,-0.0014190870011815352,-0.02099292889172038,-0.0014190870011815352,0.0,-0.0,False,False,229,5.0,10,0.02,0.5,0.458,0.9999726414680481,-0.29792478680610657,0,False
455,45.73323476687074,45.7,0.09999999999999432,155,-0.6435863376434797,1.1043139146168273,-0.7503274923533453,1.9083848048249272,0.32129329442977905,-0.003682782214143155,-0.024675711105863533,-0.0011827822141431549,0.0,-0.0025,True,True,230,5.0,10,0.0,0.5,0.46,0.9999914169311523,-0.35423779487609863,0,False
456,45.833055385854095,45.8,0.10000000000002274,149,-0.6278988963539596,1.0887183311841966,-0.8194968457225839,1.9122786425770426,0.3219488561153412,-0.0009226120696633583,-0.02559832317552689,-0.0009226120696633583,0.0,-0.0,False,False,230,5.0,10,0.02,0.5,0.46,0.9999915957450867,-0.3545607328414917,0,False
457,45.933294500689954,45.89999999999999,0.09999999999999432,150,-0.6133548287813173,1.0720486374481184,-0.8889133563046286,1.9148710530820992,0.322385311126709,-0.0031142498413519863,-0.02871257301687888,-0.0006142498413519863,0.0,-0.0025,True,True,231,5.0,10,0.0,0.5,0.462,0.9999923706054688,-0.37596452236175537,0,False
458,46.03336571762338,45.999999999999986,0.09999999999999432,156,-0.600036687475874,1.0543718767287618,-0.9629662175185789,1.9161374310099362,0.32259851694107056,-0.00030005758723330653,-0.029012630604112185,-0.00030005758723330653,0.0,-0.0,False,False,231,5.0,10,0.02,0.5,0.462,0.9999914765357971,-0.3779974579811096,0,False
459,46.1333396746777,46.10000000000001,0.09999999999999432,148,-0.588083561103378,1.035739864509198,-1.037970623977122,1.9159936933977748,0.32257431745529175,-0.002465942583053798,-0.03147857318716598,3.4057416946202176e-05,0.0,-0.0025,True,True,232,5.0,10,0.0,0.5,0.464,0.9999983906745911,-0.3348819315433502,0,False
460,46.23337787203491,46.2,0.09999999999999432,160,-0.5775224665858014,1.0162949016754368,-1.1062246355809484,1.914494361408848,0.32232189178466797,0.0003552540905600534,-0.031123319096605928,0.0003552540905600534,0.0,-0.0,False,False,232,5.0,10,0.02,0.5,0.464,0.9999988675117493,-0.3423897922039032,0,False
461,46.333538877777755,46.3,0.10000000000002274,164,-0.5682897067729931,0.9961801924787446,-1.17543785970218,1.9117670641298172,0.32186272740364075,-0.0018537898732871095,-0.03297710896989304,0.0006462101267128906,0.0,-0.0025,True,True,233,5.0,10,0.0,0.5,0.466,0.9991466999053955,-0.14821121096611023,0,False
462,46.43344079563394,46.39999999999999,0.09999999999999432,150,-0.5602943678486682,0.975693441684789,-1.2098063367074987,1.908038914068568,0.3212350606918335,0.0008833537663853693,-0.03209375520350767,0.0008833537663853693,0.0,-0.0,False,False,233,5.0,10,0.02,0.5,0.466,0.9992711544036865,-0.1496625393629074,0,False
463,46.53476846171543,46.499999999999986,0.10099999999999909,158,-0.5528706475150884,0.9549378522386248,-1.2431396722676171,1.9039278767473367,0.32054293155670166,-0.001525924321231905,-0.03361967952473958,0.0009740756787680951,0.0,-0.0025,True,True,234,5.0,10,0.0,0.5,0.468,0.9998646378517151,-0.11329904198646545,0,False
464,46.63449241081253,46.60000000000001,0.09999999999999432,154,-0.5460376289239259,0.9339884438683557,-1.2672969240672443,1.89945413207719,0.31978973746299744,0.0010600161311361885,-0.03255966339360339,0.0010600161311361885,0.0,-0.0,False,False,234,5.0,10,0.02,0.5,0.468,0.9998781085014343,-0.11610458791255951,0,False
465,46.73470464674756,46.7,0.09999999999999432,160,-0.5396868670209014,0.9128860451154558,-1.2907185556973846,1.8947297316695797,0.31899434328079224,-0.0013805931023664693,-0.03394025649596986,0.0011194068976335307,0.0,-0.0025,True,True,235,5.0,10,0.0,0.5,0.47,0.9996693134307861,-0.07022576779127121,0,False
466,46.834674313664436,46.8,0.09999999999999432,160,-0.5337872750343943,0.8916680788821456,-1.3058877635878494,1.889798044631623,0.31816405057907104,0.0011685217193626984,-0.03277173477660716,0.0011685217193626984,0.0,-0.0,False,False,235,5.0,10,0.02,0.5,0.47,0.9996697902679443,-0.07047699391841888,0,False
467,46.93456304166466,46.89999999999999,0.10000000000002274,159,-0.5281814581427077,0.8703702267844332,-1.3206482172376544,1.8848134295813062,0.31732484698295593,-0.001318937433756841,-0.034090672210364,0.001181062566243159,0.0,-0.0025,True,True,236,5.0,10,0.0,0.5,0.472,0.9998582601547241,-0.09221580624580383,0,False
468,47.034494479652494,46.999999999999986,0.09999999999999432,159,-0.5228965021244376,0.8489805758538679,-1.3384808338399816,1.8797457936687927,0.316471666097641,0.0012007336605138216,-0.03288993854985018,0.0012007336605138216,0.0,-0.0,False,False,236,5.0,10,0.02,0.5,0.472,0.9998587965965271,-0.09250015020370483,0,False
469,47.134634585585445,47.10000000000001,0.09999999999999432,159,-0.5180105591934451,0.8274974322920571,-1.3564278617538454,1.8745241531718204,0.31559255719184875,-0.0012627762499009129,-0.03415271479975109,0.0012372237500990872,0.0,-0.0025,True,True,237,5.0,10,0.0,0.5,0.474,0.9999261498451233,-0.1134074404835701,0,False
470,47.23497650958598,47.2,0.09999999999999432,157,-0.513543610117016,0.8059183419968966,-1.3783718251905233,1.869127974145795,0.31468406319618225,0.001278579184962374,-0.03287413561478872,0.001278579184962374,0.0,-0.0,False,False,237,5.0,10,0.02,0.5,0.474,0.999933660030365,-0.1141253337264061,0,False
471,47.33492046780884,47.3,0.09999999999999432,159,-0.5095702725420042,0.7842414189428074,-1.4008279305706728,1.8634878660193277,0.3137345016002655,-0.001163623868545091,-0.03403775948333381,0.001336376131454909,0.0,-0.0025,True,True,238,5.0,10,0.0,0.5,0.476,0.9999984502792358,-0.12316717952489853,0,False
472,47.434770475607365,47.39999999999999,0.10000000000002274,159,-0.5060999246067176,0.7624714720585374,-1.4251110004620833,1.857595331987759,0.3127424418926239,0.0013961863242694058,-0.03264157315906441,0.0013961863242694058,0.0,-0.0,False,False,238,5.0,10,0.02,0.5,0.476,0.9999985694885254,-0.12338954210281372,0,False
473,47.534767692908645,47.499999999999986,0.09999999999999432,159,-0.5031648086940529,0.7406194876988509,-1.4495740216818784,1.8514229344527082,0.31170326471328735,-0.0010375023750015218,-0.033679075534065926,0.0014624976249984782,0.0,-0.0025,True,True,239,5.0,10,0.0,0.5,0.478,0.9999998211860657,-0.06359705328941345,0,False
474,47.63502357760444,47.60000000000001,0.09999999999999432,159,-0.5007024571350999,0.7187283970249105,-1.4639042980563282,1.84504271923702,0.31062909960746765,0.0015117382746227287,-0.0321673372594432,0.0015117382746227287,0.0,-0.0,False,False,239,5.0,10,0.02,0.5,0.478,0.9999998211860657,-0.06357695907354355,0,False
475,47.734962454997,47.7,0.09999999999999432,161,-0.4985085555991718,0.6968123524511118,-1.477589827867037,1.8386463954958308,0.30955222249031067,-0.0009844449458918723,-0.03315178220533507,0.0015155550541081277,0.0,-0.0025,True,True,240,5.0,10,0.0,0.5,0.48,0.999996542930603,-0.06413056701421738,0,False
476,47.83512652060017,47.8,0.09999999999999432,161,-0.49659190230300804,0.6748737741896506,-1.4904199801187472,1.8322265285250636,0.3084713816642761,0.0015211334241251114,-0.03163064878120996,0.0015211334241251114,0.0,-0.0,False,False,240,5.0,10,0.02,0.5,0.48,0.9999966621398926,-0.06415323913097382,0,False
477,47.93516011768952,47.89999999999999,0.10000000000002274,162,-0.49495764209229787,0.6529125338329189,-1.503021848508784,1.825777630805042,0.30738565325737,-0.0009719879842748531,-0.03260263676548482,0.001528012015725147,0.0,-0.0025,True,True,241,5.0,10,0.0,0.5,0.482,0.9999989867210388,-0.06028825044631958,0,False
478,48.03490273701027,47.999999999999986,0.09999999999999432,162,-0.49360006050680977,0.6309317837274582,-1.5150569178502487,1.8193064289727883,0.306296169757843,0.00153329678732027,-0.031069339978164547,0.00153329678732027,0.0,-0.0,False,False,241,5.0,10,0.02,0.5,0.482,0.9999990463256836,-0.060312189161777496,0,False
479,48.13495929399505,48.10000000000001,0.09999999999999432,160,-0.49250469133066416,0.6089349890292551,-1.5271269831901906,1.8128270843694025,0.3052053153514862,-0.0009647738516212624,-0.03203411382978581,0.0015352261483787377,0.0,-0.0025,True,True,242,5.0,10,0.0,0.5,0.484,0.9999958872795105,-0.06629202514886856,0,False
480,48.23513008886948,48.2,0.09999999999999432,161,-0.49168039515604933,0.5869249504355568,-1.5401686119764166,1.8063323393075708,0.30411186814308167,0.0015388751573373063,-0.030495238672448507,0.0015388751573373063,0.0,-0.0,False,False,242,5.0,10,0.02,0.5,0.484,0.9999960064888,-0.06635542213916779,0,False
481,48.33525661472231,48.3,0.09999999999999432,161,-0.4911479439373608,0.5649071862309928,-1.5532641573449035,1.7998043150941547,0.30301281809806824,-0.00095323962790173,-0.03144847830035024,0.00154676037209827,0.0,-0.0025,True,True,243,5.0,10,0.0,0.5,0.486,0.9999061226844788,-0.020711008459329605,0,False
482,48.43523774202913,48.39999999999999,0.10000000000002274,162,-0.49085552804499544,0.5429016472090461,-1.5586510815144843,1.7932978869259157,0.3019174039363861,0.0015416433710299772,-0.029906834929320263,0.0015416433710299772,0.0,-0.0,False,False,243,5.0,10,0.02,0.5,0.486,0.9999043941497803,-0.019317906349897385,0,False
483,48.535231028683484,48.499999999999986,0.09999999999999432,161,-0.4906446436805097,0.5208972223382002,-1.5632201260748222,1.7869610408173453,0.3008505403995514,-0.0009985376701455513,-0.030905372599465814,0.0015014623298544487,0.0,-0.0025,True,True,244,5.0,10,0.0,0.5,0.488,0.9999148845672607,-0.07661781460046768,0,False
484,48.63515172665939,48.60000000000001,0.09999999999999432,157,-0.49058012663852185,0.4988739919148666,-1.5768742727668414,1.780727749515566,0.2998011112213135,0.0014769258903057647,-0.02942844670916005,0.0014769258903057647,0.0,-0.0,False,False,244,5.0,10,0.02,0.5,0.488,0.9999172687530518,-0.07676182687282562,0,False
485,48.73513433383778,48.7,0.09999999999999432,157,-0.4908606645353216,0.47685016056908464,-1.5910594832646148,1.774413561552755,0.2987380623817444,-0.001003906327004063,-0.030432353036164112,0.001496093672995937,0.0,-0.0025,True,True,245,5.0,10,0.0,0.5,0.49,0.9998825192451477,-0.07158569991588593,0,False
486,48.83537560887635,48.8,0.09999999999999432,162,-0.4914716389922361,0.45483384993537174,-1.605339857966647,1.7680337003705942,0.29766395688056946,0.00151165438935934,-0.02892069864680477,0.00151165438935934,0.0,-0.0,False,False,245,5.0,10,0.02,0.5,0.49,0.9998863935470581,-0.0717545598745346,0,False
487,48.935301466844976,48.89999999999999,0.10000000000002274,161,-0.4923938371655835,0.4328284982790197,-1.619859466331944,1.7616071067628045,0.2965819835662842,-0.0009772727558699762,-0.029897971402674747,0.001522727244130024,0.0,-0.0025,True,True,246,5.0,10,0.0,0.5,0.492,0.9999688863754272,-0.029814308509230614,0,False
488,49.035200534854084,48.999999999999986,0.09999999999999432,162,-0.4935826241565212,0.41084835798703906,-1.6270582532750306,1.7551799821047238,0.29549992084503174,0.001522853072025107,-0.02837511833064964,0.001522853072025107,0.0,-0.0,False,False,246,5.0,10,0.02,0.5,0.492,0.999968945980072,-0.028942635282874107,0,False
489,49.13553360896185,49.10000000000001,0.09999999999999432,160,-0.4948945006896165,0.3888763284940598,-1.6334689828370612,1.7488880982541446,0.2944406270980835,-0.0010091910985991336,-0.029384309429248773,0.0014908089014008664,0.0,-0.0025,True,True,247,5.0,10,0.0,0.5,0.494,0.9999768733978271,-0.01919325813651085,0,False
490,49.23534022690728,49.2,0.09999999999999432,161,-0.4963197958357442,0.3669150918045047,-1.6375188490780768,1.7427429613007106,0.29340603947639465,0.0014560384597155967,-0.027928270969533178,0.0014560384597155967,0.0,-0.0,False,False,247,5.0,10,0.02,0.5,0.494,0.999976396560669,-0.01776506006717682,0,False
491,49.33543774392456,49.3,0.09999999999999432,161,-0.497824537351423,0.34495994503794075,-1.6410302050468162,1.7367782044295337,0.29240182042121887,-0.0010867010819940782,-0.029014972051527255,0.0014132989180059218,0.0,-0.0025,True,True,248,5.0,10,0.0,0.5,0.496,0.9997246861457825,-0.04915337264537811,0,False
492,49.435703618917614,49.39999999999999,0.10000000000002274,162,-0.4994396095540437,0.3230077055156896,-1.6498471752569641,1.7309649739081232,0.29142311215400696,0.0013773960252645356,-0.027637576026262718,0.0013773960252645356,0.0,-0.0,False,False,248,5.0,10,0.02,0.5,0.496,0.9997234344482422,-0.04906768351793289,0,False
493,49.535711655858904,49.499999999999986,0.09999999999999432,161,-0.5012743008063454,0.3010733994601682,-1.6590363362959246,1.7251997149296876,0.2904524803161621,-0.0011339704279280617,-0.02877154645419078,0.0013660295720719384,0.0,-0.0025,True,True,249,5.0,10,0.0,0.5,0.498,0.9998729825019836,-0.046528544276952744,0,False
494,49.63582805171609,49.60000000000001,0.09999999999999432,159,-0.5033202339905725,0.2791550455542568,-1.6683205621378197,1.7194911013156509,0.2894913852214813,0.0013526079299255801,-0.0274189385242652,0.0013526079299255801,0.0,-0.0,False,False,249,5.0,10,0.02,0.5,0.498,0.9998721480369568,-0.04649050906300545,0,False
495,49.73557402100414,49.7,0.09999999999999432,160,-0.5055671876572714,0.257255306562901,-1.6776922344273872,1.7138502851221287,0.288541704416275,-0.0011634560980182608,-0.02858239462228346,0.0013365439019817392,0.0,-0.0025,True,True,250,5.0,10,0.0,0.5,0.5,0.99986332654953,-0.06235179677605629,0,False
496,49.83585395477712,49.8,0.09999999999999432,161,-0.5080341703680419,0.23537423168247812,-1.6896856518061198,1.708259210639219,0.28760039806365967,0.0013247580224720404,-0.02725763659981142,0.0013247580224720404,0.0,-0.0,False,False,250,5.0,10,0.02,0.5,0.5,0.9998658299446106,-0.06229841336607933,0,False
497,49.935846091713756,49.89999999999999,0.10000000000002274,160,-0.5107745487909919,0.21352542019982323,-1.7017983817123248,1.7026672510724905,0.2866589426994324,-0.001175032264369435,-0.028432668864180857,0.001324967735630565,0.0,-0.0025,True,True,251,5.0,10,0.0,0.5,0.502,0.9995686411857605,-0.08764645457267761,0,False
498,50.03598203789443,49.999999999999986,0.09999999999999432,161,-0.5138142206096014,0.19171328828169137,-1.718494058815611,1.6970492700414914,0.2857131063938141,0.001331133302491533,-0.027101535561689323,0.001331133302491533,0.0,-0.0,False,False,251,5.0,10,0.02,0.5,0.502,0.999586284160614,-0.08757007122039795,0,False
499,50.13555871788412,50.10000000000001,0.09999999999999432,158,-0.5172362180800114,0.16995816449851334,-1.7355231490052236,1.6913249019354812,0.2847493588924408,-0.0011436591758524626,-0.028245194737541786,0.0013563408241475375,0.0,-0.0025,True,True,252,5.0,10,0.0,0.5,0.504,0.9999663829803467,-0.08556083589792252,0,False
500,50.23609251063317,50.2,0.09999999999999432,161,-0.5210346634433656,0.14825869876257547,-1.752574997974841,1.6854985721735536,0.2837684452533722,0.0013804997800108668,-0.02686469495753092,0.0013804997800108668,0.0,-0.0,False,False,252,5.0,10,0.02,0.5,0.504,0.9999676942825317,-0.08536137640476227,0,False
501,50.33561511198059,50.3,0.09999999999999432,159,-0.5252002788491139,0.126624810644007,-1.7696400192583555,1.6795796626441868,0.2827719449996948,-0.0010975642236062376,-0.027962259181137157,0.0014024357763937625,0.0,-0.0025,True,True,253,5.0,10,0.0,0.5,0.506,0.999903678894043,0.024902569130063057,0,False
502,50.43589671701193,50.39999999999999,0.10000000000002274,160,-0.529620978151563,0.1051449092719443,-1.770498299848469,1.673685004411453,0.28177952766418457,0.0013966896358498962,-0.02656556954528726,0.0013966896358498962,0.0,-0.0,False,False,253,5.0,10,0.02,0.5,0.506,0.9998984932899475,0.028255576267838478,0,False
503,50.53593461262062,50.499999999999986,0.09999999999999432,160,-0.5339344413989322,0.08358314666684068,-1.7660676352425373,1.6681608422652392,0.28084948658943176,-0.001191096292313276,-0.027756665837600537,0.001308903707686724,0.0,-0.0025,True,True,254,5.0,10,0.0,0.5,0.508,0.9911738634109497,-0.17494182288646698,0,False
504,50.63635394675657,50.60000000000001,0.09999999999999432,162,-0.538285594116451,0.06209536404629902,-1.7909548164692104,1.6628742366159723,0.27995944023132324,0.0012526166959356076,-0.02650404914166493,0.0012526166959356076,0.0,-0.0,False,False,254,5.0,10,0.02,0.5,0.508,0.9919787645339966,-0.17406511306762695,0,False
505,50.736086355987936,50.7,0.09999999999999432,160,-0.5433953798992964,0.04081401776909822,-1.8223587138849429,1.657107384486663,0.2789885401725769,-0.001133592944242707,-0.02763764208590764,0.0013664070557572931,0.0,-0.0025,True,True,255,5.0,10,0.0,0.5,0.51,0.9999391436576843,0.10577370971441269,0,False
506,50.83605390274897,50.8,0.09999999999999432,161,-0.5490425510322544,0.01966815708900903,-1.8211020116782923,1.6510746531782077,0.27797287702560425,0.0014294048885815098,-0.02620823719732613,0.0014294048885815098,0.0,-0.0,False,False,255,5.0,10,0.02,0.5,0.51,0.9999292492866516,0.10672856867313385,0,False
507,50.838286994956434,50.8,0.0,1,-0.5490425510322544,0.01966815708900903,-1.8211020116782923,1.6510746531782077,0.27797287702560425,-1.5,-1.5262082371973262,0.0,-1.5,-0.0,False,False,255,5.0,10,0.02,0.5,0.51,0.9999292492866516,0.10672859847545624,4,True
