ppo_step,t_wall_s,t_sim_s,ppo_step_sim_dt,inner_ticks,x,y,yaw,goal_distance_m,goal_distance_norm,ppo_reward,ppo_reward_cumulative,navigation_reward,terminal_reward,frame_cost_reward,fresh_observation,frame_consumed,episode_frame_count,current_fps,scan_divisor_k,obs_age_ratio,fps_ratio,frame_count_ratio,action_linear,action_angular,outcome,done
1,0.03817239869385958,0.03999999999999998,0.09999999999999998,24,0.030849297019388083,-0.00461882060185932,-0.33003881512577116,2.803408822905081,0.47197842597961426,0.00013378296362651516,0.00013378296362651516,0.00013378296362651516,0.0,-0.0,False,False,1,10.0,5,0.008,1.0,0.002,0.9945726990699768,-0.6294165253639221,0,False
2,0.1385500100441277,0.13999999999999996,0.09999999999999998,138,0.03852759647815186,-0.0072613339189203045,-0.3323888270531316,2.7961367972336415,0.47075411677360535,9.364696967705845e-05,0.0002274299333035736,0.0025936469696770585,0.0,-0.0025,True,True,2,5.0,10,0.008,0.5,0.004,0.9947436451911926,-0.6168197393417358,0,False
3,0.2382644359022379,0.24000000000000005,0.10000000000000009,171,0.05278635550757479,-0.012365414135625944,-0.36862141623849976,2.782504736257581,0.46845903992652893,0.004862022665826609,0.0050894525991301825,0.004862022665826609,0.0,-0.0,False,False,2,5.0,10,0.028,0.5,0.004,0.9934585094451904,-0.5807626247406006,0,False
4,0.3382324199192226,0.34,0.09999999999999998,171,0.07142374004222782,-0.020442238361104415,-0.4478585350876644,2.7637032547298532,0.46529364585876465,0.004205752673749402,0.009295205272879584,0.0067057526737494015,0.0,-0.0025,True,True,3,5.0,10,0.008,0.5,0.006,0.887753963470459,-0.1933039277791977,0,False
5,0.4376860880292952,0.44,0.09999999999999998,171,0.08917086777174962,-0.02936567119504502,-0.4660840457890032,2.744934875336946,0.46213382482528687,0.006693946437695564,0.015989151710575147,0.006693946437695564,0.0,-0.0,False,False,3,5.0,10,0.028,0.5,0.006,0.8621067404747009,0.03824284300208092,0,False
6,0.5381965870037675,0.54,0.09999999999999998,165,0.10625870012443774,-0.037866843929784726,-0.46938785431126817,2.7269437765536457,0.45910486578941345,0.003916720862761947,0.019905872573337095,0.006416720862761948,0.0,-0.0025,True,True,4,5.0,10,0.008,0.5,0.008,0.9900245666503906,-0.8984817266464233,0,False
7,0.7381311147473752,0.74,0.19999999999999996,334,0.1402004563532732,-0.05947695381518293,-0.7191761599514411,2.6878400653751537,0.452521413564682,0.01144676347190962,0.03135263604524671,0.01394676347190962,0.0,-0.0025,True,True,5,5.0,10,0.008,0.5,0.01,0.9888675212860107,-0.585482656955719,0,False
8,0.8392412788234651,0.8399999999999999,0.10099999999999998,172,0.15582491884539681,-0.07478045183440171,-0.8196070792451461,2.665980442236954,0.4488411545753479,0.007796472107262332,0.03914910815250904,0.007796472107262332,0.0,-0.0,False,False,5,5.0,10,0.028,0.5,0.01,0.9033952355384827,0.16530460119247437,0,False
9,0.9395507397130132,0.94,0.10000000000000009,169,0.1705305141471228,-0.09078146808020945,-0.8126568341414951,2.6442530506212725,0.4451831579208374,0.005249310297998883,0.044398418450507925,0.007749310297998883,0.0,-0.0025,True,True,6,5.0,10,0.008,0.5,0.012,0.9933396577835083,-0.4727385342121124,0,False
10,1.0398415308445692,1.0399999999999998,0.10000000000000009,167,0.18526017457470162,-0.1069359106048096,-0.8761782317370232,2.6223982069356944,0.44150370359420776,0.007794767463553826,0.05219318591406175,0.007794767463553826,0.0,-0.0,False,False,6,5.0,10,0.028,0.5,0.012,0.9886067509651184,-0.4619799256324768,0,False
11,1.2395310807041824,1.24,0.19999999999999996,336,0.20895075741063326,-0.14082875384058907,-1.0441061415308817,2.5815450390811026,0.4346257150173187,0.012070726204105169,0.06426391211816693,0.01457072620410517,0.0,-0.0025,True,True,7,1.0,50,0.028,0.1,0.014,0.8896800875663757,-0.40288546681404114,0,False
12,1.439462708774954,1.44,0.19999999999999996,338,0.22586510775312998,-0.17622840369032736,-1.2076082377547943,2.5443462052972787,0.42836296558380127,0.013267368251717919,0.07753128036988485,0.013267368251717919,0.0,-0.0,False,False,7,1.0,50,0.068,0.1,0.014,0.8773956298828125,-0.41567477583885193,0,False
13,1.5400983579456806,1.5399999999999998,0.10000000000000009,169,0.23202332192057515,-0.19466409894608167,-1.2908895753915377,2.526851638536286,0.42541760206222534,0.006239627321953583,0.08377090769183844,0.006239627321953583,0.0,-0.0,False,False,7,1.0,50,0.088,0.1,0.014,0.8718644380569458,-0.4215615689754486,0,False
14,1.7401390350423753,1.74,0.19999999999999973,340,0.23953083477627382,-0.23244207794280594,-1.4614664847761218,2.494696897435397,0.42000406980514526,0.011468337789924383,0.09523924548176282,0.011468337789924383,0.0,-0.0,False,False,7,1.0,50,0.128,0.1,0.014,0.8632324934005737,-0.4378095865249634,0,False
15,1.839913269970566,1.84,0.10000000000000009,167,0.2408101050131811,-0.2514402746869665,-1.5496458046461206,2.4803649121754856,0.4175911545753479,0.005111658266666508,0.10035090374842934,0.005111658266666508,0.0,-0.0,False,False,7,1.0,50,0.148,0.1,0.014,0.8669517040252686,-0.4287245273590088,0,False
16,1.9398976638913155,1.9399999999999997,0.10000000000000009,169,0.24035766179272253,-0.2702196082400016,-1.6411552740900153,2.4674848184118168,0.4154226779937744,0.004593825389051856,0.1049447291374812,0.004593825389051856,0.0,-0.0,False,False,7,1.0,50,0.168,0.1,0.014,0.8694165945053101,-0.4179916977882385,0,False
17,2.0402527349069715,2.04,0.10000000000000009,169,0.23819393542101164,-0.28895202475129783,-1.7298795630894854,2.455940847180901,0.41347914934158325,0.004117282770149607,0.1090620119076308,0.004117282770149607,0.0,-0.0,False,False,7,1.0,50,0.188,0.1,0.014,0.8648490309715271,-0.39592087268829346,0,False
18,2.240349650848657,2.24,0.20000000000000018,339,0.22956481041196589,-0.32758237717217764,-1.790669762143365,2.4354509797605663,0.41002950072288513,0.0048079338474495865,0.11386994575508039,0.007307933847449586,0.0,-0.0025,True,True,8,1.0,50,0.028,0.1,0.016,0.9186151623725891,0.33564719557762146,0,False
19,2.44070932501927,2.44,0.19999999999999973,335,0.2235513673995591,-0.36715664502377776,-1.6531913779891405,2.4128710754106852,0.4062279760837555,0.008053368227600529,0.12192331398268091,0.008053368227600529,0.0,-0.0,False,False,8,1.0,50,0.068,0.1,0.016,0.9122660756111145,0.3401530385017395,0,False
20,2.540696928743273,2.54,0.10000000000000009,169,0.22256684718598602,-0.387046089868752,-1.585086379860163,2.400185169036846,0.4040921926498413,0.004524566346532419,0.12644788032921334,0.004524566346532419,0.0,-0.0,False,False,8,1.0,50,0.088,0.1,0.016,0.9089482426643372,0.34226194024086,0,False
21,2.7406691568903625,2.74,0.19999999999999973,331,0.22467014754888023,-0.4265958754938368,-1.4488101261296997,2.372213511080033,0.39938291907310486,0.00997639573543603,0.13642427606464935,0.00997639573543603,0.0,-0.0,False,False,8,1.0,50,0.128,0.1,0.016,0.9036952257156372,0.3329748213291168,0,False
22,2.840974567923695,2.8400000000000003,0.10000000000000009,161,0.22770909311205545,-0.44610704577425686,-1.3826389983684477,2.357031668337378,0.39682692289352417,0.00541476917198581,0.14183904523663515,0.00541476917198581,0.0,-0.0,False,False,8,1.0,50,0.148,0.1,0.016,0.9010006785392761,0.32366111874580383,0,False
23,2.9410887300036848,2.94,0.10000000000000009,161,0.23200037919741096,-0.46532726224669135,-1.3183708342532297,2.341162823534626,0.39415526390075684,0.005659795921317948,0.1474988411579531,0.005659795921317948,0.0,-0.0,False,False,8,1.0,50,0.168,0.1,0.016,0.8981010317802429,0.313576877117157,0,False
24,3.0408468660898507,3.04,0.10000000000000009,160,0.2374806705221817,-0.4841789412396063,-1.2561029891973101,2.3246908826177926,0.3913820683956146,0.005874896703326301,0.1533737378612794,0.005874896703326301,0.0,-0.0,False,False,8,1.0,50,0.188,0.1,0.016,0.8952246308326721,0.30381906032562256,0,False
25,3.241012721788138,3.24,0.20000000000000018,321,0.2506258817288414,-0.5187295790982956,-1.1824771780486234,2.292263535700735,0.3859226405620575,0.009065565616250538,0.16243930347752994,0.011565565616250538,0.0,-0.0025,True,True,9,1.0,50,0.028,0.1,0.018,0.7617921829223633,0.04849790409207344,0,False
26,3.441058118827641,3.44,0.19999999999999973,321,0.2636465393661225,-0.5495664719709151,-1.1602974677700306,2.262450195333911,0.38090330362319946,0.01063325177770668,0.17307255525523663,0.01063325177770668,0.0,-0.0,False,False,9,1.0,50,0.068,0.1,0.018,0.7616151571273804,0.051379673182964325,0,False
27,3.541434658691287,3.54,0.10000000000000009,161,0.2703929392863354,-0.5648849281400355,-1.1502347810764737,2.247464310148723,0.37838029861450195,0.005344878779944809,0.17841743403518143,0.005344878779944809,0.0,-0.0,False,False,9,1.0,50,0.088,0.1,0.018,0.76148921251297,0.052499931305646896,0,False
28,3.6415352318435907,3.64,0.09999999999999964,160,0.277299194804357,-0.5801281923569727,-1.1399004606483487,2.2324277981691036,0.37584877014160156,0.005362935376262537,0.18378036941144396,0.005362935376262537,0.0,-0.0,False,False,9,1.0,50,0.108,0.1,0.018,0.7614319324493408,0.05184167996048927,0,False
29,3.7411820590496063,3.7399999999999998,0.10000000000000053,160,0.28436321557401945,-0.5952953869121346,-1.1295669319990085,2.2173417214956355,0.3733088970184326,0.005380613162867263,0.18916098257431121,0.005380613162867263,0.0,-0.0,False,False,9,1.0,50,0.128,0.1,0.018,0.7614027857780457,0.05118507891893387,0,False
30,3.841472779866308,3.8400000000000003,0.09999999999999964,149,0.29158291267630554,-0.6103872421761191,-1.1193400960283346,2.2022062571450824,0.3707607090473175,0.0053982278145197704,0.19455921038883098,0.0053982278145197704,0.0,-0.0,False,False,9,1.0,50,0.148,0.1,0.018,0.761370837688446,0.05052248761057854,0,False
31,3.9416864421218634,3.94,0.09999999999999964,166,0.29895631506729076,-0.6254052372246086,-1.109265157548994,2.187020874067153,0.36820411682128906,0.0054160318710289364,0.1999752422598599,0.0054160318710289364,0.0,-0.0,False,False,9,1.0,50,0.168,0.1,0.018,0.7613341212272644,0.049851298332214355,0,False
32,4.041581155732274,4.04,0.10000000000000053,164,0.3064810504758231,-0.6403494229430838,-1.0993359093354018,2.1717864573456653,0.36563926935195923,0.005433520252777321,0.20540876251263723,0.005433520252777321,0.0,-0.0,False,False,9,1.0,50,0.188,0.1,0.018,0.7612931728363037,0.049172572791576385,0,False
33,4.141636709682643,4.14,0.09999999999999964,168,0.31416173743301856,-0.6552376950753167,-1.0909177042431195,2.1564870754718837,0.3630634844303131,0.002956690780219776,0.20836545329285702,0.005456690780219776,0.0,-0.0025,True,True,10,1.0,50,0.008,0.1,0.02,0.8454861044883728,-0.27438774704933167,0,False
34,4.241994239855558,4.239999999999999,0.10000000000000053,168,0.32219244502590993,-0.6716349740533027,-1.1468756844200738,2.1399981409457305,0.3602874279022217,0.00588095765873369,0.21424641095159072,0.00588095765873369,0.0,-0.0,False,False,10,1.0,50,0.028,0.1,0.02,0.8372054100036621,-0.2654303014278412,0,False
35,4.341746176127344,4.34,0.09999999999999964,168,0.3294100890552786,-0.6886497339515837,-1.1976020858216796,2.1237961505936087,0.3575596809387207,0.005778615901282808,0.22002502685287353,0.005778615901282808,0.0,-0.0,False,False,10,1.0,50,0.048,0.1,0.02,0.8289317488670349,-0.2629757225513458,0,False
36,4.441853939089924,4.4399999999999995,0.09999999999999964,168,0.3356742113083607,-0.7059042035482604,-1.2490933415062278,2.1082372621441756,0.3549402058124542,0.005549246620086108,0.22557427347295964,0.005549246620086108,0.0,-0.0,False,False,10,1.0,50,0.068,0.1,0.02,0.8323946595191956,-0.26200616359710693,0,False
37,4.541653783991933,4.54,0.10000000000000053,169,0.3410436331062608,-0.7235212737646289,-1.3013822875491692,2.0932113711703813,0.3524104654788971,0.005359147279132839,0.23093342075209247,0.005359147279132839,0.0,-0.0,False,False,10,1.0,50,0.088,0.1,0.02,0.8348706364631653,-0.25774461030960083,0,False
38,4.641817865893245,4.64,0.09999999999999964,168,0.3455076517107304,-0.7414440005860368,-1.353010794716819,2.0787756540869147,0.34998008608818054,0.005148655348632248,0.2360820761007247,0.005148655348632248,0.0,-0.0,False,False,10,1.0,50,0.108,0.1,0.02,0.8367466926574707,-0.2533557713031769,0,False
39,4.741926128976047,4.739999999999999,0.10000000000000053,169,0.3490605893615682,-0.7596063242167542,-1.4035667387756765,2.0649885264258128,0.3476589024066925,0.004917328883918638,0.24099940498464334,0.004917328883918638,0.0,-0.0,False,False,10,1.0,50,0.128,0.1,0.02,0.8377798795700073,-0.24652352929115295,0,False
40,4.841972151771188,4.84,0.09999999999999964,168,0.351707633637829,-0.7779412878419143,-1.4525013076074325,2.051900437964743,0.3454554080963135,0.00466800895783952,0.24566741394248287,0.00466800895783952,0.0,-0.0,False,False,10,1.0,50,0.148,0.1,0.02,0.8386073112487793,-0.2332705408334732,0,False
41,4.941980029921979,4.9399999999999995,0.09999999999999964,167,0.35348285685315245,-0.796393647738506,-1.4984084555967065,2.039531037564481,0.3433729112148285,0.004411681052070668,0.25007909499455355,0.004411681052070668,0.0,-0.0,False,False,10,1.0,50,0.168,0.1,0.02,0.8395218849182129,-0.21661870181560516,0,False
42,5.041578488890082,5.04,0.10000000000000053,167,0.35443469413252443,-0.8149161313572731,-1.5414412787459364,2.027882803459719,0.341411828994751,0.00415446925697169,0.25423356425152527,0.00415446925697169,0.0,-0.0,False,False,10,1.0,50,0.188,0.1,0.02,0.8399256467819214,-0.20336371660232544,0,False
43,5.142054948024452,5.14,0.09999999999999964,168,0.35461153892845243,-0.8333931036711547,-1.583840452048461,2.016996449506119,0.3395790159702301,0.0013827364228759602,0.2556163006744012,0.0038827364228759603,0.0,-0.0025,True,True,11,1.0,50,0.008,0.1,0.022,0.6191949844360352,-0.9329029321670532,0,False
44,5.242139346897602,5.239999999999999,0.10000000000000053,168,0.35337354649051356,-0.8506984610481115,-1.725778170758159,2.0080519694508094,0.33807313442230225,0.003190145997682855,0.2588064466720841,0.003190145997682855,0.0,-0.0,False,False,11,1.0,50,0.028,0.1,0.022,0.6710103750228882,-0.9028066396713257,0,False
45,5.342143866699189,5.34,0.09999999999999964,162,0.34968475584793474,-0.8655758812061096,-1.9060374503250561,2.0026129523679574,0.3371574282646179,0.0019398845400621634,0.26074633121214624,0.0019398845400621634,0.0,-0.0,False,False,11,1.0,50,0.048,0.1,0.022,0.7286213040351868,-0.9216464757919312,0,False
46,5.4419785887002945,5.4399999999999995,0.09999999999999964,166,0.34282520233904484,-0.8807132627195591,-2.090898159966088,1.9997578489855021,0.3366767466068268,0.001018303643385518,0.26176463485553175,0.001018303643385518,0.0,-0.0,False,False,11,1.0,50,0.068,0.1,0.022,0.7871853113174438,-0.9539240002632141,0,False
47,5.542186297941953,5.54,0.10000000000000053,167,0.33250850586729797,-0.8953333482581508,-2.282087829039904,2.0002041082469053,0.33675187826156616,-0.0001591632143949176,0.26160547164113684,-0.0001591632143949176,0.0,-0.0,False,False,11,1.0,50,0.088,0.1,0.022,0.8385624289512634,-0.9849109649658203,0,False
48,5.6416523000225425,5.64,0.09999999999999964,169,0.3187821639177163,-0.9084257576967778,-2.479491679073025,2.0045018982538885,0.337475448846817,-0.0015328535034879135,0.2600726181376489,-0.0015328535034879135,0.0,-0.0,False,False,11,1.0,50,0.108,0.1,0.022,0.8734461069107056,-0.9975689053535461,0,False
49,5.742188777774572,5.739999999999999,0.10000000000000053,166,0.3021788232557814,-0.9189340116287296,-2.6789396735788555,2.0127841585960247,0.3388698399066925,-0.002953958141652921,0.257118659995996,-0.002953958141652921,0.0,-0.0,False,False,11,1.0,50,0.128,0.1,0.022,0.8974384665489197,-0.999835729598999,0,False
50,5.842167858965695,5.84,0.09999999999999964,168,0.28419902213030324,-0.92585958838345,-2.8904829606255755,2.024290071222735,0.3408069610595703,-0.0041037087554352016,0.2530149512405608,-0.0041037087554352016,0.0,-0.0,False,False,11,1.0,50,0.148,0.1,0.022,0.9163137674331665,-0.9999906420707703,0,False
51,5.942177989054471,5.9399999999999995,0.09999999999999964,166,0.26495792186529743,-0.9286750690206617,-3.104092702393844,2.039143901902169,0.3433077335357666,-0.005297780105633737,0.24771717113492706,-0.005297780105633737,0.0,-0.0,False,False,11,1.0,50,0.168,0.1,0.022,0.9249076247215271,-0.9999994039535522,0,False
52,6.0420992989093065,6.04,0.10000000000000053,168,0.24535075441192722,-0.9273263749324019,2.9649435472190224,2.0565559788512564,0.34623920917510986,-0.0062102064342470795,0.24150696470067998,-0.0062102064342470795,0.0,-0.0,False,False,11,1.0,50,0.188,0.1,0.022,0.9365750551223755,-0.9999999403953552,0,False
53,6.142357907723635,6.14,0.09999999999999964,168,0.2272489317670132,-0.9222852170123303,2.7602692496388417,2.074636294083484,0.3492831885814667,-0.008948540878650423,0.23255842382202954,-0.006448540878650423,0.0,-0.0025,True,True,12,1.0,50,0.008,0.1,0.024,0.986983597278595,0.56788170337677,0,False
54,6.242357547860593,6.239999999999999,0.10000000000000053,169,0.2175132026809602,-0.9172196656988697,2.624413193723798,2.085586905122324,0.3511268198490143,-0.0039056544105098533,0.22865276941151969,-0.0039056544105098533,0.0,-0.0,False,False,12,1.0,50,0.028,0.1,0.024,0.9922423362731934,0.5572397112846375,0,False
55,6.342385506723076,6.34,0.09999999999999964,169,0.2037479099332674,-0.9095681688972718,2.6622005789825507,2.101324226469613,0.35377633571624756,-0.005612886651863219,0.22303988275965647,-0.005612886651863219,0.0,-0.0,False,False,12,1.0,50,0.048,0.1,0.024,0.9912185668945312,0.5617914199829102,0,False
56,6.442594286054373,6.4399999999999995,0.09999999999999964,168,0.1855867943602795,-0.9009910739711807,2.7546507254651544,2.121300568258321,0.357139527797699,-0.00712477935123399,0.2159151034084225,-0.00712477935123399,0.0,-0.0,False,False,12,1.0,50,0.068,0.1,0.024,0.9877707362174988,0.5664647221565247,0,False
57,6.542891724035144,6.54,0.10000000000000053,169,0.16528917169255591,-0.8939852245392156,2.8662168930436995,2.142295995555914,0.36067429184913635,-0.007488247270818146,0.20842685613760434,-0.007488247270818146,0.0,-0.0,False,False,12,1.0,50,0.088,0.1,0.024,0.9820424914360046,0.560602605342865,0,False
58,6.642639134079218,6.64,0.09999999999999964,167,0.14446953654671482,-0.8893236147401591,2.9780456899933956,2.1625437040434448,0.3640831708908081,-0.007221565232895083,0.20120529090470926,-0.007221565232895083,0.0,-0.0,False,False,12,1.0,50,0.108,0.1,0.024,0.9756118655204773,0.5518612265586853,0,False
59,6.742770612705499,6.739999999999999,0.10000000000000053,168,0.12340895925594739,-0.8870022401777609,3.088154797798801,2.181824369950632,0.3673292398452759,-0.006876658989245938,0.19432863191546332,-0.006876658989245938,0.0,-0.0,False,False,12,1.0,50,0.128,0.1,0.024,0.9663561582565308,0.5812287330627441,0,False
60,6.842675442807376,6.84,0.09999999999999964,169,0.10247004459495623,-0.887073245371946,-3.0763257979867404,2.1998241425553555,0.3703596591949463,-0.006419814475417704,0.18790881744004562,-0.006419814475417704,0.0,-0.0,False,False,12,1.0,50,0.148,0.1,0.024,0.9509400129318237,0.6545712947845459,0,False
61,6.942904961761087,6.9399999999999995,0.09999999999999964,169,0.08206614222359246,-0.8897890168504325,-2.9258789519991497,2.2160863186071507,0.3730975389480591,-0.005800081785017073,0.18210873565502855,-0.005800081785017073,0.0,-0.0,False,False,12,1.0,50,0.168,0.1,0.024,0.9136981964111328,0.9453397989273071,0,False
62,7.042427763808519,7.04,0.10000000000000053,163,0.06354336623523081,-0.8957629625521795,-2.73421858689745,2.229171043749709,0.37530046701431274,-0.004666809393748455,0.1774419262612801,-0.004666809393748455,0.0,-0.0,False,False,12,1.0,50,0.188,0.1,0.024,0.8676318526268005,0.9880662560462952,0,False
63,7.142671212088317,7.14,0.09999999999999964,171,0.04700517661560938,-0.904985834502716,-2.5383067723157797,2.2390276911886007,0.3769599199295044,-0.006015480406162424,0.17142644585511768,-0.003515480406162424,0.0,-0.0025,True,True,13,1.0,50,0.008,0.1,0.026,0.8057063221931458,0.6733377575874329,0,False
64,7.2432861677370965,7.239999999999999,0.10000000000000053,173,0.03310396430556097,-0.9159374097583696,-2.409583736673723,2.2458566439003844,0.3781096339225769,-0.0024356201844209866,0.1689908256706967,-0.0024356201844209866,0.0,-0.0,False,False,13,1.0,50,0.028,0.1,0.026,0.7965980172157288,0.663328230381012,0,False
65,7.343065828084946,7.34,0.09999999999999964,169,0.02111600666306942,-0.9282971708516834,-2.2775073670126806,2.250450759969878,0.37888309359550476,-0.00163854141340343,0.16735228425729326,-0.00163854141340343,0.0,-0.0,False,False,13,1.0,50,0.048,0.1,0.026,0.7893802523612976,0.701384425163269,0,False
66,7.4428707379847765,7.4399999999999995,0.09999999999999964,169,0.010911945601462806,-0.9421648780429625,-2.1328586079962246,2.252884032404327,0.379292756319046,-0.0008678530523886826,0.16648443120490458,-0.0008678530523886826,0.0,-0.0,False,False,13,1.0,50,0.068,0.1,0.026,0.8107647895812988,0.7843025326728821,0,False
67,7.543066045735031,7.54,0.10000000000000053,171,0.002720619783747518,-0.9577993797654348,-1.9731810420492544,2.2528442036324843,0.3792860507965088,1.4205364235969311e-05,0.16649863656914055,1.4205364235969311e-05,0.0,-0.0,False,False,13,1.0,50,0.088,0.1,0.026,0.8302425742149353,0.8485491871833801,0,False
68,7.642872516065836,7.64,0.10000000000000053,169,-0.0028871591013132024,-0.9748629358100409,-1.803665161568733,2.249991755501485,0.37880581617355347,0.0010173566191031727,0.16751599318824373,0.0010173566191031727,0.0,-0.0,False,False,13,1.0,50,0.108,0.1,0.026,0.8345195651054382,0.8177778720855713,0,False
69,7.743239842820913,7.739999999999999,0.09999999999999964,170,-0.005617057966048694,-0.9926933991919961,-1.6425672817060422,2.2443633304814252,0.3778582215309143,0.002007438938873094,0.16952343212711682,0.002007438938873094,0.0,-0.0,False,False,13,1.0,50,0.128,0.1,0.026,0.8349658250808716,0.7597225308418274,0,False
70,7.842814553994685,7.839999999999999,0.09999999999999964,170,-0.005550612066490406,-1.010724779958331,-1.4945816691462148,2.236268884925623,0.37649545073509216,0.0028869719574114924,0.17241040408452832,0.0028869719574114924,0.0,-0.0,False,False,13,1.0,50,0.148,0.1,0.026,0.832240641117096,0.6691826581954956,0,False
71,7.943323330022395,7.94,0.09999999999999964,171,-0.002989365392990803,-1.0286001192254073,-1.3639702755327197,2.2261141412565837,0.37478581070899963,0.0036217996655995045,0.17603220375012782,0.0036217996655995045,0.0,-0.0,False,False,13,1.0,50,0.168,0.1,0.026,0.8349475860595703,0.5817367434501648,0,False
72,8.043397958856076,8.040000000000001,0.09999999999999964,169,0.0017382166058988189,-1.0461123413273032,-1.2511173680081558,2.2142609217394043,0.37279021739959717,0.004227579531572727,0.18025978328170056,0.004227579531572727,0.0,-0.0,False,False,13,1.0,50,0.188,0.1,0.026,0.8381325602531433,0.5354083776473999,0,False
73,8.142981819808483,8.14,0.10000000000000142,169,0.008320408407368961,-1.063034585436459,-1.144616037321608,2.2010660921697958,0.37056875228881836,0.0022060793339918863,0.18246586261569245,0.004706079333991886,0.0,-0.0025,True,True,14,1.0,50,0.008,0.1,0.028,0.9174756407737732,-0.3980135917663574,0,False
74,8.2429886078462,8.24,0.09999999999999964,168,0.01621118747465996,-1.0790060444208145,-1.1051921654175607,2.187155229790836,0.3682267367839813,0.004961460215478235,0.1874273228311707,0.004961460215478235,0.0,-0.0,False,False,14,1.0,50,0.028,0.1,0.028,0.9145022034645081,-0.39887282252311707,0,False
75,8.343290684744716,8.34,0.09999999999999964,171,0.0243789801785127,-1.0965167864961636,-1.1735721731277229,2.1724088482869957,0.36574405431747437,0.00525945718967265,0.19268678002084336,0.00525945718967265,0.0,-0.0,False,False,14,1.0,50,0.048,0.1,0.028,0.9198249578475952,-0.3905840814113617,0,False
76,8.443346222862601,8.440000000000001,0.09999999999999964,170,0.03155989753885828,-1.1156206901443482,-1.2500025795296115,2.1579812739746616,0.36331504583358765,0.005145751140832835,0.19783253116167618,0.005145751140832835,0.0,-0.0,False,False,14,1.0,50,0.068,0.1,0.028,0.9276561141014099,-0.37736767530441284,0,False
77,8.543805698864162,8.540000000000001,0.09999999999999964,171,0.0373157089942715,-1.1353684352765498,-1.3252353327341302,2.14469510375496,0.3610782027244568,0.004738656969306365,0.20257118813098254,0.004738656969306365,0.0,-0.0,False,False,14,1.0,50,0.088,0.1,0.028,0.9349001049995422,-0.37024226784706116,0,False
78,8.643686538096517,8.64,0.10000000000000142,168,0.041621553259567776,-1.1556210410973087,-1.3989930530589603,2.1326560166358477,0.35905131697654724,0.004293871231340531,0.20686505936232308,0.004293871231340531,0.0,-0.0,False,False,14,1.0,50,0.108,0.1,0.028,0.940581202507019,-0.3613864481449127,0,False
79,8.743633465841413,8.74,0.09999999999999964,170,0.0444586626068873,-1.176249990682733,-1.4708257059373913,2.121958008518873,0.3572502136230469,0.0038155608337778722,0.21068062019610095,0.0038155608337778722,0.0,-0.0,False,False,14,1.0,50,0.128,0.1,0.028,0.9450637698173523,-0.35656997561454773,0,False
80,8.843813463114202,8.84,0.09999999999999964,170,0.04581941560433049,-1.197129512390511,-1.5417469292188302,2.112681445014777,0.3556884229183197,0.0033085871679345547,0.2139892073640355,0.0033085871679345547,0.0,-0.0,False,False,14,1.0,50,0.148,0.1,0.028,0.9497368335723877,-0.35039249062538147,0,False
81,8.943627012893558,8.940000000000001,0.09999999999999964,168,0.045706349260780064,-1.2181504566927992,-1.6112730033950966,2.1048877509405783,0.35437628626823425,0.0027797056736920673,0.21676891303772758,0.0027797056736920673,0.0,-0.0,False,False,14,1.0,50,0.168,0.1,0.028,0.9527364373207092,-0.34074199199676514,0,False
82,9.043800939805806,9.040000000000001,0.09999999999999964,171,0.04414118136843338,-1.239180511690054,-1.6788235423572642,2.0986257829230723,0.35332202911376953,0.002233398932653098,0.21900231197038067,0.002233398932653098,0.0,-0.0,False,False,14,1.0,50,0.188,0.1,0.028,0.9555713534355164,-0.33080586791038513,0,False
83,9.143992326688021,9.14,0.10000000000000142,171,0.04120050263931355,-1.2599377258708575,-1.7438094698912605,2.0939406802370137,0.3525332510471344,-0.0008290072211865303,0.21817330474919414,0.0016709927788134697,0.0,-0.0025,True,True,15,1.0,50,0.008,0.1,0.03,0.7575510144233704,0.9996317625045776,0,False
84,9.243413577787578,9.24,0.09999999999999964,171,0.03764493272534003,-1.279736376384565,-1.727328325881776,2.090362994424948,0.3519309163093567,0.001276020518101937,0.21944932526729607,0.001276020518101937,0.0,-0.0,False,False,15,1.0,50,0.028,0.1,0.03,0.7569918036460876,0.999614417552948,0,False
85,9.34344674507156,9.34,0.09999999999999964,169,0.035738219326945236,-1.299102875820233,-1.5884120702324778,2.0855649550436195,0.3511231243610382,0.0017112728782914663,0.22116059814558753,0.0017112728782914663,0.0,-0.0,False,False,15,1.0,50,0.048,0.1,0.03,0.7455288171768188,0.9992001056671143,0,False
86,9.444082220084965,9.440000000000001,0.09999999999999964,173,0.03701285643639359,-1.3152362239198563,-1.3903943231896456,2.078994977857196,0.3500170111656189,0.0023432537494111555,0.2235038518949987,0.0023432537494111555,0.0,-0.0,False,False,15,1.0,50,0.068,0.1,0.03,0.7311767935752869,0.9981642961502075,0,False
87,9.544044076930732,9.540000000000001,0.09999999999999964,170,0.041304954333447726,-1.3302860586806367,-1.1922133212738129,2.0700248303711435,0.3485068082809448,0.003199300565746,0.22670315246074468,0.003199300565746,0.0,-0.0,False,False,15,1.0,50,0.088,0.1,0.03,0.7223441004753113,0.9950119256973267,0,False
88,9.644225883763283,9.64,0.10000000000000142,169,0.04842893666320722,-1.344104684540868,-0.9942716210883149,2.058841442287978,0.3466239869594574,0.003988676872600039,0.23069182933334473,0.003988676872600039,0.0,-0.0,False,False,15,1.0,50,0.108,0.1,0.03,0.73529452085495,0.9877645969390869,0,False
89,9.743884802795947,9.74,0.09999999999999964,169,0.058326038387395786,-1.3565199249517954,-0.7976056969755644,2.0455230550172745,0.344381719827652,0.0047501475305995805,0.2354419768639443,0.0047501475305995805,0.0,-0.0,False,False,15,1.0,50,0.128,0.1,0.03,0.7491819858551025,0.9872152209281921,0,False
90,9.843904120847583,9.84,0.09999999999999964,170,0.07069468023948589,-1.3669706491488136,-0.6010197749492833,2.0305037136637387,0.3418530821800232,0.0053568112859029285,0.24079878814984723,0.0053568112859029285,0.0,-0.0,False,False,15,1.0,50,0.148,0.1,0.03,0.7695160508155823,0.9803503155708313,0,False
91,9.94396018795669,9.940000000000001,0.09999999999999964,171,0.08497677219652466,-1.3750331297727487,-0.40560397609385174,2.014422448744492,0.3391456604003906,0.005735557863909679,0.2465343460137569,0.005735557863909679,0.0,-0.0,False,False,15,1.0,50,0.168,0.1,0.03,0.7934308648109436,0.8632276654243469,0,False
92,10.044118914753199,10.040000000000001,0.09999999999999964,172,0.09947316248971703,-1.379965071469324,-0.23412886357731788,1.999111206747539,0.33656787872314453,0.005460920822014615,0.2519952668357715,0.005460920822014615,0.0,-0.0,False,False,15,1.0,50,0.188,0.1,0.03,0.9333510398864746,0.018160372972488403,0,False
93,10.144172141794115,10.14,0.10000000000000142,170,0.1126876834613445,-1.3825048655306356,-0.1526959888966755,1.985761310492889,0.3343203067779541,0.0022613855520839158,0.25425665238785544,0.004761385552083916,0.0,-0.0025,True,True,16,1.0,50,0.008,0.1,0.032,0.8576985597610474,-0.35175198316574097,0,False
94,10.243948969990015,10.24,0.09999999999999964,164,0.12755823227846844,-1.3849748137408389,-0.16750859040606034,1.9708612784381176,0.3318117558956146,0.005314258328147319,0.25957091071600275,0.005314258328147319,0.0,-0.0,False,False,16,1.0,50,0.028,0.1,0.032,0.8560747504234314,-0.33943480253219604,0,False
95,10.344586433842778,10.34,0.09999999999999964,172,0.14636238206088062,-1.38890099790052,-0.24214613214378167,1.951772144669303,0.32859793305397034,0.006808346971009083,0.2663792576870118,0.006808346971009083,0.0,-0.0,False,False,16,1.0,50,0.048,0.1,0.032,0.846028208732605,-0.31385838985443115,0,False
96,10.444276343099773,10.440000000000001,0.09999999999999964,170,0.16457288444778054,-1.3939941645939113,-0.30736316547483195,1.9328826858099935,0.32541772723197937,0.006737130744972894,0.2731163884319847,0.006737130744972894,0.0,-0.0,False,False,16,1.0,50,0.068,0.1,0.032,0.8399224877357483,-0.27857133746147156,0,False
97,10.544315929990262,10.540000000000001,0.09999999999999964,170,0.18229777372904038,-1.400133787925022,-0.3641530528573157,1.9141266975905482,0.3222599923610687,0.006689526991044382,0.2798059154230291,0.006689526991044382,0.0,-0.0,False,False,16,1.0,50,0.088,0.1,0.032,0.8376621007919312,-0.2413857877254486,0,False
98,10.644459725823253,10.64,0.10000000000000142,172,0.1995224444630599,-1.4071909389678998,-0.413018182149553,1.8955585241574373,0.3191338777542114,0.006622540806802794,0.2864284562298319,0.006622540806802794,0.0,-0.0,False,False,16,1.0,50,0.108,0.1,0.032,0.8370543718338013,-0.21970178186893463,0,False
99,10.744246843736619,10.74,0.09999999999999964,170,0.21629852316003714,-1.4149750431350625,-0.4565337492305621,1.8771907337008864,0.316041499376297,0.006551072040957965,0.2929795282707898,0.006551072040957965,0.0,-0.0,False,False,16,1.0,50,0.128,0.1,0.032,0.8368460536003113,-0.2069835364818573,0,False
100,10.844788347836584,10.84,0.09999999999999964,170,0.2327212138822838,-1.4234606714843148,-0.49760466542838994,1.858943845693974,0.31296947598457336,0.006507950868632774,0.2994874791394226,0.006507950868632774,0.0,-0.0,False,False,16,1.0,50,0.148,0.1,0.032,0.8364143371582031,-0.19772465527057648,0,False
101,10.94447327684611,10.940000000000001,0.09999999999999964,170,0.24877705951904958,-1.4325915992041007,-0.5368586961369588,1.8408514933218116,0.3099234700202942,0.006452834055397245,0.30594031319481985,0.006452834055397245,0.0,-0.0,False,False,16,1.0,50,0.168,0.1,0.032,0.835770308971405,-0.18869009613990784,0,False
102,11.044543283060193,11.040000000000001,0.09999999999999964,170,0.26445484687067855,-1.4423236368908645,-0.5743803680915253,1.8229427073336537,0.30690836906433105,0.006387363110007505,0.31232767630482733,0.006387363110007505,0.0,-0.0,False,False,16,1.0,50,0.188,0.1,0.032,0.8351358771324158,-0.1800842583179474,0,False
103,11.144729719031602,11.14,0.10000000000000142,170,0.2800862277677481,-1.452850166167485,-0.6120103676628601,1.8048480537435625,0.30386197566986084,0.003953654809775388,0.3162813311146027,0.006453654809775389,0.0,-0.0025,True,True,17,1.0,50,0.008,0.1,0.034,0.9575246572494507,-0.22704729437828064,0,False
104,11.244795375037938,11.24,0.09999999999999964,171,0.2970372351907271,-1.465474549467138,-0.6595490039080625,1.784880916826569,0.3005003333091736,0.007121496333721734,0.32340282744832444,0.007121496333721734,0.0,-0.0,False,False,17,1.0,50,0.028,0.1,0.034,0.9609096646308899,-0.1852593868970871,0,False
105,11.344944111071527,11.34,0.09999999999999964,170,0.3135568583749603,-1.478793185329342,-0.7032301568901398,1.7651477960712472,0.29717808961868286,0.0070380319269664855,0.33044085937529094,0.0070380319269664855,0.0,-0.0,False,False,17,1.0,50,0.048,0.1,0.034,0.9618806838989258,-0.30845800042152405,0,False
106,11.445139165967703,11.440000000000001,0.09999999999999964,172,0.3293508113864403,-1.493067895918558,-0.7713820421928057,1.745866245080241,0.29393187165260315,0.0068769746640067984,0.3373178340392977,0.0068769746640067984,0.0,-0.0,False,False,17,1.0,50,0.068,0.1,0.034,0.9632367491722107,-0.4010455310344696,0,False
107,11.54476005397737,11.540000000000001,0.09999999999999964,171,0.34405325997461356,-1.50854400777341,-0.8543198408783798,1.7273357762178077,0.29081210494041443,0.006609093061992828,0.3439269271012905,0.006609093061992828,0.0,-0.0,False,False,17,1.0,50,0.088,0.1,0.034,0.9647485613822937,-0.469338595867157,0,False
108,11.644892170093954,11.64,0.10000000000000142,171,0.35733627743702423,-1.5253272344865634,-0.9517198490250016,1.7098707712563603,0.28787171840667725,0.006229083784942872,0.3501560108862334,0.006229083784942872,0.0,-0.0,False,False,17,1.0,50,0.108,0.1,0.034,0.966699481010437,-0.5449633002281189,0,False
109,11.744960986077785,11.74,0.09999999999999964,172,0.36882845984861673,-1.5434688083763122,-1.0649424354287103,1.6938539404391169,0.2851751446723938,0.0057125767413235655,0.35586858762755696,0.0057125767413235655,0.0,-0.0,False,False,17,1.0,50,0.128,0.1,0.034,0.9699944257736206,-0.6320436596870422,0,False
110,11.845080841798335,11.84,0.09999999999999964,172,0.378078449577197,-1.562963239680549,-1.1948224499969406,1.6797710177657958,0.2828041613101959,0.0050228273889776544,0.3608914150165346,0.0050228273889776544,0.0,-0.0,False,False,17,1.0,50,0.148,0.1,0.034,0.973679780960083,-0.7056551575660706,0,False
111,11.945348026696593,11.940000000000001,0.09999999999999964,170,0.3846117791236903,-1.5836288910107041,-1.3388392007666978,1.6681858016289275,0.2808536887168884,0.0041319932140027795,0.36502340823053736,0.0041319932140027795,0.0,-0.0,False,False,17,1.0,50,0.168,0.1,0.034,0.9754118323326111,-0.7734711170196533,0,False
112,12.045505581889302,12.040000000000001,0.09999999999999964,170,0.3879802906408086,-1.6051028023101968,-1.495539832565173,1.6596840404997464,0.2794223427772522,0.003032245482331143,0.3680556537128685,0.003032245482331143,0.0,-0.0,False,False,17,1.0,50,0.188,0.1,0.034,0.9779985547065735,-0.8257676959037781,0,False
113,12.145288408733904,12.14,0.10000000000000142,169,0.38787375703293236,-1.6267253070437178,-1.6563886498816554,1.654776427741659,0.27859610319137573,-0.0007496465863215235,0.367306007126547,0.0017503534136784765,0.0,-0.0025,True,True,18,1.0,50,0.008,0.1,0.036,0.9714758992195129,-0.4000422954559326,0,False
114,12.245018885936588,12.24,0.09999999999999964,170,0.38566190165619213,-1.6480585689959788,-1.7044434746458013,1.652256063059447,0.2781717777252197,0.0008989154488513143,0.3682049225753983,0.0008989154488513143,0.0,-0.0,False,False,18,1.0,50,0.028,0.1,0.036,0.9704318642616272,-0.3983098864555359,0,False
115,12.345592808909714,12.34,0.09999999999999964,172,0.38181754483681923,-1.6692006922251654,-1.7850113631798301,1.6516485415262716,0.27806949615478516,0.00021667915581241958,0.3684216017312107,0.00021667915581241958,0.0,-0.0,False,False,18,1.0,50,0.048,0.1,0.036,0.969146192073822,-0.38961344957351685,0,False
116,12.44532378576696,12.440000000000001,0.09999999999999964,171,0.37636865764822913,-1.6899594336318573,-1.866350811878086,1.652968201499996,0.2782916724681854,-0.0004706710683512816,0.3679509306628594,-0.0004706710683512816,0.0,-0.0,False,False,18,1.0,50,0.068,0.1,0.036,0.9675593972206116,-0.3743714690208435,0,False
117,12.545666949823499,12.540000000000001,0.09999999999999964,170,0.3693879020528111,-1.710202658490048,-1.9415943792444992,1.6561637081191345,0.2788296639919281,-0.001139712156388851,0.3668112185064705,-0.001139712156388851,0.0,-0.0,False,False,18,1.0,50,0.088,0.1,0.036,0.9657825827598572,-0.3606911301612854,0,False
118,12.645591395907104,12.64,0.10000000000000142,170,0.3609654009451053,-1.72984945173975,-2.013342194610626,1.6611488542197423,0.2796689569950104,-0.0017780065227244123,0.3650332119837461,-0.0017780065227244123,0.0,-0.0,False,False,18,1.0,50,0.108,0.1,0.036,0.9647554159164429,-0.3613480031490326,0,False
119,12.74558568187058,12.74,0.09999999999999964,171,0.3511519118404662,-1.748816764471458,-2.08553020041836,1.6678708888062237,0.2808006703853607,-0.00239748667331648,0.36263572531042965,-0.00239748667331648,0.0,-0.0,False,False,18,1.0,50,0.128,0.1,0.036,0.9641988277435303,-0.36644473671913147,0,False
120,12.84556279797107,12.84,0.09999999999999964,171,0.3399813205558054,-1.7670153970215912,-2.1590991697354656,1.6762887439893894,0.2822178900241852,-0.0030023195150074367,0.3596334057954222,-0.0030023195150074367,0.0,-0.0,False,False,18,1.0,50,0.148,0.1,0.036,0.964905858039856,-0.3724166452884674,0,False
121,12.945717873051763,12.940000000000001,0.09999999999999964,171,0.3276424131719242,-1.7840058641580814,-2.2389665089985966,1.6862482381680168,0.2838946580886841,-0.0035521618133671448,0.35608124398205504,-0.0035521618133671448,0.0,-0.0,False,False,18,1.0,50,0.168,0.1,0.036,0.9655780792236328,-0.38487547636032104,0,False
122,13.045748557895422,13.040000000000001,0.09999999999999964,170,0.3137861819872487,-1.8001818945594694,-2.317826974724288,1.698011887202741,0.2858751714229584,-0.00419563324577989,0.35188561073627517,-0.00419563324577989,0.0,-0.0,False,False,18,1.0,50,0.188,0.1,0.036,0.9669293761253357,-0.3991166055202484,0,False
123,13.145707443822175,13.14,0.10000000000000142,169,0.2983148423492549,-1.815607386226166,-2.397598009653291,1.7116462493967302,0.28817063570022583,-0.007362843420204672,0.3445227673160705,-0.004862843420204673,0.0,-0.0025,True,True,19,1.0,50,0.008,0.1,0.038,0.8641650676727295,-0.9030709862709045,0,False
124,13.245845007710159,13.24,0.09999999999999964,170,0.28015341955887,-1.8306383790918654,-2.520881917715231,1.728165453789484,0.29095178842544556,-0.0058917537355530425,0.33863101358051745,-0.0058917537355530425,0.0,-0.0,False,False,19,1.0,50,0.028,0.1,0.038,0.8678696155548096,-0.9055880308151245,0,False
125,13.345771373715252,13.34,0.09999999999999964,168,0.2628909194915422,-1.8409904222439992,-2.691611404707258,1.7443715155271717,0.29368022084236145,-0.005780068005182435,0.332850945575335,-0.005780068005182435,0.0,-0.0,False,False,19,1.0,50,0.048,0.1,0.038,0.8675508499145508,-0.9252243041992188,0,False
126,13.446064936928451,13.440000000000001,0.09999999999999964,170,0.24544518278949284,-1.8474937381052363,-2.8913006151484946,1.76117022938988,0.29650843143463135,-0.005991443825013389,0.32685950175032163,-0.005991443825013389,0.0,-0.0,False,False,19,1.0,50,0.068,0.1,0.038,0.8680154085159302,-0.9743655323982239,0,False
127,13.545965042896569,13.540000000000001,0.09999999999999964,171,0.22627830848136235,-1.8504825954752628,-3.0858296744722797,1.7800124247732694,0.2996806800365448,-0.006720273712746153,0.3201392280375755,-0.006720273712746153,0.0,-0.0,False,False,19,1.0,50,0.088,0.1,0.038,0.861182451248169,-0.991698145866394,0,False
128,13.646002788096666,13.64,0.10000000000000142,171,0.20697099552879866,-1.849660316214946,2.998378263416836,1.7993207052956015,0.30293139815330505,-0.0068865080417830245,0.31325271999579246,-0.0068865080417830245,0.0,-0.0,False,False,19,1.0,50,0.108,0.1,0.038,0.7826895117759705,-0.9464645385742188,0,False
129,13.746266030706465,13.74,0.09999999999999964,172,0.18969664551058496,-1.8455460067778138,2.8124337754821127,1.8168804142256527,0.30588772892951965,-0.006262860984348337,0.3069898590114441,-0.006262860984348337,0.0,-0.0,False,False,19,1.0,50,0.128,0.1,0.038,0.8122085928916931,-0.9543852806091309,0,False
130,13.846114627085626,13.84,0.09999999999999964,171,0.17399232879770615,-1.8382977048847307,2.606657461105914,1.8331533883000364,0.3086274266242981,-0.005803933017098833,0.3011859259943453,-0.005803933017098833,0.0,-0.0,False,False,19,1.0,50,0.148,0.1,0.038,0.8416683673858643,-0.9622676968574524,0,False
131,13.946387221105397,13.940000000000001,0.09999999999999964,172,0.1589099380783132,-1.827213099690552,2.4103293847640823,1.8491803090728132,0.31132569909095764,-0.005716175433596604,0.2954697505607487,-0.005716175433596604,0.0,-0.0,False,False,19,1.0,50,0.168,0.1,0.038,0.8672113418579102,-0.9694275856018066,0,False
132,14.046564124990255,14.040000000000001,0.09999999999999964,169,0.14560225529676016,-1.8127818130621396,2.2182574308251164,1.863824551903972,0.3137911856174469,-0.005223028322276413,0.2902467222384723,-0.005223028322276413,0.0,-0.0,False,False,19,1.0,50,0.188,0.1,0.038,0.887333869934082,-0.9758079648017883,0,False
133,14.146348910871893,14.14,0.10000000000000142,167,0.13594040903726815,-1.7970379987996181,2.013142467595658,1.875076445474707,0.31568554043769836,-0.006513110099085858,0.28373361213938647,-0.004013110099085859,0.0,-0.0025,True,True,20,1.0,50,0.008,0.1,0.04,0.9966872334480286,-0.3200637996196747,0,False
134,14.246561903972179,14.24,0.09999999999999964,171,0.12916565487585552,-1.779869635514551,1.9039352612889555,1.8837405309762432,0.3171442151069641,-0.003090140233461726,0.28064347190592476,-0.003090140233461726,0.0,-0.0,False,False,20,1.0,50,0.028,0.1,0.04,0.9973960518836975,-0.3190210461616516,0,False
135,14.34615211095661,14.34,0.09999999999999964,169,0.12269739059474112,-1.7588685571751899,1.8400084467988365,1.8927253708536864,0.31865689158439636,-0.003204540766775246,0.2774389311391495,-0.003204540766775246,0.0,-0.0,False,False,20,1.0,50,0.048,0.1,0.04,0.9976863861083984,-0.3187602162361145,0,False
136,14.446825741790235,14.440000000000001,0.09999999999999964,172,0.1175402864230772,-1.737409384699466,1.7747989107216955,1.9006863457696244,0.3199971914291382,-0.00283936820348298,0.27459956293566656,-0.00283936820348298,0.0,-0.0,False,False,20,1.0,50,0.068,0.1,0.04,0.9979345798492432,-0.31749242544174194,0,False
137,14.54681495577097,14.540000000000001,0.09999999999999964,171,0.11375310383705022,-1.715669526664207,1.7108197182339377,1.907556366370597,0.32115381956100464,-0.0024502674933220185,0.27214929544234456,-0.0024502674933220185,0.0,-0.0,False,False,20,1.0,50,0.088,0.1,0.04,0.9981286525726318,-0.3163788616657257,0,False
138,14.646657451055944,14.64,0.10000000000000142,171,0.1113514584874623,-1.6937297326775584,1.6476720772895523,1.9133203862316863,0.3221242427825928,-0.0020558003122276096,0.27009349513011693,-0.0020558003122276096,0.0,-0.0,False,False,20,1.0,50,0.108,0.1,0.04,0.9982765913009644,-0.3153991997241974,0,False
139,14.746953433845192,14.74,0.09999999999999964,172,0.11033950982387117,-1.6716760330756701,1.5847334910842614,1.9179711476655785,0.3229072391986847,-0.0016587445980945689,0.26843475053202237,-0.0016587445980945689,0.0,-0.0,False,False,20,1.0,50,0.128,0.1,0.04,0.998420238494873,-0.31463390588760376,0,False
140,14.84660041006282,14.84,0.09999999999999964,170,0.1107175281842386,-1.6495963535896796,1.5217891539029973,1.921502278068779,0.32350173592567444,-0.0012594160256838363,0.2671753345063385,-0.0012594160256838363,0.0,-0.0,False,False,20,1.0,50,0.148,0.1,0.04,0.9985520839691162,-0.316127210855484,0,False
141,14.946674443781376,14.940000000000001,0.09999999999999964,171,0.11248664897853697,-1.627578064195587,1.4584746469420973,1.92390351046899,0.3239060044288635,-0.0008564256260477666,0.26631890888029075,-0.0008564256260477666,0.0,-0.0,False,False,20,1.0,50,0.168,0.1,0.04,0.9986806511878967,-0.31794846057891846,0,False
142,15.046658288687468,15.040000000000001,0.09999999999999964,172,0.11564355318896251,-1.6057680375992478,1.394617348951162,1.92515395688809,0.3241165280342102,-0.00044598530205682067,0.26587292357823394,-0.00044598530205682067,0.0,-0.0,False,False,20,1.0,50,0.188,0.1,0.04,0.9987998008728027,-0.31989866495132446,0,False
143,15.146831351798028,15.14,0.10000000000000142,170,0.12019241450677022,-1.5844747680881859,1.3274602606174368,1.9251851118385093,0.32412177324295044,-0.0025111117515801344,0.2633618118266538,-1.1111751580134235e-05,0.0,-0.0025,True,True,21,5.0,10,0.008,0.5,0.042,0.9601719379425049,0.058222003281116486,0,False
144,15.246976404916495,15.24,0.09999999999999964,172,0.12532329950747403,-1.5637845398506853,1.339300364495665,1.9247588554714095,0.32405000925064087,0.0001520289648008231,0.2635138407914546,0.0001520289648008231,0.0,-0.0,False,False,21,5.0,10,0.028,0.5,0.042,0.9624189734458923,0.06250488013029099,0,False
145,15.346807359717786,15.34,0.09999999999999964,171,0.1300905034100714,-1.543389353794411,1.3488939891355243,1.9248519662891397,0.3240656852722168,-0.0025332089848360425,0.26098063180661857,-3.32089848360425e-05,0.0,-0.0025,True,True,22,5.0,10,0.008,0.5,0.044,0.9212830662727356,0.07171450555324554,0,False
146,15.447013813070953,15.440000000000001,0.09999999999999964,171,0.13441462260787906,-1.5236101607551815,1.3622250719000255,1.9254495748835454,0.32416629791259766,-0.00021314359849152178,0.26076748820812706,-0.00021314359849152178,0.0,-0.0,False,False,22,5.0,10,0.028,0.5,0.044,0.9244165420532227,0.07450883835554123,0,False
147,15.546978316735476,15.540000000000001,0.09999999999999964,167,0.13848139969239134,-1.5035957902480739,1.3769303043557677,1.9265692059142374,0.32435479760169983,-0.002899328572410812,0.25786815963571624,-0.00039932857241081174,0.0,-0.0025,True,True,23,5.0,10,0.008,0.5,0.046,0.9529880285263062,-0.00495943846181035,0,False
148,15.647015870083123,15.64,0.09999999999999964,172,0.14257217311329168,-1.4830342995106884,1.373770187776915,1.928028001064266,0.3246003985404968,-0.0005202951407489238,0.2573478644949673,-0.0005202951407489238,0.0,-0.0,False,False,23,5.0,10,0.028,0.5,0.046,0.9533130526542664,-0.004382239654660225,0,False
149,15.746751574799418,15.740000000000002,0.10000000000000142,172,0.14670651462509773,-1.4623483103730077,1.3727129528402076,1.9297062970013397,0.32488295435905457,-0.003098582481427146,0.2542492820135402,-0.0005985824814271459,0.0,-0.0025,True,True,24,5.0,10,0.008,0.5,0.048,0.9810048341751099,0.0011584456078708172,0,False
150,15.847104527056217,15.84,0.10000000000000142,173,0.15094227125303677,-1.4411853555817324,1.3734577265561645,1.9316543664863617,0.32521092891693115,-0.0006948001485186567,0.25355448186502155,-0.0006948001485186567,0.0,-0.0,False,False,24,5.0,10,0.028,0.5,0.048,0.9811090230941772,0.0026770022232085466,0,False
151,16.046882615890354,16.04,0.1999999999999993,344,0.15931338941394757,-1.3985385652716376,1.3854475725957807,1.9364614337226413,0.3260202407836914,-0.004214492760851661,0.24933998910416988,-0.0017144927608516616,0.0,-0.0025,True,True,25,5.0,10,0.028,0.5,0.05,0.992846667766571,0.04771130159497261,0,False
152,16.24739822978154,16.240000000000002,0.1999999999999993,342,0.16626177467935213,-1.356124380471209,1.4737112835438704,1.9434946637797876,0.3272043466567993,-0.005008477919213383,0.2443315111849565,-0.0025084779192133828,0.0,-0.0025,True,True,26,5.0,10,0.028,0.5,0.052,0.9977104663848877,0.4331682026386261,0,False
153,16.347904700785875,16.34,0.10099999999999909,171,0.16753957828054283,-1.3343772730587284,1.5552018154925473,1.9496063445648737,0.3282333016395569,-0.004679797358269495,0.239651713826687,-0.0021797973582694955,0.0,-0.0025,True,True,27,5.0,10,0.008,0.5,0.054,0.9989668726921082,-0.19117949903011322,0,False
154,16.448358521796763,16.44,0.10000000000000142,169,0.16780263000177112,-1.31240225200714,1.5401450687802392,1.956971658070807,0.3294733166694641,-0.002626919089465162,0.23702479473722185,-0.002626919089465162,0.0,-0.0,False,False,27,5.0,10,0.028,0.5,0.054,0.9989527463912964,-0.19190792739391327,0,False
155,16.64801867911592,16.64,0.1999999999999993,335,0.17089411954239017,-1.2685712988917208,1.455487350783607,1.96992804605965,0.3316546380519867,-0.007121036553432649,0.2299037581837892,-0.00462103655343265,0.0,-0.0025,True,True,28,5.0,10,0.028,0.5,0.056,0.9933586716651917,-0.24213644862174988,0,False
156,16.74824621109292,16.740000000000002,0.10000000000000142,170,0.17395483881920945,-1.2468197589836234,1.4081088517113973,1.9752774926600467,0.33255526423454285,-0.004407938254269327,0.22549581992951986,-0.001907938254269327,0.0,-0.0025,True,True,29,5.0,10,0.008,0.5,0.058,0.9819938540458679,0.1941104233264923,0,False
157,16.94837791705504,16.94,0.1999999999999993,342,0.1794376380104704,-1.2038883179212958,1.484575360926308,1.9870181295154838,0.33453190326690674,-0.006687425701999091,0.21880839422752077,-0.004187425701999091,0.0,-0.0025,True,True,30,5.0,10,0.008,0.5,0.06,0.9655902981758118,-0.22735601663589478,0,False
158,17.148697470780462,17.14,0.1999999999999993,341,0.1849098046783703,-1.1611245721718462,1.3943468481902372,1.9995661398303655,0.3366444706916809,-0.006975384218799998,0.21183301000872076,-0.004475384218799998,0.0,-0.0025,True,True,31,5.0,10,0.008,0.5,0.062,0.9978214502334595,-0.2581557035446167,0,False
159,17.248497074935585,17.240000000000002,0.10000000000000142,170,0.18932296054240982,-1.1395290679931882,1.3434249176392303,2.0047348523149777,0.3375146687030792,-0.001843477468114152,0.20998953254060662,-0.001843477468114152,0.0,-0.0,False,False,31,5.0,10,0.028,0.5,0.062,0.9979935884475708,-0.26377710700035095,0,False
160,17.448793908115476,17.44,0.1999999999999993,341,0.200520365776233,-1.0976778556190487,1.331485472682507,2.0130355224005436,0.33891215920448303,-0.005460524176677592,0.20452900836392904,-0.0029605241766775927,0.0,-0.0025,True,True,32,5.0,10,0.028,0.5,0.064,0.9421366453170776,0.24206769466400146,0,False
161,17.648885022848845,17.64,0.1999999999999993,343,0.20926699541301225,-1.0567410514417095,1.339038093383549,2.02397179508152,0.34075337648391724,-0.006400540479384968,0.19812846788454408,-0.003900540479384968,0.0,-0.0025,True,True,33,5.0,10,0.028,0.5,0.066,0.9886389970779419,-0.25446656346321106,0,False
162,17.74890867481008,17.740000000000002,0.10000000000000142,170,0.21474646241290216,-1.0356044014040071,1.2932007219956756,2.0290858093861353,0.34161436557769775,-0.0043239687678968755,0.1938044991166472,-0.0018239687678968757,0.0,-0.0025,True,True,34,5.0,10,0.008,0.5,0.068,0.9944329857826233,0.5098428726196289,0,False
163,17.9491396388039,17.94,0.1999999999999993,340,0.2242600928680932,-0.9934103480613204,1.4443850436269683,2.0411944640933997,0.34365296363830566,-0.006818683267539273,0.18698581584910795,-0.004318683267539273,0.0,-0.0025,True,True,35,5.0,10,0.008,0.5,0.07,0.9980578422546387,-0.22695055603981018,0,False
164,18.149140203837305,18.14,0.1999999999999993,343,0.23006242243428712,-0.9499920830813902,1.398058657622128,2.0579590137207053,0.34647542238235474,-0.008479258779246629,0.17850655706986132,-0.005979258779246629,0.0,-0.0025,True,True,36,5.0,10,0.008,0.5,0.072,0.9980987906455994,-0.24315381050109863,0,False
165,18.249147394672036,18.240000000000002,0.10000000000000142,171,0.23439940288653938,-0.9283785000750792,1.34793496856583,2.0653615007470254,0.3477216958999634,-0.002640177429418786,0.17586637964044252,-0.002640177429418786,0.0,-0.0,False,False,36,5.0,10,0.028,0.5,0.072,0.9981141686439514,-0.24761927127838135,0,False
166,18.35019916202873,18.34,0.10099999999999909,172,0.23979477074451136,-0.9069984025367074,1.2980383796199795,2.071949533643351,0.34883084893226624,-0.0048496935145313875,0.17101668612591114,-0.0023496935145313875,0.0,-0.0025,True,True,37,5.0,10,0.008,0.5,0.074,0.9985654950141907,-0.25577276945114136,0,False
167,18.451129178982228,18.44,0.10099999999999909,172,0.24626845689618876,-0.8859047438095574,1.2467260457141616,2.0776868239731145,0.34979677200317383,-0.0020462669344514634,0.1689704191914597,-0.0020462669344514634,0.0,-0.0,False,False,37,5.0,10,0.028,0.5,0.074,0.9985021352767944,-0.26414230465888977,0,False
168,18.552068517077714,18.54,0.10099999999999909,171,0.2538350238850346,-0.8651772177765152,1.1933423395727183,2.082526108260396,0.35061150789260864,-0.004225983322144718,0.16474443586931498,-0.001725983322144718,0.0,-0.0025,True,True,38,5.0,10,0.008,0.5,0.076,0.9977113008499146,-0.3437703549861908,0,False
169,18.651962938718498,18.64,0.10000000000000142,170,0.26267041460451596,-0.8449421862586273,1.1230482674490905,2.086257975673684,0.35123980045318604,-0.0013310110614330266,0.16341342480788196,-0.0013310110614330266,0.0,-0.0,False,False,38,5.0,10,0.028,0.5,0.076,0.9975735545158386,-0.3459146022796631,0,False
170,18.75241312896833,18.740000000000002,0.10000000000000142,171,0.2728720560768671,-0.8253793821447883,1.0559705280618956,2.088708772767744,0.3516524136066437,-0.0033741034126525725,0.1600393213952294,-0.0008741034126525725,0.0,-0.0025,True,True,39,5.0,10,0.008,0.5,0.078,0.9943699240684509,0.5882341265678406,0,False
171,18.952188172843307,18.94,0.1999999999999993,342,0.2922350865827261,-0.7864374944726249,1.2151834851997196,2.095040485390166,0.35271841287612915,-0.00475827410380406,0.15528104729142533,-0.0022582741038040598,0.0,-0.0025,True,True,40,5.0,10,0.008,0.5,0.08,0.9995608329772949,0.10178015381097794,0,False
172,19.15238751610741,19.14,0.1999999999999993,344,0.3062791800908014,-0.7448835669329499,1.2653876583512222,2.1080814873920795,0.35491397976875305,-0.007151215060565078,0.14812983223086026,-0.0046512150605650775,0.0,-0.0025,True,True,41,5.0,10,0.008,0.5,0.082,0.9941042065620422,-0.3059081435203552,0,False
173,19.252714154776186,19.240000000000002,0.10000000000000142,172,0.3134014381999638,-0.7240479898349182,1.2054753340553248,2.1148683101140917,0.3560566008090973,-0.002420594065806953,0.14570923816505332,-0.002420594065806953,0.0,-0.0,False,False,41,5.0,10,0.028,0.5,0.082,0.9932953119277954,-0.3062036633491516,0,False
174,19.4525062488392,19.44,0.1999999999999993,342,0.33054988911212085,-0.6836517225847957,1.1948327604387916,2.1259906274137648,0.35792914032936096,-0.006466895314104833,0.1392423428509485,-0.003966895314104833,0.0,-0.0025,True,True,42,5.0,10,0.028,0.5,0.084,0.9964649677276611,0.5059204697608948,0,False
175,19.65251363068819,19.64,0.1999999999999993,341,0.34323790982422847,-0.6418164102824206,1.2920718002203635,2.1423172375675636,0.3606778681278229,-0.008323062907603344,0.13091927994334515,-0.005823062907603344,0.0,-0.0025,True,True,43,5.0,10,0.028,0.5,0.086,0.9947518110275269,-0.3267454504966736,0,False
176,19.752662762068212,19.740000000000002,0.10000000000000142,170,0.35004514718848556,-0.6208634582161476,1.222877288515519,2.1504345182858886,0.36204448342323303,-0.005395116366239914,0.12552416357710525,-0.0028951163662399144,0.0,-0.0025,True,True,44,5.0,10,0.008,0.5,0.088,0.999832034111023,-0.4016229212284088,0,False
177,19.95281968312338,19.94,0.1999999999999993,344,0.3684703546687811,-0.5806285007011018,1.0611073004320593,2.162522639048559,0.36407962441444397,-0.006811359613088916,0.11871280396401633,-0.004311359613088915,0.0,-0.0025,True,True,45,5.0,10,0.008,0.5,0.09,0.9883131980895996,-0.12571188807487488,0,False
178,20.152793345972896,20.14,0.1999999999999993,343,0.390614228542496,-0.5431243689695509,1.0125185508663734,2.170854464084544,0.365482360124588,-0.005471635928257648,0.11324116803575868,-0.0029716359282576476,0.0,-0.0025,True,True,46,5.0,10,0.008,0.5,0.092,0.9206562042236328,-0.2686474621295929,0,False
179,20.253394702915102,20.240000000000002,0.10000000000000142,170,0.40191762710130047,-0.5261939388919294,0.9538564315565182,2.1739299533378627,0.36600014567375183,-0.0010969066588244424,0.11214426137693423,-0.0010969066588244424,0.0,-0.0,False,False,46,5.0,10,0.028,0.5,0.092,0.920807421207428,-0.261239618062973,0,False
180,20.45341788372025,20.44,0.1999999999999993,340,0.4251562935324744,-0.49671064468468384,0.842551394513461,2.177156791924184,0.36654341220855713,-0.003650887042921126,0.1084933743340131,-0.0011508870429211258,0.0,-0.0025,True,True,47,5.0,10,0.028,0.5,0.094,0.8013024926185608,-0.27490830421447754,0,False
181,20.653651363682002,20.64,0.1999999999999993,341,0.44941977202826855,-0.47139740813562503,0.8279830979618903,2.177366556789223,0.36657872796058655,-0.0025748149183093855,0.10591855941570372,-7.481491830938557e-05,0.0,-0.0025,True,True,48,5.0,10,0.028,0.5,0.096,0.6503627896308899,0.6207588315010071,0,False
182,20.75375115405768,20.740000000000002,0.10000000000000142,170,0.45870289882174836,-0.46011727591009277,0.9445822627577093,2.1787233902833343,0.36680716276168823,-0.002983929408304985,0.10293463000739873,-0.00048392940830498495,0.0,-0.0025,True,True,49,5.0,10,0.008,0.5,0.098,0.8919378519058228,-0.3948938846588135,0,False
183,20.9533222168684,20.94,0.1999999999999993,343,0.4772926961989299,-0.4339085817038104,0.9127242063716294,2.184325970855887,0.3677504062652588,-0.004498221235857729,0.098436408771541,-0.0019982212358577297,0.0,-0.0025,True,True,50,5.0,10,0.008,0.5,0.1,0.9994198083877563,-0.08384624123573303,0,False
184,21.153310837689787,21.14,0.1999999999999993,346,0.5046615030026952,-0.4000636030236081,0.8759656214001209,2.189939172434265,0.3686954379081726,-0.004502009332987427,0.09393439943855357,-0.002002009332987427,0.0,-0.0025,True,True,51,5.0,10,0.008,0.5,0.102,0.9995506405830383,0.23237155377864838,0,False
185,21.2533688377589,21.240000000000002,0.10000000000000142,173,0.5183129348660686,-0.38294018963145904,0.9256024801042309,2.1932348705416835,0.3692502975463867,-0.0011754465393113058,0.09275895289924227,-0.0011754465393113058,0.0,-0.0,False,False,51,5.0,10,0.028,0.5,0.102,0.9996620416641235,0.2297382354736328,0,False
186,21.453688175883144,21.44,0.1999999999999993,343,0.5392846410277894,-0.35268211512043496,1.0306643522262235,2.2016688342503503,0.37067022919654846,-0.005508064795654044,0.08725088810358822,-0.003008064795654044,0.0,-0.0025,True,True,52,5.0,10,0.028,0.5,0.104,0.251091331243515,0.9912571907043457,0,False
187,21.65365361608565,21.64,0.1999999999999993,343,0.5482068760681128,-0.33297367720072035,1.2216761275069352,2.21058357548935,0.3721711039543152,-0.005679539325719924,0.0815713487778683,-0.003179539325719924,0.0,-0.0025,True,True,53,5.0,10,0.028,0.5,0.106,0.9823464751243591,-0.5012273788452148,0,False
188,21.75368287600577,21.740000000000002,0.10000000000000142,170,0.5533262654895579,-0.3189231094883517,1.2096517344519089,2.217855778177553,0.3733954429626465,-0.005093710104629119,0.07647763867323917,-0.0025937101046291195,0.0,-0.0025,True,True,54,5.0,10,0.008,0.5,0.108,0.9647780656814575,-0.4099642336368561,0,False
189,21.953922755084932,21.94,0.1999999999999993,342,0.5706947312253859,-0.28130918888930534,1.0605254144487049,2.2353549473744034,0.3763415813446045,-0.008741268830709711,0.06773636984252947,-0.006241268830709711,0.0,-0.0025,True,True,55,5.0,10,0.008,0.5,0.11,0.7915213108062744,0.9480465054512024,0,False
190,22.15412382269278,22.14,0.1999999999999993,343,0.5898965902469262,-0.24424250839123055,1.2088934749169302,2.251904952684049,0.3791279196739197,-0.008402739217228896,0.059333630625300574,-0.005902739217228895,0.0,-0.0025,True,True,56,5.0,10,0.008,0.5,0.112,0.8806511163711548,-0.7087345123291016,0,False
191,22.253830234054476,22.240000000000002,0.10000000000000142,170,0.5962958072095894,-0.22495213934100455,1.2655966491673278,2.2630024876367982,0.3809962868690491,-0.003958056420802629,0.05537557420449794,-0.003958056420802629,0.0,-0.0,False,False,56,5.0,10,0.028,0.5,0.112,0.8895507454872131,-0.6996608376502991,0,False
192,22.35510271694511,22.34,0.10099999999999909,174,0.6028469146044296,-0.20547457895467963,1.2043783847895715,2.2742819958226774,0.382895290851593,-0.0065229591516227075,0.048852615052875234,-0.004022959151622708,0.0,-0.0025,True,True,57,5.0,10,0.008,0.5,0.114,0.7042750716209412,0.33740124106407166,0,False
193,22.456018671859056,22.44,0.10099999999999909,172,0.6101460819663699,-0.18702388138554618,1.2087281719197958,2.2844202769326882,0.3846021592617035,-0.003615928115048616,0.04523668693782662,-0.003615928115048616,0.0,-0.0,False,False,57,5.0,10,0.028,0.5,0.114,0.7017214894294739,0.34157902002334595,0,False
194,22.556379419751465,22.54,0.10000000000000142,170,0.6154256813475755,-0.1720332733705386,1.2705400971377279,2.293143840066843,0.3860708475112915,-0.005611353577387429,0.03962533336043919,-0.0031113535773874294,0.0,-0.0025,True,True,58,5.0,10,0.008,0.5,0.116,0.6151922941207886,0.7684059739112854,0,False
195,22.756335247773677,22.740000000000002,0.1999999999999993,339,0.6199151898780506,-0.1461708330605567,1.5289255939342896,2.3111289202801752,0.38909879326820374,-0.008914574274388378,0.030710759086050813,-0.0064145742743883785,0.0,-0.0025,True,True,59,5.0,10,0.008,0.5,0.118,0.014274968765676022,-0.6787475943565369,0,False
196,22.95666621485725,22.94,0.1999999999999993,333,0.620546761447011,-0.1275743071556736,1.4883048665685283,2.3256975769532144,0.39155155420303345,-0.007696069697704103,0.02301468938834671,-0.005196069697704102,0.0,-0.0025,True,True,60,5.0,10,0.008,0.5,0.12,-0.3648317754268646,-0.9996179938316345,0,False
197,23.05653413478285,23.04,0.10000000000000142,169,0.6205394501557425,-0.12713560176398228,1.3974761135515088,2.326055150815981,0.3916117548942566,-0.0001275326033627837,0.022887156784983927,-0.0001275326033627837,0.0,-0.0,False,False,60,5.0,10,0.028,0.5,0.12,-0.4173698425292969,-0.9994061589241028,0,False
198,23.2568262508139,23.240000000000002,0.1999999999999993,337,0.6164262237087897,-0.13793963321981065,1.0439251470842412,2.3198158409442344,0.3905613124370575,-0.00027468234122342066,0.022612474443760508,0.0022253176587765794,0.0,-0.0025,True,True,61,5.0,10,0.028,0.5,0.122,-0.3167778253555298,-0.9992598295211792,0,False
199,23.456996038090438,23.44,0.1999999999999993,336,0.601374037832934,-0.15332286443875925,0.6447503638963213,2.316542977999339,0.3900102972984314,-0.0013326978695172745,0.021279776574243233,0.0011673021304827256,0.0,-0.0025,True,True,62,1.0,50,0.028,0.1,0.124,-0.9237282276153564,-0.8033701777458191,0,False
200,23.55676403781399,23.54,0.10000000000000142,164,0.5847035175903913,-0.16377118294710674,0.48685458275065036,2.318361648230063,0.3903164863586426,-0.0006486484984898509,0.02063112807575338,-0.0006486484984898509,0.0,-0.0,False,False,62,1.0,50,0.048,0.1,0.124,-0.9084596037864685,-0.749897837638855,0,False
201,23.757033563684672,23.740000000000002,0.1999999999999993,331,0.5480939612957185,-0.17670519079361963,0.20020285848699676,2.3307584862287056,0.39240360260009766,-0.0044214669696555344,0.016209661106097846,-0.0044214669696555344,0.0,-0.0,False,False,62,1.0,50,0.088,0.1,0.124,-0.862938642501831,-0.6558968424797058,0,False
202,23.95820144470781,23.94,0.2010000000000005,331,0.5116088614177005,-0.17942532723097743,-0.06106736003864589,2.351552822482683,0.3959045112133026,-0.007416525965164516,0.00879313514093333,-0.007416525965164516,0.0,-0.0,False,False,62,1.0,50,0.128,0.1,0.124,-0.7310509085655212,-0.3800624907016754,0,False
203,24.158411360811442,24.14,0.1999999999999993,328,0.48155959126718495,-0.17529163144620225,-0.20439350500262268,2.373862245217561,0.39966049790382385,-0.007956898020700378,0.0008362371202329522,-0.007956898020700378,0.0,-0.0,False,False,62,1.0,50,0.168,0.1,0.124,-0.6305144429206848,-0.2677336037158966,0,False
204,24.25852331891656,24.240000000000002,0.10000000000000142,163,0.46832297965784453,-0.17217981452681116,-0.25725187240958947,2.3847349688803523,0.4014910161495209,-0.0038778750315594784,-0.003041637911326526,-0.0038778750315594784,0.0,-0.0,False,False,62,1.0,50,0.188,0.1,0.124,-0.5948672890663147,-0.23694203794002533,0,False
205,24.458728863857687,24.44,0.1999999999999993,327,0.44889782012183277,-0.1661610484528962,-0.37616342497223987,2.4018500116998744,0.4043724834918976,-0.008604265984523001,-0.011645903895849527,-0.006104265984523001,0.0,-0.0025,True,True,63,1.0,50,0.028,0.1,0.126,0.3080257177352905,-0.9999711513519287,0,False
206,24.6583607820794,24.64,0.1999999999999993,332,0.4524938480120869,-0.1686072945228884,-0.6493168654514082,2.3976602019187765,0.4036670923233032,0.0014943411826703263,-0.0101515627131792,0.0014943411826703263,0.0,-0.0,False,False,63,1.0,50,0.068,0.1,0.126,0.32288485765457153,-0.9999331831932068,0,False
207,24.758684827946126,24.740000000000002,0.10000000000000142,167,0.45798988982314703,-0.17374372531260454,-0.8505890208135385,2.390189740455178,0.4024093747138977,0.0026644212510481846,-0.007487141462131017,0.0026644212510481846,0.0,-0.0,False,False,63,1.0,50,0.088,0.1,0.126,0.351724773645401,-0.9999231696128845,0,False
208,24.958373515866697,24.94,0.1999999999999993,332,0.4665603969968449,-0.18886972563395613,-1.2503035902525048,2.3731054985525475,0.39953309297561646,0.006093280502847227,-0.0013938609592837898,0.006093280502847227,0.0,-0.0,False,False,63,1.0,50,0.128,0.1,0.126,0.4070812165737152,-0.9999703168869019,0,False
209,25.158991469070315,25.14,0.1999999999999993,333,0.4688230656213433,-0.20744068395128434,-1.6492232321690405,2.3574926199901722,0.39690452814102173,0.005568502780494743,0.004174641821210953,0.005568502780494743,0.0,-0.0,False,False,63,1.0,50,0.168,0.1,0.126,0.4012989401817322,-0.9999809265136719,0,False
210,25.259034985676408,25.240000000000002,0.10000000000000142,165,0.46721889991757554,-0.21642000233314557,-1.8487743661457121,2.3517176250897305,0.39593225717544556,0.002059714679261588,0.006234356500472542,0.002059714679261588,0.0,-0.0,False,False,63,1.0,50,0.188,0.1,0.126,0.3775536119937897,-0.9999752044677734,0,False
211,25.45867622178048,25.44,0.1999999999999993,337,0.46024759832325407,-0.23073534441840252,-2.1509694342108516,2.3454498155190207,0.39487701654434204,-0.00026451761392555246,0.005969838886546989,0.0022354823860744476,0.0,-0.0025,True,True,64,1.0,50,0.028,0.1,0.128,0.8995102047920227,0.33998990058898926,0,False
212,25.658787186723202,25.64,0.1999999999999993,341,0.4440736752737814,-0.2540460488279608,-2.1604347820532803,2.338645291120634,0.39373141527175903,0.002426907561022904,0.008396746447569894,0.002426907561022904,0.0,-0.0,False,False,64,1.0,50,0.068,0.1,0.128,0.9006927013397217,0.33821067214012146,0,False
213,25.759004943072796,25.740000000000002,0.10000000000000142,173,0.43373126285821123,-0.2707436992052605,-2.0902323108150127,2.333136352416102,0.39280393719673157,0.0019648228461653446,0.010361569293735239,0.0019648228461653446,0.0,-0.0,False,False,64,1.0,50,0.088,0.1,0.128,0.8966532349586487,0.34444570541381836,0,False
214,25.958806938957423,25.94,0.1999999999999993,343,0.41667825828281935,-0.3058881856527245,-1.9513837757764176,2.318819236564346,0.39039352536201477,0.005106354930684964,0.015467924224420202,0.005106354930684964,0.0,-0.0,False,False,64,1.0,50,0.128,0.1,0.128,0.8897948265075684,0.35866808891296387,0,False
215,26.059944689739496,26.04,0.10099999999999909,168,0.41010260840656304,-0.324130972747562,-1.8794175501919954,2.310045577686051,0.38891640305519104,0.003129220768848657,0.01859714499326886,0.003129220768848657,0.0,-0.0,False,False,64,1.0,50,0.148,0.1,0.128,0.8830180168151855,0.37555447220802307,0,False
216,26.15995539771393,26.14,0.10000000000000142,173,0.40493639074277793,-0.34265802492802677,-1.8038024880517074,2.300219554147288,0.38726210594177246,0.0035045580594387114,0.02210170305270757,0.0035045580594387114,0.0,-0.0,False,False,64,1.0,50,0.168,0.1,0.128,0.8754941821098328,0.39241811633110046,0,False
217,26.360115899704397,26.34,0.1999999999999993,346,0.39906451618468386,-0.3802961067784944,-1.6469144090401302,2.2773746557020798,0.38341596722602844,0.005647881250983611,0.027749584303691184,0.008147881250983612,0.0,-0.0025,True,True,65,1.0,50,0.008,0.1,0.13,0.9873847961425781,-0.05110346898436546,0,False
218,26.56022782297805,26.54,0.1999999999999993,344,0.3955282180174801,-0.4229580750947106,-1.6651172684238509,2.2497534909374832,0.37876570224761963,0.009851388530159658,0.037600972833850846,0.009851388530159658,0.0,-0.0,False,False,65,1.0,50,0.048,0.1,0.13,0.9885498285293579,-0.050714947283267975,0,False
219,26.660538668744266,26.64,0.10000000000000142,173,0.3933859002801026,-0.4446212350891879,-1.6740332893227263,2.236160019615919,0.37647712230682373,0.00484825924625586,0.0424492320801067,0.00484825924625586,0.0,-0.0,False,False,65,1.0,50,0.068,0.1,0.13,0.9891267418861389,-0.05098209157586098,0,False
220,26.860773771069944,26.84,0.1999999999999993,345,0.3884437299727694,-0.4879299071977618,-1.6945381572223734,2.209857452724465,0.37204885482788086,0.00938109627152114,0.05183032835162785,0.00938109627152114,0.0,-0.0,False,False,65,1.0,50,0.108,0.1,0.13,0.990207850933075,-0.04910077527165413,0,False
221,27.06081557366997,27.04,0.1999999999999993,337,0.38264455100540745,-0.5311863243098611,-1.7137330666602641,2.184777363603439,0.3678264021873474,0.008945086291905609,0.060775414643533456,0.008945086291905609,0.0,-0.0,False,False,65,1.0,50,0.148,0.1,0.13,0.9911501407623291,-0.04695834964513779,0,False
222,27.160801680758595,27.14,0.10000000000000142,169,0.37943771382314906,-0.5527829770235578,-1.7230869495582144,2.172707829600962,0.3657943904399872,0.004304730443112024,0.06508014508664547,0.004304730443112024,0.0,-0.0,False,False,65,1.0,50,0.168,0.1,0.13,0.9916127324104309,-0.0465816855430603,0,False
223,27.3608924029395,27.34,0.1999999999999993,334,0.37243317171057094,-0.5958299630508023,-1.7401918891077925,2.149573685763793,0.36189955472946167,0.0057510437628128745,0.07083118884945835,0.008251043762812875,0.0,-0.0025,True,True,66,1.0,50,0.008,0.1,0.132,0.9636805057525635,0.2831730246543884,0,False
224,27.560812375042588,27.54,0.1999999999999993,336,0.367631286810997,-0.6376300064444297,-1.6254374208203206,2.126189063205924,0.35796254873275757,0.008340379720118854,0.0791715685695772,0.008340379720118854,0.0,-0.0,False,False,66,1.0,50,0.048,0.1,0.132,0.9526440501213074,0.2936710715293884,0,False
225,27.661117049865425,27.64,0.10000000000000142,165,0.36707701776275603,-0.6584389011363627,-1.5678467036140946,2.113344195778241,0.35580000281333923,0.004581261533572015,0.08375283010314921,0.004581261533572015,0.0,-0.0,False,False,66,1.0,50,0.068,0.1,0.132,0.9454483985900879,0.3065965473651886,0,False
226,27.86124500213191,27.84,0.1999999999999993,339,0.3697324085372103,-0.6994202559838637,-1.4418859634529317,2.085492732204011,0.35111096501350403,0.00993352710291956,0.09368635720606877,0.00993352710291956,0.0,-0.0,False,False,66,1.0,50,0.108,0.1,0.132,0.9280216097831726,0.32762423157691956,0,False
227,28.06114786490798,28.04,0.1999999999999993,348,0.3775208794867814,-0.7390442076291446,-1.3085365390286536,2.054859627204281,0.3459536135196686,0.010925629741158611,0.10461198694722738,0.010925629741158611,0.0,-0.0,False,False,66,1.0,50,0.148,0.1,0.132,0.9165967106819153,0.3452681303024292,0,False
228,28.1614474686794,28.14,0.10000000000000142,174,0.3833566310474352,-0.7581933216609544,-1.2392729331573273,2.0385337251175373,0.3432050049304962,0.005822810367794624,0.11043479731502201,0.005822810367794624,0.0,-0.0,False,False,66,1.0,50,0.168,0.1,0.132,0.9148840308189392,0.3534936308860779,0,False
229,28.36139378976077,28.34,0.1999999999999993,348,0.39907583933027335,-0.7951339362503949,-1.0975660699121874,2.0036617766931513,0.337334007024765,0.009937459305577321,0.12037225662059933,0.012437459305577322,0.0,-0.0025,True,True,67,1.0,50,0.008,0.1,0.134,0.8349708914756775,-0.5464879274368286,0,False
230,28.56131523195654,28.54,0.1999999999999993,334,0.41559031625953347,-0.8316802047416507,-1.246226723658392,1.9685844888228197,0.3314284384250641,0.012510695850082878,0.13288295247068221,0.012510695850082878,0.0,-0.0,False,False,67,1.0,50,0.048,0.1,0.134,0.8566325306892395,-0.5166272521018982,0,False
231,28.661635166034102,28.64,0.10000000000000142,168,0.4207773120778203,-0.8500369399289575,-1.3473465743952135,1.9535504550778928,0.3288973271846771,0.005362051486932253,0.13824500395761447,0.005362051486932253,0.0,-0.0,False,False,67,1.0,50,0.068,0.1,0.134,0.8675100207328796,-0.49372419714927673,0,False
232,28.861680595669895,28.84,0.1999999999999993,335,0.42570134562328155,-0.8884956771941713,-1.5384234148368994,1.9271372527090975,0.32445043325424194,0.009420555616621073,0.14766555957423555,0.009420555616621073,0.0,-0.0,False,False,67,1.0,50,0.108,0.1,0.134,0.8870441317558289,-0.4535311460494995,0,False
233,29.061844186857343,29.04,0.1999999999999993,337,0.4234868792607042,-0.9279894658409852,-1.7131121467450237,1.9064627568041759,0.32096970081329346,0.0073737836025523276,0.15503934317678789,0.0073737836025523276,0.0,-0.0,False,False,67,1.0,50,0.148,0.1,0.134,0.9035438299179077,-0.4012453556060791,0,False
234,29.161962301004678,29.14,0.10000000000000142,168,0.4198679273755998,-0.9477035430716465,-1.792104478318267,1.898458589797884,0.31962212920188904,0.0028547731318099355,0.15789411630859781,0.0028547731318099355,0.0,-0.0,False,False,67,1.0,50,0.168,0.1,0.134,0.9075254797935486,-0.36996349692344666,0,False
235,29.36161944270134,29.34,0.1999999999999993,325,0.4083667583071454,-0.9859763012818012,-1.9332902149618143,1.88720439500922,0.31772738695144653,0.0015139308534640014,0.1594080471620618,0.0040139308534640015,0.0,-0.0025,True,True,68,1.0,50,0.008,0.1,0.136,0.9229044318199158,0.39088013768196106,0,False
236,29.561645631678402,29.54,0.1999999999999993,345,0.3948044062399838,-1.0219038286140507,-1.871200889628231,1.8797141076680823,0.3164663314819336,0.00267149236568998,0.16207953952775178,0.00267149236568998,0.0,-0.0,False,False,68,1.0,50,0.048,0.1,0.136,0.9246946573257446,0.3937821388244629,0,False
237,29.661983395926654,29.64,0.10000000000000142,172,0.3895737221328581,-1.0414126604753142,-1.792754619944324,1.8741297598221949,0.31552615761756897,0.0019917183357854363,0.1640712578635372,0.0019917183357854363,0.0,-0.0,False,False,68,1.0,50,0.068,0.1,0.136,0.927825927734375,0.3981437087059021,0,False
238,29.862099355086684,29.84,0.1999999999999993,353,0.3837993494994744,-1.081542371006104,-1.6329947047467073,1.8589429606101553,0.3129693269729614,0.0054165369506462184,0.16948779481418344,0.0054165369506462184,0.0,-0.0,False,False,68,1.0,50,0.108,0.1,0.136,0.9339653849601746,0.40361955761909485,0,False
239,30.06217495398596,30.04,0.1999999999999993,351,0.384525885865423,-1.1223795668062357,-1.471797606020393,1.8384706178494312,0.3095226287841797,0.007301683487185855,0.1767894783013693,0.007301683487185855,0.0,-0.0,False,False,68,1.0,50,0.148,0.1,0.136,0.941425085067749,0.40600940585136414,0,False
240,30.162288597784936,30.14,0.10000000000000142,167,0.38737170921806713,-1.142755066575782,-1.3905671173137,1.8263184170182851,0.3074766993522644,0.004334214465770668,0.18112369276713997,0.004334214465770668,0.0,-0.0,False,False,68,1.0,50,0.168,0.1,0.136,0.9456992745399475,0.4097236096858978,0,False
241,30.36194037878886,30.34,0.1999999999999993,337,0.39799710862024945,-1.1825635722328753,-1.2284410359082136,1.7985037729309148,0.30279386043548584,0.007420395032870217,0.1885440878000102,0.009920395032870217,0.0,-0.0025,True,True,69,1.0,50,0.008,0.1,0.138,0.9849132299423218,-0.5501117706298828,0,False
242,30.562510993797332,30.54,0.1999999999999993,339,0.4103094741539574,-1.2223240017239245,-1.3652457119862205,1.7697164217267614,0.2979472577571869,0.010267321594988412,0.1988114093949986,0.010267321594988412,0.0,-0.0,False,False,69,1.0,50,0.048,0.1,0.138,0.9893070459365845,-0.5462976098060608,0,False
243,30.662643427960575,30.64,0.10000000000000142,170,0.4136688440643345,-1.244021483498595,-1.4725743066264303,1.7572563887434614,0.2958495020866394,0.004444006147576584,0.2032554155425752,0.004444006147576584,0.0,-0.0,False,False,69,1.0,50,0.068,0.1,0.138,0.9915748238563538,-0.533553957939148,0,False
244,30.862584966700524,30.84,0.1999999999999993,340,0.4134023453800743,-1.2879986672936041,-1.680196311742463,1.7390335750164183,0.2927815318107605,0.006499364515139053,0.20975478005771425,0.006499364515139053,0.0,-0.0,False,False,69,1.0,50,0.108,0.1,0.138,0.9945559501647949,-0.4977836608886719,0,False
245,31.062782833818346,31.04,0.1999999999999993,343,0.4043470668596016,-1.3311437416729306,-1.8744790167458782,1.7301668053203936,0.29128873348236084,0.00316242975368462,0.21291720981139886,0.00316242975368462,0.0,-0.0,False,False,69,1.0,50,0.148,0.1,0.138,0.9959675669670105,-0.46675196290016174,0,False
246,31.162826217710972,31.14,0.10000000000000142,171,0.3967917553269897,-1.351894552092947,-1.9669822190545168,1.7292533988194654,0.29113495349884033,0.0003257763531446322,0.21324298616454349,0.0003257763531446322,0.0,-0.0,False,False,69,1.0,50,0.168,0.1,0.138,0.9961972236633301,-0.4459814429283142,0,False
247,31.36257789703086,31.34,0.1999999999999993,338,0.3763602642772266,-1.3908769529957756,-2.141102427996427,1.7341387074653207,0.29195743799209595,-0.004242398409706318,0.20900058775483718,-0.0017423984097063177,0.0,-0.0025,True,True,70,1.0,50,0.008,0.1,0.14,0.998981237411499,0.9970323443412781,0,False
248,31.562509464100003,31.54,0.1999999999999993,344,0.3535769712181268,-1.4269598025385641,-2.039556840782051,1.7432968467544712,0.29349929094314575,-0.0032663498849397274,0.20573423786989745,-0.0032663498849397274,0.0,-0.0,False,False,70,1.0,50,0.048,0.1,0.14,0.9988590478897095,0.9966209530830383,0,False
249,31.662838415708393,31.64,0.09999999999999787,171,0.34585449468641166,-1.4469737885048561,-1.8370984682848837,1.7441431639019396,0.2936417758464813,-0.00030184820627601576,0.20543238966362143,-0.00030184820627601576,0.0,-0.0,False,False,70,1.0,50,0.068,0.1,0.14,0.9986600279808044,0.9954568147659302,0,False
250,31.76266604103148,31.740000000000002,0.10000000000000142,170,0.34220485978764664,-1.4682114924007916,-1.638755154022771,1.741000762311925,0.29311272501945496,0.0011207716707408392,0.20655316133436227,0.0011207716707408392,0.0,-0.0,False,False,70,1.0,50,0.088,0.1,0.14,0.9985079765319824,0.9968647360801697,0,False
251,31.86303757270798,31.840000000000003,0.10000000000000142,171,0.3428245662363643,-1.4897469390441727,-1.4406815675652165,1.7339517777628053,0.29192596673965454,0.0025140969299556302,0.2090672582643179,0.0025140969299556302,0.0,-0.0,False,False,70,1.0,50,0.108,0.1,0.14,0.9984096884727478,0.9980717301368713,0,False
252,31.962993846740574,31.939999999999998,0.10000000000000142,170,0.3476923899404265,-1.5107339580648713,-1.2418452618759812,1.723224207846285,0.29011988639831543,0.0038261043707885837,0.2128933626351065,0.0038261043707885837,0.0,-0.0,False,False,70,1.0,50,0.128,0.1,0.14,0.9982136487960815,0.9986444115638733,0,False
253,32.163137822877616,32.14,0.19999999999999574,340,0.36922926936628386,-1.5477881676690477,-0.8443893293469154,1.6923087611083802,0.2849150002002716,0.011026329989853523,0.22391969262496003,0.011026329989853523,0.0,-0.0,False,False,70,1.0,50,0.168,0.1,0.14,0.9966809749603271,0.9816343188285828,0,False
254,32.26319087576121,32.24,0.10000000000000142,169,0.38500501441436297,-1.5624199034774007,-0.6499114685333228,1.6732259999430603,0.2817022502422333,0.0068060741127313916,0.23072576673769143,0.0068060741127313916,0.0,-0.0,False,False,70,1.0,50,0.188,0.1,0.14,0.9947656393051147,0.9459019899368286,0,False
255,32.363187248818576,32.34,0.10000000000000142,162,0.4032679630539285,-1.5737916962215956,-0.4640718711635489,1.6526362950679727,0.2782357931137085,0.004843541960467839,0.23556930869815929,0.007343541960467838,0.0,-0.0025,True,True,71,1.0,50,0.008,0.1,0.142,0.9908087253570557,-0.8016269207000732,0,False
256,32.46353633981198,32.44,0.10000000000000142,169,0.4229675658739174,-1.5822100216046309,-0.35680939755819713,1.63143482025738,0.27466633915901184,0.0075617363551320265,0.2431310450532913,0.0075617363551320265,0.0,-0.0,False,False,71,1.0,50,0.028,0.1,0.142,0.9883245229721069,-0.7724000811576843,0,False
257,32.66318466793746,32.64,0.19999999999999574,337,0.4630913508682119,-1.59937720018478,-0.5114983134941066,1.5882653880491753,0.2673983871936798,0.015396847053116149,0.2585278921064075,0.015396847053116149,0.0,-0.0,False,False,71,1.0,50,0.068,0.1,0.142,0.9915932416915894,-0.8031391501426697,0,False
258,32.76359329884872,32.74,0.10000000000000142,170,0.48174118218625245,-1.6119049093006992,-0.6789489359918726,1.567076127395281,0.2638309895992279,0.007557380043433064,0.2660852721498405,0.007557380043433064,0.0,-0.0,False,False,71,1.0,50,0.088,0.1,0.142,0.992668092250824,-0.8028467297554016,0,False
259,32.863580151926726,32.84,0.10000000000000142,170,0.49781193551721936,-1.6271162799012073,-0.8396480355659697,1.547776166660845,0.2605816721916199,0.00688354069903147,0.272968812848872,0.00688354069903147,0.0,-0.0,False,False,71,1.0,50,0.108,0.1,0.142,0.9937536716461182,-0.7796812057495117,0,False
260,32.96324736671522,32.94,0.10000000000000142,167,0.5113008327313018,-1.6446617577419929,-0.9944728537468993,1.53051968744709,0.2576763927936554,0.006154710811298628,0.2791235236601706,0.006154710811298628,0.0,-0.0,False,False,71,1.0,50,0.128,0.1,0.142,0.994471549987793,-0.735948920249939,0,False
261,33.163781699724495,33.14,0.19999999999999574,338,0.5298438416758703,-1.6847008616556118,-1.2768315194870006,1.5035865868431735,0.25314196944236755,0.00960598297111444,0.28872950663128505,0.00960598297111444,0.0,-0.0,False,False,71,1.0,50,0.168,0.1,0.142,0.9959902763366699,-0.6371811032295227,0,False
262,33.263263415079564,33.24,0.10000000000000142,168,0.5349084115939833,-1.706231697894826,-1.4031402960951542,1.4942533779746785,0.2515706419944763,0.0033287903526257726,0.29205829698391084,0.0033287903526257726,0.0,-0.0,False,False,71,1.0,50,0.188,0.1,0.142,0.9968733191490173,-0.6079887747764587,0,False
263,33.36351810581982,33.34,0.10000000000000142,169,0.5372799209093628,-1.7282430795657442,-1.524185866377463,1.4877506671584781,0.25047585368156433,-0.00018073753240952254,0.2918775594515013,0.0023192624675904775,0.0,-0.0025,True,True,72,1.0,50,0.008,0.1,0.144,0.9236451983451843,0.5685509443283081,0,False
264,33.463820966891944,33.44,0.10000000000000142,169,0.5374068407715765,-1.7503012790003745,-1.5793242998011392,1.4837547792420633,0.2498031109571457,0.001425176842579377,0.29330273629408066,0.001425176842579377,0.0,-0.0,False,False,72,1.0,50,0.028,0.1,0.144,0.9375346899032593,0.555303156375885,0,False
265,33.66349139297381,33.64,0.19999999999999574,339,0.5402183473411585,-1.7917283130397001,-1.3930399094774684,1.4745641573767656,0.24825578927993774,0.0032779351486610345,0.2965806714427417,0.0032779351486610345,0.0,-0.0,False,False,72,1.0,50,0.068,0.1,0.144,0.8990375995635986,0.5847075581550598,0,False
266,33.763831813819706,33.74,0.10000000000000142,169,0.5447834841631322,-1.8105766445028952,-1.2739306066391896,1.4674932227489415,0.24706533551216125,0.0025219256640234286,0.2991025971067651,0.0025219256640234286,0.0,-0.0,False,False,72,1.0,50,0.088,0.1,0.144,0.8659863471984863,0.6021570563316345,0,False
267,33.86391312582418,33.84,0.10000000000000142,170,0.5513331676861755,-1.828150177044737,-1.152615867330938,1.4588241807780207,0.24560582637786865,0.0030919080121221353,0.30219450511888724,0.0030919080121221353,0.0,-0.0,False,False,72,1.0,50,0.108,0.1,0.144,0.8490787744522095,0.6134034395217896,0,False
268,33.96400635782629,33.94,0.10000000000000142,170,0.5598172982405849,-1.8444997193238903,-1.0295788727897726,1.4485532256035827,0.2438766211271286,0.0036632477616922983,0.30585775288057954,0.0036632477616922983,0.0,-0.0,False,False,72,1.0,50,0.128,0.1,0.144,0.844471275806427,0.6234198808670044,0,False
269,34.16386406309903,34.14,0.19999999999999574,335,0.5823957761669305,-1.8732764914047606,-0.7776005500541715,1.423256999014023,0.23961777985095978,0.009022174068492764,0.3148799269490723,0.009022174068492764,0.0,-0.0,False,False,72,1.0,50,0.168,0.1,0.144,0.8483144044876099,0.631155252456665,0,False
270,34.264843619894236,34.24,0.10099999999999909,171,0.5962799675532982,-1.8853600682991913,-0.6516476600313141,1.408393520920965,0.23711538314819336,0.005301220960526306,0.3201811479095986,0.005301220960526306,0.0,-0.0,False,False,72,1.0,50,0.188,0.1,0.144,0.8522560596466064,0.6172064542770386,0,False
271,34.36502326093614,34.34,0.10000000000000142,170,0.6120020115158639,-1.8959050294366344,-0.5306196849185443,1.3918959125733883,0.23433786630630493,0.003384051271389525,0.32356519918098814,0.005884051271389525,0.0,-0.0025,True,True,73,1.0,50,0.008,0.1,0.146,0.984933078289032,-0.11895693093538284,0,False
272,34.46491646301001,34.44,0.10000000000000142,170,0.630240129205555,-1.90622098739272,-0.5193293999371565,1.3729663594170902,0.23115091025829315,0.006751430811637114,0.33031662999262523,0.006751430811637114,0.0,-0.0,False,False,73,1.0,50,0.028,0.1,0.146,0.9847286939620972,-0.10954584181308746,0,False
273,34.565028744749725,34.54,0.10000000000000142,171,0.6489324136472098,-1.9172006313202758,-0.5412803434673459,1.3536024071225603,0.22789081931114197,0.006906363984237192,0.33722299397686245,0.006906363984237192,0.0,-0.0,False,False,73,1.0,50,0.048,0.1,0.146,0.9825323224067688,-0.12522132694721222,0,False
274,34.66503091575578,34.64,0.10000000000000142,169,0.6673686108684928,-1.9286006820672317,-0.5678826702123816,1.3345427466449091,0.22468195855617523,0.006797835001474561,0.344020828978337,0.006797835001474561,0.0,-0.0,False,False,73,1.0,50,0.068,0.1,0.146,0.9795520305633545,-0.14526832103729248,0,False
275,34.86508572008461,34.84,0.19999999999999574,341,0.7030210402995302,-1.9528898869647542,-0.6319841077482808,1.2978342492966608,0.2185017615556717,0.013092484434235344,0.35711331341257235,0.013092484434235344,0.0,-0.0,False,False,73,1.0,50,0.108,0.1,0.146,0.9819745421409607,-0.1954200118780136,0,False
276,34.96557372901589,34.94,0.10000000000000142,173,0.7201157778921543,-1.9658853024254226,-0.6689729164237458,1.280338797451849,0.21555624902248383,0.006239942996714444,0.3633532564092868,0.006239942996714444,0.0,-0.0,False,False,73,1.0,50,0.128,0.1,0.146,0.9834008812904358,-0.22652873396873474,0,False
277,35.06567509006709,35.04,0.10000000000000142,173,0.7368723279054218,-1.9797566709645966,-0.7161274044841027,1.263289870393586,0.21268591284751892,0.006080685079891276,0.3694339414891781,0.006080685079891276,0.0,-0.0,False,False,73,1.0,50,0.148,0.1,0.146,0.9852344393730164,-0.26224666833877563,0,False
278,35.16561738168821,35.14,0.10000000000000142,169,0.7529436814385536,-1.9944801621826496,-0.77006528378903,1.2470684967058345,0.2099549025297165,0.005785529178544134,0.3752194706677222,0.005785529178544134,0.0,-0.0,False,False,73,1.0,50,0.168,0.1,0.146,0.9874480366706848,-0.3022924065589905,0,False
279,35.36575773404911,35.34,0.19999999999999574,346,0.7823435591668394,-2.0267936576397836,-0.8994720591024238,1.217951186254059,0.20505274832248688,0.007885005145814267,0.38310447581353646,0.010385005145814268,0.0,-0.0025,True,True,74,1.0,50,0.008,0.1,0.148,0.8054376244544983,0.41496869921684265,0,False
280,35.465750694740564,35.44,0.10000000000000142,173,0.7949872131854715,-2.0418985032860344,-0.8351065715124796,1.205741012432786,0.20299705862998962,0.004354891162603058,0.38745936697613953,0.004354891162603058,0.0,-0.0,False,False,74,1.0,50,0.028,0.1,0.148,0.8080287575721741,0.40736091136932373,0,False
281,35.56598034501076,35.54,0.10000000000000142,168,0.8073121216943805,-2.054489287873838,-0.7533302705065046,1.1939319585981611,0.2010089010000229,0.0042118273610088795,0.3916711943371484,0.0042118273610088795,0.0,-0.0,False,False,74,1.0,50,0.048,0.1,0.148,0.8109473586082458,0.3954508602619171,0,False
282,35.66600772598758,35.64,0.10000000000000142,174,0.8206634658690696,-2.06609535939851,-0.6759216240719766,1.1811871941503762,0.1988632082939148,0.004545558718125591,0.396216753055274,0.004545558718125591,0.0,-0.0,False,False,74,1.0,50,0.068,0.1,0.148,0.8127551078796387,0.3833802044391632,0,False
283,35.86607524799183,35.84,0.19999999999999574,347,0.8501052517463105,-2.08626655174909,-0.5276253442183025,1.1531261427278716,0.19413888454437256,0.010008278886276726,0.4062250319415507,0.010008278886276726,0.0,-0.0,False,False,74,1.0,50,0.108,0.1,0.148,0.8300554752349854,0.3527938723564148,0,False
284,35.96613581897691,35.94,0.10000000000000142,172,0.8661161299949517,-2.094862956070298,-0.45734480747933165,1.1378451705975194,0.19156619906425476,0.005450124745195184,0.41167515668674587,0.005450124745195184,0.0,-0.0,False,False,74,1.0,50,0.128,0.1,0.148,0.8388552069664001,0.3457179665565491,0,False
285,36.066130079794675,36.04,0.10000000000000142,171,0.8828515353253871,-2.1024061782411723,-0.3883598953668024,1.1218323226574602,0.18887029588222504,0.005711156204899969,0.41738631289164585,0.005711156204899969,0.0,-0.0,False,False,74,1.0,50,0.148,0.1,0.148,0.8453413844108582,0.3400147557258606,0,False
286,36.16677697794512,36.14,0.10099999999999909,173,0.9001919089220313,-2.108836173692943,-0.320777899466224,1.1051801786751334,0.18606676161289215,0.005939168084625054,0.42332548097627093,0.005939168084625054,0.0,-0.0,False,False,74,1.0,50,0.168,0.1,0.148,0.8513633608818054,0.3281432092189789,0,False
287,36.266761467792094,36.24,0.10000000000000142,172,0.9180437302249645,-2.1141396663217074,-0.25555141604946763,1.0879601649147101,0.18316762149333954,0.006141705011153724,0.42946718598742467,0.006141705011153724,0.0,-0.0,False,False,74,1.0,50,0.188,0.1,0.148,0.8569656014442444,0.31634172797203064,0,False
288,36.36701682768762,36.34,0.10000000000000142,173,0.9361005598352511,-2.11827372107014,-0.19304396672946067,1.0704534725054005,0.18022021651268005,0.0037439520661765933,0.4332111380536013,0.006243952066176593,0.0,-0.0025,True,True,75,5.0,10,0.008,0.5,0.15,0.9224300384521484,-0.23375028371810913,0,False
289,36.567569735925645,36.54,0.19999999999999574,343,0.9741411397088372,-2.1263382651610407,-0.2555141170052206,1.0336091147909772,0.17401714622974396,0.01064094051001803,0.4438520785636193,0.01314094051001803,0.0,-0.0025,True,True,76,5.0,10,0.008,0.5,0.152,0.8862411975860596,-0.781709611415863,0,False
290,36.66757594700903,36.64,0.10000000000000142,169,0.9932636555783577,-2.132494883161299,-0.3916322853529166,1.0154176330311173,0.17095445096492767,0.006488189628606698,0.450340268192226,0.006488189628606698,0.0,-0.0,False,False,76,5.0,10,0.028,0.5,0.152,0.8866114020347595,-0.8585414886474609,0,False
291,36.76767878700048,36.74,0.10000000000000142,168,1.0109347789397527,-2.1416034355798397,-0.5609118127515634,0.9991504120015554,0.16821572184562683,0.0033018811311536322,0.45364214932337965,0.005801881131153632,0.0,-0.0025,True,True,77,1.0,50,0.008,0.1,0.154,0.9857028722763062,0.12511850893497467,0,False
292,36.867256458848715,36.84,0.10000000000000142,168,1.027192454793612,-2.152806558885212,-0.622126079067485,0.984735671404593,0.16578887403011322,0.005141173856801223,0.4587833231801809,0.005141173856801223,0.0,-0.0,False,False,77,1.0,50,0.028,0.1,0.154,0.9858294725418091,0.1368890255689621,0,False
293,37.067865926772356,37.04,0.19999999999999574,339,1.062547175609799,-2.176926079516123,-0.571481650812313,0.9540024634249644,0.16061466932296753,0.010961332556605035,0.4697446557367859,0.010961332556605035,0.0,-0.0,False,False,77,1.0,50,0.068,0.1,0.154,0.9848268032073975,0.13218022882938385,0,False
294,37.16743225976825,37.14,0.10000000000000142,167,1.0808803036420775,-2.188373968776725,-0.5456775918107184,0.9382247822555415,0.15795835852622986,0.005627281420955649,0.47537193715774156,0.005627281420955649,0.0,-0.0,False,False,77,1.0,50,0.088,0.1,0.154,0.9843456745147705,0.12928113341331482,0,False
295,37.267839428037405,37.24,0.10000000000000142,168,1.09949769386791,-2.1993404369377547,-0.5197471253783872,0.922302035848229,0.15527762472629547,0.0056790205142505925,0.48105095767199213,0.0056790205142505925,0.0,-0.0,False,False,77,1.0,50,0.108,0.1,0.154,0.9838452935218811,0.12636299431324005,0,False
296,37.36795314680785,37.34,0.10000000000000142,166,1.1183814995517243,-2.2098288824501857,-0.4944448918968297,0.9062446681920878,0.15257422626018524,0.005727034645368137,0.48677799231736024,0.005727034645368137,0.0,-0.0,False,False,77,1.0,50,0.128,0.1,0.154,0.9833303689956665,0.12356536835432053,0,False
297,37.56813720567152,37.54,0.19999999999999574,334,1.1568595341407195,-2.2293769692412564,-0.44577626616188315,0.8737846616821193,0.14710929989814758,0.011577214014923986,0.49835520633228425,0.011577214014923986,0.0,-0.0,False,False,77,1.0,50,0.168,0.1,0.154,0.9822537302970886,0.1183532178401947,0,False
298,37.669259279966354,37.64,0.10099999999999909,168,1.1764160481420922,-2.238443713537959,-0.42219190449360905,0.8574065396500709,0.14435189962387085,0.005841435178681696,0.504196641510966,0.005841435178681696,0.0,-0.0,False,False,77,1.0,50,0.188,0.1,0.154,0.9816744923591614,0.11590615659952164,0,False
299,37.76900912169367,37.74,0.10000000000000142,165,1.196190471388166,-2.2470584670642344,-0.40016019192592733,0.840920702917283,0.1415763646364212,0.003379852797070954,0.507576494308037,0.005879852797070954,0.0,-0.0025,True,True,78,5.0,10,0.008,0.5,0.156,0.8197282552719116,-0.3010139763355255,0,False
300,37.86939727002755,37.84,0.10000000000000142,173,1.2141669615478288,-2.254978508926941,-0.4444680329791426,0.8261644084746732,0.13909201323986053,0.005262992746993549,0.5128394870550306,0.005262992746993549,0.0,-0.0,False,False,78,5.0,10,0.028,0.5,0.156,0.8187114000320435,-0.3186160624027252,0,False
301,37.96918097091839,37.94,0.10000000000000142,171,1.230362996647414,-2.2633134665371686,-0.5071536112405497,0.8134341594015154,0.13694876432418823,0.002040381652048486,0.514879868707079,0.004540381652048486,0.0,-0.0025,True,True,79,5.0,10,0.008,0.5,0.158,0.9995576739311218,0.319033682346344,0,False
302,38.1691338699311,38.14,0.19999999999999574,344,1.2673049216523027,-2.2820328074214338,-0.4079698863306115,0.7851016527718067,0.13217873871326447,0.007605096335413808,0.5224849650424929,0.010105096335413809,0.0,-0.0025,True,True,80,5.0,10,0.008,0.5,0.16,0.9997310638427734,0.3320589065551758,0,False
303,38.26915878010914,38.24,0.10000000000000142,172,1.2876334585165772,-2.2900766160599546,-0.3423719860450302,0.769162266788702,0.12949520349502563,0.005684955199753621,0.5281699202422465,0.005684955199753621,0.0,-0.0,False,False,80,5.0,10,0.028,0.5,0.16,0.9997280240058899,0.35113298892974854,0,False
304,38.369264278095216,38.34,0.10000000000000142,173,1.3084648047692118,-2.296703597485928,-0.2741860403047261,0.752498439699968,0.12668970227241516,0.0034433349914675944,0.531613255233714,0.005943334991467594,0.0,-0.0025,True,True,81,5.0,10,0.008,0.5,0.162,0.9992020130157471,-0.0811840295791626,0,False
305,38.469349226914346,38.44,0.10000000000000142,173,1.329644476476793,-2.302718707361585,-0.29067652473118716,0.7355373129565228,0.12383414804935455,0.006049370143620042,0.5376626253773341,0.006049370143620042,0.0,-0.0,False,False,81,5.0,10,0.028,0.5,0.162,0.9992576837539673,-0.10029955953359604,0,False
306,38.66968898382038,38.64,0.19999999999999574,343,1.371732994140252,-2.3153551465471782,-0.26942504079633267,0.702971052134116,0.11835133284330368,0.009115110769957866,0.546777736147292,0.011615110769957866,0.0,-0.0025,True,True,82,5.0,10,0.028,0.5,0.164,0.9998589754104614,0.14588983356952667,0,False
307,38.769711673725396,38.74,0.10000000000000142,167,1.3929503848010063,-2.320946396739799,-0.2409095804276409,0.6866701094110607,0.11560692638158798,0.0033139083395400414,0.550091644486832,0.0058139083395400415,0.0,-0.0025,True,True,83,5.0,10,0.008,0.5,0.166,0.9999889731407166,0.08217895776033401,0,False
308,38.86941094510257,38.84,0.10000000000000142,173,1.4143140481310383,-2.326081561416366,-0.22759173290377252,0.6703411095309516,0.11285779625177383,0.00582391522945736,0.5559155597162894,0.00582391522945736,0.0,-0.0,False,False,83,5.0,10,0.028,0.5,0.166,0.9999889731407166,0.0807642787694931,0,False
309,38.96985869202763,38.94,0.10000000000000142,173,1.435759021599625,-2.330867789808165,-0.21327302353194244,0.6540958385800943,0.11012276262044907,0.003294052397085755,0.5592096121133752,0.005794052397085755,0.0,-0.0025,True,True,84,5.0,10,0.008,0.5,0.168,0.9999998807907104,-0.07915159314870834,0,False
310,39.16971505107358,39.14,0.19999999999999574,347,1.4786509257412588,-2.340956399207058,-0.2465515565602182,0.6229415077195145,0.10487765818834305,0.008611530607793268,0.5678211427211685,0.011111530607793269,0.0,-0.0025,True,True,85,5.0,10,0.008,0.5,0.17,1.0,0.10598105192184448,0,False
311,39.26998886791989,39.24,0.10000000000000142,174,1.500015175843368,-2.3459878116762654,-0.21960648091594157,0.6080233314464591,0.10236605256795883,0.005320729660743701,0.5731418723819122,0.005320729660743701,0.0,-0.0,False,False,85,5.0,10,0.028,0.5,0.17,1.0,0.10480955243110657,0,False
312,39.37017578585073,39.34,0.10000000000000142,171,1.5214897813912884,-2.350572132175569,-0.1982039821683461,0.5931887070858918,0.09986851364374161,0.002790929963324275,0.5759328023452365,0.005290929963324275,0.0,-0.0025,True,True,86,5.0,10,0.008,0.5,0.172,1.0,0.09066710621118546,0,False
313,39.4698543259874,39.44,0.10000000000000142,173,1.543058981454362,-2.354738107640433,-0.18134337507088527,0.5784757817503996,0.09739146381616592,0.005247524683714412,0.5811803270289508,0.005247524683714412,0.0,-0.0,False,False,86,5.0,10,0.028,0.5,0.172,1.0,0.0902264192700386,0,False
314,39.67029605107382,39.64,0.19999999999999574,350,1.5863905197476105,-2.3613640750582383,-0.09972583582337728,0.5492329221589375,0.09246817231178284,0.0079297836106336,0.5891101106395844,0.0104297836106336,0.0,-0.0025,True,True,87,5.0,10,0.028,0.5,0.174,1.0,0.28836384415626526,0,False
315,39.77014816086739,39.74,0.10000000000000142,172,1.6082243015934587,-2.3629618059626605,-0.04296741690303954,0.5340687810926574,0.08991515636444092,0.0029084556767697395,0.5920185663163542,0.00540845567676974,0.0,-0.0025,True,True,88,5.0,10,0.008,0.5,0.176,1.0,0.21794626116752625,0,False
316,39.870520636904985,39.84,0.10000000000000142,173,1.6301407491614932,-2.3634877982014655,-0.002219186558421907,0.5185742382368459,0.08730651438236237,0.005526297064976026,0.5975448633813302,0.005526297064976026,0.0,-0.0,False,False,88,5.0,10,0.028,0.5,0.176,1.0,0.2169361412525177,0,False
317,39.97013414790854,39.94,0.10000000000000142,172,1.6520568343937752,-2.3630615032147952,0.03956573396093032,0.5028698862618046,0.0846625491976738,0.0031011277670234664,0.6006459911483536,0.0056011277670234665,0.0,-0.0025,True,True,89,5.0,10,0.008,0.5,0.178,1.0,0.09915458410978317,0,False
318,40.1703390837647,40.14,0.19999999999999574,346,1.6959085080311533,-2.3605398093164056,0.07835152324159089,0.4716572726317616,0.07940763235092163,0.008632317790791846,0.6092783089391455,0.011132317790791846,0.0,-0.0025,True,True,90,5.0,10,0.008,0.5,0.18,1.0,0.425081729888916,0,False
319,40.27079956000671,40.24,0.10000000000000142,173,1.7175761858677996,-2.357924507793114,0.16775785395369686,0.45593110334058873,0.07675999402999878,0.005608909149877139,0.6148872180890226,0.005608909149877139,0.0,-0.0,False,False,90,5.0,10,0.028,0.5,0.18,1.0,0.4164339303970337,0,False
320,40.37056793877855,40.34,0.10000000000000142,172,1.7389651717997718,-2.3534789737769337,0.2477651730016989,0.43941614735016477,0.07397955656051636,0.0033902384967012347,0.6182774565857239,0.005890238496701235,0.0,-0.0025,True,True,91,5.0,10,0.008,0.5,0.182,0.9999997019767761,0.2629893720149994,0,False
321,40.47047156793997,40.44,0.10000000000000142,173,1.760081630953453,-2.3476288524213005,0.29525901470062343,0.4223820897000564,0.07111172378063202,0.00607538174390985,0.6243528383296337,0.00607538174390985,0.0,-0.0,False,False,91,5.0,10,0.028,0.5,0.182,0.9999997019767761,0.25932228565216064,0,False
322,40.67094379197806,40.64,0.19999999999999574,347,1.8010755844892798,-2.3324076622551937,0.4240018372474045,0.3873832645102554,0.06521936506032944,0.009982711282537946,0.6343355496121716,0.012482711282537947,0.0,-0.0025,True,True,92,5.0,10,0.028,0.5,0.184,0.999994158744812,0.3483676016330719,0,False
323,40.77071497077122,40.74,0.10000000000000142,173,1.8206798791472876,-2.3227337765946983,0.4949231502682793,0.3692056343121585,0.06215900182723999,0.003983249318600239,0.6383187989307719,0.006483249318600239,0.0,-0.0025,True,True,93,5.0,10,0.008,0.5,0.186,0.9996107220649719,0.3567887246608734,0,False
324,40.87088403804228,40.84,0.10000000000000142,173,1.8395444685811113,-2.3116976115540107,0.5660357865383054,0.3505729382686622,0.059022024273872375,0.006645553496865077,0.644964352427637,0.006645553496865077,0.0,-0.0,False,False,93,5.0,10,0.028,0.5,0.186,0.9996315836906433,0.352131187915802,0,False
325,40.971025166101754,40.94,0.10000000000000142,172,1.8575864798910093,-2.299350757700587,0.6355741847808339,0.3315003555672577,0.05581098794937134,0.004302443852982184,0.6492667962806192,0.006802443852982184,0.0,-0.0025,True,True,94,5.0,10,0.008,0.5,0.188,0.9999977946281433,0.30866312980651855,0,False
326,41.17086233198643,41.14,0.19999999999999574,344,1.8910942406614388,-2.271425531485615,0.7573962069721563,0.2924590206708904,0.04923803731799126,0.011424516293142388,0.6606913125737616,0.013924516293142388,0.0,-0.0025,True,True,95,5.0,10,0.008,0.5,0.19,0.9906755685806274,0.28492847084999084,0,False
327,41.27103820908815,41.24,0.10000000000000142,171,1.9063784802746062,-2.2561388045617896,0.8150365598211223,0.27271244664152394,0.04591352865099907,0.007042830183330649,0.6677341427570922,0.007042830183330649,0.0,-0.0,False,False,95,5.0,10,0.028,0.5,0.19,0.9898045063018799,0.2865172326564789,0,False
328,41.37118883570656,41.34,0.10000000000000142,171,1.920726775838425,-2.2400286098874225,0.8731591752299588,0.2527804918063247,0.04255780950188637,0.004608948261980007,0.6723430910190722,0.0071089482619800075,0.0,-0.0025,True,True,96,5.0,10,0.008,0.5,0.192,0.957164466381073,0.23359064757823944,0,False
329,41.47125357296318,41.44,0.10000000000000142,173,1.9337340801539735,-2.2236338537137716,0.9215557960973958,0.23324509877610697,0.0392688550055027,0.006967510185403991,0.6793106012044762,0.006967510185403991,0.0,-0.0,False,False,96,5.0,10,0.028,0.5,0.192,0.9554519057273865,0.23297050595283508,0,False
330,41.63977698609233,41.62,0.09999999999999432,288,1.9543548247364197,-2.193491393678762,1.0414310858972207,0.1988024160038042,0.03347012773156166,1.5097843570465899,2.189094958251066,0.012284357046589872,1.5,-0.0025,True,True,97,5.0,10,0.024,0.5,0.194,0.8935843110084534,0.39506420493125916,1,True
